/*******************************************************************************
 * Size: 27 px
 * Bpp: 1
 * Opts: --bpp 1 --size 27 --no-compress --stride 1 --align 1 --font Z003-MediumItalic.ttf --range 32-1327 --format lvgl -o Z003_27.c
 ******************************************************************************/

#include "../fontsdef.h"

 // Range:  0x20-0x52F
 // 0x20 -0x7E  Basic Latin
 // 0xA0 -0xFF  Latin Supplement
 // 0x100-0x17F Latin Extended A
 // 0x38E-0x3CE Greek
 // 0x400-0x45D Cyrillic

#if TFT_FONT == 4 // Z003 MEDIUM ITALIC

/*-----------------
 *    BITMAPS
 *----------------*/

/*Store the image of the glyphs*/
static LV_ATTRIBUTE_LARGE_CONST const uint8_t glyph_bitmap[] = {
    /* U+0020 " " */
    0x0,

    /* U+0021 "!" */
    0xc, 0x31, 0x86, 0x18, 0x43, 0xc, 0x20, 0x84,
    0x0, 0x43, 0x84, 0x0,

    /* U+0022 "\"" */
    0x5a, 0xaa, 0x0,

    /* U+0023 "#" */
    0x3, 0x18, 0xc, 0x40, 0x23, 0x1, 0x8c, 0x3f,
    0xfd, 0xd1, 0x80, 0xc6, 0x3, 0x10, 0x7f, 0xfb,
    0xff, 0x1, 0x98, 0x4, 0x60, 0x31, 0x80, 0xcc,
    0x0, 0x20, 0x0,

    /* U+0024 "$" */
    0x0, 0x80, 0x40, 0x10, 0x7, 0x7, 0xc2, 0x81,
    0x20, 0x48, 0x1a, 0x7, 0x0, 0xe0, 0x1c, 0x7,
    0x82, 0x60, 0x98, 0x24, 0xa, 0x5, 0xf, 0x80,
    0x40, 0x10, 0xc, 0x0,

    /* U+0025 "%" */
    0xc, 0x8, 0x6c, 0x20, 0x8f, 0xc2, 0x11, 0x4,
    0x24, 0x18, 0xc8, 0x31, 0xa0, 0x62, 0x4e, 0x4d,
    0x26, 0xe4, 0x8c, 0x9, 0x18, 0x26, 0x30, 0x4c,
    0x41, 0x18, 0x84, 0x32, 0x8, 0x38,

    /* U+0026 "&" */
    0x0, 0x0, 0x0, 0x3, 0x80, 0x0, 0x30, 0x10,
    0x3, 0x1, 0x7, 0x60, 0x21, 0xb9, 0xfe, 0x27,
    0x23, 0x6, 0xc4, 0x60, 0x70, 0x46, 0x6, 0x8,
    0x40, 0xc0, 0xc, 0xc, 0x0, 0x80, 0xe0, 0x10,
    0x7, 0x6, 0x0, 0x3f, 0x80, 0x0,

    /* U+0027 "'" */
    0x6a, 0x0,

    /* U+0028 "(" */
    0x1, 0x2, 0x4, 0x8, 0x8, 0x10, 0x10, 0x20,
    0x20, 0x60, 0x60, 0x40, 0x40, 0xc0, 0xc0, 0xc0,
    0xc0, 0xc0, 0xc0, 0xc0, 0x60, 0x60,

    /* U+0029 ")" */
    0x3, 0x3, 0x3, 0x3, 0x1, 0x1, 0x1, 0x1,
    0x1, 0x3, 0x3, 0x2, 0x2, 0x6, 0x4, 0x4,
    0x8, 0x8, 0x10, 0x10, 0x20, 0x40,

    /* U+002A "*" */
    0xc, 0x8, 0x2b, 0x1c, 0x38, 0xd4, 0x10, 0x30,

    /* U+002B "+" */
    0x4, 0x0, 0x80, 0x10, 0x2, 0x0, 0x41, 0xff,
    0xc1, 0x0, 0x20, 0x4, 0x0, 0x80, 0x10, 0x0,

    /* U+002C "," */
    0x0, 0xc4, 0x63, 0x31, 0x10,

    /* U+002D "-" */
    0x70,

    /* U+002E "." */
    0x5d, 0x0,

    /* U+002F "/" */
    0x0, 0x4, 0x0, 0x20, 0x0, 0x80, 0x4, 0x0,
    0x10, 0x0, 0x80, 0x4, 0x0, 0x10, 0x0, 0x80,
    0x2, 0x0, 0x10, 0x0, 0x80, 0x2, 0x0, 0x10,
    0x0, 0xc0, 0x2, 0x0, 0x10, 0x0, 0x40, 0x2,
    0x0, 0x18, 0x0, 0x40, 0x2, 0x0, 0x0,

    /* U+0030 "0" */
    0x7, 0x82, 0x73, 0xc, 0x83, 0x60, 0xd8, 0x3e,
    0xf, 0x3, 0xc1, 0xf0, 0x6c, 0x1b, 0x6, 0xc3,
    0x30, 0x8e, 0x41, 0xe0,

    /* U+0031 "1" */
    0x0, 0x0, 0x60, 0x78, 0x66, 0x3, 0x0, 0xc0,
    0x30, 0xc, 0x2, 0x1, 0x80, 0x60, 0x18, 0x4,
    0x3, 0x0, 0xc1, 0xfe,

    /* U+0032 "2" */
    0x3, 0xe0, 0x46, 0x8, 0x71, 0x87, 0x18, 0x60,
    0x6, 0x0, 0xc0, 0x8, 0x3, 0x0, 0x40, 0x8,
    0x1, 0x1, 0x3c, 0x27, 0xfc, 0x83, 0xc0,

    /* U+0033 "3" */
    0x0, 0x0, 0x7c, 0x11, 0x80, 0x30, 0x6, 0x1,
    0x80, 0x40, 0x3f, 0x8, 0xe0, 0xc, 0x1, 0x80,
    0x20, 0xc, 0x1, 0x10, 0x47, 0xf0,

    /* U+0034 "4" */
    0x0, 0x40, 0x30, 0x1c, 0xa, 0x5, 0x82, 0x61,
    0x98, 0xc4, 0x23, 0x10, 0xcf, 0xfc, 0x8, 0x6,
    0x1, 0x80, 0x60, 0x10,

    /* U+0035 "5" */
    0x0, 0x8, 0x0, 0x81, 0xfc, 0xf, 0x80, 0xc0,
    0x4, 0x0, 0x60, 0x3, 0xe0, 0x1, 0x80, 0xe,
    0x0, 0x30, 0x1, 0x80, 0x8, 0x0, 0xc0, 0x4,
    0x8, 0x40, 0xfc, 0x0,

    /* U+0036 "6" */
    0x1, 0xe0, 0xc4, 0x20, 0x8, 0x3, 0x0, 0x40,
    0x18, 0x2, 0x0, 0xcf, 0x1e, 0x73, 0x6, 0x60,
    0xcc, 0x19, 0x82, 0x38, 0x83, 0xc0,

    /* U+0037 "7" */
    0x20, 0x7, 0xf9, 0xff, 0x0, 0x40, 0x10, 0x4,
    0x1, 0x0, 0x20, 0x8, 0x2, 0x0, 0xc0, 0x10,
    0x6, 0x0, 0xc0, 0x38, 0x7, 0x0,

    /* U+0038 "8" */
    0x1, 0xe0, 0xcc, 0x31, 0x86, 0x31, 0xc4, 0x19,
    0x3, 0xc0, 0x7c, 0x33, 0x8c, 0x3b, 0x7, 0x60,
    0xce, 0x19, 0xc6, 0x1f, 0x0,

    /* U+0039 "9" */
    0x1, 0xe0, 0x66, 0x8, 0x71, 0x83, 0x30, 0x33,
    0x3, 0x38, 0x31, 0x8f, 0xf, 0x60, 0x6, 0x0,
    0x40, 0x4, 0x0, 0x80, 0x10, 0x42, 0xf, 0xc0,

    /* U+003A ":" */
    0x11, 0x8e, 0x0, 0x0, 0x0, 0x47, 0x30,

    /* U+003B ";" */
    0x0, 0x30, 0xc2, 0x0, 0x0, 0x6, 0x10, 0xc3,
    0x18, 0x42, 0x0,

    /* U+003C "<" */
    0x0, 0x8, 0x3, 0xc0, 0x78, 0x1e, 0x3, 0xc0,
    0x70, 0x3, 0xc0, 0xf, 0x80, 0x1f, 0x0, 0x3c,
    0x0, 0x70, 0x0, 0x80,

    /* U+003D "=" */
    0xff, 0xe0, 0x0, 0x0, 0x0, 0x0, 0x1, 0xff,
    0xc0,

    /* U+003E ">" */
    0x10, 0x0, 0xe0, 0x3, 0xc0, 0x7, 0x80, 0xf,
    0x0, 0x1c, 0x1, 0xe0, 0x3c, 0xf, 0x1, 0xe0,
    0x38, 0x1, 0x0, 0x0,

    /* U+003F "?" */
    0x7, 0x86, 0x31, 0xc, 0x3, 0x0, 0xc0, 0x61,
    0xf0, 0xe0, 0x20, 0x8, 0x2, 0x0, 0x0, 0x20,
    0x1c, 0x6, 0x0, 0x0,

    /* U+0040 "@" */
    0x0, 0xff, 0x1, 0xc0, 0x60, 0xc0, 0xc, 0x43,
    0xe3, 0x21, 0x18, 0xd8, 0x84, 0x24, 0x63, 0x19,
    0x10, 0xc4, 0xc4, 0x33, 0x33, 0x18, 0x8c, 0xca,
    0x43, 0x3d, 0xe0, 0xc4, 0x20, 0x30, 0x0, 0xe,
    0x7, 0x1, 0xfe, 0x0,

    /* U+0041 "A" */
    0x0, 0xff, 0x0, 0xc1, 0xc0, 0x60, 0xf0, 0x10,
    0x28, 0x4, 0x16, 0x3, 0xd, 0x80, 0xe2, 0x60,
    0x11, 0x18, 0x0, 0xc6, 0x0, 0x61, 0x80, 0x1f,
    0xc0, 0x8, 0x30, 0x4, 0xc, 0x2, 0x3, 0xf,
    0x0, 0xc3, 0x80, 0x3e,

    /* U+0042 "B" */
    0x0, 0x0, 0x7, 0xf8, 0x33, 0x39, 0x86, 0x36,
    0x18, 0x68, 0x30, 0xf0, 0x63, 0x60, 0x88, 0xc3,
    0xfd, 0x6, 0x3c, 0xc, 0x38, 0x18, 0x70, 0x60,
    0xe0, 0x81, 0x82, 0x2, 0x8, 0x18, 0x7f, 0xc0,

    /* U+0043 "C" */
    0x0, 0x7c, 0x3, 0x1c, 0x8, 0x18, 0x20, 0x20,
    0x80, 0x2, 0x0, 0xc, 0x0, 0x10, 0x0, 0x60,
    0x0, 0xc0, 0x1, 0x80, 0x7, 0x0, 0xe, 0x0,
    0x1c, 0x0, 0x18, 0x4, 0x38, 0x30, 0x3f, 0x80,

    /* U+0044 "D" */
    0x0, 0x20, 0x0, 0x7f, 0x80, 0xec, 0x38, 0x43,
    0x7, 0x20, 0xc0, 0xd8, 0x60, 0x36, 0x18, 0xf,
    0x86, 0x3, 0xe1, 0x80, 0xf0, 0xc0, 0x30, 0x30,
    0xc, 0xc, 0x6, 0x3, 0x1, 0x1, 0x80, 0xc0,
    0x40, 0x40, 0x60, 0x20, 0x7f, 0xf0, 0x0,

    /* U+0045 "E" */
    0x0, 0x40, 0xf, 0xff, 0x31, 0x83, 0x61, 0x82,
    0x41, 0x80, 0xc3, 0x0, 0xc3, 0x0, 0xc3, 0x0,
    0x87, 0xf0, 0x6, 0x0, 0x6, 0x0, 0x6, 0x0,
    0x4, 0x1, 0x8, 0x3, 0x10, 0x2, 0x7f, 0xfc,

    /* U+0046 "F" */
    0x0, 0x0, 0x40, 0xff, 0xe0, 0xc6, 0x0, 0x61,
    0x80, 0x10, 0x60, 0xc, 0x18, 0x3, 0xc, 0x0,
    0xc3, 0x0, 0x38, 0xc0, 0x8, 0x7f, 0x0, 0x18,
    0x0, 0x6, 0x0, 0x1, 0x80, 0x0, 0x40, 0x0,
    0x30, 0x0, 0x8, 0x0, 0x4, 0x0, 0x2, 0x0,
    0xf, 0x0, 0x0,

    /* U+0047 "G" */
    0x0, 0xfc, 0x6, 0x1c, 0x10, 0x38, 0x40, 0x21,
    0x0, 0x6, 0x0, 0x8, 0x0, 0x30, 0x0, 0x60,
    0x1, 0xc0, 0x3, 0x83, 0xf7, 0x8, 0xce, 0x3,
    0x1c, 0x6, 0x1c, 0x3c, 0x1f, 0xb0, 0x0, 0x60,
    0x0, 0xc0, 0x1, 0x0, 0x6, 0x0, 0x8, 0x0,
    0x20, 0xf, 0x80, 0x0,

    /* U+0048 "H" */
    0x0, 0x0, 0x6, 0x0, 0x0, 0x18, 0x0, 0x0,
    0x20, 0x1, 0xf0, 0x60, 0xe, 0x60, 0x60, 0x18,
    0x60, 0xc0, 0x18, 0xc0, 0xc0, 0x18, 0xc0, 0xc0,
    0x18, 0xc1, 0xc0, 0x1, 0xff, 0x80, 0x1, 0x81,
    0x80, 0x1, 0x81, 0x80, 0x1, 0x83, 0x0, 0x3,
    0x3, 0x0, 0x2, 0x3, 0x0, 0x4, 0x3, 0x0,
    0x78, 0x7, 0x0, 0xf0, 0x7, 0xe0,

    /* U+0049 "I" */
    0xf, 0xc0, 0x60, 0xc, 0x1, 0x80, 0x60, 0xc,
    0x1, 0x80, 0x30, 0xc, 0x1, 0x80, 0x30, 0xe,
    0x1, 0x80, 0x30, 0x1f, 0x80,

    /* U+004A "J" */
    0x0, 0x0, 0xf, 0xc0, 0x8c, 0xc, 0x60, 0x63,
    0x3, 0x30, 0x19, 0x80, 0x8c, 0x0, 0xe0, 0x6,
    0x0, 0x30, 0x1, 0x80, 0xc, 0x0, 0xc0, 0x6,
    0x0, 0x20, 0x2, 0x0, 0x60, 0x3c, 0x0,

    /* U+004B "K" */
    0x3, 0xf0, 0x70, 0x63, 0x7, 0x84, 0x18, 0x40,
    0x60, 0xcc, 0x3, 0xc, 0x80, 0x18, 0x68, 0x0,
    0xc3, 0xc0, 0x0, 0x36, 0x0, 0x1, 0xb0, 0x0,
    0xd, 0xc0, 0x0, 0x46, 0x0, 0x6, 0x30, 0x0,
    0x21, 0xc0, 0x2, 0x6, 0x1, 0xf8, 0x38, 0x0,
    0x0, 0xc0, 0x0, 0x7, 0x8, 0x0, 0x1c, 0xc0,
    0x0, 0x3e,

    /* U+004C "L" */
    0x0, 0x38, 0x0, 0xc0, 0x0, 0x80, 0x1, 0x0,
    0x3, 0x0, 0x3, 0x0, 0x3, 0x0, 0x6, 0x0,
    0x6, 0x0, 0x6, 0x0, 0x6, 0x0, 0x4, 0x1,
    0xc, 0x1, 0x8, 0x2, 0x10, 0x6, 0xff, 0xfc,

    /* U+004D "M" */
    0x0, 0x0, 0x3, 0x80, 0x0, 0x3, 0x81, 0xf0,
    0x2, 0x3, 0xfc, 0x3, 0x1, 0xe, 0x3, 0x81,
    0x7, 0x3, 0xc1, 0x83, 0x81, 0xc0, 0xc2, 0xc1,
    0x60, 0x61, 0x61, 0x30, 0x38, 0xb0, 0xb0, 0x10,
    0x58, 0x98, 0x0, 0x46, 0x8c, 0x0, 0x23, 0x46,
    0x0, 0x11, 0xc7, 0x0, 0x10, 0xc3, 0x0, 0x8,
    0x61, 0x80, 0x78, 0x21, 0xc0, 0x70, 0x0, 0xfc,
    0x0,

    /* U+004E "N" */
    0x0, 0x0, 0x6, 0x0, 0x0, 0xe, 0x0, 0x0,
    0x10, 0x7, 0xe0, 0x30, 0xf, 0xe0, 0x20, 0x10,
    0x60, 0x60, 0x20, 0xe0, 0x40, 0x20, 0xb0, 0x40,
    0x60, 0xb0, 0x40, 0x70, 0xb0, 0x80, 0x21, 0x38,
    0x80, 0x1, 0x18, 0x80, 0x1, 0x18, 0x80, 0x2,
    0x1d, 0x0, 0x2, 0xd, 0x0, 0x4, 0xd, 0x0,
    0x78, 0xf, 0x0, 0xf0, 0x7, 0x0, 0x0, 0x3,
    0x0, 0x0, 0x3, 0x82, 0x0, 0x1, 0xc2, 0x0,
    0x0, 0x7c,

    /* U+004F "O" */
    0x1, 0xf0, 0xc, 0x78, 0x60, 0x31, 0x80, 0x62,
    0x0, 0xec, 0x1, 0xd0, 0x3, 0xe0, 0x6, 0xc0,
    0xd, 0x80, 0x1b, 0x0, 0x26, 0x0, 0xcc, 0x1,
    0x1c, 0x4, 0x1c, 0x30, 0x1f, 0x80,

    /* U+0050 "P" */
    0x0, 0x20, 0x0, 0xfe, 0x7, 0xc7, 0x18, 0xc3,
    0x30, 0xc3, 0x20, 0xc3, 0x61, 0x83, 0x61, 0x86,
    0x61, 0x86, 0x61, 0x88, 0x43, 0xf0, 0x3, 0x0,
    0x3, 0x0, 0x3, 0x0, 0x6, 0x0, 0x6, 0x0,
    0x7f, 0xe0,

    /* U+0051 "Q" */
    0x1, 0xf0, 0x0, 0x63, 0xc0, 0x18, 0xc, 0x3,
    0x0, 0xe0, 0x20, 0xe, 0x6, 0x0, 0xe0, 0x60,
    0xe, 0xc, 0x0, 0xc0, 0xc0, 0xc, 0xc, 0x0,
    0xc0, 0xc0, 0xc, 0xc, 0x1, 0x80, 0xc0, 0x10,
    0xe, 0x2, 0x0, 0x70, 0xc0, 0x3, 0xf0, 0x0,
    0x1, 0xc0, 0x0, 0xe, 0x2, 0x0, 0x70, 0x20,
    0x3, 0xc4, 0x0, 0xf, 0x80,

    /* U+0052 "R" */
    0x0, 0x20, 0x0, 0x7, 0xf0, 0x1, 0xf1, 0xc0,
    0x31, 0x86, 0x1, 0xc, 0x30, 0x18, 0x63, 0x80,
    0xc6, 0x18, 0x6, 0x33, 0x80, 0x31, 0xf0, 0x1,
    0xf, 0x0, 0x0, 0xcc, 0x0, 0x6, 0x60, 0x0,
    0x33, 0x0, 0x1, 0x1c, 0x0, 0x10, 0x60, 0x1,
    0x3, 0x0, 0x7e, 0x1c, 0x0, 0x0, 0x60, 0x0,
    0x3, 0x80, 0x0, 0xe, 0x30, 0x0, 0x1f, 0x0,

    /* U+0053 "S" */
    0x0, 0x78, 0x2, 0x30, 0x10, 0x80, 0x80, 0x2,
    0x0, 0xc, 0x0, 0x38, 0x0, 0xf0, 0x1, 0xe0,
    0x1, 0xc0, 0x3, 0x0, 0xc, 0x40, 0x31, 0x0,
    0x8c, 0x4, 0x3c, 0x20, 0x7f, 0x0,

    /* U+0054 "T" */
    0x0, 0x0, 0x0, 0x0, 0x43, 0xff, 0xe6, 0xc,
    0x4, 0x6, 0x6, 0x3, 0x3, 0x3, 0x1, 0x81,
    0x80, 0xc0, 0xc0, 0x60, 0x60, 0x20, 0x60, 0x0,
    0x30, 0x0, 0x18, 0x0, 0xc, 0x0, 0xc, 0x0,
    0x4, 0x0, 0x4, 0x0, 0xf, 0xf0, 0x0,

    /* U+0055 "U" */
    0xf, 0xc3, 0xcc, 0x60, 0x64, 0x10, 0x19, 0xc,
    0x6, 0xc2, 0x1, 0xb1, 0x80, 0xcc, 0x40, 0x30,
    0x30, 0xc, 0xc, 0x3, 0x7, 0x1, 0x81, 0x80,
    0x60, 0x60, 0x18, 0x18, 0xe, 0x7, 0xf, 0x80,
    0xfc, 0xf8,

    /* U+0056 "V" */
    0x0, 0x0, 0xe0, 0x0, 0x1c, 0x0, 0x3, 0x87,
    0xc0, 0x73, 0x30, 0xc, 0x86, 0x1, 0xb0, 0xc0,
    0x66, 0x18, 0x8, 0xc3, 0x2, 0x18, 0x60, 0x82,
    0x18, 0x20, 0x3, 0x8, 0x0, 0x62, 0x0, 0xc,
    0xc0, 0x1, 0xb0, 0x0, 0x3c, 0x0, 0xf, 0x0,
    0x1, 0xc0, 0x0,

    /* U+0057 "W" */
    0x0, 0x0, 0x1, 0x80, 0x0, 0x1, 0xc0, 0x0,
    0x0, 0x63, 0xf0, 0x20, 0x36, 0x38, 0x30, 0x12,
    0x18, 0x38, 0x1b, 0xc, 0x1c, 0x9, 0x86, 0x16,
    0x4, 0xc3, 0x13, 0x4, 0x61, 0x89, 0x84, 0x1,
    0x88, 0xc2, 0x0, 0xc8, 0x62, 0x0, 0x64, 0x32,
    0x0, 0x34, 0x1a, 0x0, 0x1c, 0xf, 0x0, 0xc,
    0x7, 0x0, 0xe, 0x7, 0x0, 0x6, 0x3, 0x0,
    0x0,

    /* U+0058 "X" */
    0x1, 0xc1, 0xc1, 0xf0, 0xe0, 0xc, 0x40, 0x3,
    0x20, 0x0, 0xc8, 0x0, 0x1c, 0x0, 0x6, 0x0,
    0x1, 0x80, 0x0, 0xe0, 0x0, 0x38, 0x0, 0x13,
    0x0, 0x8, 0xc0, 0x4, 0x30, 0x3, 0xc, 0x7,
    0x83, 0x83, 0xc0, 0x78,

    /* U+0059 "Y" */
    0x7, 0x80, 0x61, 0x9e, 0xc, 0x20, 0xe1, 0x2,
    0x6, 0x20, 0x60, 0x66, 0x6, 0x2, 0x40, 0x60,
    0x28, 0x6, 0x3, 0x80, 0x0, 0x30, 0x0, 0x3,
    0x0, 0x0, 0x60, 0x0, 0x6, 0x0, 0x0, 0x40,
    0x0, 0xc, 0x0, 0x0, 0x80, 0x0, 0x10, 0x0,
    0x3, 0x0, 0xf, 0xe0, 0x0, 0xf8, 0x0, 0x0,

    /* U+005A "Z" */
    0x7, 0xfe, 0xf, 0xfc, 0x8, 0x8, 0x8, 0x10,
    0x10, 0x30, 0x0, 0x60, 0x0, 0xc0, 0x1, 0x80,
    0x3, 0x1, 0x6, 0x3, 0xc, 0x3, 0x18, 0x1,
    0x30, 0x3, 0x60, 0x2, 0xff, 0xfc, 0x87, 0xf8,

    /* U+005B "[" */
    0x3, 0x80, 0x80, 0x20, 0x18, 0x6, 0x1, 0x0,
    0xc0, 0x30, 0x8, 0x2, 0x1, 0x80, 0x60, 0x10,
    0x4, 0x3, 0x0, 0xc0, 0x20, 0x18, 0x6, 0x1,
    0x80, 0x40, 0x3c, 0x0,

    /* U+005C "\\" */
    0xc0, 0x40, 0x60, 0x60, 0x20, 0x30, 0x10, 0x18,
    0x18, 0x8, 0xc, 0x4, 0x6, 0x6, 0x2, 0x3,

    /* U+005D "]" */
    0x7, 0x80, 0xc0, 0x60, 0x20, 0x30, 0x18, 0x8,
    0x4, 0x6, 0x3, 0x1, 0x0, 0x80, 0xc0, 0x60,
    0x20, 0x10, 0x18, 0x8, 0x4, 0x6, 0x3, 0x7,
    0x0,

    /* U+005E "^" */
    0x30, 0x71, 0xa2, 0x6c, 0x50, 0xc0,

    /* U+005F "_" */
    0xff, 0xfc,

    /* U+0060 "`" */
    0x99, 0x20,

    /* U+0061 "a" */
    0x7, 0xe3, 0x18, 0xc3, 0x10, 0xc6, 0x18, 0xc3,
    0x18, 0x66, 0x18, 0xef, 0x7e, 0x71, 0x8c, 0x0,

    /* U+0062 "b" */
    0x0, 0xc0, 0x60, 0x10, 0x6, 0x0, 0x80, 0x30,
    0x6, 0x0, 0xce, 0x1b, 0xc7, 0x18, 0xc3, 0x18,
    0x63, 0xc, 0xc1, 0x18, 0x63, 0x18, 0x7e, 0xf,
    0x0,

    /* U+0063 "c" */
    0x7, 0x1b, 0x32, 0x20, 0x60, 0x60, 0x60, 0xc0,
    0xc1, 0xe6, 0x70,

    /* U+0064 "d" */
    0x0, 0xe, 0x0, 0x20, 0x0, 0x80, 0x3, 0x0,
    0x4, 0x0, 0x18, 0x0, 0x30, 0x3, 0xc0, 0x9,
    0x80, 0x23, 0x0, 0x86, 0x3, 0xc, 0x6, 0x10,
    0x8, 0x60, 0x30, 0xc0, 0x67, 0xb0, 0xf3, 0x80,
    0xc4, 0x0,

    /* U+0065 "e" */
    0x7, 0x1b, 0x33, 0x22, 0x64, 0x78, 0x70, 0xc0,
    0xc1, 0xe2, 0x7c,

    /* U+0066 "f" */
    0x0, 0x0, 0x80, 0x1, 0xe0, 0x0, 0x80, 0x0,
    0x60, 0x0, 0x30, 0x0, 0xc, 0x0, 0x3, 0x0,
    0x1, 0x80, 0x0, 0x60, 0x0, 0xff, 0x0, 0xc,
    0x0, 0x3, 0x0, 0x0, 0xc0, 0x0, 0x30, 0x0,
    0x8, 0x0, 0x6, 0x0, 0x1, 0x80, 0x0, 0x60,
    0x0, 0x10, 0x0, 0xc, 0x0, 0x2, 0x0, 0x0,
    0x80, 0x0, 0x40, 0x0, 0x20, 0x0, 0x70, 0x0,
    0x0,

    /* U+0067 "g" */
    0x0, 0x7e, 0x3, 0x8, 0x4, 0x20, 0x10, 0xc0,
    0x61, 0x80, 0xc3, 0x1, 0x8c, 0x2, 0x38, 0xe,
    0xf0, 0x1f, 0x60, 0x18, 0xc0, 0x61, 0x1, 0x86,
    0x6, 0xc, 0x18, 0x10, 0x60, 0x60, 0xe1, 0x0,
    0xfc, 0x0,

    /* U+0068 "h" */
    0x1, 0xc0, 0x38, 0x4, 0x0, 0xc0, 0x18, 0x1,
    0x80, 0x18, 0x1, 0xc, 0x33, 0xc3, 0x4c, 0x38,
    0x82, 0x18, 0x61, 0x86, 0x18, 0x61, 0x4, 0x32,
    0xc3, 0xc8, 0x30,

    /* U+0069 "i" */
    0xc, 0x30, 0x80, 0x0, 0x67, 0xac, 0x30, 0xc3,
    0x8, 0x61, 0x97, 0x98,

    /* U+006A "j" */
    0x0, 0x30, 0x3, 0x0, 0x20, 0x0, 0x0, 0x0,
    0x6, 0x0, 0xe0, 0x3c, 0x0, 0xc0, 0xc, 0x0,
    0xc0, 0x8, 0x1, 0x80, 0x18, 0x1, 0x80, 0x10,
    0x3, 0x0, 0x30, 0x2, 0x0, 0x60, 0x4, 0x7,
    0x80, 0x70, 0x0,

    /* U+006B "k" */
    0x0, 0x0, 0x1, 0xc0, 0x2, 0x0, 0xc, 0x0,
    0xc, 0x0, 0x18, 0x0, 0x18, 0x0, 0x18, 0x70,
    0x18, 0xe0, 0x31, 0x20, 0x32, 0x0, 0x3c, 0x0,
    0x3c, 0x0, 0x2c, 0x0, 0x66, 0x0, 0x66, 0x0,
    0x63, 0x0, 0x43, 0x0, 0x1, 0x80, 0x1, 0xc0,
    0x0, 0xe3, 0x0, 0x3e,

    /* U+006C "l" */
    0x1, 0x81, 0x80, 0xc0, 0x20, 0x18, 0x6, 0x1,
    0x0, 0xc0, 0x30, 0xc, 0x2, 0x1, 0x80, 0x60,
    0x18, 0x6, 0x1, 0xb0, 0xf0, 0x10, 0x0,

    /* U+006D "m" */
    0x18, 0x42, 0x1c, 0xe7, 0x37, 0xbd, 0x87, 0x18,
    0xc3, 0x18, 0x41, 0x8c, 0x60, 0x86, 0x30, 0xc2,
    0x18, 0x63, 0xd, 0x31, 0x8f, 0x10, 0x82, 0x0,

    /* U+006E "n" */
    0x18, 0x67, 0x9c, 0x96, 0xc3, 0x8c, 0x30, 0x83,
    0x18, 0x21, 0x86, 0x18, 0x61, 0xb6, 0x3c, 0x41,
    0x0,

    /* U+006F "o" */
    0x3, 0x83, 0x71, 0xc, 0x83, 0x60, 0xd8, 0x34,
    0x1b, 0x6, 0xe3, 0x19, 0x87, 0x80,

    /* U+0070 "p" */
    0x2, 0x38, 0x73, 0xcf, 0xe6, 0xc, 0x30, 0xc1,
    0x86, 0x8, 0x30, 0xc1, 0x84, 0x8, 0x20, 0xc2,
    0x7, 0xe0, 0x30, 0x1, 0x0, 0x18, 0x0, 0xc0,
    0x6, 0x0, 0x30, 0x7, 0xe0, 0x0,

    /* U+0071 "q" */
    0x0, 0x20, 0x8, 0x1f, 0x8c, 0x62, 0xc, 0x43,
    0x18, 0x63, 0xc, 0x41, 0x98, 0x63, 0xbc, 0x79,
    0x86, 0x30, 0xc, 0x1, 0x80, 0x30, 0x6, 0x0,
    0xc0, 0x30, 0x1f, 0x80,

    /* U+0072 "r" */
    0x19, 0xbf, 0xe6, 0x6, 0x3, 0x1, 0x80, 0xc0,
    0xc0, 0x60, 0x30, 0x10, 0x0,

    /* U+0073 "s" */
    0x3, 0x86, 0xc6, 0x3, 0x1, 0xc0, 0x70, 0x1c,
    0x4, 0xc2, 0x72, 0x1e, 0x0,

    /* U+0074 "t" */
    0x8, 0x18, 0x10, 0x30, 0xfe, 0x30, 0x20, 0x60,
    0x60, 0x60, 0x64, 0x78, 0x60,

    /* U+0075 "u" */
    0x18, 0x63, 0x8c, 0xf0, 0xc3, 0xc, 0x30, 0x83,
    0x18, 0x21, 0x86, 0x38, 0x65, 0xa7, 0xbc, 0x63,
    0x0,

    /* U+0076 "v" */
    0x0, 0x20, 0x7, 0x7e, 0x34, 0x42, 0x88, 0x29,
    0x86, 0x10, 0x43, 0xc, 0x30, 0x83, 0x10, 0x32,
    0x3, 0xc0,

    /* U+0077 "w" */
    0x0, 0x0, 0xc0, 0x0, 0x33, 0xf3, 0xd, 0x18,
    0xc3, 0x84, 0x30, 0xe2, 0x8, 0x21, 0x86, 0x18,
    0x41, 0x84, 0x30, 0xe2, 0xc, 0x71, 0x3, 0x2e,
    0x80, 0xf1, 0xc0,

    /* U+0078 "x" */
    0x1c, 0x30, 0xf1, 0xc4, 0xc8, 0x1, 0x40, 0x6,
    0x0, 0x38, 0x1, 0x60, 0x19, 0x80, 0x46, 0x3,
    0x18, 0x8, 0x60, 0x0, 0xc0, 0x3, 0x8, 0x6,
    0x30, 0xf, 0x80,

    /* U+0079 "y" */
    0x6, 0x8, 0xf1, 0x8b, 0xc, 0x18, 0x60, 0xc3,
    0x4, 0x30, 0x61, 0x83, 0xc, 0x19, 0xe0, 0xf6,
    0x6, 0x30, 0x1, 0x80, 0xc, 0x0, 0x40, 0x6,
    0x0, 0x20, 0x42, 0x3, 0xe0, 0x0,

    /* U+007A "z" */
    0x0, 0x10, 0xfe, 0x8, 0x41, 0x8, 0x11, 0x0,
    0x20, 0x4, 0x0, 0x83, 0x10, 0x33, 0x2, 0x7c,
    0x48, 0xf8,

    /* U+007B "{" */
    0x0, 0x6, 0x4, 0xc, 0xc, 0x8, 0x8, 0x18,
    0x18, 0x10, 0x20, 0x60, 0x20, 0x20, 0x60, 0x60,
    0x40, 0xc0, 0xc0, 0x80, 0x80, 0xc0,

    /* U+007C "|" */
    0xff, 0xff, 0xff, 0xff, 0xff, 0xff, 0xf0,

    /* U+007D "}" */
    0x0, 0x3, 0x1, 0x1, 0x3, 0x3, 0x2, 0x6,
    0x6, 0x4, 0x6, 0x3, 0xc, 0x8, 0x18, 0x18,
    0x10, 0x10, 0x30, 0x30, 0x20, 0xc0,

    /* U+007E "~" */
    0x78, 0x39, 0xce, 0xf, 0x0,

    /* U+00A0 " " */
    0x0,

    /* U+00A1 "¡" */
    0x8, 0x71, 0xc0, 0x0, 0x41, 0xc, 0x30, 0x86,
    0x18, 0x63, 0xc, 0x0,

    /* U+00A2 "¢" */
    0x0, 0x1, 0x0, 0x80, 0x40, 0x20, 0x7c, 0x56,
    0x48, 0x24, 0x34, 0x12, 0x9, 0xc, 0x87, 0x89,
    0xd8, 0xf0, 0x10, 0x8, 0x8, 0x0, 0x0,

    /* U+00A3 "£" */
    0x0, 0x70, 0x8, 0x1, 0x80, 0x10, 0x3, 0x0,
    0x30, 0x3, 0x1, 0xfe, 0x6, 0x0, 0x60, 0x6,
    0x0, 0x40, 0xc, 0x20, 0x82, 0x10, 0x47, 0xfc,
    0x80, 0x0,

    /* U+00A4 "¤" */
    0x5f, 0xb7, 0xe, 0x60, 0x64, 0x3, 0xc0, 0x3c,
    0x3, 0xc0, 0x34, 0x3, 0x60, 0x67, 0xe, 0x5f,
    0xb0,

    /* U+00A5 "¥" */
    0xe, 0x3, 0x1b, 0x83, 0x90, 0xc2, 0x18, 0x72,
    0xc, 0x1a, 0x6, 0xd, 0x3, 0x3f, 0xf1, 0x82,
    0x80, 0x1, 0x80, 0xf, 0xfc, 0x0, 0x40, 0x0,
    0x20, 0x0, 0x20, 0x0, 0x10, 0x0, 0x10, 0x0,
    0x8, 0x0, 0x18, 0x0, 0x78, 0x0, 0x20, 0x0,
    0x0,

    /* U+00A6 "¦" */
    0xff, 0xfc, 0x0, 0xff, 0xfc,

    /* U+00A7 "§" */
    0x1, 0xc0, 0x48, 0x10, 0x6, 0x1, 0xc0, 0x5c,
    0x9, 0xc3, 0x38, 0x63, 0x8e, 0x30, 0xe6, 0x1c,
    0x41, 0xd0, 0x1c, 0x1, 0x80, 0x20, 0x4, 0x1,
    0x3, 0xc0, 0x0,

    /* U+00A8 "¨" */
    0x47, 0xb4, 0x80,

    /* U+00A9 "©" */
    0x3, 0xf0, 0x3, 0x3, 0x1, 0x0, 0x20, 0x87,
    0xc4, 0x43, 0x18, 0xb1, 0x82, 0x38, 0xc0, 0x86,
    0x30, 0x1, 0x8c, 0x0, 0x63, 0x0, 0x18, 0xc0,
    0x6, 0x38, 0x1, 0xc7, 0x8, 0xd0, 0xfc, 0x22,
    0x0, 0x10, 0x40, 0xc, 0xc, 0xc, 0x0, 0xfc,
    0x0,

    /* U+00AA "ª" */
    0x39, 0x29, 0xa4, 0x97, 0xe0, 0x0,

    /* U+00AB "«" */
    0x9, 0x12, 0x32, 0x64, 0x48, 0x90, 0xd8, 0xd8,
    0xc8, 0x48, 0x48,

    /* U+00AC "¬" */
    0xff, 0xfc, 0x0, 0x10, 0x0, 0x40, 0x1, 0x0,
    0x4, 0x0, 0x10, 0x0, 0x40,

    /* U+00AD "­" */
    0x70,

    /* U+00AE "®" */
    0x3, 0xf0, 0x3, 0x3, 0x1, 0x0, 0x20, 0x80,
    0x4, 0x4f, 0xf0, 0xb0, 0x86, 0x38, 0x21, 0x86,
    0x8, 0xc1, 0x87, 0xc0, 0x61, 0x98, 0x18, 0x67,
    0x6, 0x18, 0xc1, 0xc6, 0x18, 0xd7, 0xc3, 0xa2,
    0x0, 0x10, 0x40, 0x8, 0xc, 0xc, 0x0, 0xfc,
    0x0,

    /* U+00AF "¯" */
    0x7f, 0x0,

    /* U+00B0 "°" */
    0x38, 0x8a, 0x1c, 0x34, 0x47, 0x0,

    /* U+00B1 "±" */
    0x4, 0x0, 0x80, 0x10, 0x2, 0x0, 0x41, 0xff,
    0xc1, 0x0, 0x20, 0x4, 0x0, 0x80, 0x10, 0x0,
    0xf, 0xfe,

    /* U+00B2 "²" */
    0xe, 0x32, 0x22, 0x2, 0x4, 0x8, 0x10, 0x62,
    0xfc,

    /* U+00B3 "³" */
    0x0, 0x3c, 0x8, 0x21, 0xe0, 0xc0, 0x83, 0x5,
    0xf0,

    /* U+00B4 "´" */
    0x12, 0x48, 0x80,

    /* U+00B5 "µ" */
    0x6, 0x18, 0x38, 0xc3, 0xc3, 0x3, 0xc, 0xc,
    0x20, 0x31, 0x80, 0x86, 0x6, 0x38, 0x19, 0x68,
    0x7b, 0xc1, 0x8c, 0xc, 0x0, 0x30, 0x0, 0x80,
    0x6, 0x0, 0x18, 0x0,

    /* U+00B6 "¶" */
    0x1f, 0xfc, 0xe3, 0x61, 0x86, 0xc6, 0xd, 0x8c,
    0x1b, 0x18, 0x24, 0x30, 0xd8, 0x71, 0xb0, 0x63,
    0x60, 0x66, 0xc0, 0x79, 0x0, 0x36, 0x0, 0x6c,
    0x0, 0xd8, 0x1, 0xb0, 0x2, 0x40, 0xc, 0x80,
    0x1b, 0x0, 0x36, 0x0, 0x6c, 0x3, 0xde, 0x0,

    /* U+00B7 "·" */
    0xff, 0x80,

    /* U+00B8 "¸" */
    0x10, 0x8c, 0x62, 0x60,

    /* U+00B9 "¹" */
    0x0, 0x33, 0xc2, 0x8, 0x21, 0x84, 0x11, 0xf0,

    /* U+00BA "º" */
    0x19, 0xb4, 0xf2, 0xd9, 0x80,

    /* U+00BB "»" */
    0x12, 0x9, 0x86, 0xc3, 0x20, 0x98, 0x6c, 0x64,
    0x24, 0x24, 0x24, 0x24, 0x0,

    /* U+00BC "¼" */
    0x0, 0x8, 0x30, 0x21, 0xa0, 0x40, 0xc1, 0x1,
    0x4, 0x2, 0x8, 0x4, 0x20, 0x98, 0x42, 0x31,
    0xd, 0xf4, 0x28, 0x8, 0xb0, 0x22, 0x40, 0x8f,
    0xc1, 0x1, 0x4, 0x6, 0x8, 0x8,

    /* U+00BD "½" */
    0x0, 0x18, 0x30, 0x20, 0xe0, 0x80, 0xc1, 0x1,
    0x4, 0x2, 0x10, 0xc, 0x27, 0x18, 0xb3, 0xfa,
    0x66, 0x4, 0x8, 0x10, 0x20, 0x20, 0x80, 0x82,
    0x22, 0x8, 0x84, 0x3e, 0x0,

    /* U+00BE "¾" */
    0x0, 0x4, 0x1e, 0x8, 0x2, 0x8, 0x4, 0x10,
    0x1e, 0x20, 0x6, 0x20, 0x2, 0x41, 0x6, 0x42,
    0x4, 0x86, 0xf9, 0xa, 0x1, 0x16, 0x2, 0x24,
    0x6, 0x7e, 0x4, 0x4, 0x8, 0xc, 0x8, 0x8,

    /* U+00BF "¿" */
    0x1, 0x81, 0xc0, 0x40, 0x0, 0x10, 0x8, 0x4,
    0xe, 0x3e, 0x30, 0x30, 0x18, 0xc, 0x26, 0x31,
    0xe0,

    /* U+00C0 "À" */
    0x0, 0xc, 0x0, 0x1, 0x0, 0x0, 0x20, 0x0,
    0x8, 0x0, 0x2, 0x0, 0x0, 0x0, 0xf, 0xf0,
    0xc, 0x1c, 0x6, 0xf, 0x1, 0x2, 0x80, 0x41,
    0x60, 0x30, 0xd8, 0xe, 0x26, 0x1, 0x11, 0x80,
    0xc, 0x60, 0x6, 0x18, 0x1, 0xfc, 0x0, 0x83,
    0x0, 0x40, 0xc0, 0x20, 0x30, 0xf0, 0xc, 0x38,
    0x3, 0xe0,

    /* U+00C1 "Á" */
    0x0, 0x0, 0x80, 0x0, 0x40, 0x0, 0x20, 0x0,
    0x10, 0x0, 0x8, 0x0, 0x0, 0x0, 0xf, 0xf0,
    0xc, 0x1c, 0x6, 0xf, 0x1, 0x2, 0x80, 0x41,
    0x60, 0x30, 0xd8, 0xe, 0x26, 0x1, 0x11, 0x80,
    0xc, 0x60, 0x6, 0x18, 0x1, 0xfc, 0x0, 0x83,
    0x0, 0x40, 0xc0, 0x20, 0x30, 0xf0, 0xc, 0x38,
    0x3, 0xe0,

    /* U+00C2 "Â" */
    0x0, 0x1, 0x80, 0x0, 0xe0, 0x0, 0x48, 0x0,
    0x22, 0x0, 0x10, 0x0, 0x0, 0x0, 0xf, 0xf0,
    0xc, 0x1c, 0x6, 0xf, 0x1, 0x2, 0x80, 0x41,
    0x60, 0x30, 0xd8, 0xe, 0x26, 0x1, 0x11, 0x80,
    0xc, 0x60, 0x6, 0x18, 0x1, 0xfc, 0x0, 0x83,
    0x0, 0x40, 0xc0, 0x20, 0x30, 0xf0, 0xc, 0x38,
    0x3, 0xe0,

    /* U+00C3 "Ã" */
    0x0, 0xe, 0x20, 0x2, 0x38, 0x0, 0x0, 0x0,
    0x0, 0x0, 0xf, 0xf0, 0x6, 0xe, 0x1, 0x83,
    0xc0, 0x20, 0x50, 0x4, 0x16, 0x1, 0x86, 0xc0,
    0x38, 0x98, 0x2, 0x23, 0x0, 0xc, 0x60, 0x3,
    0xc, 0x0, 0x7f, 0x0, 0x10, 0x60, 0x4, 0xc,
    0x1, 0x1, 0x83, 0xc0, 0x30, 0x70, 0x7, 0xc0,

    /* U+00C4 "Ä" */
    0x0, 0x4, 0x80, 0x3, 0x70, 0x0, 0x88, 0x0,
    0x0, 0x0, 0x0, 0x0, 0x3f, 0xc0, 0x30, 0x70,
    0x18, 0x3c, 0x4, 0xa, 0x1, 0x5, 0x80, 0xc3,
    0x60, 0x38, 0x98, 0x4, 0x46, 0x0, 0x31, 0x80,
    0x18, 0x60, 0x7, 0xf0, 0x2, 0xc, 0x1, 0x3,
    0x0, 0x80, 0xc3, 0xc0, 0x30, 0xe0, 0xf, 0x80,

    /* U+00C5 "Å" */
    0x0, 0x3, 0x80, 0x1, 0x20, 0x0, 0xc8, 0x0,
    0x32, 0x0, 0x7, 0x0, 0x0, 0x0, 0xf, 0xf0,
    0xc, 0x1c, 0x6, 0xf, 0x1, 0x2, 0x80, 0x41,
    0x60, 0x30, 0xd8, 0xe, 0x26, 0x1, 0x11, 0x80,
    0xc, 0x60, 0x6, 0x18, 0x1, 0xfc, 0x0, 0x83,
    0x0, 0x40, 0xc0, 0x20, 0x30, 0xf0, 0xc, 0x38,
    0x3, 0xe0,

    /* U+00C6 "Æ" */
    0x0, 0x7f, 0xf0, 0x0, 0xe1, 0x80, 0xb, 0x8,
    0x0, 0xd8, 0x0, 0x5, 0x80, 0x0, 0x4c, 0x0,
    0x4, 0x60, 0x0, 0x7f, 0xf0, 0x4, 0x30, 0x0,
    0x41, 0x80, 0x6, 0xc, 0x2, 0x60, 0x60, 0x26,
    0x6, 0x2, 0x70, 0x30, 0x33, 0x7, 0xff, 0x0,

    /* U+00C7 "Ç" */
    0x0, 0x7c, 0x3, 0x1c, 0x8, 0x18, 0x20, 0x20,
    0x80, 0x2, 0x0, 0xc, 0x0, 0x10, 0x0, 0x60,
    0x0, 0xc0, 0x1, 0x80, 0x7, 0x0, 0xe, 0x0,
    0x1c, 0x0, 0x18, 0x4, 0x3c, 0x70, 0x3f, 0x0,
    0x10, 0x0, 0x60, 0x0, 0xc0, 0x1, 0x80, 0x4,
    0x0, 0x0,

    /* U+00C8 "È" */
    0x0, 0x0, 0x0, 0x60, 0x0, 0x20, 0x0, 0x20,
    0x0, 0x10, 0x0, 0x0, 0x0, 0x40, 0xf, 0xff,
    0x31, 0x83, 0x61, 0x82, 0x41, 0x80, 0xc3, 0x0,
    0xc3, 0x0, 0xc3, 0x0, 0x87, 0xf0, 0x6, 0x0,
    0x6, 0x0, 0x6, 0x0, 0x4, 0x1, 0x8, 0x3,
    0x10, 0x2, 0x7f, 0xfc,

    /* U+00C9 "É" */
    0x0, 0x4, 0x0, 0xc, 0x0, 0x18, 0x0, 0x10,
    0x0, 0x20, 0x0, 0x0, 0x0, 0x40, 0xf, 0xff,
    0x31, 0x83, 0x61, 0x82, 0x41, 0x80, 0xc3, 0x0,
    0xc3, 0x0, 0xc3, 0x0, 0x87, 0xf0, 0x6, 0x0,
    0x6, 0x0, 0x6, 0x0, 0x4, 0x1, 0x8, 0x3,
    0x10, 0x2, 0x7f, 0xfc,

    /* U+00CA "Ê" */
    0x0, 0x8, 0x0, 0x18, 0x0, 0x28, 0x0, 0x48,
    0x0, 0x8c, 0x0, 0x0, 0x0, 0x40, 0xf, 0xff,
    0x31, 0x83, 0x61, 0x82, 0x41, 0x80, 0xc3, 0x0,
    0xc3, 0x0, 0xc3, 0x0, 0x87, 0xf0, 0x6, 0x0,
    0x6, 0x0, 0x6, 0x0, 0x4, 0x1, 0x8, 0x3,
    0x10, 0x2, 0x7f, 0xfc,

    /* U+00CB "Ë" */
    0x0, 0x0, 0x0, 0x4c, 0x0, 0xec, 0x0, 0x0,
    0x0, 0x0, 0x0, 0x40, 0xf, 0xff, 0x31, 0x83,
    0x61, 0x82, 0x41, 0x80, 0xc3, 0x0, 0xc3, 0x0,
    0xc3, 0x0, 0x87, 0xf0, 0x6, 0x0, 0x6, 0x0,
    0x6, 0x0, 0x4, 0x1, 0x8, 0x3, 0x10, 0x2,
    0x7f, 0xfc,

    /* U+00CC "Ì" */
    0x0, 0x0, 0x60, 0x4, 0x0, 0xc0, 0x8, 0x1,
    0x0, 0x0, 0x7e, 0x3, 0x0, 0x60, 0xc, 0x3,
    0x0, 0x60, 0xc, 0x1, 0x80, 0x60, 0xc, 0x1,
    0x80, 0x70, 0xc, 0x1, 0x80, 0xfc, 0x0,

    /* U+00CD "Í" */
    0x0, 0x0, 0x8, 0x2, 0x0, 0x80, 0x20, 0x4,
    0x0, 0x0, 0x7e, 0x3, 0x0, 0x60, 0xc, 0x3,
    0x0, 0x60, 0xc, 0x1, 0x80, 0x60, 0xc, 0x1,
    0x80, 0x70, 0xc, 0x1, 0x80, 0xfc, 0x0,

    /* U+00CE "Î" */
    0x0, 0x20, 0xc, 0x2, 0x80, 0x90, 0x22, 0x8,
    0x0, 0x0, 0x7e, 0x3, 0x0, 0x60, 0xc, 0x3,
    0x0, 0x60, 0xc, 0x1, 0x80, 0x60, 0xc, 0x1,
    0x80, 0x70, 0xc, 0x1, 0x80, 0xfc, 0x0,

    /* U+00CF "Ï" */
    0x6, 0x40, 0xdc, 0x11, 0x0, 0x0, 0x0, 0x1f,
    0x80, 0xc0, 0x18, 0x3, 0x0, 0xc0, 0x18, 0x3,
    0x0, 0x60, 0x18, 0x3, 0x0, 0x60, 0x1c, 0x3,
    0x0, 0x60, 0x3f, 0x0,

    /* U+00D0 "Ð" */
    0x0, 0x20, 0x0, 0x7f, 0x80, 0xec, 0x38, 0x63,
    0x7, 0x30, 0xc0, 0xd8, 0x30, 0x36, 0x18, 0xf,
    0x86, 0x3, 0xe1, 0x80, 0xf9, 0xfe, 0x38, 0x30,
    0x8, 0xc, 0x6, 0x3, 0x1, 0x1, 0x80, 0xc0,
    0x40, 0x40, 0x20, 0x20, 0x7f, 0xf0, 0x0,

    /* U+00D1 "Ñ" */
    0x0, 0x7, 0x10, 0x0, 0x19, 0xe0, 0x0, 0x0,
    0x6, 0x0, 0x0, 0xe, 0x0, 0x0, 0x10, 0x7,
    0xe0, 0x30, 0xf, 0xe0, 0x20, 0x10, 0x60, 0x60,
    0x20, 0xe0, 0x40, 0x20, 0xb0, 0x40, 0x60, 0xb0,
    0x40, 0x70, 0xb0, 0x80, 0x21, 0x38, 0x80, 0x1,
    0x18, 0x80, 0x1, 0x18, 0x80, 0x2, 0x1d, 0x0,
    0x2, 0xd, 0x0, 0x4, 0xd, 0x0, 0x78, 0xf,
    0x0, 0xf0, 0x7, 0x0, 0x0, 0x3, 0x0, 0x0,
    0x3, 0x82, 0x0, 0x1, 0xc2, 0x0, 0x0, 0x7c,

    /* U+00D2 "Ò" */
    0x0, 0x80, 0x1, 0x0, 0x1, 0x0, 0x2, 0x0,
    0x4, 0x0, 0x0, 0x0, 0x7c, 0x3, 0x1e, 0x18,
    0xc, 0x60, 0x18, 0x80, 0x3b, 0x0, 0x74, 0x0,
    0xf8, 0x1, 0xb0, 0x3, 0x60, 0x6, 0xc0, 0x9,
    0x80, 0x33, 0x0, 0xc7, 0x1, 0x7, 0xc, 0x7,
    0xe0, 0x0,

    /* U+00D3 "Ó" */
    0x0, 0x18, 0x0, 0x20, 0x0, 0x80, 0x2, 0x0,
    0x8, 0x0, 0x0, 0x0, 0x7c, 0x3, 0x1e, 0x18,
    0xc, 0x60, 0x18, 0x80, 0x3b, 0x0, 0x74, 0x0,
    0xf8, 0x1, 0xb0, 0x3, 0x60, 0x6, 0xc0, 0x9,
    0x80, 0x33, 0x0, 0xc7, 0x1, 0x7, 0xc, 0x7,
    0xe0, 0x0,

    /* U+00D4 "Ô" */
    0x0, 0x10, 0x0, 0x60, 0x1, 0x40, 0x4, 0x80,
    0x21, 0x0, 0x0, 0x0, 0x7c, 0x3, 0x1e, 0x18,
    0xc, 0x60, 0x18, 0x80, 0x3b, 0x0, 0x74, 0x0,
    0xf8, 0x1, 0xb0, 0x3, 0x60, 0x6, 0xc0, 0x9,
    0x80, 0x33, 0x0, 0xc7, 0x1, 0x7, 0xc, 0x7,
    0xe0, 0x0,

    /* U+00D5 "Õ" */
    0x0, 0xe2, 0x2, 0x38, 0x0, 0x0, 0x0, 0x0,
    0x1f, 0x0, 0xc7, 0x86, 0x3, 0x18, 0x6, 0x20,
    0xe, 0xc0, 0x1d, 0x0, 0x3e, 0x0, 0x6c, 0x0,
    0xd8, 0x1, 0xb0, 0x2, 0x60, 0xc, 0xc0, 0x31,
    0xc0, 0x41, 0xc3, 0x1, 0xf8, 0x0,

    /* U+00D6 "Ö" */
    0x0, 0x80, 0x3, 0x30, 0x6, 0x60, 0x0, 0x0,
    0x0, 0x0, 0x3e, 0x1, 0x8f, 0xc, 0x6, 0x30,
    0xc, 0x40, 0x1d, 0x80, 0x3a, 0x0, 0x7c, 0x0,
    0xd8, 0x1, 0xb0, 0x3, 0x60, 0x4, 0xc0, 0x19,
    0x80, 0x63, 0x80, 0x83, 0x86, 0x3, 0xf0, 0x0,

    /* U+00D7 "×" */
    0x80, 0x5c, 0x19, 0xc6, 0x1d, 0x80, 0xe0, 0x1c,
    0x6, 0xc1, 0x8c, 0x60, 0xd8, 0xc, 0x0, 0x0,

    /* U+00D8 "Ø" */
    0x0, 0x0, 0x0, 0x1, 0x0, 0x2, 0x0, 0xfc,
    0x3, 0x1c, 0xc, 0xe, 0x18, 0x16, 0x30, 0x26,
    0x30, 0x66, 0x60, 0x46, 0x60, 0x86, 0x61, 0x6,
    0x62, 0x6, 0x66, 0xc, 0x64, 0xc, 0x68, 0x18,
    0x70, 0x30, 0x38, 0x40, 0x3f, 0x80, 0x40, 0x0,
    0x80, 0x0, 0x80, 0x0,

    /* U+00D9 "Ù" */
    0x0, 0x0, 0x0, 0x6, 0x0, 0x0, 0x80, 0x0,
    0x20, 0x0, 0x4, 0x0, 0x1, 0x0, 0x0, 0x0,
    0x3f, 0xf, 0x31, 0x81, 0x90, 0x40, 0x64, 0x30,
    0x1b, 0x8, 0x6, 0xc6, 0x3, 0x31, 0x0, 0xc0,
    0xc0, 0x30, 0x30, 0xc, 0x1c, 0x6, 0x6, 0x1,
    0x81, 0x80, 0x60, 0x60, 0x38, 0x1c, 0x3e, 0x3,
    0xf3, 0xe0,

    /* U+00DA "Ú" */
    0x0, 0x0, 0x0, 0x0, 0x40, 0x0, 0x20, 0x0,
    0x10, 0x0, 0x8, 0x0, 0x0, 0x0, 0x0, 0x0,
    0x3f, 0xf, 0x31, 0x81, 0x90, 0x40, 0x64, 0x30,
    0x1b, 0x8, 0x6, 0xc6, 0x3, 0x31, 0x0, 0xc0,
    0xc0, 0x30, 0x30, 0xc, 0x1c, 0x6, 0x6, 0x1,
    0x81, 0x80, 0x60, 0x60, 0x38, 0x1c, 0x3e, 0x3,
    0xf3, 0xe0,

    /* U+00DB "Û" */
    0x0, 0x0, 0x0, 0x1, 0x80, 0x0, 0xe0, 0x0,
    0x48, 0x0, 0x23, 0x0, 0x0, 0x0, 0x0, 0x0,
    0x3f, 0xf, 0x31, 0x81, 0x90, 0x40, 0x64, 0x30,
    0x1b, 0x8, 0x6, 0xc6, 0x3, 0x31, 0x0, 0xc0,
    0xc0, 0x30, 0x30, 0xc, 0x1c, 0x6, 0x6, 0x1,
    0x81, 0x80, 0x60, 0x60, 0x38, 0x1c, 0x3e, 0x3,
    0xf3, 0xe0,

    /* U+00DC "Ü" */
    0x0, 0x19, 0x0, 0x6, 0xe0, 0x1, 0x0, 0x0,
    0x0, 0x0, 0x0, 0x3, 0xf0, 0xf3, 0x18, 0x19,
    0x4, 0x6, 0x43, 0x1, 0xb0, 0x80, 0x6c, 0x60,
    0x33, 0x10, 0xc, 0xc, 0x3, 0x3, 0x0, 0xc1,
    0xc0, 0x60, 0x60, 0x18, 0x18, 0x6, 0x6, 0x3,
    0x81, 0xc3, 0xe0, 0x3f, 0x3e,

    /* U+00DD "Ý" */
    0x0, 0x0, 0x0, 0x0, 0x18, 0x0, 0x1, 0x0,
    0x0, 0x20, 0x0, 0x4, 0x0, 0x0, 0x0, 0x7,
    0x80, 0x61, 0x9e, 0xc, 0x20, 0xe1, 0x2, 0x6,
    0x20, 0x60, 0x66, 0x6, 0x2, 0x40, 0x60, 0x28,
    0x6, 0x3, 0x80, 0x0, 0x30, 0x0, 0x3, 0x0,
    0x0, 0x60, 0x0, 0x6, 0x0, 0x0, 0x40, 0x0,
    0xc, 0x0, 0x0, 0x80, 0x0, 0x10, 0x0, 0x3,
    0x0, 0xf, 0xe0, 0x0, 0xf8, 0x0, 0x0,

    /* U+00DE "Þ" */
    0xf, 0xfc, 0x0, 0xc0, 0x0, 0xc0, 0x3, 0xc0,
    0x1f, 0xfc, 0x3d, 0xc6, 0x71, 0x87, 0x61, 0x87,
    0xe1, 0x86, 0xc3, 0x6, 0xc3, 0xc, 0xe3, 0x10,
    0x3, 0x60, 0x6, 0x0, 0x6, 0x0, 0x7f, 0xc0,

    /* U+00DF "ß" */
    0x0, 0x7, 0x0, 0xc, 0xc0, 0x8, 0x60, 0xc,
    0x20, 0x4, 0x20, 0x6, 0x10, 0x3, 0x10, 0x3,
    0x90, 0x1, 0x98, 0x0, 0xcc, 0x0, 0x67, 0x0,
    0x31, 0xc0, 0x10, 0x60, 0x18, 0x30, 0xc, 0x10,
    0x6, 0x10, 0x2, 0xf0, 0x3, 0x0, 0x1, 0x80,
    0x0, 0x80, 0x0, 0x40, 0x0, 0x40, 0x0, 0x40,
    0x1, 0xc0, 0x0,

    /* U+00E0 "à" */
    0x2, 0x0, 0x20, 0x4, 0x0, 0x80, 0x8, 0x0,
    0x1, 0xf8, 0xc6, 0x30, 0xc4, 0x31, 0x86, 0x30,
    0xc6, 0x19, 0x86, 0x3b, 0xdf, 0x9c, 0x63, 0x0,

    /* U+00E1 "á" */
    0x0, 0x60, 0x18, 0x2, 0x0, 0x80, 0x20, 0x0,
    0x1, 0xf8, 0xc6, 0x30, 0xc4, 0x31, 0x86, 0x30,
    0xc6, 0x19, 0x86, 0x3b, 0xdf, 0x9c, 0x63, 0x0,

    /* U+00E2 "â" */
    0x0, 0xc0, 0x28, 0x9, 0x2, 0x20, 0x4, 0x0,
    0x1, 0xf8, 0xc6, 0x30, 0xc4, 0x31, 0x86, 0x30,
    0xc6, 0x19, 0x86, 0x3b, 0xdf, 0x9c, 0x63, 0x0,

    /* U+00E3 "ã" */
    0xf, 0x11, 0x1e, 0x0, 0x0, 0x0, 0x0, 0x0,
    0x7e, 0x18, 0xc3, 0xc, 0x21, 0x86, 0x18, 0x61,
    0x86, 0x18, 0xc3, 0xe, 0xf6, 0xf3, 0x86, 0x30,

    /* U+00E4 "ä" */
    0x2, 0x60, 0xec, 0x1, 0x0, 0x0, 0x0, 0xf,
    0xc6, 0x31, 0x86, 0x21, 0x8c, 0x31, 0x86, 0x30,
    0xcc, 0x31, 0xde, 0xfc, 0xe3, 0x18,

    /* U+00E5 "å" */
    0x1, 0xc0, 0x48, 0x9, 0x1, 0x20, 0x38, 0x0,
    0x1, 0xf8, 0xc6, 0x30, 0xc4, 0x31, 0x86, 0x30,
    0xc6, 0x19, 0x86, 0x3b, 0xdf, 0x9c, 0x63, 0x0,

    /* U+00E6 "æ" */
    0x0, 0x40, 0x1d, 0xe0, 0x9c, 0xcc, 0x63, 0x21,
    0x99, 0x84, 0xc6, 0x14, 0x18, 0xe0, 0xc3, 0x3,
    0x1c, 0x1f, 0xb9, 0x98, 0x78,

    /* U+00E7 "ç" */
    0x7, 0x1b, 0x32, 0x20, 0x60, 0x60, 0x40, 0xc0,
    0xe3, 0xfc, 0x78, 0x10, 0x20, 0x30, 0x20, 0xc0,

    /* U+00E8 "è" */
    0xc, 0x4, 0x6, 0x2, 0x2, 0x0, 0x7, 0x1b,
    0x33, 0x22, 0x64, 0x78, 0x70, 0xc0, 0xc1, 0xe2,
    0x7c,

    /* U+00E9 "é" */
    0x1, 0x81, 0x80, 0x80, 0x80, 0x80, 0x0, 0x1c,
    0x36, 0x33, 0x11, 0x19, 0xf, 0x7, 0x6, 0x3,
    0x5, 0xc4, 0x7c, 0x0,

    /* U+00EA "ê" */
    0x1, 0x3, 0x83, 0x62, 0x10, 0x0, 0x0, 0x1c,
    0x36, 0x33, 0x11, 0x19, 0xf, 0x7, 0x6, 0x3,
    0x5, 0xc4, 0x7c, 0x0,

    /* U+00EB "ë" */
    0x9, 0xd, 0xc4, 0x40, 0x0, 0x0, 0x38, 0x6c,
    0x66, 0x22, 0x32, 0x1e, 0xe, 0xc, 0x6, 0xb,
    0x88, 0xf8,

    /* U+00EC "ì" */
    0x10, 0x40, 0x82, 0x0, 0x1, 0x9e, 0xb0, 0xc3,
    0xc, 0x21, 0x86, 0x5e, 0x60,

    /* U+00ED "í" */
    0x2, 0x4, 0x8, 0x10, 0x10, 0x0, 0x18, 0x78,
    0xb0, 0x30, 0x30, 0x30, 0x20, 0x60, 0x64, 0x78,
    0x60,

    /* U+00EE "î" */
    0x6, 0x1c, 0x49, 0x10, 0x20, 0x6, 0x3c, 0xb0,
    0x60, 0xc1, 0x82, 0xc, 0x19, 0x3c, 0x60,

    /* U+00EF "ï" */
    0x32, 0x77, 0x20, 0x0, 0x0, 0x18, 0x78, 0xb0,
    0x30, 0x30, 0x30, 0x20, 0x60, 0x64, 0x78, 0x60,

    /* U+00F0 "ð" */
    0x8, 0x38, 0x36, 0x1, 0xc0, 0x33, 0x0, 0xc,
    0x0, 0x60, 0x3, 0x0, 0x78, 0xd, 0xc0, 0x86,
    0x8, 0x30, 0xc1, 0x86, 0xc, 0x20, 0xc3, 0x6,
    0x1c, 0x60, 0xe6, 0x3, 0xc0, 0x0,

    /* U+00F1 "ñ" */
    0x7, 0x11, 0x9e, 0x0, 0x0, 0x0, 0x0, 0x1,
    0x86, 0x79, 0xc9, 0x6c, 0x38, 0xc3, 0x8, 0x31,
    0x82, 0x18, 0x61, 0x86, 0x1b, 0x63, 0xc4, 0x10,

    /* U+00F2 "ò" */
    0x2, 0x0, 0x80, 0x10, 0x4, 0x0, 0x0, 0x0,
    0x38, 0x37, 0x10, 0xc8, 0x36, 0xd, 0x83, 0x41,
    0xb0, 0x6e, 0x33, 0x98, 0x78, 0x0,

    /* U+00F3 "ó" */
    0x0, 0xc0, 0x60, 0x10, 0x8, 0x4, 0x0, 0x0,
    0x38, 0x37, 0x10, 0xc8, 0x36, 0xd, 0x83, 0x41,
    0xb0, 0x6e, 0x31, 0x98, 0x78, 0x0,

    /* U+00F4 "ô" */
    0x0, 0xc0, 0x50, 0x24, 0x11, 0x8, 0x0, 0x0,
    0x38, 0x37, 0x10, 0xc8, 0x36, 0xd, 0x83, 0x41,
    0xb0, 0x6e, 0x33, 0x98, 0x78, 0x0,

    /* U+00F5 "õ" */
    0xe, 0x22, 0x38, 0x0, 0x0, 0x0, 0x0, 0x7,
    0x3, 0x70, 0x86, 0x20, 0xcc, 0x19, 0x83, 0x20,
    0xcc, 0x19, 0xc6, 0x19, 0x83, 0xc0,

    /* U+00F6 "ö" */
    0x4, 0xc3, 0xf0, 0x88, 0x0, 0x0, 0x0, 0xe0,
    0xdc, 0x43, 0x20, 0xd8, 0x36, 0xd, 0x6, 0xc1,
    0xb8, 0xc6, 0x61, 0xe0,

    /* U+00F7 "÷" */
    0xe, 0x1, 0xc0, 0x38, 0x0, 0x0, 0x0, 0x0,
    0x3f, 0xf8, 0x0, 0x0, 0x1, 0xc0, 0x38, 0x7,
    0x0,

    /* U+00F8 "ø" */
    0x0, 0x0, 0x8, 0x1, 0x0, 0x40, 0x38, 0x1b,
    0x84, 0xb1, 0x96, 0x64, 0xcc, 0x99, 0xa2, 0x34,
    0xc7, 0x10, 0xec, 0x1e, 0x1, 0x0, 0x40, 0x8,
    0x0, 0x0, 0x0,

    /* U+00F9 "ù" */
    0x6, 0x0, 0x20, 0x1, 0x0, 0x10, 0x0, 0x0,
    0x0, 0x18, 0x63, 0x8c, 0xf0, 0xc3, 0xc, 0x30,
    0x83, 0x18, 0x21, 0x86, 0x38, 0x65, 0xa7, 0xbc,
    0x63, 0x0,

    /* U+00FA "ú" */
    0x0, 0x60, 0xc, 0x0, 0x80, 0x10, 0x2, 0x0,
    0x0, 0x18, 0x63, 0x8c, 0xf0, 0xc3, 0xc, 0x30,
    0x83, 0x18, 0x21, 0x86, 0x38, 0x65, 0xa7, 0xbc,
    0x63, 0x0,

    /* U+00FB "û" */
    0x0, 0xc0, 0x14, 0x2, 0x40, 0x44, 0x0, 0x40,
    0x0, 0x18, 0x63, 0x8c, 0xf0, 0xc3, 0xc, 0x30,
    0x83, 0x18, 0x21, 0x86, 0x38, 0x65, 0xa7, 0xbc,
    0x63, 0x0,

    /* U+00FC "ü" */
    0x6, 0x40, 0x6e, 0x4, 0x40, 0x0, 0x0, 0x1,
    0x86, 0x38, 0xcf, 0xc, 0x30, 0xc3, 0x8, 0x31,
    0x82, 0x18, 0x63, 0x86, 0x5a, 0x7b, 0xc6, 0x30,

    /* U+00FD "ý" */
    0x0, 0x18, 0x1, 0x80, 0x8, 0x0, 0x80, 0x8,
    0x0, 0x0, 0x18, 0x23, 0x86, 0x2c, 0x30, 0x61,
    0x83, 0xc, 0x10, 0xc1, 0x86, 0xc, 0x70, 0x65,
    0x83, 0xd8, 0x18, 0xc0, 0x6, 0x0, 0x30, 0x1,
    0x0, 0x18, 0x0, 0x81, 0x8, 0xf, 0x80,

    /* U+00FE "þ" */
    0x0, 0x30, 0x6, 0x0, 0x60, 0x2, 0x0, 0x30,
    0x1, 0x80, 0x8, 0xe0, 0xdf, 0x7, 0x18, 0x30,
    0xc1, 0x6, 0x18, 0x20, 0xc3, 0x6, 0x10, 0x21,
    0x81, 0x8, 0x1f, 0x80, 0xc0, 0x4, 0x0, 0x20,
    0x3, 0x0, 0x18, 0x0, 0xc0, 0x1f, 0x80,

    /* U+00FF "ÿ" */
    0x1, 0x90, 0xd, 0xc0, 0x44, 0x0, 0x0, 0x0,
    0x3, 0x4, 0x78, 0xc5, 0x86, 0xc, 0x30, 0x61,
    0x82, 0x18, 0x30, 0xc1, 0x8e, 0xc, 0xb0, 0x7b,
    0x3, 0x18, 0x0, 0xc0, 0x6, 0x0, 0x20, 0x3,
    0x0, 0x10, 0x21, 0x1, 0xf0, 0x0,

    /* U+0100 "Ā" */
    0x0, 0x1f, 0xe0, 0x0, 0x0, 0x0, 0x0, 0x0,
    0xf, 0xf0, 0x3, 0x7, 0x0, 0x60, 0xf0, 0x4,
    0xa, 0x0, 0x41, 0x60, 0xc, 0x36, 0x0, 0xe2,
    0x60, 0x4, 0x46, 0x0, 0xc, 0x60, 0x1, 0x86,
    0x0, 0x1f, 0xc0, 0x2, 0xc, 0x0, 0x40, 0xc0,
    0x8, 0xc, 0xf, 0x0, 0xc0, 0xe0, 0xf, 0x80,

    /* U+0101 "ā" */
    0x1f, 0xe0, 0x0, 0x0, 0x0, 0x0, 0x7, 0xe1,
    0x8c, 0x30, 0xc2, 0x18, 0x61, 0x86, 0x18, 0x61,
    0x8c, 0x30, 0xef, 0x6f, 0x38, 0x63, 0x0,

    /* U+0102 "Ă" */
    0x0, 0x20, 0x20, 0x2, 0x8, 0x0, 0x3c, 0x0,
    0x0, 0x0, 0x0, 0x0, 0x1, 0xfe, 0x0, 0xc1,
    0xc0, 0x30, 0x78, 0x4, 0xa, 0x0, 0x82, 0xc0,
    0x30, 0xd8, 0x7, 0x13, 0x0, 0x44, 0x60, 0x1,
    0x8c, 0x0, 0x61, 0x80, 0xf, 0xe0, 0x2, 0xc,
    0x0, 0x81, 0x80, 0x20, 0x30, 0x78, 0x6, 0xe,
    0x0, 0xf8,

    /* U+0103 "ă" */
    0x10, 0x10, 0x82, 0x7, 0xc0, 0x0, 0x0, 0x0,
    0x7e, 0x18, 0xc3, 0xc, 0x21, 0x86, 0x18, 0x61,
    0x86, 0x18, 0xc3, 0xe, 0xf6, 0xf3, 0x86, 0x30,

    /* U+0104 "Ą" */
    0x0, 0xff, 0x0, 0xc1, 0xc0, 0x60, 0xf0, 0x10,
    0x28, 0x4, 0x16, 0x3, 0xd, 0x80, 0xe2, 0x60,
    0x11, 0x18, 0x0, 0xc6, 0x0, 0x61, 0x80, 0x1f,
    0xc0, 0x8, 0x30, 0x4, 0xc, 0x2, 0x3, 0xf,
    0x0, 0xc3, 0x80, 0x3e, 0x0, 0x2, 0x0, 0x1,
    0x80, 0x0, 0x68, 0x0, 0x1c,

    /* U+0105 "ą" */
    0x7, 0xe3, 0x18, 0xc3, 0x10, 0xc6, 0x18, 0xc3,
    0x18, 0x66, 0x18, 0xef, 0x7e, 0x79, 0x8e, 0x1,
    0x80, 0x20, 0xc, 0x0, 0xe0,

    /* U+0106 "Ć" */
    0x0, 0x6, 0x0, 0x18, 0x0, 0x20, 0x0, 0x80,
    0x2, 0x0, 0x0, 0x0, 0x1f, 0x0, 0xc7, 0x2,
    0x6, 0x8, 0x8, 0x20, 0x0, 0x80, 0x3, 0x0,
    0x4, 0x0, 0x18, 0x0, 0x30, 0x0, 0x60, 0x1,
    0xc0, 0x3, 0x80, 0x7, 0x0, 0x6, 0x1, 0xe,
    0xc, 0xf, 0xe0, 0x0,

    /* U+0107 "ć" */
    0x0, 0xc0, 0x60, 0x10, 0x8, 0x4, 0x0, 0x0,
    0x70, 0x6c, 0x32, 0x8, 0x6, 0x1, 0x80, 0x60,
    0x30, 0xc, 0x13, 0x98, 0x70, 0x0,

    /* U+0108 "Ĉ" */
    0x0, 0x6, 0x0, 0x1c, 0x0, 0x48, 0x1, 0x10,
    0x4, 0x20, 0x0, 0x0, 0x1f, 0x0, 0xc7, 0x2,
    0x6, 0x8, 0x8, 0x20, 0x0, 0x80, 0x3, 0x0,
    0x4, 0x0, 0x18, 0x0, 0x30, 0x0, 0x60, 0x1,
    0xc0, 0x3, 0x80, 0x7, 0x0, 0x6, 0x1, 0xe,
    0xc, 0xf, 0xe0, 0x0,

    /* U+0109 "ĉ" */
    0x0, 0x80, 0x70, 0x6c, 0x21, 0x0, 0x0, 0x0,
    0x70, 0x6c, 0x32, 0x8, 0x6, 0x1, 0x80, 0x60,
    0x30, 0xc, 0x13, 0x98, 0x70, 0x0,

    /* U+010A "Ċ" */
    0x0, 0x4, 0x0, 0x18, 0x0, 0x30, 0x0, 0x0,
    0x0, 0x0, 0xf, 0x80, 0x63, 0x81, 0x3, 0x4,
    0x4, 0x10, 0x0, 0x40, 0x1, 0x80, 0x2, 0x0,
    0xc, 0x0, 0x18, 0x0, 0x30, 0x0, 0xe0, 0x1,
    0xc0, 0x3, 0x80, 0x3, 0x0, 0x87, 0x6, 0x7,
    0xf0, 0x0,

    /* U+010B "ċ" */
    0x2, 0x7, 0x2, 0x0, 0x0, 0x7, 0x1b, 0x32,
    0x20, 0x60, 0x60, 0x60, 0xc0, 0xc1, 0xe6, 0x70,

    /* U+010C "Č" */
    0x0, 0x11, 0x0, 0x11, 0x0, 0x14, 0x0, 0x18,
    0x0, 0x10, 0x0, 0x0, 0x0, 0x7c, 0x1, 0x8e,
    0x2, 0x6, 0x4, 0x4, 0x8, 0x0, 0x10, 0x0,
    0x30, 0x0, 0x20, 0x0, 0x60, 0x0, 0x60, 0x0,
    0x60, 0x0, 0xe0, 0x0, 0xe0, 0x0, 0xe0, 0x0,
    0x60, 0x10, 0x70, 0x60, 0x3f, 0x80,

    /* U+010D "č" */
    0x4, 0x40, 0x90, 0x14, 0x3, 0x0, 0x40, 0x0,
    0x1, 0xc0, 0xd8, 0x32, 0x4, 0x1, 0x80, 0x30,
    0x6, 0x1, 0x80, 0x30, 0x47, 0x30, 0x70, 0x0,

    /* U+010E "Ď" */
    0x0, 0x21, 0x0, 0xc, 0x80, 0x1, 0x40, 0x0,
    0x60, 0x0, 0x10, 0x0, 0x8, 0x0, 0x1f, 0xe0,
    0x3b, 0xe, 0x10, 0xc1, 0xc8, 0x30, 0x36, 0x18,
    0xd, 0x86, 0x3, 0xe1, 0x80, 0xf8, 0x60, 0x3c,
    0x30, 0xc, 0xc, 0x3, 0x3, 0x1, 0x80, 0xc0,
    0x40, 0x60, 0x30, 0x10, 0x10, 0x18, 0x8, 0x1f,
    0xfc, 0x0,

    /* U+010F "ď" */
    0x0, 0xd, 0x80, 0x18, 0xc0, 0x8, 0x40, 0x8,
    0x60, 0xc, 0x20, 0x6, 0x0, 0x3, 0x0, 0xf,
    0x0, 0x19, 0x80, 0x18, 0xc0, 0x8, 0x60, 0xc,
    0x20, 0x4, 0x30, 0x2, 0x18, 0x3, 0x1c, 0x1,
    0x96, 0xc0, 0xf3, 0x80, 0x21, 0x0, 0x0,

    /* U+0110 "Đ" */
    0x0, 0x20, 0x0, 0x7f, 0x80, 0xec, 0x38, 0x63,
    0x7, 0x30, 0xc0, 0xd8, 0x30, 0x36, 0x18, 0xf,
    0x86, 0x3, 0xe1, 0x80, 0xf9, 0xfe, 0x38, 0x30,
    0x8, 0xc, 0x6, 0x3, 0x1, 0x1, 0x80, 0xc0,
    0x40, 0x40, 0x20, 0x20, 0x7f, 0xf0, 0x0,

    /* U+0111 "đ" */
    0x0, 0xe, 0x0, 0x20, 0x0, 0x80, 0x3, 0x0,
    0x3f, 0x80, 0x18, 0x0, 0x30, 0x3, 0xe0, 0x9,
    0x80, 0x23, 0x0, 0x86, 0x3, 0xc, 0x6, 0x10,
    0x8, 0x60, 0x30, 0xc0, 0x67, 0xb0, 0xf3, 0x80,
    0xc4, 0x0,

    /* U+0112 "Ē" */
    0x1, 0xfe, 0x0, 0x0, 0x0, 0x0, 0x0, 0x40,
    0xf, 0xff, 0x31, 0x83, 0x61, 0x82, 0x41, 0x80,
    0xc3, 0x0, 0xc3, 0x0, 0xc3, 0x0, 0x87, 0xf0,
    0x6, 0x0, 0x6, 0x0, 0x6, 0x0, 0x4, 0x1,
    0x8, 0x3, 0x10, 0x2, 0x7f, 0xfc,

    /* U+0113 "ē" */
    0x3f, 0xc0, 0x0, 0x0, 0x0, 0x0, 0x70, 0x36,
    0xc, 0xc1, 0x10, 0x64, 0xf, 0x1, 0xc0, 0x60,
    0xc, 0x11, 0xc4, 0x1f, 0x0,

    /* U+0114 "Ĕ" */
    0x1, 0x1, 0x0, 0x82, 0x0, 0x7c, 0x0, 0x0,
    0x0, 0x0, 0xf, 0xff, 0x31, 0x83, 0x61, 0x82,
    0x41, 0x80, 0xc3, 0x0, 0xc3, 0x0, 0xc3, 0x0,
    0x87, 0xf0, 0x6, 0x0, 0x6, 0x0, 0x6, 0x0,
    0x4, 0x1, 0x8, 0x3, 0x10, 0x2, 0x7f, 0xfc,

    /* U+0115 "ĕ" */
    0x20, 0x22, 0x8, 0x3e, 0x0, 0x0, 0x0, 0xe,
    0x6, 0xc1, 0x98, 0x22, 0xc, 0x81, 0xe0, 0x38,
    0xc, 0x1, 0x82, 0x38, 0x83, 0xe0,

    /* U+0116 "Ė" */
    0x0, 0x0, 0x0, 0x10, 0x0, 0x38, 0x0, 0x0,
    0x0, 0x0, 0x0, 0x40, 0xf, 0xff, 0x31, 0x83,
    0x61, 0x82, 0x41, 0x80, 0xc3, 0x0, 0xc3, 0x0,
    0xc3, 0x0, 0x87, 0xf0, 0x6, 0x0, 0x6, 0x0,
    0x6, 0x0, 0x4, 0x1, 0x8, 0x3, 0x10, 0x2,
    0x7f, 0xfc,

    /* U+0117 "ė" */
    0x2, 0x7, 0x2, 0x0, 0x0, 0x7, 0x1b, 0x33,
    0x22, 0x64, 0x78, 0x70, 0xc0, 0xc1, 0xe2, 0x7c,

    /* U+0118 "Ę" */
    0x0, 0x40, 0xf, 0xff, 0x31, 0x83, 0x61, 0x82,
    0x41, 0x80, 0xc3, 0x0, 0xc3, 0x0, 0xc3, 0x0,
    0x87, 0xf0, 0x6, 0x0, 0x6, 0x0, 0x6, 0x0,
    0x4, 0x1, 0x8, 0x3, 0x10, 0x2, 0x7f, 0xfc,
    0x0, 0x10, 0x0, 0x20, 0x0, 0x24, 0x0, 0x38,

    /* U+0119 "ę" */
    0x7, 0x1b, 0x33, 0x22, 0x64, 0x78, 0x60, 0xc0,
    0xe3, 0xfc, 0x78, 0x10, 0x20, 0x64, 0x38,

    /* U+011A "Ě" */
    0x0, 0x0, 0x0, 0x44, 0x0, 0x68, 0x0, 0x70,
    0x0, 0x20, 0x0, 0x0, 0x0, 0x40, 0xf, 0xff,
    0x31, 0x83, 0x61, 0x82, 0x41, 0x80, 0xc3, 0x0,
    0xc3, 0x0, 0xc3, 0x0, 0x87, 0xf0, 0x6, 0x0,
    0x6, 0x0, 0x6, 0x0, 0x4, 0x1, 0x8, 0x3,
    0x10, 0x2, 0x7f, 0xfc,

    /* U+011B "ě" */
    0x4, 0x20, 0xc8, 0xa, 0x1, 0x80, 0x20, 0x0,
    0x1, 0xc0, 0xd8, 0x33, 0x4, 0x41, 0x90, 0x3c,
    0x7, 0x1, 0x80, 0x30, 0x47, 0x10, 0x7c, 0x0,

    /* U+011C "Ĝ" */
    0x0, 0x6, 0x0, 0x1c, 0x0, 0x48, 0x1, 0x10,
    0x4, 0x20, 0x0, 0x0, 0x3f, 0x1, 0x87, 0x4,
    0xe, 0x10, 0x8, 0x40, 0x1, 0x80, 0x2, 0x0,
    0xc, 0x0, 0x18, 0x0, 0x70, 0x0, 0xe0, 0xfd,
    0xc2, 0x33, 0x80, 0xc7, 0x1, 0x87, 0xf, 0x7,
    0xec, 0x0, 0x18, 0x0, 0x30, 0x0, 0x40, 0x1,
    0x80, 0x2, 0x0, 0x8, 0x3, 0xe0, 0x0,

    /* U+011D "ĝ" */
    0x0, 0x0, 0x0, 0x18, 0x0, 0x70, 0x1, 0x20,
    0x4, 0x40, 0x0, 0x0, 0x0, 0x0, 0x3f, 0x1,
    0x84, 0x2, 0x10, 0x8, 0x60, 0x30, 0xc0, 0x61,
    0x80, 0xc6, 0x1, 0x1c, 0x7, 0x78, 0xf, 0xb0,
    0xc, 0x60, 0x30, 0x80, 0xc3, 0x3, 0x6, 0xc,
    0x8, 0x30, 0x30, 0x70, 0x80, 0x7e, 0x0,

    /* U+011E "Ğ" */
    0x2, 0x2, 0x2, 0x8, 0x3, 0xe0, 0x0, 0x0,
    0xf, 0xc0, 0x61, 0xc1, 0x3, 0x84, 0x2, 0x10,
    0x0, 0x60, 0x0, 0x80, 0x3, 0x0, 0x6, 0x0,
    0x1c, 0x0, 0x38, 0x3f, 0x70, 0x8c, 0xe0, 0x31,
    0xc0, 0x61, 0xc3, 0xc1, 0xfb, 0x0, 0x6, 0x0,
    0xc, 0x0, 0x10, 0x0, 0x60, 0x0, 0x80, 0x2,
    0x0, 0xf8, 0x0,

    /* U+011F "ğ" */
    0x2, 0x2, 0x2, 0x8, 0x3, 0xe0, 0x0, 0x0,
    0x0, 0x0, 0xf, 0xc0, 0x61, 0x0, 0x84, 0x2,
    0x18, 0xc, 0x30, 0x18, 0x60, 0x31, 0x80, 0x47,
    0x1, 0xde, 0x3, 0xec, 0x3, 0x18, 0xc, 0x20,
    0x30, 0xc0, 0xc1, 0x83, 0x2, 0xc, 0xc, 0x1c,
    0x20, 0x1f, 0x80, 0x0,

    /* U+0120 "Ġ" */
    0x0, 0x8, 0x0, 0x30, 0x0, 0x60, 0x0, 0x0,
    0x0, 0x0, 0x1f, 0x80, 0xc3, 0x82, 0x7, 0x8,
    0x4, 0x20, 0x0, 0xc0, 0x1, 0x0, 0x6, 0x0,
    0xc, 0x0, 0x38, 0x0, 0x70, 0x7e, 0xe1, 0x19,
    0xc0, 0x63, 0x80, 0xc3, 0x87, 0x83, 0xf6, 0x0,
    0xc, 0x0, 0x18, 0x0, 0x20, 0x0, 0xc0, 0x1,
    0x0, 0x4, 0x1, 0xf0, 0x0,

    /* U+0121 "ġ" */
    0x0, 0x10, 0x0, 0x70, 0x0, 0x40, 0x0, 0x0,
    0x0, 0x0, 0xf, 0xc0, 0x61, 0x0, 0x84, 0x2,
    0x18, 0xc, 0x30, 0x18, 0x60, 0x31, 0x80, 0x47,
    0x1, 0xde, 0x3, 0xec, 0x3, 0x18, 0xc, 0x20,
    0x30, 0xc0, 0xc1, 0x83, 0x2, 0xc, 0xc, 0x1c,
    0x20, 0x1f, 0x80, 0x0,

    /* U+0122 "Ģ" */
    0x0, 0x4, 0x0, 0x8, 0x0, 0x20, 0x0, 0xc0,
    0x1, 0x80, 0x2, 0x0, 0x0, 0x0, 0x7e, 0x3,
    0xe, 0x8, 0xc, 0x20, 0x10, 0xc0, 0x23, 0x0,
    0x6, 0x0, 0x18, 0x0, 0x30, 0x0, 0x60, 0x1,
    0xc1, 0xfb, 0x84, 0x67, 0x1, 0x8e, 0x3, 0xe,
    0x1e, 0xf, 0xdc, 0x0, 0x30, 0x0, 0x60, 0x1,
    0xc0, 0x3, 0x0, 0xc, 0x0, 0x70, 0x1, 0xc0,
    0x0,

    /* U+0123 "ģ" */
    0x0, 0x8, 0x0, 0x20, 0x0, 0xc0, 0x1, 0x0,
    0x2, 0x0, 0x0, 0x0, 0x0, 0x0, 0x3f, 0x1,
    0x84, 0x2, 0x10, 0x8, 0x60, 0x30, 0xc0, 0x61,
    0x80, 0xc6, 0x1, 0x1c, 0x7, 0x78, 0xf, 0xb0,
    0xc, 0x60, 0x30, 0x80, 0xc3, 0x3, 0x6, 0xc,
    0x8, 0x30, 0x30, 0x70, 0x80, 0x7e, 0x0,

    /* U+0124 "Ĥ" */
    0x0, 0x0, 0x40, 0x0, 0x0, 0xc0, 0x0, 0x1,
    0x40, 0x0, 0x2, 0x40, 0x0, 0xc, 0x46, 0x0,
    0x0, 0x18, 0x0, 0x0, 0x20, 0x1, 0xf0, 0x60,
    0xe, 0x60, 0x60, 0x18, 0x60, 0xc0, 0x18, 0xc0,
    0xc0, 0x18, 0xc0, 0xc0, 0x18, 0xc1, 0xc0, 0x1,
    0xff, 0x80, 0x1, 0x81, 0x80, 0x1, 0x81, 0x80,
    0x1, 0x83, 0x0, 0x3, 0x3, 0x0, 0x2, 0x3,
    0x0, 0x4, 0x3, 0x0, 0x78, 0x7, 0x0, 0xf0,
    0x7, 0xe0,

    /* U+0125 "ĥ" */
    0x0, 0x18, 0x1, 0xc0, 0x12, 0x1, 0x10, 0x10,
    0x80, 0xe0, 0xe, 0x0, 0x80, 0xc, 0x0, 0xc0,
    0x6, 0x0, 0x30, 0x1, 0xc, 0x19, 0xe0, 0xd3,
    0x7, 0x10, 0x21, 0x83, 0xc, 0x18, 0x60, 0xc2,
    0x4, 0x32, 0x61, 0xe2, 0xc, 0x0,

    /* U+0126 "Ħ" */
    0x0, 0x0, 0x6, 0x0, 0x0, 0x18, 0x0, 0x0,
    0x20, 0x1, 0xe0, 0x60, 0xe, 0x60, 0x60, 0x18,
    0x60, 0xc0, 0x19, 0xff, 0xe0, 0x18, 0xc0, 0xc0,
    0x10, 0xc1, 0x80, 0x1, 0xff, 0x80, 0x1, 0x81,
    0x80, 0x1, 0x81, 0x80, 0x1, 0x83, 0x0, 0x3,
    0x3, 0x0, 0x2, 0x3, 0x0, 0x4, 0x3, 0x0,
    0x78, 0x7, 0x0, 0xf0, 0x7, 0xe0,

    /* U+0127 "ħ" */
    0x1, 0xc0, 0x38, 0x4, 0x0, 0xc0, 0x7f, 0x81,
    0x80, 0x18, 0x3, 0xc, 0x33, 0xc3, 0x4c, 0x38,
    0x82, 0x18, 0x61, 0x86, 0x18, 0x61, 0x4, 0x32,
    0xc3, 0xcc, 0x30,

    /* U+0128 "Ĩ" */
    0x3, 0x80, 0x66, 0x44, 0x1c, 0x0, 0x0, 0x0,
    0x7, 0xe0, 0xc, 0x0, 0x60, 0x3, 0x0, 0x30,
    0x1, 0x80, 0xc, 0x0, 0x60, 0x6, 0x0, 0x30,
    0x1, 0x80, 0x1c, 0x0, 0xc0, 0x6, 0x0, 0xfc,
    0x0,

    /* U+0129 "ĩ" */
    0x70, 0x99, 0x8e, 0x0, 0x0, 0x18, 0x78, 0xb0,
    0x30, 0x30, 0x30, 0x20, 0x60, 0x64, 0x78, 0x60,

    /* U+012A "Ī" */
    0xf, 0xf0, 0x0, 0x0, 0x0, 0x0, 0x0, 0xfc,
    0x1, 0x80, 0xc, 0x0, 0x60, 0x6, 0x0, 0x30,
    0x1, 0x80, 0xc, 0x0, 0xc0, 0x6, 0x0, 0x30,
    0x3, 0x80, 0x18, 0x0, 0xc0, 0x1f, 0x80,

    /* U+012B "ī" */
    0x7f, 0x80, 0x0, 0x0, 0x1, 0x83, 0xc2, 0xc0,
    0x60, 0x30, 0x18, 0x8, 0xc, 0x6, 0x43, 0xc1,
    0x80,

    /* U+012C "Ĭ" */
    0x8, 0x8, 0x60, 0x81, 0xf8, 0x0, 0x0, 0x0,
    0x7, 0xe0, 0xc, 0x0, 0x60, 0x3, 0x0, 0x30,
    0x1, 0x80, 0xc, 0x0, 0x60, 0x6, 0x0, 0x30,
    0x1, 0x80, 0x1c, 0x0, 0xc0, 0x6, 0x0, 0xfc,
    0x0,

    /* U+012D "ĭ" */
    0x80, 0xa0, 0x8f, 0x80, 0x0, 0x0, 0xc1, 0xe1,
    0x60, 0x30, 0x18, 0xc, 0x4, 0x6, 0x3, 0x21,
    0xe0, 0xc0,

    /* U+012E "Į" */
    0xf, 0xc0, 0x60, 0xc, 0x1, 0x80, 0x60, 0xc,
    0x1, 0x80, 0x30, 0xc, 0x1, 0x80, 0x30, 0xe,
    0x1, 0x80, 0x30, 0x1f, 0x80, 0x20, 0x8, 0x3,
    0x0, 0x38, 0x0,

    /* U+012F "į" */
    0xc, 0x30, 0x80, 0x0, 0x67, 0xac, 0x30, 0xc3,
    0x18, 0x61, 0x97, 0x98, 0x42, 0x9, 0x38,

    /* U+0130 "İ" */
    0x0, 0x80, 0x38, 0x0, 0x0, 0x0, 0x0, 0x1f,
    0x80, 0xc0, 0x18, 0x3, 0x0, 0xc0, 0x18, 0x3,
    0x0, 0x60, 0x18, 0x3, 0x0, 0x60, 0x1c, 0x3,
    0x0, 0x60, 0x3f, 0x0,

    /* U+0131 "ı" */
    0x19, 0xeb, 0xc, 0x30, 0xc2, 0x18, 0x65, 0xe6,
    0x0,

    /* U+0132 "Ĳ" */
    0xf, 0xc1, 0xe0, 0x30, 0x66, 0x7, 0xc, 0x60,
    0x60, 0x8c, 0x6, 0x18, 0xc0, 0x61, 0x8c, 0xe,
    0x18, 0xc0, 0xc0, 0x18, 0xc, 0x1, 0x80, 0xc0,
    0x18, 0x18, 0x1, 0x1, 0x80, 0x30, 0x18, 0x3,
    0x1, 0x80, 0x20, 0x7e, 0x4, 0x0, 0x0, 0x80,
    0x0, 0x10, 0x0, 0x1e, 0x0,

    /* U+0133 "ĳ" */
    0xc, 0x10, 0x61, 0xc2, 0x0, 0x0, 0x0, 0x0,
    0xc, 0x11, 0xe3, 0x96, 0x2c, 0x30, 0x61, 0x86,
    0xc, 0x30, 0x41, 0x86, 0xc, 0x32, 0x41, 0xe6,
    0xc, 0x30, 0x1, 0x80, 0x18, 0x0, 0xc0, 0x4,
    0x0, 0x40, 0x1c, 0x1, 0xc0, 0x0,

    /* U+0134 "Ĵ" */
    0x0, 0xc, 0x0, 0x70, 0x2, 0x40, 0x11, 0x0,
    0x84, 0x0, 0x0, 0x0, 0x0, 0x7e, 0x2, 0x30,
    0x18, 0xc0, 0x63, 0x1, 0x98, 0x6, 0x60, 0x11,
    0x80, 0xe, 0x0, 0x30, 0x0, 0xc0, 0x3, 0x0,
    0xc, 0x0, 0x60, 0x1, 0x80, 0x4, 0x0, 0x20,
    0x3, 0x0, 0xf0, 0x0,

    /* U+0135 "ĵ" */
    0x0, 0x30, 0x5, 0x0, 0x90, 0x11, 0x0, 0x10,
    0x0, 0x0, 0x60, 0xe, 0x3, 0xc0, 0xc, 0x0,
    0xc0, 0xc, 0x0, 0x80, 0x18, 0x1, 0x80, 0x18,
    0x1, 0x0, 0x30, 0x3, 0x0, 0x20, 0x6, 0x0,
    0x40, 0x78, 0x7, 0x0,

    /* U+0136 "Ķ" */
    0x3, 0xf0, 0x70, 0x63, 0x7, 0x84, 0x18, 0x40,
    0x60, 0xcc, 0x3, 0xc, 0x80, 0x18, 0x68, 0x0,
    0xc3, 0xc0, 0x0, 0x36, 0x0, 0x1, 0xb0, 0x0,
    0xd, 0xc0, 0x0, 0x46, 0x0, 0x6, 0x30, 0x0,
    0x21, 0xc0, 0x2, 0x6, 0x1, 0xf8, 0x38, 0x0,
    0x0, 0xc0, 0x0, 0x7, 0x8, 0x6, 0x1c, 0xc0,
    0x30, 0x3e, 0x1, 0x0, 0x0, 0x8, 0x0, 0x0,
    0x80, 0x0,

    /* U+0137 "ķ" */
    0x0, 0x0, 0x1, 0xc0, 0x2, 0x0, 0xc, 0x0,
    0xc, 0x0, 0x18, 0x0, 0x18, 0x0, 0x18, 0x70,
    0x18, 0xe0, 0x31, 0x20, 0x32, 0x0, 0x3c, 0x0,
    0x3c, 0x0, 0x2c, 0x0, 0x66, 0x0, 0x66, 0x0,
    0x63, 0x0, 0x43, 0x0, 0x1, 0x80, 0x1, 0xc0,
    0x30, 0xe3, 0x10, 0x3e, 0x30, 0x0, 0x20, 0x0,
    0x40, 0x0,

    /* U+0138 "ĸ" */
    0x1f, 0xc, 0x46, 0x61, 0x89, 0x3, 0x3c, 0x6,
    0x70, 0x0, 0xa0, 0x3, 0x60, 0x6, 0xc0, 0x9,
    0x80, 0x21, 0x83, 0xe3, 0x0, 0x3, 0x0, 0x6,
    0x40, 0x7, 0xc0,

    /* U+0139 "Ĺ" */
    0x0, 0x2, 0x0, 0x4, 0x0, 0x8, 0x0, 0x10,
    0x0, 0x20, 0x0, 0x0, 0x0, 0x38, 0x0, 0xc0,
    0x0, 0x80, 0x1, 0x0, 0x3, 0x0, 0x3, 0x0,
    0x3, 0x0, 0x6, 0x0, 0x6, 0x0, 0x6, 0x0,
    0x6, 0x0, 0x4, 0x1, 0xc, 0x1, 0x8, 0x2,
    0x10, 0x6, 0xff, 0xfc,

    /* U+013A "ĺ" */
    0x0, 0x40, 0x30, 0x18, 0x4, 0x2, 0x0, 0x60,
    0x60, 0x30, 0x8, 0x6, 0x1, 0x80, 0x40, 0x30,
    0xc, 0x3, 0x0, 0x80, 0x60, 0x18, 0x6, 0x1,
    0x80, 0x6c, 0x3c, 0x4, 0x0,

    /* U+013B "Ļ" */
    0x0, 0x38, 0x0, 0xc0, 0x0, 0x80, 0x1, 0x0,
    0x3, 0x0, 0x3, 0x0, 0x3, 0x0, 0x6, 0x0,
    0x6, 0x0, 0x6, 0x0, 0x6, 0x0, 0x4, 0x1,
    0xc, 0x1, 0x8, 0x2, 0x10, 0x6, 0xff, 0xfc,
    0x0, 0x0, 0x0, 0x0, 0x6, 0x0, 0x6, 0x0,
    0x6, 0x0, 0x4, 0x0, 0x8, 0x0,

    /* U+013C "ļ" */
    0x0, 0x60, 0x18, 0x3, 0x0, 0x20, 0x6, 0x0,
    0x60, 0x4, 0x0, 0xc0, 0xc, 0x0, 0xc0, 0x8,
    0x1, 0x80, 0x18, 0x1, 0x80, 0x18, 0x1, 0xb0,
    0x3c, 0x1, 0x0, 0x0, 0x1, 0x0, 0x30, 0x2,
    0x0, 0x20, 0x4, 0x0, 0x80, 0x0,

    /* U+013D "Ľ" */
    0x0, 0x38, 0xc0, 0x30, 0x30, 0x8, 0x8, 0x4,
    0x6, 0x3, 0x1, 0x0, 0xc0, 0x0, 0x30, 0x0,
    0x18, 0x0, 0x6, 0x0, 0x1, 0x80, 0x0, 0x60,
    0x0, 0x10, 0x4, 0xc, 0x1, 0x2, 0x0, 0x81,
    0x0, 0x63, 0xff, 0xf0,

    /* U+013E "ľ" */
    0x1, 0xb0, 0x63, 0xc, 0x20, 0x82, 0x18, 0x41,
    0x80, 0x18, 0x3, 0x0, 0x30, 0x3, 0x0, 0x30,
    0x6, 0x0, 0x60, 0x6, 0x0, 0x60, 0x6, 0xc0,
    0xf0, 0x4, 0x0,

    /* U+013F "Ŀ" */
    0x0, 0x38, 0x0, 0xc0, 0x0, 0x80, 0x1, 0x0,
    0x3, 0x0, 0x3, 0x0, 0x3, 0x4, 0x6, 0xe,
    0x6, 0xc, 0x6, 0x0, 0x6, 0x0, 0x4, 0x1,
    0xc, 0x1, 0x8, 0x2, 0x10, 0x6, 0xff, 0xfc,

    /* U+0140 "ŀ" */
    0x1, 0x81, 0x80, 0xc0, 0x60, 0x18, 0x6, 0x1,
    0x10, 0xce, 0x33, 0x8c, 0x2, 0x1, 0x80, 0x60,
    0x18, 0x6, 0x3, 0xb0, 0xf0, 0x10, 0x0,

    /* U+0141 "Ł" */
    0x0, 0x38, 0x0, 0xc0, 0x0, 0x80, 0x1, 0x0,
    0x3, 0x0, 0x3, 0x0, 0x2, 0x60, 0x7, 0xc0,
    0x7, 0x0, 0x1e, 0x0, 0x26, 0x0, 0xc, 0x1,
    0xc, 0x1, 0x8, 0x2, 0x10, 0x6, 0xff, 0xfc,

    /* U+0142 "ł" */
    0x0, 0xe0, 0x20, 0x8, 0x3, 0x0, 0x60, 0x18,
    0x3, 0x0, 0x6c, 0xe, 0x7, 0x1, 0x60, 0xc,
    0x1, 0x80, 0x60, 0xc, 0x41, 0x90, 0x38, 0x6,
    0x0,

    /* U+0143 "Ń" */
    0x0, 0x0, 0x40, 0x0, 0x0, 0x40, 0x0, 0x0,
    0x80, 0x0, 0x1, 0x0, 0x0, 0x2, 0x6, 0x0,
    0x0, 0xe, 0x0, 0x0, 0x10, 0x7, 0xe0, 0x30,
    0xf, 0xe0, 0x20, 0x10, 0x60, 0x60, 0x20, 0xe0,
    0x40, 0x20, 0xb0, 0x40, 0x60, 0xb0, 0x40, 0x70,
    0xb0, 0x80, 0x21, 0x38, 0x80, 0x1, 0x18, 0x80,
    0x1, 0x18, 0x80, 0x2, 0x1d, 0x0, 0x2, 0xd,
    0x0, 0x4, 0xd, 0x0, 0x78, 0xf, 0x0, 0xf0,
    0x7, 0x0, 0x0, 0x3, 0x0, 0x0, 0x3, 0x82,
    0x0, 0x1, 0xc2, 0x0, 0x0, 0x7c,

    /* U+0144 "ń" */
    0x0, 0x40, 0x8, 0x1, 0x0, 0x20, 0x2, 0x0,
    0x0, 0x18, 0x67, 0x9c, 0x96, 0xc3, 0x8c, 0x30,
    0x83, 0x18, 0x21, 0x86, 0x18, 0x61, 0xb6, 0x3c,
    0x41, 0x0,

    /* U+0145 "Ņ" */
    0x0, 0x0, 0x6, 0x0, 0x0, 0xe, 0x0, 0x0,
    0x10, 0x7, 0xe0, 0x30, 0xf, 0xe0, 0x20, 0x10,
    0x60, 0x60, 0x20, 0xe0, 0x40, 0x20, 0xb0, 0x40,
    0x60, 0xb0, 0x40, 0x70, 0xb0, 0x80, 0x21, 0x38,
    0x80, 0x1, 0x18, 0x80, 0x1, 0x18, 0x80, 0x2,
    0x1d, 0x0, 0x2, 0xd, 0x0, 0x4, 0xd, 0x0,
    0x78, 0xf, 0x0, 0xf0, 0x7, 0x0, 0x0, 0x3,
    0x0, 0x0, 0x3, 0x82, 0x0, 0x41, 0xc2, 0x0,
    0x40, 0x7c, 0x0, 0xc0, 0x0, 0x0, 0x80, 0x0,
    0x1, 0x0, 0x0,

    /* U+0146 "ņ" */
    0x18, 0x67, 0x9c, 0x96, 0xc3, 0x8c, 0x30, 0x83,
    0x18, 0x21, 0x86, 0x18, 0x61, 0xb6, 0x3c, 0x41,
    0x0, 0x0, 0x0, 0x1, 0x80, 0x10, 0x1, 0x0,
    0x20, 0x4, 0x0,

    /* U+0147 "Ň" */
    0x0, 0x2, 0x10, 0x0, 0x2, 0x20, 0x0, 0x2,
    0x40, 0x0, 0x2, 0x80, 0x0, 0x3, 0x6, 0x0,
    0x0, 0xe, 0x0, 0x0, 0x10, 0x7, 0xe0, 0x30,
    0xf, 0xe0, 0x20, 0x10, 0x60, 0x60, 0x20, 0xe0,
    0x40, 0x20, 0xb0, 0x40, 0x60, 0xb0, 0x40, 0x70,
    0xb0, 0x80, 0x21, 0x38, 0x80, 0x1, 0x18, 0x80,
    0x1, 0x18, 0x80, 0x2, 0x1d, 0x0, 0x2, 0xd,
    0x0, 0x4, 0xd, 0x0, 0x78, 0xf, 0x0, 0xf0,
    0x7, 0x0, 0x0, 0x3, 0x0, 0x0, 0x3, 0x82,
    0x0, 0x1, 0xc2, 0x0, 0x0, 0x7c,

    /* U+0148 "ň" */
    0x2, 0x10, 0x24, 0x2, 0x80, 0x30, 0x2, 0x0,
    0x0, 0x18, 0x67, 0x9c, 0x96, 0xc3, 0x8c, 0x30,
    0x83, 0x18, 0x21, 0x86, 0x18, 0x61, 0xb6, 0x3c,
    0x41, 0x0,

    /* U+0149 "ŉ" */
    0x10, 0x0, 0xc0, 0x3, 0x0, 0x8, 0x0, 0x60,
    0x1, 0x0, 0x0, 0x0, 0x1, 0x8c, 0x1c, 0x70,
    0xb6, 0xc0, 0xe2, 0x3, 0x18, 0x8, 0x60, 0x61,
    0x81, 0x84, 0x6, 0x32, 0x30, 0xf0, 0xc3, 0x0,

    /* U+014A "Ŋ" */
    0x0, 0x0, 0x6, 0x0, 0x0, 0xe, 0x7, 0xc0,
    0x10, 0xf, 0xe0, 0x30, 0x10, 0x60, 0x20, 0x20,
    0xe0, 0x60, 0x20, 0xb0, 0x40, 0x60, 0xb0, 0x40,
    0x70, 0xb0, 0xc0, 0x21, 0x30, 0x80, 0x1, 0x18,
    0x80, 0x1, 0x18, 0x80, 0x2, 0x1d, 0x80, 0x2,
    0x1d, 0x0, 0x4, 0xd, 0x0, 0x78, 0xf, 0x0,
    0xf0, 0x7, 0x0, 0x0, 0x6, 0x0, 0x0, 0x6,
    0x0, 0x0, 0x4, 0x0, 0x0, 0xc, 0x0, 0x0,
    0x8, 0x0, 0x0, 0xf0, 0x0, 0x1, 0xe0, 0x0,

    /* U+014B "ŋ" */
    0x8, 0x67, 0x3b, 0x7b, 0xc, 0x63, 0xc, 0x61,
    0xc, 0x61, 0xc, 0x61, 0x8c, 0x21, 0x8c, 0x41,
    0x80, 0x30, 0xc, 0x1, 0x0, 0x20, 0x78, 0x1c,
    0x0,

    /* U+014C "Ō" */
    0x3, 0xfc, 0x0, 0x0, 0x0, 0x0, 0xf, 0x80,
    0x63, 0xc3, 0x1, 0x8c, 0x3, 0x10, 0x7, 0x60,
    0xe, 0x80, 0x1f, 0x0, 0x36, 0x0, 0x6c, 0x0,
    0xd8, 0x1, 0x30, 0x6, 0x60, 0x8, 0xe0, 0x20,
    0xe1, 0x80, 0xfc, 0x0,

    /* U+014D "ō" */
    0xf, 0xf0, 0x0, 0x0, 0x0, 0x0, 0x3, 0x80,
    0xdc, 0x10, 0xc2, 0xc, 0x60, 0xc6, 0xc, 0x41,
    0x8c, 0x18, 0xe3, 0x6, 0x60, 0x78, 0x0,

    /* U+014E "Ŏ" */
    0x0, 0x4, 0x6, 0x18, 0x7, 0xc0, 0x0, 0x0,
    0x0, 0x0, 0x3e, 0x1, 0x8f, 0xc, 0x6, 0x30,
    0xc, 0x40, 0x1d, 0x80, 0x3a, 0x0, 0x7c, 0x0,
    0xd8, 0x1, 0xb0, 0x3, 0x60, 0x4, 0xc0, 0x19,
    0x80, 0x23, 0x80, 0x83, 0x86, 0x3, 0xf0, 0x0,

    /* U+014F "ŏ" */
    0x0, 0x10, 0x61, 0x81, 0xf0, 0x0, 0x0, 0x0,
    0x1, 0xc0, 0x37, 0x2, 0x18, 0x20, 0xc3, 0x6,
    0x18, 0x30, 0x83, 0xc, 0x18, 0x71, 0x81, 0x98,
    0xf, 0x0,

    /* U+0150 "Ő" */
    0x0, 0x34, 0x0, 0x50, 0x1, 0x40, 0x4, 0x80,
    0x12, 0x0, 0x0, 0x0, 0x7c, 0x3, 0x1e, 0x18,
    0xc, 0x60, 0x18, 0x80, 0x3b, 0x0, 0x74, 0x0,
    0xf8, 0x1, 0xb0, 0x3, 0x60, 0x6, 0xc0, 0x9,
    0x80, 0x33, 0x0, 0x47, 0x1, 0x7, 0xc, 0x7,
    0xe0, 0x0,

    /* U+0151 "ő" */
    0x0, 0xd0, 0x5, 0x0, 0x50, 0x5, 0x0, 0x50,
    0x0, 0x0, 0xe, 0x1, 0xb8, 0x10, 0xc1, 0x6,
    0x18, 0x30, 0xc1, 0x84, 0x18, 0x60, 0xc3, 0x8c,
    0xc, 0xc0, 0x78, 0x0,

    /* U+0152 "Œ" */
    0x1, 0xf8, 0x0, 0x30, 0xff, 0x83, 0x3, 0xc,
    0x30, 0x18, 0x3, 0x0, 0x80, 0x30, 0xc, 0x1,
    0x80, 0x60, 0xc, 0x3, 0xf0, 0xc0, 0x10, 0x6,
    0x1, 0x80, 0x30, 0xc, 0x1, 0x80, 0x60, 0x2c,
    0x6, 0x1, 0x70, 0x30, 0x11, 0xc3, 0x81, 0x87,
    0xff, 0xf8,

    /* U+0153 "œ" */
    0x3, 0x9c, 0x37, 0xb1, 0x18, 0xc8, 0x66, 0x61,
    0xb1, 0x87, 0x86, 0x18, 0x30, 0xc0, 0xe3, 0x5,
    0x9e, 0x27, 0x9f, 0x0,

    /* U+0154 "Ŕ" */
    0x0, 0x4, 0x0, 0x0, 0x40, 0x0, 0x6, 0x0,
    0x0, 0x20, 0x0, 0x2, 0x0, 0x0, 0x10, 0x0,
    0x3, 0xf8, 0x0, 0xf8, 0xe0, 0x18, 0xc3, 0x0,
    0x86, 0x18, 0xc, 0x31, 0xc0, 0x63, 0xc, 0x3,
    0x19, 0xc0, 0x18, 0xf8, 0x0, 0x87, 0x80, 0x0,
    0x66, 0x0, 0x3, 0x30, 0x0, 0x19, 0x80, 0x0,
    0x8e, 0x0, 0x8, 0x30, 0x0, 0x81, 0x80, 0x3f,
    0xe, 0x0, 0x0, 0x30, 0x0, 0x1, 0xc0, 0x0,
    0x7, 0x18, 0x0, 0xf, 0x80,

    /* U+0155 "ŕ" */
    0x0, 0x80, 0x40, 0x20, 0x10, 0x8, 0x0, 0x1,
    0x99, 0xfe, 0x98, 0xc, 0x3, 0x0, 0xc0, 0x30,
    0x18, 0x6, 0x1, 0x80, 0x40, 0x0,

    /* U+0156 "Ŗ" */
    0x0, 0x20, 0x0, 0x7, 0xf0, 0x1, 0xf1, 0xc0,
    0x31, 0x86, 0x1, 0xc, 0x30, 0x18, 0x63, 0x80,
    0xc6, 0x18, 0x6, 0x33, 0x80, 0x31, 0xf0, 0x1,
    0xf, 0x0, 0x0, 0xcc, 0x0, 0x6, 0x60, 0x0,
    0x33, 0x0, 0x1, 0x1c, 0x0, 0x10, 0x60, 0x1,
    0x3, 0x0, 0x7e, 0x1c, 0x0, 0x0, 0x60, 0x0,
    0x3, 0x80, 0x3, 0xe, 0x30, 0x10, 0x1f, 0x0,
    0x80, 0x0, 0x8, 0x0, 0x0, 0x80, 0x0,

    /* U+0157 "ŗ" */
    0xc, 0xcf, 0xf4, 0xc0, 0x60, 0x18, 0x6, 0x1,
    0x80, 0xc0, 0x30, 0xc, 0x2, 0x0, 0x0, 0x0,
    0x8, 0x2, 0x1, 0x80, 0x40, 0x20, 0x0,

    /* U+0158 "Ř" */
    0x0, 0x21, 0x0, 0x1, 0x10, 0x0, 0xb, 0x0,
    0x0, 0x60, 0x0, 0x2, 0x0, 0x0, 0x10, 0x0,
    0x3, 0xf8, 0x0, 0xf8, 0xe0, 0x18, 0xc3, 0x0,
    0x86, 0x18, 0xc, 0x31, 0xc0, 0x63, 0xc, 0x3,
    0x19, 0xc0, 0x18, 0xf8, 0x0, 0x87, 0x80, 0x0,
    0x66, 0x0, 0x3, 0x30, 0x0, 0x19, 0x80, 0x0,
    0x8e, 0x0, 0x8, 0x30, 0x0, 0x81, 0x80, 0x3f,
    0xe, 0x0, 0x0, 0x30, 0x0, 0x1, 0xc0, 0x0,
    0x7, 0x18, 0x0, 0xf, 0x80,

    /* U+0159 "ř" */
    0x4, 0x40, 0x90, 0x14, 0x3, 0x0, 0x40, 0x0,
    0x6, 0x63, 0xfc, 0x98, 0x6, 0x0, 0xc0, 0x18,
    0x3, 0x0, 0xc0, 0x18, 0x3, 0x0, 0x40, 0x0,

    /* U+015A "Ś" */
    0x0, 0xc, 0x0, 0x60, 0x1, 0x0, 0x8, 0x0,
    0x40, 0x0, 0x0, 0x7, 0x80, 0x23, 0x1, 0x8,
    0x8, 0x0, 0x20, 0x0, 0xc0, 0x3, 0x80, 0xf,
    0x0, 0x1e, 0x0, 0x1c, 0x0, 0x30, 0x0, 0xc4,
    0x3, 0x10, 0x8, 0xc0, 0x43, 0xc2, 0x7, 0xf0,
    0x0,

    /* U+015B "ś" */
    0x0, 0x60, 0x18, 0x6, 0x0, 0x80, 0x20, 0x0,
    0x0, 0xe0, 0x6c, 0x18, 0x3, 0x0, 0x70, 0x7,
    0x0, 0x70, 0x4, 0x30, 0x87, 0x20, 0x78, 0x0,

    /* U+015C "Ŝ" */
    0x0, 0xc, 0x0, 0x70, 0x2, 0x40, 0x11, 0x0,
    0x4, 0x0, 0x0, 0x7, 0x80, 0x23, 0x1, 0x8,
    0x8, 0x0, 0x20, 0x0, 0xc0, 0x3, 0x80, 0xf,
    0x0, 0x1e, 0x0, 0x1c, 0x0, 0x30, 0x0, 0xc4,
    0x3, 0x10, 0x8, 0xc0, 0x43, 0xc2, 0x7, 0xf0,
    0x0,

    /* U+015D "ŝ" */
    0x1, 0x81, 0xc1, 0x21, 0x10, 0x8, 0x0, 0xe,
    0x1b, 0x18, 0xc, 0x7, 0x1, 0xc0, 0x70, 0x13,
    0x9, 0xc8, 0x78, 0x0,

    /* U+015E "Ş" */
    0x0, 0x38, 0x3, 0x30, 0x10, 0x80, 0x80, 0x2,
    0x0, 0xc, 0x0, 0x38, 0x0, 0xf0, 0x1, 0xe0,
    0x1, 0xc0, 0x3, 0x0, 0xc, 0x40, 0x31, 0x0,
    0x8c, 0x4, 0x3c, 0x20, 0x7f, 0x0, 0x60, 0x1,
    0x0, 0x6, 0x0, 0x10, 0x1, 0x80, 0x0,

    /* U+015F "ş" */
    0x1, 0xc1, 0xa0, 0xc0, 0x30, 0xe, 0x1, 0xc0,
    0x38, 0x4, 0x61, 0x1c, 0x83, 0xc0, 0x40, 0x20,
    0xc, 0x2, 0x3, 0x0,

    /* U+0160 "Š" */
    0x0, 0x11, 0x0, 0x12, 0x0, 0x14, 0x0, 0x18,
    0x0, 0x10, 0x0, 0x0, 0x0, 0x78, 0x0, 0x8c,
    0x1, 0x8, 0x2, 0x0, 0x2, 0x0, 0x3, 0x0,
    0x3, 0x80, 0x3, 0xc0, 0x1, 0xe0, 0x0, 0x70,
    0x0, 0x30, 0x0, 0x30, 0x40, 0x30, 0x40, 0x20,
    0xc0, 0x40, 0xf0, 0x80, 0x7f, 0x0,

    /* U+0161 "š" */
    0x2, 0x10, 0x22, 0x3, 0xc0, 0x38, 0x2, 0x0,
    0x0, 0x3, 0x80, 0xd0, 0x18, 0x1, 0x80, 0x1c,
    0x0, 0xe0, 0x7, 0x0, 0x20, 0xc2, 0xe, 0x40,
    0x78, 0x0,

    /* U+0162 "Ţ" */
    0x0, 0x0, 0x0, 0x0, 0x43, 0xff, 0xe6, 0xc,
    0x4, 0x6, 0x6, 0x3, 0x3, 0x3, 0x1, 0x81,
    0x80, 0xc0, 0xc0, 0x60, 0x60, 0x20, 0x60, 0x0,
    0x30, 0x0, 0x18, 0x0, 0xc, 0x0, 0xc, 0x0,
    0x4, 0x0, 0x4, 0x0, 0xf, 0xf0, 0x0, 0x0,
    0x0, 0x0, 0x1, 0x80, 0x0, 0xc0, 0x0, 0x40,
    0x0, 0x20, 0x0, 0x20, 0x0, 0x0,

    /* U+0163 "ţ" */
    0x2, 0x1, 0x80, 0x60, 0x30, 0x3f, 0x83, 0x0,
    0xc0, 0x60, 0x18, 0x6, 0x1, 0x90, 0x78, 0x18,
    0x0, 0x1, 0x0, 0xc0, 0x20, 0x8, 0x4, 0x2,
    0x0,

    /* U+0164 "Ť" */
    0x0, 0x22, 0x0, 0x12, 0x0, 0xa, 0x0, 0x6,
    0x0, 0x2, 0x0, 0x0, 0x4, 0x3f, 0xfe, 0x60,
    0xc0, 0x40, 0x60, 0x60, 0x30, 0x30, 0x30, 0x18,
    0x18, 0xc, 0xc, 0x6, 0x6, 0x2, 0x6, 0x0,
    0x3, 0x0, 0x1, 0x80, 0x0, 0xc0, 0x0, 0xc0,
    0x0, 0x40, 0x0, 0x40, 0x0, 0xff, 0x0,

    /* U+0165 "ť" */
    0x0, 0x40, 0x30, 0xc, 0x2, 0x1, 0x2, 0x1,
    0x80, 0x40, 0x30, 0x3f, 0x83, 0x0, 0x80, 0x60,
    0x18, 0x6, 0x1, 0x90, 0x78, 0x18, 0x0,

    /* U+0166 "Ŧ" */
    0x0, 0x0, 0x0, 0x0, 0x43, 0xff, 0xe6, 0xc,
    0x4, 0x6, 0x6, 0x3, 0x3, 0x3, 0x1, 0x81,
    0x80, 0xcf, 0xfc, 0x60, 0x60, 0x20, 0x60, 0x0,
    0x30, 0x0, 0x18, 0x0, 0xc, 0x0, 0xc, 0x0,
    0x4, 0x0, 0x4, 0x0, 0xf, 0xf0, 0x0,

    /* U+0167 "ŧ" */
    0x8, 0x18, 0x10, 0x30, 0xfe, 0x30, 0xfc, 0x60,
    0x60, 0x60, 0x64, 0x78, 0x60,

    /* U+0168 "Ũ" */
    0x0, 0x78, 0x0, 0x23, 0xe0, 0x0, 0x0, 0x0,
    0x0, 0x0, 0x0, 0x3, 0xf0, 0xf3, 0x18, 0x19,
    0x4, 0x6, 0x43, 0x1, 0xb0, 0x80, 0x6c, 0x60,
    0x33, 0x10, 0xc, 0xc, 0x3, 0x3, 0x0, 0xc1,
    0x80, 0x60, 0x60, 0x18, 0x18, 0x6, 0x6, 0x3,
    0x81, 0xc3, 0xe0, 0x3f, 0x3e,

    /* U+0169 "ũ" */
    0x6, 0x0, 0x92, 0x10, 0xc0, 0x0, 0x0, 0x1,
    0x86, 0x38, 0xcf, 0xc, 0x30, 0xc3, 0x8, 0x31,
    0x82, 0x18, 0x63, 0x86, 0x5a, 0x7b, 0xc6, 0x30,

    /* U+016A "Ū" */
    0x0, 0x3f, 0xc0, 0x0, 0x0, 0x0, 0x0, 0x0,
    0x0, 0xf, 0xc3, 0xcc, 0x60, 0x64, 0x10, 0x19,
    0xc, 0x6, 0xc2, 0x1, 0xb1, 0x80, 0xcc, 0x40,
    0x30, 0x30, 0xc, 0xc, 0x3, 0x7, 0x1, 0x81,
    0x80, 0x60, 0x60, 0x18, 0x18, 0xe, 0x7, 0xf,
    0x80, 0xfc, 0xf8,

    /* U+016B "ū" */
    0xf, 0xf0, 0x0, 0x0, 0x0, 0x0, 0x18, 0x63,
    0x8c, 0xf0, 0xc3, 0xc, 0x30, 0x83, 0x18, 0x21,
    0x86, 0x38, 0x65, 0xa7, 0xbc, 0x63, 0x0,

    /* U+016C "Ŭ" */
    0x0, 0x40, 0x40, 0x8, 0x20, 0x1, 0xf0, 0x0,
    0x0, 0x0, 0x0, 0x0, 0x0, 0x0, 0xfc, 0x3c,
    0xc6, 0x7, 0x41, 0x1, 0x90, 0xc0, 0x6c, 0x20,
    0x1b, 0x18, 0xc, 0xc4, 0x3, 0x3, 0x0, 0xc0,
    0xc0, 0x30, 0x60, 0x18, 0x18, 0x6, 0x6, 0x1,
    0x81, 0xc0, 0xe0, 0x70, 0xf8, 0xf, 0xcf, 0x80,

    /* U+016D "ŭ" */
    0x8, 0x8, 0x20, 0x80, 0xf8, 0x0, 0x0, 0x0,
    0xc, 0x30, 0xe3, 0x1e, 0x18, 0x30, 0xc1, 0x84,
    0xc, 0x60, 0x43, 0x6, 0x38, 0x32, 0xd1, 0xef,
    0xc, 0x60,

    /* U+016E "Ů" */
    0x0, 0xe, 0x0, 0x4, 0x80, 0x2, 0x20, 0x0,
    0xd8, 0x0, 0x1c, 0x0, 0x0, 0x0, 0x0, 0x0,
    0x3f, 0xf, 0x31, 0x81, 0x90, 0x40, 0x64, 0x30,
    0x1b, 0x8, 0x6, 0xc6, 0x3, 0x31, 0x0, 0xc0,
    0xc0, 0x30, 0x30, 0xc, 0x18, 0x6, 0x6, 0x1,
    0x81, 0x80, 0x60, 0x60, 0x38, 0x1c, 0x3e, 0x3,
    0xf3, 0xe0,

    /* U+016F "ů" */
    0x0, 0xe0, 0x12, 0x3, 0x20, 0x36, 0x1, 0xc0,
    0x0, 0x18, 0x63, 0x8c, 0xf0, 0xc3, 0xc, 0x30,
    0x83, 0x18, 0x21, 0x86, 0x38, 0x65, 0xa7, 0xbc,
    0x63, 0x0,

    /* U+0170 "Ű" */
    0x0, 0x0, 0x0, 0x0, 0x2c, 0x0, 0xb, 0x0,
    0x2, 0x40, 0x0, 0x90, 0x0, 0x24, 0x0, 0x0,
    0x0, 0x7e, 0x1e, 0x31, 0x81, 0x88, 0x20, 0x31,
    0xc, 0x6, 0x61, 0x0, 0xcc, 0x60, 0x31, 0x88,
    0x6, 0x3, 0x0, 0xc0, 0x60, 0x18, 0x1c, 0x6,
    0x3, 0x0, 0xc0, 0x60, 0x18, 0xc, 0x7, 0x1,
    0xc3, 0xe0, 0x1f, 0x9f, 0x0,

    /* U+0171 "ű" */
    0x0, 0x90, 0x12, 0x3, 0x40, 0x28, 0x5, 0x0,
    0x0, 0x18, 0x63, 0x8c, 0xf0, 0xc3, 0xc, 0x30,
    0x83, 0x18, 0x21, 0x86, 0x38, 0x65, 0xa7, 0xbc,
    0x63, 0x0,

    /* U+0172 "Ų" */
    0xf, 0xc3, 0xcc, 0x60, 0x74, 0x10, 0x19, 0xc,
    0x6, 0xc2, 0x1, 0xb1, 0x80, 0xcc, 0x40, 0x30,
    0x30, 0xc, 0xc, 0x3, 0x7, 0x1, 0x81, 0x80,
    0x60, 0x60, 0x18, 0x18, 0xe, 0x7, 0xf, 0x80,
    0xfc, 0xf8, 0x0, 0xc, 0x0, 0x6, 0x0, 0x1,
    0x80, 0x0, 0x78,

    /* U+0173 "ų" */
    0x18, 0x63, 0x8c, 0xf0, 0xc3, 0xc, 0x30, 0x83,
    0x18, 0x21, 0x86, 0x38, 0x65, 0xb7, 0xbc, 0x63,
    0x80, 0x10, 0x2, 0x0, 0x60, 0x3, 0x80,

    /* U+0174 "Ŵ" */
    0x0, 0x0, 0x40, 0x0, 0x0, 0x60, 0x0, 0x0,
    0x50, 0x0, 0x0, 0x48, 0x0, 0x0, 0x44, 0x18,
    0x0, 0x0, 0x1c, 0x0, 0x0, 0x6, 0x3f, 0x2,
    0x3, 0x63, 0x83, 0x1, 0x21, 0x83, 0x81, 0xb0,
    0xc1, 0xc0, 0x98, 0x61, 0x60, 0x4c, 0x31, 0x30,
    0x46, 0x18, 0x98, 0x40, 0x18, 0x8c, 0x20, 0xc,
    0x86, 0x20, 0x6, 0x43, 0x20, 0x3, 0x41, 0xa0,
    0x1, 0xc0, 0xf0, 0x0, 0xc0, 0x70, 0x0, 0xe0,
    0x70, 0x0, 0x60, 0x30, 0x0,

    /* U+0175 "ŵ" */
    0x0, 0x2, 0x0, 0x1, 0x80, 0x0, 0xa0, 0x0,
    0x48, 0x0, 0x22, 0x0, 0x10, 0x0, 0x0, 0xc,
    0x0, 0x3, 0x3f, 0x30, 0xd1, 0x8c, 0x38, 0x43,
    0xe, 0x20, 0x82, 0x18, 0x61, 0x84, 0x18, 0x43,
    0xe, 0x20, 0xc7, 0x10, 0x32, 0xe8, 0xf, 0x1c,
    0x0,

    /* U+0176 "Ŷ" */
    0x0, 0x0, 0x0, 0x0, 0x60, 0x0, 0xe, 0x0,
    0x1, 0x30, 0x0, 0x21, 0x0, 0x0, 0x0, 0x7,
    0x80, 0x61, 0x9e, 0xc, 0x20, 0xe1, 0x2, 0x6,
    0x20, 0x60, 0x66, 0x6, 0x2, 0x40, 0x60, 0x28,
    0x6, 0x3, 0x80, 0x0, 0x30, 0x0, 0x3, 0x0,
    0x0, 0x60, 0x0, 0x6, 0x0, 0x0, 0x40, 0x0,
    0xc, 0x0, 0x0, 0x80, 0x0, 0x10, 0x0, 0x3,
    0x0, 0xf, 0xe0, 0x0, 0xf8, 0x0, 0x0,

    /* U+0177 "ŷ" */
    0x0, 0x30, 0x2, 0x80, 0x24, 0x2, 0x20, 0x20,
    0x0, 0x0, 0x18, 0x23, 0xc6, 0x2c, 0x30, 0x61,
    0x83, 0xc, 0x10, 0xc1, 0x86, 0xc, 0x30, 0x67,
    0x83, 0xd8, 0x18, 0xc0, 0x6, 0x0, 0x30, 0x1,
    0x0, 0x18, 0x0, 0x81, 0x8, 0xf, 0x80,

    /* U+0178 "Ÿ" */
    0x0, 0x11, 0x0, 0x3, 0xb8, 0x0, 0x10, 0x0,
    0x0, 0x0, 0x7, 0xc0, 0x61, 0x9c, 0xc, 0x20,
    0xe1, 0x2, 0x6, 0x20, 0x60, 0x66, 0x6, 0x2,
    0x40, 0x60, 0x28, 0x6, 0x3, 0x80, 0x0, 0x30,
    0x0, 0x3, 0x0, 0x0, 0x60, 0x0, 0x6, 0x0,
    0x0, 0x40, 0x0, 0x8, 0x0, 0x0, 0x80, 0x0,
    0x10, 0x0, 0x3, 0x0, 0xf, 0xe0, 0x0, 0xf8,
    0x0, 0x0,

    /* U+0179 "Ź" */
    0x0, 0x6, 0x0, 0xc, 0x0, 0x8, 0x0, 0x10,
    0x0, 0x20, 0x0, 0x0, 0x7, 0xfe, 0xf, 0xfc,
    0x8, 0x8, 0x8, 0x10, 0x10, 0x30, 0x0, 0x60,
    0x0, 0xc0, 0x1, 0x80, 0x3, 0x1, 0x6, 0x3,
    0xc, 0x3, 0x18, 0x1, 0x30, 0x3, 0x60, 0x2,
    0xff, 0xfc, 0x87, 0xf8,

    /* U+017A "ź" */
    0x0, 0x10, 0x3, 0x0, 0x20, 0x4, 0x0, 0x80,
    0x0, 0x0, 0x10, 0xfe, 0x8, 0x41, 0x8, 0x11,
    0x0, 0x20, 0x4, 0x0, 0x83, 0x10, 0x33, 0x2,
    0x7c, 0x48, 0xf8,

    /* U+017B "Ż" */
    0x0, 0x10, 0x0, 0x38, 0x0, 0x10, 0x0, 0x0,
    0x0, 0x0, 0x7, 0xfe, 0xf, 0xfc, 0x8, 0x8,
    0x8, 0x10, 0x10, 0x30, 0x0, 0x60, 0x0, 0xc0,
    0x1, 0x80, 0x3, 0x1, 0x6, 0x3, 0xc, 0x3,
    0x18, 0x1, 0x30, 0x3, 0x60, 0x2, 0xff, 0xfc,
    0x87, 0xf8,

    /* U+017C "ż" */
    0x0, 0x0, 0xc, 0x0, 0xc0, 0x8, 0x0, 0x0,
    0x1, 0xf, 0xe0, 0x84, 0x10, 0x81, 0x10, 0x2,
    0x0, 0x40, 0x8, 0x31, 0x3, 0x30, 0x27, 0xc4,
    0x8f, 0x80,

    /* U+017D "Ž" */
    0x0, 0x22, 0x0, 0x24, 0x0, 0x28, 0x0, 0x30,
    0x0, 0x20, 0x0, 0x0, 0x7, 0xfe, 0xf, 0xfc,
    0x8, 0x8, 0x8, 0x10, 0x10, 0x30, 0x0, 0x60,
    0x0, 0xc0, 0x1, 0x80, 0x3, 0x1, 0x6, 0x3,
    0xc, 0x3, 0x18, 0x1, 0x30, 0x3, 0x60, 0x2,
    0xff, 0xfc, 0x87, 0xf8,

    /* U+017E "ž" */
    0x0, 0x0, 0x4, 0x40, 0x24, 0x1, 0xc0, 0xc,
    0x0, 0x0, 0x0, 0x41, 0xfc, 0x8, 0x40, 0x84,
    0x4, 0x40, 0x4, 0x0, 0x40, 0x4, 0x18, 0x40,
    0xc6, 0x4, 0x7c, 0x44, 0x7c, 0x0,

    /* U+017F "ſ" */
    0x0, 0x0, 0x80, 0x1, 0xe0, 0x0, 0x80, 0x0,
    0x60, 0x0, 0x30, 0x0, 0xc, 0x0, 0x3, 0x0,
    0x1, 0x80, 0x0, 0x60, 0x0, 0x18, 0x0, 0x6,
    0x0, 0x3, 0x0, 0x0, 0xc0, 0x0, 0x30, 0x0,
    0x8, 0x0, 0x6, 0x0, 0x1, 0x80, 0x0, 0x60,
    0x0, 0x10, 0x0, 0xc, 0x0, 0x2, 0x0, 0x0,
    0x80, 0x0, 0x40, 0x1, 0xe0, 0x0, 0x70, 0x0,
    0x0,

    /* U+0192 "ƒ" */
    0x0, 0x7, 0x0, 0xc, 0x0, 0x4, 0x0, 0x4,
    0x0, 0x6, 0x0, 0x3, 0x0, 0x3, 0x80, 0xf,
    0xf0, 0x0, 0xc0, 0x0, 0x60, 0x0, 0x30, 0x0,
    0x30, 0x0, 0x18, 0x0, 0xc, 0x0, 0x4, 0x0,
    0x6, 0x0, 0x3, 0x0, 0x1, 0x80, 0x0, 0x80,
    0x0, 0xc0, 0x0, 0x40, 0x0, 0x20, 0x0, 0x20,
    0x1, 0xe0, 0x0,

    /* U+01FA "Ǻ" */
    0x0, 0x0, 0x0, 0x0, 0x60, 0x0, 0x10, 0x0,
    0x8, 0x0, 0x5, 0xc0, 0x0, 0x90, 0x0, 0x24,
    0x0, 0x9, 0x0, 0x3, 0x80, 0x3f, 0xc0, 0x30,
    0x70, 0x18, 0x3c, 0x4, 0xb, 0x1, 0x5, 0x80,
    0xc3, 0x60, 0x38, 0x98, 0x4, 0x46, 0x0, 0x31,
    0x80, 0x18, 0x60, 0x7, 0xf0, 0x2, 0xc, 0x1,
    0x3, 0x0, 0x80, 0xc3, 0xc0, 0x30, 0xe0, 0xf,
    0x80,

    /* U+01FB "ǻ" */
    0x0, 0x40, 0x10, 0x4, 0x1, 0x80, 0x2e, 0x2,
    0x40, 0x88, 0x13, 0x1, 0xc0, 0x0, 0x1f, 0x8c,
    0x63, 0xc, 0x43, 0x18, 0x63, 0xc, 0x61, 0x98,
    0x63, 0xbd, 0xf9, 0xc6, 0x30,

    /* U+01FC "Ǽ" */
    0x0, 0x0, 0x60, 0x0, 0x6, 0x0, 0x0, 0x20,
    0x0, 0x2, 0x0, 0x0, 0x20, 0x0, 0x0, 0x0,
    0x1, 0xff, 0xc0, 0x3, 0x86, 0x0, 0x2c, 0x20,
    0x3, 0x60, 0x0, 0x16, 0x0, 0x1, 0x30, 0x0,
    0x11, 0x80, 0x1, 0xff, 0xc0, 0x10, 0xc0, 0x1,
    0x6, 0x0, 0x18, 0x30, 0x9, 0x81, 0x80, 0x98,
    0x18, 0x9, 0xc0, 0xc0, 0xcc, 0x1f, 0xfc, 0x0,

    /* U+01FD "ǽ" */
    0x0, 0x8, 0x0, 0x40, 0x2, 0x0, 0x10, 0x0,
    0x80, 0x1, 0x0, 0x77, 0x82, 0x73, 0x31, 0x8c,
    0x86, 0x66, 0x13, 0x18, 0x50, 0x63, 0x83, 0xc,
    0xc, 0x70, 0x7e, 0xe6, 0x61, 0xe0,

    /* U+01FE "Ǿ" */
    0x0, 0x0, 0x0, 0x3, 0x0, 0x4, 0x0, 0x8,
    0x0, 0x9, 0x0, 0x2, 0x0, 0xfc, 0x3, 0x1c,
    0xc, 0xe, 0x18, 0x16, 0x30, 0x26, 0x30, 0x66,
    0x60, 0x46, 0x60, 0x86, 0x61, 0x6, 0x62, 0x6,
    0x66, 0xc, 0x64, 0xc, 0x68, 0x18, 0x70, 0x30,
    0x38, 0x40, 0x3f, 0x80, 0x40, 0x0, 0x80, 0x0,
    0x80, 0x0,

    /* U+01FF "ǿ" */
    0x0, 0x40, 0x18, 0x6, 0x0, 0xa0, 0x24, 0x1,
    0x0, 0xe0, 0x6e, 0x12, 0xc6, 0x59, 0x93, 0x32,
    0x66, 0x88, 0xd3, 0x1c, 0x43, 0xb0, 0x78, 0x4,
    0x1, 0x0, 0x20, 0x0, 0x0,

    /* U+0218 "Ș" */
    0x0, 0x78, 0x2, 0x30, 0x10, 0x80, 0x80, 0x2,
    0x0, 0xc, 0x0, 0x38, 0x0, 0xf0, 0x1, 0xe0,
    0x1, 0xc0, 0x3, 0x0, 0xc, 0x40, 0x31, 0x0,
    0x8c, 0x4, 0x3c, 0x20, 0x7f, 0x0, 0x10, 0x0,
    0xc0, 0x3, 0x0, 0x8, 0x0, 0x40, 0x1, 0x0,
    0x0,

    /* U+0219 "ș" */
    0x3, 0x86, 0xc6, 0x3, 0x1, 0xc0, 0x70, 0x1c,
    0x4, 0xc2, 0x72, 0x1e, 0x0, 0x1, 0x1, 0x80,
    0x80, 0x40, 0x40, 0x40, 0x0,

    /* U+021A "Ț" */
    0x0, 0x0, 0x0, 0x0, 0x43, 0xff, 0xe6, 0xc,
    0x4, 0x6, 0x6, 0x3, 0x3, 0x3, 0x1, 0x81,
    0x80, 0xc0, 0xc0, 0x60, 0x60, 0x20, 0x60, 0x0,
    0x30, 0x0, 0x18, 0x0, 0xc, 0x0, 0xc, 0x0,
    0x4, 0x0, 0x4, 0x0, 0xf, 0xf0, 0x0, 0x0,
    0x0, 0x0, 0x1, 0x80, 0x0, 0xc0, 0x0, 0x40,
    0x0, 0x20, 0x0, 0x20, 0x0, 0x0,

    /* U+021B "ț" */
    0x2, 0x1, 0x80, 0x60, 0x30, 0x3f, 0x83, 0x0,
    0xc0, 0x60, 0x18, 0x6, 0x1, 0x90, 0x78, 0x18,
    0x0, 0x1, 0x0, 0xc0, 0x20, 0x8, 0x4, 0x2,
    0x0,

    /* U+02C6 "ˆ" */
    0x8, 0x62, 0xd1, 0x84,

    /* U+02C7 "ˇ" */
    0x86, 0x2d, 0x18, 0x40,

    /* U+02C9 "ˉ" */
    0x7f, 0x0,

    /* U+02D8 "˘" */
    0x80, 0xa0, 0x8f, 0x80,

    /* U+02D9 "˙" */
    0x78,

    /* U+02DA "˚" */
    0x3a, 0x63, 0x37, 0x0,

    /* U+02DB "˛" */
    0x48, 0x9e,

    /* U+02DC "˜" */
    0x78, 0xc7, 0x80,

    /* U+02DD "˝" */
    0x1a, 0x14, 0x28, 0x50, 0xa0,

    /* U+0384 "΄" */
    0x6d, 0x28,

    /* U+0385 "΅" */
    0x58, 0xda, 0xd7, 0x90, 0x20,

    /* U+0386 "Ά" */
    0x8, 0x0, 0x4, 0x7f, 0x86, 0xc1, 0xc2, 0x81,
    0x60, 0x40, 0xe0, 0x20, 0xb0, 0x30, 0x98, 0x1c,
    0xcc, 0x0, 0x46, 0x0, 0x43, 0x0, 0x61, 0x0,
    0x3f, 0x80, 0x20, 0xc0, 0x20, 0x60, 0x20, 0x31,
    0xe0, 0x18, 0xe0, 0xf, 0x0,

    /* U+0387 "·" */
    0xff, 0x80,

    /* U+0388 "Έ" */
    0x60, 0x0, 0x20, 0x10, 0x31, 0xff, 0xf3, 0x18,
    0x33, 0xc, 0x11, 0x6, 0x1, 0x83, 0x0, 0xc3,
    0x0, 0x61, 0x80, 0x1, 0xfc, 0x0, 0x40, 0x0,
    0x60, 0x0, 0x30, 0x0, 0x10, 0x4, 0x18, 0x6,
    0x18, 0x2, 0x3f, 0xfe, 0x0,

    /* U+0389 "Ή" */
    0x0, 0x0, 0x7, 0x10, 0x0, 0x18, 0x31, 0xf0,
    0x10, 0x36, 0x60, 0x20, 0x28, 0x60, 0x60, 0x18,
    0x60, 0x60, 0x18, 0x60, 0xc0, 0x18, 0xc0, 0xc0,
    0x18, 0xc0, 0xc0, 0x1, 0xff, 0xc0, 0x0, 0xc1,
    0x80, 0x1, 0x81, 0x80, 0x1, 0x81, 0x80, 0x1,
    0x1, 0x80, 0x3, 0x3, 0x0, 0x6, 0x3, 0x0,
    0x7c, 0x3, 0x0, 0x70, 0x3, 0xe0,

    /* U+038A "Ί" */
    0x20, 0x18, 0x4, 0xfd, 0xc, 0x6, 0x1, 0x80,
    0x60, 0x38, 0xc, 0x3, 0x0, 0xc0, 0x70, 0x18,
    0x6, 0x1, 0x80, 0xe0, 0xfe, 0x0,

    /* U+038C "Ό" */
    0x60, 0x1, 0x7, 0xc4, 0x63, 0xb6, 0x7, 0x30,
    0xd, 0x80, 0x36, 0x0, 0xf0, 0x3, 0xc0, 0xf,
    0x0, 0x3c, 0x0, 0xf0, 0x6, 0xc0, 0x1b, 0x0,
    0xce, 0x6, 0x1c, 0x20, 0x3f, 0x0,

    /* U+038E "Ύ" */
    0x60, 0x0, 0x8, 0x0, 0xd, 0x1e, 0x7, 0xec,
    0xe0, 0x8a, 0xe, 0x20, 0xc0, 0xc8, 0x18, 0x19,
    0x3, 0x3, 0x40, 0x60, 0x68, 0x8, 0xe, 0x0,
    0x1, 0xc0, 0x0, 0x30, 0x0, 0x6, 0x0, 0x0,
    0x80, 0x0, 0x10, 0x0, 0x4, 0x0, 0x1, 0x0,
    0x0, 0x20, 0x0, 0x18, 0x0, 0x7e, 0x0, 0xf,
    0x80, 0x0,

    /* U+038F "Ώ" */
    0xc, 0x0, 0x0, 0x83, 0xe0, 0x9, 0xc7, 0x1,
    0x30, 0x38, 0x6, 0x1, 0x80, 0xc0, 0x1c, 0xc,
    0x1, 0xc1, 0x80, 0x18, 0x18, 0x1, 0x81, 0x80,
    0x18, 0x18, 0x1, 0x31, 0xc0, 0x33, 0xc, 0x6,
    0x30, 0x71, 0x83, 0x81, 0x10, 0x2f, 0xe1, 0xfc,
    0xfe, 0x1f, 0x80,

    /* U+0390 "ΐ" */
    0xc, 0x35, 0x9a, 0xcb, 0x0, 0x0, 0x0, 0x40,
    0xe0, 0xb0, 0x10, 0x18, 0xc, 0x6, 0x2, 0x3,
    0x21, 0xe0, 0xc0, 0x0,

    /* U+0391 "Α" */
    0x0, 0xff, 0x0, 0xc1, 0xc0, 0x60, 0xf0, 0x10,
    0x28, 0x4, 0x16, 0x3, 0xd, 0x80, 0xe2, 0x60,
    0x11, 0x18, 0x0, 0xc6, 0x0, 0x61, 0x80, 0x1f,
    0xc0, 0x8, 0x30, 0x4, 0xc, 0x2, 0x3, 0xf,
    0x0, 0xc3, 0x80, 0x3e,

    /* U+0392 "Β" */
    0x0, 0x0, 0x7, 0xf8, 0x33, 0x39, 0x86, 0x36,
    0x18, 0x68, 0x30, 0xf0, 0x63, 0x60, 0x88, 0xc3,
    0xfd, 0x6, 0x3c, 0xc, 0x38, 0x10, 0x70, 0x60,
    0xe0, 0x81, 0x82, 0x2, 0x8, 0x18, 0x7f, 0xc0,

    /* U+0393 "Γ" */
    0x0, 0x0, 0x83, 0xff, 0x82, 0x18, 0x2, 0x18,
    0x2, 0xc, 0x1, 0x6, 0x1, 0x83, 0x0, 0xc3,
    0x0, 0x31, 0x80, 0x0, 0xc0, 0x0, 0x60, 0x0,
    0x60, 0x0, 0x30, 0x0, 0x10, 0x0, 0x10, 0x1,
    0xf0, 0x0, 0xe0, 0x0, 0x0,

    /* U+0394 "Δ" */
    0x0, 0x8, 0x0, 0x30, 0x0, 0xe0, 0x1, 0xc0,
    0x5, 0x80, 0x13, 0x0, 0x46, 0x1, 0xc, 0x6,
    0x18, 0x8, 0x30, 0x20, 0x60, 0x80, 0xc2, 0x0,
    0xca, 0x1, 0xbf, 0xff, 0x41, 0xff,

    /* U+0395 "Ε" */
    0x0, 0x40, 0xf, 0xff, 0x31, 0x83, 0x61, 0x82,
    0xc1, 0x80, 0xc3, 0x0, 0xc3, 0x0, 0xc3, 0x0,
    0x7, 0xf0, 0x6, 0x0, 0x6, 0x0, 0x6, 0x0,
    0x4, 0x1, 0x8, 0x3, 0x10, 0x2, 0x7f, 0xfc,

    /* U+0396 "Ζ" */
    0x7, 0xfe, 0xf, 0xfc, 0x8, 0xc, 0x8, 0x18,
    0x10, 0x30, 0x0, 0x60, 0x0, 0xc0, 0x1, 0x80,
    0x3, 0x1, 0x6, 0x3, 0xc, 0x3, 0x18, 0x1,
    0x30, 0x3, 0x60, 0x2, 0xff, 0xfc, 0x87, 0xf8,

    /* U+0397 "Η" */
    0x0, 0x0, 0x6, 0x0, 0x0, 0x18, 0x1, 0xf0,
    0x20, 0x6, 0x60, 0x60, 0x8, 0x60, 0x60, 0x18,
    0xc0, 0xc0, 0x18, 0xc0, 0xc0, 0x18, 0xc0, 0xc0,
    0x18, 0xc1, 0xc0, 0x1, 0xff, 0x80, 0x1, 0x81,
    0x80, 0x1, 0x81, 0x80, 0x1, 0x83, 0x0, 0x3,
    0x3, 0x0, 0x2, 0x3, 0x0, 0x4, 0x3, 0x0,
    0x78, 0x7, 0x0, 0xf0, 0x7, 0xe0,

    /* U+0398 "Θ" */
    0x1, 0xf0, 0xc, 0x78, 0x60, 0x71, 0x80, 0x62,
    0x0, 0xec, 0x1, 0xd0, 0x3, 0xe7, 0xf6, 0xc0,
    0xd, 0x80, 0x1b, 0x0, 0x26, 0x0, 0xcc, 0x1,
    0x1c, 0x4, 0x1c, 0x30, 0x1f, 0x80,

    /* U+0399 "Ι" */
    0xf, 0xc0, 0x60, 0xc, 0x1, 0x80, 0x60, 0xc,
    0x1, 0x80, 0x30, 0xc, 0x1, 0x80, 0x30, 0xe,
    0x1, 0x80, 0x30, 0x1f, 0x80,

    /* U+039A "Κ" */
    0x3, 0xf0, 0x70, 0x63, 0x7, 0x84, 0x18, 0x40,
    0x60, 0xcc, 0x3, 0xc, 0x80, 0x18, 0x68, 0x0,
    0xc3, 0xc0, 0x0, 0x36, 0x0, 0x1, 0xb0, 0x0,
    0xd, 0xc0, 0x0, 0x46, 0x0, 0x4, 0x30, 0x0,
    0x21, 0xc0, 0x2, 0x6, 0x1, 0xf8, 0x38, 0x0,
    0x0, 0xc0, 0x0, 0x7, 0x8, 0x0, 0x1c, 0xc0,
    0x0, 0x3e,

    /* U+039B "Λ" */
    0x0, 0x3f, 0xc0, 0x28, 0x78, 0x8, 0x13, 0x1,
    0x4, 0xc0, 0x60, 0x98, 0xc, 0x23, 0x1, 0x88,
    0x60, 0x1, 0x18, 0x0, 0x43, 0x0, 0x10, 0x60,
    0x6, 0xc, 0x0, 0x83, 0x80, 0x20, 0x60, 0x8,
    0xc, 0x1e, 0x1, 0xfb, 0x80, 0x38,

    /* U+039C "Μ" */
    0x0, 0x0, 0x3, 0x80, 0x0, 0x2, 0x1, 0xf8,
    0x2, 0x3, 0xfc, 0x3, 0x1, 0xe, 0x3, 0x81,
    0x7, 0x3, 0xc1, 0x83, 0x81, 0xc0, 0xc2, 0xc1,
    0x60, 0x61, 0x61, 0x30, 0x38, 0xb0, 0xb0, 0x10,
    0x58, 0x98, 0x0, 0x46, 0x8c, 0x0, 0x23, 0x46,
    0x0, 0x11, 0xc6, 0x0, 0x10, 0xc3, 0x0, 0x8,
    0x61, 0x80, 0x78, 0x21, 0xc0, 0x70, 0x0, 0xfc,
    0x0,

    /* U+039D "Ν" */
    0x0, 0x0, 0x6, 0x0, 0x0, 0xe, 0x0, 0x0,
    0x10, 0x7, 0xe0, 0x30, 0xf, 0xe0, 0x20, 0x10,
    0x60, 0x60, 0x20, 0xe0, 0x40, 0x20, 0xb0, 0x40,
    0x60, 0xb0, 0x40, 0x70, 0xb0, 0x80, 0x21, 0x38,
    0x80, 0x1, 0x18, 0x80, 0x1, 0x18, 0x80, 0x2,
    0x1d, 0x0, 0x2, 0xd, 0x0, 0x4, 0xd, 0x0,
    0x78, 0xf, 0x0, 0xf0, 0x7, 0x0, 0x0, 0x3,
    0x0, 0x0, 0x3, 0x82, 0x0, 0x1, 0xc2, 0x0,
    0x0, 0x7c,

    /* U+039E "Ξ" */
    0x3, 0xfd, 0x83, 0xff, 0x1, 0x0, 0x1, 0x0,
    0x0, 0x80, 0x0, 0x0, 0x0, 0x0, 0x0, 0xf,
    0xf0, 0x0, 0x1, 0x80, 0x1, 0xc0, 0x0, 0x60,
    0x0, 0x30, 0x0, 0x11, 0xfc, 0x11, 0xff, 0xf9,
    0x1, 0xf8,

    /* U+039F "Ο" */
    0x1, 0xf0, 0xc, 0x78, 0x60, 0x71, 0x80, 0x62,
    0x0, 0xec, 0x1, 0xd0, 0x3, 0xe0, 0x6, 0xc0,
    0xd, 0x80, 0x1b, 0x0, 0x26, 0x0, 0xcc, 0x1,
    0x1c, 0x4, 0x1c, 0x30, 0x1f, 0x80,

    /* U+03A0 "Π" */
    0x0, 0x0, 0x0, 0x0, 0x20, 0xc, 0xf, 0xff,
    0xe0, 0x23, 0x2, 0x0, 0x86, 0x4, 0x3, 0xc,
    0x18, 0x6, 0x10, 0x30, 0xc, 0x60, 0x60, 0x18,
    0xc0, 0x80, 0x1, 0x83, 0x0, 0x3, 0x6, 0x0,
    0xc, 0xc, 0x0, 0x18, 0x10, 0x0, 0x20, 0x60,
    0x0, 0xc0, 0xc0, 0x3, 0x1, 0x80, 0x7c, 0x3,
    0x60, 0xe0, 0xf, 0x0,

    /* U+03A1 "Ρ" */
    0x0, 0x20, 0x0, 0xfe, 0x7, 0xc7, 0x18, 0xc3,
    0x30, 0xc3, 0x20, 0xc3, 0x61, 0x83, 0x61, 0x86,
    0x61, 0x86, 0x61, 0x88, 0x43, 0xf0, 0x3, 0x0,
    0x3, 0x0, 0x3, 0x0, 0x6, 0x0, 0x6, 0x0,
    0x7f, 0xe0,

    /* U+03A3 "Σ" */
    0x10, 0x0, 0xf, 0xff, 0x83, 0x0, 0xc1, 0xc0,
    0x0, 0x60, 0x0, 0x38, 0x0, 0xe, 0x0, 0x7,
    0x0, 0x1, 0xc0, 0x0, 0xc0, 0x80, 0xc0, 0xc0,
    0x80, 0x60, 0x80, 0x10, 0x80, 0x8, 0x80, 0x8,
    0xff, 0xf8, 0x87, 0xf8, 0x0,

    /* U+03A4 "Τ" */
    0x0, 0x0, 0x0, 0x0, 0x43, 0xff, 0xe6, 0xc,
    0x4, 0x6, 0x6, 0x3, 0x3, 0x3, 0x1, 0x81,
    0x80, 0xc0, 0xc0, 0x40, 0x60, 0x0, 0x60, 0x0,
    0x30, 0x0, 0x18, 0x0, 0x18, 0x0, 0x8, 0x0,
    0x8, 0x0, 0x1f, 0xe0, 0x0,

    /* U+03A5 "Υ" */
    0x0, 0x0, 0x70, 0x3c, 0xf, 0xc, 0xe1, 0x81,
    0x7, 0x10, 0x30, 0x32, 0x3, 0x3, 0x20, 0x70,
    0x34, 0x7, 0x3, 0x40, 0x20, 0x38, 0x0, 0x3,
    0x80, 0x0, 0x30, 0x0, 0x3, 0x0, 0x0, 0x20,
    0x0, 0x4, 0x0, 0x0, 0x40, 0x0, 0x8, 0x0,
    0x0, 0x80, 0x0, 0x30, 0x0, 0x7e, 0x0, 0x7,
    0xc0, 0x0,

    /* U+03A6 "Φ" */
    0x0, 0xfc, 0x0, 0xc, 0x0, 0x3f, 0xe0, 0x71,
    0x8e, 0x30, 0x61, 0xd8, 0x18, 0x3e, 0xc, 0xf,
    0x3, 0x3, 0xc0, 0xc0, 0xf0, 0x30, 0x6c, 0x18,
    0x19, 0x86, 0x1c, 0x31, 0x9c, 0x3, 0xf8, 0x0,
    0x30, 0x0, 0x3f, 0x80,

    /* U+03A7 "Χ" */
    0x1, 0xc1, 0xc1, 0xf0, 0xe0, 0xc, 0x40, 0x3,
    0x20, 0x0, 0xc8, 0x0, 0x1c, 0x0, 0x6, 0x0,
    0x1, 0x80, 0x0, 0xe0, 0x0, 0x38, 0x0, 0x13,
    0x0, 0x8, 0xc0, 0x4, 0x30, 0x3, 0xc, 0x7,
    0x83, 0x83, 0xc0, 0x78,

    /* U+03A8 "Ψ" */
    0x0, 0x0, 0x0, 0x7e, 0x7e, 0x72, 0x10, 0xe0,
    0xf0, 0x83, 0x3, 0x86, 0xc, 0xe, 0x30, 0x30,
    0x2c, 0xc1, 0x81, 0xb3, 0x6, 0xc, 0x8e, 0x18,
    0x20, 0x1c, 0xe3, 0x0, 0x1f, 0xf0, 0x0, 0xc,
    0x0, 0x0, 0x30, 0x0, 0x1, 0xc0, 0x0, 0x6,
    0x0, 0x0, 0x7f, 0x0,

    /* U+03A9 "Ω" */
    0x0, 0x3f, 0x0, 0x6, 0x1c, 0x0, 0xc0, 0x70,
    0xc, 0x3, 0x80, 0x60, 0xc, 0x6, 0x0, 0x60,
    0x30, 0x3, 0x1, 0x80, 0x18, 0xc, 0x1, 0x80,
    0x60, 0xd, 0x83, 0x0, 0x46, 0x1c, 0x4, 0x34,
    0x70, 0xc1, 0x20, 0x88, 0x13, 0xfc, 0x7f, 0x1f,
    0xc3, 0xf0,

    /* U+03AA "Ϊ" */
    0x2, 0x60, 0xec, 0x9, 0x0, 0x0, 0x0, 0x1f,
    0x80, 0xc0, 0x18, 0x3, 0x0, 0xc0, 0x18, 0x3,
    0x0, 0x60, 0x18, 0x3, 0x0, 0x60, 0x1c, 0x3,
    0x0, 0x60, 0x3f, 0x0,

    /* U+03AB "Ϋ" */
    0x0, 0x1b, 0x0, 0x3, 0xb8, 0x0, 0x10, 0x0,
    0x0, 0x0, 0x0, 0x0, 0x70, 0x7c, 0xe, 0x19,
    0xc1, 0x2, 0xe, 0x20, 0x20, 0x62, 0x6, 0x6,
    0x40, 0x60, 0x28, 0x6, 0x2, 0x80, 0x60, 0x30,
    0x0, 0x3, 0x0, 0x0, 0x20, 0x0, 0x6, 0x0,
    0x0, 0x40, 0x0, 0x4, 0x0, 0x0, 0x80, 0x0,
    0x8, 0x0, 0x1, 0x0, 0x0, 0x20, 0x0, 0xfe,
    0x0, 0xf, 0x80, 0x0,

    /* U+03AC "ά" */
    0x0, 0xc0, 0x1, 0x80, 0x2, 0x0, 0x4, 0x0,
    0x0, 0x0, 0x0, 0x0, 0xe1, 0x86, 0xe7, 0x10,
    0xd0, 0x41, 0xc1, 0x83, 0x3, 0x6, 0x4, 0xc,
    0x18, 0x38, 0x38, 0x58, 0x31, 0x31, 0x7c, 0x3c,

    /* U+03AD "έ" */
    0x3, 0x2, 0x2, 0x2, 0x0, 0x0, 0xf, 0x13,
    0x22, 0x60, 0x60, 0x18, 0x60, 0x40, 0xc1, 0xe6,
    0x78,

    /* U+03AE "ή" */
    0x1, 0x80, 0x30, 0x4, 0x0, 0x80, 0x0, 0x0,
    0x6, 0x1b, 0xce, 0x96, 0xc7, 0x18, 0xc2, 0x18,
    0xc2, 0x18, 0xc3, 0x18, 0x43, 0x8, 0x43, 0x0,
    0x60, 0x8, 0x1, 0x0, 0x64, 0xf, 0x1, 0xc0,
    0x20,

    /* U+03AF "ί" */
    0x4, 0x18, 0x30, 0x40, 0x0, 0x6, 0x3c, 0xb0,
    0x60, 0xc1, 0x86, 0xc, 0x19, 0x3c, 0x60,

    /* U+03B0 "ΰ" */
    0x0, 0x68, 0xd, 0x60, 0x3d, 0x80, 0x20, 0x0,
    0x0, 0x0, 0x0, 0x23, 0x1f, 0x1c, 0x88, 0x32,
    0x40, 0xc1, 0x3, 0xc, 0x8, 0x20, 0x41, 0x81,
    0x6, 0x8, 0x1c, 0x40, 0x3e, 0x0,

    /* U+03B1 "α" */
    0x3, 0x86, 0x1b, 0x9c, 0x43, 0x41, 0x7, 0x6,
    0xc, 0xc, 0x18, 0x10, 0x30, 0x60, 0xe0, 0xe1,
    0x60, 0xc4, 0xc5, 0xf0, 0xf0,

    /* U+03B2 "β" */
    0x0, 0x38, 0x3, 0x70, 0x18, 0xc0, 0x63, 0x3,
    0x8, 0xc, 0x60, 0x31, 0x0, 0x88, 0x6, 0xf0,
    0x18, 0xe0, 0x61, 0x81, 0x4, 0xc, 0x30, 0x30,
    0xc0, 0xc2, 0x2, 0x18, 0x18, 0x80, 0x7c, 0x1,
    0x0, 0xc, 0x0, 0x30, 0x0, 0xc0, 0x3, 0x0,
    0x18, 0x0, 0xfc, 0x0,

    /* U+03B3 "γ" */
    0x18, 0x1b, 0xc1, 0xee, 0x18, 0x31, 0x81, 0x88,
    0xc, 0x80, 0x68, 0x3, 0x80, 0x1c, 0x0, 0xc0,
    0x6, 0x0, 0x20, 0x1, 0x0, 0x10, 0x0, 0x80,
    0xc, 0x0, 0x60, 0x3, 0xf0, 0x1, 0x0,

    /* U+03B4 "δ" */
    0x0, 0xe0, 0x32, 0x6, 0x20, 0x60, 0x7, 0x0,
    0x30, 0x1, 0x80, 0x7c, 0x9, 0xc3, 0xc, 0x20,
    0xc6, 0xc, 0x60, 0x84, 0x18, 0xc1, 0x8e, 0x30,
    0x64, 0x7, 0x80,

    /* U+03B5 "ε" */
    0xf, 0x13, 0x22, 0x60, 0x60, 0x18, 0x60, 0x40,
    0xc1, 0xe6, 0x78,

    /* U+03B6 "ζ" */
    0x1f, 0xac, 0x7b, 0x6, 0x61, 0x8c, 0x60, 0x18,
    0x6, 0x0, 0xc0, 0x30, 0x6, 0x1, 0x80, 0x30,
    0x6, 0x0, 0xc0, 0x18, 0x3, 0x0, 0x70, 0x7,
    0xc0, 0x18, 0x2, 0x3, 0xc0, 0xf0, 0x0,

    /* U+03B7 "η" */
    0x18, 0x67, 0x3b, 0x5b, 0x1c, 0x63, 0x8, 0x63,
    0x8, 0x63, 0xc, 0x61, 0xc, 0x21, 0xc, 0x1,
    0x80, 0x20, 0x4, 0x1, 0x80, 0x3c, 0x7, 0x0,
    0x80,

    /* U+03B8 "θ" */
    0x0, 0xe0, 0x37, 0x4, 0x30, 0x83, 0x18, 0x31,
    0x3, 0x30, 0x63, 0x6, 0x3f, 0xe6, 0x6, 0x60,
    0xc6, 0xc, 0x60, 0xce, 0x18, 0xe1, 0x8e, 0x30,
    0x74, 0x7, 0x80,

    /* U+03B9 "ι" */
    0x19, 0xeb, 0xc, 0x30, 0xc6, 0x18, 0x65, 0xe6,
    0x0,

    /* U+03BA "κ" */
    0x8, 0x70, 0x38, 0xf0, 0x79, 0x80, 0x13, 0x0,
    0x32, 0x0, 0x34, 0x0, 0x3c, 0x0, 0x36, 0x0,
    0x66, 0x0, 0x63, 0x0, 0x63, 0x0, 0x43, 0x80,
    0x1, 0x80, 0x0, 0xc2, 0x0, 0x63, 0x0, 0x3e,

    /* U+03BB "λ" */
    0xf, 0x1, 0xc8, 0x8, 0x40, 0x4, 0x0, 0x60,
    0x6, 0x0, 0x60, 0x7, 0x0, 0x70, 0x7, 0x0,
    0xb0, 0xb, 0x1, 0x30, 0x23, 0x2, 0x30, 0x43,
    0x8, 0x37, 0x7,

    /* U+03BC "μ" */
    0x6, 0x18, 0x38, 0xc3, 0xc3, 0x3, 0xc, 0xc,
    0x20, 0x31, 0x80, 0x86, 0x6, 0x38, 0x19, 0x68,
    0x7b, 0xc3, 0x8c, 0xc, 0x0, 0x30, 0x0, 0x80,
    0x6, 0x0, 0x18, 0x0, 0x40, 0x0,

    /* U+03BD "ν" */
    0x0, 0x0, 0x1, 0xc7, 0x86, 0xcc, 0x3c, 0x41,
    0x42, 0x1a, 0x10, 0x99, 0x88, 0xc, 0x80, 0x68,
    0x3, 0x80, 0x18, 0x0, 0x80, 0x0,

    /* U+03BE "ξ" */
    0x1f, 0xec, 0x73, 0x18, 0x66, 0xd, 0x80, 0x30,
    0x6, 0x0, 0xc0, 0xc, 0x0, 0xe0, 0x60, 0x18,
    0x6, 0x0, 0xc0, 0x18, 0x3, 0x0, 0x70, 0x7,
    0xc0, 0x18, 0x2, 0x3, 0xc0, 0xf0, 0x0,

    /* U+03BF "ο" */
    0x3, 0x83, 0x71, 0xc, 0x83, 0x60, 0xd8, 0x34,
    0x1b, 0x6, 0xe3, 0x19, 0x87, 0x80,

    /* U+03C0 "π" */
    0xf, 0xff, 0x19, 0x9e, 0x18, 0xc6, 0xc, 0x63,
    0x4, 0x21, 0x80, 0x30, 0x80, 0x18, 0xc0, 0x8,
    0x60, 0x4, 0x32, 0x4, 0x1e, 0x1c, 0x8, 0x0,

    /* U+03C1 "ρ" */
    0x0, 0x70, 0xd, 0xc0, 0x86, 0xc, 0x30, 0xc1,
    0x6, 0x18, 0x30, 0xc1, 0x4, 0x18, 0x40, 0xc4,
    0x7, 0xc0, 0x20, 0x3, 0x0, 0x18, 0x0, 0xc0,
    0x6, 0x0, 0x60, 0x7, 0xe0, 0x0,

    /* U+03C2 "ς" */
    0x7, 0x1b, 0x32, 0x20, 0x60, 0x60, 0xc0, 0xc0,
    0xe0, 0x78, 0x3c, 0x4, 0x4, 0x78, 0x0,

    /* U+03C3 "σ" */
    0x3, 0xe0, 0x9f, 0x10, 0xc3, 0xc, 0x60, 0xc6,
    0xc, 0x41, 0x8c, 0x18, 0xe3, 0x6, 0x40, 0x78,
    0x0,

    /* U+03C4 "τ" */
    0x1f, 0xfd, 0x8d, 0xcc, 0x30, 0x30, 0x80, 0x86,
    0x0, 0x18, 0x0, 0x60, 0x1, 0x0, 0x8, 0x1,
    0xe0, 0xe, 0x0, 0x0,

    /* U+03C5 "υ" */
    0x2, 0x11, 0xe1, 0xd1, 0x7, 0x10, 0x21, 0x81,
    0x8, 0x8, 0xc0, 0x86, 0x8, 0x30, 0x81, 0x88,
    0x7, 0x80,

    /* U+03C6 "φ" */
    0x0, 0x78, 0x32, 0x73, 0x18, 0xcc, 0x63, 0x61,
    0xd, 0x8c, 0x3e, 0x30, 0xf0, 0xc6, 0xc2, 0x19,
    0x98, 0xc3, 0xec, 0x1, 0xc0, 0x6, 0x0, 0x30,
    0x0, 0xc0, 0x3, 0x0, 0xc, 0x0, 0xfc, 0x0,

    /* U+03C7 "χ" */
    0x18, 0x31, 0xb1, 0xc0, 0xc8, 0x3, 0x40, 0xe,
    0x0, 0x10, 0x0, 0xc0, 0x3, 0x80, 0x16, 0x0,
    0xd8, 0x6, 0x60, 0x11, 0x80, 0xc6, 0x3, 0xc,
    0xc, 0x30, 0x0, 0xc0, 0x1, 0x8c, 0x3, 0xe0,

    /* U+03C8 "ψ" */
    0x0, 0x0, 0x4, 0xc0, 0xf1, 0x3a, 0x26, 0x38,
    0x8c, 0x63, 0x18, 0xcc, 0x21, 0x98, 0xc3, 0x31,
    0x8c, 0x63, 0x30, 0x37, 0xc0, 0x1c, 0x0, 0x30,
    0x0, 0x60, 0x0, 0xc0, 0x3, 0x0, 0x6, 0x0,
    0x1f, 0x80,

    /* U+03C9 "ω" */
    0x0, 0x0, 0xf, 0xc0, 0x74, 0x20, 0xf, 0x10,
    0xc3, 0x88, 0x60, 0x86, 0x18, 0x61, 0x6, 0x10,
    0xc3, 0xc, 0x31, 0xc2, 0xc, 0xbb, 0x3, 0xc7,
    0x0,

    /* U+03CA "ϊ" */
    0x32, 0x37, 0x20, 0x0, 0x0, 0x18, 0x78, 0xb0,
    0x30, 0x30, 0x30, 0x60, 0x60, 0x64, 0x78, 0x60,

    /* U+03CB "ϋ" */
    0x0, 0x80, 0xd, 0xc0, 0x64, 0x0, 0x0, 0x0,
    0x0, 0x0, 0x8, 0x47, 0x87, 0x44, 0x1c, 0x40,
    0x86, 0x4, 0x20, 0x23, 0x2, 0x18, 0x20, 0xc2,
    0x6, 0x20, 0x1e, 0x0,

    /* U+03CC "ό" */
    0x0, 0xc0, 0x20, 0x18, 0x4, 0x0, 0x0, 0x0,
    0x38, 0x37, 0x10, 0xc8, 0x36, 0xd, 0x83, 0x41,
    0xb0, 0x6e, 0x31, 0x98, 0x78, 0x0,

    /* U+03CD "ύ" */
    0x0, 0x30, 0x1, 0x0, 0x18, 0x0, 0x80, 0x0,
    0x0, 0x0, 0x8, 0x47, 0x87, 0x44, 0x1c, 0x40,
    0x86, 0x4, 0x20, 0x23, 0x2, 0x18, 0x20, 0xc2,
    0x6, 0x20, 0x1e, 0x0,

    /* U+03CE "ώ" */
    0x0, 0xc, 0x0, 0x3, 0x0, 0x0, 0x80, 0x0,
    0x20, 0x0, 0x0, 0x0, 0x0, 0x0, 0x0, 0x0,
    0xfc, 0x7, 0x42, 0x0, 0xf1, 0xc, 0x38, 0x86,
    0x8, 0x61, 0x86, 0x10, 0x61, 0xc, 0x30, 0x83,
    0x1c, 0x20, 0xcb, 0xb0, 0x3c, 0x70, 0x0,

    /* U+03D1 "ϑ" */
    0x0, 0x38, 0x0, 0xb8, 0x2, 0x30, 0xc, 0x60,
    0x18, 0xc0, 0x31, 0x80, 0x33, 0x0, 0x36, 0x3e,
    0x1e, 0x88, 0x32, 0x20, 0x60, 0xc0, 0x81, 0x3,
    0x6, 0x4, 0xc, 0x10, 0x18, 0x40, 0x31, 0x0,
    0x3c, 0x0,

    /* U+03D5 "ϕ" */
    0x0, 0xc, 0x0, 0x60, 0x1, 0x80, 0x2, 0x0,
    0xc, 0x0, 0x18, 0x0, 0x30, 0x1, 0xfc, 0xd,
    0x8c, 0x63, 0x19, 0x86, 0x33, 0x8, 0x66, 0x30,
    0xd8, 0x61, 0xb0, 0xc6, 0x71, 0x18, 0x66, 0x60,
    0x7f, 0x80, 0x18, 0x0, 0x30, 0x0, 0xc0, 0x1,
    0x80, 0x3, 0x0, 0x6, 0x0, 0x3f, 0x0,

    /* U+03D6 "ϖ" */
    0x3, 0xf0, 0x1f, 0xc0, 0x0, 0x0, 0x0, 0x18,
    0x18, 0xc0, 0x76, 0x0, 0xd0, 0x3, 0xc1, 0x87,
    0x6, 0x1c, 0x18, 0x70, 0x43, 0xe3, 0x19, 0xfb,
    0xe3, 0xce, 0x0,

    /* U+0400 "Ѐ" */
    0x0, 0x60, 0x0, 0x20, 0x0, 0x20, 0x0, 0x10,
    0x0, 0x10, 0x0, 0x0, 0x0, 0x40, 0xf, 0xff,
    0x31, 0x83, 0x61, 0x82, 0x41, 0x80, 0xc3, 0x0,
    0xc3, 0x0, 0xc3, 0x0, 0x87, 0xf0, 0x6, 0x0,
    0x6, 0x0, 0x6, 0x0, 0x4, 0x1, 0x8, 0x3,
    0x10, 0x2, 0x7f, 0xfc,

    /* U+0401 "Ё" */
    0x0, 0x4, 0x0, 0x6c, 0x0, 0xec, 0x0, 0x0,
    0x0, 0x0, 0x0, 0x40, 0xf, 0xff, 0x31, 0x83,
    0x61, 0x82, 0x41, 0x80, 0xc3, 0x0, 0xc3, 0x0,
    0xc3, 0x0, 0x87, 0xf0, 0x6, 0x0, 0x6, 0x0,
    0x6, 0x0, 0x4, 0x1, 0x8, 0x3, 0x10, 0x2,
    0x7f, 0xfc,

    /* U+0402 "Ђ" */
    0x0, 0x0, 0x0, 0x0, 0x41, 0xff, 0xe3, 0xc,
    0x2, 0xc, 0x2, 0x6, 0x3, 0x3, 0x1, 0x81,
    0x80, 0xe1, 0x9f, 0x60, 0xf1, 0x80, 0x60, 0xc0,
    0x30, 0x70, 0x30, 0x30, 0x18, 0x18, 0x8, 0xc,
    0x8, 0x6, 0x1f, 0xc2, 0x0, 0x3, 0x0, 0x1,
    0x80, 0x0, 0x80, 0x0, 0xc0, 0x0, 0xc0, 0xf,
    0xc0, 0x7, 0x80,

    /* U+0403 "Ѓ" */
    0x0, 0x4, 0x0, 0x4, 0x0, 0x4, 0x0, 0x2,
    0x0, 0x2, 0x0, 0x0, 0x4, 0xf, 0xfc, 0x18,
    0xc0, 0x10, 0xe0, 0x18, 0x60, 0x8, 0x30, 0x4,
    0x18, 0x3, 0x1c, 0x1, 0x8c, 0x0, 0x6, 0x0,
    0x3, 0x0, 0x3, 0x0, 0x1, 0x80, 0x0, 0x80,
    0x0, 0x80, 0x7, 0x80, 0x7, 0x0, 0x0,

    /* U+0404 "Є" */
    0x0, 0x7c, 0x3, 0x1c, 0x8, 0x18, 0x20, 0x20,
    0x80, 0x2, 0x0, 0xc, 0x0, 0x13, 0x0, 0x7b,
    0x90, 0xc3, 0xc1, 0x80, 0x7, 0x0, 0xe, 0x0,
    0x1c, 0x0, 0x18, 0x4, 0x38, 0x30, 0x3f, 0x80,

    /* U+0405 "Ѕ" */
    0x0, 0x78, 0x2, 0x30, 0x10, 0x80, 0x80, 0x2,
    0x0, 0xc, 0x0, 0x38, 0x0, 0xf0, 0x1, 0xe0,
    0x1, 0xc0, 0x3, 0x0, 0xc, 0x40, 0x31, 0x0,
    0x8c, 0x4, 0x3c, 0x20, 0x7f, 0x0,

    /* U+0406 "І" */
    0xf, 0xc0, 0x60, 0xc, 0x1, 0x80, 0x60, 0xc,
    0x1, 0x80, 0x30, 0xc, 0x1, 0x80, 0x30, 0xe,
    0x1, 0x80, 0x30, 0x1f, 0x80,

    /* U+0407 "Ї" */
    0x2, 0x60, 0xec, 0x9, 0x0, 0x0, 0x0, 0x1f,
    0x80, 0xc0, 0x18, 0x3, 0x0, 0xc0, 0x18, 0x3,
    0x0, 0x60, 0x18, 0x3, 0x0, 0x60, 0x1c, 0x3,
    0x0, 0x60, 0x3f, 0x0,

    /* U+0408 "Ј" */
    0x0, 0x0, 0xf, 0xc0, 0x8c, 0xc, 0x60, 0x63,
    0x3, 0x30, 0x19, 0x80, 0x8c, 0x0, 0xe0, 0x6,
    0x0, 0x30, 0x1, 0x80, 0xc, 0x0, 0xc0, 0x6,
    0x0, 0x20, 0x2, 0x0, 0x60, 0x3c, 0x0,

    /* U+0409 "Љ" */
    0x0, 0x3f, 0xc0, 0x0, 0xc3, 0xc0, 0x2, 0x5,
    0xc0, 0x2, 0x9, 0x80, 0x2, 0x9, 0x80, 0x6,
    0x11, 0x80, 0x6, 0x21, 0x80, 0x6, 0x23, 0x7c,
    0x0, 0x43, 0xe, 0x0, 0x83, 0x6, 0x1, 0x83,
    0x6, 0x1, 0x6, 0x6, 0x2, 0x6, 0x6, 0x4,
    0x6, 0xc, 0x78, 0x6, 0x18, 0x70, 0x1f, 0xe0,

    /* U+040A "Њ" */
    0x0, 0x0, 0x6, 0x0, 0x0, 0x18, 0x0, 0x30,
    0x20, 0x7, 0xe0, 0x60, 0x8, 0x60, 0x60, 0x18,
    0x60, 0xc0, 0x18, 0xc0, 0xc0, 0x18, 0xc0, 0xc0,
    0x18, 0xc0, 0xc0, 0x1, 0xff, 0xbe, 0x1, 0x81,
    0x87, 0x1, 0x81, 0x83, 0x1, 0x3, 0x83, 0x3,
    0x3, 0x3, 0x2, 0x3, 0x3, 0x4, 0x3, 0x6,
    0x78, 0x7, 0xc, 0xf0, 0x1f, 0xf0,

    /* U+040B "Ћ" */
    0x0, 0x0, 0x0, 0x0, 0x10, 0x1f, 0xfe, 0xc,
    0x30, 0x2, 0xc, 0x0, 0x81, 0x80, 0x30, 0x30,
    0x6, 0x6, 0x0, 0xe1, 0x9f, 0x9c, 0x3c, 0x70,
    0x6, 0x6, 0x0, 0xc0, 0xc0, 0x18, 0x18, 0x6,
    0x6, 0x0, 0xc0, 0xc0, 0x10, 0x18, 0x4, 0x3,
    0x3, 0xf8, 0x7c,

    /* U+040C "Ќ" */
    0x0, 0x0, 0x0, 0x0, 0x6, 0x0, 0x0, 0x20,
    0x0, 0x2, 0x0, 0x0, 0x20, 0x0, 0x2, 0x0,
    0x0, 0x0, 0x0, 0x7e, 0xe, 0xc, 0x60, 0xf0,
    0x83, 0x8, 0xc, 0x19, 0x80, 0x61, 0x90, 0x3,
    0xd, 0x0, 0x18, 0x78, 0x0, 0x6, 0xc0, 0x0,
    0x36, 0x0, 0x1, 0xb8, 0x0, 0x8, 0xc0, 0x0,
    0x86, 0x0, 0x4, 0x38, 0x0, 0x40, 0xc0, 0x3f,
    0x7, 0x0, 0x0, 0x18, 0x0, 0x0, 0xe1, 0x0,
    0x3, 0x98, 0x0, 0x7, 0xc0,

    /* U+040D "Ѝ" */
    0x0, 0x8, 0x0, 0x0, 0x6, 0x0, 0x0, 0x1,
    0x0, 0x0, 0x0, 0x80, 0x0, 0x0, 0x20, 0x0,
    0x0, 0x0, 0x7c, 0x0, 0x0, 0xc0, 0x3f, 0x1,
    0x80, 0x23, 0x1, 0xc0, 0x21, 0x81, 0x40, 0x30,
    0xc1, 0x60, 0x18, 0x61, 0x30, 0xc, 0x61, 0x18,
    0x6, 0x31, 0xc, 0x0, 0x19, 0xc, 0x0, 0x9,
    0x86, 0x0, 0xc, 0x83, 0x0, 0x6, 0x83, 0x0,
    0x3, 0x81, 0x80, 0x3, 0x80, 0xc0, 0x1, 0x80,
    0x70, 0x0, 0xc0, 0x7e, 0x0,

    /* U+040E "Ў" */
    0x0, 0x40, 0x40, 0x2, 0x8, 0x0, 0x1f, 0x0,
    0x0, 0x0, 0x0, 0x0, 0x70, 0x3c, 0xf, 0xc,
    0xe1, 0x81, 0x7, 0x10, 0x30, 0x32, 0x3, 0x3,
    0x20, 0x70, 0x34, 0x7, 0x3, 0x40, 0x20, 0x38,
    0x0, 0x3, 0x80, 0x0, 0x30, 0x0, 0x3, 0x0,
    0x0, 0x20, 0x0, 0x4, 0x0, 0x0, 0x40, 0x0,
    0x8, 0x0, 0x0, 0x80, 0x0, 0x30, 0x0, 0x7e,
    0x0, 0x7, 0xc0, 0x0,

    /* U+040F "Џ" */
    0x0, 0x0, 0x1c, 0x0, 0x1, 0x80, 0x1c, 0x4,
    0x7, 0xe0, 0x20, 0x23, 0x1, 0x81, 0xc, 0x6,
    0xc, 0x30, 0x18, 0x30, 0xc0, 0xc0, 0xc3, 0x3,
    0x2, 0x18, 0xc, 0x0, 0x60, 0x30, 0x1, 0x81,
    0x80, 0x6, 0x6, 0x0, 0x30, 0x18, 0x0, 0xc0,
    0x60, 0x6, 0x3, 0x0, 0x30, 0xc, 0x3, 0xff,
    0xfc, 0x0, 0x8, 0x0, 0x0, 0x40, 0x0, 0x1,
    0x0, 0x0, 0x4, 0x0, 0x0, 0x18, 0x0, 0x0,
    0x60, 0x0, 0x0, 0x0, 0x0,

    /* U+0410 "А" */
    0x0, 0xff, 0x0, 0xc1, 0xc0, 0x40, 0xb0, 0x10,
    0x38, 0x4, 0x16, 0x3, 0x89, 0x80, 0x44, 0x60,
    0x3, 0x18, 0x0, 0x86, 0x0, 0x7f, 0x0, 0x20,
    0xc0, 0x10, 0x30, 0x8, 0xc, 0x3c, 0x3, 0xe,
    0x0, 0xf8,

    /* U+0411 "Б" */
    0x0, 0x0, 0xf, 0xff, 0x31, 0x82, 0x61, 0x80,
    0xc1, 0x80, 0xc3, 0x0, 0xc3, 0x0, 0xc3, 0x0,
    0x83, 0xf8, 0x6, 0x1c, 0x6, 0xc, 0x6, 0xc,
    0x4, 0xc, 0xc, 0x8, 0x8, 0x18, 0x30, 0x20,
    0xff, 0xc0,

    /* U+0412 "В" */
    0x0, 0x0, 0x7, 0xf8, 0x33, 0x39, 0x86, 0x36,
    0x18, 0x68, 0x30, 0xf0, 0x63, 0x60, 0x88, 0xc3,
    0xfd, 0x6, 0x3c, 0xc, 0x38, 0x10, 0x70, 0x60,
    0xe0, 0x81, 0x82, 0x2, 0x8, 0x18, 0x7f, 0xc0,

    /* U+0413 "Г" */
    0x0, 0x0, 0x81, 0xff, 0x83, 0x18, 0x2, 0x18,
    0x2, 0xc, 0x1, 0x6, 0x1, 0x83, 0x0, 0xc3,
    0x0, 0x31, 0x80, 0x0, 0xc0, 0x0, 0x60, 0x0,
    0x60, 0x0, 0x30, 0x0, 0x10, 0x0, 0x10, 0x1,
    0xf0, 0x0, 0xe0, 0x0, 0x0,

    /* U+0414 "Д" */
    0x0, 0x20, 0x0, 0x7f, 0x80, 0xec, 0x38, 0x43,
    0x7, 0x20, 0xc0, 0xd8, 0x60, 0x36, 0x18, 0xf,
    0x86, 0x3, 0xe1, 0x80, 0xf0, 0xc0, 0x30, 0x30,
    0xc, 0xc, 0x6, 0x3, 0x1, 0x1, 0x80, 0xc0,
    0x40, 0x40, 0x60, 0x20, 0x7f, 0xf0, 0x0,

    /* U+0415 "Е" */
    0x0, 0x40, 0xf, 0xff, 0x31, 0x83, 0x61, 0x82,
    0x41, 0x80, 0xc3, 0x0, 0xc3, 0x0, 0xc3, 0x0,
    0x87, 0xf0, 0x6, 0x0, 0x6, 0x0, 0x6, 0x0,
    0x4, 0x1, 0x8, 0x3, 0x10, 0x2, 0x7f, 0xfc,

    /* U+0416 "Ж" */
    0x7, 0xf, 0xc3, 0x83, 0xe0, 0xc1, 0xe1, 0x1c,
    0x30, 0xc0, 0x3, 0x18, 0x40, 0x0, 0x66, 0x20,
    0x0, 0x19, 0x90, 0x0, 0x3, 0x68, 0x0, 0x0,
    0xfe, 0x0, 0x0, 0x2d, 0x80, 0x0, 0x13, 0x30,
    0x0, 0x8, 0xcc, 0x0, 0x4, 0x61, 0x80, 0x2,
    0x18, 0x60, 0x3, 0x6, 0xc, 0x7, 0x81, 0x83,
    0x83, 0x81, 0xf8, 0xf8,

    /* U+0417 "З" */
    0x3, 0xe0, 0x63, 0x82, 0xe, 0x30, 0x71, 0x83,
    0x0, 0x18, 0x1, 0x80, 0x10, 0xf, 0xc0, 0x3,
    0x80, 0x1c, 0x0, 0x60, 0x3, 0x20, 0x19, 0x0,
    0x8c, 0x8, 0xf0, 0x81, 0xf8, 0x0,

    /* U+0418 "И" */
    0x0, 0x0, 0xf, 0x80, 0x0, 0x18, 0x7, 0xe0,
    0x30, 0x4, 0x60, 0x38, 0x4, 0x30, 0x28, 0x6,
    0x18, 0x2c, 0x3, 0xc, 0x26, 0x1, 0x8c, 0x23,
    0x0, 0xc6, 0x21, 0x80, 0x3, 0x21, 0x80, 0x1,
    0x30, 0xc0, 0x1, 0x90, 0x60, 0x0, 0xd0, 0x60,
    0x0, 0x70, 0x30, 0x0, 0x70, 0x18, 0x0, 0x30,
    0xe, 0x0, 0x18, 0xf, 0xc0, 0x0,

    /* U+0419 "Й" */
    0x0, 0x40, 0x40, 0x0, 0x10, 0x40, 0x0, 0x7,
    0xc0, 0x0, 0x0, 0x0, 0x0, 0x0, 0x0, 0xf8,
    0x0, 0x1, 0x80, 0x7e, 0x3, 0x0, 0x46, 0x3,
    0x80, 0x43, 0x2, 0x80, 0x61, 0x82, 0xc0, 0x30,
    0xc2, 0x60, 0x18, 0xc2, 0x30, 0xc, 0x62, 0x18,
    0x0, 0x32, 0x18, 0x0, 0x13, 0xc, 0x0, 0x19,
    0x6, 0x0, 0xd, 0x6, 0x0, 0x7, 0x3, 0x0,
    0x7, 0x1, 0x80, 0x3, 0x0, 0xe0, 0x1, 0x80,
    0xfc, 0x0,

    /* U+041A "К" */
    0x3, 0xf0, 0x70, 0x63, 0x7, 0x84, 0x18, 0x40,
    0x60, 0xcc, 0x3, 0xc, 0x80, 0x18, 0x68, 0x0,
    0xc3, 0xc0, 0x0, 0x36, 0x0, 0x1, 0xb0, 0x0,
    0xd, 0xc0, 0x0, 0x46, 0x0, 0x4, 0x30, 0x0,
    0x21, 0xc0, 0x2, 0x6, 0x1, 0xf8, 0x38, 0x0,
    0x0, 0xc0, 0x0, 0x7, 0x8, 0x0, 0x1c, 0xc0,
    0x0, 0x3e,

    /* U+041B "Л" */
    0x0, 0x3f, 0xc0, 0x28, 0x78, 0x8, 0x17, 0x1,
    0x4, 0xc0, 0x60, 0x98, 0xc, 0x23, 0x1, 0x88,
    0x60, 0x1, 0x18, 0x0, 0x43, 0x0, 0x10, 0x60,
    0x6, 0xc, 0x0, 0x83, 0x80, 0x20, 0x60, 0x8,
    0xc, 0x1e, 0x1, 0xfb, 0x80, 0x38,

    /* U+041C "М" */
    0x0, 0x0, 0x3, 0x80, 0x0, 0x2, 0x1, 0xf8,
    0x2, 0x3, 0xfc, 0x3, 0x1, 0xe, 0x3, 0x81,
    0x7, 0x3, 0x81, 0x83, 0x81, 0xc0, 0xc2, 0xc1,
    0x60, 0x61, 0x61, 0x30, 0x38, 0xb0, 0xb0, 0x10,
    0x58, 0x98, 0x0, 0x46, 0x8c, 0x0, 0x23, 0x46,
    0x0, 0x11, 0xc6, 0x0, 0x10, 0xc3, 0x0, 0x8,
    0x61, 0x80, 0x78, 0x21, 0xc0, 0x70, 0x0, 0xfc,
    0x0,

    /* U+041D "Н" */
    0x0, 0x0, 0x2, 0x0, 0x0, 0xe, 0x0, 0x0,
    0x10, 0x1, 0xf0, 0x20, 0x6, 0x60, 0x60, 0x8,
    0x60, 0x60, 0x18, 0xc0, 0xc0, 0x18, 0xc0, 0xc0,
    0x18, 0xc0, 0xc0, 0x18, 0xc1, 0xc0, 0x1, 0xff,
    0x80, 0x1, 0x81, 0x80, 0x1, 0x81, 0x80, 0x1,
    0x83, 0x0, 0x3, 0x3, 0x0, 0x2, 0x3, 0x0,
    0x4, 0x3, 0x0, 0x78, 0x7, 0x0, 0xf0, 0x7,
    0xe0,

    /* U+041E "О" */
    0x1, 0xf0, 0xc, 0x78, 0x60, 0x71, 0x80, 0x62,
    0x0, 0xec, 0x1, 0xd8, 0x3, 0xe0, 0x6, 0xc0,
    0xd, 0x80, 0x1b, 0x0, 0x26, 0x0, 0xcc, 0x1,
    0x1c, 0x4, 0x1c, 0x30, 0x1f, 0x80,

    /* U+041F "П" */
    0x0, 0x0, 0x0, 0x0, 0x20, 0x4, 0xf, 0xff,
    0xf0, 0x23, 0x2, 0x0, 0x86, 0x4, 0x3, 0xc,
    0x18, 0x6, 0x10, 0x30, 0xc, 0x60, 0x60, 0x18,
    0xc0, 0x80, 0x1, 0x83, 0x0, 0x3, 0x6, 0x0,
    0xc, 0xc, 0x0, 0x18, 0x10, 0x0, 0x20, 0x60,
    0x0, 0xc0, 0xc0, 0x3, 0x1, 0x80, 0x7c, 0x3,
    0x60, 0xe0, 0xf, 0x0,

    /* U+0420 "Р" */
    0x0, 0x20, 0x1, 0xfe, 0x6, 0xc7, 0x18, 0xc3,
    0x30, 0xc3, 0x60, 0xc3, 0x61, 0x83, 0x61, 0x86,
    0x61, 0x8c, 0x43, 0xf0, 0x3, 0x0, 0x3, 0x0,
    0x3, 0x0, 0x6, 0x0, 0x6, 0x0, 0x7f, 0xe0,

    /* U+0421 "С" */
    0x0, 0x7c, 0x3, 0x1c, 0x8, 0x18, 0x20, 0x20,
    0x80, 0x2, 0x0, 0xc, 0x0, 0x10, 0x0, 0x60,
    0x0, 0xc0, 0x1, 0x80, 0x7, 0x0, 0xe, 0x0,
    0x1c, 0x0, 0x18, 0x4, 0x38, 0x30, 0x3f, 0x80,

    /* U+0422 "Т" */
    0x0, 0x0, 0x0, 0x0, 0x0, 0x0, 0xc, 0x1f,
    0xff, 0xfe, 0xc, 0x60, 0x86, 0x3, 0xc, 0x30,
    0xc0, 0x41, 0x86, 0x10, 0x18, 0x31, 0x86, 0x3,
    0xc, 0x30, 0xc0, 0x61, 0x86, 0x18, 0xe, 0x30,
    0xc3, 0x1, 0x6, 0x30, 0xc0, 0x0, 0x86, 0x18,
    0x0, 0x30, 0xc3, 0x0, 0x6, 0x18, 0x60, 0x0,
    0x86, 0x1c, 0x0, 0x20, 0x83, 0x0, 0x8, 0x20,
    0x60, 0x1e, 0x1f, 0xf, 0x80,

    /* U+0423 "У" */
    0x0, 0x0, 0x70, 0x78, 0xe, 0x19, 0xe1, 0x2,
    0xe, 0x20, 0x20, 0x62, 0x6, 0x6, 0x40, 0x60,
    0x28, 0x6, 0x2, 0x80, 0x60, 0x30, 0x0, 0x3,
    0x0, 0x0, 0x20, 0x0, 0x6, 0x0, 0x0, 0x40,
    0x0, 0x4, 0x0, 0x0, 0x80, 0x0, 0x8, 0x0,
    0x1, 0x0, 0x0, 0x20, 0x0, 0xfe, 0x0, 0xf,
    0x80, 0x0,

    /* U+0424 "Ф" */
    0x1, 0xc0, 0x1, 0xff, 0x0, 0x40, 0x80, 0x30,
    0x40, 0x8, 0x30, 0x0, 0xc, 0x0, 0x3f, 0xc0,
    0x31, 0x9c, 0x10, 0x61, 0x88, 0x18, 0x66, 0xe,
    0xd, 0x83, 0x3, 0xc0, 0xc1, 0xf0, 0x30, 0x6e,
    0x1c, 0x1b, 0x86, 0xc, 0x61, 0x82, 0xe, 0x63,
    0x1, 0xf9, 0x0, 0xc, 0x0, 0x3, 0x0, 0x0,
    0x80, 0x0, 0x40, 0x1, 0xe0, 0x0,

    /* U+0425 "Х" */
    0x1, 0xc1, 0xc1, 0xf0, 0xe0, 0xc, 0x40, 0x3,
    0x20, 0x0, 0xc8, 0x0, 0x1c, 0x0, 0x6, 0x0,
    0x1, 0x80, 0x0, 0xe0, 0x0, 0x38, 0x0, 0x13,
    0x0, 0x8, 0xc0, 0x4, 0x30, 0x3, 0xc, 0x7,
    0x83, 0x83, 0xc0, 0x78,

    /* U+0426 "Ц" */
    0x0, 0x0, 0x1c, 0x0, 0x1, 0x80, 0x1c, 0x4,
    0x3, 0xe0, 0x30, 0x31, 0x81, 0x81, 0x86, 0x6,
    0x6, 0x18, 0x18, 0x18, 0xc0, 0xe0, 0x63, 0x3,
    0x1, 0xc, 0xc, 0x0, 0x30, 0x30, 0x1, 0xc1,
    0xc0, 0x6, 0x6, 0x0, 0x18, 0x18, 0x0, 0x40,
    0x60, 0x2, 0x3, 0x80, 0x30, 0xc, 0x1, 0xff,
    0xfe, 0x0, 0x0, 0x10, 0x0, 0x0, 0x40, 0x0,
    0x2, 0x0, 0x3, 0xd0, 0x0, 0x33, 0x80, 0x1,
    0x0, 0x0,

    /* U+0427 "Ч" */
    0x0, 0x0, 0x30, 0x0, 0x6, 0x0, 0xe0, 0x40,
    0x3e, 0x6, 0x6, 0x30, 0x30, 0x61, 0x83, 0x3,
    0xc, 0x18, 0x18, 0xc0, 0xc0, 0xc6, 0x6, 0x0,
    0x30, 0x70, 0x1, 0xff, 0x0, 0x0, 0x18, 0x0,
    0x0, 0xc0, 0x0, 0xc, 0x0, 0x0, 0x60, 0x0,
    0x3, 0x0, 0x0, 0x1f, 0x0, 0x1, 0xc0, 0x0,

    /* U+0428 "Ш" */
    0x0, 0x0, 0x0, 0x70, 0x0, 0x0, 0x18, 0x0,
    0x0, 0x1, 0x0, 0xf8, 0xfc, 0x20, 0x21, 0x83,
    0x6, 0x4, 0x30, 0x30, 0x60, 0xc3, 0x6, 0x6,
    0xc, 0x30, 0x60, 0xc0, 0xc3, 0x6, 0xc, 0xc,
    0x60, 0x60, 0xc0, 0x6, 0xc, 0xc, 0x0, 0x60,
    0xc1, 0x80, 0x6, 0xc, 0x18, 0x0, 0xc0, 0xc1,
    0x80, 0xc, 0x18, 0x18, 0x1, 0x81, 0x83, 0x0,
    0x30, 0x18, 0x30, 0xf, 0xff, 0xff, 0xc0, 0x0,
    0x20, 0x0, 0x0,

    /* U+0429 "Щ" */
    0x0, 0x0, 0x0, 0x70, 0x0, 0x0, 0x18, 0x0,
    0x0, 0x1, 0x0, 0xf8, 0xfc, 0x20, 0x31, 0x83,
    0x6, 0x6, 0x30, 0x30, 0x60, 0xc3, 0x6, 0x6,
    0xc, 0x30, 0x60, 0xc0, 0xc3, 0x6, 0xc, 0xc,
    0x60, 0x60, 0xc0, 0x6, 0xc, 0xc, 0x0, 0x60,
    0xc1, 0x80, 0x6, 0xc, 0x18, 0x0, 0xc0, 0xc1,
    0x80, 0xc, 0x18, 0x18, 0x1, 0x81, 0x83, 0x0,
    0x30, 0x18, 0x30, 0xf, 0xff, 0xff, 0xc0, 0x0,
    0x20, 0x4, 0x0, 0x0, 0x0, 0x80, 0x0, 0x0,
    0x8, 0x0, 0x0, 0x3d, 0x0, 0x0, 0xc, 0xe0,
    0x0, 0x1, 0x0, 0x0,

    /* U+042A "Ъ" */
    0xf, 0xf0, 0x7f, 0x1, 0x6, 0x4, 0xc, 0x8,
    0x18, 0x10, 0x70, 0x30, 0xc0, 0x61, 0xbe, 0x83,
    0xe, 0x6, 0xc, 0x18, 0x18, 0x30, 0x30, 0x40,
    0x61, 0x1, 0x8c, 0x4, 0x3f, 0xf0,

    /* U+042B "Ы" */
    0x3, 0xf0, 0x7e, 0x0, 0xc0, 0x18, 0x1, 0x80,
    0x18, 0x1, 0x80, 0x18, 0x1, 0x80, 0x38, 0x1,
    0x80, 0x30, 0x3, 0x7c, 0x30, 0x3, 0xe, 0x30,
    0x3, 0x6, 0x70, 0x3, 0x6, 0x60, 0x6, 0x6,
    0x60, 0x6, 0x4, 0x60, 0xc, 0xc, 0xe0, 0x10,
    0x10, 0xc0, 0x7f, 0xe3, 0xf0,

    /* U+042C "Ь" */
    0x3, 0xf0, 0x1, 0x80, 0x6, 0x0, 0xc, 0x0,
    0x18, 0x0, 0x30, 0x0, 0xdf, 0x1, 0x87, 0x3,
    0x6, 0x6, 0xc, 0x18, 0x18, 0x30, 0x30, 0xc0,
    0xc2, 0x3, 0x1f, 0xf8, 0x0,

    /* U+042D "Э" */
    0x0, 0xf8, 0xe, 0x38, 0x20, 0x38, 0x80, 0x30,
    0x0, 0x60, 0x0, 0xc0, 0x1, 0x81, 0xc7, 0xd,
    0xfc, 0x0, 0x18, 0x0, 0x20, 0x0, 0xc0, 0x1,
    0x8, 0x4, 0x18, 0x10, 0x78, 0x40, 0x3f, 0x0,

    /* U+042E "Ю" */
    0x1, 0xf0, 0x1f, 0x1, 0x98, 0x18, 0xe0, 0x86,
    0x18, 0x1c, 0x63, 0xc, 0x3, 0x18, 0xc6, 0x0,
    0xc6, 0x31, 0x80, 0x31, 0x8c, 0xc0, 0xc, 0x7,
    0xf0, 0x3, 0x1, 0x8c, 0x0, 0xc0, 0x63, 0x0,
    0x30, 0x10, 0xc0, 0x18, 0xc, 0x30, 0x6, 0x2,
    0xc, 0x3, 0x1, 0x3, 0x81, 0x87, 0x80, 0x70,
    0x83, 0xc0, 0xf, 0xc0,

    /* U+042F "Я" */
    0x0, 0x0, 0x0, 0x7e, 0x1, 0x86, 0x2, 0x6,
    0x6, 0xc, 0xe, 0xc, 0xe, 0xc, 0xe, 0xc,
    0x7, 0x1c, 0x3, 0xf8, 0x1, 0x18, 0x3, 0x18,
    0x2, 0x38, 0x4, 0x30, 0x8, 0x30, 0xf0, 0x3f,
    0xe0, 0x38,

    /* U+0430 "а" */
    0x7, 0xe3, 0x18, 0xc3, 0x10, 0xc6, 0x18, 0xc3,
    0x18, 0x66, 0x18, 0xef, 0x7e, 0x71, 0x8c, 0x0,

    /* U+0431 "б" */
    0x0, 0x8, 0xf, 0x81, 0xf8, 0x8, 0x0, 0x80,
    0xc, 0x0, 0x40, 0x6, 0x0, 0x33, 0x81, 0xee,
    0x18, 0x30, 0xc1, 0x86, 0xc, 0x70, 0x63, 0x6,
    0x18, 0x30, 0xc3, 0x3, 0x20, 0x1e, 0x0,

    /* U+0432 "в" */
    0x1, 0xc0, 0xd8, 0x23, 0x8, 0x61, 0x8, 0x63,
    0x8, 0xc3, 0x30, 0x7b, 0xee, 0x31, 0x86, 0x60,
    0xcc, 0x11, 0x86, 0x30, 0x86, 0x20, 0xc8, 0x1e,
    0x0,

    /* U+0433 "г" */
    0x1e, 0x27, 0x47, 0x6, 0xc, 0x38, 0x60, 0xc0,
    0xc1, 0xc6, 0x78,

    /* U+0434 "д" */
    0x7, 0x86, 0x71, 0xc, 0x3, 0x0, 0xc0, 0x30,
    0xc, 0x1b, 0x18, 0xcc, 0x32, 0x9, 0x82, 0x61,
    0x30, 0x4c, 0x23, 0x8, 0x64, 0x1e, 0x0,

    /* U+0435 "е" */
    0x7, 0x1b, 0x33, 0x22, 0x64, 0x78, 0x70, 0xc0,
    0xc1, 0xe2, 0x7c,

    /* U+0436 "ж" */
    0xe, 0x8, 0x30, 0x98, 0xc6, 0xd8, 0xcc, 0x40,
    0x6, 0x66, 0x0, 0x3a, 0x60, 0x1, 0x57, 0x0,
    0xd, 0xd8, 0x0, 0xcc, 0xc0, 0x4, 0x66, 0x16,
    0x42, 0x33, 0x1c, 0x20, 0xe0,

    /* U+0437 "з" */
    0x1, 0xe0, 0x67, 0x8, 0x30, 0x6, 0x0, 0x60,
    0x8, 0x3, 0x0, 0x5a, 0x0, 0xc0, 0x1c, 0x2,
    0xc0, 0x4c, 0x18, 0xc3, 0x8, 0x61, 0x84, 0x10,
    0xe2, 0x7, 0xc0,

    /* U+0438 "и" */
    0x18, 0x43, 0x8c, 0xf0, 0xc3, 0xc, 0x30, 0x83,
    0x18, 0x21, 0x86, 0x38, 0x65, 0xa7, 0xbc, 0x63,
    0x0,

    /* U+0439 "й" */
    0x8, 0x10, 0x61, 0x81, 0xf0, 0x0, 0x0, 0x0,
    0x0, 0x0, 0x61, 0x7, 0x18, 0xf0, 0xc1, 0x86,
    0xc, 0x20, 0x63, 0x2, 0x18, 0x31, 0xc1, 0x96,
    0x8f, 0x78, 0x63, 0x0,

    /* U+043A "к" */
    0x8, 0x70, 0x38, 0xf0, 0x79, 0x80, 0x13, 0x0,
    0x32, 0x0, 0x34, 0x0, 0x3c, 0x0, 0x36, 0x0,
    0x66, 0x0, 0x63, 0x0, 0x63, 0x0, 0x43, 0x80,
    0x1, 0x80, 0x0, 0xc2, 0x0, 0x63, 0x0, 0x3e,

    /* U+043B "л" */
    0x0, 0x0, 0xf, 0x81, 0xcc, 0x2, 0x60, 0x22,
    0x1, 0x30, 0x11, 0x80, 0x8c, 0x8, 0xc0, 0x46,
    0x44, 0x34, 0xc1, 0xc0,

    /* U+043C "м" */
    0x0, 0x0, 0x0, 0xe0, 0x0, 0x18, 0x0, 0x6,
    0xe, 0x1, 0x83, 0x80, 0xa1, 0xc0, 0x2c, 0xb0,
    0x13, 0x6c, 0x4, 0xd2, 0x1, 0x39, 0x80, 0x8c,
    0x60, 0x63, 0x1b, 0x70, 0x87, 0x38, 0x1, 0x80,

    /* U+043D "н" */
    0x18, 0x67, 0x8c, 0x90, 0xc3, 0xc, 0x30, 0x83,
    0xf8, 0x21, 0x86, 0x18, 0x61, 0xb6, 0x3c, 0x41,
    0x0,

    /* U+043E "о" */
    0x3, 0x83, 0x71, 0xc, 0x83, 0x60, 0xd8, 0x34,
    0x1b, 0x6, 0xe3, 0x19, 0x87, 0x80,

    /* U+043F "п" */
    0x18, 0x67, 0x9c, 0x96, 0xc3, 0x8c, 0x30, 0x83,
    0x18, 0x21, 0x86, 0x18, 0x61, 0xb6, 0x3c, 0x41,
    0x0,

    /* U+0440 "р" */
    0x2, 0x38, 0x73, 0xcf, 0xe6, 0xc, 0x30, 0xc1,
    0x86, 0x8, 0x30, 0xc1, 0x84, 0x8, 0x20, 0xc2,
    0x7, 0xe0, 0x30, 0x1, 0x0, 0x18, 0x0, 0xc0,
    0x6, 0x0, 0x30, 0x7, 0xe0, 0x0,

    /* U+0441 "с" */
    0x7, 0x1b, 0x32, 0x20, 0x60, 0x60, 0x60, 0xc0,
    0xc1, 0xe6, 0x70,

    /* U+0442 "т" */
    0x18, 0x42, 0x1c, 0xe7, 0x37, 0xbd, 0x87, 0x18,
    0xc3, 0x18, 0x41, 0x8c, 0x60, 0x86, 0x30, 0xc2,
    0x18, 0x63, 0xd, 0x31, 0x8f, 0x10, 0x82, 0x0,

    /* U+0443 "у" */
    0x6, 0x8, 0xf1, 0x8b, 0xc, 0x18, 0x60, 0xc3,
    0x4, 0x30, 0x61, 0x83, 0xc, 0x19, 0xe0, 0xf6,
    0x6, 0x30, 0x1, 0x80, 0xc, 0x0, 0x40, 0x6,
    0x0, 0x20, 0x42, 0x3, 0xe0, 0x0,

    /* U+0444 "ф" */
    0x0, 0x0, 0x0, 0x3, 0xc0, 0x6, 0x0, 0x6,
    0x0, 0x3, 0x0, 0x3, 0x0, 0x1, 0x80, 0x7,
    0xfc, 0xc, 0xe7, 0xc, 0x61, 0x84, 0x30, 0xc6,
    0x18, 0x63, 0xc, 0x33, 0x4, 0x19, 0x86, 0x18,
    0xe3, 0x8, 0x33, 0xc8, 0x1e, 0xf8, 0x0, 0xc0,
    0x0, 0x60, 0x0, 0x20, 0x0, 0x10, 0x0, 0x10,
    0x0, 0x10, 0x0, 0xf0, 0x0, 0x0,

    /* U+0445 "х" */
    0x1c, 0x30, 0xf1, 0xc4, 0xc8, 0x1, 0x40, 0x6,
    0x0, 0x38, 0x1, 0x60, 0x19, 0x80, 0x46, 0x3,
    0x18, 0xc, 0x60, 0x0, 0xc0, 0x3, 0x8, 0x6,
    0x30, 0xf, 0x80,

    /* U+0446 "ц" */
    0x18, 0x63, 0x8c, 0xf0, 0xc3, 0xc, 0x30, 0x83,
    0x18, 0x21, 0x86, 0x38, 0x65, 0xb7, 0xbe, 0x63,
    0x20, 0x2, 0x0, 0x40, 0xe8, 0x33, 0x4, 0x0,

    /* U+0447 "ч" */
    0x8, 0x23, 0x86, 0x58, 0x41, 0xc, 0x30, 0xc3,
    0x2c, 0x3c, 0x81, 0x18, 0x1, 0x90, 0x1e, 0x1,
    0x80,

    /* U+0448 "ш" */
    0x18, 0x42, 0x1c, 0x63, 0x3c, 0x31, 0x6, 0x31,
    0x83, 0x18, 0xc1, 0x8c, 0x60, 0x84, 0x20, 0xc6,
    0x30, 0x67, 0x39, 0x3d, 0xef, 0x18, 0xc6, 0x0,

    /* U+0449 "щ" */
    0x18, 0x42, 0x1c, 0x63, 0x3c, 0x31, 0x86, 0x31,
    0x83, 0x18, 0xc1, 0x8c, 0x60, 0x84, 0x20, 0xc6,
    0x11, 0x67, 0x39, 0x3d, 0xef, 0x98, 0xc6, 0x40,
    0x0, 0x40, 0x0, 0x20, 0x7, 0x20, 0x4, 0xe0,
    0x4, 0x0,

    /* U+044A "ъ" */
    0x3c, 0x8f, 0xe1, 0x8, 0x61, 0x0, 0x4e, 0x1a,
    0xc3, 0x8, 0xc3, 0x18, 0x43, 0x90, 0x3c, 0x0,

    /* U+044B "ы" */
    0x18, 0x8, 0x70, 0x33, 0xc0, 0xe1, 0x86, 0x83,
    0x33, 0x6, 0xf6, 0x8, 0x6c, 0x30, 0x90, 0x61,
    0x24, 0xc4, 0xf0, 0xf1, 0x80,

    /* U+044C "ь" */
    0x18, 0x1c, 0x3c, 0x6, 0x3, 0x39, 0xfc, 0x86,
    0xc3, 0x61, 0x31, 0xf, 0x0,

    /* U+044D "э" */
    0xe, 0x19, 0x90, 0xc0, 0x33, 0x32, 0xe8, 0xc,
    0x6, 0x42, 0x62, 0x1e, 0x0,

    /* U+044E "ю" */
    0x18, 0x1c, 0xf0, 0xdc, 0x46, 0x19, 0x88, 0x33,
    0x30, 0x67, 0xe0, 0x89, 0x83, 0x33, 0x6, 0x67,
    0x18, 0xce, 0x42, 0xf, 0x0,

    /* U+044F "я" */
    0x1, 0xf8, 0x18, 0xc0, 0xc2, 0x3, 0x18, 0xc,
    0x60, 0x31, 0x80, 0xf4, 0x0, 0xb0, 0x4, 0xc8,
    0x23, 0xc7, 0xc, 0x0,

    /* U+0450 "ѐ" */
    0x6, 0x2, 0x2, 0x1, 0x1, 0x0, 0x7, 0x1b,
    0x33, 0x22, 0x64, 0x78, 0x70, 0xc0, 0xc1, 0xe2,
    0x7c,

    /* U+0451 "ё" */
    0x19, 0x8d, 0xc4, 0x40, 0x0, 0x0, 0x38, 0x6c,
    0x66, 0x22, 0x32, 0x1e, 0xe, 0xc, 0x6, 0xb,
    0x88, 0xf8,

    /* U+0452 "ђ" */
    0x0, 0x40, 0x70, 0x60, 0x30, 0x8, 0xf, 0xe1,
    0x80, 0x63, 0x11, 0xcd, 0xb3, 0x8c, 0xc3, 0x20,
    0xd8, 0x36, 0xd, 0x83, 0x40, 0xb0, 0x68, 0x18,
    0x4, 0x1, 0x0, 0x80, 0x40, 0x20, 0x70, 0x0,

    /* U+0453 "ѓ" */
    0x0, 0x80, 0x40, 0x20, 0x8, 0x4, 0x0, 0x1,
    0xe0, 0x9c, 0x47, 0x1, 0x80, 0xc0, 0xe0, 0x60,
    0x30, 0xc, 0x13, 0x18, 0x78, 0x0,

    /* U+0454 "є" */
    0x7, 0x1b, 0x32, 0x20, 0x69, 0x7e, 0x60, 0xc0,
    0xc1, 0xe6, 0x70,

    /* U+0455 "ѕ" */
    0x3, 0x86, 0x86, 0x3, 0x1, 0xc0, 0x70, 0x1c,
    0x4, 0xc2, 0x62, 0x1e, 0x0,

    /* U+0456 "і" */
    0xc, 0x30, 0x80, 0x0, 0x67, 0xac, 0x30, 0xc3,
    0x18, 0x61, 0x97, 0x98,

    /* U+0457 "ї" */
    0x32, 0x37, 0x20, 0x0, 0x0, 0x18, 0x78, 0xb0,
    0x30, 0x30, 0x30, 0x60, 0x60, 0x64, 0x78, 0x60,

    /* U+0458 "ј" */
    0x0, 0x30, 0x3, 0x0, 0x20, 0x0, 0x0, 0x0,
    0x6, 0x0, 0xe0, 0x3c, 0x0, 0xc0, 0xc, 0x0,
    0xc0, 0x8, 0x1, 0x80, 0x18, 0x1, 0x80, 0x10,
    0x3, 0x0, 0x30, 0x2, 0x0, 0x60, 0x4, 0x7,
    0x80, 0x70, 0x0,

    /* U+0459 "љ" */
    0x0, 0x0, 0x1, 0xf0, 0x7, 0x30, 0x1, 0x30,
    0x2, 0x20, 0x2, 0x66, 0x4, 0x6f, 0x4, 0x43,
    0x8, 0xc3, 0x8, 0xc2, 0x10, 0xc4, 0xe0, 0x78,

    /* U+045A "њ" */
    0x18, 0x60, 0xf1, 0x82, 0x43, 0x1, 0x86, 0x3,
    0x8, 0xc7, 0xf7, 0xc8, 0x61, 0xb0, 0xc2, 0x61,
    0x8c, 0xc3, 0x11, 0x7, 0xc0,

    /* U+045B "ћ" */
    0x1, 0xc0, 0x38, 0xc, 0x0, 0xc0, 0x3f, 0x81,
    0x80, 0x18, 0x1, 0xc, 0x33, 0xc3, 0x4c, 0x38,
    0x82, 0x18, 0x61, 0x86, 0x18, 0x61, 0x4, 0x32,
    0xc3, 0xcc, 0x30,

    /* U+045C "ќ" */
    0x0, 0x30, 0x0, 0x60, 0x0, 0x40, 0x0, 0x80,
    0x1, 0x0, 0x0, 0x0, 0x8, 0x70, 0x38, 0xf0,
    0x79, 0x80, 0x13, 0x0, 0x32, 0x0, 0x34, 0x0,
    0x3c, 0x0, 0x36, 0x0, 0x66, 0x0, 0x63, 0x0,
    0x63, 0x0, 0x43, 0x80, 0x1, 0x80, 0x0, 0xc2,
    0x0, 0x63, 0x0, 0x3e,

    /* U+045D "ѝ" */
    0x3, 0x0, 0x10, 0x1, 0x80, 0x8, 0x0, 0x80,
    0x0, 0x18, 0x43, 0x8c, 0xf0, 0xc3, 0xc, 0x30,
    0x83, 0x18, 0x21, 0x86, 0x38, 0x65, 0xa7, 0xbc,
    0x63, 0x0,

    /* U+045E "ў" */
    0x2, 0x4, 0x6, 0x18, 0x7, 0xc0, 0x0, 0x0,
    0x0, 0x0, 0xc1, 0x7, 0x8c, 0x16, 0x18, 0xc,
    0x30, 0x18, 0x60, 0x21, 0x80, 0xc3, 0x1, 0x86,
    0x3, 0x3c, 0x7, 0xb0, 0xc, 0x60, 0x0, 0xc0,
    0x1, 0x80, 0x2, 0x0, 0xc, 0x0, 0x10, 0x8,
    0x40, 0x1f, 0x0, 0x0,

    /* U+045F "џ" */
    0x18, 0x43, 0x8c, 0xf0, 0xc3, 0xc, 0x30, 0x83,
    0x18, 0x21, 0x86, 0x38, 0x65, 0xa7, 0xbc, 0x63,
    0x0, 0x80, 0x8, 0x0, 0x80, 0x18, 0x1, 0xc0,
    0xc, 0x0,

    /* U+0462 "Ѣ" */
    0x3, 0xf0, 0x1, 0x80, 0x6, 0x0, 0x3f, 0xc0,
    0x18, 0x0, 0x30, 0x0, 0xdf, 0x1, 0x87, 0x3,
    0x6, 0x6, 0xc, 0x18, 0x18, 0x20, 0x30, 0xc0,
    0xc2, 0x3, 0x1f, 0xf8, 0x0,

    /* U+0463 "ѣ" */
    0x0, 0xe, 0xf, 0x3, 0x1, 0x80, 0xc1, 0xfe,
    0x20, 0x30, 0x19, 0xcf, 0xe4, 0x36, 0x1b, 0x9,
    0x88, 0x78,

    /* U+0472 "Ѳ" */
    0x1, 0xf0, 0xc, 0x78, 0x60, 0x31, 0x80, 0x62,
    0x0, 0xec, 0x1, 0xd8, 0x3, 0xff, 0x86, 0xc1,
    0xfd, 0x80, 0x1b, 0x0, 0x66, 0x0, 0xcc, 0x3,
    0x1c, 0x4, 0x1c, 0x30, 0x1f, 0x80,

    /* U+0473 "ѳ" */
    0x3, 0x83, 0x71, 0xc, 0x83, 0x7c, 0xd9, 0xf4,
    0x1b, 0x6, 0xe3, 0x3d, 0x87, 0x80,

    /* U+0474 "Ѵ" */
    0xf, 0x80, 0xe6, 0x60, 0x21, 0xc, 0x8, 0x61,
    0x81, 0xc, 0x30, 0x41, 0x86, 0x10, 0x30, 0xc6,
    0x4, 0x30, 0x80, 0x6, 0x20, 0x0, 0xc8, 0x0,
    0x19, 0x0, 0x3, 0x40, 0x0, 0x70, 0x0, 0xc,
    0x0, 0x3, 0x80, 0x0, 0x40, 0x0,

    /* U+0475 "ѵ" */
    0x0, 0x1, 0xf8, 0x34, 0x41, 0x22, 0x8, 0x18,
    0x20, 0x41, 0x3, 0x8, 0xc, 0x40, 0x32, 0x0,
    0xf8, 0x3, 0x80, 0x0,

    /* U+0490 "Ґ" */
    0x0, 0x0, 0x80, 0x0, 0x40, 0x0, 0x20, 0xff,
    0xe0, 0x86, 0x0, 0x86, 0x0, 0x83, 0x0, 0x41,
    0x80, 0x60, 0xc0, 0x30, 0xc0, 0xc, 0x60, 0x0,
    0x30, 0x0, 0x18, 0x0, 0x18, 0x0, 0xc, 0x0,
    0x4, 0x0, 0x4, 0x0, 0x7c, 0x0, 0x38, 0x0,
    0x0,

    /* U+0491 "ґ" */
    0x0, 0x0, 0x4, 0x0, 0x80, 0x21, 0xbc, 0xf8,
    0x6, 0x1, 0x80, 0x30, 0x6, 0x0, 0x80, 0x30,
    0x6, 0x0, 0xc0, 0x0, 0x0,

    /* U+0492 "Ғ" */
    0x0, 0x0, 0x81, 0xff, 0x83, 0x18, 0x2, 0x18,
    0x2, 0xc, 0x1, 0x6, 0x1, 0x83, 0x0, 0xc7,
    0xf0, 0x31, 0x80, 0x0, 0xc0, 0x0, 0x60, 0x0,
    0x60, 0x0, 0x30, 0x0, 0x10, 0x0, 0x10, 0x1,
    0xf0, 0x0, 0xe0, 0x0, 0x0,

    /* U+0493 "ғ" */
    0x7, 0x86, 0x62, 0x18, 0xe, 0x7, 0x3, 0x7,
    0xf0, 0xc0, 0x30, 0x8c, 0x43, 0xe0,

    /* U+0496 "Җ" */
    0x7, 0xf, 0xc3, 0x83, 0xe0, 0xc1, 0xe1, 0x1c,
    0x30, 0xc0, 0x3, 0x18, 0x40, 0x0, 0x66, 0x20,
    0x0, 0x19, 0x90, 0x0, 0x3, 0x68, 0x0, 0x0,
    0xfe, 0x0, 0x0, 0x2d, 0x80, 0x0, 0x13, 0x30,
    0x0, 0x8, 0xcc, 0x0, 0x4, 0x61, 0x80, 0x2,
    0x18, 0x60, 0x3, 0x6, 0xc, 0x7, 0x81, 0x83,
    0x83, 0x81, 0xf8, 0xfc, 0x0, 0x0, 0x2, 0x0,
    0x0, 0x1, 0x0, 0x0, 0x1e, 0x40, 0x0, 0x19,
    0xe0, 0x0, 0x8, 0x0, 0x0, 0x2, 0x0, 0x0,

    /* U+0497 "җ" */
    0xe, 0x8, 0x30, 0x98, 0xc6, 0xd8, 0xcc, 0x40,
    0x6, 0x66, 0x0, 0x3a, 0x60, 0x1, 0x57, 0x0,
    0xd, 0xd8, 0x0, 0xcc, 0xc0, 0x4, 0x66, 0x16,
    0x42, 0x33, 0x1c, 0x20, 0xe8, 0x0, 0x0, 0xc0,
    0x0, 0x4, 0x0, 0xf, 0x40, 0x0, 0xdc, 0x0,
    0x8, 0x0,

    /* U+0498 "Ҙ" */
    0x3, 0xe0, 0x61, 0x82, 0xe, 0x30, 0x71, 0x83,
    0x0, 0x18, 0x1, 0x80, 0x10, 0xf, 0xe0, 0x3,
    0x80, 0xc, 0x0, 0x60, 0x3, 0x20, 0x19, 0x0,
    0x8c, 0x8, 0x79, 0x81, 0xe0, 0x2, 0x0, 0x30,
    0x1, 0x80, 0x8, 0x0, 0x80, 0x0,

    /* U+0499 "ҙ" */
    0xf, 0xc, 0xcc, 0x64, 0x30, 0x10, 0xf0, 0x6e,
    0x3, 0x1, 0xa0, 0xd0, 0x4f, 0xc3, 0x81, 0x0,
    0xc0, 0x60, 0x60, 0x40, 0x0,

    /* U+049A "Қ" */
    0x3, 0xf0, 0x70, 0x63, 0x7, 0x84, 0x18, 0x40,
    0x60, 0xc4, 0x3, 0xc, 0x40, 0x18, 0x68, 0x0,
    0xe3, 0x80, 0x4, 0x1e, 0x0, 0x1, 0xb0, 0x0,
    0xc, 0xc0, 0x0, 0x66, 0x0, 0x6, 0x18, 0x0,
    0x20, 0xc0, 0x3, 0x3, 0x0, 0x10, 0x1c, 0xf,
    0xc0, 0x7c, 0x0, 0x0, 0x40, 0x0, 0x4, 0x0,
    0xf, 0x20, 0x1, 0x9e, 0x0, 0x18, 0x0, 0x0,
    0x80, 0x0,

    /* U+049B "қ" */
    0x8, 0x73, 0x8f, 0xf9, 0x81, 0x20, 0x34, 0x3,
    0xc0, 0x36, 0x6, 0x60, 0x67, 0x36, 0x3f, 0x43,
    0x20, 0x2, 0x0, 0x40, 0xe4, 0x37, 0x84, 0x0,

    /* U+049C "Ҝ" */
    0x3, 0xf0, 0x1c, 0x18, 0xc0, 0x78, 0x41, 0x81,
    0x1, 0x83, 0xc, 0x3, 0xc, 0xa0, 0x6, 0x1a,
    0x80, 0xc, 0x36, 0x0, 0x0, 0xde, 0x0, 0x1,
    0xdc, 0x0, 0x3, 0x3c, 0x0, 0x4, 0x98, 0x0,
    0x19, 0x30, 0x0, 0x20, 0x70, 0x0, 0x80, 0x60,
    0x1f, 0x80, 0xe0, 0x0, 0x0, 0xc0, 0x0, 0x1,
    0xc2, 0x0, 0x1, 0xcc, 0x0, 0x0, 0xf0,

    /* U+049D "ҝ" */
    0x8, 0x1c, 0x1c, 0x1c, 0x1e, 0x92, 0x2, 0xb0,
    0x3, 0x70, 0x1, 0xf8, 0x0, 0xfc, 0x0, 0x4e,
    0x0, 0x69, 0x80, 0x34, 0xc0, 0x18, 0x30, 0x8,
    0x18, 0x0, 0x6, 0x0, 0x3, 0x84, 0x0, 0xe2,
    0x0, 0x1f,

    /* U+04A0 "Ҡ" */
    0xf, 0xf8, 0x70, 0xc3, 0x7, 0x88, 0x18, 0x40,
    0x40, 0xcc, 0x6, 0xc, 0x80, 0x30, 0x68, 0x1,
    0xc3, 0xc0, 0x4, 0x36, 0x0, 0x1, 0xb0, 0x0,
    0xd, 0xc0, 0x0, 0x46, 0x0, 0x4, 0x30, 0x0,
    0x21, 0xc0, 0x2, 0x6, 0x1, 0xf8, 0x38, 0x0,
    0x0, 0xc0, 0x0, 0x7, 0x8, 0x0, 0x1c, 0xc0,
    0x0, 0x3e,

    /* U+04A1 "ҡ" */
    0x0, 0x0, 0x7, 0xe0, 0xc1, 0x3c, 0x78, 0x41,
    0x98, 0x8, 0x26, 0x1, 0xc, 0x80, 0x1, 0xa0,
    0x0, 0x3c, 0x0, 0x6, 0xc0, 0x1, 0x98, 0x0,
    0x31, 0x80, 0x6, 0x30, 0x0, 0x87, 0x0, 0x0,
    0x60, 0x0, 0x6, 0x10, 0x0, 0x63, 0x0, 0x7,
    0xc0,

    /* U+04A2 "Ң" */
    0x0, 0x0, 0x2, 0x0, 0x0, 0xe, 0x0, 0x0,
    0x10, 0x1, 0xf0, 0x20, 0x6, 0x60, 0x60, 0x8,
    0x60, 0x60, 0x18, 0xc0, 0xc0, 0x18, 0xc0, 0xc0,
    0x18, 0xc0, 0xc0, 0x18, 0xc1, 0xc0, 0x1, 0xff,
    0x80, 0x1, 0x81, 0x80, 0x1, 0x81, 0x80, 0x1,
    0x83, 0x0, 0x3, 0x3, 0x0, 0x2, 0x3, 0x0,
    0x4, 0x3, 0x0, 0x78, 0x7, 0x0, 0xf0, 0x7,
    0xe0, 0x0, 0x0, 0x40, 0x0, 0x0, 0x80, 0x0,
    0x3c, 0x80, 0x0, 0xcf, 0x0, 0x1, 0x80, 0x0,
    0x1, 0x0, 0x0,

    /* U+04A3 "ң" */
    0x18, 0x67, 0x8c, 0x90, 0xc3, 0xc, 0x30, 0x83,
    0xf8, 0x21, 0x86, 0x18, 0x61, 0xb6, 0x3f, 0x41,
    0x20, 0x2, 0x0, 0x40, 0xec, 0x37, 0x84, 0x0,
    0x0, 0x0,

    /* U+04AA "Ҫ" */
    0x0, 0x7c, 0x3, 0x1c, 0x8, 0x18, 0x20, 0x20,
    0x80, 0x2, 0x0, 0xc, 0x0, 0x10, 0x0, 0x60,
    0x0, 0xc0, 0x1, 0x80, 0x7, 0x0, 0xe, 0x0,
    0x1c, 0x0, 0x38, 0x4, 0x38, 0x30, 0x3f, 0x80,
    0x10, 0x0, 0x20, 0x0, 0xc0, 0x0, 0x80, 0x2,
    0x0, 0x18, 0x0, 0x0,

    /* U+04AB "ҫ" */
    0x7, 0x1b, 0x32, 0x20, 0x60, 0x60, 0x40, 0xc0,
    0xe3, 0xfc, 0x78, 0x10, 0x20, 0x30, 0x20, 0xc0,

    /* U+04AE "Ү" */
    0x7c, 0x7, 0x47, 0xc, 0x1, 0x88, 0x0, 0x68,
    0x0, 0x38, 0x0, 0x18, 0x0, 0xc, 0x0, 0x6,
    0x0, 0x6, 0x0, 0x3, 0x0, 0x1, 0x80, 0x1,
    0xc0, 0x0, 0xc0, 0x0, 0x60, 0x0, 0xfc, 0x0,

    /* U+04AF "ү" */
    0xc, 0xc, 0xf0, 0x75, 0xc3, 0x3, 0x18, 0xc,
    0x40, 0x32, 0x0, 0xd0, 0x3, 0x80, 0xe, 0x0,
    0x30, 0x0, 0x80, 0x2, 0x0, 0x10, 0x0, 0x40,
    0x2, 0x0, 0x18, 0x0, 0x40, 0x3, 0xfc, 0x0,
    0x10, 0x0,

    /* U+04B0 "Ұ" */
    0x7c, 0x7, 0x43, 0xc, 0x1, 0x88, 0x0, 0x68,
    0x0, 0x38, 0x0, 0x18, 0x0, 0xc, 0x0, 0xe,
    0x0, 0x6, 0x0, 0x3f, 0xf8, 0x1, 0x80, 0x1,
    0xc0, 0x0, 0xc0, 0x0, 0x60, 0x0, 0xfc, 0x0,

    /* U+04B1 "ұ" */
    0xc, 0x4, 0x70, 0x76, 0xc1, 0x3, 0x8, 0xc,
    0x40, 0x32, 0x0, 0xd0, 0x3, 0x40, 0xe, 0x0,
    0x30, 0x0, 0xc0, 0x1f, 0xf0, 0xc8, 0x0, 0x40,
    0x3, 0x0, 0x8, 0x0, 0x60, 0x1, 0xfe, 0x0,
    0x10, 0x0,

    /* U+04B2 "Ҳ" */
    0x1, 0xc1, 0xc1, 0xf0, 0xe0, 0xc, 0x40, 0x3,
    0x20, 0x0, 0xd0, 0x0, 0x18, 0x0, 0x6, 0x0,
    0x1, 0x80, 0x0, 0xe0, 0x0, 0x48, 0x0, 0x23,
    0x0, 0x18, 0xc0, 0xc, 0x30, 0x1e, 0xe, 0xf,
    0x1, 0xf0, 0x0, 0xc, 0x0, 0x2, 0x0, 0x0,
    0x80, 0x0, 0x40, 0x7, 0xa0, 0x6, 0x70, 0x2,
    0x0, 0x0,

    /* U+04B3 "ҳ" */
    0x1c, 0x33, 0xc7, 0x4c, 0x80, 0x50, 0x6, 0x0,
    0xe0, 0x16, 0x2, 0x61, 0x46, 0x3c, 0x7e, 0xc3,
    0x20, 0x2, 0x0, 0x40, 0xe8, 0x37, 0x4, 0x0,

    /* U+04B6 "Ҷ" */
    0x0, 0x0, 0x30, 0x0, 0x6, 0x0, 0xe0, 0x40,
    0x3e, 0x6, 0x6, 0x30, 0x30, 0x61, 0x83, 0x3,
    0xc, 0x18, 0x18, 0xc0, 0xc0, 0xc6, 0x6, 0x0,
    0x30, 0x70, 0x1, 0xff, 0x0, 0x0, 0x18, 0x0,
    0x0, 0xc0, 0x0, 0xc, 0x0, 0x0, 0x60, 0x0,
    0x3, 0x0, 0x0, 0x1f, 0x0, 0x1, 0xf8, 0x0,
    0x0, 0x80, 0x0, 0x4, 0x0, 0x0, 0x40, 0x0,
    0xf2, 0x0, 0x19, 0xe0, 0x1, 0x0, 0x0,

    /* U+04B7 "ҷ" */
    0x8, 0x23, 0x86, 0x58, 0x41, 0xc, 0x30, 0xc3,
    0x3c, 0x3c, 0x83, 0x18, 0x1, 0x90, 0x1f, 0x1,
    0x90, 0x2, 0x0, 0x20, 0xe4, 0x33, 0x82, 0x0,

    /* U+04B8 "Ҹ" */
    0x0, 0x0, 0x30, 0x0, 0x6, 0x3, 0xe0, 0x40,
    0x66, 0x6, 0x4, 0x30, 0x30, 0x61, 0x93, 0x3,
    0xc, 0x98, 0x18, 0xc4, 0xc0, 0x86, 0x26, 0x0,
    0x33, 0xf0, 0x1, 0xf3, 0x0, 0x0, 0x98, 0x0,
    0x8, 0xc0, 0x0, 0x4c, 0x0, 0x2, 0x60, 0x0,
    0x3, 0x0, 0x0, 0x1f, 0x0, 0x1, 0xc0, 0x0,

    /* U+04B9 "ҹ" */
    0x8, 0x23, 0x86, 0x5a, 0x41, 0x2c, 0x32, 0xc3,
    0x3c, 0x3c, 0x81, 0x58, 0x5, 0x90, 0x1e, 0x1,
    0x80,

    /* U+04BA "Һ" */
    0x0, 0x80, 0xf, 0x80, 0x18, 0xc0, 0x18, 0x60,
    0xc, 0x20, 0x6, 0x30, 0x3, 0x19, 0xf0, 0xf,
    0x1c, 0x6, 0xe, 0x6, 0x6, 0x3, 0x3, 0x1,
    0x81, 0x80, 0x81, 0xc0, 0xc0, 0xc0, 0x40, 0x61,
    0xfe, 0x3e,

    /* U+04BB "һ" */
    0x1, 0xc0, 0x38, 0x4, 0x0, 0xc0, 0x18, 0x1,
    0x80, 0x18, 0x1, 0xc, 0x33, 0xc3, 0x4c, 0x38,
    0x82, 0x18, 0x61, 0x86, 0x18, 0x61, 0x4, 0x32,
    0xc3, 0xcc, 0x30,

    /* U+04C0 "Ӏ" */
    0xf, 0xc0, 0x60, 0xc, 0x1, 0x80, 0x60, 0xc,
    0x1, 0x80, 0x30, 0xc, 0x1, 0x80, 0x30, 0xe,
    0x1, 0x80, 0x30, 0x1f, 0x80,

    /* U+04CB "Ӌ" */
    0x0, 0x0, 0x30, 0x0, 0x6, 0x0, 0xe0, 0x40,
    0x3e, 0x6, 0x6, 0x30, 0x30, 0x61, 0x83, 0x3,
    0xc, 0x18, 0x18, 0xc0, 0xc0, 0xc6, 0x6, 0x0,
    0x30, 0x70, 0x1, 0xff, 0x0, 0x0, 0x18, 0x0,
    0x0, 0xc0, 0x0, 0xc, 0x0, 0x0, 0x60, 0x0,
    0x3, 0x0, 0x0, 0x18, 0x0, 0x0, 0xf8, 0x0,
    0x4, 0x0, 0x0, 0x40, 0x0, 0x2, 0x0, 0x7,
    0x20, 0x0, 0x4e, 0x0, 0x4, 0x0, 0x0,

    /* U+04CC "ӌ" */
    0x2, 0x8, 0x38, 0x61, 0x61, 0x1, 0xc, 0xc,
    0x30, 0x33, 0xc0, 0xf2, 0x3, 0x18, 0x0, 0x64,
    0x1, 0xe0, 0x6, 0x0, 0x10, 0x0, 0x80, 0x2,
    0x3, 0x90, 0x17, 0x80, 0x80, 0x0,

    /* U+04CF "ӏ" */
    0xf, 0xc0, 0x60, 0xc, 0x1, 0x80, 0x60, 0xc,
    0x1, 0x80, 0x30, 0xc, 0x1, 0x80, 0x30, 0xe,
    0x1, 0x80, 0x30, 0x1f, 0x80,

    /* U+04D8 "Ә" */
    0xf, 0xe0, 0x61, 0xc3, 0x1, 0x88, 0x6, 0x0,
    0x1c, 0x0, 0x70, 0x1, 0xdf, 0xfe, 0xe0, 0x1b,
    0x0, 0x6c, 0x3, 0x30, 0xc, 0xc0, 0x63, 0x81,
    0x6, 0x18, 0xf, 0x80,

    /* U+04D9 "ә" */
    0xe, 0x33, 0xc3, 0x3, 0x7, 0x1b, 0x32, 0x66,
    0x44, 0xe8, 0x70,

    /* U+04E2 "Ӣ" */
    0x0, 0x3f, 0xc0, 0x0, 0x0, 0x0, 0x0, 0x0,
    0x0, 0x0, 0x0, 0x1, 0xf0, 0x0, 0x3, 0x0,
    0xfc, 0x6, 0x0, 0x8c, 0x7, 0x0, 0x86, 0x5,
    0x0, 0xc3, 0x5, 0x80, 0x61, 0x84, 0xc0, 0x31,
    0x84, 0x60, 0x18, 0xc4, 0x30, 0x0, 0x64, 0x30,
    0x0, 0x26, 0x18, 0x0, 0x32, 0xc, 0x0, 0x1a,
    0xc, 0x0, 0xe, 0x6, 0x0, 0xe, 0x3, 0x0,
    0x6, 0x1, 0xc0, 0x3, 0x1, 0xf8, 0x0,

    /* U+04E3 "ӣ" */
    0xf, 0xf0, 0x0, 0x0, 0x0, 0x0, 0x1, 0x84,
    0x1c, 0x63, 0xc3, 0x6, 0x18, 0x30, 0x81, 0x8c,
    0x8, 0x60, 0xc7, 0x6, 0x5a, 0x3d, 0xe1, 0x8c,
    0x0,

    /* U+04E8 "Ө" */
    0x1, 0xf0, 0xc, 0x78, 0x60, 0x71, 0x80, 0x66,
    0x0, 0xec, 0x1, 0xf0, 0x3, 0xff, 0xfe, 0xf8,
    0xd, 0x80, 0x1b, 0x0, 0x26, 0x0, 0xcc, 0x1,
    0x1c, 0x4, 0x1c, 0x30, 0x1f, 0x80,

    /* U+04E9 "ө" */
    0x3, 0x83, 0x71, 0xc, 0x83, 0x60, 0xdf, 0xf6,
    0xb, 0x6, 0xe1, 0x18, 0x87, 0xc0,

    /* U+04EE "Ӯ" */
    0x0, 0xff, 0x0, 0x0, 0x0, 0x0, 0x0, 0x0,
    0x0, 0x0, 0x0, 0x0, 0x70, 0x78, 0xe, 0x19,
    0xe1, 0x2, 0xe, 0x20, 0x20, 0x62, 0x6, 0x6,
    0x40, 0x60, 0x28, 0x6, 0x2, 0x80, 0x60, 0x30,
    0x0, 0x3, 0x0, 0x0, 0x20, 0x0, 0x6, 0x0,
    0x0, 0x40, 0x0, 0x4, 0x0, 0x0, 0x80, 0x0,
    0x8, 0x0, 0x1, 0x0, 0x0, 0x20, 0x0, 0xfe,
    0x0, 0xf, 0x80, 0x0,

    /* U+04EF "ӯ" */
    0x7, 0xf8, 0x0, 0x0, 0x0, 0x0, 0x0, 0x60,
    0x8f, 0x18, 0xb0, 0xc1, 0x86, 0xc, 0x30, 0x43,
    0x6, 0x18, 0x30, 0xc1, 0x9e, 0xf, 0x60, 0x63,
    0x0, 0x18, 0x0, 0xc0, 0x4, 0x0, 0x60, 0x2,
    0x4, 0x20, 0x3e, 0x0
};


/*---------------------
 *  GLYPH DESCRIPTION
 *--------------------*/

static const lv_font_fmt_txt_glyph_dsc_t glyph_dsc[] = {
    {.bitmap_index = 0, .adv_w = 0, .box_w = 0, .box_h = 0, .ofs_x = 0, .ofs_y = 0} /* id = 0 reserved */,
    {.bitmap_index = 0, .adv_w = 95, .box_w = 1, .box_h = 1, .ofs_x = 0, .ofs_y = 0},
    {.bitmap_index = 1, .adv_w = 121, .box_w = 6, .box_h = 15, .ofs_x = 3, .ofs_y = 0},
    {.bitmap_index = 13, .adv_w = 95, .box_w = 4, .box_h = 5, .ofs_x = 5, .ofs_y = 11},
    {.bitmap_index = 16, .adv_w = 190, .box_w = 14, .box_h = 15, .ofs_x = 2, .ofs_y = 0},
    {.bitmap_index = 43, .adv_w = 190, .box_w = 10, .box_h = 22, .ofs_x = 2, .ofs_y = -3},
    {.bitmap_index = 71, .adv_w = 294, .box_w = 15, .box_h = 16, .ofs_x = 4, .ofs_y = 0},
    {.bitmap_index = 101, .adv_w = 337, .box_w = 20, .box_h = 15, .ofs_x = 3, .ofs_y = 0},
    {.bitmap_index = 139, .adv_w = 69, .box_w = 2, .box_h = 5, .ofs_x = 5, .ofs_y = 11},
    {.bitmap_index = 141, .adv_w = 112, .box_w = 8, .box_h = 22, .ofs_x = 3, .ofs_y = -4},
    {.bitmap_index = 163, .adv_w = 95, .box_w = 8, .box_h = 22, .ofs_x = 0, .ofs_y = -4},
    {.bitmap_index = 185, .adv_w = 181, .box_w = 8, .box_h = 8, .ofs_x = 6, .ofs_y = 10},
    {.bitmap_index = 193, .adv_w = 225, .box_w = 11, .box_h = 11, .ofs_x = 3, .ofs_y = 0},
    {.bitmap_index = 209, .adv_w = 95, .box_w = 5, .box_h = 8, .ofs_x = 1, .ofs_y = -3},
    {.bitmap_index = 214, .adv_w = 121, .box_w = 5, .box_h = 1, .ofs_x = 3, .ofs_y = 5},
    {.bitmap_index = 215, .adv_w = 95, .box_w = 3, .box_h = 3, .ofs_x = 3, .ofs_y = 0},
    {.bitmap_index = 217, .adv_w = 147, .box_w = 14, .box_h = 22, .ofs_x = 0, .ofs_y = -4},
    {.bitmap_index = 256, .adv_w = 190, .box_w = 10, .box_h = 16, .ofs_x = 3, .ofs_y = 0},
    {.bitmap_index = 276, .adv_w = 190, .box_w = 10, .box_h = 16, .ofs_x = 2, .ofs_y = 0},
    {.bitmap_index = 296, .adv_w = 190, .box_w = 12, .box_h = 15, .ofs_x = 1, .ofs_y = 0},
    {.bitmap_index = 319, .adv_w = 190, .box_w = 11, .box_h = 16, .ofs_x = 1, .ofs_y = 0},
    {.bitmap_index = 341, .adv_w = 190, .box_w = 10, .box_h = 16, .ofs_x = 2, .ofs_y = -1},
    {.bitmap_index = 361, .adv_w = 190, .box_w = 13, .box_h = 17, .ofs_x = 2, .ofs_y = 0},
    {.bitmap_index = 389, .adv_w = 190, .box_w = 11, .box_h = 16, .ofs_x = 3, .ofs_y = 0},
    {.bitmap_index = 411, .adv_w = 190, .box_w = 11, .box_h = 16, .ofs_x = 4, .ofs_y = 0},
    {.bitmap_index = 433, .adv_w = 190, .box_w = 11, .box_h = 15, .ofs_x = 2, .ofs_y = 0},
    {.bitmap_index = 454, .adv_w = 190, .box_w = 12, .box_h = 16, .ofs_x = 1, .ofs_y = 0},
    {.bitmap_index = 478, .adv_w = 112, .box_w = 5, .box_h = 11, .ofs_x = 3, .ofs_y = 0},
    {.bitmap_index = 485, .adv_w = 104, .box_w = 6, .box_h = 14, .ofs_x = 1, .ofs_y = -3},
    {.bitmap_index = 496, .adv_w = 225, .box_w = 13, .box_h = 12, .ofs_x = 3, .ofs_y = 1},
    {.bitmap_index = 516, .adv_w = 225, .box_w = 11, .box_h = 6, .ofs_x = 3, .ofs_y = 3},
    {.bitmap_index = 525, .adv_w = 225, .box_w = 13, .box_h = 12, .ofs_x = 2, .ofs_y = 1},
    {.bitmap_index = 545, .adv_w = 164, .box_w = 10, .box_h = 16, .ofs_x = 3, .ofs_y = 0},
    {.bitmap_index = 565, .adv_w = 302, .box_w = 18, .box_h = 16, .ofs_x = 3, .ofs_y = 0},
    {.bitmap_index = 601, .adv_w = 268, .box_w = 18, .box_h = 16, .ofs_x = 1, .ofs_y = 0},
    {.bitmap_index = 637, .adv_w = 259, .box_w = 15, .box_h = 17, .ofs_x = 2, .ofs_y = 0},
    {.bitmap_index = 669, .adv_w = 225, .box_w = 15, .box_h = 17, .ofs_x = 2, .ofs_y = -1},
    {.bitmap_index = 701, .adv_w = 302, .box_w = 18, .box_h = 17, .ofs_x = 2, .ofs_y = 0},
    {.bitmap_index = 740, .adv_w = 268, .box_w = 16, .box_h = 16, .ofs_x = 2, .ofs_y = 0},
    {.bitmap_index = 772, .adv_w = 251, .box_w = 18, .box_h = 19, .ofs_x = 2, .ofs_y = -2},
    {.bitmap_index = 815, .adv_w = 268, .box_w = 15, .box_h = 23, .ofs_x = 3, .ofs_y = -7},
    {.bitmap_index = 859, .adv_w = 294, .box_w = 24, .box_h = 18, .ofs_x = 1, .ofs_y = 0},
    {.bitmap_index = 913, .adv_w = 164, .box_w = 11, .box_h = 15, .ofs_x = 2, .ofs_y = 0},
    {.bitmap_index = 934, .adv_w = 173, .box_w = 13, .box_h = 19, .ofs_x = 0, .ofs_y = -3},
    {.bitmap_index = 965, .adv_w = 285, .box_w = 21, .box_h = 19, .ofs_x = 2, .ofs_y = -4},
    {.bitmap_index = 1015, .adv_w = 251, .box_w = 16, .box_h = 16, .ofs_x = 1, .ofs_y = 0},
    {.bitmap_index = 1047, .adv_w = 363, .box_w = 25, .box_h = 18, .ofs_x = 2, .ofs_y = 0},
    {.bitmap_index = 1104, .adv_w = 302, .box_w = 24, .box_h = 22, .ofs_x = 1, .ofs_y = -4},
    {.bitmap_index = 1170, .adv_w = 259, .box_w = 15, .box_h = 16, .ofs_x = 3, .ofs_y = 0},
    {.bitmap_index = 1200, .adv_w = 233, .box_w = 16, .box_h = 17, .ofs_x = 1, .ofs_y = 0},
    {.bitmap_index = 1234, .adv_w = 259, .box_w = 20, .box_h = 21, .ofs_x = 3, .ofs_y = -5},
    {.bitmap_index = 1287, .adv_w = 259, .box_w = 21, .box_h = 21, .ofs_x = 1, .ofs_y = -4},
    {.bitmap_index = 1343, .adv_w = 199, .box_w = 14, .box_h = 17, .ofs_x = 0, .ofs_y = -1},
    {.bitmap_index = 1373, .adv_w = 216, .box_w = 17, .box_h = 18, .ofs_x = 2, .ofs_y = 0},
    {.bitmap_index = 1412, .adv_w = 320, .box_w = 18, .box_h = 15, .ofs_x = 3, .ofs_y = 0},
    {.bitmap_index = 1446, .adv_w = 277, .box_w = 19, .box_h = 18, .ofs_x = 3, .ofs_y = 0},
    {.bitmap_index = 1489, .adv_w = 380, .box_w = 25, .box_h = 18, .ofs_x = 3, .ofs_y = 0},
    {.bitmap_index = 1546, .adv_w = 242, .box_w = 18, .box_h = 16, .ofs_x = 0, .ofs_y = 0},
    {.bitmap_index = 1582, .adv_w = 242, .box_w = 20, .box_h = 19, .ofs_x = 1, .ofs_y = -3},
    {.bitmap_index = 1630, .adv_w = 268, .box_w = 16, .box_h = 16, .ofs_x = 2, .ofs_y = 0},
    {.bitmap_index = 1662, .adv_w = 104, .box_w = 10, .box_h = 22, .ofs_x = 1, .ofs_y = -4},
    {.bitmap_index = 1690, .adv_w = 207, .box_w = 8, .box_h = 16, .ofs_x = 5, .ofs_y = 0},
    {.bitmap_index = 1706, .adv_w = 138, .box_w = 9, .box_h = 22, .ofs_x = 1, .ofs_y = -4},
    {.bitmap_index = 1731, .adv_w = 225, .box_w = 7, .box_h = 6, .ofs_x = 6, .ofs_y = 12},
    {.bitmap_index = 1737, .adv_w = 216, .box_w = 14, .box_h = 1, .ofs_x = -1, .ofs_y = -4},
    {.bitmap_index = 1739, .adv_w = 95, .box_w = 3, .box_h = 5, .ofs_x = 5, .ofs_y = 12},
    {.bitmap_index = 1741, .adv_w = 181, .box_w = 11, .box_h = 11, .ofs_x = 2, .ofs_y = 0},
    {.bitmap_index = 1757, .adv_w = 181, .box_w = 11, .box_h = 18, .ofs_x = 2, .ofs_y = 0},
    {.bitmap_index = 1782, .adv_w = 147, .box_w = 8, .box_h = 11, .ofs_x = 2, .ofs_y = 0},
    {.bitmap_index = 1793, .adv_w = 190, .box_w = 15, .box_h = 18, .ofs_x = 2, .ofs_y = 0},
    {.bitmap_index = 1827, .adv_w = 147, .box_w = 8, .box_h = 11, .ofs_x = 2, .ofs_y = 0},
    {.bitmap_index = 1838, .adv_w = 138, .box_w = 18, .box_h = 25, .ofs_x = -3, .ofs_y = -7},
    {.bitmap_index = 1895, .adv_w = 173, .box_w = 15, .box_h = 18, .ofs_x = -2, .ofs_y = -7},
    {.bitmap_index = 1929, .adv_w = 190, .box_w = 12, .box_h = 18, .ofs_x = 2, .ofs_y = 0},
    {.bitmap_index = 1956, .adv_w = 104, .box_w = 6, .box_h = 16, .ofs_x = 2, .ofs_y = 0},
    {.bitmap_index = 1968, .adv_w = 95, .box_w = 12, .box_h = 23, .ofs_x = -4, .ofs_y = -7},
    {.bitmap_index = 2003, .adv_w = 190, .box_w = 16, .box_h = 22, .ofs_x = 2, .ofs_y = -4},
    {.bitmap_index = 2047, .adv_w = 104, .box_w = 10, .box_h = 18, .ofs_x = 2, .ofs_y = 0},
    {.bitmap_index = 2070, .adv_w = 268, .box_w = 17, .box_h = 11, .ofs_x = 2, .ofs_y = 0},
    {.bitmap_index = 2094, .adv_w = 199, .box_w = 12, .box_h = 11, .ofs_x = 2, .ofs_y = 0},
    {.bitmap_index = 2111, .adv_w = 173, .box_w = 10, .box_h = 11, .ofs_x = 2, .ofs_y = 0},
    {.bitmap_index = 2125, .adv_w = 190, .box_w = 13, .box_h = 18, .ofs_x = 0, .ofs_y = -7},
    {.bitmap_index = 2155, .adv_w = 173, .box_w = 11, .box_h = 20, .ofs_x = 2, .ofs_y = -7},
    {.bitmap_index = 2183, .adv_w = 130, .box_w = 9, .box_h = 11, .ofs_x = 2, .ofs_y = 0},
    {.bitmap_index = 2196, .adv_w = 138, .box_w = 9, .box_h = 11, .ofs_x = 1, .ofs_y = 0},
    {.bitmap_index = 2209, .adv_w = 138, .box_w = 8, .box_h = 13, .ofs_x = 3, .ofs_y = 0},
    {.bitmap_index = 2222, .adv_w = 199, .box_w = 12, .box_h = 11, .ofs_x = 2, .ofs_y = 0},
    {.bitmap_index = 2239, .adv_w = 190, .box_w = 12, .box_h = 12, .ofs_x = 2, .ofs_y = 0},
    {.bitmap_index = 2257, .adv_w = 294, .box_w = 18, .box_h = 12, .ofs_x = 2, .ofs_y = 0},
    {.bitmap_index = 2284, .adv_w = 181, .box_w = 14, .box_h = 15, .ofs_x = 2, .ofs_y = -4},
    {.bitmap_index = 2311, .adv_w = 173, .box_w = 13, .box_h = 18, .ofs_x = 0, .ofs_y = -7},
    {.bitmap_index = 2341, .adv_w = 190, .box_w = 12, .box_h = 12, .ofs_x = 1, .ofs_y = 0},
    {.bitmap_index = 2359, .adv_w = 104, .box_w = 8, .box_h = 22, .ofs_x = 3, .ofs_y = -4},
    {.bitmap_index = 2381, .adv_w = 225, .box_w = 2, .box_h = 26, .ofs_x = 8, .ofs_y = -7},
    {.bitmap_index = 2388, .adv_w = 104, .box_w = 8, .box_h = 22, .ofs_x = 0, .ofs_y = -4},
    {.bitmap_index = 2410, .adv_w = 225, .box_w = 11, .box_h = 3, .ofs_x = 3, .ofs_y = 5},
    {.bitmap_index = 2415, .adv_w = 95, .box_w = 1, .box_h = 1, .ofs_x = 0, .ofs_y = 0},
    {.bitmap_index = 2416, .adv_w = 121, .box_w = 6, .box_h = 16, .ofs_x = 2, .ofs_y = -5},
    {.bitmap_index = 2428, .adv_w = 190, .box_w = 9, .box_h = 20, .ofs_x = 3, .ofs_y = -2},
    {.bitmap_index = 2451, .adv_w = 190, .box_w = 12, .box_h = 17, .ofs_x = 0, .ofs_y = -1},
    {.bitmap_index = 2477, .adv_w = 190, .box_w = 12, .box_h = 11, .ofs_x = 1, .ofs_y = 2},
    {.bitmap_index = 2494, .adv_w = 190, .box_w = 17, .box_h = 19, .ofs_x = 0, .ofs_y = -3},
    {.bitmap_index = 2535, .adv_w = 225, .box_w = 2, .box_h = 19, .ofs_x = 8, .ofs_y = 0},
    {.bitmap_index = 2540, .adv_w = 181, .box_w = 11, .box_h = 19, .ofs_x = 2, .ofs_y = -3},
    {.bitmap_index = 2567, .adv_w = 155, .box_w = 6, .box_h = 3, .ofs_x = 5, .ofs_y = 13},
    {.bitmap_index = 2570, .adv_w = 320, .box_w = 18, .box_h = 18, .ofs_x = 4, .ofs_y = -1},
    {.bitmap_index = 2611, .adv_w = 112, .box_w = 6, .box_h = 7, .ofs_x = 3, .ofs_y = 9},
    {.bitmap_index = 2617, .adv_w = 147, .box_w = 8, .box_h = 11, .ofs_x = 3, .ofs_y = 0},
    {.bitmap_index = 2628, .adv_w = 225, .box_w = 14, .box_h = 7, .ofs_x = 1, .ofs_y = 1},
    {.bitmap_index = 2641, .adv_w = 121, .box_w = 5, .box_h = 1, .ofs_x = 3, .ofs_y = 5},
    {.bitmap_index = 2642, .adv_w = 320, .box_w = 18, .box_h = 18, .ofs_x = 4, .ofs_y = -1},
    {.bitmap_index = 2683, .adv_w = 190, .box_w = 9, .box_h = 1, .ofs_x = 5, .ofs_y = 14},
    {.bitmap_index = 2685, .adv_w = 173, .box_w = 7, .box_h = 6, .ofs_x = 5, .ofs_y = 9},
    {.bitmap_index = 2691, .adv_w = 225, .box_w = 11, .box_h = 13, .ofs_x = 3, .ofs_y = 0},
    {.bitmap_index = 2709, .adv_w = 114, .box_w = 8, .box_h = 9, .ofs_x = 2, .ofs_y = 6},
    {.bitmap_index = 2718, .adv_w = 114, .box_w = 7, .box_h = 10, .ofs_x = 2, .ofs_y = 6},
    {.bitmap_index = 2727, .adv_w = 130, .box_w = 4, .box_h = 5, .ofs_x = 6, .ofs_y = 12},
    {.bitmap_index = 2730, .adv_w = 199, .box_w = 14, .box_h = 16, .ofs_x = 0, .ofs_y = -5},
    {.bitmap_index = 2758, .adv_w = 216, .box_w = 15, .box_h = 21, .ofs_x = 1, .ofs_y = -5},
    {.bitmap_index = 2798, .adv_w = 95, .box_w = 3, .box_h = 3, .ofs_x = 3, .ofs_y = 4},
    {.bitmap_index = 2800, .adv_w = 130, .box_w = 5, .box_h = 6, .ofs_x = 1, .ofs_y = -6},
    {.bitmap_index = 2804, .adv_w = 114, .box_w = 6, .box_h = 10, .ofs_x = 2, .ofs_y = 6},
    {.bitmap_index = 2812, .adv_w = 112, .box_w = 6, .box_h = 6, .ofs_x = 3, .ofs_y = 10},
    {.bitmap_index = 2817, .adv_w = 164, .box_w = 9, .box_h = 11, .ofs_x = 2, .ofs_y = 0},
    {.bitmap_index = 2830, .adv_w = 285, .box_w = 15, .box_h = 16, .ofs_x = 3, .ofs_y = -1},
    {.bitmap_index = 2860, .adv_w = 285, .box_w = 15, .box_h = 15, .ofs_x = 3, .ofs_y = 0},
    {.bitmap_index = 2889, .adv_w = 285, .box_w = 16, .box_h = 16, .ofs_x = 2, .ofs_y = -1},
    {.bitmap_index = 2921, .adv_w = 173, .box_w = 9, .box_h = 15, .ofs_x = 2, .ofs_y = -5},
    {.bitmap_index = 2938, .adv_w = 268, .box_w = 18, .box_h = 22, .ofs_x = 1, .ofs_y = 0},
    {.bitmap_index = 2988, .adv_w = 268, .box_w = 18, .box_h = 22, .ofs_x = 1, .ofs_y = 0},
    {.bitmap_index = 3038, .adv_w = 268, .box_w = 18, .box_h = 22, .ofs_x = 1, .ofs_y = 0},
    {.bitmap_index = 3088, .adv_w = 268, .box_w = 19, .box_h = 20, .ofs_x = 1, .ofs_y = 0},
    {.bitmap_index = 3136, .adv_w = 268, .box_w = 18, .box_h = 21, .ofs_x = 1, .ofs_y = 0},
    {.bitmap_index = 3184, .adv_w = 268, .box_w = 18, .box_h = 22, .ofs_x = 1, .ofs_y = 0},
    {.bitmap_index = 3234, .adv_w = 320, .box_w = 21, .box_h = 15, .ofs_x = 1, .ofs_y = 0},
    {.bitmap_index = 3274, .adv_w = 225, .box_w = 15, .box_h = 22, .ofs_x = 2, .ofs_y = -6},
    {.bitmap_index = 3316, .adv_w = 268, .box_w = 16, .box_h = 22, .ofs_x = 2, .ofs_y = 0},
    {.bitmap_index = 3360, .adv_w = 268, .box_w = 16, .box_h = 22, .ofs_x = 2, .ofs_y = 0},
    {.bitmap_index = 3404, .adv_w = 268, .box_w = 16, .box_h = 22, .ofs_x = 2, .ofs_y = 0},
    {.bitmap_index = 3448, .adv_w = 268, .box_w = 16, .box_h = 21, .ofs_x = 2, .ofs_y = 0},
    {.bitmap_index = 3490, .adv_w = 164, .box_w = 11, .box_h = 22, .ofs_x = 2, .ofs_y = 0},
    {.bitmap_index = 3521, .adv_w = 164, .box_w = 11, .box_h = 22, .ofs_x = 2, .ofs_y = 0},
    {.bitmap_index = 3552, .adv_w = 164, .box_w = 11, .box_h = 22, .ofs_x = 2, .ofs_y = 0},
    {.bitmap_index = 3583, .adv_w = 164, .box_w = 11, .box_h = 20, .ofs_x = 2, .ofs_y = 0},
    {.bitmap_index = 3611, .adv_w = 302, .box_w = 18, .box_h = 17, .ofs_x = 2, .ofs_y = 0},
    {.bitmap_index = 3650, .adv_w = 302, .box_w = 24, .box_h = 24, .ofs_x = 1, .ofs_y = -4},
    {.bitmap_index = 3722, .adv_w = 259, .box_w = 15, .box_h = 22, .ofs_x = 3, .ofs_y = 0},
    {.bitmap_index = 3764, .adv_w = 259, .box_w = 15, .box_h = 22, .ofs_x = 3, .ofs_y = 0},
    {.bitmap_index = 3806, .adv_w = 259, .box_w = 15, .box_h = 22, .ofs_x = 3, .ofs_y = 0},
    {.bitmap_index = 3848, .adv_w = 259, .box_w = 15, .box_h = 20, .ofs_x = 3, .ofs_y = 0},
    {.bitmap_index = 3886, .adv_w = 259, .box_w = 15, .box_h = 21, .ofs_x = 3, .ofs_y = 0},
    {.bitmap_index = 3926, .adv_w = 225, .box_w = 11, .box_h = 11, .ofs_x = 3, .ofs_y = 0},
    {.bitmap_index = 3942, .adv_w = 285, .box_w = 16, .box_h = 22, .ofs_x = 3, .ofs_y = -3},
    {.bitmap_index = 3986, .adv_w = 320, .box_w = 18, .box_h = 22, .ofs_x = 3, .ofs_y = 0},
    {.bitmap_index = 4036, .adv_w = 320, .box_w = 18, .box_h = 22, .ofs_x = 3, .ofs_y = 0},
    {.bitmap_index = 4086, .adv_w = 320, .box_w = 18, .box_h = 22, .ofs_x = 3, .ofs_y = 0},
    {.bitmap_index = 4136, .adv_w = 320, .box_w = 18, .box_h = 20, .ofs_x = 3, .ofs_y = 0},
    {.bitmap_index = 4181, .adv_w = 242, .box_w = 20, .box_h = 25, .ofs_x = 1, .ofs_y = -3},
    {.bitmap_index = 4244, .adv_w = 233, .box_w = 16, .box_h = 16, .ofs_x = 1, .ofs_y = 0},
    {.bitmap_index = 4276, .adv_w = 181, .box_w = 17, .box_h = 24, .ofs_x = -3, .ofs_y = -7},
    {.bitmap_index = 4327, .adv_w = 181, .box_w = 11, .box_h = 17, .ofs_x = 2, .ofs_y = 0},
    {.bitmap_index = 4351, .adv_w = 181, .box_w = 11, .box_h = 17, .ofs_x = 2, .ofs_y = 0},
    {.bitmap_index = 4375, .adv_w = 181, .box_w = 11, .box_h = 17, .ofs_x = 2, .ofs_y = 0},
    {.bitmap_index = 4399, .adv_w = 181, .box_w = 12, .box_h = 16, .ofs_x = 2, .ofs_y = 0},
    {.bitmap_index = 4423, .adv_w = 181, .box_w = 11, .box_h = 16, .ofs_x = 2, .ofs_y = 0},
    {.bitmap_index = 4445, .adv_w = 181, .box_w = 11, .box_h = 17, .ofs_x = 2, .ofs_y = 0},
    {.bitmap_index = 4469, .adv_w = 233, .box_w = 14, .box_h = 12, .ofs_x = 2, .ofs_y = 0},
    {.bitmap_index = 4490, .adv_w = 147, .box_w = 8, .box_h = 16, .ofs_x = 2, .ofs_y = -5},
    {.bitmap_index = 4506, .adv_w = 147, .box_w = 8, .box_h = 17, .ofs_x = 2, .ofs_y = 0},
    {.bitmap_index = 4523, .adv_w = 147, .box_w = 9, .box_h = 17, .ofs_x = 2, .ofs_y = 0},
    {.bitmap_index = 4543, .adv_w = 147, .box_w = 9, .box_h = 17, .ofs_x = 2, .ofs_y = 0},
    {.bitmap_index = 4563, .adv_w = 147, .box_w = 9, .box_h = 16, .ofs_x = 2, .ofs_y = 0},
    {.bitmap_index = 4581, .adv_w = 104, .box_w = 6, .box_h = 17, .ofs_x = 2, .ofs_y = 0},
    {.bitmap_index = 4594, .adv_w = 104, .box_w = 8, .box_h = 17, .ofs_x = 2, .ofs_y = 0},
    {.bitmap_index = 4611, .adv_w = 104, .box_w = 7, .box_h = 17, .ofs_x = 2, .ofs_y = 0},
    {.bitmap_index = 4626, .adv_w = 104, .box_w = 8, .box_h = 16, .ofs_x = 2, .ofs_y = 0},
    {.bitmap_index = 4642, .adv_w = 173, .box_w = 13, .box_h = 18, .ofs_x = 2, .ofs_y = 0},
    {.bitmap_index = 4672, .adv_w = 199, .box_w = 12, .box_h = 16, .ofs_x = 2, .ofs_y = 0},
    {.bitmap_index = 4696, .adv_w = 173, .box_w = 10, .box_h = 17, .ofs_x = 2, .ofs_y = 0},
    {.bitmap_index = 4718, .adv_w = 173, .box_w = 10, .box_h = 17, .ofs_x = 2, .ofs_y = 0},
    {.bitmap_index = 4740, .adv_w = 173, .box_w = 10, .box_h = 17, .ofs_x = 2, .ofs_y = 0},
    {.bitmap_index = 4762, .adv_w = 173, .box_w = 11, .box_h = 16, .ofs_x = 2, .ofs_y = 0},
    {.bitmap_index = 4784, .adv_w = 173, .box_w = 10, .box_h = 16, .ofs_x = 2, .ofs_y = 0},
    {.bitmap_index = 4804, .adv_w = 225, .box_w = 11, .box_h = 12, .ofs_x = 3, .ofs_y = 0},
    {.bitmap_index = 4821, .adv_w = 190, .box_w = 11, .box_h = 19, .ofs_x = 2, .ofs_y = -4},
    {.bitmap_index = 4848, .adv_w = 199, .box_w = 12, .box_h = 17, .ofs_x = 2, .ofs_y = 0},
    {.bitmap_index = 4874, .adv_w = 199, .box_w = 12, .box_h = 17, .ofs_x = 2, .ofs_y = 0},
    {.bitmap_index = 4900, .adv_w = 199, .box_w = 12, .box_h = 17, .ofs_x = 2, .ofs_y = 0},
    {.bitmap_index = 4926, .adv_w = 199, .box_w = 12, .box_h = 16, .ofs_x = 2, .ofs_y = 0},
    {.bitmap_index = 4950, .adv_w = 173, .box_w = 13, .box_h = 24, .ofs_x = 0, .ofs_y = -7},
    {.bitmap_index = 4989, .adv_w = 190, .box_w = 13, .box_h = 24, .ofs_x = 0, .ofs_y = -7},
    {.bitmap_index = 5028, .adv_w = 173, .box_w = 13, .box_h = 23, .ofs_x = 0, .ofs_y = -7},
    {.bitmap_index = 5066, .adv_w = 268, .box_w = 20, .box_h = 19, .ofs_x = 1, .ofs_y = 0},
    {.bitmap_index = 5114, .adv_w = 181, .box_w = 12, .box_h = 15, .ofs_x = 2, .ofs_y = 0},
    {.bitmap_index = 5137, .adv_w = 268, .box_w = 19, .box_h = 21, .ofs_x = 1, .ofs_y = 0},
    {.bitmap_index = 5187, .adv_w = 181, .box_w = 12, .box_h = 16, .ofs_x = 2, .ofs_y = 0},
    {.bitmap_index = 5211, .adv_w = 268, .box_w = 18, .box_h = 20, .ofs_x = 1, .ofs_y = -4},
    {.bitmap_index = 5256, .adv_w = 181, .box_w = 11, .box_h = 15, .ofs_x = 2, .ofs_y = -4},
    {.bitmap_index = 5277, .adv_w = 225, .box_w = 15, .box_h = 23, .ofs_x = 2, .ofs_y = -1},
    {.bitmap_index = 5321, .adv_w = 147, .box_w = 10, .box_h = 17, .ofs_x = 2, .ofs_y = 0},
    {.bitmap_index = 5343, .adv_w = 225, .box_w = 15, .box_h = 23, .ofs_x = 2, .ofs_y = -1},
    {.bitmap_index = 5387, .adv_w = 147, .box_w = 10, .box_h = 17, .ofs_x = 2, .ofs_y = 0},
    {.bitmap_index = 5409, .adv_w = 225, .box_w = 15, .box_h = 22, .ofs_x = 2, .ofs_y = -1},
    {.bitmap_index = 5451, .adv_w = 147, .box_w = 8, .box_h = 16, .ofs_x = 2, .ofs_y = 0},
    {.bitmap_index = 5467, .adv_w = 225, .box_w = 16, .box_h = 23, .ofs_x = 2, .ofs_y = -1},
    {.bitmap_index = 5513, .adv_w = 147, .box_w = 11, .box_h = 17, .ofs_x = 2, .ofs_y = 0},
    {.bitmap_index = 5537, .adv_w = 302, .box_w = 18, .box_h = 22, .ofs_x = 2, .ofs_y = 0},
    {.bitmap_index = 5587, .adv_w = 208, .box_w = 17, .box_h = 18, .ofs_x = 2, .ofs_y = 0},
    {.bitmap_index = 5626, .adv_w = 302, .box_w = 18, .box_h = 17, .ofs_x = 2, .ofs_y = 0},
    {.bitmap_index = 5665, .adv_w = 190, .box_w = 15, .box_h = 18, .ofs_x = 2, .ofs_y = 0},
    {.bitmap_index = 5699, .adv_w = 268, .box_w = 16, .box_h = 19, .ofs_x = 2, .ofs_y = 0},
    {.bitmap_index = 5737, .adv_w = 147, .box_w = 11, .box_h = 15, .ofs_x = 2, .ofs_y = 0},
    {.bitmap_index = 5758, .adv_w = 268, .box_w = 16, .box_h = 20, .ofs_x = 2, .ofs_y = 0},
    {.bitmap_index = 5798, .adv_w = 147, .box_w = 11, .box_h = 16, .ofs_x = 2, .ofs_y = 0},
    {.bitmap_index = 5820, .adv_w = 268, .box_w = 16, .box_h = 21, .ofs_x = 2, .ofs_y = 0},
    {.bitmap_index = 5862, .adv_w = 147, .box_w = 8, .box_h = 16, .ofs_x = 2, .ofs_y = 0},
    {.bitmap_index = 5878, .adv_w = 268, .box_w = 16, .box_h = 20, .ofs_x = 2, .ofs_y = -4},
    {.bitmap_index = 5918, .adv_w = 147, .box_w = 8, .box_h = 15, .ofs_x = 2, .ofs_y = -4},
    {.bitmap_index = 5933, .adv_w = 268, .box_w = 16, .box_h = 22, .ofs_x = 2, .ofs_y = 0},
    {.bitmap_index = 5977, .adv_w = 147, .box_w = 11, .box_h = 17, .ofs_x = 2, .ofs_y = 0},
    {.bitmap_index = 6001, .adv_w = 268, .box_w = 15, .box_h = 29, .ofs_x = 3, .ofs_y = -7},
    {.bitmap_index = 6056, .adv_w = 173, .box_w = 15, .box_h = 25, .ofs_x = -2, .ofs_y = -7},
    {.bitmap_index = 6103, .adv_w = 268, .box_w = 15, .box_h = 27, .ofs_x = 3, .ofs_y = -7},
    {.bitmap_index = 6154, .adv_w = 173, .box_w = 15, .box_h = 23, .ofs_x = -2, .ofs_y = -7},
    {.bitmap_index = 6198, .adv_w = 268, .box_w = 15, .box_h = 28, .ofs_x = 3, .ofs_y = -7},
    {.bitmap_index = 6251, .adv_w = 173, .box_w = 15, .box_h = 23, .ofs_x = -2, .ofs_y = -7},
    {.bitmap_index = 6295, .adv_w = 268, .box_w = 15, .box_h = 30, .ofs_x = 3, .ofs_y = -7},
    {.bitmap_index = 6352, .adv_w = 173, .box_w = 15, .box_h = 25, .ofs_x = -2, .ofs_y = -7},
    {.bitmap_index = 6399, .adv_w = 294, .box_w = 24, .box_h = 22, .ofs_x = 1, .ofs_y = 0},
    {.bitmap_index = 6465, .adv_w = 190, .box_w = 13, .box_h = 23, .ofs_x = 2, .ofs_y = 0},
    {.bitmap_index = 6503, .adv_w = 294, .box_w = 24, .box_h = 18, .ofs_x = 1, .ofs_y = 0},
    {.bitmap_index = 6557, .adv_w = 190, .box_w = 12, .box_h = 18, .ofs_x = 2, .ofs_y = 0},
    {.bitmap_index = 6584, .adv_w = 164, .box_w = 13, .box_h = 20, .ofs_x = 2, .ofs_y = 0},
    {.bitmap_index = 6617, .adv_w = 104, .box_w = 8, .box_h = 16, .ofs_x = 2, .ofs_y = 0},
    {.bitmap_index = 6633, .adv_w = 164, .box_w = 13, .box_h = 19, .ofs_x = 2, .ofs_y = 0},
    {.bitmap_index = 6664, .adv_w = 104, .box_w = 9, .box_h = 15, .ofs_x = 2, .ofs_y = 0},
    {.bitmap_index = 6681, .adv_w = 164, .box_w = 13, .box_h = 20, .ofs_x = 2, .ofs_y = 0},
    {.bitmap_index = 6714, .adv_w = 104, .box_w = 9, .box_h = 16, .ofs_x = 2, .ofs_y = 0},
    {.bitmap_index = 6732, .adv_w = 164, .box_w = 11, .box_h = 19, .ofs_x = 2, .ofs_y = -4},
    {.bitmap_index = 6759, .adv_w = 104, .box_w = 6, .box_h = 20, .ofs_x = 2, .ofs_y = -4},
    {.bitmap_index = 6774, .adv_w = 164, .box_w = 11, .box_h = 20, .ofs_x = 2, .ofs_y = 0},
    {.bitmap_index = 6802, .adv_w = 104, .box_w = 6, .box_h = 11, .ofs_x = 2, .ofs_y = 0},
    {.bitmap_index = 6811, .adv_w = 337, .box_w = 20, .box_h = 18, .ofs_x = 3, .ofs_y = -3},
    {.bitmap_index = 6856, .adv_w = 199, .box_w = 13, .box_h = 23, .ofs_x = 2, .ofs_y = -7},
    {.bitmap_index = 6894, .adv_w = 173, .box_w = 14, .box_h = 25, .ofs_x = 0, .ofs_y = -3},
    {.bitmap_index = 6938, .adv_w = 95, .box_w = 12, .box_h = 24, .ofs_x = -4, .ofs_y = -7},
    {.bitmap_index = 6974, .adv_w = 285, .box_w = 21, .box_h = 22, .ofs_x = 2, .ofs_y = -7},
    {.bitmap_index = 7032, .adv_w = 190, .box_w = 16, .box_h = 25, .ofs_x = 2, .ofs_y = -7},
    {.bitmap_index = 7082, .adv_w = 216, .box_w = 15, .box_h = 14, .ofs_x = 1, .ofs_y = -3},
    {.bitmap_index = 7109, .adv_w = 251, .box_w = 16, .box_h = 22, .ofs_x = 1, .ofs_y = 0},
    {.bitmap_index = 7153, .adv_w = 104, .box_w = 10, .box_h = 23, .ofs_x = 2, .ofs_y = 0},
    {.bitmap_index = 7182, .adv_w = 251, .box_w = 16, .box_h = 23, .ofs_x = 1, .ofs_y = -7},
    {.bitmap_index = 7228, .adv_w = 104, .box_w = 12, .box_h = 25, .ofs_x = 0, .ofs_y = -7},
    {.bitmap_index = 7266, .adv_w = 251, .box_w = 18, .box_h = 16, .ofs_x = 1, .ofs_y = 0},
    {.bitmap_index = 7302, .adv_w = 146, .box_w = 12, .box_h = 18, .ofs_x = 2, .ofs_y = 0},
    {.bitmap_index = 7329, .adv_w = 251, .box_w = 16, .box_h = 16, .ofs_x = 1, .ofs_y = 0},
    {.bitmap_index = 7361, .adv_w = 142, .box_w = 10, .box_h = 18, .ofs_x = 2, .ofs_y = 0},
    {.bitmap_index = 7384, .adv_w = 251, .box_w = 16, .box_h = 16, .ofs_x = 1, .ofs_y = 0},
    {.bitmap_index = 7416, .adv_w = 130, .box_w = 11, .box_h = 18, .ofs_x = 2, .ofs_y = 0},
    {.bitmap_index = 7441, .adv_w = 302, .box_w = 24, .box_h = 26, .ofs_x = 1, .ofs_y = -4},
    {.bitmap_index = 7519, .adv_w = 199, .box_w = 12, .box_h = 17, .ofs_x = 2, .ofs_y = 0},
    {.bitmap_index = 7545, .adv_w = 302, .box_w = 24, .box_h = 25, .ofs_x = 1, .ofs_y = -7},
    {.bitmap_index = 7620, .adv_w = 199, .box_w = 12, .box_h = 18, .ofs_x = 2, .ofs_y = -7},
    {.bitmap_index = 7647, .adv_w = 302, .box_w = 24, .box_h = 26, .ofs_x = 1, .ofs_y = -4},
    {.bitmap_index = 7725, .adv_w = 199, .box_w = 12, .box_h = 17, .ofs_x = 2, .ofs_y = 0},
    {.bitmap_index = 7751, .adv_w = 251, .box_w = 14, .box_h = 18, .ofs_x = 2, .ofs_y = 0},
    {.bitmap_index = 7783, .adv_w = 302, .box_w = 24, .box_h = 24, .ofs_x = 1, .ofs_y = -7},
    {.bitmap_index = 7855, .adv_w = 190, .box_w = 11, .box_h = 18, .ofs_x = 2, .ofs_y = -7},
    {.bitmap_index = 7880, .adv_w = 259, .box_w = 15, .box_h = 19, .ofs_x = 3, .ofs_y = 0},
    {.bitmap_index = 7916, .adv_w = 173, .box_w = 12, .box_h = 15, .ofs_x = 2, .ofs_y = 0},
    {.bitmap_index = 7939, .adv_w = 259, .box_w = 15, .box_h = 21, .ofs_x = 3, .ofs_y = 0},
    {.bitmap_index = 7979, .adv_w = 173, .box_w = 13, .box_h = 16, .ofs_x = 2, .ofs_y = 0},
    {.bitmap_index = 8005, .adv_w = 259, .box_w = 15, .box_h = 22, .ofs_x = 3, .ofs_y = 0},
    {.bitmap_index = 8047, .adv_w = 173, .box_w = 13, .box_h = 17, .ofs_x = 2, .ofs_y = 0},
    {.bitmap_index = 8075, .adv_w = 354, .box_w = 21, .box_h = 16, .ofs_x = 3, .ofs_y = 0},
    {.bitmap_index = 8117, .adv_w = 242, .box_w = 14, .box_h = 11, .ofs_x = 2, .ofs_y = 0},
    {.bitmap_index = 8137, .adv_w = 259, .box_w = 21, .box_h = 26, .ofs_x = 1, .ofs_y = -4},
    {.bitmap_index = 8206, .adv_w = 130, .box_w = 10, .box_h = 17, .ofs_x = 2, .ofs_y = 0},
    {.bitmap_index = 8228, .adv_w = 259, .box_w = 21, .box_h = 24, .ofs_x = 1, .ofs_y = -7},
    {.bitmap_index = 8291, .adv_w = 130, .box_w = 10, .box_h = 18, .ofs_x = 1, .ofs_y = -7},
    {.bitmap_index = 8314, .adv_w = 259, .box_w = 21, .box_h = 26, .ofs_x = 1, .ofs_y = -4},
    {.bitmap_index = 8383, .adv_w = 130, .box_w = 11, .box_h = 17, .ofs_x = 2, .ofs_y = 0},
    {.bitmap_index = 8407, .adv_w = 199, .box_w = 14, .box_h = 23, .ofs_x = 0, .ofs_y = -1},
    {.bitmap_index = 8448, .adv_w = 138, .box_w = 11, .box_h = 17, .ofs_x = 1, .ofs_y = 0},
    {.bitmap_index = 8472, .adv_w = 199, .box_w = 14, .box_h = 23, .ofs_x = 0, .ofs_y = -1},
    {.bitmap_index = 8513, .adv_w = 138, .box_w = 9, .box_h = 17, .ofs_x = 1, .ofs_y = 0},
    {.bitmap_index = 8533, .adv_w = 199, .box_w = 14, .box_h = 22, .ofs_x = 0, .ofs_y = -6},
    {.bitmap_index = 8572, .adv_w = 138, .box_w = 10, .box_h = 16, .ofs_x = 0, .ofs_y = -5},
    {.bitmap_index = 8592, .adv_w = 199, .box_w = 16, .box_h = 23, .ofs_x = 0, .ofs_y = -1},
    {.bitmap_index = 8638, .adv_w = 138, .box_w = 12, .box_h = 17, .ofs_x = 1, .ofs_y = 0},
    {.bitmap_index = 8664, .adv_w = 216, .box_w = 17, .box_h = 25, .ofs_x = 2, .ofs_y = -7},
    {.bitmap_index = 8718, .adv_w = 138, .box_w = 10, .box_h = 20, .ofs_x = 1, .ofs_y = -7},
    {.bitmap_index = 8743, .adv_w = 216, .box_w = 17, .box_h = 22, .ofs_x = 2, .ofs_y = 0},
    {.bitmap_index = 8790, .adv_w = 138, .box_w = 10, .box_h = 18, .ofs_x = 3, .ofs_y = 0},
    {.bitmap_index = 8813, .adv_w = 216, .box_w = 17, .box_h = 18, .ofs_x = 2, .ofs_y = 0},
    {.bitmap_index = 8852, .adv_w = 138, .box_w = 8, .box_h = 13, .ofs_x = 3, .ofs_y = 0},
    {.bitmap_index = 8865, .adv_w = 320, .box_w = 18, .box_h = 20, .ofs_x = 3, .ofs_y = 0},
    {.bitmap_index = 8910, .adv_w = 199, .box_w = 12, .box_h = 16, .ofs_x = 2, .ofs_y = 0},
    {.bitmap_index = 8934, .adv_w = 320, .box_w = 18, .box_h = 19, .ofs_x = 3, .ofs_y = 0},
    {.bitmap_index = 8977, .adv_w = 199, .box_w = 12, .box_h = 15, .ofs_x = 2, .ofs_y = 0},
    {.bitmap_index = 9000, .adv_w = 320, .box_w = 18, .box_h = 21, .ofs_x = 3, .ofs_y = 0},
    {.bitmap_index = 9048, .adv_w = 199, .box_w = 13, .box_h = 16, .ofs_x = 2, .ofs_y = 0},
    {.bitmap_index = 9074, .adv_w = 320, .box_w = 18, .box_h = 22, .ofs_x = 3, .ofs_y = 0},
    {.bitmap_index = 9124, .adv_w = 199, .box_w = 12, .box_h = 17, .ofs_x = 2, .ofs_y = 0},
    {.bitmap_index = 9150, .adv_w = 320, .box_w = 19, .box_h = 22, .ofs_x = 3, .ofs_y = 0},
    {.bitmap_index = 9203, .adv_w = 199, .box_w = 12, .box_h = 17, .ofs_x = 2, .ofs_y = 0},
    {.bitmap_index = 9229, .adv_w = 320, .box_w = 18, .box_h = 19, .ofs_x = 3, .ofs_y = -4},
    {.bitmap_index = 9272, .adv_w = 199, .box_w = 12, .box_h = 15, .ofs_x = 2, .ofs_y = -4},
    {.bitmap_index = 9295, .adv_w = 380, .box_w = 25, .box_h = 22, .ofs_x = 3, .ofs_y = 0},
    {.bitmap_index = 9364, .adv_w = 294, .box_w = 18, .box_h = 18, .ofs_x = 2, .ofs_y = 0},
    {.bitmap_index = 9405, .adv_w = 242, .box_w = 20, .box_h = 25, .ofs_x = 1, .ofs_y = -3},
    {.bitmap_index = 9468, .adv_w = 173, .box_w = 13, .box_h = 24, .ofs_x = 0, .ofs_y = -7},
    {.bitmap_index = 9507, .adv_w = 242, .box_w = 20, .box_h = 23, .ofs_x = 1, .ofs_y = -3},
    {.bitmap_index = 9565, .adv_w = 268, .box_w = 16, .box_h = 22, .ofs_x = 2, .ofs_y = 0},
    {.bitmap_index = 9609, .adv_w = 190, .box_w = 12, .box_h = 18, .ofs_x = 1, .ofs_y = 0},
    {.bitmap_index = 9636, .adv_w = 268, .box_w = 16, .box_h = 21, .ofs_x = 2, .ofs_y = 0},
    {.bitmap_index = 9678, .adv_w = 190, .box_w = 12, .box_h = 17, .ofs_x = 1, .ofs_y = 0},
    {.bitmap_index = 9704, .adv_w = 268, .box_w = 16, .box_h = 22, .ofs_x = 2, .ofs_y = 0},
    {.bitmap_index = 9748, .adv_w = 190, .box_w = 13, .box_h = 18, .ofs_x = 1, .ofs_y = 0},
    {.bitmap_index = 9778, .adv_w = 138, .box_w = 18, .box_h = 25, .ofs_x = -3, .ofs_y = -7},
    {.bitmap_index = 9835, .adv_w = 190, .box_w = 17, .box_h = 24, .ofs_x = -1, .ofs_y = -7},
    {.bitmap_index = 9886, .adv_w = 268, .box_w = 18, .box_h = 25, .ofs_x = 1, .ofs_y = 0},
    {.bitmap_index = 9943, .adv_w = 181, .box_w = 11, .box_h = 21, .ofs_x = 2, .ofs_y = 0},
    {.bitmap_index = 9972, .adv_w = 320, .box_w = 21, .box_h = 21, .ofs_x = 1, .ofs_y = 0},
    {.bitmap_index = 10028, .adv_w = 237, .box_w = 14, .box_h = 17, .ofs_x = 2, .ofs_y = 0},
    {.bitmap_index = 10058, .adv_w = 285, .box_w = 16, .box_h = 25, .ofs_x = 3, .ofs_y = -3},
    {.bitmap_index = 10108, .adv_w = 190, .box_w = 11, .box_h = 21, .ofs_x = 2, .ofs_y = -4},
    {.bitmap_index = 10137, .adv_w = 199, .box_w = 14, .box_h = 23, .ofs_x = 0, .ofs_y = -7},
    {.bitmap_index = 10178, .adv_w = 138, .box_w = 9, .box_h = 18, .ofs_x = 1, .ofs_y = -7},
    {.bitmap_index = 10199, .adv_w = 216, .box_w = 17, .box_h = 25, .ofs_x = 2, .ofs_y = -7},
    {.bitmap_index = 10253, .adv_w = 138, .box_w = 10, .box_h = 20, .ofs_x = 1, .ofs_y = -7},
    {.bitmap_index = 10278, .adv_w = 147, .box_w = 6, .box_h = 5, .ofs_x = 5, .ofs_y = 12},
    {.bitmap_index = 10282, .adv_w = 147, .box_w = 6, .box_h = 5, .ofs_x = 6, .ofs_y = 12},
    {.bitmap_index = 10286, .adv_w = 190, .box_w = 9, .box_h = 1, .ofs_x = 5, .ofs_y = 14},
    {.bitmap_index = 10288, .adv_w = 190, .box_w = 9, .box_h = 3, .ofs_x = 5, .ofs_y = 13},
    {.bitmap_index = 10292, .adv_w = 95, .box_w = 2, .box_h = 3, .ofs_x = 6, .ofs_y = 13},
    {.bitmap_index = 10293, .adv_w = 130, .box_w = 5, .box_h = 5, .ofs_x = 6, .ofs_y = 12},
    {.bitmap_index = 10297, .adv_w = 121, .box_w = 4, .box_h = 4, .ofs_x = 2, .ofs_y = -4},
    {.bitmap_index = 10299, .adv_w = 190, .box_w = 9, .box_h = 2, .ofs_x = 5, .ofs_y = 13},
    {.bitmap_index = 10302, .adv_w = 173, .box_w = 8, .box_h = 5, .ofs_x = 5, .ofs_y = 12},
    {.bitmap_index = 10307, .adv_w = 132, .box_w = 3, .box_h = 5, .ofs_x = 6, .ofs_y = 12},
    {.bitmap_index = 10309, .adv_w = 132, .box_w = 8, .box_h = 5, .ofs_x = 4, .ofs_y = 12},
    {.bitmap_index = 10314, .adv_w = 298, .box_w = 17, .box_h = 17, .ofs_x = 3, .ofs_y = 0},
    {.bitmap_index = 10351, .adv_w = 95, .box_w = 3, .box_h = 3, .ofs_x = 3, .ofs_y = 4},
    {.bitmap_index = 10353, .adv_w = 334, .box_w = 17, .box_h = 17, .ofs_x = 5, .ofs_y = 0},
    {.bitmap_index = 10390, .adv_w = 331, .box_w = 24, .box_h = 18, .ofs_x = 3, .ofs_y = 0},
    {.bitmap_index = 10444, .adv_w = 187, .box_w = 10, .box_h = 17, .ofs_x = 4, .ofs_y = 0},
    {.bitmap_index = 10466, .adv_w = 272, .box_w = 14, .box_h = 17, .ofs_x = 4, .ofs_y = 0},
    {.bitmap_index = 10496, .adv_w = 286, .box_w = 19, .box_h = 21, .ofs_x = 4, .ofs_y = -4},
    {.bitmap_index = 10546, .adv_w = 335, .box_w = 20, .box_h = 17, .ofs_x = 3, .ofs_y = 0},
    {.bitmap_index = 10589, .adv_w = 117, .box_w = 9, .box_h = 17, .ofs_x = 3, .ofs_y = 0},
    {.bitmap_index = 10609, .adv_w = 268, .box_w = 18, .box_h = 16, .ofs_x = 1, .ofs_y = 0},
    {.bitmap_index = 10645, .adv_w = 259, .box_w = 15, .box_h = 17, .ofs_x = 2, .ofs_y = 0},
    {.bitmap_index = 10677, .adv_w = 216, .box_w = 17, .box_h = 17, .ofs_x = 2, .ofs_y = 0},
    {.bitmap_index = 10714, .adv_w = 256, .box_w = 15, .box_h = 16, .ofs_x = 1, .ofs_y = 0},
    {.bitmap_index = 10744, .adv_w = 268, .box_w = 16, .box_h = 16, .ofs_x = 2, .ofs_y = 0},
    {.bitmap_index = 10776, .adv_w = 268, .box_w = 16, .box_h = 16, .ofs_x = 2, .ofs_y = 0},
    {.bitmap_index = 10808, .adv_w = 294, .box_w = 24, .box_h = 18, .ofs_x = 1, .ofs_y = 0},
    {.bitmap_index = 10862, .adv_w = 259, .box_w = 15, .box_h = 16, .ofs_x = 3, .ofs_y = 0},
    {.bitmap_index = 10892, .adv_w = 164, .box_w = 11, .box_h = 15, .ofs_x = 2, .ofs_y = 0},
    {.bitmap_index = 10913, .adv_w = 285, .box_w = 21, .box_h = 19, .ofs_x = 2, .ofs_y = -4},
    {.bitmap_index = 10963, .adv_w = 268, .box_w = 19, .box_h = 16, .ofs_x = 0, .ofs_y = 0},
    {.bitmap_index = 11001, .adv_w = 363, .box_w = 25, .box_h = 18, .ofs_x = 2, .ofs_y = 0},
    {.bitmap_index = 11058, .adv_w = 302, .box_w = 24, .box_h = 22, .ofs_x = 1, .ofs_y = -4},
    {.bitmap_index = 11124, .adv_w = 281, .box_w = 17, .box_h = 16, .ofs_x = 1, .ofs_y = 0},
    {.bitmap_index = 11158, .adv_w = 259, .box_w = 15, .box_h = 16, .ofs_x = 3, .ofs_y = 0},
    {.bitmap_index = 11188, .adv_w = 310, .box_w = 23, .box_h = 18, .ofs_x = 1, .ofs_y = 0},
    {.bitmap_index = 11240, .adv_w = 233, .box_w = 16, .box_h = 17, .ofs_x = 1, .ofs_y = 0},
    {.bitmap_index = 11274, .adv_w = 280, .box_w = 17, .box_h = 17, .ofs_x = 2, .ofs_y = 0},
    {.bitmap_index = 11311, .adv_w = 224, .box_w = 17, .box_h = 17, .ofs_x = 2, .ofs_y = 0},
    {.bitmap_index = 11348, .adv_w = 252, .box_w = 20, .box_h = 20, .ofs_x = 1, .ofs_y = -4},
    {.bitmap_index = 11398, .adv_w = 299, .box_w = 18, .box_h = 16, .ofs_x = 3, .ofs_y = 0},
    {.bitmap_index = 11434, .adv_w = 242, .box_w = 18, .box_h = 16, .ofs_x = 0, .ofs_y = 0},
    {.bitmap_index = 11470, .adv_w = 360, .box_w = 22, .box_h = 16, .ofs_x = 3, .ofs_y = 0},
    {.bitmap_index = 11514, .adv_w = 312, .box_w = 21, .box_h = 16, .ofs_x = 1, .ofs_y = 0},
    {.bitmap_index = 11556, .adv_w = 164, .box_w = 11, .box_h = 20, .ofs_x = 2, .ofs_y = 0},
    {.bitmap_index = 11584, .adv_w = 242, .box_w = 20, .box_h = 24, .ofs_x = 1, .ofs_y = -4},
    {.bitmap_index = 11644, .adv_w = 240, .box_w = 15, .box_h = 17, .ofs_x = 2, .ofs_y = 0},
    {.bitmap_index = 11676, .adv_w = 147, .box_w = 8, .box_h = 17, .ofs_x = 2, .ofs_y = 0},
    {.bitmap_index = 11693, .adv_w = 189, .box_w = 11, .box_h = 24, .ofs_x = 2, .ofs_y = -7},
    {.bitmap_index = 11726, .adv_w = 104, .box_w = 7, .box_h = 17, .ofs_x = 2, .ofs_y = 0},
    {.bitmap_index = 11741, .adv_w = 208, .box_w = 14, .box_h = 17, .ofs_x = 2, .ofs_y = 0},
    {.bitmap_index = 11771, .adv_w = 240, .box_w = 15, .box_h = 11, .ofs_x = 2, .ofs_y = 0},
    {.bitmap_index = 11792, .adv_w = 171, .box_w = 14, .box_h = 25, .ofs_x = -1, .ofs_y = -7},
    {.bitmap_index = 11836, .adv_w = 183, .box_w = 13, .box_h = 19, .ofs_x = 1, .ofs_y = -8},
    {.bitmap_index = 11867, .adv_w = 182, .box_w = 12, .box_h = 18, .ofs_x = 2, .ofs_y = 0},
    {.bitmap_index = 11894, .adv_w = 147, .box_w = 8, .box_h = 11, .ofs_x = 2, .ofs_y = 0},
    {.bitmap_index = 11905, .adv_w = 132, .box_w = 11, .box_h = 22, .ofs_x = 2, .ofs_y = -4},
    {.bitmap_index = 11936, .adv_w = 189, .box_w = 11, .box_h = 18, .ofs_x = 2, .ofs_y = -7},
    {.bitmap_index = 11961, .adv_w = 177, .box_w = 12, .box_h = 18, .ofs_x = 2, .ofs_y = 0},
    {.bitmap_index = 11988, .adv_w = 104, .box_w = 6, .box_h = 11, .ofs_x = 2, .ofs_y = 0},
    {.bitmap_index = 11997, .adv_w = 193, .box_w = 16, .box_h = 16, .ofs_x = 2, .ofs_y = -5},
    {.bitmap_index = 12029, .adv_w = 174, .box_w = 12, .box_h = 18, .ofs_x = -1, .ofs_y = 0},
    {.bitmap_index = 12056, .adv_w = 199, .box_w = 14, .box_h = 17, .ofs_x = 0, .ofs_y = -6},
    {.bitmap_index = 12086, .adv_w = 194, .box_w = 13, .box_h = 13, .ofs_x = 1, .ofs_y = -1},
    {.bitmap_index = 12108, .adv_w = 157, .box_w = 11, .box_h = 22, .ofs_x = 2, .ofs_y = -4},
    {.bitmap_index = 12139, .adv_w = 173, .box_w = 10, .box_h = 11, .ofs_x = 2, .ofs_y = 0},
    {.bitmap_index = 12153, .adv_w = 245, .box_w = 17, .box_h = 11, .ofs_x = 1, .ofs_y = 0},
    {.bitmap_index = 12177, .adv_w = 177, .box_w = 13, .box_h = 18, .ofs_x = -1, .ofs_y = -7},
    {.bitmap_index = 12207, .adv_w = 143, .box_w = 8, .box_h = 15, .ofs_x = 2, .ofs_y = -4},
    {.bitmap_index = 12222, .adv_w = 190, .box_w = 12, .box_h = 11, .ofs_x = 2, .ofs_y = 0},
    {.bitmap_index = 12239, .adv_w = 203, .box_w = 14, .box_h = 11, .ofs_x = 2, .ofs_y = 0},
    {.bitmap_index = 12259, .adv_w = 196, .box_w = 13, .box_h = 11, .ofs_x = 1, .ofs_y = 0},
    {.bitmap_index = 12277, .adv_w = 243, .box_w = 14, .box_h = 18, .ofs_x = 2, .ofs_y = -7},
    {.bitmap_index = 12309, .adv_w = 181, .box_w = 14, .box_h = 18, .ofs_x = 1, .ofs_y = -7},
    {.bitmap_index = 12341, .adv_w = 247, .box_w = 15, .box_h = 18, .ofs_x = 1, .ofs_y = -7},
    {.bitmap_index = 12375, .adv_w = 307, .box_w = 18, .box_h = 11, .ofs_x = 2, .ofs_y = 0},
    {.bitmap_index = 12400, .adv_w = 104, .box_w = 8, .box_h = 16, .ofs_x = 2, .ofs_y = 0},
    {.bitmap_index = 12416, .adv_w = 196, .box_w = 13, .box_h = 17, .ofs_x = 1, .ofs_y = 0},
    {.bitmap_index = 12444, .adv_w = 173, .box_w = 10, .box_h = 17, .ofs_x = 2, .ofs_y = 0},
    {.bitmap_index = 12466, .adv_w = 196, .box_w = 13, .box_h = 17, .ofs_x = 1, .ofs_y = 0},
    {.bitmap_index = 12494, .adv_w = 307, .box_w = 18, .box_h = 17, .ofs_x = 2, .ofs_y = 0},
    {.bitmap_index = 12533, .adv_w = 216, .box_w = 15, .box_h = 18, .ofs_x = 1, .ofs_y = 0},
    {.bitmap_index = 12567, .adv_w = 243, .box_w = 15, .box_h = 25, .ofs_x = 2, .ofs_y = -7},
    {.bitmap_index = 12614, .adv_w = 263, .box_w = 14, .box_h = 15, .ofs_x = 1, .ofs_y = 0},
    {.bitmap_index = 12641, .adv_w = 268, .box_w = 16, .box_h = 22, .ofs_x = 2, .ofs_y = 0},
    {.bitmap_index = 12685, .adv_w = 268, .box_w = 16, .box_h = 21, .ofs_x = 2, .ofs_y = 0},
    {.bitmap_index = 12727, .adv_w = 286, .box_w = 17, .box_h = 24, .ofs_x = 2, .ofs_y = -7},
    {.bitmap_index = 12778, .adv_w = 219, .box_w = 17, .box_h = 22, .ofs_x = 2, .ofs_y = 0},
    {.bitmap_index = 12825, .adv_w = 225, .box_w = 15, .box_h = 17, .ofs_x = 2, .ofs_y = -1},
    {.bitmap_index = 12857, .adv_w = 199, .box_w = 14, .box_h = 17, .ofs_x = 0, .ofs_y = -1},
    {.bitmap_index = 12887, .adv_w = 164, .box_w = 11, .box_h = 15, .ofs_x = 2, .ofs_y = 0},
    {.bitmap_index = 12908, .adv_w = 164, .box_w = 11, .box_h = 20, .ofs_x = 2, .ofs_y = 0},
    {.bitmap_index = 12936, .adv_w = 173, .box_w = 13, .box_h = 19, .ofs_x = 0, .ofs_y = -3},
    {.bitmap_index = 12967, .adv_w = 346, .box_w = 24, .box_h = 16, .ofs_x = 0, .ofs_y = 0},
    {.bitmap_index = 13015, .adv_w = 380, .box_w = 24, .box_h = 18, .ofs_x = 1, .ofs_y = 0},
    {.bitmap_index = 13069, .adv_w = 312, .box_w = 19, .box_h = 18, .ofs_x = 2, .ofs_y = 0},
    {.bitmap_index = 13112, .adv_w = 285, .box_w = 21, .box_h = 26, .ofs_x = 2, .ofs_y = -4},
    {.bitmap_index = 13181, .adv_w = 331, .box_w = 25, .box_h = 22, .ofs_x = 3, .ofs_y = 0},
    {.bitmap_index = 13250, .adv_w = 259, .box_w = 20, .box_h = 24, .ofs_x = 1, .ofs_y = -4},
    {.bitmap_index = 13310, .adv_w = 315, .box_w = 22, .box_h = 25, .ofs_x = 3, .ofs_y = -7},
    {.bitmap_index = 13379, .adv_w = 268, .box_w = 18, .box_h = 15, .ofs_x = 1, .ofs_y = 0},
    {.bitmap_index = 13413, .adv_w = 264, .box_w = 16, .box_h = 17, .ofs_x = 3, .ofs_y = 0},
    {.bitmap_index = 13447, .adv_w = 259, .box_w = 15, .box_h = 17, .ofs_x = 2, .ofs_y = 0},
    {.bitmap_index = 13479, .adv_w = 216, .box_w = 17, .box_h = 17, .ofs_x = 2, .ofs_y = 0},
    {.bitmap_index = 13516, .adv_w = 302, .box_w = 18, .box_h = 17, .ofs_x = 2, .ofs_y = 0},
    {.bitmap_index = 13555, .adv_w = 268, .box_w = 16, .box_h = 16, .ofs_x = 2, .ofs_y = 0},
    {.bitmap_index = 13587, .adv_w = 379, .box_w = 26, .box_h = 16, .ofs_x = 1, .ofs_y = 0},
    {.bitmap_index = 13639, .adv_w = 216, .box_w = 13, .box_h = 18, .ofs_x = 2, .ofs_y = -2},
    {.bitmap_index = 13669, .adv_w = 331, .box_w = 25, .box_h = 17, .ofs_x = 3, .ofs_y = 0},
    {.bitmap_index = 13723, .adv_w = 331, .box_w = 25, .box_h = 21, .ofs_x = 3, .ofs_y = 0},
    {.bitmap_index = 13789, .adv_w = 285, .box_w = 21, .box_h = 19, .ofs_x = 2, .ofs_y = -4},
    {.bitmap_index = 13839, .adv_w = 268, .box_w = 19, .box_h = 16, .ofs_x = 0, .ofs_y = 0},
    {.bitmap_index = 13877, .adv_w = 363, .box_w = 25, .box_h = 18, .ofs_x = 2, .ofs_y = 0},
    {.bitmap_index = 13934, .adv_w = 294, .box_w = 24, .box_h = 19, .ofs_x = 1, .ofs_y = 0},
    {.bitmap_index = 13991, .adv_w = 259, .box_w = 15, .box_h = 16, .ofs_x = 3, .ofs_y = 0},
    {.bitmap_index = 14021, .adv_w = 310, .box_w = 23, .box_h = 18, .ofs_x = 1, .ofs_y = 0},
    {.bitmap_index = 14073, .adv_w = 233, .box_w = 16, .box_h = 16, .ofs_x = 1, .ofs_y = 0},
    {.bitmap_index = 14105, .adv_w = 225, .box_w = 15, .box_h = 17, .ofs_x = 2, .ofs_y = -1},
    {.bitmap_index = 14137, .adv_w = 399, .box_w = 27, .box_h = 18, .ofs_x = 3, .ofs_y = 0},
    {.bitmap_index = 14198, .adv_w = 242, .box_w = 20, .box_h = 20, .ofs_x = 1, .ofs_y = -4},
    {.bitmap_index = 14248, .adv_w = 309, .box_w = 18, .box_h = 24, .ofs_x = 3, .ofs_y = -4},
    {.bitmap_index = 14302, .adv_w = 242, .box_w = 18, .box_h = 16, .ofs_x = 0, .ofs_y = 0},
    {.bitmap_index = 14338, .adv_w = 300, .box_w = 22, .box_h = 24, .ofs_x = 2, .ofs_y = -6},
    {.bitmap_index = 14404, .adv_w = 292, .box_w = 21, .box_h = 18, .ofs_x = 3, .ofs_y = 0},
    {.bitmap_index = 14452, .adv_w = 410, .box_w = 28, .box_h = 19, .ofs_x = 3, .ofs_y = -1},
    {.bitmap_index = 14519, .adv_w = 410, .box_w = 28, .box_h = 24, .ofs_x = 3, .ofs_y = -6},
    {.bitmap_index = 14603, .adv_w = 262, .box_w = 15, .box_h = 16, .ofs_x = 3, .ofs_y = 0},
    {.bitmap_index = 14633, .adv_w = 358, .box_w = 24, .box_h = 15, .ofs_x = 1, .ofs_y = 0},
    {.bitmap_index = 14678, .adv_w = 233, .box_w = 15, .box_h = 15, .ofs_x = 1, .ofs_y = 0},
    {.bitmap_index = 14707, .adv_w = 251, .box_w = 15, .box_h = 17, .ofs_x = 2, .ofs_y = -1},
    {.bitmap_index = 14739, .adv_w = 417, .box_w = 26, .box_h = 16, .ofs_x = 1, .ofs_y = 0},
    {.bitmap_index = 14791, .adv_w = 251, .box_w = 16, .box_h = 17, .ofs_x = 1, .ofs_y = 0},
    {.bitmap_index = 14825, .adv_w = 181, .box_w = 11, .box_h = 11, .ofs_x = 2, .ofs_y = 0},
    {.bitmap_index = 14841, .adv_w = 174, .box_w = 13, .box_h = 19, .ofs_x = 2, .ofs_y = 0},
    {.bitmap_index = 14872, .adv_w = 192, .box_w = 11, .box_h = 18, .ofs_x = 3, .ofs_y = 0},
    {.bitmap_index = 14897, .adv_w = 136, .box_w = 8, .box_h = 11, .ofs_x = 2, .ofs_y = 0},
    {.bitmap_index = 14908, .adv_w = 172, .box_w = 10, .box_h = 18, .ofs_x = 2, .ofs_y = 0},
    {.bitmap_index = 14931, .adv_w = 147, .box_w = 8, .box_h = 11, .ofs_x = 2, .ofs_y = 0},
    {.bitmap_index = 14942, .adv_w = 321, .box_w = 21, .box_h = 11, .ofs_x = 1, .ofs_y = 0},
    {.bitmap_index = 14971, .adv_w = 150, .box_w = 12, .box_h = 18, .ofs_x = -2, .ofs_y = -7},
    {.bitmap_index = 14998, .adv_w = 199, .box_w = 12, .box_h = 11, .ofs_x = 2, .ofs_y = 0},
    {.bitmap_index = 15015, .adv_w = 199, .box_w = 13, .box_h = 17, .ofs_x = 2, .ofs_y = 0},
    {.bitmap_index = 15043, .adv_w = 193, .box_w = 16, .box_h = 16, .ofs_x = 2, .ofs_y = -5},
    {.bitmap_index = 15075, .adv_w = 192, .box_w = 13, .box_h = 12, .ofs_x = 0, .ofs_y = 0},
    {.bitmap_index = 15095, .adv_w = 270, .box_w = 18, .box_h = 14, .ofs_x = 0, .ofs_y = 0},
    {.bitmap_index = 15127, .adv_w = 199, .box_w = 12, .box_h = 11, .ofs_x = 2, .ofs_y = 0},
    {.bitmap_index = 15144, .adv_w = 173, .box_w = 10, .box_h = 11, .ofs_x = 2, .ofs_y = 0},
    {.bitmap_index = 15158, .adv_w = 199, .box_w = 12, .box_h = 11, .ofs_x = 2, .ofs_y = 0},
    {.bitmap_index = 15175, .adv_w = 190, .box_w = 13, .box_h = 18, .ofs_x = 0, .ofs_y = -7},
    {.bitmap_index = 15205, .adv_w = 147, .box_w = 8, .box_h = 11, .ofs_x = 2, .ofs_y = 0},
    {.bitmap_index = 15216, .adv_w = 268, .box_w = 17, .box_h = 11, .ofs_x = 2, .ofs_y = 0},
    {.bitmap_index = 15240, .adv_w = 173, .box_w = 13, .box_h = 18, .ofs_x = 0, .ofs_y = -7},
    {.bitmap_index = 15270, .adv_w = 267, .box_w = 17, .box_h = 25, .ofs_x = 1, .ofs_y = -7},
    {.bitmap_index = 15324, .adv_w = 181, .box_w = 14, .box_h = 15, .ofs_x = 2, .ofs_y = -4},
    {.bitmap_index = 15351, .adv_w = 199, .box_w = 12, .box_h = 16, .ofs_x = 2, .ofs_y = -5},
    {.bitmap_index = 15375, .adv_w = 191, .box_w = 12, .box_h = 11, .ofs_x = 1, .ofs_y = 0},
    {.bitmap_index = 15392, .adv_w = 273, .box_w = 17, .box_h = 11, .ofs_x = 2, .ofs_y = 0},
    {.bitmap_index = 15416, .adv_w = 273, .box_w = 17, .box_h = 16, .ofs_x = 2, .ofs_y = -5},
    {.bitmap_index = 15450, .adv_w = 184, .box_w = 11, .box_h = 11, .ofs_x = 1, .ofs_y = 0},
    {.bitmap_index = 15466, .adv_w = 242, .box_w = 15, .box_h = 11, .ofs_x = 2, .ofs_y = 0},
    {.bitmap_index = 15487, .adv_w = 164, .box_w = 9, .box_h = 11, .ofs_x = 2, .ofs_y = 0},
    {.bitmap_index = 15500, .adv_w = 157, .box_w = 9, .box_h = 11, .ofs_x = 2, .ofs_y = 0},
    {.bitmap_index = 15513, .adv_w = 251, .box_w = 15, .box_h = 11, .ofs_x = 2, .ofs_y = 0},
    {.bitmap_index = 15534, .adv_w = 190, .box_w = 14, .box_h = 11, .ofs_x = 0, .ofs_y = 0},
    {.bitmap_index = 15554, .adv_w = 147, .box_w = 8, .box_h = 17, .ofs_x = 2, .ofs_y = 0},
    {.bitmap_index = 15571, .adv_w = 147, .box_w = 9, .box_h = 16, .ofs_x = 2, .ofs_y = 0},
    {.bitmap_index = 15589, .adv_w = 199, .box_w = 10, .box_h = 25, .ofs_x = 2, .ofs_y = -7},
    {.bitmap_index = 15621, .adv_w = 136, .box_w = 10, .box_h = 17, .ofs_x = 2, .ofs_y = 0},
    {.bitmap_index = 15643, .adv_w = 157, .box_w = 8, .box_h = 11, .ofs_x = 2, .ofs_y = 0},
    {.bitmap_index = 15654, .adv_w = 138, .box_w = 9, .box_h = 11, .ofs_x = 1, .ofs_y = 0},
    {.bitmap_index = 15667, .adv_w = 104, .box_w = 6, .box_h = 16, .ofs_x = 2, .ofs_y = 0},
    {.bitmap_index = 15679, .adv_w = 104, .box_w = 8, .box_h = 16, .ofs_x = 2, .ofs_y = 0},
    {.bitmap_index = 15695, .adv_w = 95, .box_w = 12, .box_h = 23, .ofs_x = -4, .ofs_y = -7},
    {.bitmap_index = 15730, .adv_w = 244, .box_w = 16, .box_h = 12, .ofs_x = 0, .ofs_y = 0},
    {.bitmap_index = 15754, .adv_w = 246, .box_w = 15, .box_h = 11, .ofs_x = 2, .ofs_y = 0},
    {.bitmap_index = 15775, .adv_w = 190, .box_w = 12, .box_h = 18, .ofs_x = 2, .ofs_y = 0},
    {.bitmap_index = 15802, .adv_w = 193, .box_w = 16, .box_h = 22, .ofs_x = 2, .ofs_y = -5},
    {.bitmap_index = 15846, .adv_w = 199, .box_w = 12, .box_h = 17, .ofs_x = 2, .ofs_y = 0},
    {.bitmap_index = 15872, .adv_w = 173, .box_w = 15, .box_h = 23, .ofs_x = 0, .ofs_y = -7},
    {.bitmap_index = 15916, .adv_w = 199, .box_w = 12, .box_h = 17, .ofs_x = 2, .ofs_y = -6},
    {.bitmap_index = 15942, .adv_w = 233, .box_w = 15, .box_h = 15, .ofs_x = 1, .ofs_y = 0},
    {.bitmap_index = 15971, .adv_w = 164, .box_w = 9, .box_h = 16, .ofs_x = 2, .ofs_y = 0},
    {.bitmap_index = 15989, .adv_w = 259, .box_w = 15, .box_h = 16, .ofs_x = 3, .ofs_y = 0},
    {.bitmap_index = 16019, .adv_w = 173, .box_w = 10, .box_h = 11, .ofs_x = 2, .ofs_y = 0},
    {.bitmap_index = 16033, .adv_w = 277, .box_w = 19, .box_h = 16, .ofs_x = 3, .ofs_y = -1},
    {.bitmap_index = 16071, .adv_w = 190, .box_w = 14, .box_h = 11, .ofs_x = 2, .ofs_y = 0},
    {.bitmap_index = 16091, .adv_w = 216, .box_w = 17, .box_h = 19, .ofs_x = 2, .ofs_y = 0},
    {.bitmap_index = 16132, .adv_w = 155, .box_w = 11, .box_h = 15, .ofs_x = 2, .ofs_y = 0},
    {.bitmap_index = 16153, .adv_w = 216, .box_w = 17, .box_h = 17, .ofs_x = 2, .ofs_y = 0},
    {.bitmap_index = 16190, .adv_w = 158, .box_w = 10, .box_h = 11, .ofs_x = 1, .ofs_y = 0},
    {.bitmap_index = 16204, .adv_w = 385, .box_w = 26, .box_h = 22, .ofs_x = 1, .ofs_y = -6},
    {.bitmap_index = 16276, .adv_w = 321, .box_w = 21, .box_h = 16, .ofs_x = 1, .ofs_y = -5},
    {.bitmap_index = 16318, .adv_w = 216, .box_w = 13, .box_h = 23, .ofs_x = 2, .ofs_y = -7},
    {.bitmap_index = 16356, .adv_w = 150, .box_w = 9, .box_h = 18, .ofs_x = 1, .ofs_y = -6},
    {.bitmap_index = 16377, .adv_w = 320, .box_w = 21, .box_h = 22, .ofs_x = 2, .ofs_y = -6},
    {.bitmap_index = 16435, .adv_w = 213, .box_w = 12, .box_h = 16, .ofs_x = 2, .ofs_y = -5},
    {.bitmap_index = 16459, .adv_w = 333, .box_w = 23, .box_h = 19, .ofs_x = 2, .ofs_y = -4},
    {.bitmap_index = 16514, .adv_w = 219, .box_w = 17, .box_h = 16, .ofs_x = 2, .ofs_y = -5},
    {.bitmap_index = 16548, .adv_w = 285, .box_w = 21, .box_h = 19, .ofs_x = 2, .ofs_y = -4},
    {.bitmap_index = 16598, .adv_w = 193, .box_w = 19, .box_h = 17, .ofs_x = -1, .ofs_y = -5},
    {.bitmap_index = 16639, .adv_w = 306, .box_w = 24, .box_h = 25, .ofs_x = 1, .ofs_y = -6},
    {.bitmap_index = 16714, .adv_w = 199, .box_w = 12, .box_h = 17, .ofs_x = 2, .ofs_y = -6},
    {.bitmap_index = 16740, .adv_w = 225, .box_w = 15, .box_h = 23, .ofs_x = 2, .ofs_y = -7},
    {.bitmap_index = 16784, .adv_w = 147, .box_w = 8, .box_h = 16, .ofs_x = 2, .ofs_y = -5},
    {.bitmap_index = 16800, .adv_w = 235, .box_w = 17, .box_h = 15, .ofs_x = 3, .ofs_y = 0},
    {.bitmap_index = 16832, .adv_w = 183, .box_w = 14, .box_h = 19, .ofs_x = 0, .ofs_y = -8},
    {.bitmap_index = 16866, .adv_w = 235, .box_w = 17, .box_h = 15, .ofs_x = 3, .ofs_y = 0},
    {.bitmap_index = 16898, .adv_w = 194, .box_w = 14, .box_h = 19, .ofs_x = 0, .ofs_y = -8},
    {.bitmap_index = 16932, .adv_w = 242, .box_w = 18, .box_h = 22, .ofs_x = 0, .ofs_y = -7},
    {.bitmap_index = 16982, .adv_w = 202, .box_w = 12, .box_h = 16, .ofs_x = 2, .ofs_y = -5},
    {.bitmap_index = 17006, .adv_w = 292, .box_w = 21, .box_h = 24, .ofs_x = 3, .ofs_y = -6},
    {.bitmap_index = 17069, .adv_w = 191, .box_w = 12, .box_h = 16, .ofs_x = 1, .ofs_y = -5},
    {.bitmap_index = 17093, .adv_w = 292, .box_w = 21, .box_h = 18, .ofs_x = 3, .ofs_y = 0},
    {.bitmap_index = 17141, .adv_w = 191, .box_w = 12, .box_h = 11, .ofs_x = 1, .ofs_y = 0},
    {.bitmap_index = 17158, .adv_w = 288, .box_w = 17, .box_h = 16, .ofs_x = 3, .ofs_y = 0},
    {.bitmap_index = 17192, .adv_w = 190, .box_w = 12, .box_h = 18, .ofs_x = 2, .ofs_y = 0},
    {.bitmap_index = 17219, .adv_w = 164, .box_w = 11, .box_h = 15, .ofs_x = 2, .ofs_y = 0},
    {.bitmap_index = 17240, .adv_w = 292, .box_w = 21, .box_h = 24, .ofs_x = 3, .ofs_y = -6},
    {.bitmap_index = 17303, .adv_w = 191, .box_w = 14, .box_h = 17, .ofs_x = -1, .ofs_y = -6},
    {.bitmap_index = 17333, .adv_w = 164, .box_w = 11, .box_h = 15, .ofs_x = 2, .ofs_y = 0},
    {.bitmap_index = 17354, .adv_w = 260, .box_w = 14, .box_h = 16, .ofs_x = 4, .ofs_y = 0},
    {.bitmap_index = 17382, .adv_w = 144, .box_w = 8, .box_h = 11, .ofs_x = 2, .ofs_y = 0},
    {.bitmap_index = 17393, .adv_w = 331, .box_w = 25, .box_h = 20, .ofs_x = 3, .ofs_y = 0},
    {.bitmap_index = 17456, .adv_w = 199, .box_w = 13, .box_h = 15, .ofs_x = 2, .ofs_y = 0},
    {.bitmap_index = 17481, .adv_w = 259, .box_w = 15, .box_h = 16, .ofs_x = 3, .ofs_y = 0},
    {.bitmap_index = 17511, .adv_w = 180, .box_w = 10, .box_h = 11, .ofs_x = 2, .ofs_y = 0},
    {.bitmap_index = 17525, .adv_w = 242, .box_w = 20, .box_h = 24, .ofs_x = 1, .ofs_y = -4},
    {.bitmap_index = 17585, .adv_w = 173, .box_w = 13, .box_h = 22, .ofs_x = 0, .ofs_y = -7}
};

/*---------------------
 *  CHARACTER MAPPING
 *--------------------*/

static const uint16_t unicode_list_2[] = {
    0x0, 0x68, 0x69, 0x6a, 0x6b, 0x6c, 0x6d, 0x86,
    0x87, 0x88, 0x89, 0x134, 0x135, 0x137, 0x146, 0x147,
    0x148, 0x149, 0x14a, 0x14b, 0x1f2, 0x1f3, 0x1f4, 0x1f5,
    0x1f6, 0x1f7, 0x1f8, 0x1fa
};

static const uint8_t glyph_id_ofs_list_5[] = {
    0, 0, 0, 0, 1, 2
};

static const uint16_t unicode_list_7[] = {
    0x0, 0x1, 0x10, 0x11, 0x12, 0x13, 0x2e, 0x2f,
    0x30, 0x31, 0x34, 0x35, 0x36, 0x37, 0x38, 0x39,
    0x3a, 0x3b, 0x3e, 0x3f, 0x40, 0x41, 0x48, 0x49,
    0x4c, 0x4d, 0x4e, 0x4f, 0x50, 0x51, 0x54, 0x55,
    0x56, 0x57, 0x58, 0x59, 0x5e, 0x69, 0x6a, 0x6d,
    0x76, 0x77, 0x80, 0x81, 0x86, 0x87, 0x8c, 0x8d
};

/*Collect the unicode lists and glyph_id offsets*/
static const lv_font_fmt_txt_cmap_t cmaps[] =
{
    {
        .range_start = 32, .range_length = 95, .glyph_id_start = 1,
        .unicode_list = NULL, .glyph_id_ofs_list = NULL, .list_length = 0, .type = LV_FONT_FMT_TXT_CMAP_FORMAT0_TINY
    },
    {
        .range_start = 160, .range_length = 224, .glyph_id_start = 96,
        .unicode_list = NULL, .glyph_id_ofs_list = NULL, .list_length = 0, .type = LV_FONT_FMT_TXT_CMAP_FORMAT0_TINY
    },
    {
        .range_start = 402, .range_length = 507, .glyph_id_start = 320,
        .unicode_list = unicode_list_2, .glyph_id_ofs_list = NULL, .list_length = 28, .type = LV_FONT_FMT_TXT_CMAP_SPARSE_TINY
    },
    {
        .range_start = 910, .range_length = 20, .glyph_id_start = 348,
        .unicode_list = NULL, .glyph_id_ofs_list = NULL, .list_length = 0, .type = LV_FONT_FMT_TXT_CMAP_FORMAT0_TINY
    },
    {
        .range_start = 931, .range_length = 44, .glyph_id_start = 368,
        .unicode_list = NULL, .glyph_id_ofs_list = NULL, .list_length = 0, .type = LV_FONT_FMT_TXT_CMAP_FORMAT0_TINY
    },
    {
        .range_start = 977, .range_length = 6, .glyph_id_start = 412,
        .unicode_list = NULL, .glyph_id_ofs_list = glyph_id_ofs_list_5, .list_length = 6, .type = LV_FONT_FMT_TXT_CMAP_FORMAT0_FULL
    },
    {
        .range_start = 1024, .range_length = 96, .glyph_id_start = 415,
        .unicode_list = NULL, .glyph_id_ofs_list = NULL, .list_length = 0, .type = LV_FONT_FMT_TXT_CMAP_FORMAT0_TINY
    },
    {
        .range_start = 1122, .range_length = 142, .glyph_id_start = 511,
        .unicode_list = unicode_list_7, .glyph_id_ofs_list = NULL, .list_length = 48, .type = LV_FONT_FMT_TXT_CMAP_SPARSE_TINY
    }
};

/*-----------------
 *    KERNING
 *----------------*/


/*Pair left and right glyphs for kerning*/
static const uint16_t kern_pair_glyph_ids[] =
{
    8, 34,
    8, 53,
    8, 55,
    8, 56,
    8, 57,
    8, 58,
    8, 59,
    9, 34,
    9, 43,
    9, 53,
    9, 55,
    9, 56,
    9, 57,
    9, 58,
    9, 59,
    9, 67,
    9, 71,
    9, 72,
    9, 73,
    9, 74,
    9, 75,
    9, 76,
    9, 77,
    9, 81,
    9, 90,
    9, 134,
    11, 15,
    13, 14,
    14, 34,
    14, 36,
    14, 40,
    14, 43,
    14, 48,
    14, 50,
    14, 52,
    14, 53,
    14, 55,
    14, 56,
    14, 57,
    14, 58,
    14, 59,
    14, 66,
    14, 71,
    14, 72,
    14, 84,
    14, 85,
    14, 87,
    14, 88,
    14, 89,
    14, 90,
    14, 91,
    14, 129,
    14, 132,
    14, 133,
    14, 134,
    14, 164,
    14, 431,
    14, 449,
    14, 450,
    14, 481,
    14, 482,
    15, 8,
    15, 11,
    15, 14,
    15, 114,
    15, 115,
    15, 121,
    16, 16,
    16, 35,
    16, 37,
    16, 38,
    16, 39,
    16, 41,
    16, 42,
    16, 43,
    16, 44,
    16, 45,
    16, 46,
    16, 47,
    16, 51,
    16, 53,
    16, 54,
    16, 55,
    16, 56,
    16, 57,
    16, 58,
    16, 59,
    16, 67,
    16, 71,
    16, 72,
    16, 73,
    16, 74,
    16, 75,
    16, 76,
    16, 77,
    16, 85,
    16, 90,
    32, 8,
    34, 8,
    34, 10,
    34, 13,
    34, 14,
    34, 15,
    34, 34,
    34, 35,
    34, 36,
    34, 40,
    34, 43,
    34, 48,
    34, 50,
    34, 52,
    34, 53,
    34, 54,
    34, 55,
    34, 56,
    34, 57,
    34, 58,
    34, 59,
    34, 62,
    34, 66,
    34, 67,
    34, 68,
    34, 69,
    34, 70,
    34, 72,
    34, 80,
    34, 82,
    34, 84,
    34, 85,
    34, 86,
    34, 87,
    34, 88,
    34, 90,
    34, 91,
    34, 94,
    34, 107,
    34, 135,
    34, 150,
    34, 153,
    34, 154,
    34, 155,
    34, 156,
    34, 157,
    34, 167,
    34, 188,
    34, 189,
    34, 290,
    34, 292,
    34, 358,
    34, 365,
    34, 369,
    34, 370,
    34, 371,
    34, 373,
    34, 384,
    34, 394,
    34, 400,
    34, 402,
    34, 410,
    35, 34,
    35, 36,
    35, 43,
    35, 48,
    35, 52,
    35, 53,
    35, 55,
    35, 56,
    35, 58,
    35, 59,
    35, 90,
    35, 129,
    35, 130,
    35, 131,
    35, 132,
    35, 133,
    35, 134,
    35, 146,
    35, 147,
    35, 148,
    35, 150,
    35, 152,
    35, 274,
    35, 392,
    36, 8,
    36, 13,
    36, 14,
    36, 15,
    36, 27,
    36, 28,
    36, 34,
    36, 36,
    36, 37,
    36, 40,
    36, 41,
    36, 43,
    36, 44,
    36, 48,
    36, 52,
    36, 53,
    36, 55,
    36, 56,
    36, 58,
    36, 59,
    36, 66,
    36, 70,
    36, 80,
    36, 84,
    36, 90,
    36, 129,
    36, 132,
    36, 133,
    36, 134,
    36, 147,
    36, 150,
    36, 164,
    36, 166,
    36, 182,
    36, 274,
    36, 275,
    37, 14,
    37, 34,
    37, 38,
    37, 43,
    37, 53,
    37, 55,
    37, 56,
    37, 57,
    37, 58,
    37, 59,
    37, 66,
    37, 70,
    37, 80,
    37, 90,
    37, 128,
    37, 129,
    37, 130,
    37, 131,
    37, 132,
    37, 133,
    37, 134,
    37, 164,
    37, 166,
    37, 182,
    37, 275,
    38, 8,
    38, 14,
    38, 34,
    38, 36,
    38, 39,
    38, 48,
    38, 52,
    38, 53,
    38, 55,
    38, 56,
    38, 57,
    38, 58,
    38, 59,
    38, 66,
    38, 67,
    38, 68,
    38, 69,
    38, 70,
    38, 72,
    38, 73,
    38, 74,
    38, 75,
    38, 76,
    38, 77,
    38, 80,
    38, 82,
    38, 84,
    38, 85,
    38, 87,
    38, 88,
    38, 90,
    38, 91,
    38, 147,
    38, 150,
    38, 204,
    38, 358,
    38, 365,
    38, 371,
    38, 384,
    38, 385,
    38, 394,
    38, 401,
    39, 8,
    39, 13,
    39, 14,
    39, 15,
    39, 34,
    39, 36,
    39, 40,
    39, 43,
    39, 48,
    39, 52,
    39, 53,
    39, 56,
    39, 58,
    39, 59,
    39, 66,
    39, 70,
    39, 73,
    39, 74,
    39, 75,
    39, 77,
    39, 80,
    39, 83,
    39, 86,
    39, 90,
    39, 128,
    39, 129,
    39, 130,
    39, 131,
    39, 132,
    39, 133,
    39, 134,
    39, 150,
    39, 161,
    39, 164,
    39, 165,
    39, 166,
    39, 169,
    39, 179,
    39, 182,
    39, 184,
    39, 186,
    39, 188,
    39, 194,
    39, 196,
    39, 273,
    39, 274,
    39, 275,
    39, 303,
    40, 8,
    40, 13,
    40, 14,
    40, 15,
    40, 27,
    40, 28,
    40, 34,
    40, 41,
    40, 52,
    40, 53,
    40, 55,
    40, 56,
    40, 57,
    40, 58,
    40, 59,
    40, 66,
    40, 70,
    40, 80,
    40, 88,
    40, 90,
    40, 128,
    40, 129,
    40, 130,
    40, 131,
    40, 132,
    40, 133,
    40, 134,
    40, 164,
    40, 166,
    40, 182,
    40, 275,
    41, 34,
    41, 53,
    41, 58,
    41, 66,
    41, 90,
    41, 134,
    41, 164,
    41, 166,
    42, 34,
    42, 43,
    42, 53,
    42, 55,
    42, 56,
    42, 57,
    42, 58,
    42, 59,
    42, 90,
    42, 134,
    43, 34,
    43, 44,
    43, 58,
    43, 90,
    43, 132,
    43, 133,
    43, 134,
    44, 8,
    44, 10,
    44, 14,
    44, 34,
    44, 35,
    44, 36,
    44, 37,
    44, 38,
    44, 39,
    44, 40,
    44, 41,
    44, 42,
    44, 43,
    44, 45,
    44, 46,
    44, 47,
    44, 48,
    44, 49,
    44, 50,
    44, 51,
    44, 52,
    44, 53,
    44, 54,
    44, 55,
    44, 56,
    44, 57,
    44, 58,
    44, 59,
    44, 62,
    44, 66,
    44, 70,
    44, 73,
    44, 74,
    44, 75,
    44, 77,
    44, 80,
    44, 86,
    44, 88,
    44, 90,
    44, 94,
    44, 134,
    44, 147,
    44, 150,
    44, 164,
    44, 165,
    44, 166,
    44, 179,
    44, 182,
    44, 188,
    44, 197,
    44, 274,
    44, 275,
    44, 365,
    44, 371,
    44, 377,
    44, 378,
    44, 396,
    44, 402,
    44, 406,
    44, 409,
    44, 410,
    45, 8,
    45, 10,
    45, 14,
    45, 34,
    45, 36,
    45, 40,
    45, 46,
    45, 48,
    45, 52,
    45, 53,
    45, 54,
    45, 55,
    45, 56,
    45, 58,
    45, 59,
    45, 62,
    45, 66,
    45, 70,
    45, 75,
    45, 80,
    45, 86,
    45, 90,
    45, 94,
    45, 129,
    45, 132,
    45, 133,
    45, 134,
    45, 135,
    45, 146,
    45, 147,
    45, 148,
    45, 149,
    45, 150,
    45, 156,
    45, 157,
    45, 164,
    45, 182,
    45, 188,
    45, 189,
    45, 204,
    45, 274,
    45, 290,
    45, 292,
    46, 34,
    46, 47,
    46, 53,
    46, 56,
    46, 58,
    46, 59,
    46, 75,
    46, 90,
    46, 134,
    46, 386,
    47, 13,
    47, 15,
    47, 34,
    47, 36,
    47, 40,
    47, 48,
    47, 56,
    47, 58,
    47, 59,
    47, 66,
    47, 70,
    47, 75,
    47, 80,
    47, 86,
    47, 90,
    47, 129,
    47, 132,
    47, 133,
    47, 134,
    47, 135,
    47, 147,
    47, 150,
    47, 161,
    47, 164,
    47, 165,
    47, 166,
    47, 169,
    47, 179,
    47, 182,
    47, 184,
    47, 188,
    47, 351,
    47, 378,
    47, 386,
    47, 406,
    48, 13,
    48, 14,
    48, 15,
    48, 27,
    48, 28,
    48, 34,
    48, 36,
    48, 40,
    48, 43,
    48, 49,
    48, 52,
    48, 53,
    48, 55,
    48, 57,
    48, 58,
    48, 59,
    48, 88,
    48, 89,
    48, 90,
    48, 91,
    48, 129,
    48, 132,
    48, 133,
    48, 134,
    48, 274,
    48, 351,
    48, 356,
    48, 361,
    48, 369,
    48, 370,
    48, 372,
    48, 373,
    48, 392,
    49, 8,
    49, 13,
    49, 14,
    49, 15,
    49, 34,
    49, 35,
    49, 36,
    49, 37,
    49, 38,
    49, 39,
    49, 40,
    49, 41,
    49, 42,
    49, 43,
    49, 44,
    49, 45,
    49, 46,
    49, 47,
    49, 48,
    49, 49,
    49, 50,
    49, 51,
    49, 52,
    49, 53,
    49, 54,
    49, 55,
    49, 56,
    49, 57,
    49, 58,
    49, 59,
    49, 66,
    49, 70,
    49, 71,
    49, 73,
    49, 75,
    49, 77,
    49, 80,
    49, 85,
    49, 88,
    49, 90,
    49, 129,
    49, 130,
    49, 132,
    49, 133,
    49, 134,
    49, 161,
    49, 164,
    49, 165,
    49, 166,
    49, 169,
    49, 179,
    49, 182,
    49, 184,
    49, 194,
    49, 196,
    49, 274,
    49, 275,
    49, 351,
    49, 365,
    49, 378,
    49, 382,
    49, 386,
    49, 396,
    49, 409,
    49, 411,
    50, 10,
    50, 14,
    50, 51,
    50, 54,
    50, 62,
    50, 86,
    50, 94,
    50, 188,
    51, 8,
    51, 10,
    51, 14,
    51, 34,
    51, 35,
    51, 36,
    51, 37,
    51, 38,
    51, 39,
    51, 40,
    51, 41,
    51, 42,
    51, 43,
    51, 44,
    51, 45,
    51, 46,
    51, 47,
    51, 48,
    51, 49,
    51, 50,
    51, 51,
    51, 52,
    51, 53,
    51, 54,
    51, 55,
    51, 56,
    51, 57,
    51, 58,
    51, 59,
    51, 62,
    51, 66,
    51, 70,
    51, 80,
    51, 86,
    51, 90,
    51, 94,
    51, 134,
    51, 135,
    51, 147,
    51, 150,
    51, 156,
    51, 157,
    51, 161,
    51, 164,
    51, 165,
    51, 166,
    51, 169,
    51, 179,
    51, 182,
    51, 186,
    51, 188,
    51, 189,
    51, 274,
    51, 275,
    51, 290,
    51, 292,
    52, 14,
    52, 34,
    52, 36,
    52, 40,
    52, 43,
    52, 48,
    52, 52,
    52, 53,
    52, 55,
    52, 56,
    52, 58,
    52, 59,
    52, 66,
    52, 68,
    52, 70,
    52, 73,
    52, 74,
    52, 75,
    52, 77,
    52, 80,
    52, 82,
    52, 85,
    52, 87,
    52, 88,
    52, 90,
    52, 129,
    52, 132,
    52, 133,
    52, 134,
    52, 164,
    52, 166,
    52, 169,
    52, 182,
    52, 274,
    52, 275,
    53, 8,
    53, 10,
    53, 13,
    53, 14,
    53, 15,
    53, 27,
    53, 28,
    53, 34,
    53, 35,
    53, 36,
    53, 37,
    53, 38,
    53, 39,
    53, 40,
    53, 41,
    53, 42,
    53, 43,
    53, 44,
    53, 45,
    53, 46,
    53, 47,
    53, 48,
    53, 49,
    53, 50,
    53, 51,
    53, 52,
    53, 53,
    53, 54,
    53, 55,
    53, 56,
    53, 57,
    53, 58,
    53, 62,
    53, 66,
    53, 68,
    53, 70,
    53, 72,
    53, 73,
    53, 74,
    53, 75,
    53, 77,
    53, 80,
    53, 83,
    53, 84,
    53, 86,
    53, 87,
    53, 88,
    53, 90,
    53, 94,
    53, 107,
    53, 128,
    53, 129,
    53, 130,
    53, 131,
    53, 132,
    53, 133,
    53, 134,
    53, 146,
    53, 147,
    53, 148,
    53, 149,
    53, 150,
    53, 152,
    53, 161,
    53, 164,
    53, 166,
    53, 167,
    53, 169,
    53, 173,
    53, 179,
    53, 180,
    53, 182,
    53, 184,
    53, 186,
    53, 188,
    53, 189,
    53, 194,
    53, 196,
    53, 197,
    53, 199,
    53, 217,
    53, 272,
    53, 273,
    53, 274,
    53, 275,
    53, 277,
    53, 283,
    53, 287,
    53, 303,
    53, 305,
    53, 351,
    53, 361,
    53, 365,
    53, 369,
    53, 370,
    53, 371,
    53, 377,
    53, 378,
    53, 382,
    53, 386,
    53, 387,
    53, 396,
    53, 398,
    53, 400,
    53, 402,
    53, 409,
    53, 410,
    53, 411,
    54, 13,
    54, 15,
    54, 34,
    54, 52,
    54, 53,
    54, 55,
    54, 56,
    54, 57,
    54, 58,
    54, 59,
    54, 75,
    54, 78,
    54, 79,
    54, 81,
    54, 83,
    54, 87,
    54, 88,
    54, 90,
    54, 91,
    54, 129,
    54, 130,
    54, 131,
    54, 132,
    54, 133,
    54, 134,
    55, 10,
    55, 13,
    55, 14,
    55, 15,
    55, 27,
    55, 28,
    55, 34,
    55, 36,
    55, 38,
    55, 40,
    55, 41,
    55, 42,
    55, 43,
    55, 45,
    55, 48,
    55, 51,
    55, 52,
    55, 53,
    55, 54,
    55, 58,
    55, 62,
    55, 66,
    55, 68,
    55, 70,
    55, 72,
    55, 73,
    55, 74,
    55, 75,
    55, 77,
    55, 80,
    55, 83,
    55, 86,
    55, 90,
    55, 94,
    55, 107,
    55, 128,
    55, 129,
    55, 130,
    55, 131,
    55, 132,
    55, 133,
    55, 134,
    55, 146,
    55, 147,
    55, 148,
    55, 149,
    55, 150,
    55, 152,
    55, 161,
    55, 164,
    55, 166,
    55, 169,
    55, 173,
    55, 179,
    55, 180,
    55, 182,
    55, 184,
    55, 186,
    55, 188,
    55, 189,
    55, 194,
    55, 196,
    55, 197,
    55, 207,
    55, 217,
    55, 219,
    55, 272,
    55, 273,
    55, 274,
    55, 275,
    55, 277,
    55, 281,
    55, 283,
    55, 303,
    55, 305,
    56, 8,
    56, 10,
    56, 13,
    56, 14,
    56, 15,
    56, 27,
    56, 28,
    56, 34,
    56, 35,
    56, 36,
    56, 37,
    56, 38,
    56, 39,
    56, 40,
    56, 41,
    56, 42,
    56, 43,
    56, 44,
    56, 45,
    56, 46,
    56, 47,
    56, 48,
    56, 49,
    56, 51,
    56, 52,
    56, 53,
    56, 54,
    56, 55,
    56, 56,
    56, 58,
    56, 59,
    56, 62,
    56, 66,
    56, 68,
    56, 70,
    56, 72,
    56, 73,
    56, 74,
    56, 75,
    56, 77,
    56, 80,
    56, 83,
    56, 86,
    56, 90,
    56, 94,
    56, 107,
    56, 128,
    56, 129,
    56, 130,
    56, 131,
    56, 132,
    56, 133,
    56, 134,
    56, 146,
    56, 147,
    56, 148,
    56, 149,
    56, 150,
    56, 152,
    56, 161,
    56, 164,
    56, 166,
    56, 169,
    56, 173,
    56, 179,
    56, 180,
    56, 182,
    56, 184,
    56, 186,
    56, 188,
    56, 189,
    56, 194,
    56, 196,
    56, 197,
    56, 207,
    56, 217,
    56, 219,
    56, 272,
    56, 273,
    56, 274,
    56, 275,
    56, 277,
    56, 281,
    56, 283,
    56, 303,
    56, 305,
    57, 8,
    57, 10,
    57, 14,
    57, 34,
    57, 36,
    57, 48,
    57, 50,
    57, 53,
    57, 56,
    57, 58,
    57, 62,
    57, 66,
    57, 70,
    57, 80,
    57, 86,
    57, 90,
    57, 94,
    57, 134,
    57, 150,
    57, 166,
    57, 169,
    57, 182,
    57, 188,
    57, 274,
    57, 377,
    57, 378,
    57, 382,
    57, 396,
    57, 401,
    57, 406,
    57, 409,
    58, 8,
    58, 10,
    58, 13,
    58, 14,
    58, 15,
    58, 27,
    58, 28,
    58, 34,
    58, 36,
    58, 40,
    58, 43,
    58, 48,
    58, 50,
    58, 52,
    58, 53,
    58, 55,
    58, 56,
    58, 57,
    58, 59,
    58, 62,
    58, 66,
    58, 70,
    58, 72,
    58, 74,
    58, 80,
    58, 81,
    58, 82,
    58, 86,
    58, 87,
    58, 94,
    58, 107,
    58, 128,
    58, 129,
    58, 130,
    58, 131,
    58, 132,
    58, 133,
    58, 134,
    58, 146,
    58, 147,
    58, 148,
    58, 149,
    58, 150,
    58, 152,
    58, 161,
    58, 164,
    58, 166,
    58, 169,
    58, 173,
    58, 179,
    58, 182,
    58, 184,
    58, 186,
    58, 188,
    58, 194,
    58, 196,
    58, 197,
    58, 217,
    58, 273,
    58, 274,
    58, 277,
    58, 305,
    58, 351,
    58, 358,
    58, 365,
    58, 369,
    58, 371,
    58, 397,
    58, 409,
    59, 8,
    59, 10,
    59, 13,
    59, 14,
    59, 15,
    59, 27,
    59, 28,
    59, 34,
    59, 38,
    59, 42,
    59, 48,
    59, 54,
    59, 56,
    59, 58,
    59, 59,
    59, 62,
    59, 66,
    59, 70,
    59, 74,
    59, 80,
    59, 87,
    59, 88,
    59, 90,
    59, 94,
    59, 134,
    59, 147,
    59, 164,
    59, 166,
    59, 182,
    59, 274,
    59, 275,
    59, 386,
    59, 396,
    60, 34,
    60, 43,
    60, 53,
    60, 55,
    60, 56,
    60, 57,
    60, 58,
    60, 59,
    60, 67,
    60, 71,
    60, 72,
    60, 73,
    60, 74,
    60, 75,
    60, 76,
    60, 77,
    60, 81,
    60, 90,
    60, 134,
    61, 34,
    61, 35,
    61, 36,
    61, 40,
    61, 41,
    61, 42,
    61, 43,
    61, 44,
    61, 45,
    61, 46,
    61, 47,
    61, 48,
    61, 49,
    61, 50,
    61, 51,
    61, 52,
    61, 53,
    61, 54,
    61, 55,
    61, 56,
    61, 57,
    61, 58,
    61, 59,
    61, 69,
    61, 71,
    61, 72,
    61, 74,
    61, 75,
    61, 77,
    61, 169,
    66, 13,
    66, 15,
    66, 72,
    66, 75,
    66, 84,
    66, 85,
    66, 87,
    66, 88,
    66, 89,
    66, 90,
    66, 91,
    66, 159,
    67, 11,
    67, 13,
    67, 15,
    67, 27,
    67, 28,
    67, 72,
    67, 75,
    67, 84,
    67, 87,
    67, 88,
    67, 90,
    67, 91,
    68, 2,
    68, 11,
    68, 13,
    68, 14,
    68, 15,
    68, 27,
    68, 28,
    68, 32,
    68, 43,
    68, 70,
    68, 75,
    68, 76,
    68, 77,
    68, 84,
    68, 85,
    68, 86,
    68, 90,
    68, 188,
    68, 275,
    69, 10,
    69, 13,
    69, 15,
    69, 62,
    69, 66,
    69, 72,
    69, 75,
    69, 87,
    69, 88,
    69, 90,
    69, 91,
    69, 94,
    69, 164,
    70, 2,
    70, 11,
    70, 13,
    70, 14,
    70, 15,
    70, 27,
    70, 28,
    70, 32,
    70, 66,
    70, 67,
    70, 71,
    70, 73,
    70, 75,
    70, 76,
    70, 77,
    70, 84,
    70, 85,
    70, 87,
    70, 88,
    70, 89,
    70, 90,
    70, 91,
    70, 159,
    70, 164,
    70, 318,
    71, 2,
    71, 8,
    71, 10,
    71, 11,
    71, 13,
    71, 14,
    71, 15,
    71, 27,
    71, 28,
    71, 32,
    71, 62,
    71, 66,
    71, 68,
    71, 69,
    71, 70,
    71, 71,
    71, 72,
    71, 74,
    71, 75,
    71, 77,
    71, 80,
    71, 84,
    71, 85,
    71, 86,
    71, 88,
    71, 90,
    71, 91,
    71, 94,
    71, 161,
    71, 164,
    71, 165,
    71, 166,
    71, 169,
    71, 173,
    71, 179,
    71, 182,
    71, 184,
    71, 188,
    71, 189,
    71, 197,
    71, 275,
    71, 277,
    71, 303,
    72, 2,
    72, 10,
    72, 11,
    72, 13,
    72, 14,
    72, 15,
    72, 27,
    72, 28,
    72, 32,
    72, 62,
    72, 66,
    72, 69,
    72, 70,
    72, 71,
    72, 73,
    72, 76,
    72, 77,
    72, 80,
    72, 81,
    72, 83,
    72, 84,
    72, 85,
    72, 87,
    72, 88,
    72, 90,
    72, 91,
    72, 94,
    72, 164,
    72, 165,
    72, 166,
    72, 169,
    72, 179,
    72, 182,
    72, 275,
    73, 11,
    73, 90,
    73, 189,
    74, 10,
    74, 11,
    74, 53,
    74, 62,
    74, 72,
    74, 75,
    74, 87,
    74, 88,
    74, 91,
    74, 94,
    75, 10,
    75, 11,
    75, 62,
    75, 90,
    75, 94,
    75, 179,
    75, 182,
    75, 217,
    76, 2,
    76, 11,
    76, 13,
    76, 14,
    76, 15,
    76, 27,
    76, 28,
    76, 32,
    76, 66,
    76, 67,
    76, 68,
    76, 69,
    76, 70,
    76, 71,
    76, 72,
    76, 73,
    76, 74,
    76, 75,
    76, 76,
    76, 77,
    76, 78,
    76, 79,
    76, 80,
    76, 81,
    76, 83,
    76, 84,
    76, 85,
    76, 86,
    76, 87,
    76, 88,
    76, 89,
    76, 90,
    76, 91,
    76, 161,
    76, 164,
    76, 165,
    76, 166,
    76, 169,
    76, 179,
    76, 182,
    76, 188,
    76, 197,
    76, 217,
    77, 13,
    77, 15,
    77, 72,
    77, 87,
    77, 88,
    77, 90,
    77, 91,
    78, 72,
    78, 75,
    78, 81,
    78, 87,
    78, 88,
    78, 90,
    78, 91,
    79, 53,
    79, 72,
    79, 75,
    79, 81,
    79, 87,
    79, 88,
    79, 90,
    79, 91,
    80, 11,
    80, 13,
    80, 15,
    80, 27,
    80, 28,
    80, 53,
    80, 75,
    80, 85,
    80, 87,
    80, 89,
    80, 90,
    80, 91,
    80, 384,
    80, 392,
    80, 394,
    80, 397,
    80, 401,
    80, 402,
    80, 404,
    81, 11,
    81, 72,
    81, 75,
    81, 85,
    81, 87,
    81, 88,
    81, 90,
    81, 91,
    81, 189,
    82, 10,
    82, 62,
    82, 68,
    82, 86,
    82, 94,
    82, 188,
    83, 2,
    83, 8,
    83, 11,
    83, 13,
    83, 14,
    83, 15,
    83, 27,
    83, 28,
    83, 32,
    83, 66,
    83, 67,
    83, 68,
    83, 69,
    83, 70,
    83, 71,
    83, 72,
    83, 73,
    83, 74,
    83, 75,
    83, 76,
    83, 77,
    83, 78,
    83, 79,
    83, 80,
    83, 81,
    83, 82,
    83, 83,
    83, 84,
    83, 85,
    83, 86,
    83, 87,
    83, 88,
    83, 89,
    83, 90,
    83, 91,
    83, 160,
    83, 161,
    83, 162,
    83, 164,
    83, 165,
    83, 166,
    83, 167,
    83, 168,
    83, 169,
    83, 170,
    83, 178,
    83, 179,
    83, 180,
    83, 182,
    83, 184,
    83, 186,
    83, 188,
    83, 189,
    83, 197,
    83, 205,
    83, 207,
    83, 217,
    83, 260,
    83, 264,
    83, 273,
    83, 275,
    83, 277,
    83, 281,
    83, 291,
    83, 293,
    83, 303,
    83, 305,
    83, 314,
    83, 316,
    83, 318,
    84, 2,
    84, 13,
    84, 14,
    84, 15,
    84, 27,
    84, 28,
    84, 32,
    84, 66,
    84, 71,
    84, 72,
    84, 76,
    84, 81,
    84, 84,
    84, 85,
    84, 87,
    84, 88,
    84, 90,
    84, 91,
    84, 164,
    84, 169,
    85, 2,
    85, 11,
    85, 13,
    85, 14,
    85, 15,
    85, 27,
    85, 28,
    85, 32,
    85, 52,
    85, 66,
    85, 68,
    85, 69,
    85, 70,
    85, 72,
    85, 73,
    85, 74,
    85, 75,
    85, 78,
    85, 79,
    85, 80,
    85, 81,
    85, 82,
    85, 83,
    85, 84,
    85, 85,
    85, 86,
    85, 87,
    85, 88,
    85, 90,
    85, 91,
    85, 161,
    85, 164,
    85, 165,
    85, 166,
    85, 169,
    85, 179,
    85, 182,
    85, 188,
    85, 197,
    85, 217,
    86, 13,
    86, 15,
    86, 72,
    86, 87,
    86, 88,
    86, 89,
    86, 90,
    86, 91,
    87, 11,
    87, 13,
    87, 14,
    87, 15,
    87, 27,
    87, 28,
    87, 66,
    87, 68,
    87, 70,
    87, 72,
    87, 74,
    87, 75,
    87, 77,
    87, 80,
    87, 83,
    87, 84,
    87, 86,
    87, 90,
    87, 160,
    87, 161,
    87, 162,
    87, 163,
    87, 164,
    87, 165,
    87, 166,
    87, 168,
    87, 169,
    87, 170,
    87, 178,
    87, 179,
    87, 182,
    87, 184,
    87, 188,
    87, 275,
    88, 2,
    88, 8,
    88, 11,
    88, 13,
    88, 14,
    88, 15,
    88, 27,
    88, 28,
    88, 32,
    88, 66,
    88, 68,
    88, 70,
    88, 71,
    88, 72,
    88, 74,
    88, 75,
    88, 77,
    88, 80,
    88, 81,
    88, 83,
    88, 84,
    88, 85,
    88, 86,
    88, 90,
    88, 91,
    88, 160,
    88, 161,
    88, 162,
    88, 163,
    88, 164,
    88, 165,
    88, 166,
    88, 168,
    88, 169,
    88, 170,
    88, 178,
    88, 179,
    88, 182,
    88, 184,
    88, 188,
    89, 2,
    89, 11,
    89, 13,
    89, 14,
    89, 15,
    89, 27,
    89, 28,
    89, 32,
    89, 66,
    89, 68,
    89, 70,
    89, 80,
    89, 82,
    89, 90,
    89, 169,
    89, 182,
    90, 2,
    90, 8,
    90, 11,
    90, 13,
    90, 14,
    90, 15,
    90, 27,
    90, 28,
    90, 32,
    90, 66,
    90, 68,
    90, 70,
    90, 72,
    90, 75,
    90, 77,
    90, 80,
    90, 84,
    90, 160,
    90, 161,
    90, 162,
    90, 163,
    90, 164,
    90, 165,
    90, 166,
    90, 168,
    90, 169,
    90, 170,
    90, 178,
    90, 179,
    90, 182,
    90, 184,
    90, 205,
    90, 283,
    91, 2,
    91, 11,
    91, 13,
    91, 14,
    91, 27,
    91, 28,
    91, 66,
    91, 70,
    91, 74,
    91, 80,
    91, 86,
    91, 90,
    91, 164,
    91, 182,
    91, 188,
    92, 34,
    92, 43,
    92, 53,
    92, 55,
    92, 56,
    92, 57,
    92, 58,
    92, 59,
    92, 67,
    92, 71,
    92, 72,
    92, 73,
    92, 74,
    92, 75,
    92, 76,
    92, 77,
    92, 81,
    92, 90,
    92, 134,
    107, 342,
    107, 345,
    107, 346,
    107, 351,
    107, 361,
    107, 369,
    107, 370,
    107, 394,
    107, 401,
    107, 431,
    107, 442,
    107, 449,
    107, 450,
    107, 454,
    107, 462,
    107, 474,
    107, 481,
    107, 482,
    107, 486,
    123, 34,
    123, 53,
    123, 55,
    123, 56,
    123, 58,
    123, 129,
    123, 132,
    123, 133,
    123, 134,
    128, 13,
    128, 15,
    128, 36,
    128, 40,
    128, 48,
    128, 50,
    128, 53,
    128, 54,
    128, 55,
    128, 56,
    128, 58,
    129, 13,
    129, 14,
    129, 15,
    129, 36,
    129, 40,
    129, 48,
    129, 50,
    129, 53,
    129, 54,
    129, 55,
    129, 56,
    129, 58,
    129, 66,
    129, 67,
    129, 68,
    129, 69,
    129, 70,
    129, 72,
    129, 80,
    129, 82,
    129, 85,
    129, 86,
    129, 87,
    129, 88,
    129, 90,
    129, 107,
    129, 292,
    130, 13,
    130, 15,
    130, 36,
    130, 40,
    130, 48,
    130, 50,
    130, 53,
    130, 54,
    130, 55,
    130, 56,
    130, 58,
    130, 87,
    130, 88,
    130, 157,
    130, 189,
    130, 290,
    130, 292,
    131, 13,
    131, 15,
    131, 36,
    131, 40,
    131, 48,
    131, 50,
    131, 53,
    131, 54,
    131, 55,
    131, 56,
    131, 58,
    132, 13,
    132, 14,
    132, 15,
    132, 36,
    132, 40,
    132, 48,
    132, 50,
    132, 53,
    132, 54,
    132, 55,
    132, 56,
    132, 58,
    132, 66,
    132, 67,
    132, 68,
    132, 69,
    132, 72,
    132, 80,
    132, 82,
    132, 85,
    132, 86,
    132, 87,
    132, 88,
    132, 90,
    132, 107,
    133, 13,
    133, 14,
    133, 15,
    133, 36,
    133, 40,
    133, 48,
    133, 50,
    133, 53,
    133, 54,
    133, 55,
    133, 56,
    133, 58,
    133, 66,
    133, 67,
    133, 68,
    133, 69,
    133, 70,
    133, 72,
    133, 80,
    133, 82,
    133, 85,
    133, 86,
    133, 87,
    133, 88,
    133, 90,
    133, 107,
    134, 53,
    134, 55,
    134, 56,
    134, 57,
    134, 59,
    135, 34,
    146, 53,
    146, 55,
    146, 58,
    147, 13,
    147, 15,
    147, 27,
    147, 28,
    147, 34,
    147, 53,
    147, 55,
    147, 58,
    147, 59,
    148, 53,
    148, 55,
    148, 58,
    149, 53,
    149, 55,
    149, 58,
    150, 13,
    150, 15,
    150, 27,
    150, 28,
    150, 34,
    150, 53,
    150, 55,
    150, 57,
    150, 58,
    152, 34,
    153, 34,
    154, 13,
    154, 15,
    154, 34,
    154, 78,
    154, 79,
    154, 81,
    154, 83,
    155, 34,
    156, 13,
    156, 15,
    156, 34,
    156, 67,
    156, 78,
    156, 79,
    156, 81,
    156, 83,
    157, 13,
    157, 14,
    157, 15,
    157, 27,
    157, 28,
    157, 43,
    157, 129,
    157, 130,
    157, 132,
    157, 161,
    157, 169,
    157, 179,
    157, 186,
    157, 194,
    157, 196,
    157, 217,
    157, 273,
    157, 287,
    159, 70,
    159, 76,
    159, 85,
    159, 88,
    160, 87,
    160, 88,
    160, 90,
    161, 87,
    161, 88,
    161, 90,
    164, 13,
    164, 15,
    164, 72,
    164, 75,
    164, 84,
    164, 85,
    164, 87,
    164, 88,
    164, 89,
    164, 90,
    164, 91,
    164, 159,
    165, 87,
    165, 88,
    165, 90,
    166, 83,
    166, 87,
    166, 88,
    166, 90,
    169, 2,
    169, 13,
    169, 14,
    169, 15,
    169, 27,
    169, 28,
    169, 32,
    169, 67,
    169, 72,
    169, 77,
    169, 82,
    169, 85,
    169, 87,
    169, 88,
    169, 90,
    169, 91,
    170, 87,
    170, 88,
    170, 90,
    173, 87,
    178, 87,
    178, 90,
    179, 87,
    179, 90,
    179, 314,
    180, 85,
    182, 11,
    182, 13,
    182, 15,
    182, 27,
    182, 28,
    182, 53,
    182, 75,
    182, 85,
    182, 87,
    182, 89,
    182, 90,
    182, 91,
    188, 13,
    188, 15,
    188, 72,
    188, 87,
    188, 88,
    188, 89,
    188, 90,
    188, 91,
    189, 13,
    189, 15,
    189, 205,
    194, 53,
    194, 58,
    194, 90,
    194, 157,
    194, 189,
    194, 290,
    194, 292,
    196, 13,
    196, 15,
    196, 27,
    196, 28,
    196, 36,
    196, 53,
    196, 58,
    196, 90,
    196, 157,
    196, 189,
    196, 290,
    196, 292,
    204, 48,
    205, 70,
    205, 80,
    207, 13,
    207, 15,
    207, 27,
    207, 28,
    207, 66,
    207, 70,
    207, 78,
    207, 79,
    207, 80,
    207, 83,
    207, 84,
    207, 86,
    207, 90,
    207, 91,
    207, 161,
    207, 169,
    207, 179,
    207, 186,
    207, 188,
    207, 189,
    207, 303,
    217, 316,
    253, 48,
    253, 53,
    253, 55,
    253, 58,
    253, 87,
    253, 157,
    253, 189,
    253, 290,
    253, 292,
    254, 13,
    254, 15,
    254, 27,
    254, 28,
    254, 66,
    254, 69,
    254, 70,
    254, 71,
    254, 72,
    254, 80,
    254, 81,
    254, 84,
    254, 85,
    254, 86,
    254, 87,
    254, 91,
    254, 161,
    254, 169,
    254, 179,
    254, 180,
    254, 186,
    254, 205,
    254, 207,
    254, 289,
    254, 303,
    254, 318,
    257, 13,
    257, 15,
    257, 27,
    257, 28,
    257, 48,
    257, 53,
    257, 55,
    257, 56,
    257, 58,
    257, 87,
    257, 88,
    257, 157,
    257, 189,
    257, 290,
    257, 292,
    274, 53,
    274, 55,
    274, 56,
    274, 57,
    274, 59,
    275, 86,
    277, 13,
    277, 15,
    277, 66,
    277, 69,
    277, 78,
    277, 79,
    277, 81,
    277, 84,
    277, 85,
    277, 87,
    277, 91,
    281, 13,
    281, 15,
    281, 27,
    281, 28,
    281, 66,
    281, 69,
    281, 70,
    281, 74,
    281, 80,
    281, 86,
    281, 87,
    281, 161,
    281, 169,
    281, 173,
    281, 179,
    281, 186,
    281, 207,
    281, 303,
    283, 68,
    283, 88,
    289, 76,
    289, 81,
    289, 85,
    290, 129,
    290, 130,
    290, 132,
    290, 161,
    290, 169,
    290, 179,
    290, 186,
    290, 189,
    290, 194,
    290, 196,
    290, 197,
    290, 217,
    290, 260,
    290, 264,
    290, 273,
    290, 277,
    290, 281,
    290, 283,
    290, 291,
    290, 293,
    290, 303,
    290, 305,
    290, 314,
    290, 316,
    290, 318,
    292, 13,
    292, 14,
    292, 15,
    292, 27,
    292, 28,
    292, 34,
    292, 43,
    292, 129,
    292, 130,
    292, 132,
    292, 150,
    292, 161,
    292, 169,
    292, 179,
    292, 186,
    292, 189,
    292, 194,
    292, 196,
    292, 197,
    292, 217,
    292, 260,
    292, 264,
    292, 273,
    292, 277,
    292, 281,
    292, 283,
    292, 291,
    292, 293,
    292, 305,
    292, 314,
    292, 316,
    292, 318,
    293, 13,
    293, 15,
    293, 66,
    293, 70,
    293, 78,
    293, 79,
    293, 80,
    293, 83,
    293, 84,
    293, 85,
    293, 86,
    293, 90,
    293, 91,
    293, 161,
    293, 169,
    293, 179,
    293, 186,
    293, 189,
    293, 281,
    293, 289,
    293, 303,
    293, 318,
    314, 13,
    314, 27,
    314, 28,
    316, 13,
    316, 27,
    316, 28,
    316, 68,
    316, 70,
    316, 179,
    318, 13,
    318, 27,
    318, 28,
    318, 70,
    342, 384,
    342, 394,
    342, 400,
    344, 394,
    347, 392,
    348, 400,
    351, 13,
    351, 15,
    351, 48,
    351, 53,
    351, 58,
    351, 123,
    351, 358,
    351, 365,
    351, 369,
    351, 370,
    351, 371,
    351, 373,
    351, 384,
    351, 394,
    351, 400,
    351, 402,
    351, 410,
    352, 34,
    352, 351,
    352, 392,
    353, 13,
    353, 15,
    353, 34,
    353, 48,
    353, 58,
    353, 80,
    353, 351,
    353, 361,
    353, 365,
    353, 377,
    353, 378,
    353, 382,
    353, 386,
    353, 391,
    353, 394,
    353, 396,
    353, 398,
    353, 402,
    353, 410,
    355, 48,
    355, 358,
    355, 365,
    355, 371,
    355, 384,
    355, 385,
    355, 394,
    355, 401,
    356, 48,
    356, 80,
    356, 365,
    356, 386,
    356, 396,
    358, 34,
    358, 58,
    358, 351,
    358, 361,
    358, 370,
    360, 13,
    360, 15,
    360, 27,
    360, 28,
    360, 48,
    360, 80,
    360, 365,
    360, 371,
    360, 377,
    360, 378,
    360, 396,
    360, 402,
    360, 406,
    360, 409,
    360, 410,
    361, 13,
    361, 15,
    361, 48,
    361, 58,
    361, 80,
    361, 123,
    361, 358,
    361, 365,
    361, 369,
    361, 370,
    361, 377,
    361, 378,
    361, 386,
    361, 396,
    361, 402,
    361, 409,
    362, 386,
    363, 34,
    363, 80,
    363, 351,
    363, 378,
    363, 386,
    363, 396,
    363, 406,
    363, 409,
    364, 377,
    364, 382,
    364, 410,
    365, 34,
    365, 58,
    365, 351,
    365, 356,
    365, 361,
    365, 369,
    365, 370,
    365, 372,
    365, 373,
    365, 392,
    366, 80,
    366, 378,
    366, 392,
    366, 396,
    367, 13,
    367, 15,
    367, 34,
    367, 58,
    367, 80,
    367, 351,
    367, 358,
    367, 361,
    367, 365,
    367, 369,
    367, 370,
    367, 371,
    367, 378,
    367, 382,
    367, 386,
    367, 396,
    367, 409,
    367, 411,
    368, 48,
    368, 358,
    368, 365,
    368, 401,
    368, 404,
    369, 13,
    369, 15,
    369, 27,
    369, 28,
    369, 34,
    369, 48,
    369, 53,
    369, 58,
    369, 80,
    369, 123,
    369, 351,
    369, 361,
    369, 365,
    369, 369,
    369, 370,
    369, 371,
    369, 377,
    369, 378,
    369, 382,
    369, 386,
    369, 387,
    369, 396,
    369, 398,
    369, 400,
    369, 402,
    369, 409,
    369, 410,
    369, 411,
    370, 13,
    370, 15,
    370, 34,
    370, 48,
    370, 53,
    370, 123,
    370, 351,
    370, 358,
    370, 365,
    370, 369,
    370, 371,
    370, 397,
    370, 409,
    371, 34,
    371, 53,
    371, 58,
    371, 80,
    371, 351,
    371, 361,
    371, 369,
    371, 370,
    371, 392,
    371, 396,
    371, 406,
    371, 409,
    371, 411,
    372, 48,
    372, 80,
    372, 358,
    372, 365,
    372, 377,
    372, 378,
    372, 382,
    372, 396,
    372, 401,
    372, 406,
    372, 409,
    373, 34,
    373, 48,
    373, 351,
    373, 365,
    377, 13,
    377, 15,
    377, 27,
    377, 28,
    377, 80,
    377, 123,
    377, 384,
    377, 385,
    377, 386,
    377, 387,
    377, 389,
    377, 395,
    377, 396,
    377, 400,
    377, 406,
    378, 28,
    378, 387,
    378, 389,
    378, 392,
    378, 401,
    378, 406,
    380, 385,
    382, 2,
    382, 13,
    382, 15,
    382, 27,
    382, 28,
    382, 80,
    382, 123,
    382, 384,
    382, 385,
    382, 386,
    382, 387,
    382, 389,
    382, 395,
    382, 396,
    382, 397,
    382, 400,
    382, 401,
    382, 403,
    382, 408,
    382, 409,
    382, 410,
    383, 384,
    383, 392,
    384, 80,
    384, 377,
    384, 378,
    384, 382,
    384, 385,
    384, 386,
    384, 392,
    384, 395,
    384, 396,
    384, 398,
    384, 406,
    384, 409,
    384, 410,
    384, 411,
    385, 394,
    386, 378,
    386, 386,
    386, 387,
    386, 389,
    386, 392,
    386, 395,
    386, 401,
    386, 402,
    386, 404,
    386, 406,
    386, 410,
    386, 411,
    387, 80,
    387, 377,
    387, 378,
    387, 382,
    387, 386,
    387, 396,
    387, 402,
    387, 406,
    387, 409,
    387, 410,
    387, 411,
    391, 13,
    391, 15,
    391, 80,
    391, 123,
    391, 377,
    391, 378,
    391, 382,
    391, 385,
    391, 386,
    391, 389,
    391, 396,
    391, 400,
    391, 403,
    391, 406,
    391, 409,
    391, 410,
    391, 411,
    392, 13,
    392, 15,
    392, 80,
    392, 123,
    392, 377,
    392, 378,
    392, 384,
    392, 386,
    392, 394,
    392, 395,
    392, 396,
    392, 400,
    392, 401,
    392, 402,
    392, 403,
    392, 406,
    392, 409,
    392, 410,
    392, 411,
    394, 13,
    394, 15,
    394, 27,
    394, 28,
    394, 80,
    394, 123,
    394, 377,
    394, 378,
    394, 382,
    394, 385,
    394, 392,
    394, 396,
    394, 400,
    394, 403,
    394, 406,
    394, 409,
    394, 410,
    394, 411,
    395, 80,
    395, 377,
    395, 378,
    395, 382,
    395, 386,
    395, 396,
    395, 409,
    395, 410,
    395, 411,
    396, 384,
    396, 392,
    396, 394,
    396, 397,
    396, 401,
    396, 402,
    396, 404,
    397, 80,
    397, 377,
    397, 392,
    397, 396,
    397, 409,
    397, 410,
    397, 411,
    398, 2,
    398, 123,
    398, 384,
    398, 392,
    398, 394,
    398, 397,
    398, 401,
    398, 404,
    400, 392,
    401, 13,
    401, 15,
    401, 27,
    401, 28,
    401, 80,
    401, 123,
    401, 377,
    401, 378,
    401, 380,
    401, 382,
    401, 392,
    401, 396,
    401, 398,
    401, 400,
    401, 401,
    401, 403,
    401, 406,
    401, 409,
    401, 410,
    401, 411,
    402, 384,
    402, 392,
    402, 401,
    402, 404,
    403, 401,
    404, 80,
    404, 377,
    404, 378,
    404, 382,
    404, 386,
    404, 389,
    404, 396,
    404, 406,
    404, 409,
    404, 410,
    404, 411,
    406, 384,
    406, 392,
    406, 394,
    406, 397,
    406, 401,
    406, 404,
    408, 394,
    409, 384,
    409, 394,
    409, 397,
    409, 401,
    409, 404,
    410, 384,
    410, 392,
    410, 394,
    410, 397,
    410, 401,
    410, 404,
    411, 384,
    411, 392,
    411, 394,
    411, 397,
    411, 401,
    411, 404,
    418, 419,
    418, 424,
    418, 426,
    418, 429,
    418, 435,
    418, 442,
    418, 445,
    418, 448,
    418, 449,
    418, 450,
    418, 451,
    418, 454,
    418, 463,
    418, 465,
    418, 467,
    418, 468,
    418, 469,
    418, 470,
    418, 471,
    418, 473,
    418, 474,
    418, 475,
    418, 476,
    418, 477,
    418, 478,
    418, 479,
    418, 480,
    418, 481,
    418, 482,
    418, 483,
    418, 484,
    418, 485,
    418, 486,
    418, 489,
    418, 493,
    418, 494,
    418, 499,
    418, 504,
    418, 509,
    424, 426,
    424, 429,
    424, 449,
    424, 450,
    424, 454,
    424, 457,
    424, 489,
    425, 426,
    425, 429,
    425, 449,
    425, 450,
    425, 454,
    425, 457,
    425, 489,
    427, 419,
    427, 438,
    427, 445,
    427, 448,
    427, 451,
    427, 463,
    427, 464,
    427, 468,
    427, 470,
    427, 477,
    427, 480,
    427, 481,
    427, 482,
    427, 483,
    427, 486,
    427, 499,
    427, 509,
    429, 419,
    429, 424,
    429, 426,
    429, 429,
    429, 431,
    429, 435,
    429, 442,
    429, 445,
    429, 448,
    429, 449,
    429, 451,
    429, 454,
    429, 462,
    429, 463,
    429, 464,
    429, 467,
    429, 468,
    429, 469,
    429, 470,
    429, 471,
    429, 473,
    429, 474,
    429, 475,
    429, 476,
    429, 477,
    429, 478,
    429, 479,
    429, 480,
    429, 481,
    429, 483,
    429, 484,
    429, 485,
    429, 486,
    429, 493,
    429, 494,
    429, 499,
    429, 504,
    431, 13,
    431, 14,
    431, 15,
    431, 27,
    431, 28,
    431, 123,
    431, 419,
    431, 424,
    431, 426,
    431, 429,
    431, 438,
    431, 442,
    431, 445,
    431, 448,
    431, 449,
    431, 450,
    431, 451,
    431, 454,
    431, 457,
    431, 470,
    431, 474,
    431, 477,
    431, 480,
    431, 481,
    431, 482,
    431, 483,
    431, 486,
    431, 489,
    431, 504,
    431, 509,
    432, 426,
    432, 429,
    432, 431,
    432, 437,
    432, 449,
    432, 450,
    432, 454,
    432, 455,
    432, 469,
    432, 481,
    432, 482,
    432, 489,
    432, 504,
    432, 509,
    433, 426,
    433, 429,
    433, 431,
    433, 437,
    433, 449,
    433, 450,
    433, 454,
    433, 455,
    433, 469,
    433, 481,
    433, 482,
    433, 486,
    433, 489,
    433, 504,
    433, 509,
    434, 13,
    434, 14,
    434, 15,
    434, 27,
    434, 28,
    434, 419,
    434, 424,
    434, 426,
    434, 429,
    434, 435,
    434, 442,
    434, 445,
    434, 448,
    434, 449,
    434, 450,
    434, 451,
    434, 454,
    434, 463,
    434, 465,
    434, 467,
    434, 468,
    434, 469,
    434, 470,
    434, 471,
    434, 473,
    434, 474,
    434, 475,
    434, 476,
    434, 477,
    434, 478,
    434, 479,
    434, 480,
    434, 481,
    434, 482,
    434, 483,
    434, 484,
    434, 485,
    434, 486,
    434, 489,
    434, 493,
    434, 494,
    434, 499,
    434, 504,
    434, 509,
    436, 451,
    437, 419,
    437, 438,
    437, 445,
    437, 448,
    437, 451,
    437, 463,
    437, 464,
    437, 468,
    437, 470,
    437, 477,
    437, 480,
    437, 481,
    437, 482,
    437, 483,
    437, 486,
    437, 499,
    437, 509,
    438, 424,
    438, 426,
    438, 429,
    438, 431,
    438, 435,
    438, 437,
    438, 438,
    438, 442,
    438, 449,
    438, 450,
    438, 454,
    438, 462,
    438, 474,
    438, 481,
    438, 482,
    438, 484,
    438, 486,
    438, 494,
    438, 504,
    438, 509,
    441, 419,
    441, 438,
    441, 445,
    441, 448,
    441, 451,
    441, 463,
    441, 464,
    441, 468,
    441, 470,
    441, 477,
    441, 480,
    441, 481,
    441, 482,
    441, 483,
    441, 486,
    441, 499,
    441, 509,
    445, 424,
    445, 426,
    445, 429,
    445, 431,
    445, 435,
    445, 437,
    445, 438,
    445, 442,
    445, 449,
    445, 450,
    445, 452,
    445, 454,
    445, 457,
    445, 462,
    445, 474,
    445, 504,
    447, 13,
    447, 14,
    447, 15,
    447, 28,
    447, 424,
    447, 431,
    447, 435,
    447, 442,
    447, 448,
    447, 454,
    447, 462,
    447, 463,
    447, 465,
    447, 466,
    447, 467,
    447, 468,
    447, 470,
    447, 474,
    447, 477,
    447, 480,
    447, 483,
    447, 499,
    447, 504,
    448, 424,
    448, 426,
    448, 429,
    448, 431,
    448, 437,
    448, 438,
    448, 442,
    448, 445,
    448, 448,
    448, 449,
    448, 450,
    448, 451,
    448, 452,
    448, 462,
    448, 481,
    448, 482,
    448, 486,
    448, 504,
    448, 509,
    449, 13,
    449, 14,
    449, 15,
    449, 27,
    449, 28,
    449, 123,
    449, 419,
    449, 424,
    449, 426,
    449, 429,
    449, 431,
    449, 435,
    449, 438,
    449, 442,
    449, 445,
    449, 448,
    449, 449,
    449, 450,
    449, 451,
    449, 462,
    449, 463,
    449, 465,
    449, 466,
    449, 467,
    449, 468,
    449, 469,
    449, 470,
    449, 471,
    449, 473,
    449, 474,
    449, 475,
    449, 476,
    449, 477,
    449, 478,
    449, 479,
    449, 480,
    449, 481,
    449, 482,
    449, 483,
    449, 484,
    449, 485,
    449, 486,
    449, 489,
    449, 494,
    449, 499,
    449, 504,
    449, 509,
    450, 13,
    450, 14,
    450, 15,
    450, 27,
    450, 28,
    450, 123,
    450, 419,
    450, 424,
    450, 426,
    450, 431,
    450, 435,
    450, 438,
    450, 442,
    450, 445,
    450, 448,
    450, 449,
    450, 450,
    450, 451,
    450, 454,
    450, 462,
    450, 463,
    450, 464,
    450, 467,
    450, 468,
    450, 469,
    450, 470,
    450, 471,
    450, 473,
    450, 474,
    450, 475,
    450, 476,
    450, 477,
    450, 478,
    450, 479,
    450, 480,
    450, 481,
    450, 482,
    450, 483,
    450, 484,
    450, 485,
    450, 486,
    450, 493,
    450, 494,
    450, 499,
    450, 504,
    450, 509,
    451, 424,
    451, 429,
    451, 431,
    451, 435,
    451, 437,
    451, 442,
    451, 450,
    451, 452,
    451, 454,
    451, 457,
    451, 462,
    451, 467,
    451, 474,
    451, 504,
    452, 419,
    452, 438,
    452, 445,
    452, 448,
    452, 451,
    452, 463,
    452, 468,
    452, 470,
    452, 477,
    452, 481,
    452, 482,
    452, 483,
    452, 486,
    457, 426,
    457, 429,
    457, 449,
    457, 450,
    457, 454,
    457, 457,
    457, 489,
    459, 426,
    459, 429,
    459, 449,
    459, 450,
    459, 454,
    459, 457,
    459, 489,
    460, 424,
    460, 426,
    460, 429,
    460, 431,
    460, 435,
    460, 442,
    460, 449,
    460, 450,
    460, 454,
    460, 457,
    460, 462,
    460, 504,
    461, 424,
    461, 426,
    461, 429,
    461, 431,
    461, 435,
    461, 437,
    461, 438,
    461, 442,
    461, 449,
    461, 450,
    461, 452,
    461, 454,
    461, 457,
    461, 462,
    461, 474,
    461, 504,
    463, 481,
    463, 482,
    463, 486,
    463, 504,
    463, 509,
    464, 469,
    464, 470,
    464, 481,
    464, 482,
    464, 484,
    464, 486,
    464, 494,
    464, 509,
    465, 469,
    465, 470,
    465, 481,
    465, 482,
    465, 484,
    465, 486,
    465, 494,
    465, 509,
    466, 13,
    466, 14,
    466, 15,
    466, 27,
    466, 28,
    466, 467,
    466, 474,
    466, 477,
    466, 480,
    466, 483,
    466, 494,
    466, 499,
    466, 504,
    466, 509,
    468, 469,
    468, 470,
    468, 474,
    468, 482,
    468, 484,
    468, 486,
    468, 494,
    468, 509,
    469, 464,
    469, 468,
    469, 470,
    469, 477,
    469, 480,
    469, 483,
    469, 499,
    469, 509,
    470, 469,
    470, 474,
    470, 481,
    470, 482,
    470, 484,
    470, 486,
    470, 494,
    470, 504,
    470, 509,
    472, 504,
    473, 463,
    473, 464,
    473, 468,
    473, 470,
    473, 477,
    473, 480,
    473, 483,
    473, 499,
    473, 509,
    477, 469,
    477, 470,
    477, 474,
    477, 481,
    477, 482,
    477, 484,
    477, 489,
    477, 504,
    477, 509,
    479, 13,
    479, 14,
    479, 15,
    479, 27,
    479, 28,
    479, 469,
    479, 470,
    479, 474,
    479, 481,
    479, 482,
    479, 484,
    479, 486,
    479, 494,
    479, 499,
    479, 509,
    480, 429,
    480, 469,
    480, 470,
    480, 474,
    480, 481,
    480, 482,
    480, 483,
    480, 484,
    480, 486,
    480, 494,
    480, 504,
    481, 13,
    481, 14,
    481, 15,
    481, 27,
    481, 28,
    481, 123,
    481, 463,
    481, 467,
    481, 468,
    481, 470,
    481, 474,
    481, 477,
    481, 480,
    481, 481,
    481, 482,
    481, 483,
    481, 486,
    481, 494,
    481, 499,
    481, 504,
    481, 509,
    482, 13,
    482, 14,
    482, 15,
    482, 27,
    482, 28,
    482, 123,
    482, 463,
    482, 467,
    482, 468,
    482, 474,
    482, 477,
    482, 480,
    482, 481,
    482, 483,
    482, 486,
    482, 494,
    482, 499,
    482, 504,
    483, 466,
    483, 467,
    483, 469,
    483, 470,
    483, 474,
    483, 481,
    483, 482,
    483, 484,
    483, 486,
    483, 489,
    483, 494,
    483, 504,
    483, 509,
    484, 463,
    484, 468,
    484, 470,
    484, 477,
    484, 480,
    484, 483,
    484, 499,
    484, 509,
    489, 468,
    489, 480,
    489, 481,
    489, 482,
    489, 486,
    489, 489,
    489, 509,
    491, 468,
    491, 480,
    491, 481,
    491, 482,
    491, 486,
    491, 489,
    491, 509,
    492, 474,
    492, 481,
    492, 486,
    492, 489,
    492, 494,
    492, 504,
    492, 509,
    493, 469,
    493, 470,
    493, 474,
    493, 481,
    493, 482,
    493, 484,
    493, 486,
    493, 489,
    493, 504,
    493, 509,
    498, 467,
    498, 474,
    498, 477,
    498, 480,
    498, 483,
    498, 494,
    498, 499,
    498, 504,
    504, 481,
    504, 482,
    504, 486,
    504, 489,
    504, 509,
    505, 468,
    505, 480,
    505, 481,
    505, 482,
    505, 486,
    505, 489,
    505, 499,
    505, 509,
    507, 463,
    507, 464,
    507, 468,
    507, 470,
    507, 477,
    507, 480,
    507, 483,
    507, 499,
    507, 509,
    509, 463,
    509, 467,
    509, 468,
    509, 470,
    509, 474,
    509, 477,
    509, 480,
    509, 481,
    509, 483,
    509, 486,
    509, 494,
    509, 499,
    517, 419,
    517, 424,
    517, 426,
    517, 429,
    517, 435,
    517, 442,
    517, 445,
    517, 448,
    517, 449,
    517, 450,
    517, 451,
    517, 454,
    517, 462,
    517, 463,
    517, 465,
    517, 467,
    517, 468,
    517, 469,
    517, 470,
    517, 471,
    517, 473,
    517, 474,
    517, 475,
    517, 476,
    517, 477,
    517, 478,
    517, 479,
    517, 480,
    517, 481,
    517, 482,
    517, 483,
    517, 484,
    517, 485,
    517, 486,
    517, 489,
    517, 493,
    517, 494,
    517, 499,
    517, 504,
    517, 509,
    518, 467,
    518, 474,
    518, 477,
    518, 480,
    518, 483,
    518, 494,
    518, 499,
    518, 504
};

/* Kerning between the respective left and right glyphs
 * 4.4 format which needs to scaled with `kern_scale`*/
static const int8_t kern_pair_values[] =
{
    -11, 17, 10, 12, -8, 14, -3, 0,
    -1, 7, 8, 8, -3, 18, 4, 8,
    4, 15, 10, 11, 12, 8, 12, 9,
    13, -5, -18, 2, -22, 9, 4, -19,
    9, 9, -5, 0, -3, -7, -26, 9,
    -20, 4, -9, 5, -1, -7, 4, 4,
    -16, 0, -12, -22, -22, -22, -8, 4,
    -22, -13, 9, -2, 0, -4, -14, 6,
    14, 17, 11, -10, 20, 15, 19, 1,
    9, -6, -3, 5, -4, 14, 18, 16,
    9, 9, 11, 11, -2, 18, 3, 3,
    2, 6, 6, 7, 6, 3, 6, 1,
    7, 12, -11, 2, 2, -8, 2, 18,
    1, 5, -7, -23, -5, -5, 23, -6,
    -13, -10, -12, 22, -3, 12, 1, 5,
    4, 4, 5, 4, 2, 4, 4, 15,
    -5, 0, -5, -7, 2, 14, 11, -5,
    5, -5, -13, -13, -13, -13, -3, 4,
    0, 2, 0, 0, -5, -5, 0, -8,
    -12, -9, -4, 1, 4, 0, 0, -12,
    -4, -19, -2, -3, 3, -6, -6, 2,
    -13, -1, -12, -12, -12, -12, -12, -12,
    -2, -2, -2, -2, -9, -5, -6, 5,
    -12, -39, -11, -9, -7, 4, -7, 1,
    -17, 1, -9, -1, -11, 9, 15, 4,
    7, 7, -2, -8, -8, -8, 2, -11,
    4, 4, 4, 5, -11, -11, -8, -8,
    -8, -15, -8, 4, -15, 7, -13, 11,
    1, 1, -19, 8, -13, -2, -1, -2,
    4, -15, -15, -15, -15, -15, -15, -21,
    -2, -2, -2, -3, -14, 5, 1, 1,
    -18, -2, 9, -10, -11, -11, 3, -2,
    -8, -1, -3, 0, -1, 0, -1, -2,
    -2, -3, -3, -1, 0, -1, 5, -8,
    -5, -6, -1, -4, -2, -2, 1, -2,
    -2, -9, -3, 0, 10, -4, -7, -34,
    -11, -34, -32, -12, -15, -27, -10, -25,
    -1, -10, -1, -16, -16, -15, -12, -6,
    -5, -9, -17, -8, -7, -7, -32, -32,
    -32, -32, -32, -32, -37, -10, -16, -16,
    -16, -17, -15, -17, -11, -18, -7, -7,
    -32, -32, -17, -12, -17, -7, -10, -13,
    -3, -13, 4, 7, -15, -11, -11, 1,
    -9, -11, -10, 1, -18, -7, -7, -9,
    -5, -5, -15, -15, -15, -15, -15, -15,
    -16, -7, -7, -9, -9, 18, 3, 3,
    5, 2, 18, 5, 5, -1, -28, -8,
    -16, -12, 3, -8, -8, -13, -2, -14,
    -10, 2, -2, -14, -14, -14, 3, 43,
    -20, 1, 8, 22, 3, 13, 39, 6,
    1, -1, 52, -4, 4, 36, -9, 6,
    8, 36, 45, 16, 3, 6, 10, 8,
    43, -6, 28, -17, -17, -1, 2, 41,
    1, -19, -18, -22, -7, 43, -3, -9,
    -9, -8, -15, -18, -19, 0, -6, -6,
    -13, -19, -9, -15, -19, -16, -19, -12,
    -22, -19, -12, -31, -1, 8, 1, 2,
    -3, -7, 0, 7, -8, -16, -13, -15,
    -5, -4, -2, 3, 3, 0, 1, 0,
    1, 7, 1, 1, 1, 2, 2, 0,
    0, 0, 0, 0, -16, -5, 3, 1,
    0, 1, 2, 0, -4, -4, 10, 5,
    -6, -13, -5, 4, -4, -6, 10, -3,
    47, -11, -11, 23, 8, -6, -7, 48,
    -16, -7, -7, 46, -9, -8, -2, -11,
    -11, -11, -14, 22, -6, -6, -7, -7,
    -7, -9, -7, -9, -9, 34, -8, -11,
    -9, -9, -9, -10, 4, -11, 11, 15,
    -15, -3, -6, -15, 6, -6, 9, 0,
    -17, 7, -11, -1, -4, 3, -8, -15,
    -15, -15, -19, -3, -15, -11, -12, 10,
    2, -17, 2, -13, 9, -28, -17, -28,
    -13, 12, -9, 9, 15, -2, -10, 2,
    -21, -6, 0, -17, 6, 11, -2, 12,
    -3, 8, -8, 18, 5, 8, 9, -2,
    14, -8, -13, -13, 2, -7, 2, -6,
    -15, -4, -5, 3, -13, -13, -13, -13,
    -12, -13, -13, -13, -13, -13, -15, -15,
    -16, -13, -13, -6, -15, -13, -2, -13,
    -15, -13, -15, -15, -5, 48, 6, 46,
    -2, 42, 2, 49, 2, -7, 47, -23,
    -3, -5, 22, -9, -2, 46, 8, -5,
    -17, 57, 25, -8, -10, 37, -13, -5,
    9, 38, 46, 1, -12, -9, -7, 2,
    49, -11, 38, -16, -16, -16, -15, -1,
    47, -6, 22, -13, -13, -12, 49, -16,
    -16, -16, -16, -16, -16, -16, -15, -15,
    -1, -16, -17, 17, 1, -2, -11, -10,
    -13, -24, -9, -4, -1, -11, -7, -4,
    -18, -9, -9, -7, -8, -9, -8, -7,
    -9, -9, -14, -11, -12, -7, -11, -11,
    -11, -11, -9, -9, -7, -9, -11, -9,
    9, 11, -13, -17, -12, -7, -1, 3,
    9, -9, 4, 15, 0, -16, 3, 5,
    -5, 4, -2, 7, 9, -8, 7, -8,
    7, 7, 17, 5, 8, 12, 13, 11,
    7, -9, -10, -10, -11, 5, 9, 10,
    7, -10, -13, 0, -14, -18, -21, -12,
    10, -19, 3, 3, 3, 3, 3, 3,
    3, -8, -8, -8, -8, -8, -14, -9,
    -2, -9, -9, -9, 2, -10, -9, 6,
    -12, -14, 0, -12, 3, 3, -9, -10,
    -10, -8, -10, -12, -10, -13, 0, 0,
    -14, -14, 3, 4, -8, 18, 6, -14,
    -10, -9, -10, -9, 35, -10, -5, -10,
    -13, -10, -13, -21, -5, -6, 11, 15,
    -3, -10, -11, 15, -2, 3, -4, -5,
    -4, -9, -5, -8, -10, -5, 5, 11,
    11, 11, 11, 11, 10, 1, -39, -20,
    -42, -10, -6, -14, -12, 14, -15, 2,
    -3, -6, -28, -5, 7, -14, 18, 4,
    11, -1, -21, -21, -21, -21, -2, 0,
    2, -1, -24, -6, -8, -4, 6, -27,
    -14, -14, -14, -14, -14, -14, -31, -5,
    -5, -5, -5, -5, -12, -21, -11, -24,
    -14, -3, -23, -13, -2, -25, -8, -8,
    -4, -14, -14, -21, -22, -21, -13, -5,
    -22, -10, -24, -6, -6, -20, -8, -8,
    15, 4, -28, -10, -29, 0, 4, -13,
    11, -7, 8, 15, -2, -9, 2, -5,
    -6, 1, -21, 5, 10, -4, 11, 8,
    -8, 18, 5, 8, 10, 13, -8, 3,
    -13, -13, -13, -12, -3, -1, 0, -3,
    -13, -1, -2, 1, 14, -15, -13, -13,
    -13, -13, -13, -13, -23, -4, -4, -4,
    -4, -4, -9, -13, -12, -13, -13, -2,
    -13, -13, -4, -14, -2, -2, 1, -13,
    -13, -13, -11, -13, -13, -4, -13, -6,
    -13, -1, -1, -12, -2, -2, -5, -5,
    -26, 14, 1, -10, -10, 4, -2, -3,
    -6, 0, 0, -1, -4, -2, 1, 14,
    -10, 0, 0, -1, -4, -9, -1, 0,
    -1, -1, -3, -12, -1, 8, 5, -29,
    -18, -29, -8, -4, -11, -15, -14, -3,
    -6, -6, -10, 19, 10, 14, 14, -1,
    -3, -19, -19, -19, 8, -22, -17, -19,
    -17, -22, 5, -24, -11, -11, -11, -11,
    -11, -11, -24, -6, -6, -6, -6, -6,
    -12, -19, -3, -22, -9, 2, -17, 5,
    -23, -17, -1, -11, -11, -19, -19, -17,
    -10, -13, -15, -11, -6, -6, 20, -12,
    -17, -22, -16, 6, 5, 13, 5, 15,
    20, -2, 1, -19, 2, -7, -6, 3,
    -11, 5, 6, 6, 4, 6, 3, 2,
    5, 14, -4, 2, 6, 6, 6, 0,
    5, 3, 6, 5, 2, 12, 13, 13,
    2, 22, 7, 15, 10, 17, 17, 16,
    17, 15, 17, 15, 18, -2, 7, 2,
    -2, -7, 4, -7, -20, -7, 2, -1,
    3, -2, 3, -2, 3, 11, -11, -10,
    -9, -11, 12, -1, -2, 8, 0, 7,
    8, 7, 10, 8, 4, 7, 5, 5,
    10, -1, 2, 1, 2, 5, 1, 4,
    -11, -14, -15, 7, 11, -5, -1, -5,
    -3, -4, 0, -10, -9, -18, -2, -2,
    1, 11, 14, -12, -21, 1, -1, -3,
    1, 7, -6, -1, 0, -1, 0, 4,
    1, 4, 5, 1, 1, -1, -3, -5,
    0, -2, 16, 1, -7, -15, -1, 1,
    1, 12, 15, -12, 1, -1, -2, 0,
    1, -2, 1, 4, -4, -1, -2, -3,
    1, -4, 0, 1, -6, -15, -1, 7,
    -7, -22, -14, -20, 1, 5, -17, 4,
    -9, -10, -12, -9, 9, -9, 6, 9,
    -5, -12, -10, 2, 6, 1, 11, -10,
    7, -9, -9, -9, -11, -9, 6, -12,
    -12, -13, 6, 11, -9, -12, 9, 6,
    -9, 5, -13, -7, -1, -6, 9, 13,
    -13, 6, -1, -3, -1, -3, -2, -3,
    -1, -3, -4, -1, -3, -6, -3, -4,
    0, -8, 16, -1, -1, -3, -1, -3,
    -3, -3, -20, 2, 2, 8, -19, 0,
    11, 4, 3, 0, -2, 3, 20, 4,
    -15, 5, -2, 14, -4, -4, -4, -23,
    -21, 47, -28, -16, -3, 47, -28, -16,
    -16, -16, -16, -16, 35, 67, -13, -5,
    44, -9, -12, -5, -3, -16, 38, -4,
    -13, -9, -5, -10, -11, 6, -2, -12,
    -16, -16, -16, -16, -16, -16, -16, -5,
    -5, 27, 3, 5, 4, -2, -2, 0,
    -1, 5, 5, 2, 1, 0, 5, 2,
    -3, 1, 0, -3, -3, -4, 0, -4,
    -9, -8, -8, 11, 16, 7, 3, -2,
    1, -5, 2, -6, 11, -4, 11, 4,
    3, 8, 6, -11, -1, 0, -4, -1,
    -3, 0, -9, 0, 6, 7, 0, -1,
    16, -1, -14, 6, -4, -25, -17, -23,
    2, 6, -15, -6, -7, -7, -9, -6,
    11, -7, -5, 8, 9, -7, -4, 8,
    9, -9, 8, -6, 9, -8, 5, 8,
    3, 2, 4, 11, -10, -6, -6, -6,
    -6, -6, -7, -7, -6, -6, -6, -9,
    -9, -9, -9, -8, 8, 8, 11, -6,
    -7, -7, -6, 9, 9, -9, -8, 9,
    9, 6, 5, 8, 8, -10, -10, -10,
    -14, -8, -7, -6, 6, 10, -18, -6,
    -4, -5, -8, -5, -6, -11, -8, -8,
    -3, -11, -6, -5, -9, -13, -3, -5,
    1, 11, 15, -13, 10, 0, 0, -2,
    0, -2, -1, 5, 6, 5, 5, -1,
    5, 0, 5, 4, 0, 4, -1, -2,
    7, -5, 0, 0, 0, 0, 0, -1,
    -1, 4, 0, 0, 1, 4, 1, -3,
    -3, -1, 0, 0, -5, -13, 2, -15,
    9, 13, -2, -2, -1, -2, 3, 4,
    -1, -2, 3, -4, 3, 5, -2, -2,
    -2, -2, -2, -2, -2, -1, -1, -1,
    -2, -2, -2, -3, 3, -2, -9, 6,
    -4, -14, 3, -15, 10, 14, -12, -1,
    -1, -1, 7, -1, 4, 5, 0, -2,
    4, 5, -2, 2, 4, 6, -7, -1,
    -1, -1, -1, -1, -1, -2, -1, -1,
    -1, -2, -2, -2, -3, 4, -16, -11,
    33, -20, -16, 3, 34, -16, -9, -11,
    -9, -11, -9, 9, -9, -11, -5, 2,
    -9, -3, 3, -1, 15, 17, -9, 3,
    3, 3, 4, 5, 4, 1, 2, 3,
    3, 3, 3, 3, 3, 3, 3, 3,
    3, 1, 1, 1, 0, 3, 2, -11,
    -23, -2, -1, 8, 13, -2, -2, -3,
    -3, -3, -1, -2, -3, -3, 13, 7,
    19, 20, 20, 7, 29, 14, 21, 16,
    22, 22, 22, 23, 19, 23, 20, 25,
    6, -16, -23, -23, -1, 1, 12, 4,
    3, -4, -1, 1, -8, 9, 1, 1,
    0, -2, 0, 2, -16, -3, -11, -14,
    -1, -16, -16, -16, -14, 2, 2, 5,
    -7, -5, -5, -6, -13, -10, -12, -3,
    2, -8, 2, 5, -7, -5, -5, -6,
    -13, -10, -12, -3, 5, 4, 4, 5,
    4, 2, 4, 4, -5, 0, -5, -7,
    2, -5, 0, 2, 2, 5, -7, -5,
    -5, -6, -13, -10, -12, -3, -5, -7,
    -3, 2, 0, 0, 2, 2, 5, -7,
    -5, -5, -6, -11, -11, -11, -3, 2,
    -7, 2, 5, -7, -5, -5, -6, -12,
    -11, -11, -3, 5, 4, 4, 5, 2,
    4, 4, -5, 0, -6, -8, 2, -5,
    2, -8, 2, 5, -7, -5, -5, -6,
    -13, -10, -12, -3, 5, 4, 4, 5,
    4, 2, 4, 4, -5, 0, -5, -7,
    2, -5, -5, -6, -6, 4, -6, 3,
    9, 0, 7, -10, -11, 11, 15, -15,
    9, 0, 7, -11, 9, 0, 7, 9,
    0, 7, -10, -11, 11, 15, -15, 9,
    0, -17, 7, -20, 11, -5, -6, 11,
    -5, -4, -9, -5, 11, -5, -6, 11,
    -4, -5, -4, -9, -5, -29, -18, -29,
    -8, -4, -3, -11, -11, -11, -19, -9,
    -17, -17, -11, -11, -19, -17, -20, -5,
    -8, -12, -8, 2, 1, 5, 2, 1,
    5, 4, 7, 5, 5, 10, -1, 2,
    1, 2, 5, 1, 4, 2, 1, 5,
    2, 1, 0, 3, -7, -2, 1, 1,
    12, 16, -11, -1, 0, 1, 1, -4,
    -1, -3, 2, -5, -1, -2, 2, 0,
    1, 2, 1, 2, -6, -2, -9, -8,
    -8, 11, 16, 7, 3, -2, 1, -5,
    2, -6, 1, 4, 1, -3, -3, -1,
    0, 0, -2, 0, 2, -6, -2, 2,
    -2, 2, 0, 0, 16, 2, 7, 16,
    5, -6, 10, 2, 10, 2, 0, 0,
    -11, -1, -1, -9, -6, -2, 2, -10,
    -9, -11, -11, -9, -14, -3, -12, -11,
    -12, -10, -9, -9, -12, -5, -11, -12,
    -6, 4, 12, 2, 10, 1, 10, 4,
    14, 13, -18, -15, -8, -4, -17, -17,
    -17, -20, -17, -17, -22, -12, -22, -20,
    -22, -21, -17, -17, -17, -17, -20, -8,
    -16, -11, -20, -22, 5, 6, 13, 15,
    0, -8, -13, -15, -5, -1, -3, -5,
    1, -4, -4, -6, -7, -7, 4, -7,
    1, -23, -24, -6, -9, 8, 9, 8,
    -8, 5, 3, -10, -25, -24, 1, 4,
    -6, -9, -6, 8, -8, 8, 3, -6,
    -6, 8, -8, 8, -7, 8, -6, -8,
    -8, -5, -10, 1, 1, 1, -9, -9,
    -10, -14, -12, 1, 1, -9, -9, -12,
    -7, -10, -13, 1, 0, -20, -18, -14,
    -14, -1, -1, -1, -13, -17, -12, -5,
    -1, 3, -5, 3, 3, 3, -8, -9,
    -9, -10, -14, -12, 3, 3, -9, -10,
    -11, -7, -10, -13, 2, 0, -20, -15,
    -14, 0, 0, 0, -2, 0, -1, -1,
    5, 5, -1, 5, 4, 0, 5, 7,
    -5, -1, -1, -1, 5, 7, 5, 4,
    5, -5, -2, 8, 12, -2, 8, 13,
    -2, -2, -3, -1, 9, 12, -1, -4,
    1, 4, 10, -13, -22, 2, 2, -5,
    -6, -3, 7, -5, -5, 0, -8, -12,
    -9, -4, 1, 4, 0, 0, -13, -13,
    -6, -37, -39, -24, -19, 0, -29, -24,
    -19, -19, -29, -12, -29, -29, -27, -19,
    -29, -28, -22, -22, -2, -2, -2, -9,
    -3, 0, 10, -4, 2, 6, 2, 3,
    6, -15, 7, -15, -12, 2, 44, -9,
    -5, 45, -9, -19, -9, -15, -19, -16,
    -19, -12, -22, -19, -12, -1, 1, -2,
    2, 4, 3, -2, -2, 4, -3, 4,
    4, 4, 4, 5, 4, -3, -11, -9,
    -11, -9, -9, -9, -9, -9, -4, -4,
    1, -15, 7, -15, -11, -12, 10, 2,
    -17, 2, -13, -4, -4, 28, -4, -28,
    -28, -13, 14, -15, -13, -2, -10, -2,
    18, 9, -1, -13, -15, -13, -15, -15,
    -5, -3, -3, -3, 1, -5, -17, -16,
    -8, -5, -1, -12, 14, 7, -14, -13,
    -1, 0, -12, 14, 2, -18, -14, -13,
    -14, -13, 32, -14, -9, -14, -15, -14,
    -15, -22, -29, -29, -11, -6, 19, -27,
    -11, -6, -6, 20, -12, -17, -22, -10,
    19, 17, 3, -10, -9, 19, 12, -11,
    3, 7, 3, 7, -10, -1, -10, -10,
    -1, 0, -1, -1, -3, -12, -1, -17,
    -7, -17, -7, 4, 4, 7, 11, 4,
    8, 12, 4, 5, -4, 4, -3, 4,
    4, -7, 14, -1, 4, 8, -4, -4,
    4, 0, 4, 4, 7, 11, 4, 8,
    12, 4, 5, -4, 4, -3, 4, 11,
    4, 5, 0, 1, 4, 1, 8, 7,
    -17, -17, -9, -17, -16, -9, -32, -15,
    -17, -11, -1, -17, 7, -1, 6, -1,
    -1, -1, 4, 8, -5, -4, 5, 2,
    -4, 5, -4, -11, -11, -9, -11, -9,
    -11, -14, -21, -11, -14, -21, 48, -17,
    -16, -13, -16, -16, -16, -16, -16, -6,
    -16, -16, 3, -9, -16, -1, -9, -2,
    1, 0, -8, 0, -1, 0, -1, 8,
    -4, 0, 0, -3, 5, 0, -3, 0,
    4, -4, -25, -28, 3, 6, -11, -15,
    -11, -9, -11, -11, -23, -11, -11, -9,
    -5, -11, 3, -5, -22, -22, -17, -22,
    -17, -22, -22, -4, -12, 11, -4, 11,
    4, 3, 8, 6, -3, -3, 3, -3,
    -3, 4, -5, -14, -15, 6, -12, 5,
    -1, -2, 1, -13, -38, -39, -7, -3,
    -17, -4, -17, -9, 3, -17, -31, -17,
    -15, -17, 4, -13, 0, -17, 9, 0,
    12, -10, 4, 7, 2, -22, -22, -17,
    -22, -17, -9, -22, -9, -22, 0, -9,
    5, -18, 4, -2, -2, 0, 11, 11,
    11, 4, 3, 6, 12, -6, 11, 5,
    4, 7, 5, -18, 4, -2, -2, 0,
    -24, -21, 5, -6, -7, -19, -19, -24,
    -8, 0, -4, 0, -29, -7, 10, -29,
    -27, -27, -27, -27, -37, -37, -27, -29,
    -26, -27, -29, -27, -25, -27, -31, -27,
    -21, -22, -27, -34, -29, -37, 10, 1,
    1, -11, 8, -8, -2, 12, 0, -1,
    -13, 5, -10, -4, 10, 20, 23, -11,
    20, 20, -19, -6, -21, 57, -22, -21,
    -17, -8, -2, -27, -21, 18, -20, -13,
    13, 2, -16, 1, -11, -11, -20, 0,
    -10, 8, -14, -25, -4, 8, -25, -24,
    -22, -22, -22, -34, -34, -22, -27, -21,
    -22, -25, -22, -24, -26, -22, -16, -22,
    -31, -25, -34, 2, -8, 2, 7, 11,
    7, 5, 19, -3, -15, 6, 20, -5,
    5, 3, -3, -13, -12, -5, -3, 19,
    4, 4, 3, 2, 2, -9, -3, 19,
    4, 0, -9, -12, -11, -12, 1, -9,
    -7, -5, -4, -2, 2, -12, -2, 0,
    -9, -13, -12, -10, 2, -7, -7, -5,
    -3, -1, -3, 2, -11, -3, -37, -22,
    -39, -16, -12, -24, -21, 5, -6, -7,
    -19, -19, -24, -8, 0, -4, 0, -29,
    -7, 10, -29, -27, -27, -27, -27, -37,
    -37, -27, -29, -26, -27, -29, -27, -25,
    -27, -31, -27, -21, -22, -27, -34, -29,
    -37, 10, -9, 1, 1, -10, 1, -24,
    0, -2, -1, -7, -1, 0, -2, -3,
    -3, -30, 0, -1, -2, 1, -9, -3,
    0, -5, -9, -1, -8, 3, -7, -3,
    -4, -1, 0, -5, -3, -4, -4, 1,
    22, 25, -9, 22, 22, -17, -5, -17,
    59, -19, -19, -16, -7, 0, -25, -19,
    19, -14, 5, 1, -15, 4, -11, -11,
    -12, -8, 7, -17, -1, 2, -14, -9,
    -9, -28, -17, -28, 3, -11, -13, 9,
    -10, -9, 8, -11, -13, -7, -3, -9,
    -13, 0, -13, -15, -13, -13, -13, -13,
    5, 11, 1, 4, 3, -6, 6, -11,
    -7, -4, 7, -20, 8, 5, -11, -11,
    -16, 5, -9, -10, -12, -8, 1, 6,
    -6, -4, 6, -4, -16, 6, -6, -6,
    7, -10, -4, -9, -6, -8, 6, -5,
    -7, -2, 2, -5, 2, -13, -9, -8,
    5, 5, -8, -5, -8, -12, -5, -9,
    -8, -6, -3, -9, -13, -8, 5, -5,
    5, 6, -29, -18, -29, -8, -4, -27,
    -15, -8, 18, -11, 6, 5, -6, -6,
    -15, 5, 13, -5, 13, -9, -19, 1,
    13, -19, -19, -17, -17, -16, -29, -29,
    -17, -22, -16, -17, -19, -17, -15, -19,
    -21, -17, -11, -17, -26, -19, -29, 8,
    -18, 1, -19, 4, -18, -16, 8, -23,
    -1, 0, -18, -3, -11, -11, 1, 2,
    -10, 1, -23, 0, 0, -8, -1, -2,
    -2, -2, -27, 1, 1, -9, 8, -8,
    -2, 12, 2, 1, -9, 8, -8, -2,
    12, -12, 5, 0, -13, 4, -12, -8,
    6, -1, 1, -14, -9, -14, 5, 1,
    -15, 4, -11, -11, -12, -8, 7, -17,
    0, 2, -14, -9, -9, 3, 5, -1,
    0, 9, 0, -1, -1, 0, -6, 5,
    -6, 4, 0, 3, 3, 6, 0, 9,
    -11, 8, 1, 2, 5, 15, 18, 4,
    1, 3, 4, 5, 1, 4, 1, 8,
    -2, -4, -4, 1, -3, 1, -4, 5,
    2, -1, 0, -3, -1, -1, -1, 4,
    -7, -2, -4, -3, -9, -1, -2, -2,
    1, 0, -16, -8, -16, 59, -16, -16,
    0, -16, 21, 1, 1, -8, 1, 2,
    -5, 7, -8, 5, -11, 3, -12, 8,
    12, -1, -1, -11, -1, 0, -6, 5,
    -7, -3, 4, -5, -1, -4, -3, -1,
    0, 0, -3, 2, -3, -3, 4, 4,
    7, 14, 19, -4, 5, 5, 5, -1,
    3, 5, 5, 4, 5, 6, 0, 3,
    5, 3, 9, -3, 3, -1, 15, 17,
    -5, 3, 2, 3, 0, 1, 3, 3,
    4, 5, 0, 3, 0, -6, -6, -5,
    -5, -14, -5, -4, -11, 1, 1, -12,
    -14, -1, -9, -9, 50, -11, -11, -8,
    -11, 11, -1, -1, -4, -3, -7, 1,
    1, -1, -1, -4, -3, -7, 1, 1,
    -11, -2, 2, 2, -7, -11, 4, 1,
    1, -8, 1, 2, -5, 7, 7, -8,
    5, 3, 1, 2, 3, 4, 1, 3,
    1, -4, -3, -7, 1, 1, 2, 2,
    0, 1, -3, 4, 2, 5, -9, -5,
    -9, 61, -9, -9, 2, -9, 22, 5,
    5, 5, 1, 2, 4, 5, 5, 7,
    7, 2, 5, -24, -17, 10, -2, -3,
    -14, -15, -24, -4, 4, -3, 5, -17,
    -28, -4, 11, -28, -27, -27, -27, -27,
    -37, -37, -27, -28, -26, -27, -28, -27,
    -25, -26, -31, -27, -21, -22, -27, -34,
    -28, -37, 10, -6, -16, -23, -20, -17,
    -19, -20, -16
};

/*Collect the kern pair's data in one place*/
static const lv_font_fmt_txt_kern_pair_t kern_pairs =
{
    .glyph_ids = kern_pair_glyph_ids,
    .values = kern_pair_values,
    .pair_cnt = 3515,
    .glyph_ids_size = 1
};

/*--------------------
 *  ALL CUSTOM DATA
 *--------------------*/

static lv_font_fmt_txt_dsc_t font_dsc = {
    .glyph_bitmap = glyph_bitmap,
    .glyph_dsc = glyph_dsc,
    .cmaps = cmaps,
    .kern_dsc = &kern_pairs,
    .kern_scale = 16,
    .cmap_num = 8,
    .bpp = 1,
    .kern_classes = 0,
    .bitmap_format = 0,
};

/*-----------------
 *  PUBLIC FONT
 *----------------*/

/*Initialize a public general font descriptor*/
lv_font_t Z003_27 = {
    .name = "Z003_27",
    .line_height = 33,          /*The maximum line height required by the font*/
    .base_line = 8,             /*Baseline measured from the bottom of the line*/
    .dsc = &font_dsc,          /*The custom font data. Will be accessed by `get_glyph_bitmap/dsc` */
};

REGISTER_FONT(Z003_27);

#endif /*#if Z003_27*/
