/*******************************************************************************
 * Size: 32 px
 * Bpp: 1
 * Opts: --bpp 1 --size 32 --no-compress --stride 1 --align 1 --font TimesNewRoman.ttf --range 32-1327 --format lvgl -o TimesNewRoman_32.c
 ******************************************************************************/

#include "../fontsdef.h"

 // Range:  0x20-0x52F
 // 0x20 -0x7E  Basic Latin
 // 0xA0 -0xFF  Latin Supplement
 // 0x100-0x17F Latin Extended A
 // 0x38E-0x3CE Greek
 // 0x400-0x45D Cyrillic

#if TFT_FONT == 1 // TIMES NEW ROMAN

/*-----------------
 *    BITMAPS
 *----------------*/

/*Store the image of the glyphs*/
static LV_ATTRIBUTE_LARGE_CONST const uint8_t glyph_bitmap[] = {
    /* U+0020 " " */
    0x0,

    /* U+0021 "!" */
    0x1f, 0xff, 0xff, 0xe9, 0x24, 0x92, 0x40, 0xf,
    0xf8,

    /* U+0022 "\"" */
    0x40, 0x71, 0xf8, 0xfc, 0x7e, 0x3f, 0x1d, 0x4,
    0x82, 0x41, 0x20, 0x80,

    /* U+0023 "#" */
    0x2, 0xc, 0x4, 0x18, 0x18, 0x20, 0x30, 0x40,
    0x40, 0x80, 0x83, 0x1, 0x6, 0x6, 0x8, 0xff,
    0xfe, 0x10, 0x20, 0x20, 0xc0, 0x41, 0x81, 0x82,
    0x3, 0x4, 0x4, 0x8, 0x7f, 0xff, 0x10, 0x60,
    0x60, 0x80, 0xc1, 0x1, 0x2, 0x2, 0xc, 0x4,
    0x18, 0x18, 0x20, 0x0,

    /* U+0024 "$" */
    0x2, 0x0, 0x10, 0x7, 0xf8, 0xe4, 0xe6, 0x23,
    0x71, 0xb, 0x88, 0x5c, 0x42, 0xf2, 0x3, 0xd0,
    0xf, 0x80, 0x3e, 0x0, 0xf8, 0x1, 0xf0, 0xf,
    0xc0, 0x5e, 0x2, 0x78, 0x11, 0xe0, 0x8f, 0x4,
    0x78, 0x23, 0xe1, 0x3b, 0xcb, 0x87, 0xf0, 0x2,
    0x0, 0x10, 0x0,

    /* U+0025 "%" */
    0x0, 0x0, 0x18, 0x1f, 0x0, 0x8, 0x18, 0xc0,
    0x8, 0xc, 0x60, 0xc, 0xe, 0x38, 0x4, 0x7,
    0x1c, 0x4, 0x3, 0x8e, 0x6, 0x1, 0xc7, 0x2,
    0x0, 0xe3, 0x82, 0x0, 0x31, 0x83, 0x0, 0x1d,
    0xc1, 0x0, 0x3, 0xc1, 0x0, 0x0, 0x1, 0x83,
    0xc0, 0x0, 0x83, 0x30, 0x0, 0x83, 0xc, 0x0,
    0x83, 0x87, 0x0, 0x41, 0xc3, 0x80, 0x40, 0xe1,
    0xc0, 0x40, 0x70, 0xe0, 0x20, 0x38, 0x70, 0x20,
    0xc, 0x38, 0x20, 0x7, 0x38, 0x10, 0x1, 0xf8,
    0x10, 0x0, 0x0,

    /* U+0026 "&" */
    0x0, 0x0, 0x0, 0x3, 0xf8, 0x0, 0xe, 0x10,
    0x0, 0x38, 0x30, 0x0, 0x70, 0x60, 0x0, 0xe0,
    0xc0, 0x1, 0xc3, 0x80, 0x3, 0xce, 0x0, 0x7,
    0xb8, 0x0, 0x7, 0xc3, 0xf8, 0xf, 0x3, 0x80,
    0x3e, 0x7, 0x0, 0xde, 0xc, 0x3, 0x1c, 0x18,
    0xc, 0x3c, 0x20, 0x30, 0x3c, 0xc0, 0xe0, 0x3b,
    0x1, 0xc0, 0x7c, 0x3, 0x80, 0x78, 0x7, 0x80,
    0xf8, 0x1f, 0x3, 0xf8, 0x4f, 0xfc, 0xff, 0x8f,
    0xf0, 0x7e, 0x2, 0x0, 0x20,

    /* U+0027 "'" */
    0x5f, 0xff, 0xd2, 0x48,

    /* U+0028 "(" */
    0x0, 0x80, 0x81, 0x81, 0x81, 0x80, 0xc0, 0xc0,
    0x60, 0x70, 0x30, 0x18, 0x1c, 0xe, 0x7, 0x3,
    0x81, 0xc0, 0xe0, 0x70, 0x38, 0x1c, 0x6, 0x3,
    0x80, 0xc0, 0x60, 0x10, 0xc, 0x3, 0x0, 0x80,
    0x20, 0xc,

    /* U+0029 ")" */
    0x80, 0x20, 0xc, 0x3, 0x0, 0x80, 0x60, 0x18,
    0xc, 0x7, 0x1, 0x80, 0xc0, 0x70, 0x38, 0x1c,
    0xe, 0x7, 0x3, 0x81, 0xc0, 0xe0, 0x70, 0x30,
    0x38, 0x18, 0xc, 0x4, 0x6, 0x2, 0x2, 0x2,
    0x6, 0x0,

    /* U+002A "*" */
    0xe, 0x1, 0xc0, 0x38, 0x63, 0x3e, 0x4e, 0xeb,
    0x83, 0x83, 0xfe, 0xe4, 0xf9, 0xcc, 0x38, 0x7,
    0x0, 0xe0,

    /* U+002B "+" */
    0x0, 0x80, 0x0, 0x40, 0x0, 0x20, 0x0, 0x10,
    0x0, 0x8, 0x0, 0x4, 0x0, 0x2, 0x0, 0x1,
    0x0, 0xff, 0xff, 0x80, 0x40, 0x0, 0x20, 0x0,
    0x10, 0x0, 0x8, 0x0, 0x4, 0x0, 0x2, 0x0,
    0x1, 0x0, 0x0, 0x80, 0x0,

    /* U+002C "," */
    0x77, 0xde, 0x10, 0x88, 0x98,

    /* U+002D "-" */
    0xff, 0xff,

    /* U+002E "." */
    0xff, 0x80,

    /* U+002F "/" */
    0x0, 0x80, 0x80, 0x40, 0x20, 0x20, 0x10, 0x8,
    0x8, 0x4, 0x2, 0x2, 0x1, 0x0, 0x80, 0x80,
    0x40, 0x20, 0x20, 0x10, 0x8, 0x8, 0x4, 0x2,
    0x2, 0x0,

    /* U+0030 "0" */
    0x0, 0x0, 0x3f, 0x1, 0x86, 0xc, 0xc, 0x30,
    0x31, 0xc0, 0xe6, 0x1, 0xb8, 0x7, 0xe0, 0x1f,
    0x80, 0x7e, 0x1, 0xf8, 0x7, 0xe0, 0x1f, 0x80,
    0x7e, 0x1, 0xf8, 0x7, 0x60, 0x19, 0x80, 0xe7,
    0x3, 0x8c, 0xc, 0x38, 0x60, 0x63, 0x80, 0x78,
    0x0,

    /* U+0031 "1" */
    0xc, 0x1e, 0x3f, 0x3, 0x81, 0xc0, 0xe0, 0x70,
    0x38, 0x1c, 0xe, 0x7, 0x3, 0x81, 0xc0, 0xe0,
    0x70, 0x38, 0x1c, 0xe, 0x7, 0x3, 0x81, 0xc7,
    0xfc,

    /* U+0032 "2" */
    0x0, 0x0, 0x7f, 0x3, 0xfe, 0x8, 0x3c, 0x40,
    0x79, 0x0, 0xe0, 0x3, 0x80, 0xe, 0x0, 0x38,
    0x0, 0xc0, 0x7, 0x0, 0x18, 0x0, 0xe0, 0x3,
    0x0, 0x18, 0x0, 0xc0, 0x2, 0x0, 0x18, 0x0,
    0xc0, 0x6, 0x1, 0x30, 0xd, 0xff, 0xef, 0xff,
    0x80,

    /* U+0033 "3" */
    0x0, 0x0, 0xfe, 0xf, 0xf8, 0x41, 0xe4, 0x7,
    0x0, 0x38, 0x1, 0xc0, 0xc, 0x0, 0xc0, 0x4,
    0x0, 0x70, 0x1f, 0xc0, 0x1f, 0x0, 0x7c, 0x1,
    0xe0, 0x7, 0x0, 0x38, 0x1, 0xc0, 0xc, 0x0,
    0x60, 0x6, 0x78, 0x61, 0xfc, 0x0,

    /* U+0034 "4" */
    0x0, 0x30, 0x1, 0xc0, 0xf, 0x0, 0x3c, 0x1,
    0x70, 0xd, 0xc0, 0x67, 0x1, 0x1c, 0x8, 0x70,
    0x61, 0xc1, 0x7, 0x8, 0x1c, 0x60, 0x73, 0x1,
    0xcf, 0xff, 0xff, 0xff, 0x0, 0x70, 0x1, 0xc0,
    0x7, 0x0, 0x1c, 0x0, 0x70, 0x1, 0xc0,

    /* U+0035 "5" */
    0x7, 0xf0, 0xfe, 0x8, 0x1, 0x0, 0x10, 0x3,
    0x80, 0x3f, 0x7, 0xf8, 0xf, 0xc0, 0x3e, 0x0,
    0xe0, 0x7, 0x0, 0x70, 0x3, 0x0, 0x30, 0x3,
    0x0, 0x20, 0x2, 0x0, 0x4c, 0x4, 0xf1, 0x87,
    0xe0,

    /* U+0036 "6" */
    0x0, 0x8, 0x7, 0x80, 0xc0, 0xc, 0x0, 0xc0,
    0xc, 0x0, 0xe0, 0x6, 0x0, 0x70, 0x3, 0xbe,
    0x3e, 0x39, 0xc0, 0xee, 0x7, 0x70, 0x1f, 0x80,
    0xfc, 0x7, 0xe0, 0x3f, 0x1, 0xdc, 0xc, 0xe0,
    0x63, 0x6, 0xc, 0x60, 0x3e, 0x0,

    /* U+0037 "7" */
    0x7f, 0xfb, 0xff, 0xd0, 0xd, 0x0, 0x60, 0x3,
    0x0, 0x30, 0x1, 0x80, 0xc, 0x0, 0xc0, 0x6,
    0x0, 0x30, 0x3, 0x0, 0x18, 0x0, 0xc0, 0x4,
    0x0, 0x60, 0x3, 0x0, 0x10, 0x1, 0x80, 0xc,
    0x0, 0x40, 0x6, 0x0,

    /* U+0038 "8" */
    0x0, 0x3, 0xf8, 0x70, 0xce, 0x6, 0xe0, 0x6e,
    0x6, 0xe0, 0x6f, 0xc, 0x78, 0xc3, 0xd8, 0x1e,
    0x0, 0xf0, 0x1b, 0x83, 0x1c, 0x70, 0xee, 0x7,
    0xe0, 0x7e, 0x3, 0xe0, 0x3e, 0x3, 0x70, 0x63,
    0x8c, 0x1f, 0x80,

    /* U+0039 "9" */
    0x2, 0x0, 0xfe, 0xc, 0x38, 0xe0, 0xc6, 0x7,
    0x70, 0x1b, 0x80, 0xfc, 0x7, 0xe0, 0x3f, 0x1,
    0xfc, 0xe, 0xe0, 0x73, 0x8f, 0x8f, 0xb8, 0x1,
    0xc0, 0xe, 0x0, 0xe0, 0x6, 0x0, 0x70, 0x7,
    0x0, 0x70, 0xe, 0x3, 0xc0, 0x0,

    /* U+003A ":" */
    0xff, 0x80, 0x0, 0x0, 0xf, 0xf8,

    /* U+003B ";" */
    0x73, 0x9c, 0x0, 0x0, 0x0, 0x0, 0x0, 0x7,
    0x7d, 0xe1, 0x8, 0x89, 0x80,

    /* U+003C "<" */
    0x0, 0x0, 0x0, 0x1, 0xc0, 0x3, 0x80, 0x7,
    0x0, 0x1e, 0x0, 0x38, 0x0, 0x70, 0x0, 0xe0,
    0x0, 0xe0, 0x0, 0x1c, 0x0, 0x3, 0xc0, 0x0,
    0x38, 0x0, 0x7, 0x0, 0x0, 0xf0, 0x0, 0x1e,
    0x0, 0x1,

    /* U+003D "=" */
    0xff, 0xff, 0x80, 0x0, 0x0, 0x0, 0x0, 0x0,
    0x0, 0x0, 0x7, 0xff, 0xfc,

    /* U+003E ">" */
    0x0, 0x0, 0x70, 0x0, 0xe, 0x0, 0x1, 0xc0,
    0x0, 0x38, 0x0, 0x7, 0x80, 0x0, 0x70, 0x0,
    0xe, 0x0, 0x3, 0x80, 0x7, 0x0, 0xe, 0x0,
    0x38, 0x0, 0x70, 0x0, 0xe0, 0x3, 0xc0, 0x1,
    0x0, 0x0,

    /* U+003F "?" */
    0x0, 0x3, 0xfc, 0x60, 0xec, 0xe, 0xc0, 0x7e,
    0x7, 0xe0, 0x74, 0x7, 0x0, 0xe0, 0xe, 0x1,
    0xc0, 0x18, 0x3, 0x0, 0x20, 0x6, 0x0, 0x40,
    0x4, 0x0, 0x40, 0x0, 0x0, 0x0, 0xe, 0x0,
    0xe0, 0xe, 0x0,

    /* U+0040 "@" */
    0x0, 0x1f, 0xc0, 0x0, 0x1c, 0x7, 0x0, 0x6,
    0x0, 0x30, 0x3, 0x0, 0x1, 0x0, 0xc0, 0x0,
    0x10, 0x30, 0x0, 0x1, 0x4, 0x0, 0x0, 0x21,
    0x0, 0x0, 0x6, 0x20, 0x7, 0x98, 0x48, 0x3,
    0x8b, 0x9, 0x0, 0xe0, 0xe1, 0x20, 0x38, 0x18,
    0x28, 0xe, 0x7, 0x5, 0x1, 0xc0, 0xe0, 0xa0,
    0x70, 0x18, 0x24, 0xe, 0x7, 0x4, 0x83, 0x80,
    0xe0, 0x90, 0x70, 0x38, 0x22, 0xe, 0xf, 0x4,
    0x41, 0xe2, 0xe1, 0x4, 0x3f, 0x9c, 0x42, 0x83,
    0xc1, 0xf0, 0xd0, 0x0, 0x0, 0x11, 0x0, 0x0,
    0x4, 0x10, 0x0, 0x1, 0x83, 0x0, 0x0, 0x60,
    0x30, 0x0, 0x18, 0x1, 0x0, 0x6, 0x0, 0x1c,
    0x7, 0x0, 0x0, 0x7f, 0x80, 0x0,

    /* U+0041 "A" */
    0x0, 0x20, 0x0, 0x0, 0xc0, 0x0, 0x3, 0x0,
    0x0, 0x1e, 0x0, 0x0, 0x78, 0x0, 0x3, 0xf0,
    0x0, 0xd, 0xc0, 0x0, 0x67, 0x0, 0x1, 0x9e,
    0x0, 0x4, 0x38, 0x0, 0x30, 0xf0, 0x0, 0x81,
    0xc0, 0x6, 0x7, 0x0, 0x18, 0x1e, 0x0, 0xff,
    0xf8, 0x3, 0x0, 0xf0, 0x8, 0x1, 0xc0, 0x60,
    0x7, 0x81, 0x0, 0xe, 0xc, 0x0, 0x38, 0x70,
    0x0, 0xf3, 0xf0, 0xf, 0xf0,

    /* U+0042 "B" */
    0xff, 0xfc, 0x3, 0x81, 0xe0, 0x70, 0xe, 0xe,
    0x1, 0xc1, 0xc0, 0x1c, 0x38, 0x3, 0x87, 0x0,
    0x70, 0xe0, 0xe, 0x1c, 0x3, 0x83, 0x80, 0xe0,
    0x7f, 0xf8, 0xe, 0x7, 0x81, 0xc0, 0x3c, 0x38,
    0x3, 0x87, 0x0, 0x38, 0xe0, 0x7, 0x1c, 0x0,
    0xe3, 0x80, 0x1c, 0x70, 0x7, 0xe, 0x0, 0xe1,
    0xc0, 0x78, 0xff, 0xfc, 0x0,

    /* U+0043 "C" */
    0x0, 0x0, 0x20, 0x7f, 0xcc, 0x18, 0x7, 0x8e,
    0x0, 0x71, 0x80, 0x6, 0x60, 0x0, 0xdc, 0x0,
    0xb, 0x80, 0x1, 0x60, 0x0, 0x1c, 0x0, 0x3,
    0x80, 0x0, 0x70, 0x0, 0xe, 0x0, 0x1, 0xc0,
    0x0, 0x38, 0x0, 0x7, 0x0, 0x0, 0x60, 0x0,
    0xe, 0x0, 0x0, 0xc0, 0x0, 0x9c, 0x0, 0x21,
    0xc0, 0xc, 0x1c, 0x3, 0x0, 0xff, 0x80, 0x1,
    0x0,

    /* U+0044 "D" */
    0x7f, 0xfc, 0x0, 0xe0, 0x78, 0x7, 0x0, 0xf0,
    0x38, 0x3, 0xc1, 0xc0, 0xe, 0xe, 0x0, 0x38,
    0x70, 0x1, 0xc3, 0x80, 0x7, 0x1c, 0x0, 0x38,
    0xe0, 0x1, 0xc7, 0x0, 0xe, 0x38, 0x0, 0x71,
    0xc0, 0x3, 0x8e, 0x0, 0x1c, 0x70, 0x0, 0xe3,
    0x80, 0xe, 0x1c, 0x0, 0x70, 0xe0, 0x7, 0x7,
    0x0, 0x70, 0x38, 0x7, 0x1, 0xc0, 0xf0, 0x3f,
    0xfc, 0x0,

    /* U+0045 "E" */
    0x7f, 0xff, 0x87, 0x0, 0x61, 0xc0, 0x18, 0x70,
    0x2, 0x1c, 0x0, 0x87, 0x0, 0x1, 0xc0, 0x0,
    0x70, 0x8, 0x1c, 0x2, 0x7, 0x1, 0x81, 0xff,
    0xe0, 0x70, 0x18, 0x1c, 0x2, 0x7, 0x0, 0x81,
    0xc0, 0x0, 0x70, 0x0, 0x1c, 0x0, 0x47, 0x0,
    0x11, 0xc0, 0xc, 0x70, 0x2, 0x1c, 0x3, 0x9f,
    0xff, 0xe0,

    /* U+0046 "F" */
    0x7f, 0xff, 0x1c, 0x7, 0x1c, 0x1, 0x1c, 0x1,
    0x1c, 0x1, 0x1c, 0x0, 0x1c, 0x0, 0x1c, 0x8,
    0x1c, 0x8, 0x1c, 0x18, 0x1f, 0xf8, 0x1c, 0x18,
    0x1c, 0x8, 0x1c, 0x8, 0x1c, 0x0, 0x1c, 0x0,
    0x1c, 0x0, 0x1c, 0x0, 0x1c, 0x0, 0x1c, 0x0,
    0x3e, 0x0, 0xff, 0x80,

    /* U+0047 "G" */
    0x0, 0x0, 0x0, 0x1f, 0xfa, 0x1, 0x80, 0x78,
    0x18, 0x1, 0xc1, 0x80, 0x6, 0x18, 0x0, 0x11,
    0xc0, 0x0, 0x8e, 0x0, 0x0, 0x60, 0x0, 0x7,
    0x0, 0x0, 0x38, 0x0, 0x1, 0xc0, 0xf, 0xfe,
    0x0, 0x1f, 0x70, 0x0, 0x73, 0x80, 0x3, 0x9e,
    0x0, 0x1c, 0x70, 0x0, 0xe3, 0x80, 0x7, 0xe,
    0x0, 0x38, 0x70, 0x1, 0xc1, 0xc0, 0xe, 0x3,
    0x80, 0x70, 0xf, 0xfe, 0x0, 0x2, 0x0,

    /* U+0048 "H" */
    0xff, 0x87, 0xfc, 0xf8, 0x7, 0xc1, 0xc0, 0xe,
    0x7, 0x0, 0x38, 0x1c, 0x0, 0xe0, 0x70, 0x3,
    0x81, 0xc0, 0xe, 0x7, 0x0, 0x38, 0x1c, 0x0,
    0xe0, 0x70, 0x3, 0x81, 0xc0, 0xe, 0x7, 0xff,
    0xf8, 0x1c, 0x0, 0xe0, 0x70, 0x3, 0x81, 0xc0,
    0xe, 0x7, 0x0, 0x38, 0x1c, 0x0, 0xe0, 0x70,
    0x3, 0x81, 0xc0, 0xe, 0x7, 0x0, 0x38, 0x3e,
    0x1, 0xf3, 0xfe, 0x1f, 0xf0,

    /* U+0049 "I" */
    0xff, 0x9f, 0x7, 0x3, 0x81, 0xc0, 0xe0, 0x70,
    0x38, 0x1c, 0xe, 0x7, 0x3, 0x81, 0xc0, 0xe0,
    0x70, 0x38, 0x1c, 0xe, 0x7, 0x3, 0x83, 0xe7,
    0xfc,

    /* U+004A "J" */
    0x1f, 0xf0, 0x7c, 0x3, 0x80, 0x38, 0x3, 0x80,
    0x38, 0x3, 0x80, 0x38, 0x3, 0x80, 0x38, 0x3,
    0x80, 0x38, 0x3, 0x80, 0x38, 0x3, 0x80, 0x38,
    0x3, 0x80, 0x38, 0x3, 0x86, 0x30, 0x73, 0x7,
    0xe0, 0x10, 0x0,

    /* U+004B "K" */
    0xff, 0x8f, 0xf0, 0x7c, 0x7, 0x80, 0x70, 0xe,
    0x0, 0xe0, 0x30, 0x1, 0xc0, 0xc0, 0x3, 0x83,
    0x0, 0x7, 0xc, 0x0, 0xe, 0x30, 0x0, 0x1c,
    0xc0, 0x0, 0x3b, 0x0, 0x0, 0x7f, 0x0, 0x0,
    0xff, 0x0, 0x1, 0xdf, 0x0, 0x3, 0x9f, 0x0,
    0x7, 0xf, 0x0, 0xe, 0xf, 0x0, 0x1c, 0xf,
    0x0, 0x38, 0xf, 0x0, 0x70, 0xf, 0x0, 0xe0,
    0x1f, 0x3, 0xe0, 0x3f, 0x9f, 0xf0, 0xff, 0xc0,

    /* U+004C "L" */
    0xff, 0xc0, 0xf, 0x80, 0x1, 0xc0, 0x0, 0x70,
    0x0, 0x1c, 0x0, 0x7, 0x0, 0x1, 0xc0, 0x0,
    0x70, 0x0, 0x1c, 0x0, 0x7, 0x0, 0x1, 0xc0,
    0x0, 0x70, 0x0, 0x1c, 0x0, 0x7, 0x0, 0x1,
    0xc0, 0x0, 0x70, 0x0, 0x1c, 0x0, 0x7, 0x0,
    0x11, 0xc0, 0x4, 0x70, 0x2, 0x1c, 0x1, 0x9f,
    0xff, 0xe0,

    /* U+004D "M" */
    0xfc, 0x0, 0x7, 0xe7, 0x80, 0x1, 0xf0, 0x78,
    0x0, 0x3c, 0xf, 0x0, 0xf, 0x81, 0xf0, 0x1,
    0xf0, 0x2e, 0x0, 0x2e, 0x5, 0xe0, 0xd, 0xc0,
    0x9c, 0x1, 0x38, 0x13, 0xc0, 0x67, 0x2, 0x38,
    0x8, 0xe0, 0x47, 0x3, 0x1c, 0x8, 0x70, 0x63,
    0x81, 0xe, 0x18, 0x70, 0x21, 0xe3, 0xe, 0x4,
    0x1c, 0xc1, 0xc0, 0x83, 0xd8, 0x38, 0x10, 0x3a,
    0x7, 0x2, 0x7, 0xc0, 0xe0, 0x40, 0x70, 0x1c,
    0x8, 0xe, 0x3, 0x83, 0x80, 0x80, 0xf9, 0xfc,
    0x10, 0x7f, 0xc0,

    /* U+004E "N" */
    0xfc, 0x0, 0xfe, 0x7c, 0x0, 0x70, 0x78, 0x0,
    0x40, 0x78, 0x0, 0x80, 0xf8, 0x1, 0x1, 0x78,
    0x2, 0x2, 0xf8, 0x4, 0x4, 0xf8, 0x8, 0x8,
    0xf0, 0x10, 0x10, 0xf0, 0x20, 0x20, 0xf0, 0x40,
    0x40, 0xf0, 0x80, 0x81, 0xf1, 0x1, 0x1, 0xf2,
    0x2, 0x1, 0xf4, 0x4, 0x1, 0xe8, 0x8, 0x1,
    0xf0, 0x10, 0x1, 0xe0, 0x20, 0x1, 0xc0, 0x40,
    0x3, 0x81, 0xc0, 0x3, 0xf, 0xe0, 0x2, 0x0,

    /* U+004F "O" */
    0x0, 0x20, 0x0, 0x3f, 0xc0, 0xc, 0x7, 0x1,
    0x80, 0x18, 0x38, 0x1, 0xc3, 0x0, 0xc, 0x70,
    0x0, 0xe6, 0x0, 0xe, 0xe0, 0x0, 0x7e, 0x0,
    0x7, 0xe0, 0x0, 0x7e, 0x0, 0x7, 0xe0, 0x0,
    0x7e, 0x0, 0x7, 0xe0, 0x0, 0x7e, 0x0, 0x7,
    0x70, 0x0, 0x67, 0x0, 0xe, 0x30, 0x0, 0xc3,
    0x80, 0x1c, 0x18, 0x1, 0x80, 0xe0, 0x70, 0x3,
    0xfc, 0x0, 0x4, 0x0,

    /* U+0050 "P" */
    0xff, 0xf0, 0x3f, 0xfc, 0x1c, 0x1e, 0x1c, 0xe,
    0x1c, 0x7, 0x1c, 0x7, 0x1c, 0x7, 0x1c, 0x7,
    0x1c, 0x7, 0x1c, 0xe, 0x1c, 0x1c, 0x1f, 0xf0,
    0x1c, 0x0, 0x1c, 0x0, 0x1c, 0x0, 0x1c, 0x0,
    0x1c, 0x0, 0x1c, 0x0, 0x1c, 0x0, 0x1c, 0x0,
    0x3e, 0x0, 0xff, 0x80,

    /* U+0051 "Q" */
    0x0, 0x20, 0x0, 0x3f, 0xc0, 0xe, 0x7, 0x1,
    0x80, 0x18, 0x38, 0x1, 0xc3, 0x0, 0xc, 0x70,
    0x0, 0xe6, 0x0, 0x6, 0xe0, 0x0, 0x7e, 0x0,
    0x7, 0xe0, 0x0, 0x7e, 0x0, 0x7, 0xe0, 0x0,
    0x7e, 0x0, 0x7, 0xe0, 0x0, 0x76, 0x0, 0x6,
    0x70, 0x0, 0xe7, 0x0, 0xc, 0x38, 0x1, 0xc1,
    0x80, 0x18, 0xc, 0x3, 0x0, 0x79, 0xc0, 0x1,
    0xf0, 0x0, 0xf, 0x80, 0x0, 0x3c, 0x0, 0x1,
    0xc0, 0x0, 0x7, 0x0, 0x0, 0x1c, 0x0, 0x0,
    0x30,

    /* U+0052 "R" */
    0x7f, 0xf0, 0x0, 0xe0, 0xe0, 0x7, 0x3, 0x80,
    0x38, 0x1e, 0x1, 0xc0, 0x70, 0xe, 0x3, 0x80,
    0x70, 0x1c, 0x3, 0x80, 0xe0, 0x1c, 0xe, 0x0,
    0xe0, 0xf0, 0x7, 0xf, 0x0, 0x3f, 0xe0, 0x1,
    0xcf, 0x0, 0xe, 0x3c, 0x0, 0x70, 0xe0, 0x3,
    0x83, 0x80, 0x1c, 0x1e, 0x0, 0xe0, 0x70, 0x7,
    0x1, 0xc0, 0x38, 0xf, 0x3, 0xe0, 0x3e, 0x7f,
    0xc0, 0xfc,

    /* U+0053 "S" */
    0x0, 0x0, 0x7f, 0xc7, 0x7, 0x18, 0xc, 0xe0,
    0x13, 0x80, 0x4e, 0x1, 0x3c, 0x0, 0xfc, 0x1,
    0xf8, 0x3, 0xf8, 0x7, 0xf0, 0xf, 0xf0, 0xf,
    0xe0, 0xf, 0x80, 0x1f, 0x80, 0x3e, 0x0, 0x78,
    0x1, 0xf0, 0x7, 0xc0, 0x1b, 0x80, 0xcf, 0xfe,
    0x20, 0x40,

    /* U+0054 "T" */
    0xff, 0xff, 0xf0, 0x70, 0x78, 0x1c, 0xe, 0x7,
    0x1, 0x1, 0xc0, 0x40, 0x70, 0x0, 0x1c, 0x0,
    0x7, 0x0, 0x1, 0xc0, 0x0, 0x70, 0x0, 0x1c,
    0x0, 0x7, 0x0, 0x1, 0xc0, 0x0, 0x70, 0x0,
    0x1c, 0x0, 0x7, 0x0, 0x1, 0xc0, 0x0, 0x70,
    0x0, 0x1c, 0x0, 0x7, 0x0, 0x3, 0xe0, 0x3,
    0xfe, 0x0,

    /* U+0055 "U" */
    0xff, 0x81, 0xfc, 0xf8, 0x1, 0xc1, 0xc0, 0x2,
    0x7, 0x0, 0x8, 0x1c, 0x0, 0x20, 0x70, 0x0,
    0x81, 0xc0, 0x2, 0x7, 0x0, 0x8, 0x1c, 0x0,
    0x20, 0x70, 0x0, 0x81, 0xc0, 0x2, 0x7, 0x0,
    0x8, 0x1c, 0x0, 0x20, 0x70, 0x0, 0x81, 0xc0,
    0x2, 0x7, 0x0, 0x8, 0x1c, 0x0, 0x20, 0x70,
    0x0, 0x80, 0xe0, 0x4, 0x3, 0x80, 0x10, 0x7,
    0x1, 0x80, 0xf, 0xf8, 0x0, 0x2, 0x0, 0x0,

    /* U+0056 "V" */
    0xff, 0x0, 0xfc, 0xf0, 0x0, 0xc1, 0xc0, 0x3,
    0x7, 0x0, 0x8, 0xe, 0x0, 0x60, 0x38, 0x1,
    0x0, 0xf0, 0xc, 0x1, 0xc0, 0x30, 0x7, 0x0,
    0x80, 0xe, 0x6, 0x0, 0x38, 0x10, 0x0, 0x70,
    0xc0, 0x1, 0xc3, 0x0, 0x7, 0x88, 0x0, 0xe,
    0x60, 0x0, 0x39, 0x0, 0x0, 0x7c, 0x0, 0x1,
    0xe0, 0x0, 0x3, 0x80, 0x0, 0xe, 0x0, 0x0,
    0x30, 0x0, 0x0, 0x40, 0x0,

    /* U+0057 "W" */
    0xff, 0x3f, 0xe0, 0xfc, 0xf0, 0x3e, 0x0, 0xc1,
    0xc0, 0x78, 0x3, 0x7, 0x1, 0xe0, 0x8, 0x1e,
    0x3, 0x80, 0x60, 0x38, 0xe, 0x1, 0x80, 0xe0,
    0x3c, 0x4, 0x1, 0xc0, 0xf0, 0x30, 0x7, 0x3,
    0xc0, 0xc0, 0x1c, 0xb, 0x82, 0x0, 0x38, 0x6e,
    0x18, 0x0, 0xe1, 0x38, 0x60, 0x3, 0x84, 0x71,
    0x0, 0x7, 0x31, 0xcc, 0x0, 0x1c, 0x87, 0x20,
    0x0, 0x76, 0xe, 0x80, 0x0, 0xf8, 0x3e, 0x0,
    0x3, 0xc0, 0xf0, 0x0, 0xf, 0x1, 0xc0, 0x0,
    0x18, 0x7, 0x0, 0x0, 0x60, 0x18, 0x0, 0x1,
    0x80, 0x20, 0x0, 0x0, 0x0, 0x80, 0x0,

    /* U+0058 "X" */
    0xff, 0xc3, 0xfc, 0xfc, 0x3, 0xc1, 0xf0, 0xc,
    0x3, 0xc0, 0x30, 0x7, 0x81, 0x80, 0xe, 0xc,
    0x0, 0x1c, 0x60, 0x0, 0x79, 0x0, 0x0, 0xec,
    0x0, 0x1, 0xe0, 0x0, 0x7, 0x80, 0x0, 0x1f,
    0x0, 0x0, 0x5c, 0x0, 0x2, 0x78, 0x0, 0x18,
    0xf0, 0x0, 0xc1, 0xc0, 0x6, 0x7, 0x80, 0x10,
    0xf, 0x0, 0xc0, 0x3c, 0x6, 0x0, 0x78, 0x78,
    0x1, 0xf3, 0xf8, 0x1f, 0xf0,

    /* U+0059 "Y" */
    0xff, 0x81, 0xfe, 0x7c, 0x0, 0xf0, 0x78, 0x1,
    0xc0, 0x70, 0x3, 0x0, 0xf0, 0x4, 0x0, 0xf0,
    0x18, 0x0, 0xe0, 0x60, 0x1, 0xe0, 0x80, 0x1,
    0xe3, 0x0, 0x1, 0xcc, 0x0, 0x3, 0xd0, 0x0,
    0x3, 0xe0, 0x0, 0x3, 0x80, 0x0, 0x7, 0x0,
    0x0, 0xe, 0x0, 0x0, 0x1c, 0x0, 0x0, 0x38,
    0x0, 0x0, 0x70, 0x0, 0x0, 0xe0, 0x0, 0x1,
    0xc0, 0x0, 0x7, 0xc0, 0x0, 0x3f, 0xe0, 0x0,

    /* U+005A "Z" */
    0x3f, 0xff, 0xcc, 0x1, 0xe2, 0x0, 0x70, 0x80,
    0x3c, 0x20, 0x1e, 0x0, 0x7, 0x0, 0x3, 0xc0,
    0x1, 0xe0, 0x0, 0x70, 0x0, 0x3c, 0x0, 0x1e,
    0x0, 0x7, 0x0, 0x3, 0xc0, 0x1, 0xe0, 0x0,
    0x70, 0x0, 0x3c, 0x0, 0x1e, 0x0, 0x7, 0x0,
    0x13, 0xc0, 0x5, 0xe0, 0x3, 0x70, 0x1, 0xff,
    0xff, 0xe0,

    /* U+005B "[" */
    0xff, 0xe0, 0xe0, 0xe0, 0xe0, 0xe0, 0xe0, 0xe0,
    0xe0, 0xe0, 0xe0, 0xe0, 0xe0, 0xe0, 0xe0, 0xe0,
    0xe0, 0xe0, 0xe0, 0xe0, 0xe0, 0xe0, 0xe0, 0xe0,
    0xe0, 0xe0, 0xe0, 0xff,

    /* U+005C "\\" */
    0x80, 0x20, 0x10, 0x8, 0x2, 0x1, 0x0, 0x80,
    0x20, 0x10, 0x8, 0x2, 0x1, 0x0, 0x80, 0x20,
    0x10, 0x8, 0x2, 0x1, 0x0, 0x80, 0x20, 0x10,
    0x8, 0x2,

    /* U+005D "]" */
    0xff, 0x7, 0x7, 0x7, 0x7, 0x7, 0x7, 0x7,
    0x7, 0x7, 0x7, 0x7, 0x7, 0x7, 0x7, 0x7,
    0x7, 0x7, 0x7, 0x7, 0x7, 0x7, 0x7, 0x7,
    0x7, 0x7, 0x7, 0xff,

    /* U+005E "^" */
    0x2, 0x0, 0x10, 0x1, 0xc0, 0xb, 0x0, 0x88,
    0xc, 0x60, 0x41, 0x6, 0xc, 0x20, 0x23, 0x0,
    0xb0, 0x7, 0x0, 0x10,

    /* U+005F "_" */
    0xff, 0xff, 0x80,

    /* U+0060 "`" */
    0xe3, 0x8c, 0x61, 0x84,

    /* U+0061 "a" */
    0x1f, 0x83, 0x8e, 0x38, 0x39, 0xc1, 0xce, 0xe,
    0x0, 0xf0, 0x1b, 0x83, 0x1c, 0x70, 0xe7, 0x7,
    0x38, 0x39, 0xc1, 0xcf, 0x1e, 0xbf, 0x78, 0xe3,
    0x80,

    /* U+0062 "b" */
    0x18, 0x0, 0xf0, 0x2, 0xe0, 0x1, 0xc0, 0x3,
    0x80, 0x7, 0x0, 0xe, 0x0, 0x1c, 0x0, 0x39,
    0xf0, 0x77, 0xf0, 0xf0, 0xf1, 0xc0, 0xe3, 0x81,
    0xe7, 0x1, 0xce, 0x3, 0x9c, 0x7, 0x38, 0xe,
    0x70, 0x1c, 0xe0, 0x31, 0xc0, 0xe3, 0x81, 0x87,
    0x86, 0x3, 0xf0, 0x0,

    /* U+0063 "c" */
    0xf, 0x81, 0x8e, 0x30, 0xe6, 0x7, 0xe0, 0x6e,
    0x0, 0xe0, 0xe, 0x0, 0xe0, 0xf, 0x1, 0xf0,
    0x17, 0x82, 0x7c, 0x63, 0xfc, 0xf, 0x0,

    /* U+0064 "d" */
    0x0, 0x18, 0x0, 0xf0, 0x2, 0xe0, 0x1, 0xc0,
    0x3, 0x80, 0x7, 0x0, 0xe, 0x0, 0x1c, 0x7,
    0xb8, 0x31, 0xf0, 0xc1, 0xe3, 0x81, 0xc6, 0x3,
    0x9c, 0x7, 0x38, 0xe, 0x70, 0x1c, 0xe0, 0x39,
    0xc0, 0x73, 0xc0, 0xe3, 0x81, 0xc7, 0xc7, 0xc7,
    0xf7, 0xc3, 0xcc, 0x0,

    /* U+0065 "e" */
    0xf, 0x83, 0x1c, 0x60, 0xe4, 0x7, 0xc0, 0x7f,
    0xff, 0xc0, 0xc, 0x0, 0xc0, 0xe, 0x0, 0xe0,
    0x17, 0x2, 0x78, 0x63, 0xfc, 0xf, 0x80,

    /* U+0066 "f" */
    0x3, 0xe0, 0x33, 0x83, 0xc, 0x18, 0x21, 0xc0,
    0xe, 0x0, 0x70, 0x3, 0x80, 0xff, 0x80, 0xe0,
    0x7, 0x0, 0x38, 0x1, 0xc0, 0xe, 0x0, 0x70,
    0x3, 0x80, 0x1c, 0x0, 0xe0, 0x7, 0x0, 0x38,
    0x1, 0xc0, 0x1f, 0x3, 0xfe, 0x0,

    /* U+0067 "g" */
    0xf, 0x80, 0x63, 0xf3, 0xe, 0x1c, 0x1c, 0x70,
    0x71, 0xc1, 0xc7, 0x7, 0x1e, 0x18, 0x38, 0xe0,
    0x7e, 0x3, 0x0, 0xc, 0x0, 0x70, 0x1, 0xff,
    0xc1, 0xff, 0x88, 0x3, 0x40, 0x7, 0x0, 0x1e,
    0x0, 0xbc, 0x6, 0x7f, 0xe0, 0x7e, 0x0,

    /* U+0068 "h" */
    0x18, 0x0, 0xf0, 0x2, 0xe0, 0x1, 0xc0, 0x3,
    0x80, 0x7, 0x0, 0xe, 0x0, 0x1c, 0x0, 0x38,
    0xe0, 0x77, 0xe0, 0xf9, 0xe1, 0xc1, 0xc3, 0x83,
    0x87, 0x7, 0xe, 0xe, 0x1c, 0x1c, 0x38, 0x38,
    0x70, 0x70, 0xe0, 0xe1, 0xc1, 0xc3, 0x83, 0x87,
    0x7, 0x3f, 0xbf, 0x80,

    /* U+0069 "i" */
    0x38, 0x70, 0xe0, 0x0, 0x0, 0x0, 0x0, 0x19,
    0xf0, 0xe1, 0xc3, 0x87, 0xe, 0x1c, 0x38, 0x70,
    0xe1, 0xc3, 0x87, 0x3f, 0x80,

    /* U+006A "j" */
    0x3, 0x81, 0xc0, 0xe0, 0x0, 0x0, 0x0, 0x0,
    0x0, 0x1, 0x83, 0xc2, 0xe0, 0x70, 0x38, 0x1c,
    0xe, 0x7, 0x3, 0x81, 0xc0, 0xe0, 0x70, 0x38,
    0x1c, 0xe, 0x7, 0x3, 0x81, 0xc0, 0xcc, 0x6f,
    0x63, 0xe0,

    /* U+006B "k" */
    0x18, 0x1, 0xf0, 0x0, 0xe0, 0x1, 0xc0, 0x3,
    0x80, 0x7, 0x0, 0xe, 0x0, 0x1c, 0x0, 0x38,
    0x7e, 0x70, 0x60, 0xe1, 0x81, 0xc6, 0x3, 0x98,
    0x7, 0x60, 0xf, 0xc0, 0x1d, 0xc0, 0x3b, 0x80,
    0x73, 0x80, 0xe3, 0x81, 0xc7, 0x83, 0x87, 0x7,
    0xf, 0xbf, 0x9f, 0x80,

    /* U+006C "l" */
    0x19, 0xf0, 0xe1, 0xc3, 0x87, 0xe, 0x1c, 0x38,
    0x70, 0xe1, 0xc3, 0x87, 0xe, 0x1c, 0x38, 0x70,
    0xe1, 0xc3, 0x87, 0x3f, 0x80,

    /* U+006D "m" */
    0x18, 0xe0, 0xe1, 0xf7, 0xe7, 0xe0, 0xe9, 0xf9,
    0xe1, 0xe1, 0xc1, 0xc3, 0x83, 0x83, 0x87, 0x7,
    0x7, 0xe, 0xe, 0xe, 0x1c, 0x1c, 0x1c, 0x38,
    0x38, 0x38, 0x70, 0x70, 0x70, 0xe0, 0xe0, 0xe1,
    0xc1, 0xc1, 0xc3, 0x83, 0x83, 0x87, 0x7, 0x7,
    0x3f, 0xbf, 0xbf, 0x80,

    /* U+006E "n" */
    0x18, 0xe1, 0xf7, 0xe0, 0xf9, 0xe1, 0xc1, 0xc3,
    0x83, 0x87, 0x7, 0xe, 0xe, 0x1c, 0x1c, 0x38,
    0x38, 0x70, 0x70, 0xe0, 0xe1, 0xc1, 0xc3, 0x83,
    0x87, 0x7, 0x3f, 0xbf, 0x80,

    /* U+006F "o" */
    0xf, 0xc0, 0x63, 0x83, 0x7, 0x18, 0xe, 0x60,
    0x3f, 0x80, 0x7e, 0x1, 0xf8, 0x7, 0xe0, 0x1f,
    0x80, 0x77, 0x1, 0x9c, 0x6, 0x38, 0x30, 0x71,
    0x80, 0xfc, 0x0,

    /* U+0070 "p" */
    0x18, 0xf1, 0xf7, 0xf0, 0xf8, 0xf1, 0xe0, 0xe3,
    0x81, 0xe7, 0x1, 0xce, 0x3, 0x9c, 0x7, 0x38,
    0xe, 0x70, 0x1c, 0xe0, 0x31, 0xc0, 0xe3, 0x81,
    0x87, 0x86, 0xe, 0xf8, 0x1c, 0x0, 0x38, 0x0,
    0x70, 0x0, 0xe0, 0x1, 0xc0, 0x3, 0x80, 0x1f,
    0xc0, 0x0,

    /* U+0071 "q" */
    0x7, 0xd8, 0x30, 0xf0, 0xc0, 0xe3, 0x81, 0xc6,
    0x3, 0x9c, 0x7, 0x38, 0xe, 0x70, 0x1c, 0xe0,
    0x39, 0xc0, 0x73, 0xc0, 0xe3, 0x81, 0xc7, 0x87,
    0x87, 0xf7, 0x7, 0x8e, 0x0, 0x1c, 0x0, 0x38,
    0x0, 0x70, 0x0, 0xe0, 0x1, 0xc0, 0x3, 0x80,
    0x1f, 0xc0,

    /* U+0072 "r" */
    0x19, 0xdf, 0x78, 0xf3, 0x1e, 0x3, 0x80, 0x70,
    0xe, 0x1, 0xc0, 0x38, 0x7, 0x0, 0xe0, 0x1c,
    0x3, 0x80, 0x78, 0x3f, 0x80,

    /* U+0073 "s" */
    0x3f, 0x98, 0xec, 0x1b, 0x6, 0xe0, 0xbc, 0x7,
    0xc0, 0xfc, 0xf, 0x80, 0xf8, 0x1e, 0x7, 0xc1,
    0xf8, 0xef, 0xe0,

    /* U+0074 "t" */
    0x8, 0x8, 0x18, 0x18, 0x38, 0xff, 0x38, 0x38,
    0x38, 0x38, 0x38, 0x38, 0x38, 0x38, 0x38, 0x38,
    0x38, 0x39, 0x3f, 0x1c,

    /* U+0075 "u" */
    0xf8, 0xf8, 0x70, 0x70, 0xe0, 0xe1, 0xc1, 0xc3,
    0x83, 0x87, 0x7, 0xe, 0xe, 0x1c, 0x1c, 0x38,
    0x38, 0x70, 0x70, 0xe0, 0xe1, 0xc1, 0xc3, 0xcf,
    0x83, 0xf7, 0xc3, 0x8c, 0x0,

    /* U+0076 "v" */
    0xfe, 0x1f, 0x78, 0xc, 0x38, 0xc, 0x18, 0x8,
    0x1c, 0x8, 0xc, 0x10, 0xe, 0x10, 0xe, 0x20,
    0x7, 0x20, 0x7, 0x60, 0x3, 0x40, 0x3, 0xc0,
    0x1, 0x80, 0x1, 0x80, 0x1, 0x0,

    /* U+0077 "w" */
    0xfc, 0xfe, 0x3e, 0x70, 0x70, 0x18, 0xe0, 0xe0,
    0x20, 0xc0, 0xc0, 0xc1, 0xc1, 0xc1, 0x1, 0x83,
    0x82, 0x3, 0x8f, 0x88, 0x7, 0x17, 0x10, 0x6,
    0x67, 0x60, 0xe, 0x8e, 0x80, 0x1d, 0xd, 0x0,
    0x1c, 0x1c, 0x0, 0x38, 0x38, 0x0, 0x20, 0x30,
    0x0, 0x40, 0x40, 0x0,

    /* U+0078 "x" */
    0xfc, 0xf8, 0xf0, 0xe0, 0xe1, 0x80, 0xe6, 0x0,
    0xe8, 0x1, 0xe0, 0x1, 0xc0, 0x3, 0xc0, 0x7,
    0x80, 0x13, 0x80, 0x63, 0x81, 0x83, 0x2, 0x7,
    0xc, 0xf, 0x3c, 0x3f, 0x80,

    /* U+0079 "y" */
    0xfe, 0x1f, 0x78, 0xe, 0x38, 0xc, 0x18, 0xc,
    0x1c, 0x8, 0xc, 0x18, 0xe, 0x10, 0x6, 0x30,
    0x7, 0x30, 0x7, 0x20, 0x3, 0xe0, 0x3, 0xc0,
    0x1, 0xc0, 0x1, 0xc0, 0x0, 0x80, 0x1, 0x80,
    0x1, 0x0, 0x1, 0x0, 0x3, 0x0, 0x7e, 0x0,
    0x7c, 0x0, 0x38, 0x0,

    /* U+007A "z" */
    0x7f, 0xfb, 0x3, 0x90, 0x1c, 0x81, 0xc0, 0x1c,
    0x0, 0xe0, 0xe, 0x0, 0xe0, 0xf, 0x0, 0x70,
    0x7, 0x0, 0x78, 0x17, 0x80, 0xb8, 0xf, 0xff,
    0xe0,

    /* U+007B "{" */
    0x0, 0x81, 0x81, 0x81, 0x81, 0xc0, 0xe0, 0x70,
    0x38, 0x1c, 0xe, 0x7, 0x3, 0x81, 0x81, 0x81,
    0x81, 0x80, 0x30, 0xc, 0x6, 0x3, 0x81, 0xc0,
    0xe0, 0x70, 0x38, 0x1c, 0xe, 0x3, 0x1, 0x80,
    0x60, 0xc,

    /* U+007C "|" */
    0xff, 0xff, 0xff, 0xfc,

    /* U+007D "}" */
    0x80, 0x30, 0xc, 0x3, 0x1, 0xc0, 0xe0, 0x70,
    0x38, 0x1c, 0xe, 0x7, 0x3, 0x80, 0xc0, 0x30,
    0xc, 0x3, 0x6, 0x6, 0x3, 0x3, 0x81, 0xc0,
    0xe0, 0x70, 0x38, 0x1c, 0xe, 0x6, 0x3, 0x3,
    0x6, 0x0,

    /* U+007E "~" */
    0x3c, 0x1, 0x21, 0x80, 0xa0, 0x38, 0x50, 0x7,
    0xc0,

    /* U+00A0 " " */
    0x0,

    /* U+00A1 "¡" */
    0xff, 0x80, 0x12, 0x49, 0x25, 0xbf, 0xff, 0xfe,
    0x80,

    /* U+00A2 "¢" */
    0x0, 0x20, 0x4, 0x0, 0x40, 0x4, 0x0, 0x40,
    0x8, 0x0, 0x80, 0xf8, 0x18, 0xe3, 0x1e, 0x71,
    0x66, 0x20, 0xe2, 0xe, 0x20, 0xe4, 0xe, 0x40,
    0xf4, 0xf, 0x81, 0x78, 0x17, 0xc6, 0x3f, 0xc1,
    0xf8, 0x30, 0x2, 0x0, 0x20, 0x4, 0x0, 0x40,
    0xc, 0x0,

    /* U+00A3 "£" */
    0x0, 0x0, 0xf, 0xc0, 0x63, 0x83, 0xe, 0xc,
    0x38, 0x70, 0x1, 0xc0, 0x7, 0x0, 0x1c, 0x0,
    0x70, 0x1, 0xc0, 0x3f, 0xf0, 0x1c, 0x0, 0x70,
    0x1, 0xc0, 0x3, 0x0, 0xc, 0x0, 0x30, 0x17,
    0x80, 0x63, 0xc3, 0x97, 0xfa, 0x4f, 0xe6, 0xe,
    0x0,

    /* U+00A4 "¤" */
    0x0, 0x0, 0x47, 0xe2, 0x3c, 0x34, 0x30, 0xc,
    0x20, 0x4, 0x60, 0x6, 0x40, 0x2, 0x40, 0x2,
    0x40, 0x2, 0x40, 0x2, 0x60, 0x6, 0x20, 0x4,
    0x30, 0xc, 0x3c, 0x3c, 0x47, 0xe2, 0x0, 0x0,

    /* U+00A5 "¥" */
    0xfc, 0x3f, 0x78, 0xc, 0x38, 0xc, 0x38, 0x8,
    0x1c, 0x18, 0x1c, 0x10, 0xc, 0x30, 0xe, 0x20,
    0xe, 0x60, 0x7, 0x40, 0x7, 0xc0, 0xff, 0xff,
    0x3, 0x80, 0x3, 0x80, 0x3, 0x80, 0xff, 0xff,
    0x3, 0x80, 0x3, 0x80, 0x3, 0x80, 0x3, 0x80,
    0x3, 0xc0, 0xf, 0xf0,

    /* U+00A6 "¦" */
    0xff, 0xf0, 0x3f, 0xfc,

    /* U+00A7 "§" */
    0x0, 0x3, 0xf0, 0xc3, 0x30, 0x66, 0xc, 0xc1,
    0x9c, 0x1, 0xc0, 0x3c, 0x7, 0xe1, 0x9e, 0x21,
    0xec, 0x1d, 0x81, 0xf0, 0x1f, 0x3, 0xf0, 0x6f,
    0x8, 0xf3, 0xf, 0x40, 0xf0, 0x7, 0x0, 0x70,
    0xe, 0x70, 0xce, 0x19, 0x82, 0x10, 0xc1, 0xf0,

    /* U+00A8 "¨" */
    0xe3, 0xf1, 0xf8, 0xe0,

    /* U+00A9 "©" */
    0x0, 0xfc, 0x0, 0xc, 0xc, 0x0, 0xc0, 0xc,
    0x6, 0x0, 0x18, 0x20, 0x0, 0x30, 0x83, 0xfe,
    0x44, 0x10, 0x18, 0x90, 0xc0, 0x22, 0x86, 0x0,
    0x86, 0x38, 0x0, 0x18, 0xe0, 0x0, 0x63, 0x80,
    0x1, 0x8e, 0x0, 0x6, 0x38, 0x0, 0x18, 0xe0,
    0x0, 0x51, 0xc0, 0x2, 0x43, 0x80, 0x88, 0x87,
    0xc, 0x43, 0xf, 0xc3, 0x6, 0x0, 0x18, 0xc,
    0x0, 0xc0, 0xc, 0xc, 0x0, 0xf, 0xc0, 0x0,

    /* U+00AA "ª" */
    0x7c, 0xc6, 0xc6, 0xc6, 0x1e, 0x26, 0x46, 0xc6,
    0xee, 0x77,

    /* U+00AB "«" */
    0x2, 0x4, 0x10, 0x20, 0xc1, 0x86, 0xc, 0x38,
    0x70, 0xc1, 0x87, 0xe, 0x38, 0x70, 0x70, 0xe0,
    0xc1, 0x83, 0x87, 0x6, 0xc, 0xc, 0x18, 0x10,
    0x20, 0x20, 0x40,

    /* U+00AC "¬" */
    0xff, 0xff, 0x80, 0x0, 0x40, 0x0, 0x20, 0x0,
    0x10, 0x0, 0x8, 0x0, 0x4,

    /* U+00AD "­" */
    0xff, 0xff,

    /* U+00AE "®" */
    0x0, 0xfc, 0x0, 0xc, 0xc, 0x0, 0xc0, 0xc,
    0x6, 0x0, 0x18, 0x20, 0x0, 0x30, 0x9f, 0xf0,
    0x44, 0x38, 0xe0, 0x90, 0xe1, 0xc2, 0x83, 0x87,
    0x6, 0xe, 0x1c, 0x18, 0x38, 0xe0, 0x60, 0xfe,
    0x1, 0x83, 0xb8, 0x6, 0xe, 0x60, 0x18, 0x38,
    0xc0, 0x50, 0xe3, 0x82, 0x43, 0x87, 0x8, 0x8e,
    0xc, 0x43, 0xfe, 0x3f, 0x6, 0x0, 0x18, 0xc,
    0x0, 0xc0, 0xc, 0xc, 0x0, 0xf, 0xc0, 0x0,

    /* U+00AF "¯" */
    0xff, 0xff, 0x80,

    /* U+00B0 "°" */
    0x1c, 0x31, 0x90, 0x50, 0x18, 0xc, 0x6, 0x2,
    0x82, 0x63, 0x1f, 0x0,

    /* U+00B1 "±" */
    0x0, 0x80, 0x0, 0x40, 0x0, 0x20, 0x0, 0x10,
    0x0, 0x8, 0x0, 0x4, 0x0, 0x2, 0x0, 0x1,
    0x0, 0xff, 0xff, 0x80, 0x40, 0x0, 0x20, 0x0,
    0x10, 0x0, 0x8, 0x0, 0x4, 0x0, 0x2, 0x0,
    0x1, 0x0, 0xff, 0xff, 0x80,

    /* U+00B2 "²" */
    0x3c, 0x23, 0x20, 0xc0, 0x60, 0x30, 0x10, 0x18,
    0x18, 0x18, 0x18, 0x18, 0x3f, 0xe0,

    /* U+00B3 "³" */
    0x3c, 0x4e, 0x86, 0x6, 0x4, 0xc, 0x3e, 0x7,
    0x3, 0x3, 0xc6, 0xf8,

    /* U+00B4 "´" */
    0x7b, 0x99, 0x88, 0x40,

    /* U+00B5 "µ" */
    0x70, 0x70, 0xe0, 0xe1, 0xc1, 0xc3, 0x83, 0x87,
    0x7, 0xe, 0xe, 0x1c, 0x1c, 0x38, 0x38, 0x70,
    0x70, 0xe0, 0xe1, 0xc1, 0xc3, 0x87, 0x97, 0x9f,
    0x2f, 0xee, 0x97, 0xe, 0x20, 0x0, 0x40, 0x1,
    0xc0, 0x3, 0x80, 0x7, 0x0, 0xe, 0x0, 0x1c,
    0x0, 0x0,

    /* U+00B6 "¶" */
    0xf, 0xfe, 0x3f, 0x10, 0xfe, 0x23, 0xfc, 0x47,
    0xf8, 0x9f, 0xf1, 0x3f, 0xe2, 0x3f, 0xc4, 0x7f,
    0x88, 0xff, 0x10, 0xfe, 0x20, 0x7c, 0x40, 0x8,
    0x80, 0x11, 0x0, 0x22, 0x0, 0x44, 0x0, 0x88,
    0x1, 0x10, 0x2, 0x20, 0x4, 0x40, 0x8, 0x80,
    0x11, 0x0, 0x22, 0x0, 0x44, 0x0, 0x88, 0x1,
    0x10, 0x2, 0x20, 0x4, 0x40, 0x8, 0x80,

    /* U+00B7 "·" */
    0xff, 0x80,

    /* U+00B8 "¸" */
    0x11, 0xc, 0xf1, 0x9f, 0xc0,

    /* U+00B9 "¹" */
    0x33, 0xc3, 0xc, 0x30, 0xc3, 0xc, 0x30, 0xc3,
    0x3f,

    /* U+00BA "º" */
    0x3e, 0x33, 0x90, 0xd8, 0x3c, 0x1e, 0xf, 0x7,
    0xc2, 0x63, 0x1e, 0x0,

    /* U+00BB "»" */
    0x81, 0x1, 0x2, 0x6, 0xc, 0xc, 0x18, 0x38,
    0x70, 0x60, 0xc1, 0xc3, 0x83, 0x87, 0x1c, 0x38,
    0x60, 0xc3, 0x87, 0xc, 0x18, 0x60, 0xc1, 0x2,
    0x8, 0x10, 0x0,

    /* U+00BC "¼" */
    0x10, 0x0, 0x41, 0xc0, 0x3, 0x3, 0x0, 0x8,
    0xc, 0x0, 0x40, 0x30, 0x3, 0x0, 0xc0, 0x8,
    0x3, 0x0, 0x40, 0xc, 0x3, 0x0, 0x30, 0x8,
    0x0, 0xc0, 0x40, 0x3, 0x3, 0x0, 0x3f, 0x8,
    0x4, 0x0, 0x60, 0x30, 0x3, 0x1, 0xc0, 0x8,
    0xf, 0x0, 0x60, 0x2c, 0x3, 0x1, 0x30, 0x8,
    0x8, 0xc0, 0x60, 0x63, 0x1, 0x1, 0xff, 0x8,
    0x0, 0x30, 0x60, 0x0, 0xc1, 0x0, 0x3, 0x0,

    /* U+00BD "½" */
    0x10, 0x0, 0x41, 0xc0, 0x3, 0x3, 0x0, 0x18,
    0xc, 0x0, 0x40, 0x30, 0x3, 0x0, 0xc0, 0x18,
    0x3, 0x0, 0x40, 0xc, 0x3, 0x0, 0x30, 0x18,
    0x0, 0xc0, 0x40, 0x3, 0x3, 0x0, 0x3f, 0x18,
    0x0, 0x0, 0x41, 0xe0, 0x3, 0x8, 0xc0, 0x18,
    0x41, 0x80, 0x40, 0x6, 0x3, 0x0, 0x18, 0x8,
    0x0, 0xc0, 0x40, 0x2, 0x3, 0x0, 0x10, 0x8,
    0x0, 0x80, 0x40, 0xc, 0x13, 0x0, 0x7f, 0x80,

    /* U+00BE "¾" */
    0x3c, 0x0, 0x60, 0x9c, 0x0, 0x82, 0x18, 0x2,
    0x0, 0x30, 0x4, 0x0, 0x40, 0x10, 0x1, 0x80,
    0x60, 0xf, 0x80, 0x80, 0x3, 0x82, 0x0, 0x3,
    0xc, 0x0, 0x6, 0x10, 0x3, 0x18, 0x60, 0x7,
    0xc0, 0x80, 0x40, 0x2, 0x1, 0x80, 0xc, 0x7,
    0x0, 0x10, 0x16, 0x0, 0x40, 0x2c, 0x1, 0x80,
    0x98, 0x2, 0x2, 0x30, 0xc, 0xc, 0x60, 0x10,
    0x1f, 0xf0, 0x40, 0x1, 0x81, 0x80, 0x3, 0x2,
    0x0, 0x6, 0x0,

    /* U+00BF "¿" */
    0xe, 0x1, 0xc0, 0x38, 0x0, 0x0, 0x0, 0x8,
    0x1, 0x0, 0x20, 0xc, 0x1, 0x0, 0x60, 0x18,
    0x3, 0x0, 0xe0, 0x38, 0x7, 0x6, 0xe0, 0xfc,
    0x1f, 0x81, 0xb8, 0x27, 0x8c, 0x3e, 0x0,

    /* U+00C0 "À" */
    0x0, 0xe0, 0x0, 0x3, 0x80, 0x0, 0x7, 0x0,
    0x0, 0xc, 0x0, 0x0, 0x10, 0x0, 0x0, 0x40,
    0x0, 0x0, 0x0, 0x0, 0x8, 0x0, 0x0, 0x30,
    0x0, 0x0, 0xc0, 0x0, 0x7, 0x80, 0x0, 0x1e,
    0x0, 0x0, 0xfc, 0x0, 0x3, 0x70, 0x0, 0x19,
    0xc0, 0x0, 0x67, 0x80, 0x1, 0xe, 0x0, 0xc,
    0x3c, 0x0, 0x20, 0x70, 0x1, 0x81, 0xc0, 0x6,
    0x7, 0x80, 0x3f, 0xfe, 0x0, 0xc0, 0x3c, 0x2,
    0x0, 0x70, 0x18, 0x1, 0xe0, 0x40, 0x3, 0x83,
    0x0, 0xe, 0x1c, 0x0, 0x3c, 0xfc, 0x3, 0xfc,

    /* U+00C1 "Á" */
    0x0, 0x1c, 0x0, 0x0, 0x70, 0x0, 0x3, 0x80,
    0x0, 0xc, 0x0, 0x0, 0x20, 0x0, 0x1, 0x0,
    0x0, 0x0, 0x0, 0x0, 0x8, 0x0, 0x0, 0x30,
    0x0, 0x0, 0xc0, 0x0, 0x7, 0x80, 0x0, 0x1e,
    0x0, 0x0, 0xfc, 0x0, 0x3, 0x70, 0x0, 0x19,
    0xc0, 0x0, 0x67, 0x80, 0x1, 0xe, 0x0, 0xc,
    0x3c, 0x0, 0x20, 0x70, 0x1, 0x81, 0xc0, 0x6,
    0x7, 0x80, 0x3f, 0xfe, 0x0, 0xc0, 0x3c, 0x2,
    0x0, 0x70, 0x18, 0x1, 0xe0, 0x40, 0x3, 0x83,
    0x0, 0xe, 0x1c, 0x0, 0x3c, 0xfc, 0x3, 0xfc,

    /* U+00C2 "Â" */
    0x0, 0x30, 0x0, 0x1, 0xe0, 0x0, 0xd, 0xc0,
    0x0, 0x23, 0x0, 0x1, 0x2, 0x0, 0x0, 0x0,
    0x0, 0x0, 0x0, 0x0, 0x8, 0x0, 0x0, 0x30,
    0x0, 0x0, 0xc0, 0x0, 0x7, 0x80, 0x0, 0x1e,
    0x0, 0x0, 0xfc, 0x0, 0x3, 0x70, 0x0, 0x19,
    0xc0, 0x0, 0x67, 0x80, 0x1, 0xe, 0x0, 0xc,
    0x3c, 0x0, 0x20, 0x70, 0x1, 0x81, 0xc0, 0x6,
    0x7, 0x80, 0x3f, 0xfe, 0x0, 0xc0, 0x3c, 0x2,
    0x0, 0x70, 0x18, 0x1, 0xe0, 0x40, 0x3, 0x83,
    0x0, 0xe, 0x1c, 0x0, 0x3c, 0xfc, 0x3, 0xfc,

    /* U+00C3 "Ã" */
    0x1, 0xe1, 0x0, 0xf, 0xe4, 0x0, 0x27, 0xe0,
    0x0, 0x87, 0x80, 0x0, 0x0, 0x0, 0x0, 0x0,
    0x0, 0x3, 0x0, 0x0, 0xc, 0x0, 0x0, 0x78,
    0x0, 0x1, 0xe0, 0x0, 0xf, 0x80, 0x0, 0x37,
    0x0, 0x0, 0x9c, 0x0, 0x6, 0x78, 0x0, 0x10,
    0xe0, 0x0, 0xc3, 0xc0, 0x2, 0x7, 0x0, 0x18,
    0x1c, 0x0, 0x60, 0x78, 0x1, 0xff, 0xe0, 0xc,
    0x3, 0xc0, 0x20, 0x7, 0x1, 0x80, 0x1e, 0x4,
    0x0, 0x38, 0x30, 0x0, 0xe1, 0xc0, 0x3, 0xcf,
    0xc0, 0x3f, 0xc0,

    /* U+00C4 "Ä" */
    0x1, 0xc7, 0x0, 0x3, 0x8e, 0x0, 0x7, 0x1c,
    0x0, 0x0, 0x0, 0x0, 0x0, 0x0, 0x0, 0x2,
    0x0, 0x0, 0xe, 0x0, 0x0, 0x1c, 0x0, 0x0,
    0x38, 0x0, 0x0, 0xf8, 0x0, 0x1, 0x70, 0x0,
    0x6, 0xf0, 0x0, 0x9, 0xe0, 0x0, 0x31, 0xc0,
    0x0, 0x63, 0xc0, 0x0, 0x83, 0x80, 0x3, 0x7,
    0x80, 0x4, 0x7, 0x0, 0x18, 0xe, 0x0, 0x3f,
    0xfe, 0x0, 0xc0, 0x1c, 0x1, 0x80, 0x3c, 0x2,
    0x0, 0x38, 0xc, 0x0, 0x78, 0x18, 0x0, 0xf0,
    0x70, 0x1, 0xf3, 0xf8, 0x7, 0xf8,

    /* U+00C5 "Å" */
    0x0, 0x78, 0x0, 0x3, 0x30, 0x0, 0x8, 0x40,
    0x0, 0x21, 0x0, 0x0, 0x78, 0x0, 0x0, 0xc0,
    0x0, 0x3, 0x0, 0x0, 0x1e, 0x0, 0x0, 0x78,
    0x0, 0x1, 0xe0, 0x0, 0xf, 0xc0, 0x0, 0x27,
    0x0, 0x1, 0x9e, 0x0, 0x6, 0x38, 0x0, 0x10,
    0xe0, 0x0, 0xc3, 0xc0, 0x2, 0x7, 0x0, 0x18,
    0x1e, 0x0, 0x60, 0x38, 0x3, 0xff, 0xe0, 0xc,
    0x3, 0xc0, 0x20, 0x7, 0x1, 0x80, 0x1e, 0x4,
    0x0, 0x38, 0x30, 0x0, 0xf1, 0xc0, 0x3, 0xcf,
    0xc0, 0x3f, 0xc0,

    /* U+00C6 "Æ" */
    0x0, 0x7f, 0xff, 0xc0, 0x3, 0xe0, 0x18, 0x0,
    0x5c, 0x1, 0x0, 0x1b, 0x80, 0x20, 0x2, 0x70,
    0x4, 0x0, 0xce, 0x0, 0x0, 0x19, 0xc0, 0x0,
    0x6, 0x38, 0x8, 0x0, 0xc7, 0x1, 0x0, 0x30,
    0xe0, 0x60, 0x6, 0x1f, 0xfc, 0x1, 0x83, 0x81,
    0x80, 0x30, 0x70, 0x10, 0xf, 0xfe, 0x2, 0x1,
    0x81, 0xc0, 0x0, 0x60, 0x38, 0x0, 0xc, 0x7,
    0x0, 0x3, 0x0, 0xe0, 0x4, 0x40, 0x1c, 0x0,
    0x98, 0x3, 0x80, 0x27, 0x0, 0xf0, 0x1d, 0xf8,
    0x7f, 0xff, 0x80,

    /* U+00C7 "Ç" */
    0x0, 0x0, 0x20, 0x7f, 0xcc, 0x18, 0x7, 0x8e,
    0x0, 0x71, 0x80, 0x6, 0x60, 0x0, 0xdc, 0x0,
    0xb, 0x80, 0x1, 0x60, 0x0, 0x1c, 0x0, 0x3,
    0x80, 0x0, 0x70, 0x0, 0xe, 0x0, 0x1, 0xc0,
    0x0, 0x38, 0x0, 0x7, 0x0, 0x0, 0x60, 0x0,
    0xe, 0x0, 0x0, 0xc0, 0x0, 0x9c, 0x0, 0x21,
    0xc0, 0xc, 0x1c, 0x3, 0x0, 0xff, 0x80, 0x1,
    0x0, 0x0, 0x60, 0x0, 0xe, 0x0, 0x0, 0xc0,
    0x0, 0x38, 0x0, 0x1e, 0x0,

    /* U+00C8 "È" */
    0x3, 0x80, 0x0, 0xe0, 0x0, 0x1c, 0x0, 0x3,
    0x0, 0x0, 0x40, 0x0, 0x8, 0x0, 0x0, 0x1,
    0xff, 0xfe, 0x1c, 0x1, 0x87, 0x0, 0x61, 0xc0,
    0x8, 0x70, 0x2, 0x1c, 0x0, 0x7, 0x0, 0x1,
    0xc0, 0x20, 0x70, 0x8, 0x1c, 0x6, 0x7, 0xff,
    0x81, 0xc0, 0x60, 0x70, 0x8, 0x1c, 0x2, 0x7,
    0x0, 0x1, 0xc0, 0x0, 0x70, 0x1, 0x1c, 0x0,
    0x47, 0x0, 0x31, 0xc0, 0x8, 0x70, 0xe, 0x7f,
    0xff, 0x80,

    /* U+00C9 "É" */
    0x0, 0x78, 0x0, 0x1c, 0x0, 0x6, 0x0, 0x3,
    0x0, 0x0, 0x80, 0x0, 0x40, 0x0, 0x0, 0x1,
    0xff, 0xfe, 0x1c, 0x1, 0x87, 0x0, 0x61, 0xc0,
    0x8, 0x70, 0x2, 0x1c, 0x0, 0x7, 0x0, 0x1,
    0xc0, 0x20, 0x70, 0x8, 0x1c, 0x6, 0x7, 0xff,
    0x81, 0xc0, 0x60, 0x70, 0x8, 0x1c, 0x2, 0x7,
    0x0, 0x1, 0xc0, 0x0, 0x70, 0x1, 0x1c, 0x0,
    0x47, 0x0, 0x31, 0xc0, 0x8, 0x70, 0xe, 0x7f,
    0xff, 0x80,

    /* U+00CA "Ê" */
    0x0, 0xe0, 0x0, 0x78, 0x0, 0x1f, 0x0, 0x8,
    0xc0, 0x4, 0x8, 0x0, 0x1, 0x0, 0x0, 0x1,
    0xff, 0xfe, 0x1c, 0x1, 0x87, 0x0, 0x61, 0xc0,
    0x8, 0x70, 0x2, 0x1c, 0x0, 0x7, 0x0, 0x1,
    0xc0, 0x20, 0x70, 0x8, 0x1c, 0x6, 0x7, 0xff,
    0x81, 0xc0, 0x60, 0x70, 0x8, 0x1c, 0x2, 0x7,
    0x0, 0x1, 0xc0, 0x0, 0x70, 0x1, 0x1c, 0x0,
    0x47, 0x0, 0x31, 0xc0, 0x8, 0x70, 0xe, 0x7f,
    0xff, 0x80,

    /* U+00CB "Ë" */
    0x7, 0x38, 0x1, 0xce, 0x0, 0x73, 0x80, 0x0,
    0x0, 0x0, 0x0, 0x1f, 0xff, 0xe1, 0xc0, 0x18,
    0x70, 0x6, 0x1c, 0x0, 0x87, 0x0, 0x21, 0xc0,
    0x0, 0x70, 0x0, 0x1c, 0x2, 0x7, 0x0, 0x81,
    0xc0, 0x60, 0x7f, 0xf8, 0x1c, 0x6, 0x7, 0x0,
    0x81, 0xc0, 0x20, 0x70, 0x0, 0x1c, 0x0, 0x7,
    0x0, 0x11, 0xc0, 0x4, 0x70, 0x3, 0x1c, 0x0,
    0x87, 0x0, 0xe7, 0xff, 0xf8,

    /* U+00CC "Ì" */
    0x78, 0x1c, 0x6, 0x1, 0x0, 0xc0, 0x20, 0x1,
    0xff, 0x3e, 0xe, 0x7, 0x3, 0x81, 0xc0, 0xe0,
    0x70, 0x38, 0x1c, 0xe, 0x7, 0x3, 0x81, 0xc0,
    0xe0, 0x70, 0x38, 0x1c, 0xe, 0x7, 0x7, 0xcf,
    0xf8,

    /* U+00CD "Í" */
    0xf, 0x7, 0x3, 0x1, 0x81, 0x80, 0x80, 0x1,
    0xff, 0x3e, 0xe, 0x7, 0x3, 0x81, 0xc0, 0xe0,
    0x70, 0x38, 0x1c, 0xe, 0x7, 0x3, 0x81, 0xc0,
    0xe0, 0x70, 0x38, 0x1c, 0xe, 0x7, 0x7, 0xcf,
    0xf8,

    /* U+00CE "Î" */
    0x1c, 0x1f, 0xf, 0x8c, 0x64, 0x14, 0x4, 0x1,
    0xff, 0x3e, 0xe, 0x7, 0x3, 0x81, 0xc0, 0xe0,
    0x70, 0x38, 0x1c, 0xe, 0x7, 0x3, 0x81, 0xc0,
    0xe0, 0x70, 0x38, 0x1c, 0xe, 0x7, 0x7, 0xcf,
    0xf8,

    /* U+00CF "Ï" */
    0xe3, 0xf1, 0xf8, 0xe0, 0x0, 0x7, 0xfc, 0xf8,
    0x38, 0x1c, 0xe, 0x7, 0x3, 0x81, 0xc0, 0xe0,
    0x70, 0x38, 0x1c, 0xe, 0x7, 0x3, 0x81, 0xc0,
    0xe0, 0x70, 0x38, 0x1c, 0x1f, 0x3f, 0xe0,

    /* U+00D0 "Ð" */
    0x7f, 0xfc, 0x0, 0xe0, 0x78, 0x7, 0x0, 0xf0,
    0x38, 0x3, 0xc1, 0xc0, 0xe, 0xe, 0x0, 0x38,
    0x70, 0x1, 0xc3, 0x80, 0x7, 0x1c, 0x0, 0x38,
    0xe0, 0x1, 0xff, 0xfc, 0xe, 0x38, 0x0, 0x71,
    0xc0, 0x3, 0x8e, 0x0, 0x1c, 0x70, 0x0, 0xc3,
    0x80, 0xe, 0x1c, 0x0, 0x70, 0xe0, 0x7, 0x7,
    0x0, 0x70, 0x38, 0x7, 0x1, 0xc0, 0xf0, 0x3f,
    0xfc, 0x0,

    /* U+00D1 "Ñ" */
    0x0, 0xf0, 0x80, 0x3, 0xf9, 0x0, 0x4, 0xfe,
    0x0, 0x10, 0x78, 0x0, 0x0, 0x0, 0x0, 0x0,
    0x0, 0x3f, 0x0, 0x3f, 0x9f, 0x0, 0x1c, 0x1e,
    0x0, 0x10, 0x1e, 0x0, 0x20, 0x3e, 0x0, 0x40,
    0x5e, 0x0, 0x80, 0xbe, 0x1, 0x1, 0x3e, 0x2,
    0x2, 0x3c, 0x4, 0x4, 0x3c, 0x8, 0x8, 0x3c,
    0x10, 0x10, 0x3c, 0x20, 0x20, 0x7c, 0x40, 0x40,
    0x7c, 0x80, 0x80, 0x7d, 0x1, 0x0, 0x7a, 0x2,
    0x0, 0x7c, 0x4, 0x0, 0x78, 0x8, 0x0, 0x70,
    0x10, 0x0, 0xe0, 0x70, 0x0, 0xc3, 0xf8, 0x0,
    0x80,

    /* U+00D2 "Ò" */
    0x3, 0xc0, 0x0, 0x1c, 0x0, 0x0, 0xe0, 0x0,
    0x6, 0x0, 0x0, 0x20, 0x0, 0x1, 0x0, 0x0,
    0x20, 0x0, 0x3f, 0xc0, 0xc, 0x7, 0x1, 0x80,
    0x18, 0x38, 0x1, 0xc3, 0x0, 0xc, 0x70, 0x0,
    0xe6, 0x0, 0xe, 0xe0, 0x0, 0x7e, 0x0, 0x7,
    0xe0, 0x0, 0x7e, 0x0, 0x7, 0xe0, 0x0, 0x7e,
    0x0, 0x7, 0xe0, 0x0, 0x7e, 0x0, 0x7, 0x70,
    0x0, 0x67, 0x0, 0xe, 0x30, 0x0, 0xc3, 0x80,
    0x1c, 0x18, 0x1, 0x80, 0xe0, 0x70, 0x3, 0xfc,
    0x0, 0x4, 0x0,

    /* U+00D3 "Ó" */
    0x0, 0x3c, 0x0, 0x3, 0x80, 0x0, 0x70, 0x0,
    0x6, 0x0, 0x0, 0x40, 0x0, 0x8, 0x0, 0x0,
    0x20, 0x0, 0x3f, 0xc0, 0xc, 0x7, 0x1, 0x80,
    0x18, 0x38, 0x1, 0xc3, 0x0, 0xc, 0x70, 0x0,
    0xe6, 0x0, 0xe, 0xe0, 0x0, 0x7e, 0x0, 0x7,
    0xe0, 0x0, 0x7e, 0x0, 0x7, 0xe0, 0x0, 0x7e,
    0x0, 0x7, 0xe0, 0x0, 0x7e, 0x0, 0x7, 0x70,
    0x0, 0x67, 0x0, 0xe, 0x30, 0x0, 0xc3, 0x80,
    0x1c, 0x18, 0x1, 0x80, 0xe0, 0x70, 0x3, 0xfc,
    0x0, 0x4, 0x0,

    /* U+00D4 "Ô" */
    0x0, 0xe0, 0x0, 0xf, 0x0, 0x1, 0xb8, 0x0,
    0x11, 0x80, 0x2, 0x4, 0x0, 0x40, 0x0, 0x0,
    0x20, 0x0, 0x3f, 0xc0, 0xc, 0x7, 0x1, 0x80,
    0x18, 0x38, 0x1, 0xc3, 0x0, 0xc, 0x70, 0x0,
    0xe6, 0x0, 0xe, 0xe0, 0x0, 0x7e, 0x0, 0x7,
    0xe0, 0x0, 0x7e, 0x0, 0x7, 0xe0, 0x0, 0x7e,
    0x0, 0x7, 0xe0, 0x0, 0x7e, 0x0, 0x7, 0x70,
    0x0, 0x67, 0x0, 0xe, 0x30, 0x0, 0xc3, 0x80,
    0x1c, 0x18, 0x1, 0x80, 0xe0, 0x70, 0x3, 0xfc,
    0x0, 0x4, 0x0,

    /* U+00D5 "Õ" */
    0x3, 0xc2, 0x0, 0x7f, 0x20, 0x4, 0xfe, 0x0,
    0x83, 0xc0, 0x0, 0x20, 0x0, 0x3f, 0xc0, 0xc,
    0x7, 0x1, 0x80, 0x18, 0x38, 0x1, 0xc3, 0x0,
    0xc, 0x70, 0x0, 0xe6, 0x0, 0xe, 0xe0, 0x0,
    0x7e, 0x0, 0x7, 0xe0, 0x0, 0x7e, 0x0, 0x7,
    0xe0, 0x0, 0x7e, 0x0, 0x7, 0xe0, 0x0, 0x7e,
    0x0, 0x7, 0x70, 0x0, 0x67, 0x0, 0xe, 0x30,
    0x0, 0xc3, 0x80, 0x1c, 0x18, 0x1, 0x80, 0xe0,
    0x70, 0x3, 0xfc, 0x0, 0x4, 0x0,

    /* U+00D6 "Ö" */
    0x3, 0x8e, 0x0, 0x38, 0xe0, 0x3, 0x8e, 0x0,
    0x0, 0x0, 0x0, 0x20, 0x0, 0x3f, 0xc0, 0xc,
    0x7, 0x1, 0x80, 0x18, 0x38, 0x1, 0xc3, 0x0,
    0xc, 0x70, 0x0, 0xe6, 0x0, 0xe, 0xe0, 0x0,
    0x7e, 0x0, 0x7, 0xe0, 0x0, 0x7e, 0x0, 0x7,
    0xe0, 0x0, 0x7e, 0x0, 0x7, 0xe0, 0x0, 0x7e,
    0x0, 0x7, 0x70, 0x0, 0x67, 0x0, 0xe, 0x30,
    0x0, 0xc3, 0x80, 0x1c, 0x18, 0x1, 0x80, 0xe0,
    0x70, 0x3, 0xfc, 0x0, 0x4, 0x0,

    /* U+00D7 "×" */
    0x80, 0x14, 0x2, 0x60, 0x43, 0x8, 0x19, 0x80,
    0xf0, 0x6, 0x0, 0xf0, 0x19, 0x83, 0xc, 0x60,
    0x6c, 0x3, 0x80, 0x10,

    /* U+00D8 "Ø" */
    0x0, 0x20, 0x20, 0x3f, 0xc6, 0xc, 0x7, 0x41,
    0x80, 0x38, 0x38, 0x1, 0xc3, 0x0, 0x3e, 0x70,
    0x7, 0xe6, 0x0, 0x6e, 0xe0, 0xc, 0x7e, 0x1,
    0x87, 0xe0, 0x30, 0x7e, 0x3, 0x7, 0xe0, 0x60,
    0x7e, 0xc, 0x7, 0xe1, 0x80, 0x7e, 0x30, 0x7,
    0x72, 0x0, 0x67, 0x60, 0xe, 0x7c, 0x0, 0xc3,
    0x80, 0x18, 0x1c, 0x1, 0x82, 0xe0, 0x60, 0x67,
    0xfc, 0x4, 0x4, 0x0,

    /* U+00D9 "Ù" */
    0x0, 0x70, 0x0, 0x1, 0xc0, 0x0, 0x3, 0x80,
    0x0, 0x6, 0x0, 0x0, 0x8, 0x0, 0x0, 0x20,
    0x0, 0x0, 0x0, 0x3f, 0xe0, 0x7f, 0x3e, 0x0,
    0x70, 0x70, 0x0, 0x81, 0xc0, 0x2, 0x7, 0x0,
    0x8, 0x1c, 0x0, 0x20, 0x70, 0x0, 0x81, 0xc0,
    0x2, 0x7, 0x0, 0x8, 0x1c, 0x0, 0x20, 0x70,
    0x0, 0x81, 0xc0, 0x2, 0x7, 0x0, 0x8, 0x1c,
    0x0, 0x20, 0x70, 0x0, 0x81, 0xc0, 0x2, 0x7,
    0x0, 0x8, 0x1c, 0x0, 0x20, 0x38, 0x1, 0x0,
    0xe0, 0x4, 0x1, 0xc0, 0x60, 0x3, 0xfe, 0x0,
    0x0, 0x80, 0x0,

    /* U+00DA "Ú" */
    0x0, 0x1e, 0x0, 0x0, 0x70, 0x0, 0x1, 0x80,
    0x0, 0xc, 0x0, 0x0, 0x20, 0x0, 0x0, 0x80,
    0x0, 0x0, 0x0, 0x3f, 0xe0, 0x7f, 0x3e, 0x0,
    0x70, 0x70, 0x0, 0x81, 0xc0, 0x2, 0x7, 0x0,
    0x8, 0x1c, 0x0, 0x20, 0x70, 0x0, 0x81, 0xc0,
    0x2, 0x7, 0x0, 0x8, 0x1c, 0x0, 0x20, 0x70,
    0x0, 0x81, 0xc0, 0x2, 0x7, 0x0, 0x8, 0x1c,
    0x0, 0x20, 0x70, 0x0, 0x81, 0xc0, 0x2, 0x7,
    0x0, 0x8, 0x1c, 0x0, 0x20, 0x38, 0x1, 0x0,
    0xe0, 0x4, 0x1, 0xc0, 0x60, 0x3, 0xfe, 0x0,
    0x0, 0x80, 0x0,

    /* U+00DB "Û" */
    0x0, 0x18, 0x0, 0x0, 0xf0, 0x0, 0x6, 0xe0,
    0x0, 0x11, 0x80, 0x0, 0x81, 0x0, 0x0, 0x0,
    0x0, 0x0, 0x0, 0x3f, 0xe0, 0x7f, 0x3e, 0x0,
    0x70, 0x70, 0x0, 0x81, 0xc0, 0x2, 0x7, 0x0,
    0x8, 0x1c, 0x0, 0x20, 0x70, 0x0, 0x81, 0xc0,
    0x2, 0x7, 0x0, 0x8, 0x1c, 0x0, 0x20, 0x70,
    0x0, 0x81, 0xc0, 0x2, 0x7, 0x0, 0x8, 0x1c,
    0x0, 0x20, 0x70, 0x0, 0x81, 0xc0, 0x2, 0x7,
    0x0, 0x8, 0x1c, 0x0, 0x20, 0x38, 0x1, 0x0,
    0xe0, 0x4, 0x1, 0xc0, 0x60, 0x3, 0xfe, 0x0,
    0x0, 0x80, 0x0,

    /* U+00DC "Ü" */
    0x0, 0xe7, 0x0, 0x3, 0x9c, 0x0, 0xe, 0x70,
    0x0, 0x0, 0x0, 0x0, 0x0, 0x3, 0xfe, 0x7,
    0xf3, 0xe0, 0x7, 0x7, 0x0, 0x8, 0x1c, 0x0,
    0x20, 0x70, 0x0, 0x81, 0xc0, 0x2, 0x7, 0x0,
    0x8, 0x1c, 0x0, 0x20, 0x70, 0x0, 0x81, 0xc0,
    0x2, 0x7, 0x0, 0x8, 0x1c, 0x0, 0x20, 0x70,
    0x0, 0x81, 0xc0, 0x2, 0x7, 0x0, 0x8, 0x1c,
    0x0, 0x20, 0x70, 0x0, 0x81, 0xc0, 0x2, 0x3,
    0x80, 0x10, 0xe, 0x0, 0x40, 0x1c, 0x6, 0x0,
    0x3f, 0xe0, 0x0, 0x8, 0x0,

    /* U+00DD "Ý" */
    0x0, 0xf, 0x0, 0x0, 0x1c, 0x0, 0x0, 0x30,
    0x0, 0x0, 0xc0, 0x0, 0x1, 0x0, 0x0, 0x4,
    0x0, 0x0, 0x0, 0x0, 0x7f, 0xc0, 0xff, 0x3e,
    0x0, 0x78, 0x3c, 0x0, 0xe0, 0x38, 0x1, 0x80,
    0x78, 0x2, 0x0, 0x78, 0xc, 0x0, 0x70, 0x30,
    0x0, 0xf0, 0x40, 0x0, 0xf1, 0x80, 0x0, 0xe6,
    0x0, 0x1, 0xe8, 0x0, 0x1, 0xf0, 0x0, 0x1,
    0xc0, 0x0, 0x3, 0x80, 0x0, 0x7, 0x0, 0x0,
    0xe, 0x0, 0x0, 0x1c, 0x0, 0x0, 0x38, 0x0,
    0x0, 0x70, 0x0, 0x0, 0xe0, 0x0, 0x3, 0xe0,
    0x0, 0x1f, 0xf0, 0x0,

    /* U+00DE "Þ" */
    0xff, 0x80, 0x3e, 0x0, 0x1c, 0x0, 0x1c, 0x0,
    0x1c, 0x0, 0x1f, 0xf0, 0x1c, 0x3c, 0x1c, 0xe,
    0x1c, 0xe, 0x1c, 0x7, 0x1c, 0x7, 0x1c, 0x7,
    0x1c, 0x7, 0x1c, 0xe, 0x1c, 0xe, 0x1c, 0x3c,
    0x1f, 0xf0, 0x1c, 0x0, 0x1c, 0x0, 0x1c, 0x0,
    0x3e, 0x0, 0xff, 0x80,

    /* U+00DF "ß" */
    0x7, 0xc0, 0x18, 0xc0, 0x60, 0xc1, 0xc1, 0xc3,
    0x83, 0x87, 0x7, 0xe, 0xe, 0x1c, 0x1c, 0x38,
    0x70, 0x70, 0xc0, 0xe7, 0x81, 0xc3, 0xc3, 0x81,
    0xc7, 0x3, 0x8e, 0x3, 0x9c, 0x7, 0x38, 0xe,
    0x70, 0x1c, 0xe0, 0x39, 0xdc, 0x63, 0xb8, 0xc7,
    0x73, 0x3e, 0x7c, 0x0,

    /* U+00E0 "à" */
    0x1c, 0x0, 0x70, 0x1, 0x80, 0xc, 0x0, 0x30,
    0x0, 0x80, 0x0, 0x0, 0x0, 0x1f, 0x83, 0x8e,
    0x38, 0x39, 0xc1, 0xce, 0xe, 0x0, 0xf0, 0x1b,
    0x83, 0x1c, 0x70, 0xe7, 0x7, 0x38, 0x39, 0xc1,
    0xcf, 0x1e, 0xbf, 0x78, 0xe3, 0x80,

    /* U+00E1 "á" */
    0x3, 0xc0, 0x1c, 0x1, 0xc0, 0xc, 0x0, 0x40,
    0x4, 0x0, 0x0, 0x0, 0x0, 0x1f, 0x83, 0x8e,
    0x38, 0x39, 0xc1, 0xce, 0xe, 0x0, 0xf0, 0x1b,
    0x83, 0x1c, 0x70, 0xe7, 0x7, 0x38, 0x39, 0xc1,
    0xcf, 0x1e, 0xbf, 0x78, 0xe3, 0x80,

    /* U+00E2 "â" */
    0xf, 0x0, 0x78, 0x6, 0xe0, 0x21, 0x82, 0x4,
    0x0, 0x0, 0x0, 0x3, 0xf0, 0x71, 0xc7, 0x7,
    0x38, 0x39, 0xc1, 0xc0, 0x1e, 0x3, 0x70, 0x63,
    0x8e, 0x1c, 0xe0, 0xe7, 0x7, 0x38, 0x39, 0xe3,
    0xd7, 0xef, 0x1c, 0x70,

    /* U+00E3 "ã" */
    0x3c, 0x3, 0xf9, 0x13, 0xf0, 0x87, 0x80, 0x0,
    0x0, 0x0, 0x0, 0x3, 0xf0, 0x71, 0xc7, 0x7,
    0x38, 0x39, 0xc1, 0xc0, 0x1e, 0x3, 0x70, 0x63,
    0x8e, 0x1c, 0xe0, 0xe7, 0x7, 0x38, 0x39, 0xe3,
    0xd7, 0xef, 0x1c, 0x70,

    /* U+00E4 "ä" */
    0x39, 0xc1, 0xce, 0xe, 0x70, 0x0, 0x0, 0x0,
    0x0, 0x0, 0x0, 0x7, 0xe0, 0x73, 0x87, 0xe,
    0x38, 0x71, 0xc3, 0x80, 0x3c, 0x6, 0xe0, 0xe7,
    0xe, 0x38, 0xe1, 0xc7, 0xe, 0x38, 0x71, 0xe7,
    0x9f, 0xdf, 0x3c, 0x70,

    /* U+00E5 "å" */
    0xf, 0x0, 0xcc, 0x4, 0x20, 0x21, 0x1, 0x98,
    0x7, 0x80, 0x0, 0x0, 0x0, 0x1f, 0x83, 0x8e,
    0x38, 0x39, 0xc1, 0xce, 0xe, 0x0, 0xf0, 0x1b,
    0x83, 0x1c, 0x70, 0xe7, 0x7, 0x38, 0x39, 0xc1,
    0xcf, 0x1e, 0xbf, 0x78, 0xe3, 0x80,

    /* U+00E6 "æ" */
    0x1f, 0x1f, 0xe, 0x76, 0x3b, 0x87, 0x83, 0x70,
    0xe0, 0x7e, 0x1c, 0xe, 0x3, 0xff, 0xc1, 0xf0,
    0x0, 0xce, 0x0, 0x71, 0xc0, 0x1c, 0x38, 0x3,
    0x87, 0x0, 0xf0, 0xf0, 0x2e, 0x1f, 0xc, 0xe4,
    0xff, 0xf, 0x7, 0xc0,

    /* U+00E7 "ç" */
    0xf, 0x81, 0x8e, 0x30, 0xe6, 0x6, 0xe0, 0xe,
    0x0, 0xe0, 0xe, 0x0, 0xe0, 0xf, 0x1, 0xf0,
    0x27, 0x82, 0x7f, 0xe3, 0xfc, 0xf, 0x0, 0x40,
    0x7, 0x0, 0x30, 0x3, 0x0, 0x70, 0xe, 0x0,

    /* U+00E8 "è" */
    0x1e, 0x0, 0xe0, 0x6, 0x0, 0x30, 0x1, 0x0,
    0x10, 0x0, 0x0, 0x0, 0xf, 0x83, 0x1c, 0x60,
    0xe4, 0x7, 0xc0, 0x7f, 0xff, 0xc0, 0xc, 0x0,
    0xc0, 0xe, 0x0, 0xe0, 0x17, 0x2, 0x78, 0x63,
    0xfc, 0xf, 0x80,

    /* U+00E9 "é" */
    0x3, 0xc0, 0x38, 0x3, 0x0, 0x60, 0x4, 0x0,
    0x80, 0x0, 0x0, 0x0, 0xf, 0x83, 0x1c, 0x60,
    0xe4, 0x7, 0xc0, 0x7f, 0xff, 0xc0, 0xc, 0x0,
    0xc0, 0xe, 0x0, 0xe0, 0x17, 0x2, 0x78, 0x63,
    0xfc, 0xf, 0x80,

    /* U+00EA "ê" */
    0x7, 0x0, 0xf8, 0xd, 0x81, 0xc, 0x20, 0x20,
    0x0, 0x0, 0x0, 0xf8, 0x31, 0xc6, 0xe, 0x40,
    0x7c, 0x7, 0xff, 0xfc, 0x0, 0xc0, 0xc, 0x0,
    0xe0, 0xe, 0x1, 0x70, 0x27, 0x86, 0x3f, 0xc0,
    0xf8,

    /* U+00EB "ë" */
    0x38, 0xe3, 0x8e, 0x38, 0xe0, 0x0, 0x0, 0x0,
    0x0, 0x0, 0x0, 0xf8, 0x31, 0xc6, 0xe, 0x40,
    0x7c, 0x7, 0xff, 0xfc, 0x0, 0xc0, 0xc, 0x0,
    0xe0, 0xe, 0x1, 0x70, 0x27, 0x86, 0x3f, 0xc0,
    0xf8,

    /* U+00EC "ì" */
    0xf0, 0xe0, 0xc0, 0xc0, 0x80, 0x0, 0xc, 0xf8,
    0x70, 0xe1, 0xc3, 0x87, 0xe, 0x1c, 0x38, 0x70,
    0xe1, 0xc3, 0x9f, 0xc0,

    /* U+00ED "í" */
    0x1c, 0x38, 0xe1, 0x82, 0x8, 0x0, 0xc, 0xf8,
    0x70, 0xe1, 0xc3, 0x87, 0xe, 0x1c, 0x38, 0x70,
    0xe1, 0xc3, 0x9f, 0xc0,

    /* U+00EE "î" */
    0x1c, 0x1f, 0x19, 0xc8, 0x68, 0x8, 0x0, 0x0,
    0x18, 0x7c, 0xe, 0x7, 0x3, 0x81, 0xc0, 0xe0,
    0x70, 0x38, 0x1c, 0xe, 0x7, 0x3, 0x81, 0xc3,
    0xf8,

    /* U+00EF "ï" */
    0xe3, 0xf1, 0xf8, 0xe0, 0x0, 0x0, 0x0, 0x0,
    0x18, 0x7c, 0xe, 0x7, 0x3, 0x81, 0xc0, 0xe0,
    0x70, 0x38, 0x1c, 0xe, 0x7, 0x3, 0x81, 0xc3,
    0xf8,

    /* U+00F0 "ð" */
    0x10, 0x0, 0x21, 0x80, 0x7c, 0x0, 0xc0, 0xd,
    0x80, 0xc7, 0x0, 0xe, 0x0, 0x1c, 0xf, 0xf0,
    0x63, 0xe3, 0x7, 0x98, 0xe, 0x60, 0x3f, 0x80,
    0x7e, 0x1, 0xf8, 0x7, 0xe0, 0x1f, 0x80, 0x7f,
    0x1, 0x9c, 0x6, 0x38, 0x30, 0x71, 0x80, 0xfc,
    0x0,

    /* U+00F1 "ñ" */
    0xe, 0x10, 0x3e, 0x20, 0x4e, 0x41, 0xf, 0x82,
    0xe, 0x0, 0x0, 0x0, 0x0, 0xc, 0x70, 0xfb,
    0xf0, 0x7c, 0xf0, 0xe0, 0xe1, 0xc1, 0xc3, 0x83,
    0x87, 0x7, 0xe, 0xe, 0x1c, 0x1c, 0x38, 0x38,
    0x70, 0x70, 0xe0, 0xe1, 0xc1, 0xc3, 0x83, 0x9f,
    0xdf, 0xc0,

    /* U+00F2 "ò" */
    0xe, 0x0, 0x1c, 0x0, 0x70, 0x0, 0xc0, 0x1,
    0x0, 0x2, 0x0, 0x0, 0x0, 0x0, 0xf, 0xc0,
    0x63, 0x83, 0x7, 0x18, 0xe, 0x60, 0x3f, 0x80,
    0x7e, 0x1, 0xf8, 0x7, 0xe0, 0x1f, 0x80, 0x77,
    0x1, 0x9c, 0x6, 0x38, 0x30, 0x71, 0x80, 0xfc,
    0x0,

    /* U+00F3 "ó" */
    0x1, 0xc0, 0x6, 0x0, 0x38, 0x0, 0xc0, 0x2,
    0x0, 0x10, 0x0, 0x0, 0x0, 0x0, 0xf, 0xc0,
    0x63, 0x83, 0x7, 0x18, 0xe, 0x60, 0x3f, 0x80,
    0x7e, 0x1, 0xf8, 0x7, 0xe0, 0x1f, 0x80, 0x77,
    0x1, 0x9c, 0x6, 0x38, 0x30, 0x71, 0x80, 0xfc,
    0x0,

    /* U+00F4 "ô" */
    0x7, 0x80, 0x1e, 0x0, 0xcc, 0x2, 0x18, 0x10,
    0x20, 0x0, 0x0, 0x0, 0x3, 0xf0, 0x18, 0xe0,
    0xc1, 0xc6, 0x3, 0x98, 0xf, 0xe0, 0x1f, 0x80,
    0x7e, 0x1, 0xf8, 0x7, 0xe0, 0x1d, 0xc0, 0x67,
    0x1, 0x8e, 0xc, 0x1c, 0x60, 0x3f, 0x0,

    /* U+00F5 "õ" */
    0x1e, 0x10, 0xfe, 0x42, 0x7e, 0x8, 0x78, 0x0,
    0x0, 0x0, 0x0, 0x0, 0x3, 0xf0, 0x18, 0xe0,
    0xc1, 0xc6, 0x3, 0x98, 0xf, 0xe0, 0x1f, 0x80,
    0x7e, 0x1, 0xf8, 0x7, 0xe0, 0x1d, 0xc0, 0x67,
    0x1, 0x8e, 0xc, 0x1c, 0x60, 0x3f, 0x0,

    /* U+00F6 "ö" */
    0x1c, 0xe0, 0x73, 0x81, 0xce, 0x0, 0x0, 0x0,
    0x0, 0x0, 0x0, 0x0, 0x3, 0xf0, 0x18, 0xe0,
    0xc1, 0xc6, 0x3, 0x98, 0xf, 0xe0, 0x1f, 0x80,
    0x7e, 0x1, 0xf8, 0x7, 0xe0, 0x1d, 0xc0, 0x67,
    0x1, 0x8e, 0xc, 0x1c, 0x60, 0x3f, 0x0,

    /* U+00F7 "÷" */
    0x1, 0xc0, 0x0, 0xe0, 0x0, 0x70, 0x0, 0x0,
    0x0, 0x0, 0x0, 0x0, 0x3, 0xff, 0xfe, 0x0,
    0x0, 0x0, 0x0, 0x0, 0x0, 0x0, 0x70, 0x0,
    0x38, 0x0, 0x1c, 0x0,

    /* U+00F8 "ø" */
    0x0, 0x0, 0x7, 0xc4, 0x31, 0xd0, 0xc1, 0xc3,
    0x1, 0xc6, 0x7, 0x9c, 0x13, 0xb8, 0x47, 0x71,
    0x8e, 0xe6, 0x1d, 0xd8, 0x39, 0xe0, 0x63, 0x80,
    0xc3, 0x83, 0xb, 0x8c, 0x23, 0xf0, 0x0, 0x0,

    /* U+00F9 "ù" */
    0x7, 0x0, 0xe, 0x0, 0xc, 0x0, 0x8, 0x0,
    0x8, 0x0, 0x10, 0x0, 0x0, 0x0, 0x0, 0xf8,
    0xf8, 0x70, 0x70, 0xe0, 0xe1, 0xc1, 0xc3, 0x83,
    0x87, 0x7, 0xe, 0xe, 0x1c, 0x1c, 0x38, 0x38,
    0x70, 0x70, 0xe0, 0xe1, 0xc1, 0xc3, 0xcf, 0x83,
    0xf7, 0xc3, 0x8c, 0x0,

    /* U+00FA "ú" */
    0x1, 0xc0, 0x3, 0x0, 0xe, 0x0, 0x18, 0x0,
    0x20, 0x0, 0x80, 0x0, 0x0, 0x0, 0x0, 0xf8,
    0xf8, 0x70, 0x70, 0xe0, 0xe1, 0xc1, 0xc3, 0x83,
    0x87, 0x7, 0xe, 0xe, 0x1c, 0x1c, 0x38, 0x38,
    0x70, 0x70, 0xe0, 0xe1, 0xc1, 0xc3, 0xcf, 0x83,
    0xf7, 0xc3, 0x8c, 0x0,

    /* U+00FB "û" */
    0x3, 0x80, 0xf, 0x80, 0x13, 0x0, 0x43, 0x0,
    0x0, 0x0, 0x0, 0x0, 0x0, 0x7c, 0x7c, 0x38,
    0x38, 0x70, 0x70, 0xe0, 0xe1, 0xc1, 0xc3, 0x83,
    0x87, 0x7, 0xe, 0xe, 0x1c, 0x1c, 0x38, 0x38,
    0x70, 0x70, 0xe0, 0xe1, 0xe7, 0xc1, 0xfb, 0xe1,
    0xc6, 0x0,

    /* U+00FC "ü" */
    0x1c, 0x70, 0x38, 0xe0, 0x71, 0xc0, 0x0, 0x0,
    0x0, 0x0, 0x0, 0x0, 0x0, 0x7c, 0x7c, 0x38,
    0x38, 0x70, 0x70, 0xe0, 0xe1, 0xc1, 0xc3, 0x83,
    0x87, 0x7, 0xe, 0xe, 0x1c, 0x1c, 0x38, 0x38,
    0x70, 0x70, 0xe0, 0xe1, 0xe7, 0xc1, 0xfb, 0xe1,
    0xc6, 0x0,

    /* U+00FD "ý" */
    0x0, 0xe0, 0x1, 0xc0, 0x1, 0x80, 0x1, 0x0,
    0x3, 0x0, 0x2, 0x0, 0x0, 0x0, 0xfe, 0x1f,
    0x78, 0xe, 0x38, 0xc, 0x18, 0xc, 0x1c, 0x8,
    0xc, 0x18, 0xe, 0x10, 0x6, 0x30, 0x7, 0x30,
    0x7, 0x20, 0x3, 0xe0, 0x3, 0xc0, 0x1, 0xc0,
    0x1, 0xc0, 0x0, 0x80, 0x1, 0x80, 0x1, 0x0,
    0x1, 0x0, 0x3, 0x0, 0x7e, 0x0, 0x7c, 0x0,
    0x38, 0x0,

    /* U+00FE "þ" */
    0x18, 0x0, 0xf0, 0x2, 0xe0, 0x1, 0xc0, 0x3,
    0x80, 0x7, 0x0, 0xe, 0x0, 0x1c, 0x0, 0x38,
    0xf0, 0x77, 0xf0, 0xf8, 0xf1, 0xe0, 0xe3, 0x81,
    0xe7, 0x1, 0xce, 0x3, 0x9c, 0x7, 0x38, 0xe,
    0x70, 0x1c, 0xe0, 0x31, 0xc0, 0xe3, 0x81, 0x87,
    0x86, 0xe, 0xf8, 0x1c, 0x0, 0x38, 0x0, 0x70,
    0x0, 0xe0, 0x1, 0xc0, 0x3, 0x80, 0x1f, 0xc0,
    0x0,

    /* U+00FF "ÿ" */
    0xe, 0x38, 0xe, 0x38, 0xe, 0x38, 0x0, 0x0,
    0x0, 0x0, 0x0, 0x0, 0x0, 0x0, 0xfc, 0x1f,
    0x78, 0x6, 0x38, 0x4, 0x18, 0xc, 0x1c, 0x8,
    0xc, 0x18, 0xe, 0x10, 0xe, 0x10, 0x7, 0x30,
    0x7, 0x20, 0x3, 0xa0, 0x3, 0xc0, 0x1, 0xc0,
    0x1, 0xc0, 0x1, 0x80, 0x1, 0x80, 0x1, 0x0,
    0x3, 0x0, 0x3, 0x0, 0x76, 0x0, 0x7c, 0x0,
    0x38, 0x0,

    /* U+0100 "Ā" */
    0x3, 0xff, 0x0, 0xf, 0xfc, 0x0, 0x0, 0x0,
    0x0, 0x0, 0x0, 0x0, 0x20, 0x0, 0x0, 0xc0,
    0x0, 0x3, 0x0, 0x0, 0x1e, 0x0, 0x0, 0x78,
    0x0, 0x3, 0xf0, 0x0, 0xd, 0xc0, 0x0, 0x67,
    0x0, 0x1, 0x8e, 0x0, 0x4, 0x38, 0x0, 0x30,
    0xf0, 0x0, 0x81, 0xc0, 0x6, 0x7, 0x0, 0x18,
    0xe, 0x0, 0xff, 0xf8, 0x3, 0x0, 0xf0, 0x8,
    0x1, 0xc0, 0x60, 0x7, 0x81, 0x0, 0xe, 0xc,
    0x0, 0x3c, 0x70, 0x0, 0xf3, 0xf0, 0xf, 0xf0,

    /* U+0101 "ā" */
    0x7f, 0xe3, 0xff, 0x0, 0x0, 0x0, 0x0, 0x0,
    0xf, 0xc1, 0xc7, 0x1c, 0x1c, 0xe0, 0xe7, 0x7,
    0x0, 0x78, 0xd, 0xc1, 0x8e, 0x38, 0x73, 0x83,
    0x9c, 0x1c, 0xe0, 0xe7, 0x8f, 0x5f, 0xbc, 0x71,
    0xc0,

    /* U+0102 "Ă" */
    0x2, 0x2, 0x0, 0x6, 0x18, 0x0, 0xf, 0xc0,
    0x0, 0x1e, 0x0, 0x0, 0x0, 0x0, 0x0, 0x0,
    0x0, 0x3, 0x0, 0x0, 0xc, 0x0, 0x0, 0x70,
    0x0, 0x1, 0xe0, 0x0, 0x7, 0x80, 0x0, 0x3f,
    0x0, 0x0, 0x9c, 0x0, 0x6, 0x70, 0x0, 0x18,
    0xe0, 0x0, 0xc3, 0x80, 0x3, 0xf, 0x0, 0x8,
    0x1c, 0x0, 0x60, 0x78, 0x1, 0x81, 0xe0, 0xf,
    0xff, 0x80, 0x30, 0xf, 0x0, 0x80, 0x1c, 0x6,
    0x0, 0x78, 0x10, 0x0, 0xe0, 0xc0, 0x3, 0xc7,
    0x0, 0xf, 0x3f, 0x0, 0xff,

    /* U+0103 "ă" */
    0x40, 0x21, 0x82, 0xf, 0xf0, 0x1e, 0x0, 0x0,
    0x0, 0x0, 0x0, 0x3, 0xf0, 0x71, 0xc7, 0x7,
    0x38, 0x39, 0xc1, 0xc0, 0x1e, 0x3, 0x70, 0x63,
    0x8e, 0x1c, 0xe0, 0xe7, 0x7, 0x38, 0x39, 0xe3,
    0xd7, 0xef, 0x1c, 0x70,

    /* U+0104 "Ą" */
    0x0, 0x10, 0x0, 0x0, 0x10, 0x0, 0x0, 0x38,
    0x0, 0x0, 0x38, 0x0, 0x0, 0x7c, 0x0, 0x0,
    0x5c, 0x0, 0x0, 0xde, 0x0, 0x0, 0xce, 0x0,
    0x0, 0x8e, 0x0, 0x1, 0x8f, 0x0, 0x1, 0x7,
    0x0, 0x3, 0x7, 0x80, 0x3, 0x3, 0x80, 0x6,
    0x3, 0xc0, 0x7, 0xff, 0xc0, 0x4, 0x1, 0xc0,
    0xc, 0x1, 0xe0, 0x8, 0x0, 0xe0, 0x18, 0x0,
    0xf0, 0x18, 0x0, 0x70, 0x38, 0x0, 0xf8, 0xfe,
    0x3, 0xfe, 0x0, 0x0, 0x40, 0x0, 0x0, 0xc0,
    0x0, 0x0, 0xc0, 0x0, 0x0, 0xe0, 0x0, 0x0,
    0xf0, 0x0, 0x0, 0x3c,

    /* U+0105 "ą" */
    0x1f, 0x80, 0xe3, 0x83, 0x83, 0x87, 0x7, 0xe,
    0xe, 0x0, 0x3c, 0x1, 0xb8, 0xc, 0x70, 0x70,
    0xe1, 0xc1, 0xc3, 0x83, 0x87, 0x7, 0xf, 0x1e,
    0x8f, 0xde, 0xe, 0x38, 0x0, 0x60, 0x0, 0xc0,
    0x1, 0x80, 0x3, 0x80, 0x3, 0xf0,

    /* U+0106 "Ć" */
    0x0, 0x3c, 0x0, 0x7, 0x0, 0x0, 0xc0, 0x0,
    0x30, 0x0, 0x6, 0x0, 0x0, 0x80, 0x0, 0x0,
    0x8, 0x1f, 0xf3, 0x6, 0x1, 0xe3, 0x80, 0x1c,
    0x60, 0x1, 0x98, 0x0, 0x37, 0x0, 0x2, 0xe0,
    0x0, 0x58, 0x0, 0x7, 0x0, 0x0, 0xe0, 0x0,
    0x1c, 0x0, 0x3, 0x80, 0x0, 0x70, 0x0, 0xe,
    0x0, 0x1, 0xc0, 0x0, 0x18, 0x0, 0x3, 0x80,
    0x0, 0x30, 0x0, 0x27, 0x0, 0x8, 0x70, 0x3,
    0x7, 0x0, 0xc0, 0x3f, 0xe0, 0x0, 0x40, 0x0,

    /* U+0107 "ć" */
    0x1, 0xc0, 0x38, 0x3, 0x0, 0x30, 0x2, 0x0,
    0x40, 0x0, 0x0, 0x0, 0xf, 0x81, 0x8e, 0x30,
    0xe6, 0x7, 0xe0, 0x6e, 0x0, 0xe0, 0xe, 0x0,
    0xe0, 0xf, 0x1, 0xf0, 0x17, 0x82, 0x7c, 0x63,
    0xfc, 0xf, 0x0,

    /* U+0108 "Ĉ" */
    0x0, 0xf0, 0x0, 0x3e, 0x0, 0x6, 0xe0, 0x1,
    0x8c, 0x0, 0x20, 0x40, 0x8, 0x0, 0x0, 0x0,
    0x8, 0x1f, 0xf3, 0x6, 0x1, 0xe3, 0x80, 0x1c,
    0x60, 0x1, 0x98, 0x0, 0x37, 0x0, 0x2, 0xe0,
    0x0, 0x58, 0x0, 0x7, 0x0, 0x0, 0xe0, 0x0,
    0x1c, 0x0, 0x3, 0x80, 0x0, 0x70, 0x0, 0xe,
    0x0, 0x1, 0xc0, 0x0, 0x18, 0x0, 0x3, 0x80,
    0x0, 0x30, 0x0, 0x27, 0x0, 0x8, 0x70, 0x3,
    0x7, 0x0, 0xc0, 0x3f, 0xe0, 0x0, 0x40, 0x0,

    /* U+0109 "ĉ" */
    0x7, 0x0, 0xf0, 0x19, 0x81, 0x8, 0x20, 0x40,
    0x0, 0x0, 0x0, 0xf8, 0x18, 0xe3, 0xe, 0x60,
    0x7e, 0x6, 0xe0, 0xe, 0x0, 0xe0, 0xe, 0x0,
    0xf0, 0x1f, 0x1, 0x78, 0x27, 0xc6, 0x3f, 0xc0,
    0xf0,

    /* U+010A "Ċ" */
    0x0, 0x70, 0x0, 0xe, 0x0, 0x1, 0xc0, 0x0,
    0x0, 0x0, 0x0, 0x2, 0x7, 0xfc, 0xc1, 0x80,
    0x78, 0xe0, 0x7, 0x18, 0x0, 0x66, 0x0, 0xd,
    0xc0, 0x0, 0xb8, 0x0, 0x16, 0x0, 0x1, 0xc0,
    0x0, 0x38, 0x0, 0x7, 0x0, 0x0, 0xe0, 0x0,
    0x1c, 0x0, 0x3, 0x80, 0x0, 0x70, 0x0, 0x6,
    0x0, 0x0, 0xe0, 0x0, 0xc, 0x0, 0x9, 0xc0,
    0x2, 0x1c, 0x0, 0xc1, 0xc0, 0x30, 0xf, 0xf8,
    0x0, 0x10, 0x0,

    /* U+010B "ċ" */
    0x7, 0x0, 0x70, 0x7, 0x0, 0x0, 0x0, 0x0,
    0x0, 0x0, 0x0, 0xf8, 0x18, 0xe3, 0xe, 0x60,
    0x7e, 0x6, 0xe0, 0xe, 0x0, 0xe0, 0xe, 0x0,
    0xf0, 0x1f, 0x1, 0x78, 0x27, 0xc6, 0x3f, 0xc0,
    0xf0,

    /* U+010C "Č" */
    0x0, 0x0, 0x0, 0x60, 0xc0, 0x6, 0x30, 0x0,
    0x7c, 0x0, 0xf, 0x80, 0x0, 0xe0, 0x0, 0x0,
    0x8, 0x1f, 0xf3, 0x6, 0x1, 0xe3, 0x80, 0x1c,
    0x60, 0x1, 0x98, 0x0, 0x37, 0x0, 0x2, 0xe0,
    0x0, 0x58, 0x0, 0x7, 0x0, 0x0, 0xe0, 0x0,
    0x1c, 0x0, 0x3, 0x80, 0x0, 0x70, 0x0, 0xe,
    0x0, 0x1, 0xc0, 0x0, 0x18, 0x0, 0x3, 0x80,
    0x0, 0x30, 0x0, 0x27, 0x0, 0x8, 0x70, 0x3,
    0x7, 0x0, 0xc0, 0x3f, 0xe0, 0x0, 0x40, 0x0,

    /* U+010D "č" */
    0x10, 0x21, 0x84, 0xc, 0xc0, 0x78, 0x7, 0x80,
    0x0, 0x0, 0x0, 0xf8, 0x18, 0xe3, 0xe, 0x60,
    0x7e, 0x6, 0xe0, 0xe, 0x0, 0xe0, 0xe, 0x0,
    0xf0, 0x1f, 0x1, 0x78, 0x27, 0xc6, 0x3f, 0xc0,
    0xf0,

    /* U+010E "Ď" */
    0x0, 0x2, 0x0, 0x18, 0x20, 0x0, 0x62, 0x0,
    0x3, 0xb0, 0x0, 0xf, 0x0, 0x0, 0x38, 0x0,
    0x0, 0x0, 0xf, 0xff, 0x80, 0x1c, 0xf, 0x0,
    0xe0, 0x1e, 0x7, 0x0, 0x78, 0x38, 0x1, 0xc1,
    0xc0, 0x7, 0xe, 0x0, 0x38, 0x70, 0x0, 0xe3,
    0x80, 0x7, 0x1c, 0x0, 0x38, 0xe0, 0x1, 0xc7,
    0x0, 0xe, 0x38, 0x0, 0x71, 0xc0, 0x3, 0x8e,
    0x0, 0x1c, 0x70, 0x1, 0xc3, 0x80, 0xe, 0x1c,
    0x0, 0xe0, 0xe0, 0xe, 0x7, 0x0, 0xe0, 0x38,
    0x1e, 0x7, 0xff, 0x80, 0x0,

    /* U+010F "ď" */
    0x0, 0x19, 0xc0, 0x1f, 0x3c, 0x0, 0xe7, 0x80,
    0x1c, 0x10, 0x3, 0x82, 0x0, 0x70, 0x40, 0xe,
    0x10, 0x1, 0xc4, 0x7, 0xb8, 0x3, 0x1f, 0x0,
    0xc1, 0xe0, 0x38, 0x1c, 0x6, 0x3, 0x81, 0xc0,
    0x70, 0x38, 0xe, 0x7, 0x1, 0xc0, 0xe0, 0x38,
    0x1c, 0x7, 0x3, 0xc0, 0xe0, 0x38, 0x1c, 0x7,
    0xc7, 0xc0, 0x7f, 0x7c, 0x3, 0xcc, 0x0,

    /* U+0110 "Đ" */
    0x7f, 0xfc, 0x0, 0xe0, 0x78, 0x7, 0x0, 0xf0,
    0x38, 0x3, 0xc1, 0xc0, 0xe, 0xe, 0x0, 0x38,
    0x70, 0x1, 0xc3, 0x80, 0x7, 0x1c, 0x0, 0x38,
    0xe0, 0x1, 0xff, 0xfc, 0xe, 0x38, 0x0, 0x71,
    0xc0, 0x3, 0x8e, 0x0, 0x1c, 0x70, 0x0, 0xc3,
    0x80, 0xe, 0x1c, 0x0, 0x70, 0xe0, 0x7, 0x7,
    0x0, 0x70, 0x38, 0x7, 0x1, 0xc0, 0xf0, 0x3f,
    0xfc, 0x0,

    /* U+0111 "đ" */
    0x0, 0x18, 0x1, 0xf0, 0x0, 0xe0, 0x1, 0xc0,
    0x7f, 0xe0, 0x7, 0x0, 0xe, 0x0, 0x1c, 0x7,
    0xb8, 0x31, 0xf0, 0xc1, 0xe3, 0x81, 0xc6, 0x3,
    0x9c, 0x7, 0x38, 0xe, 0x70, 0x1c, 0xe0, 0x39,
    0xc0, 0x73, 0xc0, 0xe3, 0x81, 0xc7, 0xc7, 0xc7,
    0xf7, 0xc3, 0xcc, 0x0,

    /* U+0112 "Ē" */
    0xf, 0xfc, 0x3, 0xff, 0x0, 0x0, 0x0, 0x0,
    0x0, 0x7f, 0xff, 0x87, 0x0, 0x61, 0xc0, 0x18,
    0x70, 0x2, 0x1c, 0x0, 0x87, 0x0, 0x1, 0xc0,
    0x0, 0x70, 0x8, 0x1c, 0x2, 0x7, 0x1, 0x81,
    0xff, 0xe0, 0x70, 0x18, 0x1c, 0x2, 0x7, 0x0,
    0x81, 0xc0, 0x0, 0x70, 0x0, 0x1c, 0x0, 0x47,
    0x0, 0x11, 0xc0, 0xc, 0x70, 0x2, 0x1c, 0x3,
    0x9f, 0xff, 0xe0,

    /* U+0113 "ē" */
    0x7f, 0xe7, 0xfe, 0x0, 0x0, 0x0, 0x0, 0x0,
    0xf8, 0x31, 0xc6, 0xe, 0x40, 0x7c, 0x7, 0xff,
    0xfc, 0x0, 0xc0, 0xc, 0x0, 0xe0, 0xe, 0x1,
    0x70, 0x27, 0x86, 0x3f, 0xc0, 0xf8,

    /* U+0114 "Ĕ" */
    0x8, 0x4, 0x1, 0x82, 0x0, 0x3f, 0x80, 0x7,
    0x80, 0x0, 0x0, 0x0, 0x0, 0x7, 0xff, 0xf8,
    0x70, 0x6, 0x1c, 0x1, 0x87, 0x0, 0x21, 0xc0,
    0x8, 0x70, 0x0, 0x1c, 0x0, 0x7, 0x0, 0x81,
    0xc0, 0x20, 0x70, 0x18, 0x1f, 0xfe, 0x7, 0x1,
    0x81, 0xc0, 0x20, 0x70, 0x8, 0x1c, 0x0, 0x7,
    0x0, 0x1, 0xc0, 0x4, 0x70, 0x1, 0x1c, 0x0,
    0xc7, 0x0, 0x21, 0xc0, 0x39, 0xff, 0xfe,

    /* U+0115 "ĕ" */
    0x40, 0x42, 0x4, 0x3f, 0x80, 0xf0, 0x0, 0x0,
    0x0, 0x0, 0x0, 0xf8, 0x31, 0xc6, 0xe, 0x40,
    0x7c, 0x7, 0xff, 0xfc, 0x0, 0xc0, 0xc, 0x0,
    0xe0, 0xe, 0x1, 0x70, 0x27, 0x86, 0x3f, 0xc0,
    0xf8,

    /* U+0116 "Ė" */
    0x0, 0xe0, 0x0, 0x38, 0x0, 0xe, 0x0, 0x0,
    0x0, 0x0, 0x0, 0x1f, 0xff, 0xe1, 0xc0, 0x18,
    0x70, 0x6, 0x1c, 0x0, 0x87, 0x0, 0x21, 0xc0,
    0x0, 0x70, 0x0, 0x1c, 0x2, 0x7, 0x0, 0x81,
    0xc0, 0x60, 0x7f, 0xf8, 0x1c, 0x6, 0x7, 0x0,
    0x81, 0xc0, 0x20, 0x70, 0x0, 0x1c, 0x0, 0x7,
    0x0, 0x11, 0xc0, 0x4, 0x70, 0x3, 0x1c, 0x0,
    0x87, 0x0, 0xe7, 0xff, 0xf8,

    /* U+0117 "ė" */
    0xe, 0x0, 0xe0, 0xe, 0x0, 0x0, 0x0, 0x0,
    0x0, 0x0, 0x0, 0xf8, 0x31, 0xc6, 0xe, 0x40,
    0x7c, 0x7, 0xff, 0xfc, 0x0, 0xc0, 0xc, 0x0,
    0xe0, 0xe, 0x1, 0x70, 0x27, 0x86, 0x3f, 0xc0,
    0xf8,

    /* U+0118 "Ę" */
    0x7f, 0xff, 0x87, 0x0, 0x61, 0xc0, 0x18, 0x70,
    0x2, 0x1c, 0x0, 0x87, 0x0, 0x1, 0xc0, 0x0,
    0x70, 0x8, 0x1c, 0x2, 0x7, 0x1, 0x81, 0xff,
    0xe0, 0x70, 0x18, 0x1c, 0x2, 0x7, 0x0, 0x81,
    0xc0, 0x0, 0x70, 0x0, 0x1c, 0x0, 0x47, 0x0,
    0x11, 0xc0, 0xc, 0x70, 0x2, 0x1c, 0x3, 0x9f,
    0xff, 0xe0, 0x0, 0x80, 0x0, 0x60, 0x0, 0x18,
    0x0, 0x6, 0x0, 0x1, 0xc0, 0x0, 0x3f,

    /* U+0119 "ę" */
    0xf, 0x80, 0xc7, 0x6, 0xe, 0x10, 0x1c, 0xc0,
    0x73, 0xff, 0xcc, 0x0, 0x30, 0x0, 0xc0, 0x3,
    0x80, 0x4f, 0x1, 0x1e, 0x8, 0x7f, 0xe0, 0xff,
    0x0, 0xf8, 0x0, 0xc0, 0x3, 0x0, 0xc, 0x0,
    0x3c, 0x0, 0x7c,

    /* U+011A "Ě" */
    0x0, 0x4, 0x1, 0x2, 0x0, 0x31, 0x0, 0xe,
    0xc0, 0x1, 0xe0, 0x0, 0x38, 0x0, 0x0, 0x1,
    0xff, 0xfe, 0x1c, 0x1, 0x87, 0x0, 0x61, 0xc0,
    0x8, 0x70, 0x2, 0x1c, 0x0, 0x7, 0x0, 0x1,
    0xc0, 0x20, 0x70, 0x8, 0x1c, 0x6, 0x7, 0xff,
    0x81, 0xc0, 0x60, 0x70, 0x8, 0x1c, 0x2, 0x7,
    0x0, 0x1, 0xc0, 0x0, 0x70, 0x1, 0x1c, 0x0,
    0x47, 0x0, 0x31, 0xc0, 0x8, 0x70, 0xe, 0x7f,
    0xff, 0x80,

    /* U+011B "ě" */
    0x20, 0x21, 0x4, 0x1c, 0xc0, 0xf8, 0x7, 0x0,
    0x0, 0x0, 0x0, 0xf8, 0x31, 0xc6, 0xe, 0x40,
    0x7c, 0x7, 0xff, 0xfc, 0x0, 0xc0, 0xc, 0x0,
    0xe0, 0xe, 0x1, 0x70, 0x27, 0x86, 0x3f, 0xc0,
    0xf8,

    /* U+011C "Ĝ" */
    0x0, 0x70, 0x0, 0x7, 0xc0, 0x0, 0x36, 0x0,
    0x3, 0x18, 0x0, 0x10, 0x60, 0x1, 0x0, 0x0,
    0x0, 0x0, 0x0, 0x7f, 0xe8, 0x6, 0x1, 0xe0,
    0x60, 0x7, 0x6, 0x0, 0x18, 0x60, 0x0, 0x47,
    0x0, 0x2, 0x38, 0x0, 0x1, 0x80, 0x0, 0x1c,
    0x0, 0x0, 0xe0, 0x0, 0x7, 0x0, 0x3f, 0xf8,
    0x0, 0x7d, 0xc0, 0x1, 0xce, 0x0, 0xe, 0x78,
    0x0, 0x71, 0xc0, 0x3, 0x8e, 0x0, 0x1c, 0x38,
    0x0, 0xe1, 0xc0, 0x7, 0x7, 0x0, 0x38, 0xe,
    0x1, 0xc0, 0x3f, 0xf8, 0x0, 0x8, 0x0,

    /* U+011D "ĝ" */
    0x7, 0x0, 0x1e, 0x0, 0xd8, 0x2, 0x30, 0x10,
    0x40, 0x0, 0x0, 0x0, 0x3, 0xe0, 0x18, 0xfc,
    0xc3, 0x87, 0x7, 0x1c, 0x1c, 0x70, 0x71, 0xc1,
    0xc7, 0x86, 0xe, 0x38, 0x1f, 0x80, 0xc0, 0x3,
    0x0, 0x1c, 0x0, 0x7f, 0xf0, 0x7f, 0xe2, 0x0,
    0xd0, 0x1, 0xc0, 0x7, 0x80, 0x2f, 0x1, 0x9f,
    0xf8, 0x1f, 0x80,

    /* U+011E "Ğ" */
    0x2, 0x1, 0x0, 0xc, 0x10, 0x0, 0x3f, 0x80,
    0x0, 0xf0, 0x0, 0x0, 0x0, 0x0, 0x0, 0x0,
    0xf, 0xfd, 0x0, 0xc0, 0x3c, 0xc, 0x0, 0xe0,
    0xc0, 0x3, 0xc, 0x0, 0x8, 0xe0, 0x0, 0x47,
    0x0, 0x0, 0x30, 0x0, 0x3, 0x80, 0x0, 0x1c,
    0x0, 0x0, 0xe0, 0x7, 0xff, 0x0, 0xf, 0xb8,
    0x0, 0x39, 0xc0, 0x1, 0xcf, 0x0, 0xe, 0x38,
    0x0, 0x71, 0xc0, 0x3, 0x87, 0x0, 0x1c, 0x38,
    0x0, 0xe0, 0xe0, 0x7, 0x1, 0xc0, 0x38, 0x7,
    0xff, 0x0, 0x1, 0x0, 0x0,

    /* U+011F "ğ" */
    0x20, 0x20, 0x40, 0x81, 0x86, 0x3, 0xf0, 0x7,
    0x80, 0x0, 0x0, 0x0, 0x3, 0xe0, 0x18, 0xfc,
    0xc3, 0x87, 0x7, 0x1c, 0x1c, 0x70, 0x71, 0xc1,
    0xc7, 0x86, 0xe, 0x38, 0x1f, 0x80, 0xc0, 0x3,
    0x0, 0x1c, 0x0, 0x7f, 0xf0, 0x7f, 0xe2, 0x0,
    0xd0, 0x1, 0xc0, 0x7, 0x80, 0x2f, 0x1, 0x9f,
    0xf8, 0x1f, 0x80,

    /* U+0120 "Ġ" */
    0x0, 0x70, 0x0, 0x3, 0x80, 0x0, 0x1c, 0x0,
    0x0, 0x0, 0x0, 0x0, 0x0, 0x1, 0xff, 0xa0,
    0x18, 0x7, 0x81, 0x80, 0x1c, 0x18, 0x0, 0x61,
    0x80, 0x1, 0x1c, 0x0, 0x8, 0xe0, 0x0, 0x6,
    0x0, 0x0, 0x70, 0x0, 0x3, 0x80, 0x0, 0x1c,
    0x0, 0xff, 0xe0, 0x1, 0xf7, 0x0, 0x7, 0x38,
    0x0, 0x39, 0xe0, 0x1, 0xc7, 0x0, 0xe, 0x38,
    0x0, 0x70, 0xe0, 0x3, 0x87, 0x0, 0x1c, 0x1c,
    0x0, 0xe0, 0x38, 0x7, 0x0, 0xff, 0xe0, 0x0,
    0x20, 0x0,

    /* U+0121 "ġ" */
    0x7, 0x0, 0x1c, 0x0, 0x70, 0x0, 0x0, 0x0,
    0x0, 0x0, 0x0, 0x0, 0x3, 0xe0, 0x18, 0xfc,
    0xc3, 0x87, 0x7, 0x1c, 0x1c, 0x70, 0x71, 0xc1,
    0xc7, 0x86, 0xe, 0x38, 0x1f, 0x80, 0xc0, 0x3,
    0x0, 0x1c, 0x0, 0x7f, 0xf0, 0x7f, 0xe2, 0x0,
    0xd0, 0x1, 0xc0, 0x7, 0x80, 0x2f, 0x1, 0x9f,
    0xf8, 0x1f, 0x80,

    /* U+0122 "Ģ" */
    0x0, 0x0, 0x0, 0x1f, 0xfa, 0x1, 0x80, 0x78,
    0x18, 0x1, 0xc1, 0x80, 0x6, 0x18, 0x0, 0x11,
    0xc0, 0x0, 0x8e, 0x0, 0x0, 0x60, 0x0, 0x7,
    0x0, 0x0, 0x38, 0x0, 0x1, 0xc0, 0xf, 0xfe,
    0x0, 0x1f, 0x70, 0x0, 0x73, 0x80, 0x3, 0x9e,
    0x0, 0x1c, 0x70, 0x0, 0xe3, 0x80, 0x7, 0xe,
    0x0, 0x38, 0x70, 0x1, 0xc1, 0xc0, 0xe, 0x3,
    0x80, 0x70, 0xf, 0xfe, 0x0, 0x2, 0x0, 0x0,
    0x30, 0x0, 0x1, 0xc0, 0x0, 0x6, 0x0, 0x0,
    0x70, 0x0, 0xf, 0x0, 0x0,

    /* U+0123 "ģ" */
    0x3, 0x0, 0x18, 0x0, 0x40, 0x1, 0xc0, 0x7,
    0x0, 0xc, 0x0, 0x0, 0x0, 0x0, 0x0, 0x0,
    0x3e, 0x1, 0x8f, 0xcc, 0x38, 0x70, 0x71, 0xc1,
    0xc7, 0x7, 0x1c, 0x1c, 0x78, 0x60, 0xe3, 0x81,
    0xf8, 0xc, 0x0, 0x30, 0x1, 0xc0, 0x7, 0xff,
    0x7, 0xfe, 0x20, 0xd, 0x0, 0x1c, 0x0, 0x78,
    0x2, 0xf0, 0x19, 0xff, 0x81, 0xf8, 0x0,

    /* U+0124 "Ĥ" */
    0x0, 0x78, 0x0, 0x1, 0xe0, 0x0, 0xd, 0xc0,
    0x0, 0x21, 0x0, 0x1, 0x2, 0x0, 0x0, 0x4,
    0x0, 0x0, 0x0, 0x3f, 0xe1, 0xff, 0x3e, 0x1,
    0xf0, 0x70, 0x3, 0x81, 0xc0, 0xe, 0x7, 0x0,
    0x38, 0x1c, 0x0, 0xe0, 0x70, 0x3, 0x81, 0xc0,
    0xe, 0x7, 0x0, 0x38, 0x1c, 0x0, 0xe0, 0x70,
    0x3, 0x81, 0xff, 0xfe, 0x7, 0x0, 0x38, 0x1c,
    0x0, 0xe0, 0x70, 0x3, 0x81, 0xc0, 0xe, 0x7,
    0x0, 0x38, 0x1c, 0x0, 0xe0, 0x70, 0x3, 0x81,
    0xc0, 0xe, 0xf, 0x80, 0x7c, 0xff, 0x87, 0xfc,

    /* U+0125 "ĥ" */
    0x3, 0x80, 0xf, 0x0, 0x1b, 0x0, 0x62, 0x0,
    0x82, 0x2, 0x2, 0x6, 0x0, 0x3c, 0x0, 0xb8,
    0x0, 0x70, 0x0, 0xe0, 0x1, 0xc0, 0x3, 0x80,
    0x7, 0x0, 0xe, 0x38, 0x1d, 0xf8, 0x3e, 0x78,
    0x70, 0x70, 0xe0, 0xe1, 0xc1, 0xc3, 0x83, 0x87,
    0x7, 0xe, 0xe, 0x1c, 0x1c, 0x38, 0x38, 0x70,
    0x70, 0xe0, 0xe1, 0xc1, 0xcf, 0xef, 0xe0,

    /* U+0126 "Ħ" */
    0xff, 0x87, 0xfc, 0xf8, 0x7, 0xc1, 0xc0, 0xe,
    0x7, 0x0, 0x38, 0xff, 0xff, 0xfc, 0x70, 0x3,
    0x81, 0xc0, 0xe, 0x7, 0x0, 0x38, 0x1c, 0x0,
    0xe0, 0x70, 0x3, 0x81, 0xc0, 0xe, 0x7, 0xff,
    0xf8, 0x1c, 0x0, 0xe0, 0x70, 0x3, 0x81, 0xc0,
    0xe, 0x7, 0x0, 0x38, 0x1c, 0x0, 0xe0, 0x70,
    0x3, 0x81, 0xc0, 0xe, 0x7, 0x0, 0x38, 0x3e,
    0x1, 0xf3, 0xfe, 0x1f, 0xf0,

    /* U+0127 "ħ" */
    0x18, 0x0, 0x78, 0x0, 0xf8, 0x0, 0x38, 0x0,
    0x38, 0x0, 0xff, 0xc0, 0x38, 0x0, 0x38, 0x0,
    0x38, 0xf0, 0x39, 0xf8, 0x3a, 0x3c, 0x3c, 0x1c,
    0x38, 0x1c, 0x38, 0x1c, 0x38, 0x1c, 0x38, 0x1c,
    0x38, 0x1c, 0x38, 0x1c, 0x38, 0x1c, 0x38, 0x1c,
    0x38, 0x1c, 0x3c, 0x1c, 0xff, 0x7f,

    /* U+0128 "Ĩ" */
    0x38, 0x4f, 0xca, 0x3f, 0x41, 0xc0, 0x0, 0x0,
    0x1f, 0xf0, 0xf8, 0xe, 0x1, 0xc0, 0x38, 0x7,
    0x0, 0xe0, 0x1c, 0x3, 0x80, 0x70, 0xe, 0x1,
    0xc0, 0x38, 0x7, 0x0, 0xe0, 0x1c, 0x3, 0x80,
    0x70, 0xe, 0x1, 0xc0, 0x7c, 0x3f, 0xe0,

    /* U+0129 "ĩ" */
    0x78, 0x1f, 0x19, 0xe6, 0x3e, 0x87, 0x0, 0x0,
    0x0, 0x18, 0x3e, 0x3, 0x80, 0xe0, 0x38, 0xe,
    0x3, 0x80, 0xe0, 0x38, 0xe, 0x3, 0x80, 0xe0,
    0x38, 0xe, 0xf, 0xe0,

    /* U+012A "Ī" */
    0xff, 0xff, 0xf0, 0x0, 0x0, 0xff, 0x8f, 0x81,
    0xc0, 0x70, 0x1c, 0x7, 0x1, 0xc0, 0x70, 0x1c,
    0x7, 0x1, 0xc0, 0x70, 0x1c, 0x7, 0x1, 0xc0,
    0x70, 0x1c, 0x7, 0x1, 0xc0, 0x70, 0x3e, 0x3f,
    0xe0,

    /* U+012B "ī" */
    0xff, 0xff, 0xf0, 0x0, 0x0, 0x0, 0x1, 0x83,
    0xe0, 0x38, 0xe, 0x3, 0x80, 0xe0, 0x38, 0xe,
    0x3, 0x80, 0xe0, 0x38, 0xe, 0x3, 0x80, 0xe0,
    0xfe,

    /* U+012C "Ĭ" */
    0x80, 0xe0, 0xdf, 0xc7, 0xc0, 0x0, 0x3, 0xfe,
    0x7c, 0x1c, 0xe, 0x7, 0x3, 0x81, 0xc0, 0xe0,
    0x70, 0x38, 0x1c, 0xe, 0x7, 0x3, 0x81, 0xc0,
    0xe0, 0x70, 0x38, 0x1c, 0xe, 0xf, 0x9f, 0xf0,

    /* U+012D "ĭ" */
    0x80, 0xc0, 0x70, 0x4f, 0xe3, 0xc0, 0x0, 0x0,
    0x18, 0x7c, 0xe, 0x7, 0x3, 0x81, 0xc0, 0xe0,
    0x70, 0x38, 0x1c, 0xe, 0x7, 0x3, 0x81, 0xc3,
    0xf8,

    /* U+012E "Į" */
    0xff, 0x8f, 0x81, 0xc0, 0x70, 0x1c, 0x7, 0x1,
    0xc0, 0x70, 0x1c, 0x7, 0x1, 0xc0, 0x70, 0x1c,
    0x7, 0x1, 0xc0, 0x70, 0x1c, 0x7, 0x1, 0xc0,
    0x70, 0x3e, 0x3f, 0xe0, 0x80, 0x60, 0x18, 0x7,
    0x1, 0xc0, 0x3e,

    /* U+012F "į" */
    0x38, 0x1c, 0xe, 0x0, 0x0, 0x0, 0x0, 0x0,
    0x0, 0x18, 0x7c, 0xe, 0x7, 0x3, 0x81, 0xc0,
    0xe0, 0x70, 0x38, 0x1c, 0xe, 0x7, 0x3, 0x81,
    0xc3, 0xf8, 0x20, 0x30, 0x18, 0xe, 0x7, 0x1,
    0xf0,

    /* U+0130 "İ" */
    0x1c, 0xe, 0x7, 0x0, 0x0, 0x7, 0xfc, 0xf8,
    0x38, 0x1c, 0xe, 0x7, 0x3, 0x81, 0xc0, 0xe0,
    0x70, 0x38, 0x1c, 0xe, 0x7, 0x3, 0x81, 0xc0,
    0xe0, 0x70, 0x38, 0x1c, 0x1f, 0x3f, 0xe0,

    /* U+0131 "ı" */
    0x19, 0xf0, 0xe1, 0xc3, 0x87, 0xe, 0x1c, 0x38,
    0x70, 0xe1, 0xc3, 0x87, 0x3f, 0x80,

    /* U+0132 "Ĳ" */
    0xff, 0x87, 0xfc, 0xf8, 0x7, 0xc1, 0xc0, 0xe,
    0x7, 0x0, 0x38, 0x1c, 0x0, 0xe0, 0x70, 0x3,
    0x81, 0xc0, 0xe, 0x7, 0x0, 0x38, 0x1c, 0x0,
    0xe0, 0x70, 0x3, 0x81, 0xc0, 0xe, 0x7, 0x0,
    0x38, 0x1c, 0x0, 0xe0, 0x70, 0x3, 0x81, 0xc0,
    0xe, 0x7, 0x0, 0x38, 0x1c, 0x0, 0xe0, 0x70,
    0x3, 0x81, 0xc1, 0x8e, 0x7, 0xf, 0x30, 0x3e,
    0x3c, 0xc3, 0xfe, 0x7c, 0x0, 0x0, 0x0, 0x0,

    /* U+0133 "ĳ" */
    0x38, 0x1c, 0xe0, 0x73, 0x81, 0xc0, 0x0, 0x0,
    0x0, 0x0, 0x0, 0x0, 0x0, 0x0, 0x18, 0xf,
    0xe1, 0xf3, 0x81, 0xce, 0x7, 0x38, 0x1c, 0xe0,
    0x73, 0x81, 0xce, 0x7, 0x38, 0x1c, 0xe0, 0x73,
    0x81, 0xce, 0x7, 0x38, 0x1c, 0xe0, 0x7f, 0xe1,
    0xc0, 0x7, 0x0, 0x1c, 0x0, 0x70, 0x1, 0x80,
    0x86, 0x7, 0xb0, 0xf, 0x80,

    /* U+0134 "Ĵ" */
    0x3, 0x80, 0x7c, 0x4, 0xc0, 0x86, 0x10, 0x20,
    0x1, 0x0, 0x1, 0xff, 0x7, 0xc0, 0x38, 0x3,
    0x80, 0x38, 0x3, 0x80, 0x38, 0x3, 0x80, 0x38,
    0x3, 0x80, 0x38, 0x3, 0x80, 0x38, 0x3, 0x80,
    0x38, 0x3, 0x80, 0x38, 0x3, 0x80, 0x38, 0x63,
    0x7, 0x30, 0x7e, 0x1, 0x0,

    /* U+0135 "ĵ" */
    0x7, 0x80, 0x7c, 0xc, 0xc0, 0x86, 0x10, 0x20,
    0x0, 0x0, 0x0, 0x18, 0xf, 0x80, 0x38, 0x3,
    0x80, 0x38, 0x3, 0x80, 0x38, 0x3, 0x80, 0x38,
    0x3, 0x80, 0x38, 0x3, 0x80, 0x38, 0x3, 0x80,
    0x38, 0x3, 0x80, 0x38, 0x3, 0x80, 0x30, 0x43,
    0xe, 0x60, 0x7c, 0x0,

    /* U+0136 "Ķ" */
    0xff, 0x8f, 0xf0, 0x7c, 0x7, 0x80, 0x70, 0xe,
    0x0, 0xe0, 0x30, 0x1, 0xc0, 0xc0, 0x3, 0x83,
    0x0, 0x7, 0xc, 0x0, 0xe, 0x30, 0x0, 0x1c,
    0xc0, 0x0, 0x3b, 0x0, 0x0, 0x7f, 0x0, 0x0,
    0xff, 0x0, 0x1, 0xdf, 0x0, 0x3, 0x9f, 0x0,
    0x7, 0xf, 0x0, 0xe, 0xf, 0x0, 0x1c, 0xf,
    0x0, 0x38, 0xf, 0x0, 0x70, 0xf, 0x0, 0xe0,
    0x1f, 0x3, 0xe0, 0x3f, 0x9f, 0xf1, 0xff, 0xc0,
    0x0, 0x0, 0x0, 0x38, 0x0, 0x0, 0x18, 0x0,
    0x0, 0x30, 0x0, 0x0, 0xe0, 0x0, 0x7, 0x80,
    0x0,

    /* U+0137 "ķ" */
    0x18, 0x0, 0xf8, 0x0, 0x38, 0x0, 0x38, 0x0,
    0x38, 0x0, 0x38, 0x0, 0x38, 0x0, 0x38, 0x0,
    0x38, 0x7e, 0x38, 0x38, 0x38, 0x20, 0x38, 0xc0,
    0x39, 0x80, 0x3b, 0x0, 0x3f, 0x0, 0x3b, 0x80,
    0x3b, 0xc0, 0x39, 0xc0, 0x38, 0xe0, 0x38, 0x70,
    0x38, 0x78, 0x38, 0x3c, 0xfe, 0x7f, 0x0, 0x0,
    0x3, 0x80, 0x0, 0xc0, 0x0, 0xc0, 0x1, 0xc0,
    0x7, 0x80,

    /* U+0138 "ĸ" */
    0xfe, 0xfe, 0x70, 0xe0, 0xe1, 0x81, 0xc6, 0x3,
    0x98, 0x7, 0x60, 0xf, 0xc0, 0x1d, 0xc0, 0x3b,
    0x80, 0x73, 0x80, 0xe3, 0x81, 0xc7, 0x83, 0x87,
    0x7, 0xf, 0xbf, 0x9f, 0x80,

    /* U+0139 "Ĺ" */
    0x0, 0xe0, 0x0, 0x70, 0x0, 0x1c, 0x0, 0x6,
    0x0, 0x3, 0x0, 0x0, 0x80, 0x0, 0x0, 0x3,
    0xff, 0x0, 0x3e, 0x0, 0x7, 0x0, 0x1, 0xc0,
    0x0, 0x70, 0x0, 0x1c, 0x0, 0x7, 0x0, 0x1,
    0xc0, 0x0, 0x70, 0x0, 0x1c, 0x0, 0x7, 0x0,
    0x1, 0xc0, 0x0, 0x70, 0x0, 0x1c, 0x0, 0x7,
    0x0, 0x1, 0xc0, 0x0, 0x70, 0x0, 0x1c, 0x0,
    0x47, 0x0, 0x11, 0xc0, 0x8, 0x70, 0x6, 0x7f,
    0xff, 0x80,

    /* U+013A "ĺ" */
    0x1e, 0x38, 0x61, 0x82, 0x4, 0x6, 0x7c, 0x38,
    0x70, 0xe1, 0xc3, 0x87, 0xe, 0x1c, 0x38, 0x70,
    0xe1, 0xc3, 0x87, 0xe, 0x1c, 0x38, 0x70, 0xe1,
    0xcf, 0xe0,

    /* U+013B "Ļ" */
    0xff, 0x80, 0xf, 0x80, 0x1, 0xc0, 0x0, 0x70,
    0x0, 0x1c, 0x0, 0x7, 0x0, 0x1, 0xc0, 0x0,
    0x70, 0x0, 0x1c, 0x0, 0x7, 0x0, 0x1, 0xc0,
    0x0, 0x70, 0x0, 0x1c, 0x0, 0x7, 0x0, 0x1,
    0xc0, 0x0, 0x70, 0x0, 0x1c, 0x0, 0x47, 0x0,
    0x21, 0xc0, 0x8, 0x70, 0x6, 0x1c, 0x3, 0xf,
    0xff, 0xc4, 0x0, 0x0, 0x7, 0x0, 0x0, 0x60,
    0x0, 0x18, 0x0, 0xe, 0x0, 0x7, 0x0,

    /* U+013C "ļ" */
    0xc, 0xf8, 0x70, 0xe1, 0xc3, 0x87, 0xe, 0x1c,
    0x38, 0x70, 0xe1, 0xc3, 0x87, 0xe, 0x1c, 0x38,
    0x70, 0xe1, 0xc3, 0x9f, 0x80, 0x38, 0x18, 0x30,
    0xe3, 0x80,

    /* U+013D "Ľ" */
    0x0, 0x2, 0x3f, 0xf1, 0xc3, 0xe0, 0xf8, 0x70,
    0x2, 0x1c, 0x0, 0x87, 0x0, 0x21, 0xc0, 0x10,
    0x70, 0x8, 0x1c, 0xc, 0x7, 0x0, 0x1, 0xc0,
    0x0, 0x70, 0x0, 0x1c, 0x0, 0x7, 0x0, 0x1,
    0xc0, 0x0, 0x70, 0x0, 0x1c, 0x0, 0x7, 0x0,
    0x1, 0xc0, 0x4, 0x70, 0x1, 0x1c, 0x0, 0x87,
    0x0, 0x67, 0xff, 0xf8,

    /* U+013E "ľ" */
    0x19, 0xdf, 0x3c, 0xe7, 0x9c, 0x13, 0x82, 0x70,
    0x8e, 0x11, 0xc4, 0x38, 0x7, 0x0, 0xe0, 0x1c,
    0x3, 0x80, 0x70, 0xe, 0x1, 0xc0, 0x38, 0x7,
    0x0, 0xe0, 0x1c, 0x3, 0x80, 0x70, 0x3f, 0x80,

    /* U+013F "Ŀ" */
    0xff, 0xc0, 0xf, 0x80, 0x1, 0xc0, 0x0, 0x70,
    0x0, 0x1c, 0x0, 0x7, 0x0, 0x1, 0xc0, 0x0,
    0x70, 0x0, 0x1c, 0x0, 0x7, 0x7, 0x1, 0xc1,
    0xc0, 0x70, 0x70, 0x1c, 0x0, 0x7, 0x0, 0x1,
    0xc0, 0x0, 0x70, 0x0, 0x1c, 0x0, 0x47, 0x0,
    0x11, 0xc0, 0x4, 0x70, 0x2, 0x1c, 0x1, 0x9f,
    0xff, 0xe0,

    /* U+0140 "ŀ" */
    0x18, 0x3e, 0x3, 0x80, 0xe0, 0x38, 0xe, 0x3,
    0x80, 0xe0, 0x38, 0xe, 0x3, 0x9c, 0xe7, 0x39,
    0xce, 0x3, 0x80, 0xe0, 0x38, 0xe, 0x3, 0x80,
    0xe0, 0x38, 0xe, 0xf, 0xe0,

    /* U+0141 "Ł" */
    0xff, 0x80, 0xf, 0x80, 0x1, 0xc0, 0x0, 0x70,
    0x0, 0x1c, 0x0, 0x7, 0x0, 0x1, 0xc4, 0x0,
    0x73, 0x0, 0x1d, 0x80, 0x7, 0xc0, 0x1, 0xe0,
    0x0, 0x70, 0x0, 0x3c, 0x0, 0x1f, 0x0, 0xd,
    0xc0, 0x2, 0x70, 0x0, 0x1c, 0x0, 0x7, 0x0,
    0x11, 0xc0, 0x8, 0x70, 0x2, 0x1c, 0x1, 0x9f,
    0xff, 0xe0,

    /* U+0142 "ł" */
    0xc, 0x3c, 0x7c, 0x1c, 0x1c, 0x1c, 0x1c, 0x1c,
    0x1d, 0x1e, 0x1c, 0x1c, 0x3c, 0x7c, 0x9c, 0x1c,
    0x1c, 0x1c, 0x1c, 0x1c, 0x1c, 0x1c, 0x7f,

    /* U+0143 "Ń" */
    0x0, 0x1e, 0x0, 0x0, 0x38, 0x0, 0x0, 0xe0,
    0x0, 0x1, 0x80, 0x0, 0x2, 0x0, 0x0, 0x0,
    0x0, 0x0, 0x0, 0x0, 0x7e, 0x0, 0x7f, 0x3e,
    0x0, 0x38, 0x3c, 0x0, 0x20, 0x3c, 0x0, 0x40,
    0x7c, 0x0, 0x80, 0xbc, 0x1, 0x1, 0x7c, 0x2,
    0x2, 0x7c, 0x4, 0x4, 0x78, 0x8, 0x8, 0x78,
    0x10, 0x10, 0x78, 0x20, 0x20, 0x78, 0x40, 0x40,
    0xf8, 0x80, 0x80, 0xf9, 0x1, 0x0, 0xfa, 0x2,
    0x0, 0xf4, 0x4, 0x0, 0xf8, 0x8, 0x0, 0xf0,
    0x10, 0x0, 0xe0, 0x20, 0x1, 0xc0, 0xe0, 0x1,
    0x87, 0xf0, 0x1, 0x0,

    /* U+0144 "ń" */
    0x1, 0xc0, 0x3, 0x0, 0xc, 0x0, 0x18, 0x0,
    0x20, 0x0, 0x0, 0x0, 0x0, 0xc, 0x70, 0xfb,
    0xf0, 0x7c, 0xf0, 0xe0, 0xe1, 0xc1, 0xc3, 0x83,
    0x87, 0x7, 0xe, 0xe, 0x1c, 0x1c, 0x38, 0x38,
    0x70, 0x70, 0xe0, 0xe1, 0xc1, 0xc3, 0x83, 0x9f,
    0xdf, 0xc0,

    /* U+0145 "Ņ" */
    0xfc, 0x0, 0xfe, 0x7c, 0x0, 0x70, 0x78, 0x0,
    0x40, 0x78, 0x0, 0x80, 0xf8, 0x1, 0x1, 0x78,
    0x2, 0x2, 0xf8, 0x4, 0x4, 0xf8, 0x8, 0x8,
    0xf0, 0x10, 0x10, 0xf0, 0x20, 0x20, 0xf0, 0x40,
    0x40, 0xf0, 0x80, 0x81, 0xf1, 0x1, 0x1, 0xf2,
    0x2, 0x1, 0xf4, 0x4, 0x1, 0xe8, 0x8, 0x1,
    0xf0, 0x10, 0x1, 0xe0, 0x20, 0x1, 0xc0, 0x40,
    0x3, 0x81, 0xc0, 0x3, 0xf, 0xe0, 0x2, 0x0,
    0x0, 0x0, 0x0, 0x1c, 0x0, 0x0, 0xc, 0x0,
    0x0, 0x18, 0x0, 0x0, 0x70, 0x0, 0x3, 0xc0,
    0x0,

    /* U+0146 "ņ" */
    0x18, 0xe1, 0xf7, 0xe0, 0xf9, 0xe1, 0xc1, 0xc3,
    0x83, 0x87, 0x7, 0xe, 0xe, 0x1c, 0x1c, 0x38,
    0x38, 0x70, 0x70, 0xe0, 0xe1, 0xc1, 0xc3, 0x83,
    0x87, 0x7, 0x3f, 0xbf, 0x80, 0x0, 0x3, 0x80,
    0x1, 0x80, 0x3, 0x0, 0xe, 0x0, 0x78, 0x0,

    /* U+0147 "Ň" */
    0x1, 0x1, 0x0, 0x1, 0x82, 0x0, 0x1, 0x98,
    0x0, 0x3, 0xf0, 0x0, 0x3, 0xc0, 0x0, 0x7,
    0x80, 0x0, 0x0, 0x0, 0x7e, 0x0, 0x7f, 0x3e,
    0x0, 0x38, 0x3c, 0x0, 0x20, 0x3c, 0x0, 0x40,
    0x7c, 0x0, 0x80, 0xbc, 0x1, 0x1, 0x7c, 0x2,
    0x2, 0x7c, 0x4, 0x4, 0x78, 0x8, 0x8, 0x78,
    0x10, 0x10, 0x78, 0x20, 0x20, 0x78, 0x40, 0x40,
    0xf8, 0x80, 0x80, 0xf9, 0x1, 0x0, 0xfa, 0x2,
    0x0, 0xf4, 0x4, 0x0, 0xf8, 0x8, 0x0, 0xf0,
    0x10, 0x0, 0xe0, 0x20, 0x1, 0xc0, 0xe0, 0x1,
    0x87, 0xf0, 0x1, 0x0,

    /* U+0148 "ň" */
    0x10, 0x20, 0x10, 0x80, 0x33, 0x0, 0x3c, 0x0,
    0x78, 0x0, 0x0, 0x0, 0x0, 0xc, 0x70, 0xfb,
    0xf0, 0x7c, 0xf0, 0xe0, 0xe1, 0xc1, 0xc3, 0x83,
    0x87, 0x7, 0xe, 0xe, 0x1c, 0x1c, 0x38, 0x38,
    0x70, 0x70, 0xe0, 0xe1, 0xc1, 0xc3, 0x83, 0x9f,
    0xdf, 0xc0,

    /* U+0149 "ŉ" */
    0x20, 0x0, 0xe, 0x0, 0x1, 0xe0, 0x0, 0x1c,
    0x0, 0x0, 0x80, 0x0, 0x10, 0x0, 0x4, 0x0,
    0x1, 0x80, 0x0, 0x41, 0x8e, 0x0, 0xf7, 0xe0,
    0xf, 0x9e, 0x1, 0xc1, 0xc0, 0x38, 0x38, 0x7,
    0x7, 0x0, 0xe0, 0xe0, 0x1c, 0x1c, 0x3, 0x83,
    0x80, 0x70, 0x70, 0xe, 0xe, 0x1, 0xc1, 0xc0,
    0x38, 0x38, 0x7, 0x7, 0x3, 0xfb, 0xf8,

    /* U+014A "Ŋ" */
    0x0, 0x0, 0xf, 0xc7, 0xf0, 0x3c, 0x81, 0x81,
    0xd0, 0x1c, 0x1e, 0x0, 0xe1, 0xe0, 0xe, 0x1c,
    0x0, 0xe1, 0xc0, 0x7, 0x1c, 0x0, 0x71, 0xc0,
    0x7, 0x1c, 0x0, 0x71, 0xc0, 0x7, 0x1c, 0x0,
    0x71, 0xc0, 0x7, 0x1c, 0x0, 0x71, 0xc0, 0x7,
    0x1c, 0x0, 0x61, 0xc0, 0x6, 0x1c, 0x0, 0x61,
    0xc3, 0x84, 0x1c, 0x38, 0xc3, 0xe3, 0x88, 0xff,
    0x9f, 0x0, 0x0, 0x0,

    /* U+014B "ŋ" */
    0x18, 0xe7, 0xdf, 0x8f, 0x9e, 0x70, 0x73, 0x83,
    0x9c, 0x1c, 0xe0, 0xe7, 0x7, 0x38, 0x39, 0xc1,
    0xce, 0xe, 0x70, 0x73, 0x83, 0x9c, 0x1f, 0xf8,
    0xe0, 0x7, 0x0, 0x38, 0x1, 0xc0, 0xc, 0x4,
    0x60, 0x72, 0x1, 0xe0,

    /* U+014C "Ō" */
    0x7, 0xfe, 0x0, 0x7f, 0xe0, 0x0, 0x0, 0x0,
    0x2, 0x0, 0x3, 0xfc, 0x0, 0xc0, 0x70, 0x18,
    0x1, 0x83, 0x80, 0x1c, 0x30, 0x0, 0xc7, 0x0,
    0xe, 0x60, 0x0, 0xee, 0x0, 0x7, 0xe0, 0x0,
    0x7e, 0x0, 0x7, 0xe0, 0x0, 0x7e, 0x0, 0x7,
    0xe0, 0x0, 0x7e, 0x0, 0x7, 0xe0, 0x0, 0x77,
    0x0, 0x6, 0x70, 0x0, 0xe3, 0x0, 0xc, 0x38,
    0x1, 0xc1, 0x80, 0x18, 0xe, 0x7, 0x0, 0x3f,
    0xc0, 0x0, 0x40, 0x0,

    /* U+014D "ō" */
    0x3f, 0xf0, 0xff, 0xc0, 0x0, 0x0, 0x0, 0x0,
    0x0, 0x3f, 0x1, 0x8e, 0xc, 0x1c, 0x60, 0x39,
    0x80, 0xfe, 0x1, 0xf8, 0x7, 0xe0, 0x1f, 0x80,
    0x7e, 0x1, 0xdc, 0x6, 0x70, 0x18, 0xe0, 0xc1,
    0xc6, 0x3, 0xf0,

    /* U+014E "Ŏ" */
    0x4, 0x2, 0x0, 0x30, 0x40, 0x1, 0xfc, 0x0,
    0xf, 0x0, 0x0, 0x0, 0x0, 0x2, 0x0, 0x3,
    0xfc, 0x0, 0xc0, 0x70, 0x18, 0x1, 0x83, 0x80,
    0x1c, 0x30, 0x0, 0xc7, 0x0, 0xe, 0x60, 0x0,
    0xee, 0x0, 0x7, 0xe0, 0x0, 0x7e, 0x0, 0x7,
    0xe0, 0x0, 0x7e, 0x0, 0x7, 0xe0, 0x0, 0x7e,
    0x0, 0x7, 0xe0, 0x0, 0x77, 0x0, 0x6, 0x70,
    0x0, 0xe3, 0x0, 0xc, 0x38, 0x1, 0xc1, 0x80,
    0x18, 0xe, 0x7, 0x0, 0x3f, 0xc0, 0x0, 0x40,
    0x0,

    /* U+014F "ŏ" */
    0x20, 0x20, 0x41, 0x81, 0xfc, 0x1, 0xe0, 0x0,
    0x0, 0x0, 0x0, 0x0, 0x3, 0xf0, 0x18, 0xe0,
    0xc1, 0xc6, 0x3, 0x98, 0xf, 0xe0, 0x1f, 0x80,
    0x7e, 0x1, 0xf8, 0x7, 0xe0, 0x1d, 0xc0, 0x67,
    0x1, 0x8e, 0xc, 0x1c, 0x60, 0x3f, 0x0,

    /* U+0150 "Ő" */
    0x0, 0xe7, 0x0, 0x1c, 0xe0, 0x1, 0x8c, 0x0,
    0x18, 0xc0, 0x1, 0x8, 0x0, 0x21, 0x0, 0x0,
    0x20, 0x0, 0x3f, 0xc0, 0xc, 0x7, 0x1, 0x80,
    0x18, 0x38, 0x1, 0xc3, 0x0, 0xc, 0x70, 0x0,
    0xe6, 0x0, 0xe, 0xe0, 0x0, 0x7e, 0x0, 0x7,
    0xe0, 0x0, 0x7e, 0x0, 0x7, 0xe0, 0x0, 0x7e,
    0x0, 0x7, 0xe0, 0x0, 0x7e, 0x0, 0x7, 0x70,
    0x0, 0x67, 0x0, 0xe, 0x30, 0x0, 0xc3, 0x80,
    0x1c, 0x18, 0x1, 0x80, 0xe0, 0x70, 0x3, 0xfc,
    0x0, 0x4, 0x0,

    /* U+0151 "ő" */
    0xe, 0x70, 0x39, 0xc0, 0xc6, 0x3, 0x10, 0x8,
    0x40, 0x42, 0x0, 0x0, 0x0, 0x0, 0xf, 0xc0,
    0x63, 0x83, 0x7, 0x18, 0xe, 0x60, 0x3f, 0x80,
    0x7e, 0x1, 0xf8, 0x7, 0xe0, 0x1f, 0x80, 0x77,
    0x1, 0x9c, 0x6, 0x38, 0x30, 0x71, 0x80, 0xfc,
    0x0,

    /* U+0152 "Œ" */
    0x1, 0xff, 0xff, 0x83, 0x83, 0xc0, 0x61, 0x80,
    0x70, 0x8, 0xe0, 0x1c, 0x2, 0x30, 0x7, 0x0,
    0x9c, 0x1, 0xc0, 0x6, 0x0, 0x70, 0x3, 0x80,
    0x1c, 0x8, 0xe0, 0x7, 0x2, 0x38, 0x1, 0xc1,
    0x8e, 0x0, 0x7f, 0xe3, 0x80, 0x1c, 0x18, 0xe0,
    0x7, 0x2, 0x38, 0x1, 0xc0, 0x8e, 0x0, 0x70,
    0x1, 0xc0, 0x1c, 0x0, 0x70, 0x7, 0x0, 0xc,
    0x1, 0xc0, 0x13, 0x80, 0x70, 0xc, 0x70, 0x1c,
    0x2, 0xe, 0xf, 0x83, 0x80, 0x7f, 0xff, 0xe0,

    /* U+0153 "œ" */
    0xf, 0x83, 0xc0, 0xc7, 0x63, 0x8c, 0x1e, 0xc,
    0xc0, 0xf0, 0x7e, 0x7, 0xff, 0xf0, 0x1c, 0x3,
    0x80, 0xe0, 0x1c, 0x7, 0x0, 0xe0, 0x38, 0x7,
    0x1, 0xe0, 0x7c, 0xf, 0x2, 0xe0, 0x78, 0x27,
    0x7, 0xe1, 0x1c, 0x77, 0xf0, 0x3f, 0xf, 0x0,

    /* U+0154 "Ŕ" */
    0x0, 0xf0, 0x0, 0x7, 0x0, 0x0, 0x30, 0x0,
    0x1, 0x80, 0x0, 0x18, 0x0, 0x0, 0x80, 0x0,
    0x0, 0x0, 0xf, 0xfe, 0x0, 0x1c, 0x1c, 0x0,
    0xe0, 0x70, 0x7, 0x3, 0xc0, 0x38, 0xe, 0x1,
    0xc0, 0x70, 0xe, 0x3, 0x80, 0x70, 0x1c, 0x3,
    0x81, 0xc0, 0x1c, 0x1e, 0x0, 0xe1, 0xe0, 0x7,
    0xfc, 0x0, 0x39, 0xe0, 0x1, 0xc7, 0x80, 0xe,
    0x1c, 0x0, 0x70, 0x70, 0x3, 0x83, 0xc0, 0x1c,
    0xe, 0x0, 0xe0, 0x38, 0x7, 0x1, 0xe0, 0x7c,
    0x7, 0xcf, 0xf8, 0x1f, 0x80,

    /* U+0155 "ŕ" */
    0x7, 0x0, 0xc0, 0x38, 0x6, 0x0, 0x80, 0x20,
    0x0, 0x0, 0xce, 0xfb, 0xc7, 0x98, 0xf0, 0x1c,
    0x3, 0x80, 0x70, 0xe, 0x1, 0xc0, 0x38, 0x7,
    0x0, 0xe0, 0x1c, 0x3, 0xc1, 0xfc, 0x0,

    /* U+0156 "Ŗ" */
    0x7f, 0xf0, 0x0, 0xe0, 0xe0, 0x7, 0x3, 0x80,
    0x38, 0x1e, 0x1, 0xc0, 0x70, 0xe, 0x3, 0x80,
    0x70, 0x1c, 0x3, 0x80, 0xe0, 0x1c, 0xe, 0x0,
    0xe0, 0xf0, 0x7, 0xf, 0x0, 0x3f, 0xe0, 0x1,
    0xc7, 0x0, 0xe, 0x3c, 0x0, 0x70, 0xf0, 0x3,
    0x83, 0x80, 0x1c, 0x1e, 0x0, 0xe0, 0x78, 0x7,
    0x1, 0xc0, 0x38, 0xf, 0x3, 0xe0, 0x3e, 0x7f,
    0xc0, 0xfc, 0x0, 0x0, 0x0, 0xe, 0x0, 0x0,
    0x18, 0x0, 0x0, 0xc0, 0x0, 0xe, 0x0, 0x1,
    0xe0, 0x0,

    /* U+0157 "ŗ" */
    0x39, 0xdf, 0x78, 0xf7, 0x1c, 0x3, 0x80, 0x70,
    0xe, 0x1, 0xc0, 0x38, 0x7, 0x0, 0xe0, 0x1c,
    0x3, 0x80, 0x70, 0x3f, 0x80, 0x0, 0x18, 0x1,
    0x80, 0x30, 0xe, 0x3, 0x80,

    /* U+0158 "Ř" */
    0x8, 0x0, 0x0, 0x20, 0x40, 0x0, 0xc4, 0x0,
    0x7, 0xc0, 0x0, 0x1e, 0x0, 0x0, 0xe0, 0x0,
    0x0, 0x0, 0xf, 0xfe, 0x0, 0x1c, 0x1c, 0x0,
    0xe0, 0x70, 0x7, 0x3, 0xc0, 0x38, 0xe, 0x1,
    0xc0, 0x70, 0xe, 0x3, 0x80, 0x70, 0x1c, 0x3,
    0x81, 0xc0, 0x1c, 0x1e, 0x0, 0xe1, 0xe0, 0x7,
    0xfc, 0x0, 0x39, 0xe0, 0x1, 0xc7, 0x80, 0xe,
    0x1c, 0x0, 0x70, 0x70, 0x3, 0x83, 0xc0, 0x1c,
    0xe, 0x0, 0xe0, 0x38, 0x7, 0x1, 0xe0, 0x7c,
    0x7, 0xcf, 0xf8, 0x1f, 0x80,

    /* U+0159 "ř" */
    0x40, 0x8c, 0x10, 0xe4, 0xf, 0x81, 0xe0, 0x0,
    0x0, 0x0, 0xce, 0xfb, 0xc7, 0x98, 0xf0, 0x1c,
    0x3, 0x80, 0x70, 0xe, 0x1, 0xc0, 0x38, 0x7,
    0x0, 0xe0, 0x1c, 0x3, 0xc1, 0xfc, 0x0,

    /* U+015A "Ś" */
    0x1, 0xc0, 0xe, 0x0, 0x30, 0x0, 0x80, 0x6,
    0x0, 0x10, 0x0, 0x0, 0x7, 0xfc, 0x70, 0x71,
    0x80, 0xce, 0x1, 0x38, 0x4, 0xe0, 0x13, 0xc0,
    0xf, 0xc0, 0x1f, 0x80, 0x3f, 0x80, 0x7f, 0x0,
    0xff, 0x0, 0xfe, 0x0, 0xf8, 0x1, 0xf8, 0x3,
    0xe0, 0x7, 0x80, 0x1f, 0x0, 0x7c, 0x1, 0xb8,
    0xc, 0xff, 0xe2, 0x4, 0x0,

    /* U+015B "ś" */
    0x7, 0x3, 0x80, 0xe0, 0x30, 0x8, 0x4, 0x0,
    0x0, 0x0, 0x3f, 0x98, 0xec, 0x1b, 0x6, 0xe0,
    0xbc, 0x7, 0xc0, 0xfc, 0xf, 0x80, 0xf8, 0x1e,
    0x7, 0xc1, 0xf8, 0xef, 0xe0,

    /* U+015C "Ŝ" */
    0x7, 0x80, 0x1e, 0x0, 0xdc, 0x2, 0x30, 0x10,
    0x60, 0x0, 0x0, 0x0, 0x7, 0xfc, 0x70, 0x71,
    0x80, 0xce, 0x1, 0x38, 0x4, 0xe0, 0x13, 0xc0,
    0xf, 0xc0, 0x1f, 0x80, 0x3f, 0x80, 0x7f, 0x0,
    0xff, 0x0, 0xfe, 0x0, 0xf8, 0x1, 0xf8, 0x3,
    0xe0, 0x7, 0x80, 0x1f, 0x0, 0x7c, 0x1, 0xb8,
    0xc, 0xff, 0xe2, 0x4, 0x0,

    /* U+015D "ŝ" */
    0x1c, 0xf, 0x83, 0x61, 0x8c, 0x40, 0x80, 0x0,
    0x0, 0xfe, 0x63, 0xb0, 0x6c, 0x1b, 0x82, 0xf0,
    0x1f, 0x3, 0xf0, 0x3e, 0x3, 0xe0, 0x78, 0x1f,
    0x7, 0xe3, 0xbf, 0x80,

    /* U+015E "Ş" */
    0x0, 0x0, 0x7f, 0xc7, 0x7, 0x18, 0xc, 0xe0,
    0x13, 0x80, 0x4e, 0x1, 0x3c, 0x0, 0xfc, 0x1,
    0xf8, 0x3, 0xf8, 0x7, 0xf0, 0xf, 0xf0, 0xf,
    0xe0, 0xf, 0x80, 0x1f, 0x80, 0x3e, 0x0, 0x78,
    0x1, 0xf0, 0x7, 0xc0, 0x1b, 0x80, 0xcf, 0xfe,
    0x20, 0x40, 0x3, 0x0, 0xe, 0x0, 0x18, 0x0,
    0xe0, 0xf, 0x0,

    /* U+015F "ş" */
    0x3f, 0x98, 0xec, 0x1b, 0x6, 0xe0, 0xbc, 0x7,
    0xc0, 0xfc, 0xf, 0x80, 0xf8, 0x1e, 0x7, 0xc1,
    0xf8, 0xef, 0xe0, 0x20, 0xe, 0x1, 0x80, 0x60,
    0x38, 0x3c, 0x0,

    /* U+0160 "Š" */
    0x0, 0x20, 0x61, 0x0, 0xcc, 0x1, 0xe0, 0x7,
    0x80, 0xc, 0x0, 0x0, 0x7, 0xfc, 0x70, 0x71,
    0x80, 0xce, 0x1, 0x38, 0x4, 0xe0, 0x13, 0xc0,
    0xf, 0xc0, 0x1f, 0x80, 0x3f, 0x80, 0x7f, 0x0,
    0xff, 0x0, 0xfe, 0x0, 0xf8, 0x1, 0xf8, 0x3,
    0xe0, 0x7, 0x80, 0x1f, 0x0, 0x7c, 0x1, 0xb8,
    0xc, 0xff, 0xe2, 0x4, 0x0,

    /* U+0161 "š" */
    0x80, 0x98, 0x43, 0x30, 0xf8, 0x1c, 0x0, 0x0,
    0x0, 0xfe, 0x63, 0xb0, 0x6c, 0x1b, 0x82, 0xf0,
    0x1f, 0x3, 0xf0, 0x3e, 0x3, 0xe0, 0x78, 0x1f,
    0x7, 0xe3, 0xbf, 0x80,

    /* U+0162 "Ţ" */
    0xff, 0xff, 0xf0, 0x70, 0x78, 0x1c, 0xe, 0x7,
    0x1, 0x81, 0xc0, 0x40, 0x70, 0x0, 0x1c, 0x0,
    0x7, 0x0, 0x1, 0xc0, 0x0, 0x70, 0x0, 0x1c,
    0x0, 0x7, 0x0, 0x1, 0xc0, 0x0, 0x70, 0x0,
    0x1c, 0x0, 0x7, 0x0, 0x1, 0xc0, 0x0, 0x70,
    0x0, 0x1c, 0x0, 0x7, 0x0, 0x3, 0xe0, 0x3,
    0xfe, 0x0, 0x0, 0x0, 0x6, 0x0, 0x1, 0xc0,
    0x0, 0x70, 0x0, 0x4, 0x0, 0x1, 0x0, 0x1,
    0x80, 0x0,

    /* U+0163 "ţ" */
    0x0, 0x8, 0x8, 0x18, 0x38, 0xff, 0x38, 0x38,
    0x38, 0x38, 0x38, 0x38, 0x38, 0x38, 0x38, 0x38,
    0x38, 0x39, 0x3f, 0x1c, 0x0, 0x18, 0x1c, 0x1c,
    0x4, 0xc, 0x18,

    /* U+0164 "Ť" */
    0x8, 0x0, 0x1, 0x6, 0x0, 0x63, 0x0, 0xf,
    0x80, 0x1, 0xe0, 0x0, 0x70, 0x0, 0x0, 0x3,
    0xff, 0xff, 0xc1, 0xc1, 0xe0, 0x70, 0x38, 0x1c,
    0x4, 0x7, 0x1, 0x1, 0xc0, 0x0, 0x70, 0x0,
    0x1c, 0x0, 0x7, 0x0, 0x1, 0xc0, 0x0, 0x70,
    0x0, 0x1c, 0x0, 0x7, 0x0, 0x1, 0xc0, 0x0,
    0x70, 0x0, 0x1c, 0x0, 0x7, 0x0, 0x1, 0xc0,
    0x0, 0x70, 0x0, 0x1c, 0x0, 0xf, 0x80, 0xf,
    0xf8, 0x0,

    /* U+0165 "ť" */
    0x0, 0x70, 0x3, 0xc0, 0x1e, 0x10, 0x10, 0x80,
    0x8c, 0x8, 0xe0, 0x4f, 0xc, 0xff, 0x1, 0xc0,
    0xe, 0x0, 0x70, 0x3, 0x80, 0x1c, 0x0, 0xe0,
    0x7, 0x0, 0x38, 0x1, 0xc0, 0xe, 0x0, 0x70,
    0x3, 0x88, 0x1f, 0x80, 0x78, 0x0,

    /* U+0166 "Ŧ" */
    0xff, 0xff, 0xf0, 0x70, 0x78, 0x1c, 0x6, 0x7,
    0x1, 0x81, 0xc0, 0x40, 0x70, 0x0, 0x1c, 0x0,
    0x7, 0x0, 0x1, 0xc0, 0x0, 0x70, 0x3, 0xff,
    0xf0, 0x7, 0x0, 0x1, 0xc0, 0x0, 0x70, 0x0,
    0x1c, 0x0, 0x7, 0x0, 0x1, 0xc0, 0x0, 0x70,
    0x0, 0x1c, 0x0, 0x7, 0x0, 0x3, 0xe0, 0x3,
    0xfe, 0x0,

    /* U+0167 "ŧ" */
    0x8, 0x8, 0x18, 0x18, 0x38, 0xff, 0x38, 0x38,
    0x38, 0x38, 0x38, 0xff, 0x38, 0x38, 0x38, 0x38,
    0x38, 0x39, 0x3f, 0x1c,

    /* U+0168 "Ũ" */
    0x0, 0xf0, 0x80, 0x7, 0xe2, 0x0, 0x13, 0xf0,
    0x0, 0x83, 0x80, 0x0, 0x0, 0x0, 0x0, 0x0,
    0xf, 0xf8, 0x1f, 0xcf, 0x80, 0x1c, 0x1c, 0x0,
    0x20, 0x70, 0x0, 0x81, 0xc0, 0x2, 0x7, 0x0,
    0x8, 0x1c, 0x0, 0x20, 0x70, 0x0, 0x81, 0xc0,
    0x2, 0x7, 0x0, 0x8, 0x1c, 0x0, 0x20, 0x70,
    0x0, 0x81, 0xc0, 0x2, 0x7, 0x0, 0x8, 0x1c,
    0x0, 0x20, 0x70, 0x0, 0x81, 0xc0, 0x2, 0x7,
    0x0, 0x8, 0xe, 0x0, 0x40, 0x38, 0x1, 0x0,
    0x70, 0x18, 0x0, 0xff, 0x80, 0x0, 0x20, 0x0,

    /* U+0169 "ũ" */
    0xe, 0x10, 0x3f, 0x20, 0x4f, 0xc1, 0x7, 0x0,
    0x0, 0x0, 0x0, 0x0, 0x0, 0x7c, 0x7c, 0x38,
    0x38, 0x70, 0x70, 0xe0, 0xe1, 0xc1, 0xc3, 0x83,
    0x87, 0x7, 0xe, 0xe, 0x1c, 0x1c, 0x38, 0x38,
    0x70, 0x70, 0xe0, 0xe1, 0xe7, 0xc1, 0xfb, 0xe1,
    0xc6, 0x0,

    /* U+016A "Ū" */
    0x1, 0xff, 0x80, 0x7, 0xfe, 0x0, 0x0, 0x0,
    0x0, 0x0, 0x0, 0xff, 0x81, 0xfc, 0xf8, 0x1,
    0xc1, 0xc0, 0x2, 0x7, 0x0, 0x8, 0x1c, 0x0,
    0x20, 0x70, 0x0, 0x81, 0xc0, 0x2, 0x7, 0x0,
    0x8, 0x1c, 0x0, 0x20, 0x70, 0x0, 0x81, 0xc0,
    0x2, 0x7, 0x0, 0x8, 0x1c, 0x0, 0x20, 0x70,
    0x0, 0x81, 0xc0, 0x2, 0x7, 0x0, 0x8, 0x1c,
    0x0, 0x20, 0x70, 0x0, 0x80, 0xe0, 0x4, 0x3,
    0x80, 0x10, 0x7, 0x1, 0x80, 0xf, 0xf8, 0x0,
    0x2, 0x0, 0x0,

    /* U+016B "ū" */
    0x3f, 0xf0, 0x7f, 0xe0, 0x0, 0x0, 0x0, 0x0,
    0x0, 0x1f, 0x1f, 0xe, 0xe, 0x1c, 0x1c, 0x38,
    0x38, 0x70, 0x70, 0xe0, 0xe1, 0xc1, 0xc3, 0x83,
    0x87, 0x7, 0xe, 0xe, 0x1c, 0x1c, 0x38, 0x38,
    0x79, 0xf0, 0x7e, 0xf8, 0x71, 0x80,

    /* U+016C "Ŭ" */
    0x1, 0x1, 0x0, 0x6, 0x8, 0x0, 0xf, 0xe0,
    0x0, 0x1e, 0x0, 0x0, 0x0, 0x0, 0x0, 0x0,
    0xf, 0xf8, 0x1f, 0xcf, 0x80, 0x1c, 0x1c, 0x0,
    0x20, 0x70, 0x0, 0x81, 0xc0, 0x2, 0x7, 0x0,
    0x8, 0x1c, 0x0, 0x20, 0x70, 0x0, 0x81, 0xc0,
    0x2, 0x7, 0x0, 0x8, 0x1c, 0x0, 0x20, 0x70,
    0x0, 0x81, 0xc0, 0x2, 0x7, 0x0, 0x8, 0x1c,
    0x0, 0x20, 0x70, 0x0, 0x81, 0xc0, 0x2, 0x7,
    0x0, 0x8, 0xe, 0x0, 0x40, 0x38, 0x1, 0x0,
    0x70, 0x18, 0x0, 0xff, 0x80, 0x0, 0x20, 0x0,

    /* U+016D "ŭ" */
    0x10, 0x10, 0x10, 0x40, 0x3f, 0x80, 0x3c, 0x0,
    0x0, 0x0, 0x0, 0x0, 0x0, 0x7c, 0x7c, 0x38,
    0x38, 0x70, 0x70, 0xe0, 0xe1, 0xc1, 0xc3, 0x83,
    0x87, 0x7, 0xe, 0xe, 0x1c, 0x1c, 0x38, 0x38,
    0x70, 0x70, 0xe0, 0xe1, 0xe7, 0xc1, 0xfb, 0xe1,
    0xc6, 0x0,

    /* U+016E "Ů" */
    0x0, 0x3c, 0x0, 0x1, 0x98, 0x0, 0x4, 0x20,
    0x0, 0x10, 0x80, 0x0, 0x66, 0x0, 0x0, 0xf0,
    0x0, 0x0, 0x0, 0x3f, 0xe0, 0x7f, 0x3e, 0x0,
    0x70, 0x70, 0x0, 0x81, 0xc0, 0x2, 0x7, 0x0,
    0x8, 0x1c, 0x0, 0x20, 0x70, 0x0, 0x81, 0xc0,
    0x2, 0x7, 0x0, 0x8, 0x1c, 0x0, 0x20, 0x70,
    0x0, 0x81, 0xc0, 0x2, 0x7, 0x0, 0x8, 0x1c,
    0x0, 0x20, 0x70, 0x0, 0x81, 0xc0, 0x2, 0x7,
    0x0, 0x8, 0x1c, 0x0, 0x20, 0x38, 0x1, 0x0,
    0xe0, 0x4, 0x1, 0xc0, 0x60, 0x3, 0xfe, 0x0,
    0x0, 0x80, 0x0,

    /* U+016F "ů" */
    0x7, 0x80, 0x19, 0x80, 0x21, 0x0, 0x42, 0x0,
    0xcc, 0x0, 0xf0, 0x0, 0x0, 0x0, 0x0, 0xf8,
    0xf8, 0x70, 0x70, 0xe0, 0xe1, 0xc1, 0xc3, 0x83,
    0x87, 0x7, 0xe, 0xe, 0x1c, 0x1c, 0x38, 0x38,
    0x70, 0x70, 0xe0, 0xe1, 0xc1, 0xc3, 0xcf, 0x83,
    0xf7, 0xc3, 0x8c, 0x0,

    /* U+0170 "Ű" */
    0x0, 0x73, 0x80, 0x1, 0xcc, 0x0, 0x6, 0x30,
    0x0, 0x10, 0x80, 0x0, 0xc6, 0x0, 0x2, 0x10,
    0x0, 0x0, 0x0, 0x3f, 0xe0, 0x7f, 0x3e, 0x0,
    0x70, 0x70, 0x0, 0x81, 0xc0, 0x2, 0x7, 0x0,
    0x8, 0x1c, 0x0, 0x20, 0x70, 0x0, 0x81, 0xc0,
    0x2, 0x7, 0x0, 0x8, 0x1c, 0x0, 0x20, 0x70,
    0x0, 0x81, 0xc0, 0x2, 0x7, 0x0, 0x8, 0x1c,
    0x0, 0x20, 0x70, 0x0, 0x81, 0xc0, 0x2, 0x7,
    0x0, 0x8, 0x1c, 0x0, 0x20, 0x38, 0x1, 0x0,
    0xe0, 0x4, 0x1, 0xc0, 0x60, 0x3, 0xfe, 0x0,
    0x0, 0x80, 0x0,

    /* U+0171 "ű" */
    0x6, 0x70, 0xc, 0xc0, 0x31, 0x80, 0x62, 0x0,
    0x8c, 0x1, 0x10, 0x0, 0x0, 0x0, 0x0, 0xf8,
    0xf8, 0x70, 0x70, 0xe0, 0xe1, 0xc1, 0xc3, 0x83,
    0x87, 0x7, 0xe, 0xe, 0x1c, 0x1c, 0x38, 0x38,
    0x70, 0x70, 0xe0, 0xe1, 0xc1, 0xc3, 0xcf, 0x83,
    0xf7, 0xc3, 0x8c, 0x0,

    /* U+0172 "Ų" */
    0xff, 0x83, 0xf9, 0xf0, 0x7, 0x7, 0x0, 0x10,
    0x38, 0x0, 0x81, 0xc0, 0x4, 0xe, 0x0, 0x20,
    0x70, 0x1, 0x3, 0x80, 0x8, 0x1c, 0x0, 0x40,
    0xe0, 0x2, 0x7, 0x0, 0x10, 0x38, 0x0, 0x81,
    0xc0, 0x4, 0xe, 0x0, 0x20, 0x70, 0x1, 0x3,
    0x80, 0x8, 0x1c, 0x0, 0x40, 0xe0, 0x2, 0x3,
    0x80, 0x20, 0x1c, 0x1, 0x0, 0x70, 0x30, 0x1,
    0xff, 0x0, 0x0, 0xc0, 0x0, 0x6, 0x0, 0x0,
    0x30, 0x0, 0x1, 0x80, 0x0, 0xe, 0x0, 0x0,
    0x3e, 0x0,

    /* U+0173 "ų" */
    0xf8, 0xf8, 0x1c, 0x1c, 0xe, 0xe, 0x7, 0x7,
    0x3, 0x83, 0x81, 0xc1, 0xc0, 0xe0, 0xe0, 0x70,
    0x70, 0x38, 0x38, 0x1c, 0x1c, 0xe, 0xe, 0x7,
    0x7, 0x3, 0xcf, 0x80, 0xfd, 0xf0, 0x38, 0xe0,
    0x0, 0x60, 0x0, 0x30, 0x0, 0x18, 0x0, 0xe,
    0x0, 0x3, 0xe0,

    /* U+0174 "Ŵ" */
    0x0, 0x7, 0x80, 0x0, 0x0, 0x1e, 0x0, 0x0,
    0x0, 0xdc, 0x0, 0x0, 0x2, 0x10, 0x0, 0x0,
    0x10, 0x20, 0x0, 0x0, 0x0, 0x40, 0x0, 0x0,
    0x0, 0x0, 0x3f, 0xcf, 0xf8, 0x3f, 0x3c, 0xf,
    0x80, 0x30, 0x70, 0x1e, 0x0, 0xc1, 0xc0, 0x78,
    0x2, 0x7, 0x80, 0xe0, 0x18, 0xe, 0x3, 0x80,
    0x60, 0x38, 0xf, 0x1, 0x0, 0x70, 0x3c, 0xc,
    0x1, 0xc0, 0xf0, 0x30, 0x7, 0x2, 0xe0, 0x80,
    0xe, 0x1b, 0x86, 0x0, 0x38, 0x4e, 0x18, 0x0,
    0xe1, 0x1c, 0x40, 0x1, 0xcc, 0x73, 0x0, 0x7,
    0x21, 0xc8, 0x0, 0x1d, 0x83, 0xa0, 0x0, 0x3e,
    0xf, 0x80, 0x0, 0xf0, 0x3c, 0x0, 0x3, 0xc0,
    0x70, 0x0, 0x6, 0x1, 0xc0, 0x0, 0x18, 0x6,
    0x0, 0x0, 0x60, 0x8, 0x0, 0x0, 0x0, 0x20,
    0x0,

    /* U+0175 "ŵ" */
    0x0, 0x38, 0x0, 0x0, 0xf8, 0x0, 0x1, 0x30,
    0x0, 0x4, 0x10, 0x0, 0x0, 0x10, 0x0, 0x0,
    0x0, 0x0, 0x0, 0x0, 0x7e, 0x7f, 0x1f, 0x38,
    0x38, 0xc, 0x70, 0x70, 0x10, 0x60, 0x60, 0x60,
    0xe0, 0xe0, 0x80, 0xc1, 0xc1, 0x1, 0xc7, 0xc4,
    0x3, 0x8b, 0x88, 0x3, 0x33, 0xb0, 0x7, 0x47,
    0x40, 0xe, 0x86, 0x80, 0xe, 0xe, 0x0, 0x1c,
    0x1c, 0x0, 0x10, 0x18, 0x0, 0x20, 0x20, 0x0,

    /* U+0176 "Ŷ" */
    0x0, 0x38, 0x0, 0x0, 0xf8, 0x0, 0x1, 0xb0,
    0x0, 0x6, 0x30, 0x0, 0x8, 0x30, 0x0, 0x20,
    0x0, 0x0, 0x0, 0x0, 0x7f, 0xc0, 0xff, 0x3e,
    0x0, 0x78, 0x3c, 0x0, 0xe0, 0x38, 0x1, 0x80,
    0x78, 0x2, 0x0, 0x78, 0xc, 0x0, 0x70, 0x30,
    0x0, 0xf0, 0x40, 0x0, 0xf1, 0x80, 0x0, 0xe6,
    0x0, 0x1, 0xe8, 0x0, 0x1, 0xf0, 0x0, 0x1,
    0xc0, 0x0, 0x3, 0x80, 0x0, 0x7, 0x0, 0x0,
    0xe, 0x0, 0x0, 0x1c, 0x0, 0x0, 0x38, 0x0,
    0x0, 0x70, 0x0, 0x0, 0xe0, 0x0, 0x3, 0xe0,
    0x0, 0x1f, 0xf0, 0x0,

    /* U+0177 "ŷ" */
    0x3, 0xc0, 0x3, 0xe0, 0x6, 0x60, 0x4, 0x30,
    0x8, 0x10, 0x0, 0x0, 0x0, 0x0, 0xfe, 0x1f,
    0x78, 0xe, 0x38, 0xc, 0x18, 0xc, 0x1c, 0x8,
    0xc, 0x18, 0xe, 0x10, 0x6, 0x30, 0x7, 0x30,
    0x7, 0x20, 0x3, 0xe0, 0x3, 0xc0, 0x1, 0xc0,
    0x1, 0xc0, 0x0, 0x80, 0x1, 0x80, 0x1, 0x0,
    0x1, 0x0, 0x3, 0x0, 0x7e, 0x0, 0x7c, 0x0,
    0x38, 0x0,

    /* U+0178 "Ÿ" */
    0x1, 0xc7, 0x0, 0x7, 0x1c, 0x0, 0x1c, 0x70,
    0x0, 0x0, 0x0, 0x0, 0x0, 0x3, 0xfe, 0x7,
    0xf7, 0xe0, 0x7, 0x87, 0x80, 0x18, 0x1e, 0x0,
    0x60, 0x3c, 0x3, 0x0, 0x70, 0x8, 0x0, 0xe0,
    0x60, 0x3, 0xc3, 0x0, 0x7, 0xc, 0x0, 0xe,
    0x60, 0x0, 0x3d, 0x0, 0x0, 0x7c, 0x0, 0x0,
    0xe0, 0x0, 0x3, 0x80, 0x0, 0xe, 0x0, 0x0,
    0x38, 0x0, 0x0, 0xe0, 0x0, 0x3, 0x80, 0x0,
    0xe, 0x0, 0x0, 0x38, 0x0, 0x1, 0xf0, 0x0,
    0x1f, 0xf0, 0x0,

    /* U+0179 "Ź" */
    0x0, 0x78, 0x0, 0x1c, 0x0, 0x6, 0x0, 0x1,
    0x0, 0x0, 0xc0, 0x0, 0x20, 0x0, 0x0, 0x0,
    0xff, 0xff, 0x30, 0x7, 0x88, 0x1, 0xc2, 0x0,
    0xf0, 0x80, 0x78, 0x0, 0x1c, 0x0, 0xf, 0x0,
    0x7, 0x80, 0x1, 0xc0, 0x0, 0xf0, 0x0, 0x78,
    0x0, 0x1c, 0x0, 0xf, 0x0, 0x7, 0x80, 0x1,
    0xc0, 0x0, 0xf0, 0x0, 0x78, 0x0, 0x1c, 0x0,
    0x4f, 0x0, 0x17, 0x80, 0xd, 0xc0, 0x7, 0xff,
    0xff, 0x80,

    /* U+017A "ź" */
    0x1, 0xc0, 0x1c, 0x0, 0xc0, 0x4, 0x0, 0x60,
    0x2, 0x0, 0x0, 0xf, 0xff, 0x60, 0x72, 0x3,
    0x90, 0x38, 0x3, 0x80, 0x1c, 0x1, 0xc0, 0x1c,
    0x1, 0xe0, 0xe, 0x0, 0xe0, 0xf, 0x2, 0xf0,
    0x17, 0x1, 0xff, 0xfc,

    /* U+017B "Ż" */
    0x0, 0xe0, 0x0, 0x38, 0x0, 0xe, 0x0, 0x0,
    0x0, 0x0, 0x0, 0xf, 0xff, 0xe3, 0x0, 0x78,
    0x80, 0x3c, 0x20, 0xe, 0x8, 0x7, 0x80, 0x3,
    0xc0, 0x0, 0xe0, 0x0, 0x78, 0x0, 0x3c, 0x0,
    0xf, 0x0, 0x7, 0x80, 0x3, 0xc0, 0x0, 0xf0,
    0x0, 0x78, 0x0, 0x1c, 0x0, 0xf, 0x0, 0x7,
    0x80, 0x11, 0xc0, 0x4, 0xf0, 0x2, 0x78, 0x0,
    0x9c, 0x0, 0x6f, 0xff, 0xf8,

    /* U+017C "ż" */
    0x7, 0x0, 0x38, 0x1, 0xc0, 0x0, 0x0, 0x0,
    0x0, 0x0, 0x0, 0xf, 0xff, 0x60, 0x72, 0x7,
    0x90, 0x78, 0x3, 0x80, 0x3c, 0x3, 0xc0, 0x1c,
    0x1, 0xc0, 0x1e, 0x0, 0xe0, 0x4e, 0x2, 0xf0,
    0x17, 0x1, 0xff, 0xfc,

    /* U+017D "Ž" */
    0x4, 0x0, 0x0, 0x83, 0x0, 0x31, 0x80, 0x7,
    0xc0, 0x0, 0xf0, 0x0, 0x38, 0x0, 0x0, 0x0,
    0xff, 0xff, 0x30, 0x7, 0x88, 0x1, 0xc2, 0x0,
    0xf0, 0x80, 0x78, 0x0, 0x1c, 0x0, 0xf, 0x0,
    0x7, 0x80, 0x1, 0xc0, 0x0, 0xf0, 0x0, 0x78,
    0x0, 0x1c, 0x0, 0xf, 0x0, 0x7, 0x80, 0x1,
    0xc0, 0x0, 0xf0, 0x0, 0x78, 0x0, 0x1c, 0x0,
    0x4f, 0x0, 0x17, 0x80, 0xd, 0xc0, 0x7, 0xff,
    0xff, 0x80,

    /* U+017E "ž" */
    0x10, 0x20, 0x43, 0x3, 0xb0, 0xf, 0x0, 0x78,
    0x0, 0x0, 0x0, 0xf, 0xff, 0x60, 0x72, 0x3,
    0x90, 0x38, 0x3, 0x80, 0x1c, 0x1, 0xc0, 0x1c,
    0x1, 0xe0, 0xe, 0x0, 0xe0, 0xf, 0x2, 0xf0,
    0x17, 0x1, 0xff, 0xfc,

    /* U+017F "ſ" */
    0x1, 0xe0, 0x33, 0xc3, 0xe, 0x18, 0x31, 0xc0,
    0xe, 0x0, 0x70, 0x3, 0x80, 0x1c, 0x0, 0xe0,
    0x7, 0x0, 0x38, 0x1, 0xc0, 0xe, 0x0, 0x70,
    0x3, 0x80, 0x1c, 0x0, 0xe0, 0x7, 0x0, 0x38,
    0x1, 0xc0, 0x1f, 0x3, 0xfe, 0x0,

    /* U+018F "Ə" */
    0x0, 0x20, 0x0, 0xff, 0xf0, 0x7, 0x80, 0xc0,
    0x30, 0x3, 0x1, 0x0, 0xc, 0x8, 0x0, 0x30,
    0x80, 0x1, 0xc0, 0x0, 0x6, 0x0, 0x0, 0x38,
    0x0, 0x1, 0xc0, 0x0, 0xf, 0xff, 0xff, 0xfe,
    0x0, 0x3, 0xf0, 0x0, 0x1f, 0x80, 0x0, 0xfc,
    0x0, 0x7, 0x70, 0x0, 0x73, 0x80, 0x3, 0x8e,
    0x0, 0x38, 0x70, 0x1, 0xc1, 0xc0, 0x1c, 0x7,
    0x1, 0xc0, 0xf, 0xf8, 0x0, 0x4, 0x0,

    /* U+0192 "ƒ" */
    0x0, 0x0, 0x0, 0x1e, 0x0, 0x33, 0x0, 0x32,
    0x0, 0x60, 0x0, 0x60, 0x0, 0x60, 0x0, 0xe0,
    0x0, 0xe0, 0x7, 0xf8, 0x0, 0xc0, 0x1, 0xc0,
    0x1, 0xc0, 0x1, 0xc0, 0x1, 0x80, 0x3, 0x80,
    0x3, 0x80, 0x3, 0x80, 0x3, 0x0, 0x3, 0x0,
    0x7, 0x0, 0x7, 0x0, 0x6, 0x0, 0x6, 0x0,
    0x6, 0x0, 0xc, 0x0, 0xc, 0x0, 0xc8, 0x0,
    0xd8, 0x0, 0xe0, 0x0,

    /* U+01A0 "Ơ" */
    0x0, 0x0, 0x60, 0x0, 0x7, 0x0, 0x20, 0x70,
    0x3f, 0xc6, 0xc, 0x7, 0xc1, 0x80, 0x10, 0x38,
    0x1, 0x83, 0x0, 0xc, 0x70, 0x0, 0xe6, 0x0,
    0xe, 0xe0, 0x0, 0x6e, 0x0, 0x7, 0xe0, 0x0,
    0x7e, 0x0, 0x7, 0xe0, 0x0, 0x7e, 0x0, 0x7,
    0xe0, 0x0, 0x7e, 0x0, 0x7, 0x70, 0x0, 0x67,
    0x0, 0xe, 0x30, 0x0, 0xc3, 0x80, 0x1c, 0x18,
    0x1, 0x80, 0xe0, 0x70, 0x3, 0xfc, 0x0, 0x4,
    0x0,

    /* U+01A1 "ơ" */
    0x0, 0x2, 0xf, 0xc7, 0x18, 0xe7, 0x30, 0x73,
    0x60, 0x3c, 0x60, 0x38, 0xe0, 0x1c, 0xe0, 0x1c,
    0xe0, 0x1c, 0xe0, 0x1c, 0xe0, 0x1c, 0x70, 0x18,
    0x70, 0x18, 0x38, 0x30, 0x1c, 0x60, 0xf, 0xc0,

    /* U+01AF "Ư" */
    0x0, 0x0, 0x1, 0x80, 0x0, 0x0, 0x60, 0x0,
    0x0, 0x1b, 0xfe, 0x7, 0xfc, 0x3e, 0x0, 0x70,
    0x7, 0x0, 0x8, 0x1, 0xc0, 0x2, 0x0, 0x70,
    0x0, 0x80, 0x1c, 0x0, 0x20, 0x7, 0x0, 0x8,
    0x1, 0xc0, 0x2, 0x0, 0x70, 0x0, 0x80, 0x1c,
    0x0, 0x20, 0x7, 0x0, 0x8, 0x1, 0xc0, 0x2,
    0x0, 0x70, 0x0, 0x80, 0x1c, 0x0, 0x20, 0x7,
    0x0, 0x8, 0x1, 0xc0, 0x2, 0x0, 0x70, 0x0,
    0x80, 0x1c, 0x0, 0x20, 0x3, 0x80, 0x10, 0x0,
    0xe0, 0x4, 0x0, 0x1c, 0x6, 0x0, 0x3, 0xff,
    0x0, 0x0, 0x8, 0x0, 0x0,

    /* U+01B0 "ư" */
    0x0, 0x1, 0x7c, 0x7d, 0xde, 0xe, 0xe7, 0x7,
    0x23, 0x83, 0xe1, 0xc1, 0xc0, 0xe0, 0xe0, 0x70,
    0x70, 0x38, 0x38, 0x1c, 0x1c, 0xe, 0xe, 0x7,
    0x7, 0x3, 0x83, 0x81, 0xe7, 0xc0, 0x7e, 0xf8,
    0x1c, 0x60,

    /* U+01CD "Ǎ" */
    0x0, 0x0, 0x0, 0x4, 0x8, 0x0, 0xc, 0x40,
    0x0, 0x3b, 0x0, 0x0, 0x78, 0x0, 0x0, 0xc0,
    0x0, 0x0, 0x0, 0x0, 0x8, 0x0, 0x0, 0x30,
    0x0, 0x0, 0xc0, 0x0, 0x7, 0x80, 0x0, 0x1e,
    0x0, 0x0, 0xfc, 0x0, 0x3, 0x70, 0x0, 0x19,
    0xc0, 0x0, 0x67, 0x80, 0x1, 0xe, 0x0, 0xc,
    0x3c, 0x0, 0x20, 0x70, 0x1, 0x81, 0xc0, 0x6,
    0x7, 0x80, 0x3f, 0xfe, 0x0, 0xc0, 0x3c, 0x2,
    0x0, 0x70, 0x18, 0x1, 0xe0, 0x40, 0x3, 0x83,
    0x0, 0xe, 0x1c, 0x0, 0x3c, 0xfc, 0x3, 0xfc,

    /* U+01CE "ǎ" */
    0x20, 0x41, 0x86, 0x6, 0x60, 0x3f, 0x0, 0xf0,
    0x0, 0x0, 0x0, 0x3, 0xf0, 0x71, 0xc7, 0x7,
    0x38, 0x39, 0xc1, 0xc0, 0x1e, 0x3, 0x70, 0x63,
    0x8e, 0x1c, 0xe0, 0xe7, 0x7, 0x38, 0x39, 0xe3,
    0xd7, 0xef, 0x1c, 0x70,

    /* U+01CF "Ǐ" */
    0x80, 0xa0, 0x98, 0xc7, 0xc3, 0xe0, 0xe0, 0x1,
    0xff, 0x3e, 0xe, 0x7, 0x3, 0x81, 0xc0, 0xe0,
    0x70, 0x38, 0x1c, 0xe, 0x7, 0x3, 0x81, 0xc0,
    0xe0, 0x70, 0x38, 0x1c, 0xe, 0x7, 0x7, 0xcf,
    0xf8,

    /* U+01D0 "ǐ" */
    0x80, 0xa0, 0x9c, 0xc7, 0xc3, 0xc0, 0x0, 0x0,
    0x18, 0x7c, 0xe, 0x7, 0x3, 0x81, 0xc0, 0xe0,
    0x70, 0x38, 0x1c, 0xe, 0x7, 0x3, 0x81, 0xc3,
    0xf8,

    /* U+01D1 "Ǒ" */
    0x0, 0x2, 0x0, 0x30, 0x40, 0x1, 0x8c, 0x0,
    0x1d, 0x80, 0x0, 0xf0, 0x0, 0x7, 0x0, 0x0,
    0x20, 0x0, 0x3f, 0xc0, 0xc, 0x7, 0x1, 0x80,
    0x18, 0x38, 0x1, 0xc3, 0x0, 0xc, 0x70, 0x0,
    0xe6, 0x0, 0xe, 0xe0, 0x0, 0x7e, 0x0, 0x7,
    0xe0, 0x0, 0x7e, 0x0, 0x7, 0xe0, 0x0, 0x7e,
    0x0, 0x7, 0xe0, 0x0, 0x7e, 0x0, 0x7, 0x70,
    0x0, 0x67, 0x0, 0xe, 0x30, 0x0, 0xc3, 0x80,
    0x1c, 0x18, 0x1, 0x80, 0xe0, 0x70, 0x3, 0xfc,
    0x0, 0x4, 0x0,

    /* U+01D2 "ǒ" */
    0x10, 0x20, 0x61, 0x80, 0xcc, 0x1, 0xe0, 0x7,
    0x80, 0x0, 0x0, 0x0, 0x3, 0xf0, 0x18, 0xe0,
    0xc1, 0xc6, 0x3, 0x98, 0xf, 0xe0, 0x1f, 0x80,
    0x7e, 0x1, 0xf8, 0x7, 0xe0, 0x1d, 0xc0, 0x67,
    0x1, 0x8e, 0xc, 0x1c, 0x60, 0x3f, 0x0,

    /* U+01D3 "Ǔ" */
    0x0, 0x1, 0x0, 0x6, 0x8, 0x0, 0xc, 0x40,
    0x0, 0x1b, 0x0, 0x0, 0x78, 0x0, 0x0, 0xe0,
    0x0, 0x0, 0x0, 0x3f, 0xe0, 0x7f, 0x3e, 0x0,
    0x70, 0x70, 0x0, 0x81, 0xc0, 0x2, 0x7, 0x0,
    0x8, 0x1c, 0x0, 0x20, 0x70, 0x0, 0x81, 0xc0,
    0x2, 0x7, 0x0, 0x8, 0x1c, 0x0, 0x20, 0x70,
    0x0, 0x81, 0xc0, 0x2, 0x7, 0x0, 0x8, 0x1c,
    0x0, 0x20, 0x70, 0x0, 0x81, 0xc0, 0x2, 0x7,
    0x0, 0x8, 0x1c, 0x0, 0x20, 0x38, 0x1, 0x0,
    0xe0, 0x4, 0x1, 0xc0, 0x60, 0x3, 0xfe, 0x0,
    0x0, 0x80, 0x0,

    /* U+01D4 "ǔ" */
    0x8, 0x20, 0x18, 0x40, 0x1b, 0x0, 0x3e, 0x0,
    0x38, 0x0, 0x0, 0x0, 0x0, 0x7c, 0x7c, 0x38,
    0x38, 0x70, 0x70, 0xe0, 0xe1, 0xc1, 0xc3, 0x83,
    0x87, 0x7, 0xe, 0xe, 0x1c, 0x1c, 0x38, 0x38,
    0x70, 0x70, 0xe0, 0xe1, 0xe7, 0xc1, 0xfb, 0xe1,
    0xc6, 0x0,

    /* U+01D5 "Ǖ" */
    0x1, 0xfe, 0x0, 0x7, 0xf8, 0x0, 0x0, 0x0,
    0x0, 0x0, 0x0, 0x1, 0xce, 0x0, 0x7, 0x38,
    0x0, 0x0, 0x0, 0x3f, 0xe0, 0x7f, 0x3e, 0x0,
    0x70, 0x70, 0x0, 0x81, 0xc0, 0x2, 0x7, 0x0,
    0x8, 0x1c, 0x0, 0x20, 0x70, 0x0, 0x81, 0xc0,
    0x2, 0x7, 0x0, 0x8, 0x1c, 0x0, 0x20, 0x70,
    0x0, 0x81, 0xc0, 0x2, 0x7, 0x0, 0x8, 0x1c,
    0x0, 0x20, 0x70, 0x0, 0x81, 0xc0, 0x2, 0x7,
    0x0, 0x8, 0x1c, 0x0, 0x20, 0x38, 0x1, 0x0,
    0xe0, 0x4, 0x1, 0xc0, 0x60, 0x3, 0xfe, 0x0,
    0x0, 0x80, 0x0,

    /* U+01D6 "ǖ" */
    0x1f, 0xf8, 0x3f, 0xf0, 0x0, 0x0, 0x0, 0x0,
    0x0, 0x3, 0x8e, 0x7, 0x1c, 0xe, 0x38, 0x0,
    0x0, 0x0, 0x3, 0xe3, 0xe1, 0xc1, 0xc3, 0x83,
    0x87, 0x7, 0xe, 0xe, 0x1c, 0x1c, 0x38, 0x38,
    0x70, 0x70, 0xe0, 0xe1, 0xc1, 0xc3, 0x83, 0x87,
    0x7, 0xf, 0x3e, 0xf, 0xdf, 0xe, 0x30,

    /* U+01D7 "Ǘ" */
    0x0, 0x18, 0x0, 0x0, 0xc0, 0x0, 0x2, 0x0,
    0x0, 0x0, 0x0, 0x1, 0xce, 0x0, 0x7, 0x38,
    0x0, 0x0, 0x0, 0x3f, 0xe0, 0x7f, 0x3e, 0x0,
    0x70, 0x70, 0x0, 0x81, 0xc0, 0x2, 0x7, 0x0,
    0x8, 0x1c, 0x0, 0x20, 0x70, 0x0, 0x81, 0xc0,
    0x2, 0x7, 0x0, 0x8, 0x1c, 0x0, 0x20, 0x70,
    0x0, 0x81, 0xc0, 0x2, 0x7, 0x0, 0x8, 0x1c,
    0x0, 0x20, 0x70, 0x0, 0x81, 0xc0, 0x2, 0x7,
    0x0, 0x8, 0x1c, 0x0, 0x20, 0x38, 0x1, 0x0,
    0xe0, 0x4, 0x1, 0xc0, 0x60, 0x3, 0xfe, 0x0,
    0x0, 0x80, 0x0,

    /* U+01D8 "ǘ" */
    0x1, 0xe0, 0x3, 0x80, 0x6, 0x0, 0x18, 0x0,
    0x20, 0x0, 0x80, 0x0, 0x0, 0x0, 0x0, 0x1c,
    0x70, 0x38, 0xe0, 0x71, 0xc0, 0x0, 0x0, 0x0,
    0x1f, 0x1f, 0xe, 0xe, 0x1c, 0x1c, 0x38, 0x38,
    0x70, 0x70, 0xe0, 0xe1, 0xc1, 0xc3, 0x83, 0x87,
    0x7, 0xe, 0xe, 0x1c, 0x1c, 0x38, 0x38, 0x79,
    0xf0, 0x7e, 0xf8, 0x71, 0x80,

    /* U+01D9 "Ǚ" */
    0x0, 0x84, 0x0, 0x1, 0xe0, 0x0, 0x3, 0x0,
    0x0, 0x0, 0x0, 0x1, 0xce, 0x0, 0x7, 0x38,
    0x0, 0x0, 0x0, 0x3f, 0xe0, 0x7f, 0x3e, 0x0,
    0x70, 0x70, 0x0, 0x81, 0xc0, 0x2, 0x7, 0x0,
    0x8, 0x1c, 0x0, 0x20, 0x70, 0x0, 0x81, 0xc0,
    0x2, 0x7, 0x0, 0x8, 0x1c, 0x0, 0x20, 0x70,
    0x0, 0x81, 0xc0, 0x2, 0x7, 0x0, 0x8, 0x1c,
    0x0, 0x20, 0x70, 0x0, 0x81, 0xc0, 0x2, 0x7,
    0x0, 0x8, 0x1c, 0x0, 0x20, 0x38, 0x1, 0x0,
    0xe0, 0x4, 0x1, 0xc0, 0x60, 0x3, 0xfe, 0x0,
    0x0, 0x80, 0x0,

    /* U+01DA "ǚ" */
    0x10, 0x10, 0x18, 0x40, 0x39, 0x80, 0x3e, 0x0,
    0x38, 0x0, 0x0, 0x0, 0x0, 0xe, 0x38, 0x1c,
    0x70, 0x38, 0xe0, 0x0, 0x0, 0x0, 0xf, 0x8f,
    0x87, 0x7, 0xe, 0xe, 0x1c, 0x1c, 0x38, 0x38,
    0x70, 0x70, 0xe0, 0xe1, 0xc1, 0xc3, 0x83, 0x87,
    0x7, 0xe, 0xe, 0x1c, 0x1c, 0x3c, 0xf8, 0x3f,
    0x7c, 0x38, 0xc0,

    /* U+01DB "Ǜ" */
    0x0, 0x60, 0x0, 0x0, 0xc0, 0x0, 0x1, 0x0,
    0x0, 0x0, 0x0, 0x1, 0xce, 0x0, 0x7, 0x38,
    0x0, 0x0, 0x0, 0x3f, 0xe0, 0x7f, 0x3e, 0x0,
    0x70, 0x70, 0x0, 0x81, 0xc0, 0x2, 0x7, 0x0,
    0x8, 0x1c, 0x0, 0x20, 0x70, 0x0, 0x81, 0xc0,
    0x2, 0x7, 0x0, 0x8, 0x1c, 0x0, 0x20, 0x70,
    0x0, 0x81, 0xc0, 0x2, 0x7, 0x0, 0x8, 0x1c,
    0x0, 0x20, 0x70, 0x0, 0x81, 0xc0, 0x2, 0x7,
    0x0, 0x8, 0x1c, 0x0, 0x20, 0x38, 0x1, 0x0,
    0xe0, 0x4, 0x1, 0xc0, 0x60, 0x3, 0xfe, 0x0,
    0x0, 0x80, 0x0,

    /* U+01DC "ǜ" */
    0xe, 0x0, 0xe, 0x0, 0xc, 0x0, 0x8, 0x0,
    0x8, 0x0, 0x10, 0x0, 0x0, 0x0, 0x0, 0x1c,
    0x70, 0x38, 0xe0, 0x71, 0xc0, 0x0, 0x0, 0x0,
    0x1f, 0x1f, 0xe, 0xe, 0x1c, 0x1c, 0x38, 0x38,
    0x70, 0x70, 0xe0, 0xe1, 0xc1, 0xc3, 0x83, 0x87,
    0x7, 0xe, 0xe, 0x1c, 0x1c, 0x38, 0x38, 0x79,
    0xf0, 0x7e, 0xf8, 0x71, 0x80,

    /* U+01FA "Ǻ" */
    0x0, 0x1c, 0x0, 0x0, 0x60, 0x0, 0x3, 0x80,
    0x0, 0xc, 0x0, 0x0, 0x20, 0x0, 0x1, 0x0,
    0x0, 0x7, 0x80, 0x0, 0x33, 0x0, 0x0, 0x84,
    0x0, 0x2, 0x10, 0x0, 0x7, 0x80, 0x0, 0xc,
    0x0, 0x0, 0x30, 0x0, 0x1, 0xe0, 0x0, 0x7,
    0x80, 0x0, 0x1e, 0x0, 0x0, 0xfc, 0x0, 0x2,
    0x70, 0x0, 0x19, 0xe0, 0x0, 0x63, 0x80, 0x1,
    0xe, 0x0, 0xc, 0x3c, 0x0, 0x20, 0x70, 0x1,
    0x81, 0xe0, 0x6, 0x3, 0x80, 0x3f, 0xfe, 0x0,
    0xc0, 0x3c, 0x2, 0x0, 0x70, 0x18, 0x1, 0xe0,
    0x40, 0x3, 0x83, 0x0, 0xf, 0x1c, 0x0, 0x3c,
    0xfc, 0x3, 0xfc,

    /* U+01FB "ǻ" */
    0x3, 0xc0, 0x1c, 0x0, 0xc0, 0xc, 0x0, 0x40,
    0x4, 0x0, 0x0, 0x1, 0xe0, 0x19, 0x80, 0x84,
    0x4, 0x20, 0x33, 0x0, 0xf0, 0x0, 0x0, 0x0,
    0x3, 0xf0, 0x71, 0xc7, 0x7, 0x38, 0x39, 0xc1,
    0xc0, 0x1e, 0x3, 0x70, 0x63, 0x8e, 0x1c, 0xe0,
    0xe7, 0x7, 0x38, 0x39, 0xe3, 0xd7, 0xef, 0x1c,
    0x70,

    /* U+01FC "Ǽ" */
    0x0, 0x3, 0x80, 0x0, 0x0, 0x60, 0x0, 0x0,
    0x1c, 0x0, 0x0, 0x3, 0x0, 0x0, 0x0, 0x40,
    0x0, 0x0, 0x0, 0x0, 0x0, 0x0, 0x0, 0x0,
    0x3, 0xff, 0xfe, 0x0, 0x1f, 0x0, 0xc0, 0x2,
    0xe0, 0x8, 0x0, 0xdc, 0x1, 0x0, 0x13, 0x80,
    0x20, 0x6, 0x70, 0x0, 0x0, 0xce, 0x0, 0x0,
    0x31, 0xc0, 0x40, 0x6, 0x38, 0x8, 0x1, 0x87,
    0x3, 0x0, 0x30, 0xff, 0xe0, 0xc, 0x1c, 0xc,
    0x1, 0x83, 0x80, 0x80, 0x7f, 0xf0, 0x10, 0xc,
    0xe, 0x0, 0x3, 0x1, 0xc0, 0x0, 0x60, 0x38,
    0x0, 0x18, 0x7, 0x0, 0x22, 0x0, 0xe0, 0x4,
    0xc0, 0x1c, 0x1, 0x38, 0x7, 0x80, 0xef, 0xc3,
    0xff, 0xfc,

    /* U+01FD "ǽ" */
    0x0, 0x78, 0x0, 0xe, 0x0, 0x3, 0x80, 0x0,
    0x60, 0x0, 0x8, 0x0, 0x2, 0x0, 0x0, 0x0,
    0x0, 0x0, 0x0, 0x1f, 0x1f, 0xe, 0x76, 0x3b,
    0x87, 0x83, 0x70, 0xe0, 0x7e, 0x1c, 0xe, 0x3,
    0xff, 0xc1, 0xf0, 0x0, 0xce, 0x0, 0x71, 0xc0,
    0x1c, 0x38, 0x3, 0x87, 0x0, 0xf0, 0xf0, 0x2e,
    0x1f, 0xc, 0xe4, 0xff, 0xf, 0x7, 0xc0,

    /* U+01FE "Ǿ" */
    0x0, 0x38, 0x0, 0x3, 0x0, 0x0, 0x70, 0x0,
    0x6, 0x0, 0x0, 0x40, 0x0, 0x8, 0x0, 0x0,
    0x20, 0x20, 0x3f, 0xc6, 0xc, 0x7, 0x41, 0x80,
    0x38, 0x38, 0x1, 0xc3, 0x0, 0x3e, 0x70, 0x7,
    0xe6, 0x0, 0x6e, 0xe0, 0xc, 0x7e, 0x1, 0x87,
    0xe0, 0x30, 0x7e, 0x3, 0x7, 0xe0, 0x60, 0x7e,
    0xc, 0x7, 0xe1, 0x80, 0x7e, 0x30, 0x7, 0x72,
    0x0, 0x67, 0x60, 0xe, 0x7c, 0x0, 0xc3, 0x80,
    0x18, 0x1c, 0x1, 0x82, 0xe0, 0x60, 0x67, 0xfc,
    0x4, 0x4, 0x0,

    /* U+01FF "ǿ" */
    0x0, 0xe0, 0x1, 0xc0, 0x7, 0x0, 0xc, 0x0,
    0x10, 0x0, 0x40, 0x0, 0x0, 0x0, 0x0, 0x3,
    0xe2, 0x18, 0xe8, 0x60, 0xe1, 0x80, 0xe3, 0x3,
    0xce, 0x9, 0xdc, 0x23, 0xb8, 0xc7, 0x73, 0xe,
    0xec, 0x1c, 0xf0, 0x31, 0xc0, 0x61, 0xc1, 0x85,
    0xc6, 0x11, 0xf8, 0x0, 0x0,

    /* U+0259 "ə" */
    0x1f, 0x3, 0xfc, 0x61, 0xe4, 0xe, 0x80, 0x70,
    0x7, 0x0, 0x30, 0x3, 0x0, 0x3f, 0xff, 0xe0,
    0x3e, 0x2, 0x70, 0x63, 0xc, 0x1f, 0x0,

    /* U+02C6 "ˆ" */
    0x1c, 0x1e, 0xf, 0x8c, 0xc4, 0x34, 0x8,

    /* U+02C7 "ˇ" */
    0x0, 0xe0, 0x98, 0xc6, 0xc3, 0xe0, 0xe0,

    /* U+02C9 "ˉ" */
    0xff, 0xff, 0xf0,

    /* U+02D8 "˘" */
    0x0, 0xc0, 0x70, 0x4f, 0xe3, 0xc0,

    /* U+02D9 "˙" */
    0xff, 0x80,

    /* U+02DA "˚" */
    0x7b, 0x38, 0x61, 0xcd, 0xe0,

    /* U+02DB "˛" */
    0x40, 0xc0, 0xc0, 0xc0, 0xf0, 0x7c,

    /* U+02DC "˜" */
    0x78, 0x7f, 0x99, 0xfa, 0x1e,

    /* U+02DD "˝" */
    0x73, 0xb9, 0x98, 0xc8, 0x4c, 0x64, 0x20,

    /* U+0300 "̀" */
    0xf3, 0x8c, 0x30, 0x84,

    /* U+0301 "́" */
    0x7b, 0x99, 0x8c, 0x40,

    /* U+0303 "̃" */
    0x78, 0x7f, 0x99, 0xfa, 0x1e,

    /* U+0309 "̉" */
    0x69, 0x92, 0x20,

    /* U+0323 "̣" */
    0xff, 0x80,

    /* U+037E ";" */
    0x73, 0x9c, 0x0, 0x0, 0x0, 0x0, 0x0, 0x7,
    0x7d, 0xe1, 0x8, 0x89, 0x80,

    /* U+0384 "΄" */
    0x7b, 0x99, 0x88, 0x40,

    /* U+0385 "΅" */
    0x7, 0x80, 0xe0, 0x18, 0x76, 0x7e, 0x8f, 0xd1,
    0xc0,

    /* U+0386 "Ά" */
    0xe, 0x20, 0x0, 0x70, 0xc0, 0x1, 0x83, 0x0,
    0x6, 0x1e, 0x0, 0x10, 0x78, 0x0, 0x83, 0xe0,
    0x0, 0xf, 0xc0, 0x0, 0x27, 0x0, 0x1, 0x9e,
    0x0, 0x6, 0x38, 0x0, 0x30, 0xe0, 0x0, 0xc3,
    0xc0, 0x2, 0x7, 0x0, 0x18, 0x1e, 0x0, 0x60,
    0x78, 0x3, 0xff, 0xe0, 0xc, 0x3, 0xc0, 0x20,
    0x7, 0x1, 0x80, 0x1e, 0x4, 0x0, 0x38, 0x30,
    0x0, 0xf1, 0xc0, 0x3, 0xcf, 0xc0, 0x3f, 0xc0,

    /* U+0387 "·" */
    0xff, 0x80,

    /* U+0388 "Έ" */
    0x38, 0x0, 0x0, 0x71, 0xff, 0xfe, 0x60, 0x70,
    0xe, 0x60, 0x70, 0x6, 0x40, 0x70, 0x2, 0x80,
    0x70, 0x2, 0x0, 0x70, 0x0, 0x0, 0x70, 0x0,
    0x0, 0x70, 0x8, 0x0, 0x70, 0x8, 0x0, 0x70,
    0x18, 0x0, 0x7f, 0xf8, 0x0, 0x70, 0x18, 0x0,
    0x70, 0x8, 0x0, 0x70, 0x8, 0x0, 0x70, 0x0,
    0x0, 0x70, 0x0, 0x0, 0x70, 0x1, 0x0, 0x70,
    0x1, 0x0, 0x70, 0x3, 0x0, 0x70, 0x2, 0x0,
    0x70, 0xe, 0x1, 0xff, 0xfe,

    /* U+0389 "Ή" */
    0x38, 0x0, 0x0, 0x7, 0x3f, 0xe1, 0xff, 0x70,
    0xf8, 0x7, 0xc6, 0x7, 0x0, 0x38, 0x40, 0x70,
    0x3, 0x88, 0x7, 0x0, 0x38, 0x80, 0x70, 0x3,
    0x80, 0x7, 0x0, 0x38, 0x0, 0x70, 0x3, 0x80,
    0x7, 0x0, 0x38, 0x0, 0x70, 0x3, 0x80, 0x7,
    0x0, 0x38, 0x0, 0x7f, 0xff, 0x80, 0x7, 0x0,
    0x38, 0x0, 0x70, 0x3, 0x80, 0x7, 0x0, 0x38,
    0x0, 0x70, 0x3, 0x80, 0x7, 0x0, 0x38, 0x0,
    0x70, 0x3, 0x80, 0x7, 0x0, 0x38, 0x0, 0x70,
    0x3, 0x80, 0xf, 0x80, 0x7c, 0x3, 0xfe, 0x1f,
    0xf0,

    /* U+038A "Ί" */
    0x38, 0x0, 0xe7, 0xfd, 0x83, 0xe3, 0x3, 0x84,
    0x7, 0x10, 0xe, 0x0, 0x1c, 0x0, 0x38, 0x0,
    0x70, 0x0, 0xe0, 0x1, 0xc0, 0x3, 0x80, 0x7,
    0x0, 0xe, 0x0, 0x1c, 0x0, 0x38, 0x0, 0x70,
    0x0, 0xe0, 0x1, 0xc0, 0x3, 0x80, 0x7, 0x0,
    0x1f, 0x0, 0xff, 0x80,

    /* U+038C "Ό" */
    0x70, 0x8, 0x1, 0xc3, 0xfc, 0x6, 0x38, 0x1c,
    0x31, 0x80, 0x18, 0x8e, 0x0, 0x72, 0x30, 0x0,
    0xc1, 0xc0, 0x3, 0x86, 0x0, 0x6, 0x38, 0x0,
    0x1c, 0xe0, 0x0, 0x73, 0x80, 0x1, 0xce, 0x0,
    0x7, 0x38, 0x0, 0x1c, 0xe0, 0x0, 0x73, 0x80,
    0x1, 0xce, 0x0, 0x6, 0x1c, 0x0, 0x38, 0x70,
    0x0, 0xe0, 0xc0, 0x3, 0x1, 0x80, 0x18, 0x7,
    0x0, 0xc0, 0x6, 0xe, 0x0, 0x7, 0xe0, 0x0,

    /* U+038E "Ύ" */
    0x70, 0x0, 0x0, 0x7, 0x7f, 0xc0, 0xff, 0xe1,
    0xf0, 0x3, 0xcc, 0xf, 0x0, 0x38, 0x80, 0x70,
    0x3, 0x8, 0x7, 0x80, 0x20, 0x0, 0x3c, 0x6,
    0x0, 0x1, 0xc0, 0xc0, 0x0, 0x1e, 0x8, 0x0,
    0x0, 0xf1, 0x80, 0x0, 0x7, 0x30, 0x0, 0x0,
    0x7a, 0x0, 0x0, 0x3, 0xe0, 0x0, 0x0, 0x1c,
    0x0, 0x0, 0x1, 0xc0, 0x0, 0x0, 0x1c, 0x0,
    0x0, 0x1, 0xc0, 0x0, 0x0, 0x1c, 0x0, 0x0,
    0x1, 0xc0, 0x0, 0x0, 0x1c, 0x0, 0x0, 0x1,
    0xc0, 0x0, 0x0, 0x3e, 0x0, 0x0, 0xf, 0xf8,
    0x0,

    /* U+038F "Ώ" */
    0x78, 0x0, 0x0, 0x70, 0xff, 0xc0, 0x61, 0x80,
    0xe0, 0x43, 0x0, 0x38, 0xc7, 0x0, 0x38, 0x8e,
    0x0, 0x1c, 0xe, 0x0, 0x1c, 0x1c, 0x0, 0xe,
    0x1c, 0x0, 0xe, 0x1c, 0x0, 0xe, 0x1c, 0x0,
    0xe, 0x1c, 0x0, 0xe, 0x1c, 0x0, 0xe, 0x1c,
    0x0, 0xc, 0xe, 0x0, 0x1c, 0xe, 0x0, 0x18,
    0x7, 0x0, 0x38, 0x3, 0x80, 0x70, 0x20, 0xc1,
    0xc1, 0x20, 0x41, 0x83, 0x3f, 0xc1, 0xff, 0x3f,
    0xc1, 0xff, 0x3f, 0xc1, 0xff,

    /* U+0390 "ΐ" */
    0x7, 0x80, 0xe0, 0x18, 0x76, 0x7e, 0x8f, 0xd1,
    0xc0, 0x0, 0x0, 0x6, 0x7, 0xc0, 0x38, 0x7,
    0x0, 0xe0, 0x1c, 0x3, 0x80, 0x70, 0xe, 0x1,
    0xc0, 0x38, 0x7, 0x0, 0xe4, 0x1d, 0x1, 0xe0,

    /* U+0391 "Α" */
    0x0, 0x20, 0x0, 0x0, 0xc0, 0x0, 0x3, 0x0,
    0x0, 0x1e, 0x0, 0x0, 0x78, 0x0, 0x3, 0xe0,
    0x0, 0xf, 0xc0, 0x0, 0x27, 0x0, 0x1, 0x9e,
    0x0, 0x6, 0x38, 0x0, 0x30, 0xe0, 0x0, 0xc3,
    0xc0, 0x2, 0x7, 0x0, 0x18, 0x1e, 0x0, 0x60,
    0x78, 0x3, 0xff, 0xe0, 0xc, 0x3, 0xc0, 0x20,
    0x7, 0x1, 0x80, 0x1e, 0x4, 0x0, 0x38, 0x30,
    0x0, 0xf1, 0xc0, 0x3, 0xcf, 0xc0, 0x3f, 0xc0,

    /* U+0392 "Β" */
    0xff, 0xfc, 0x3, 0x81, 0xe0, 0x70, 0xe, 0xe,
    0x1, 0xc1, 0xc0, 0x1c, 0x38, 0x3, 0x87, 0x0,
    0x70, 0xe0, 0xe, 0x1c, 0x3, 0x83, 0x80, 0xe0,
    0x7f, 0xf8, 0xe, 0x7, 0x81, 0xc0, 0x3c, 0x38,
    0x3, 0x87, 0x0, 0x38, 0xe0, 0x7, 0x1c, 0x0,
    0xe3, 0x80, 0x1c, 0x70, 0x7, 0xe, 0x0, 0xe1,
    0xc0, 0x78, 0xff, 0xfc, 0x0,

    /* U+0393 "Γ" */
    0x7f, 0xff, 0x8e, 0x0, 0xc7, 0x0, 0x63, 0x80,
    0x11, 0xc0, 0x8, 0xe0, 0x0, 0x70, 0x0, 0x38,
    0x0, 0x1c, 0x0, 0xe, 0x0, 0x7, 0x0, 0x3,
    0x80, 0x1, 0xc0, 0x0, 0xe0, 0x0, 0x70, 0x0,
    0x38, 0x0, 0x1c, 0x0, 0xe, 0x0, 0x7, 0x0,
    0x3, 0x80, 0x3, 0xe0, 0x7, 0xfc, 0x0,

    /* U+0394 "Δ" */
    0x0, 0x40, 0x0, 0x8, 0x0, 0x3, 0x80, 0x0,
    0x70, 0x0, 0x1f, 0x0, 0x3, 0xe0, 0x0, 0x5c,
    0x0, 0x19, 0xc0, 0x2, 0x38, 0x0, 0xc7, 0x80,
    0x18, 0x70, 0x2, 0xe, 0x0, 0xc1, 0xe0, 0x10,
    0x1c, 0x6, 0x3, 0x80, 0xc0, 0x38, 0x30, 0x7,
    0x6, 0x0, 0xf0, 0x80, 0xe, 0x30, 0x1, 0xc4,
    0x0, 0x3d, 0x80, 0x3, 0xbf, 0xff, 0xf8,

    /* U+0395 "Ε" */
    0x7f, 0xff, 0x87, 0x0, 0x61, 0xc0, 0x18, 0x70,
    0x2, 0x1c, 0x0, 0x87, 0x0, 0x1, 0xc0, 0x0,
    0x70, 0x8, 0x1c, 0x2, 0x7, 0x1, 0x81, 0xff,
    0xe0, 0x70, 0x18, 0x1c, 0x2, 0x7, 0x0, 0x81,
    0xc0, 0x0, 0x70, 0x0, 0x1c, 0x0, 0x47, 0x0,
    0x11, 0xc0, 0xc, 0x70, 0x2, 0x1c, 0x3, 0x9f,
    0xff, 0xe0,

    /* U+0396 "Ζ" */
    0x3f, 0xff, 0xcc, 0x1, 0xe2, 0x0, 0x70, 0x80,
    0x3c, 0x20, 0x1e, 0x0, 0x7, 0x0, 0x3, 0xc0,
    0x1, 0xe0, 0x0, 0x70, 0x0, 0x3c, 0x0, 0x1e,
    0x0, 0x7, 0x0, 0x3, 0xc0, 0x1, 0xe0, 0x0,
    0x70, 0x0, 0x3c, 0x0, 0x1e, 0x0, 0x7, 0x0,
    0x13, 0xc0, 0x5, 0xe0, 0x3, 0x70, 0x1, 0xff,
    0xff, 0xe0,

    /* U+0397 "Η" */
    0xff, 0x87, 0xfc, 0xf8, 0x7, 0xc1, 0xc0, 0xe,
    0x7, 0x0, 0x38, 0x1c, 0x0, 0xe0, 0x70, 0x3,
    0x81, 0xc0, 0xe, 0x7, 0x0, 0x38, 0x1c, 0x0,
    0xe0, 0x70, 0x3, 0x81, 0xc0, 0xe, 0x7, 0xff,
    0xf8, 0x1c, 0x0, 0xe0, 0x70, 0x3, 0x81, 0xc0,
    0xe, 0x7, 0x0, 0x38, 0x1c, 0x0, 0xe0, 0x70,
    0x3, 0x81, 0xc0, 0xe, 0x7, 0x0, 0x38, 0x3e,
    0x1, 0xf3, 0xfe, 0x1f, 0xf0,

    /* U+0398 "Θ" */
    0x0, 0x20, 0x0, 0x3f, 0xc0, 0xc, 0x7, 0x1,
    0x80, 0x18, 0x38, 0x1, 0xc3, 0x0, 0xc, 0x70,
    0x0, 0xe6, 0x0, 0x6, 0xe2, 0x4, 0x7e, 0x20,
    0x47, 0xe3, 0xc, 0x7e, 0x3f, 0xc7, 0xe3, 0xfc,
    0x7e, 0x30, 0xc7, 0xe2, 0x4, 0x76, 0x0, 0x6,
    0x70, 0x0, 0xe7, 0x0, 0xe, 0x30, 0x0, 0xc1,
    0x80, 0x18, 0x1c, 0x3, 0x0, 0x60, 0xe0, 0x1,
    0xf8, 0x0,

    /* U+0399 "Ι" */
    0xff, 0x9f, 0x7, 0x3, 0x81, 0xc0, 0xe0, 0x70,
    0x38, 0x1c, 0xe, 0x7, 0x3, 0x81, 0xc0, 0xe0,
    0x70, 0x38, 0x1c, 0xe, 0x7, 0x3, 0x83, 0xe7,
    0xfc,

    /* U+039A "Κ" */
    0xff, 0x8f, 0xf0, 0x7c, 0x7, 0x80, 0x70, 0xe,
    0x0, 0xe0, 0x30, 0x1, 0xc0, 0xc0, 0x3, 0x83,
    0x0, 0x7, 0xc, 0x0, 0xe, 0x30, 0x0, 0x1c,
    0xc0, 0x0, 0x3b, 0x0, 0x0, 0x7f, 0x0, 0x0,
    0xff, 0x0, 0x1, 0xdf, 0x0, 0x3, 0x9f, 0x0,
    0x7, 0xf, 0x0, 0xe, 0xf, 0x0, 0x1c, 0xf,
    0x0, 0x38, 0xf, 0x0, 0x70, 0xf, 0x0, 0xe0,
    0x1f, 0x3, 0xe0, 0x3f, 0x9f, 0xf0, 0xff, 0xc0,

    /* U+039B "Λ" */
    0x0, 0x20, 0x0, 0x0, 0xc0, 0x0, 0x7, 0x0,
    0x0, 0x1c, 0x0, 0x0, 0x78, 0x0, 0x3, 0xe0,
    0x0, 0xb, 0xc0, 0x0, 0x67, 0x0, 0x1, 0x1c,
    0x0, 0x4, 0x38, 0x0, 0x30, 0xe0, 0x0, 0x81,
    0xc0, 0x6, 0x7, 0x0, 0x10, 0x1e, 0x0, 0x40,
    0x38, 0x3, 0x0, 0xe0, 0x8, 0x1, 0xc0, 0x60,
    0x7, 0x1, 0x0, 0x1e, 0x4, 0x0, 0x38, 0x30,
    0x0, 0xf1, 0xc0, 0x3, 0xcf, 0xc0, 0x3f, 0xc0,

    /* U+039C "Μ" */
    0xfc, 0x0, 0x7, 0xe7, 0x80, 0x1, 0xf0, 0x78,
    0x0, 0x3c, 0xf, 0x0, 0xf, 0x81, 0xf0, 0x1,
    0xf0, 0x2e, 0x0, 0x2e, 0x5, 0xe0, 0xd, 0xc0,
    0x9c, 0x1, 0x38, 0x13, 0xc0, 0x67, 0x2, 0x38,
    0x8, 0xe0, 0x47, 0x3, 0x1c, 0x8, 0x70, 0x63,
    0x81, 0xe, 0x18, 0x70, 0x21, 0xe3, 0xe, 0x4,
    0x1c, 0xc1, 0xc0, 0x83, 0xd8, 0x38, 0x10, 0x3a,
    0x7, 0x2, 0x7, 0xc0, 0xe0, 0x40, 0x70, 0x1c,
    0x8, 0xe, 0x3, 0x83, 0x80, 0x80, 0xf9, 0xfc,
    0x10, 0x7f, 0xc0,

    /* U+039D "Ν" */
    0xfc, 0x0, 0xfe, 0x7c, 0x0, 0x70, 0x78, 0x0,
    0x40, 0x78, 0x0, 0x80, 0xf8, 0x1, 0x1, 0x78,
    0x2, 0x2, 0xf8, 0x4, 0x4, 0xf8, 0x8, 0x8,
    0xf0, 0x10, 0x10, 0xf0, 0x20, 0x20, 0xf0, 0x40,
    0x40, 0xf0, 0x80, 0x81, 0xf1, 0x1, 0x1, 0xf2,
    0x2, 0x1, 0xf4, 0x4, 0x1, 0xe8, 0x8, 0x1,
    0xf0, 0x10, 0x1, 0xe0, 0x20, 0x1, 0xc0, 0x40,
    0x3, 0x81, 0xc0, 0x3, 0xf, 0xe0, 0x2, 0x0,

    /* U+039E "Ξ" */
    0xff, 0xff, 0xff, 0xff, 0xff, 0xff, 0xff, 0x0,
    0x3, 0x80, 0x0, 0x40, 0x0, 0x0, 0x0, 0x0,
    0x40, 0x8, 0x10, 0x2, 0x6, 0x1, 0x81, 0xff,
    0xe0, 0x7f, 0xf8, 0x18, 0x6, 0x4, 0x0, 0x80,
    0x0, 0x2, 0x0, 0x0, 0x80, 0x0, 0x60, 0x0,
    0x1c, 0x0, 0x7, 0xff, 0xff, 0xff, 0xff, 0xff,
    0xff, 0xf0,

    /* U+039F "Ο" */
    0x0, 0x20, 0x0, 0x3f, 0xc0, 0xe, 0x7, 0x1,
    0x80, 0x18, 0x38, 0x1, 0xc3, 0x0, 0xc, 0x70,
    0x0, 0xe6, 0x0, 0x6, 0xe0, 0x0, 0x7e, 0x0,
    0x7, 0xe0, 0x0, 0x7e, 0x0, 0x7, 0xe0, 0x0,
    0x7e, 0x0, 0x7, 0xe0, 0x0, 0x7e, 0x0, 0x6,
    0x70, 0x0, 0xe7, 0x0, 0xe, 0x30, 0x0, 0xc1,
    0x80, 0x18, 0x1c, 0x3, 0x0, 0x60, 0xe0, 0x1,
    0xf8, 0x0,

    /* U+03A0 "Π" */
    0x7f, 0xff, 0xf8, 0x70, 0x3, 0x81, 0xc0, 0xe,
    0x7, 0x0, 0x38, 0x1c, 0x0, 0xe0, 0x70, 0x3,
    0x81, 0xc0, 0xe, 0x7, 0x0, 0x38, 0x1c, 0x0,
    0xe0, 0x70, 0x3, 0x81, 0xc0, 0xe, 0x7, 0x0,
    0x38, 0x1c, 0x0, 0xe0, 0x70, 0x3, 0x81, 0xc0,
    0xe, 0x7, 0x0, 0x38, 0x1c, 0x0, 0xe0, 0x70,
    0x3, 0x81, 0xc0, 0xe, 0x7, 0x0, 0x38, 0x3e,
    0x1, 0xf3, 0xfe, 0x1f, 0xf0,

    /* U+03A1 "Ρ" */
    0xff, 0xf0, 0x3f, 0xfc, 0x1c, 0x1e, 0x1c, 0xe,
    0x1c, 0x7, 0x1c, 0x7, 0x1c, 0x7, 0x1c, 0x7,
    0x1c, 0x7, 0x1c, 0xe, 0x1c, 0x1c, 0x1f, 0xf0,
    0x1c, 0x0, 0x1c, 0x0, 0x1c, 0x0, 0x1c, 0x0,
    0x1c, 0x0, 0x1c, 0x0, 0x1c, 0x0, 0x1c, 0x0,
    0x3e, 0x0, 0xff, 0x80,

    /* U+03A3 "Σ" */
    0xff, 0xff, 0x3c, 0x1, 0x8f, 0x0, 0x47, 0x80,
    0x21, 0xe0, 0x10, 0x78, 0x0, 0x1c, 0x0, 0xf,
    0x0, 0x3, 0xc0, 0x0, 0xf0, 0x0, 0x70, 0x0,
    0x10, 0x0, 0x18, 0x0, 0x18, 0x0, 0x18, 0x0,
    0x8, 0x1, 0xc, 0x0, 0x8c, 0x0, 0x4c, 0x0,
    0xe7, 0xff, 0xf7, 0xff, 0xf7, 0xff, 0xf8,

    /* U+03A4 "Τ" */
    0xff, 0xff, 0xf0, 0x70, 0x78, 0x1c, 0xe, 0x7,
    0x1, 0x1, 0xc0, 0x40, 0x70, 0x0, 0x1c, 0x0,
    0x7, 0x0, 0x1, 0xc0, 0x0, 0x70, 0x0, 0x1c,
    0x0, 0x7, 0x0, 0x1, 0xc0, 0x0, 0x70, 0x0,
    0x1c, 0x0, 0x7, 0x0, 0x1, 0xc0, 0x0, 0x70,
    0x0, 0x1c, 0x0, 0x7, 0x0, 0x3, 0xe0, 0x3,
    0xfe, 0x0,

    /* U+03A5 "Υ" */
    0xff, 0x81, 0xfe, 0x7c, 0x0, 0xf0, 0x78, 0x1,
    0xc0, 0x70, 0x3, 0x0, 0xf0, 0x4, 0x0, 0xf0,
    0x18, 0x0, 0xe0, 0x60, 0x1, 0xe0, 0x80, 0x1,
    0xe3, 0x0, 0x1, 0xcc, 0x0, 0x3, 0xd0, 0x0,
    0x3, 0xe0, 0x0, 0x3, 0x80, 0x0, 0x7, 0x0,
    0x0, 0xe, 0x0, 0x0, 0x1c, 0x0, 0x0, 0x38,
    0x0, 0x0, 0x70, 0x0, 0x0, 0xe0, 0x0, 0x1,
    0xc0, 0x0, 0x7, 0xc0, 0x0, 0x3f, 0xe0, 0x0,

    /* U+03A6 "Φ" */
    0x3, 0xfe, 0x0, 0x7, 0xc0, 0x0, 0x1c, 0x0,
    0x7, 0xfe, 0x1, 0xc7, 0x1c, 0x1c, 0x38, 0x71,
    0xc1, 0xc1, 0xce, 0xe, 0x6, 0xe0, 0x70, 0x3f,
    0x3, 0x81, 0xf8, 0x1c, 0xf, 0xc0, 0xe0, 0x7e,
    0x7, 0x3, 0xf0, 0x38, 0x1d, 0x81, 0xc1, 0xce,
    0xe, 0xe, 0x38, 0x70, 0xe0, 0xe3, 0x8c, 0x1,
    0xff, 0xc0, 0x0, 0xe0, 0x0, 0xf, 0x80, 0x1,
    0xff, 0x0,

    /* U+03A7 "Χ" */
    0xff, 0xc3, 0xfc, 0xfc, 0x3, 0xc1, 0xf0, 0xc,
    0x3, 0xc0, 0x30, 0x7, 0x81, 0x80, 0xe, 0xc,
    0x0, 0x1c, 0x60, 0x0, 0x79, 0x0, 0x0, 0xec,
    0x0, 0x1, 0xe0, 0x0, 0x7, 0x80, 0x0, 0x1f,
    0x0, 0x0, 0x5c, 0x0, 0x2, 0x78, 0x0, 0x18,
    0xf0, 0x0, 0xc1, 0xc0, 0x6, 0x7, 0x80, 0x10,
    0xf, 0x0, 0xc0, 0x3c, 0x6, 0x0, 0x78, 0x78,
    0x1, 0xf3, 0xf8, 0x1f, 0xf0,

    /* U+03A8 "Ψ" */
    0x80, 0x0, 0x0, 0x71, 0xff, 0x8f, 0x30, 0x7c,
    0xc, 0x38, 0x38, 0x1c, 0x38, 0x38, 0x1c, 0x38,
    0x38, 0x1c, 0x38, 0x38, 0x1c, 0x38, 0x38, 0x1c,
    0x38, 0x38, 0x1c, 0x38, 0x38, 0x1c, 0x18, 0x38,
    0x38, 0x1c, 0x38, 0x30, 0xe, 0x38, 0xe0, 0x3,
    0xff, 0x80, 0x0, 0x38, 0x0, 0x0, 0x38, 0x0,
    0x0, 0x38, 0x0, 0x0, 0x38, 0x0, 0x0, 0x38,
    0x0, 0x0, 0x38, 0x0, 0x0, 0x38, 0x0, 0x0,
    0x7c, 0x0, 0x1, 0xff, 0x80,

    /* U+03A9 "Ω" */
    0x0, 0x0, 0x0, 0xf, 0xfc, 0x0, 0x60, 0x38,
    0x3, 0x0, 0x38, 0x1c, 0x0, 0xe0, 0xe0, 0x1,
    0xc3, 0x80, 0x7, 0x1c, 0x0, 0xe, 0x70, 0x0,
    0x39, 0xc0, 0x0, 0xe7, 0x0, 0x3, 0x9c, 0x0,
    0xe, 0x70, 0x0, 0x39, 0xc0, 0x0, 0xc3, 0x80,
    0x7, 0xe, 0x0, 0x18, 0x1c, 0x0, 0xe0, 0x38,
    0x7, 0x8, 0x30, 0x70, 0x60, 0x41, 0x83, 0xff,
    0x7, 0xff, 0xfc, 0x1f, 0xff, 0xf0, 0x7f, 0xc0,

    /* U+03AA "Ϊ" */
    0xe3, 0xf1, 0xf8, 0xe0, 0x0, 0x7, 0xfc, 0xf8,
    0x38, 0x1c, 0xe, 0x7, 0x3, 0x81, 0xc0, 0xe0,
    0x70, 0x38, 0x1c, 0xe, 0x7, 0x3, 0x81, 0xc0,
    0xe0, 0x70, 0x38, 0x1c, 0x1f, 0x3f, 0xe0,

    /* U+03AB "Ϋ" */
    0x1, 0xc7, 0x0, 0x7, 0x1c, 0x0, 0x1c, 0x70,
    0x0, 0x0, 0x0, 0x0, 0x0, 0x3, 0xfe, 0x7,
    0xf7, 0xe0, 0x7, 0x87, 0x80, 0x18, 0x1e, 0x0,
    0x60, 0x3c, 0x3, 0x0, 0x70, 0x8, 0x0, 0xe0,
    0x60, 0x3, 0xc3, 0x0, 0x7, 0xc, 0x0, 0xe,
    0x60, 0x0, 0x3d, 0x0, 0x0, 0x7c, 0x0, 0x0,
    0xe0, 0x0, 0x3, 0x80, 0x0, 0xe, 0x0, 0x0,
    0x38, 0x0, 0x0, 0xe0, 0x0, 0x3, 0x80, 0x0,
    0xe, 0x0, 0x0, 0x38, 0x0, 0x1, 0xf0, 0x0,
    0x1f, 0xf0, 0x0,

    /* U+03AC "ά" */
    0x1, 0xc0, 0x7, 0x0, 0xc, 0x0, 0x18, 0x0,
    0x20, 0x0, 0x80, 0x0, 0x0, 0x0, 0x0, 0x1e,
    0x38, 0x62, 0x71, 0xc2, 0xe3, 0x5, 0x8e, 0x7,
    0x1c, 0xe, 0x38, 0xc, 0x70, 0x30, 0xe0, 0x61,
    0xc0, 0xc3, 0x81, 0x83, 0x7, 0x17, 0xd, 0x26,
    0x33, 0xc7, 0xc7, 0x0,

    /* U+03AD "έ" */
    0x1, 0x80, 0x38, 0x3, 0x0, 0x30, 0x2, 0x0,
    0x40, 0x0, 0x0, 0x0, 0xf, 0x83, 0x8e, 0x70,
    0xe7, 0x6, 0x70, 0x3, 0x0, 0x18, 0x1, 0xf8,
    0x78, 0xf, 0x0, 0xf0, 0xf, 0x7, 0x70, 0x77,
    0x8e, 0x1f, 0x80,

    /* U+03AE "ή" */
    0x0, 0xe0, 0x1, 0x80, 0x6, 0x0, 0xc, 0x0,
    0x10, 0x0, 0x20, 0x0, 0x0, 0x0, 0x0, 0x78,
    0x71, 0x3b, 0xf2, 0x7c, 0xf0, 0xf0, 0xe1, 0xc1,
    0xc3, 0x83, 0x87, 0x7, 0xe, 0xe, 0x1c, 0x1c,
    0x38, 0x38, 0x70, 0x70, 0xe0, 0xe1, 0xc1, 0xc3,
    0x83, 0x87, 0x7, 0x0, 0xe, 0x0, 0x1c, 0x0,
    0x38, 0x0, 0x70, 0x0, 0xe0, 0x1, 0xc0, 0x3,
    0x80,

    /* U+03AF "ί" */
    0xe, 0x1c, 0x18, 0x18, 0x30, 0x20, 0x0, 0x0,
    0x18, 0xf8, 0x38, 0x38, 0x38, 0x38, 0x38, 0x38,
    0x38, 0x38, 0x38, 0x38, 0x39, 0x39, 0x1e,

    /* U+03B0 "ΰ" */
    0x0, 0xc0, 0x3, 0x0, 0x18, 0x6, 0x4e, 0x3d,
    0x38, 0x68, 0xe0, 0x0, 0x0, 0x0, 0x78, 0xe2,
    0x70, 0xc9, 0xc3, 0x87, 0x6, 0x1c, 0x1c, 0x70,
    0x71, 0xc1, 0xc7, 0x7, 0x1c, 0x1c, 0x70, 0x71,
    0xc1, 0x87, 0xe, 0xc, 0x30, 0x39, 0x80, 0x3c,
    0x0,

    /* U+03B1 "α" */
    0x1e, 0x38, 0x62, 0x71, 0xc2, 0xe3, 0x5, 0x8e,
    0x7, 0x1c, 0xe, 0x38, 0xc, 0x70, 0x30, 0xe0,
    0x61, 0xc0, 0xc3, 0x81, 0x83, 0x7, 0x17, 0xd,
    0x26, 0x33, 0xc7, 0xc7, 0x0,

    /* U+03B2 "β" */
    0xf, 0xc0, 0x71, 0x83, 0x87, 0x1c, 0xe, 0x70,
    0x39, 0xc0, 0xe7, 0x3, 0x9c, 0xe, 0x70, 0x31,
    0xc1, 0x87, 0x3c, 0x1c, 0x1c, 0x70, 0x39, 0xc0,
    0xe7, 0x1, 0xdc, 0x7, 0x70, 0x1d, 0xc0, 0x77,
    0x1, 0xdc, 0x6, 0x70, 0x39, 0xe1, 0xc7, 0x7c,
    0x1c, 0x0, 0x70, 0x1, 0xc0, 0x7, 0x0, 0x1c,
    0x0, 0x70, 0x1, 0x80, 0x0,

    /* U+03B3 "γ" */
    0x78, 0x1d, 0xe0, 0xec, 0xc3, 0xa1, 0xc, 0x84,
    0x30, 0x19, 0xc0, 0x26, 0x0, 0x98, 0x2, 0xc0,
    0xb, 0x0, 0x28, 0x0, 0xe0, 0x1, 0x0, 0x4,
    0x0, 0x10, 0x0, 0xc0, 0x3, 0x0, 0x1c, 0x0,
    0x70, 0x1, 0xc0, 0x7, 0x0, 0x18, 0x0,

    /* U+03B4 "δ" */
    0xf, 0xc1, 0x8f, 0x8, 0x3c, 0x40, 0xc3, 0x0,
    0xc, 0x0, 0x30, 0x0, 0xe0, 0x3, 0x80, 0x3e,
    0x6, 0x38, 0x60, 0xe7, 0x7, 0x30, 0x1f, 0x80,
    0xfc, 0x7, 0xe0, 0x3f, 0x1, 0xf8, 0xc, 0xe0,
    0xe7, 0x6, 0x1c, 0x60, 0x3e, 0x0,

    /* U+03B5 "ε" */
    0xf, 0x83, 0x8e, 0x70, 0xe7, 0x6, 0x70, 0x3,
    0x0, 0x18, 0x1, 0xf8, 0x78, 0xf, 0x0, 0xf0,
    0xf, 0x7, 0x70, 0x77, 0x8e, 0x1f, 0x80,

    /* U+03B6 "ζ" */
    0x0, 0x3, 0x6, 0x21, 0xe3, 0x3c, 0x1f, 0x0,
    0x80, 0x10, 0x2, 0x0, 0x20, 0x4, 0x0, 0x40,
    0x8, 0x0, 0x80, 0x8, 0x0, 0x80, 0x8, 0x0,
    0x80, 0x8, 0x0, 0xc0, 0xe, 0x0, 0x7f, 0xc3,
    0xfe, 0x1f, 0xf0, 0x3, 0x0, 0x10, 0x1, 0x0,
    0x10, 0x2, 0x7, 0xe0, 0x38,

    /* U+03B7 "η" */
    0x78, 0x71, 0x3b, 0xf2, 0x7c, 0xf0, 0xf0, 0xe1,
    0xc1, 0xc3, 0x83, 0x87, 0x7, 0xe, 0xe, 0x1c,
    0x1c, 0x38, 0x38, 0x70, 0x70, 0xe0, 0xe1, 0xc1,
    0xc3, 0x83, 0x87, 0x7, 0x0, 0xe, 0x0, 0x1c,
    0x0, 0x38, 0x0, 0x70, 0x0, 0xe0, 0x1, 0xc0,
    0x3, 0x80,

    /* U+03B8 "θ" */
    0x7, 0x80, 0xc6, 0xc, 0x18, 0x60, 0xc7, 0x7,
    0x30, 0x19, 0x80, 0xdc, 0x7, 0xe0, 0x3f, 0x1,
    0xf8, 0xf, 0xff, 0xfe, 0x3, 0xf0, 0x1f, 0x80,
    0xfc, 0x7, 0x60, 0x33, 0x1, 0x9c, 0x1c, 0x60,
    0xc3, 0x6, 0xc, 0x60, 0x3c, 0x0,

    /* U+03B9 "ι" */
    0x18, 0xf8, 0x38, 0x38, 0x38, 0x38, 0x38, 0x38,
    0x38, 0x38, 0x38, 0x38, 0x39, 0x39, 0x1e,

    /* U+03BA "κ" */
    0x18, 0x1e, 0xf8, 0x3e, 0x38, 0x46, 0x38, 0x80,
    0x39, 0x0, 0x3b, 0x0, 0x3f, 0x0, 0x3f, 0x0,
    0x3b, 0x80, 0x39, 0xc0, 0x39, 0xe0, 0x38, 0xe0,
    0x38, 0x70, 0x38, 0x38, 0x38, 0x3f,

    /* U+03BB "λ" */
    0x18, 0x0, 0x3c, 0x0, 0x66, 0x0, 0x42, 0x0,
    0x42, 0x0, 0x1, 0x0, 0x1, 0x0, 0x1, 0x0,
    0x1, 0x0, 0x3, 0x0, 0x3, 0x80, 0x3, 0x80,
    0x7, 0x80, 0x6, 0x80, 0xe, 0x40, 0xe, 0x40,
    0x1c, 0x40, 0x1c, 0x40, 0x38, 0x61, 0x38, 0x22,
    0x78, 0x32, 0x70, 0x3e, 0x70, 0x1c,

    /* U+03BC "μ" */
    0x70, 0x70, 0xe0, 0xe1, 0xc1, 0xc3, 0x83, 0x87,
    0x7, 0xe, 0xe, 0x1c, 0x1c, 0x38, 0x38, 0x70,
    0x70, 0xe0, 0xe1, 0xc1, 0xc3, 0x83, 0x87, 0x9f,
    0x2f, 0xee, 0x57, 0xf, 0x20, 0x0, 0x40, 0x0,
    0x80, 0x3, 0x80, 0x7, 0x0, 0xe, 0x0, 0x1c,
    0x0, 0x0,

    /* U+03BD "ν" */
    0x30, 0x1f, 0xe0, 0x73, 0x81, 0xc6, 0x6, 0x1c,
    0x18, 0x70, 0x60, 0xc1, 0x3, 0x8c, 0xe, 0x20,
    0x19, 0x80, 0x74, 0x1, 0xe0, 0x3, 0x80, 0xc,
    0x0, 0x10, 0x0,

    /* U+03BE "ξ" */
    0x18, 0x1, 0x7, 0x8, 0xf0, 0x6f, 0x0, 0xe0,
    0x4, 0x0, 0x40, 0x2, 0x0, 0x10, 0x0, 0x4f,
    0x83, 0xf8, 0x20, 0x2, 0x0, 0x20, 0x2, 0x0,
    0x10, 0x0, 0x80, 0x4, 0x0, 0x30, 0x1, 0xc0,
    0x7, 0xfe, 0x1f, 0xf8, 0x7f, 0xe0, 0x3, 0x0,
    0x8, 0x0, 0x40, 0x2, 0x2, 0x20, 0x3f, 0x0,
    0xe0,

    /* U+03BF "ο" */
    0xf, 0xc0, 0x63, 0x83, 0x7, 0x18, 0xe, 0x60,
    0x3f, 0x80, 0x7e, 0x1, 0xf8, 0x7, 0xe0, 0x1f,
    0x80, 0x77, 0x1, 0x9c, 0x6, 0x38, 0x30, 0x71,
    0x80, 0xfc, 0x0,

    /* U+03C0 "π" */
    0x1f, 0xff, 0x3f, 0xff, 0x44, 0x30, 0x84, 0x30,
    0x4, 0x30, 0x4, 0x30, 0xc, 0x70, 0xc, 0x70,
    0xc, 0x70, 0xc, 0x70, 0x1c, 0x70, 0x3c, 0x72,
    0x38, 0x72, 0x38, 0x7e, 0x38, 0x3c,

    /* U+03C1 "ρ" */
    0x7, 0xc0, 0x23, 0xc3, 0x7, 0x8c, 0xe, 0x70,
    0x3d, 0xc0, 0x77, 0x1, 0xdc, 0x7, 0x70, 0x1d,
    0xc0, 0x77, 0x1, 0x9c, 0xe, 0x78, 0x31, 0xe1,
    0x87, 0x7c, 0x1c, 0x0, 0x70, 0x1, 0xc0, 0x7,
    0x0, 0x1c, 0x0, 0x70, 0x1, 0xc0, 0x0,

    /* U+03C2 "ς" */
    0x7, 0xc1, 0xfc, 0xc3, 0x90, 0x4, 0x1, 0x0,
    0x20, 0x4, 0x0, 0x80, 0x10, 0x3, 0x0, 0x70,
    0x7, 0xfc, 0x7f, 0x87, 0xf8, 0x1, 0x0, 0x20,
    0x4, 0x0, 0x80, 0x20, 0xfc, 0xe, 0x0,

    /* U+03C3 "σ" */
    0xf, 0xff, 0x3f, 0xff, 0x78, 0x40, 0x70, 0x60,
    0xe0, 0x30, 0xe0, 0x38, 0xe0, 0x1c, 0xe0, 0x1c,
    0xe0, 0x1c, 0xe0, 0x1c, 0x70, 0x1c, 0x70, 0x38,
    0x38, 0x38, 0x1c, 0x70, 0x7, 0xc0,

    /* U+03C4 "τ" */
    0x1f, 0xf9, 0xff, 0xd0, 0xc0, 0x86, 0x0, 0x30,
    0x1, 0x80, 0x1c, 0x0, 0xe0, 0x7, 0x0, 0x38,
    0x1, 0xc0, 0xe, 0x20, 0x72, 0x3, 0xf0, 0xf,
    0x0,

    /* U+03C5 "υ" */
    0x78, 0x71, 0x38, 0x32, 0x70, 0x70, 0xe0, 0x61,
    0xc0, 0xe3, 0x81, 0xc7, 0x3, 0x8e, 0x7, 0x1c,
    0xe, 0x38, 0x1c, 0x70, 0x30, 0xe0, 0xe0, 0xc1,
    0x81, 0xc6, 0x0, 0xf0, 0x0,

    /* U+03C6 "φ" */
    0xc, 0x78, 0x1c, 0x7e, 0x1c, 0x63, 0x8c, 0x30,
    0xee, 0x18, 0x7f, 0xc, 0x1f, 0x86, 0xf, 0xc3,
    0x7, 0xe1, 0x83, 0xf0, 0xc1, 0xf8, 0x60, 0xce,
    0x30, 0xe7, 0x18, 0x61, 0xcc, 0x60, 0x3f, 0xe0,
    0x3, 0x0, 0x1, 0x80, 0x0, 0xc0, 0x0, 0x60,
    0x0, 0x30, 0x0, 0x18, 0x0, 0xc, 0x0,

    /* U+03C7 "χ" */
    0x78, 0x38, 0xf0, 0x73, 0x30, 0xc4, 0x23, 0x88,
    0x46, 0x0, 0x9c, 0x1, 0xb0, 0x1, 0xe0, 0x3,
    0x80, 0x7, 0x0, 0xc, 0x0, 0x38, 0x0, 0x70,
    0x1, 0xe0, 0x3, 0xc0, 0xe, 0xc0, 0x1c, 0x80,
    0x71, 0x4, 0xe2, 0xb, 0x82, 0x37, 0x7, 0xdc,
    0x7, 0x0,

    /* U+03C8 "ψ" */
    0xf0, 0x60, 0xf3, 0x86, 0x1c, 0x38, 0x61, 0xc3,
    0x86, 0x1c, 0x38, 0x61, 0xc1, 0x86, 0x1c, 0x18,
    0x61, 0x81, 0xc6, 0x38, 0x1c, 0x63, 0x81, 0xc6,
    0x38, 0x1c, 0x63, 0x80, 0xc6, 0x30, 0xe, 0x67,
    0x0, 0x66, 0x60, 0x1, 0xf8, 0x0, 0x6, 0x0,
    0x0, 0x60, 0x0, 0x6, 0x0, 0x0, 0x60, 0x0,
    0x6, 0x0, 0x0, 0x60, 0x0, 0x6, 0x0,

    /* U+03C9 "ω" */
    0xf, 0x1e, 0x3, 0x80, 0xe0, 0xe0, 0x6, 0x38,
    0x20, 0xe6, 0xe, 0xd, 0xc1, 0xc1, 0xf8, 0x38,
    0x3f, 0x7, 0x7, 0xe0, 0xe0, 0xfc, 0x8, 0x1f,
    0x81, 0x3, 0xb0, 0x20, 0x67, 0xa, 0x1c, 0x73,
    0x67, 0x7, 0x83, 0xc0,

    /* U+03CA "ϊ" */
    0xe3, 0xf1, 0xf8, 0xe0, 0x0, 0x0, 0x61, 0xf0,
    0x38, 0x1c, 0xe, 0x7, 0x3, 0x81, 0xc0, 0xe0,
    0x70, 0x38, 0x1c, 0xe, 0x47, 0x21, 0xe0,

    /* U+03CB "ϋ" */
    0x1c, 0x70, 0x38, 0xe0, 0x71, 0xc0, 0x0, 0x0,
    0x0, 0xf, 0xe, 0x27, 0x6, 0x4e, 0xe, 0x1c,
    0xc, 0x38, 0x1c, 0x70, 0x38, 0xe0, 0x71, 0xc0,
    0xe3, 0x81, 0xc7, 0x3, 0x8e, 0x6, 0x1c, 0x1c,
    0x18, 0x30, 0x38, 0xc0, 0x1e, 0x0,

    /* U+03CC "ό" */
    0x1, 0xc0, 0xe, 0x0, 0x30, 0x0, 0xc0, 0x2,
    0x0, 0x10, 0x0, 0x0, 0x0, 0x0, 0xf, 0xc0,
    0x63, 0x83, 0x7, 0x18, 0xe, 0x60, 0x3f, 0x80,
    0x7e, 0x1, 0xf8, 0x7, 0xe0, 0x1f, 0x80, 0x77,
    0x1, 0x9c, 0x6, 0x38, 0x30, 0x71, 0x80, 0xfc,
    0x0,

    /* U+03CD "ύ" */
    0x0, 0xe0, 0x1, 0x80, 0x7, 0x0, 0xc, 0x0,
    0x10, 0x0, 0x20, 0x0, 0x0, 0x0, 0x0, 0x78,
    0x71, 0x38, 0x32, 0x70, 0x70, 0xe0, 0x61, 0xc0,
    0xe3, 0x81, 0xc7, 0x3, 0x8e, 0x7, 0x1c, 0xe,
    0x38, 0x1c, 0x70, 0x30, 0xe0, 0xe0, 0xc1, 0x81,
    0xc6, 0x0, 0xf0, 0x0,

    /* U+03CE "ώ" */
    0x0, 0x78, 0x0, 0xe, 0x0, 0x1, 0x80, 0x0,
    0x60, 0x0, 0xc, 0x0, 0x1, 0x0, 0x0, 0x0,
    0x0, 0x0, 0x0, 0xf, 0x1e, 0x3, 0x80, 0xe0,
    0xe0, 0x6, 0x38, 0x20, 0xe6, 0xe, 0xd, 0xc1,
    0xc1, 0xf8, 0x38, 0x3f, 0x7, 0x7, 0xe0, 0xe0,
    0xfc, 0x8, 0x1f, 0x81, 0x3, 0xb0, 0x20, 0x67,
    0xa, 0x1c, 0x73, 0x67, 0x7, 0x83, 0xc0,

    /* U+0401 "Ё" */
    0x7, 0x38, 0x1, 0xce, 0x0, 0x73, 0x80, 0x0,
    0x0, 0x0, 0x0, 0x1f, 0xff, 0xe1, 0xc0, 0x18,
    0x70, 0x6, 0x1c, 0x0, 0x87, 0x0, 0x21, 0xc0,
    0x0, 0x70, 0x0, 0x1c, 0x2, 0x7, 0x0, 0x81,
    0xc0, 0x60, 0x7f, 0xf8, 0x1c, 0x6, 0x7, 0x0,
    0x81, 0xc0, 0x20, 0x70, 0x0, 0x1c, 0x0, 0x7,
    0x0, 0x11, 0xc0, 0x4, 0x70, 0x3, 0x1c, 0x0,
    0x87, 0x0, 0xe7, 0xff, 0xf8,

    /* U+0402 "Ђ" */
    0xff, 0xff, 0x83, 0x87, 0x6, 0xc, 0x1c, 0x8,
    0x20, 0x70, 0x20, 0x81, 0xc0, 0x80, 0x7, 0x0,
    0x0, 0x1c, 0x0, 0x0, 0x70, 0xf0, 0x1, 0xcf,
    0xf0, 0x7, 0x61, 0xe0, 0x1e, 0x3, 0x80, 0x70,
    0xf, 0x1, 0xc0, 0x1c, 0x7, 0x0, 0x70, 0x1c,
    0x1, 0xc0, 0x70, 0x7, 0x1, 0xc0, 0x1c, 0x7,
    0x0, 0x70, 0x1c, 0x1, 0x80, 0x70, 0xe, 0x3,
    0xe0, 0x30, 0x3f, 0xe7, 0x80,

    /* U+0403 "Ѓ" */
    0x0, 0xe0, 0x0, 0x70, 0x0, 0x30, 0x0, 0x30,
    0x0, 0x10, 0x0, 0x0, 0x0, 0x0, 0x0, 0xff,
    0xff, 0x1c, 0x1, 0x8e, 0x0, 0xc7, 0x0, 0x23,
    0x80, 0x11, 0xc0, 0x0, 0xe0, 0x0, 0x70, 0x0,
    0x38, 0x0, 0x1c, 0x0, 0xe, 0x0, 0x7, 0x0,
    0x3, 0x80, 0x1, 0xc0, 0x0, 0xe0, 0x0, 0x70,
    0x0, 0x38, 0x0, 0x1c, 0x0, 0xe, 0x0, 0x7,
    0x0, 0x7, 0xc0, 0xf, 0xf8, 0x0,

    /* U+0404 "Є" */
    0x0, 0x0, 0x40, 0x7f, 0xf8, 0x1c, 0xf, 0x6,
    0x0, 0xe1, 0x80, 0xc, 0x70, 0x0, 0x9e, 0x0,
    0x13, 0x80, 0x0, 0xf0, 0x0, 0x1e, 0x0, 0x3,
    0xc0, 0x0, 0x7f, 0xf8, 0xf, 0x0, 0x1, 0xe0,
    0x0, 0x3c, 0x0, 0x7, 0x80, 0x0, 0x78, 0x0,
    0xf, 0x0, 0x0, 0xe0, 0x0, 0x9e, 0x0, 0x21,
    0xe0, 0x4, 0x1e, 0x2, 0x0, 0xff, 0x80, 0x1,
    0x0,

    /* U+0405 "Ѕ" */
    0x0, 0x0, 0x7f, 0xc7, 0x7, 0x18, 0xc, 0xe0,
    0x13, 0x80, 0x4e, 0x1, 0x3c, 0x0, 0xfc, 0x1,
    0xf8, 0x3, 0xf8, 0x7, 0xf0, 0xf, 0xf0, 0xf,
    0xe0, 0xf, 0x80, 0x1f, 0x80, 0x3e, 0x0, 0x78,
    0x1, 0xf0, 0x7, 0xc0, 0x1b, 0x80, 0xcf, 0xfe,
    0x20, 0x40,

    /* U+0406 "І" */
    0xff, 0x9f, 0x7, 0x3, 0x81, 0xc0, 0xe0, 0x70,
    0x38, 0x1c, 0xe, 0x7, 0x3, 0x81, 0xc0, 0xe0,
    0x70, 0x38, 0x1c, 0xe, 0x7, 0x3, 0x83, 0xe7,
    0xfc,

    /* U+0407 "Ї" */
    0xe3, 0xf1, 0xf8, 0xe0, 0x0, 0x7, 0xfc, 0xf8,
    0x38, 0x1c, 0xe, 0x7, 0x3, 0x81, 0xc0, 0xe0,
    0x70, 0x38, 0x1c, 0xe, 0x7, 0x3, 0x81, 0xc0,
    0xe0, 0x70, 0x38, 0x1c, 0x1f, 0x3f, 0xe0,

    /* U+0408 "Ј" */
    0x1f, 0xf0, 0x7c, 0x3, 0x80, 0x38, 0x3, 0x80,
    0x38, 0x3, 0x80, 0x38, 0x3, 0x80, 0x38, 0x3,
    0x80, 0x38, 0x3, 0x80, 0x38, 0x3, 0x80, 0x38,
    0x3, 0x80, 0x38, 0x3, 0x86, 0x30, 0x73, 0x7,
    0xe0, 0x10, 0x0,

    /* U+0409 "Љ" */
    0x7, 0xff, 0xf0, 0x0, 0x20, 0x70, 0x0, 0x4,
    0xe, 0x0, 0x0, 0x81, 0xc0, 0x0, 0x10, 0x38,
    0x0, 0x2, 0x7, 0x0, 0x0, 0x40, 0xe0, 0x0,
    0x8, 0x1c, 0x0, 0x1, 0x3, 0x80, 0x0, 0x20,
    0x70, 0x0, 0x4, 0xf, 0xf8, 0x0, 0x81, 0xc3,
    0xc0, 0x10, 0x38, 0x1c, 0x2, 0x7, 0x3, 0xc0,
    0x40, 0xe0, 0x38, 0x8, 0x1c, 0x7, 0x2, 0x3,
    0x80, 0xe0, 0x40, 0x70, 0x1c, 0x8, 0xe, 0x7,
    0x72, 0x1, 0xc0, 0xef, 0xc0, 0x38, 0x78, 0xe0,
    0x3f, 0xf8, 0x0,

    /* U+040A "Њ" */
    0xff, 0x9f, 0xf0, 0xf, 0x81, 0xf0, 0x1, 0xc0,
    0x38, 0x0, 0x70, 0xe, 0x0, 0x1c, 0x3, 0x80,
    0x7, 0x0, 0xe0, 0x1, 0xc0, 0x38, 0x0, 0x70,
    0xe, 0x0, 0x1c, 0x3, 0x80, 0x7, 0x0, 0xe0,
    0x1, 0xc0, 0x38, 0x0, 0x7f, 0xff, 0xf8, 0x1c,
    0x3, 0x8f, 0x7, 0x0, 0xe0, 0xe1, 0xc0, 0x38,
    0x1c, 0x70, 0xe, 0x7, 0x1c, 0x3, 0x81, 0xc7,
    0x0, 0xe0, 0x71, 0xc0, 0x38, 0x1c, 0x70, 0xe,
    0xe, 0x3e, 0x7, 0x87, 0x3f, 0xe7, 0xff, 0x0,

    /* U+040B "Ћ" */
    0xff, 0xff, 0x81, 0xc3, 0x87, 0x3, 0x7, 0x6,
    0x4, 0xe, 0x4, 0x8, 0x1c, 0x8, 0x0, 0x38,
    0x0, 0x0, 0x70, 0x0, 0x0, 0xe3, 0xe0, 0x1,
    0xcf, 0xe0, 0x3, 0xb1, 0xe0, 0x7, 0x81, 0xc0,
    0xe, 0x3, 0x80, 0x1c, 0x7, 0x0, 0x38, 0xe,
    0x0, 0x70, 0x1c, 0x0, 0xe0, 0x38, 0x1, 0xc0,
    0x70, 0x3, 0x80, 0xe0, 0x7, 0x1, 0xc0, 0xe,
    0x3, 0x80, 0x3e, 0xf, 0x81, 0xff, 0x3f, 0xc0,

    /* U+040C "Ќ" */
    0x0, 0x38, 0x0, 0x3, 0x80, 0x0, 0x70, 0x0,
    0x6, 0x0, 0x0, 0x40, 0x0, 0x8, 0x0, 0x0,
    0x0, 0xf, 0xf8, 0x3e, 0x3e, 0x7, 0xe1, 0xc0,
    0x40, 0x1c, 0x4, 0x1, 0xc0, 0xc0, 0x1c, 0x8,
    0x1, 0xc0, 0x80, 0x1c, 0x18, 0x1, 0xc1, 0x0,
    0x1c, 0x20, 0x1, 0xc6, 0x0, 0x1f, 0xc0, 0x1,
    0xce, 0x0, 0x1c, 0x70, 0x1, 0xc3, 0x80, 0x1c,
    0x3c, 0x1, 0xc1, 0xe0, 0x1c, 0xe, 0x1, 0xc0,
    0x70, 0x1c, 0x7, 0x83, 0xe0, 0x3c, 0xff, 0x81,
    0xf0,

    /* U+040E "Ў" */
    0x0, 0x0, 0x0, 0x38, 0x1c, 0x1, 0xc0, 0xe0,
    0x7, 0xe, 0x0, 0x1f, 0xe0, 0x0, 0x0, 0x0,
    0x0, 0x0, 0x1f, 0xe0, 0x3f, 0x7c, 0x0, 0xf1,
    0xe0, 0x3, 0x7, 0x0, 0x10, 0x3c, 0x1, 0x80,
    0xe0, 0x8, 0x7, 0x80, 0x40, 0x1e, 0x6, 0x0,
    0x70, 0x20, 0x3, 0xc3, 0x0, 0xe, 0x10, 0x0,
    0x78, 0x80, 0x1, 0xc8, 0x0, 0xf, 0x40, 0x0,
    0x3e, 0x0, 0x1, 0xe0, 0x0, 0x7, 0x0, 0x0,
    0x10, 0x0, 0x1, 0x80, 0x0, 0x8, 0x0, 0x1f,
    0x80, 0x0, 0xf8, 0x0, 0x1, 0x0, 0x0,

    /* U+040F "Џ" */
    0xff, 0x87, 0xfc, 0xf8, 0x7, 0xc1, 0xc0, 0xe,
    0x7, 0x0, 0x38, 0x1c, 0x0, 0xe0, 0x70, 0x3,
    0x81, 0xc0, 0xe, 0x7, 0x0, 0x38, 0x1c, 0x0,
    0xe0, 0x70, 0x3, 0x81, 0xc0, 0xe, 0x7, 0x0,
    0x38, 0x1c, 0x0, 0xe0, 0x70, 0x3, 0x81, 0xc0,
    0xe, 0x7, 0x0, 0x38, 0x1c, 0x0, 0xe0, 0x70,
    0x3, 0x81, 0xc0, 0xe, 0x7, 0x0, 0x38, 0x3f,
    0xff, 0xf3, 0xff, 0xff, 0xf0, 0x1f, 0xc0, 0x0,
    0x1c, 0x0, 0x0, 0x70, 0x0, 0x0, 0x80, 0x0,
    0x2, 0x0, 0x0, 0x8, 0x0,

    /* U+0410 "А" */
    0x0, 0x20, 0x0, 0x0, 0xc0, 0x0, 0x3, 0x0,
    0x0, 0x1e, 0x0, 0x0, 0x78, 0x0, 0x3, 0xf0,
    0x0, 0xd, 0xc0, 0x0, 0x67, 0x0, 0x1, 0x9e,
    0x0, 0x4, 0x38, 0x0, 0x30, 0xf0, 0x0, 0x81,
    0xc0, 0x6, 0x7, 0x0, 0x18, 0x1e, 0x0, 0xff,
    0xf8, 0x3, 0x0, 0xf0, 0x8, 0x1, 0xc0, 0x60,
    0x7, 0x81, 0x0, 0xe, 0xc, 0x0, 0x38, 0x70,
    0x0, 0xf3, 0xf0, 0xf, 0xf0,

    /* U+0411 "Б" */
    0xff, 0xfe, 0x1c, 0xe, 0x1c, 0x2, 0x1c, 0x2,
    0x1c, 0x2, 0x1c, 0x0, 0x1c, 0x0, 0x1c, 0x0,
    0x1c, 0x0, 0x1c, 0x0, 0x1f, 0xf0, 0x1c, 0x3c,
    0x1c, 0xe, 0x1c, 0xf, 0x1c, 0x7, 0x1c, 0x7,
    0x1c, 0x7, 0x1c, 0x7, 0x1c, 0xe, 0x1c, 0xe,
    0x1c, 0x3c, 0xff, 0xf0,

    /* U+0412 "В" */
    0xff, 0xfc, 0x3, 0x81, 0xe0, 0x70, 0xe, 0xe,
    0x1, 0xc1, 0xc0, 0x1c, 0x38, 0x3, 0x87, 0x0,
    0x70, 0xe0, 0xe, 0x1c, 0x3, 0x83, 0x80, 0xe0,
    0x7f, 0xf8, 0xe, 0x7, 0x81, 0xc0, 0x3c, 0x38,
    0x3, 0x87, 0x0, 0x38, 0xe0, 0x7, 0x1c, 0x0,
    0xe3, 0x80, 0x1c, 0x70, 0x7, 0xe, 0x0, 0xe1,
    0xc0, 0x78, 0xff, 0xfc, 0x0,

    /* U+0413 "Г" */
    0x7f, 0xff, 0x8e, 0x0, 0xc7, 0x0, 0x63, 0x80,
    0x11, 0xc0, 0x8, 0xe0, 0x0, 0x70, 0x0, 0x38,
    0x0, 0x1c, 0x0, 0xe, 0x0, 0x7, 0x0, 0x3,
    0x80, 0x1, 0xc0, 0x0, 0xe0, 0x0, 0x70, 0x0,
    0x38, 0x0, 0x1c, 0x0, 0xe, 0x0, 0x7, 0x0,
    0x3, 0x80, 0x3, 0xe0, 0x7, 0xfc, 0x0,

    /* U+0414 "Д" */
    0xf, 0xff, 0xf0, 0x8, 0xe, 0x0, 0x40, 0x70,
    0x2, 0x3, 0x80, 0x10, 0x1c, 0x0, 0x80, 0xe0,
    0x4, 0x7, 0x0, 0x20, 0x38, 0x1, 0x1, 0xc0,
    0x8, 0xe, 0x0, 0xc0, 0x70, 0x6, 0x3, 0x80,
    0x20, 0x1c, 0x1, 0x0, 0xe0, 0x8, 0x7, 0x0,
    0xc0, 0x38, 0x4, 0x1, 0xc0, 0x60, 0xe, 0x3,
    0x0, 0x70, 0x30, 0x3, 0x83, 0x0, 0x1e, 0x7f,
    0xff, 0xff, 0xe0, 0x1, 0xfc, 0x0, 0x7, 0xc0,
    0x0, 0x1c, 0x0, 0x0, 0x60, 0x0, 0x3, 0x0,
    0x0, 0x10,

    /* U+0415 "Е" */
    0x7f, 0xff, 0x87, 0x0, 0x61, 0xc0, 0x18, 0x70,
    0x2, 0x1c, 0x0, 0x87, 0x0, 0x1, 0xc0, 0x0,
    0x70, 0x8, 0x1c, 0x2, 0x7, 0x1, 0x81, 0xff,
    0xe0, 0x70, 0x18, 0x1c, 0x2, 0x7, 0x0, 0x81,
    0xc0, 0x0, 0x70, 0x0, 0x1c, 0x0, 0x47, 0x0,
    0x11, 0xc0, 0xc, 0x70, 0x2, 0x1c, 0x3, 0x9f,
    0xff, 0xe0,

    /* U+0416 "Ж" */
    0x0, 0x0, 0x0, 0x9f, 0xf, 0xf8, 0x7f, 0xf0,
    0x7c, 0x1f, 0x82, 0x7, 0x2, 0x0, 0x20, 0xe0,
    0x80, 0x4, 0x1c, 0x10, 0x0, 0x83, 0x82, 0x0,
    0x18, 0x70, 0xc0, 0x1, 0xe, 0x10, 0x0, 0x21,
    0xc2, 0x0, 0x2, 0x38, 0x80, 0x0, 0x3f, 0xe0,
    0x0, 0xc, 0xe6, 0x0, 0x3, 0x9c, 0xe0, 0x0,
    0xe3, 0x8e, 0x0, 0x1c, 0x71, 0xc0, 0x7, 0xe,
    0x1c, 0x0, 0xe1, 0xc3, 0x80, 0x38, 0x38, 0x38,
    0x7, 0x7, 0x7, 0x1, 0xc0, 0xe0, 0x70, 0xf8,
    0x3e, 0xf, 0xbe, 0x1f, 0xf0, 0xf8,

    /* U+0417 "З" */
    0x81, 0x7, 0xff, 0x38, 0x1d, 0x80, 0xec, 0x3,
    0xc0, 0x1e, 0x0, 0xe0, 0x7, 0x0, 0x70, 0x3,
    0x80, 0x78, 0x1f, 0x0, 0x1e, 0x0, 0x78, 0x1,
    0xc0, 0x7, 0x0, 0x38, 0x1, 0xc0, 0xe, 0x0,
    0x78, 0x7, 0x20, 0x70, 0xff, 0x0, 0x40,

    /* U+0418 "И" */
    0xff, 0x87, 0xfc, 0xf8, 0x7, 0xc1, 0xc0, 0xe,
    0x7, 0x0, 0x38, 0x1c, 0x0, 0xe0, 0x70, 0x7,
    0x81, 0xc0, 0x2e, 0x7, 0x1, 0xb8, 0x1c, 0xc,
    0xe0, 0x70, 0x23, 0x81, 0xc1, 0xe, 0x7, 0x8,
    0x38, 0x1c, 0x60, 0xe0, 0x73, 0x3, 0x81, 0xc8,
    0xe, 0x7, 0x40, 0x38, 0x1e, 0x0, 0xe0, 0x78,
    0x3, 0x81, 0xc0, 0xe, 0x7, 0x0, 0x38, 0x3e,
    0x1, 0xf3, 0xfe, 0x1f, 0xf0,

    /* U+0419 "Й" */
    0x0, 0x0, 0x0, 0x1c, 0xe, 0x0, 0x70, 0x38,
    0x0, 0xe1, 0xc0, 0x1, 0xfe, 0x0, 0x0, 0x0,
    0x0, 0x0, 0x0, 0x3f, 0xe1, 0xff, 0x3e, 0x1,
    0xf0, 0x70, 0x3, 0x81, 0xc0, 0xe, 0x7, 0x0,
    0x38, 0x1c, 0x1, 0xe0, 0x70, 0xb, 0x81, 0xc0,
    0x6e, 0x7, 0x3, 0x38, 0x1c, 0x8, 0xe0, 0x70,
    0x43, 0x81, 0xc2, 0xe, 0x7, 0x18, 0x38, 0x1c,
    0xc0, 0xe0, 0x72, 0x3, 0x81, 0xd0, 0xe, 0x7,
    0x80, 0x38, 0x1e, 0x0, 0xe0, 0x70, 0x3, 0x81,
    0xc0, 0xe, 0xf, 0x80, 0x7c, 0xff, 0x87, 0xfc,

    /* U+041A "К" */
    0x0, 0x0, 0xf, 0xf8, 0x3e, 0x3e, 0x7, 0xe1,
    0xc0, 0x40, 0x1c, 0x4, 0x1, 0xc0, 0xc0, 0x1c,
    0x8, 0x1, 0xc0, 0x80, 0x1c, 0x18, 0x1, 0xc1,
    0x0, 0x1c, 0x20, 0x1, 0xc6, 0x0, 0x1f, 0xc0,
    0x1, 0xce, 0x0, 0x1c, 0x70, 0x1, 0xc3, 0x80,
    0x1c, 0x3c, 0x1, 0xc1, 0xe0, 0x1c, 0xe, 0x1,
    0xc0, 0x70, 0x1c, 0x7, 0x83, 0xe0, 0x3c, 0xff,
    0x81, 0xf0,

    /* U+041B "Л" */
    0x7, 0xff, 0xf0, 0x8, 0xe, 0x0, 0x40, 0x70,
    0x2, 0x3, 0x80, 0x10, 0x1c, 0x0, 0x80, 0xe0,
    0x4, 0x7, 0x0, 0x20, 0x38, 0x1, 0x1, 0xc0,
    0x8, 0xe, 0x0, 0x40, 0x70, 0x2, 0x3, 0x80,
    0x10, 0x1c, 0x0, 0x80, 0xe0, 0x4, 0x7, 0x0,
    0x20, 0x38, 0x2, 0x1, 0xc0, 0x10, 0xe, 0x0,
    0x80, 0x71, 0xc8, 0x3, 0x8f, 0xc0, 0x3e, 0x38,
    0x7, 0xfc,

    /* U+041C "М" */
    0xfc, 0x0, 0x7, 0xe7, 0x80, 0x1, 0xf0, 0x78,
    0x0, 0x3c, 0xf, 0x0, 0xf, 0x81, 0xf0, 0x1,
    0xf0, 0x2e, 0x0, 0x2e, 0x5, 0xe0, 0xd, 0xc0,
    0x9c, 0x1, 0x38, 0x13, 0xc0, 0x67, 0x2, 0x38,
    0x8, 0xe0, 0x47, 0x3, 0x1c, 0x8, 0x70, 0x63,
    0x81, 0xe, 0x18, 0x70, 0x21, 0xe3, 0xe, 0x4,
    0x1c, 0xc1, 0xc0, 0x83, 0xd8, 0x38, 0x10, 0x3a,
    0x7, 0x2, 0x7, 0xc0, 0xe0, 0x40, 0x70, 0x1c,
    0x8, 0xe, 0x3, 0x83, 0x80, 0x80, 0xf9, 0xfc,
    0x10, 0x7f, 0xc0,

    /* U+041D "Н" */
    0xff, 0x87, 0xfc, 0xf8, 0x7, 0xc1, 0xc0, 0xe,
    0x7, 0x0, 0x38, 0x1c, 0x0, 0xe0, 0x70, 0x3,
    0x81, 0xc0, 0xe, 0x7, 0x0, 0x38, 0x1c, 0x0,
    0xe0, 0x70, 0x3, 0x81, 0xc0, 0xe, 0x7, 0xff,
    0xf8, 0x1c, 0x0, 0xe0, 0x70, 0x3, 0x81, 0xc0,
    0xe, 0x7, 0x0, 0x38, 0x1c, 0x0, 0xe0, 0x70,
    0x3, 0x81, 0xc0, 0xe, 0x7, 0x0, 0x38, 0x3e,
    0x1, 0xf3, 0xfe, 0x1f, 0xf0,

    /* U+041E "О" */
    0x0, 0x20, 0x0, 0x3f, 0xc0, 0xc, 0x7, 0x1,
    0x80, 0x18, 0x38, 0x1, 0xc3, 0x0, 0xc, 0x70,
    0x0, 0xe6, 0x0, 0xe, 0xe0, 0x0, 0x7e, 0x0,
    0x7, 0xe0, 0x0, 0x7e, 0x0, 0x7, 0xe0, 0x0,
    0x7e, 0x0, 0x7, 0xe0, 0x0, 0x7e, 0x0, 0x7,
    0x70, 0x0, 0x67, 0x0, 0xe, 0x30, 0x0, 0xc3,
    0x80, 0x1c, 0x18, 0x1, 0x80, 0xe0, 0x70, 0x3,
    0xfc, 0x0, 0x4, 0x0,

    /* U+041F "П" */
    0x7f, 0xff, 0xf8, 0x70, 0x3, 0x81, 0xc0, 0xe,
    0x7, 0x0, 0x38, 0x1c, 0x0, 0xe0, 0x70, 0x3,
    0x81, 0xc0, 0xe, 0x7, 0x0, 0x38, 0x1c, 0x0,
    0xe0, 0x70, 0x3, 0x81, 0xc0, 0xe, 0x7, 0x0,
    0x38, 0x1c, 0x0, 0xe0, 0x70, 0x3, 0x81, 0xc0,
    0xe, 0x7, 0x0, 0x38, 0x1c, 0x0, 0xe0, 0x70,
    0x3, 0x81, 0xc0, 0xe, 0x7, 0x0, 0x38, 0x3e,
    0x1, 0xf3, 0xfe, 0x1f, 0xf0,

    /* U+0420 "Р" */
    0xff, 0xf0, 0x3f, 0xfc, 0x1c, 0x1e, 0x1c, 0xe,
    0x1c, 0x7, 0x1c, 0x7, 0x1c, 0x7, 0x1c, 0x7,
    0x1c, 0x7, 0x1c, 0xe, 0x1c, 0x1c, 0x1f, 0xf0,
    0x1c, 0x0, 0x1c, 0x0, 0x1c, 0x0, 0x1c, 0x0,
    0x1c, 0x0, 0x1c, 0x0, 0x1c, 0x0, 0x1c, 0x0,
    0x3e, 0x0, 0xff, 0x80,

    /* U+0421 "С" */
    0x0, 0x0, 0x20, 0x7f, 0xcc, 0x18, 0x7, 0x8e,
    0x0, 0x71, 0x80, 0x6, 0x60, 0x0, 0xdc, 0x0,
    0xb, 0x80, 0x1, 0x60, 0x0, 0x1c, 0x0, 0x3,
    0x80, 0x0, 0x70, 0x0, 0xe, 0x0, 0x1, 0xc0,
    0x0, 0x38, 0x0, 0x7, 0x0, 0x0, 0x60, 0x0,
    0xe, 0x0, 0x0, 0xc0, 0x0, 0x9c, 0x0, 0x21,
    0xc0, 0xc, 0x1c, 0x3, 0x0, 0xff, 0x80, 0x1,
    0x0,

    /* U+0422 "Т" */
    0xff, 0xff, 0xf0, 0x70, 0x78, 0x1c, 0xe, 0x7,
    0x1, 0x1, 0xc0, 0x40, 0x70, 0x0, 0x1c, 0x0,
    0x7, 0x0, 0x1, 0xc0, 0x0, 0x70, 0x0, 0x1c,
    0x0, 0x7, 0x0, 0x1, 0xc0, 0x0, 0x70, 0x0,
    0x1c, 0x0, 0x7, 0x0, 0x1, 0xc0, 0x0, 0x70,
    0x0, 0x1c, 0x0, 0x7, 0x0, 0x3, 0xe0, 0x3,
    0xfe, 0x0,

    /* U+0423 "У" */
    0xff, 0x1, 0xfb, 0xe0, 0x7, 0x8f, 0x0, 0x38,
    0x38, 0x1, 0x81, 0xe0, 0xc, 0x7, 0x0, 0x40,
    0x3c, 0x6, 0x0, 0xe0, 0x20, 0x3, 0x83, 0x0,
    0x1c, 0x10, 0x0, 0x70, 0x80, 0x3, 0xcc, 0x0,
    0xe, 0x40, 0x0, 0x7a, 0x0, 0x1, 0xe0, 0x0,
    0xf, 0x0, 0x0, 0x38, 0x0, 0x0, 0x80, 0x0,
    0xc, 0x0, 0x0, 0x40, 0x0, 0xfc, 0x0, 0x7,
    0xc0, 0x0, 0x8, 0x0, 0x0,

    /* U+0424 "Ф" */
    0x1, 0xff, 0x0, 0x0, 0xf8, 0x0, 0x0, 0xe0,
    0x0, 0x1, 0xc0, 0x0, 0x7f, 0xfc, 0x3, 0xc7,
    0x1e, 0xe, 0xe, 0xe, 0x38, 0x1c, 0xe, 0x60,
    0x38, 0xd, 0xc0, 0x70, 0x1f, 0x80, 0xe0, 0x3f,
    0x1, 0xc0, 0x7e, 0x3, 0x80, 0xfc, 0x7, 0x1,
    0xdc, 0xe, 0x7, 0x38, 0x1c, 0xe, 0x38, 0x38,
    0x38, 0x3c, 0x71, 0xe0, 0xf, 0xfe, 0x0, 0x1,
    0xc0, 0x0, 0x7, 0xc0, 0x0, 0x3f, 0xe0, 0x0,

    /* U+0425 "Х" */
    0xff, 0xc3, 0xfc, 0xfc, 0x3, 0xc1, 0xf0, 0xc,
    0x3, 0xc0, 0x30, 0x7, 0x81, 0x80, 0xe, 0xc,
    0x0, 0x1c, 0x60, 0x0, 0x79, 0x0, 0x0, 0xec,
    0x0, 0x1, 0xe0, 0x0, 0x7, 0x80, 0x0, 0x1f,
    0x0, 0x0, 0x5c, 0x0, 0x2, 0x78, 0x0, 0x18,
    0xf0, 0x0, 0xc1, 0xc0, 0x6, 0x7, 0x80, 0x10,
    0xf, 0x0, 0xc0, 0x3c, 0x6, 0x0, 0x78, 0x78,
    0x1, 0xf3, 0xf8, 0x1f, 0xf0,

    /* U+0426 "Ц" */
    0xff, 0x87, 0xfc, 0xf8, 0x7, 0xc1, 0xc0, 0xe,
    0x7, 0x0, 0x38, 0x1c, 0x0, 0xe0, 0x70, 0x3,
    0x81, 0xc0, 0xe, 0x7, 0x0, 0x38, 0x1c, 0x0,
    0xe0, 0x70, 0x3, 0x81, 0xc0, 0xe, 0x7, 0x0,
    0x38, 0x1c, 0x0, 0xe0, 0x70, 0x3, 0x81, 0xc0,
    0xe, 0x7, 0x0, 0x38, 0x1c, 0x0, 0xe0, 0x70,
    0x3, 0x81, 0xc0, 0xe, 0x7, 0x0, 0x38, 0x3c,
    0x0, 0xf3, 0xff, 0xff, 0xf0, 0x0, 0x7, 0xc0,
    0x0, 0x7, 0x0, 0x0, 0xc, 0x0, 0x0, 0x10,
    0x0, 0x0, 0x40, 0x0, 0x1,

    /* U+0427 "Ч" */
    0xff, 0x9f, 0xf3, 0xe0, 0x7c, 0x1c, 0x3, 0x81,
    0xc0, 0x38, 0x1c, 0x3, 0x81, 0xc0, 0x38, 0x1c,
    0x3, 0x81, 0xc0, 0x38, 0x1c, 0x3, 0x81, 0xc0,
    0x38, 0x1c, 0x3, 0x81, 0xe0, 0xf8, 0xf, 0xfb,
    0x80, 0x7c, 0x38, 0x0, 0x3, 0x80, 0x0, 0x38,
    0x0, 0x3, 0x80, 0x0, 0x38, 0x0, 0x3, 0x80,
    0x0, 0x38, 0x0, 0x7, 0xc0, 0x1, 0xff,

    /* U+0428 "Ш" */
    0xff, 0xf, 0xe1, 0xfe, 0x7c, 0xf, 0x81, 0xf0,
    0x70, 0xe, 0x1, 0xc0, 0xe0, 0x1c, 0x3, 0x81,
    0xc0, 0x38, 0x7, 0x3, 0x80, 0x70, 0xe, 0x7,
    0x0, 0xe0, 0x1c, 0xe, 0x1, 0xc0, 0x38, 0x1c,
    0x3, 0x80, 0x70, 0x38, 0x7, 0x0, 0xe0, 0x70,
    0xe, 0x1, 0xc0, 0xe0, 0x1c, 0x3, 0x81, 0xc0,
    0x38, 0x7, 0x3, 0x80, 0x70, 0xe, 0x7, 0x0,
    0xe0, 0x1c, 0xe, 0x1, 0xc0, 0x38, 0x1c, 0x3,
    0x80, 0x70, 0x38, 0x7, 0x0, 0xe0, 0x70, 0xe,
    0x1, 0xc0, 0xe0, 0x1c, 0x3, 0x81, 0xc0, 0x38,
    0x7, 0xf, 0xff, 0xff, 0xff, 0x80,

    /* U+0429 "Щ" */
    0xff, 0xf, 0xe1, 0xfe, 0x7c, 0xf, 0x81, 0xf0,
    0x70, 0xe, 0x1, 0xc0, 0xe0, 0x1c, 0x3, 0x81,
    0xc0, 0x38, 0x7, 0x3, 0x80, 0x70, 0xe, 0x7,
    0x0, 0xe0, 0x1c, 0xe, 0x1, 0xc0, 0x38, 0x1c,
    0x3, 0x80, 0x70, 0x38, 0x7, 0x0, 0xe0, 0x70,
    0xe, 0x1, 0xc0, 0xe0, 0x1c, 0x3, 0x81, 0xc0,
    0x38, 0x7, 0x3, 0x80, 0x70, 0xe, 0x7, 0x0,
    0xe0, 0x1c, 0xe, 0x1, 0xc0, 0x38, 0x1c, 0x3,
    0x80, 0x70, 0x38, 0x7, 0x0, 0xe0, 0x70, 0xe,
    0x1, 0xc0, 0xe0, 0x1c, 0x3, 0x83, 0xc0, 0x38,
    0x7, 0x9f, 0xff, 0xff, 0xff, 0xc0, 0x0, 0x0,
    0xf, 0x80, 0x0, 0x0, 0x7, 0x0, 0x0, 0x0,
    0x6, 0x0, 0x0, 0x0, 0x4, 0x0, 0x0, 0x0,
    0x8, 0x0, 0x0, 0x0, 0x10,

    /* U+042A "Ъ" */
    0xff, 0xf0, 0xc, 0x1c, 0x0, 0x81, 0xc0, 0x8,
    0x1c, 0x0, 0x81, 0xc0, 0x0, 0x1c, 0x0, 0x1,
    0xc0, 0x0, 0x1c, 0x0, 0x1, 0xc0, 0x0, 0x1c,
    0x0, 0x1, 0xff, 0x0, 0x1c, 0x3c, 0x1, 0xc0,
    0xe0, 0x1c, 0xf, 0x1, 0xc0, 0x70, 0x1c, 0x7,
    0x1, 0xc0, 0x70, 0x1c, 0x7, 0x1, 0xc0, 0xe0,
    0x1c, 0xe, 0x1, 0xc3, 0xc0, 0xff, 0xf0,

    /* U+042B "Ы" */
    0xff, 0x80, 0x7f, 0xe7, 0xc0, 0x1, 0xf0, 0x70,
    0x0, 0x1c, 0xe, 0x0, 0x3, 0x81, 0xc0, 0x0,
    0x70, 0x38, 0x0, 0xe, 0x7, 0x0, 0x1, 0xc0,
    0xe0, 0x0, 0x38, 0x1c, 0x0, 0x7, 0x3, 0x80,
    0x0, 0xe0, 0x7f, 0xc0, 0x1c, 0xe, 0x1e, 0x3,
    0x81, 0xc0, 0xe0, 0x70, 0x38, 0x1e, 0xe, 0x7,
    0x1, 0xc1, 0xc0, 0xe0, 0x38, 0x38, 0x1c, 0x7,
    0x7, 0x3, 0x80, 0xe0, 0xe0, 0x70, 0x38, 0x1c,
    0xe, 0x7, 0x3, 0x83, 0xc3, 0xc0, 0xf9, 0xff,
    0xe0, 0xff, 0xc0,

    /* U+042C "Ь" */
    0xff, 0x80, 0x3e, 0x0, 0x1c, 0x0, 0x1c, 0x0,
    0x1c, 0x0, 0x1c, 0x0, 0x1c, 0x0, 0x1c, 0x0,
    0x1c, 0x0, 0x1c, 0x0, 0x1f, 0xf0, 0x1c, 0x3c,
    0x1c, 0xe, 0x1c, 0xf, 0x1c, 0x7, 0x1c, 0x7,
    0x1c, 0x7, 0x1c, 0x7, 0x1c, 0xe, 0x1c, 0xe,
    0x1c, 0x3c, 0xff, 0xf0,

    /* U+042D "Э" */
    0x40, 0x0, 0xf, 0xff, 0x1, 0xe0, 0x70, 0x38,
    0x3, 0x6, 0x0, 0x70, 0x80, 0x7, 0x10, 0x0,
    0xf0, 0x0, 0xe, 0x0, 0x1, 0xe0, 0x0, 0x3c,
    0x0, 0x7, 0x80, 0xff, 0xf0, 0x0, 0x1e, 0x0,
    0x3, 0xc0, 0x0, 0x78, 0x0, 0xf, 0x0, 0x3,
    0xc0, 0x0, 0x7a, 0x0, 0xe, 0x40, 0x3, 0xc4,
    0x0, 0xf0, 0x60, 0x3c, 0x3, 0xfe, 0x0, 0x4,
    0x0,

    /* U+042E "Ю" */
    0x0, 0x0, 0x4, 0x1, 0xff, 0x0, 0xff, 0x0,
    0x70, 0x6, 0x3, 0x80, 0xe0, 0x18, 0x1, 0x81,
    0xc0, 0x70, 0x3, 0x83, 0x80, 0xc0, 0x3, 0x7,
    0x3, 0x80, 0x7, 0xe, 0x6, 0x0, 0x6, 0x1c,
    0x1c, 0x0, 0xe, 0x38, 0x38, 0x0, 0x1c, 0x70,
    0x70, 0x0, 0x38, 0xe0, 0xe0, 0x0, 0x71, 0xff,
    0xc0, 0x0, 0xe3, 0x83, 0x80, 0x1, 0xc7, 0x7,
    0x0, 0x3, 0x8e, 0xe, 0x0, 0x7, 0x1c, 0xe,
    0x0, 0x1c, 0x38, 0x1c, 0x0, 0x38, 0x70, 0x38,
    0x0, 0x60, 0xe0, 0x38, 0x1, 0xc1, 0xc0, 0x38,
    0x7, 0x7, 0xc0, 0x38, 0x3c, 0x3f, 0xe0, 0x3f,
    0xe0, 0x0, 0x0, 0x4, 0x0,

    /* U+042F "Я" */
    0x0, 0x7f, 0xf0, 0xe, 0xe, 0x0, 0xe0, 0x70,
    0xe, 0x3, 0x80, 0x70, 0x1c, 0x3, 0x80, 0xe0,
    0x1c, 0x7, 0x0, 0xe0, 0x38, 0x3, 0x81, 0xc0,
    0x1c, 0xe, 0x0, 0x78, 0x70, 0x0, 0xff, 0x80,
    0x7, 0x9c, 0x0, 0x78, 0xe0, 0x3, 0x87, 0x0,
    0x38, 0x38, 0x3, 0xc1, 0xc0, 0x1c, 0xe, 0x1,
    0xc0, 0x70, 0x1e, 0x3, 0x83, 0xe0, 0x3e, 0x7e,
    0x7, 0xfc,

    /* U+0430 "а" */
    0x1f, 0x83, 0x8e, 0x38, 0x39, 0xc1, 0xce, 0xe,
    0x0, 0xf0, 0x1b, 0x83, 0x1c, 0x70, 0xe7, 0x7,
    0x38, 0x39, 0xc1, 0xcf, 0x1e, 0xbf, 0x78, 0xe3,
    0x80,

    /* U+0431 "б" */
    0x0, 0x3c, 0x3f, 0xe1, 0xf8, 0x4, 0x0, 0x20,
    0x0, 0x80, 0x4, 0x0, 0x10, 0x0, 0x47, 0xc2,
    0x63, 0x8b, 0x7, 0x28, 0xe, 0xe0, 0x3b, 0x80,
    0x7e, 0x1, 0xf8, 0x7, 0xe0, 0x1d, 0x80, 0x77,
    0x1, 0x9c, 0x6, 0x38, 0x30, 0x71, 0x80, 0xf8,
    0x0,

    /* U+0432 "в" */
    0xff, 0xc1, 0xc7, 0xe, 0x1c, 0x70, 0xe3, 0x87,
    0x1c, 0x38, 0xe3, 0x7, 0xf8, 0x38, 0xf1, 0xc1,
    0xce, 0xe, 0x70, 0x73, 0x83, 0x9c, 0x3b, 0xff,
    0x0,

    /* U+0433 "г" */
    0xff, 0xf3, 0x81, 0x38, 0x13, 0x80, 0x38, 0x3,
    0x80, 0x38, 0x3, 0x80, 0x38, 0x3, 0x80, 0x38,
    0x3, 0x80, 0x38, 0x3, 0x80, 0xfe, 0x0,

    /* U+0434 "д" */
    0x1f, 0xfe, 0x8, 0x70, 0x10, 0xe0, 0x21, 0xc0,
    0x43, 0x80, 0x87, 0x1, 0xe, 0x2, 0x1c, 0x8,
    0x38, 0x10, 0x70, 0x20, 0xe0, 0x41, 0xc1, 0x3,
    0x82, 0x7, 0xf, 0xfe, 0x70, 0x7, 0x80, 0x7,
    0x0, 0x6, 0x0, 0x8,

    /* U+0435 "е" */
    0xf, 0x83, 0x1c, 0x60, 0xe4, 0x7, 0xc0, 0x7f,
    0xff, 0xc0, 0xc, 0x0, 0xc0, 0xe, 0x0, 0xe0,
    0x17, 0x2, 0x78, 0x63, 0xfc, 0xf, 0x80,

    /* U+0436 "ж" */
    0xf1, 0xfc, 0x3f, 0x83, 0x83, 0xf2, 0x1c, 0x26,
    0x10, 0xe1, 0x0, 0x47, 0x10, 0x2, 0x38, 0x80,
    0x9, 0xc8, 0x0, 0xff, 0xe0, 0xe, 0x73, 0x80,
    0x73, 0x9c, 0x7, 0x1c, 0x70, 0x38, 0xe3, 0x83,
    0x87, 0xe, 0x3c, 0x38, 0x73, 0xc7, 0xf1, 0xe0,

    /* U+0437 "з" */
    0x7f, 0x8c, 0x39, 0x3, 0xa0, 0x70, 0xe, 0x3,
    0x3, 0xc0, 0xe, 0x0, 0xc0, 0x1c, 0x3, 0x80,
    0x78, 0xe, 0xc3, 0x87, 0xe0,

    /* U+0438 "и" */
    0xfe, 0x7f, 0x38, 0x1c, 0x38, 0x1c, 0x38, 0x1c,
    0x38, 0x3c, 0x38, 0x5c, 0x38, 0x9c, 0x39, 0x9c,
    0x3b, 0x1c, 0x3a, 0x1c, 0x3c, 0x1c, 0x38, 0x1c,
    0x38, 0x1c, 0x38, 0x1c, 0xfe, 0x7f,

    /* U+0439 "й" */
    0x18, 0x18, 0x1c, 0x38, 0x1c, 0x38, 0xe, 0x70,
    0x7, 0xc0, 0x0, 0x0, 0x0, 0x0, 0xfe, 0x7f,
    0x38, 0x1c, 0x38, 0x1c, 0x38, 0x1c, 0x38, 0x3c,
    0x38, 0x5c, 0x38, 0x9c, 0x39, 0x9c, 0x3b, 0x1c,
    0x3a, 0x1c, 0x3c, 0x1c, 0x38, 0x1c, 0x38, 0x1c,
    0x38, 0x1c, 0xfe, 0x7f,

    /* U+043A "к" */
    0xfe, 0x1c, 0x70, 0x78, 0xe1, 0x1, 0xc2, 0x3,
    0x88, 0x7, 0x10, 0xe, 0x40, 0x1f, 0xc0, 0x39,
    0xc0, 0x73, 0x80, 0xe3, 0x81, 0xc7, 0x3, 0x87,
    0x7, 0xf, 0x3f, 0x8f, 0x80,

    /* U+043B "л" */
    0x1f, 0xff, 0x4, 0x1c, 0x4, 0x1c, 0x4, 0x1c,
    0x4, 0x1c, 0x4, 0x1c, 0x4, 0x1c, 0x4, 0x1c,
    0x4, 0x1c, 0x4, 0x1c, 0x4, 0x1c, 0x4, 0x1c,
    0x6c, 0x1c, 0x78, 0x1c, 0x70, 0xff,

    /* U+043C "м" */
    0xf8, 0x3, 0xe7, 0x0, 0xf0, 0xf0, 0x1e, 0x1e,
    0x7, 0xc2, 0xe0, 0xb8, 0x5c, 0x17, 0x9, 0xc4,
    0xe1, 0x38, 0x9c, 0x27, 0x33, 0x84, 0x74, 0x70,
    0x8f, 0x8e, 0x10, 0xe1, 0xc2, 0x1c, 0x38, 0x41,
    0x7, 0x3e, 0x23, 0xf8,

    /* U+043D "н" */
    0xfe, 0x7f, 0x38, 0x1c, 0x38, 0x1c, 0x38, 0x1c,
    0x38, 0x1c, 0x38, 0x1c, 0x38, 0x1c, 0x3f, 0xfc,
    0x38, 0x1c, 0x38, 0x1c, 0x38, 0x1c, 0x38, 0x1c,
    0x38, 0x1c, 0x38, 0x1c, 0xfe, 0x7f,

    /* U+043E "о" */
    0xf, 0xc0, 0x63, 0x83, 0x7, 0x18, 0xe, 0x60,
    0x3f, 0x80, 0x7e, 0x1, 0xf8, 0x7, 0xe0, 0x1f,
    0x80, 0x77, 0x1, 0x9c, 0x6, 0x38, 0x30, 0x71,
    0x80, 0xfc, 0x0,

    /* U+043F "п" */
    0xff, 0xff, 0x38, 0x1c, 0x38, 0x1c, 0x38, 0x1c,
    0x38, 0x1c, 0x38, 0x1c, 0x38, 0x1c, 0x38, 0x1c,
    0x38, 0x1c, 0x38, 0x1c, 0x38, 0x1c, 0x38, 0x1c,
    0x38, 0x1c, 0x38, 0x1c, 0xfe, 0x7f,

    /* U+0440 "р" */
    0x18, 0xf1, 0xf7, 0xf0, 0xf8, 0xf1, 0xe0, 0xe3,
    0x81, 0xe7, 0x1, 0xce, 0x3, 0x9c, 0x7, 0x38,
    0xe, 0x70, 0x1c, 0xe0, 0x31, 0xc0, 0xe3, 0x81,
    0x87, 0x86, 0xe, 0xf8, 0x1c, 0x0, 0x38, 0x0,
    0x70, 0x0, 0xe0, 0x1, 0xc0, 0x3, 0x80, 0x1f,
    0xc0, 0x0,

    /* U+0441 "с" */
    0xf, 0x81, 0x8e, 0x30, 0xe6, 0x7, 0xe0, 0x6e,
    0x0, 0xe0, 0xe, 0x0, 0xe0, 0xf, 0x1, 0xf0,
    0x17, 0x82, 0x7c, 0x63, 0xfc, 0xf, 0x0,

    /* U+0442 "т" */
    0x7f, 0xfc, 0x87, 0x9, 0xe, 0x10, 0x1c, 0x0,
    0x38, 0x0, 0x70, 0x0, 0xe0, 0x1, 0xc0, 0x3,
    0x80, 0x7, 0x0, 0xe, 0x0, 0x1c, 0x0, 0x38,
    0x0, 0x70, 0x3, 0xfc, 0x0,

    /* U+0443 "у" */
    0xfe, 0x1f, 0x78, 0xe, 0x38, 0xc, 0x18, 0xc,
    0x1c, 0x8, 0xc, 0x18, 0xe, 0x10, 0x6, 0x30,
    0x7, 0x30, 0x7, 0x20, 0x3, 0xe0, 0x3, 0xc0,
    0x1, 0xc0, 0x1, 0xc0, 0x0, 0x80, 0x1, 0x80,
    0x1, 0x0, 0x1, 0x0, 0x3, 0x0, 0x7e, 0x0,
    0x7c, 0x0, 0x38, 0x0,

    /* U+0444 "ф" */
    0x0, 0x40, 0x0, 0x70, 0x0, 0x7c, 0x0, 0x7,
    0x0, 0x1, 0xc0, 0x0, 0x70, 0x0, 0x1c, 0x0,
    0x7, 0x0, 0x1d, 0xde, 0xc, 0xf8, 0xc7, 0x1c,
    0x39, 0x87, 0x6, 0xe1, 0xc1, 0xf8, 0x70, 0x7e,
    0x1c, 0x1f, 0x87, 0x7, 0xe1, 0xc1, 0xf8, 0x70,
    0x7e, 0x1c, 0x1d, 0x87, 0x6, 0x71, 0xc3, 0x8c,
    0xf9, 0xc1, 0xdd, 0xe0, 0x7, 0x0, 0x1, 0xc0,
    0x0, 0x70, 0x0, 0x1c, 0x0, 0x7, 0x0, 0x1,
    0xc0, 0x1, 0xfe, 0x0,

    /* U+0445 "х" */
    0xfc, 0xf8, 0xf0, 0xe0, 0xe1, 0x80, 0xe6, 0x0,
    0xe8, 0x1, 0xe0, 0x1, 0xc0, 0x3, 0xc0, 0x7,
    0x80, 0x13, 0x80, 0x63, 0x81, 0x83, 0x2, 0x7,
    0xc, 0xf, 0x3c, 0x3f, 0x80,

    /* U+0446 "ц" */
    0xfe, 0x7f, 0x38, 0x1c, 0x38, 0x1c, 0x38, 0x1c,
    0x38, 0x1c, 0x38, 0x1c, 0x38, 0x1c, 0x38, 0x1c,
    0x38, 0x1c, 0x38, 0x1c, 0x38, 0x1c, 0x38, 0x1c,
    0x38, 0x1c, 0x38, 0x1c, 0x3f, 0xfc, 0x40, 0x7,
    0x0, 0x3, 0x0, 0x1, 0x0, 0x1,

    /* U+0447 "ч" */
    0xfe, 0xfe, 0x70, 0x70, 0xe0, 0xe1, 0xc1, 0xc3,
    0x83, 0x87, 0x7, 0xe, 0xe, 0x1c, 0x3c, 0x1f,
    0xb8, 0x0, 0x70, 0x0, 0xe0, 0x1, 0xc0, 0x3,
    0x80, 0x7, 0x0, 0x3f, 0x80,

    /* U+0448 "ш" */
    0xfe, 0xfe, 0xfe, 0x70, 0x70, 0x70, 0xe0, 0xe0,
    0xe1, 0xc1, 0xc1, 0xc3, 0x83, 0x83, 0x87, 0x7,
    0x7, 0xe, 0xe, 0xe, 0x1c, 0x1c, 0x1c, 0x38,
    0x38, 0x38, 0x70, 0x70, 0x70, 0xe0, 0xe0, 0xe1,
    0xc1, 0xc1, 0xc3, 0x83, 0x83, 0x87, 0x7, 0x7,
    0x3f, 0xff, 0xff, 0x80,

    /* U+0449 "щ" */
    0xfe, 0xfe, 0xfe, 0x70, 0x70, 0x70, 0xe0, 0xe0,
    0xe1, 0xc1, 0xc1, 0xc3, 0x83, 0x83, 0x87, 0x7,
    0x7, 0xe, 0xe, 0xe, 0x1c, 0x1c, 0x1c, 0x38,
    0x38, 0x38, 0x70, 0x70, 0x70, 0xe0, 0xe0, 0xe1,
    0xc1, 0xc1, 0xc3, 0x83, 0x83, 0x87, 0x7, 0x7,
    0xf, 0xff, 0xfe, 0x20, 0x0, 0x7, 0x0, 0x0,
    0x6, 0x0, 0x0, 0x4, 0x0, 0x0, 0x8,

    /* U+044A "ъ" */
    0x7f, 0xe0, 0x67, 0x0, 0x47, 0x0, 0x87, 0x0,
    0x7, 0x0, 0x7, 0x0, 0x7, 0x0, 0x7, 0xf8,
    0x7, 0xe, 0x7, 0x7, 0x7, 0x7, 0x7, 0x7,
    0x7, 0x7, 0x7, 0xe, 0x1f, 0xf8,

    /* U+044B "ы" */
    0xff, 0x7, 0xf3, 0x80, 0x1c, 0x38, 0x1, 0xc3,
    0x80, 0x1c, 0x38, 0x1, 0xc3, 0x80, 0x1c, 0x38,
    0x1, 0xc3, 0xfc, 0x1c, 0x38, 0x71, 0xc3, 0x83,
    0x9c, 0x38, 0x39, 0xc3, 0x83, 0x9c, 0x38, 0x39,
    0xc3, 0x87, 0x1c, 0xff, 0xc7, 0xf0,

    /* U+044C "ь" */
    0xff, 0x1, 0xc0, 0xe, 0x0, 0x70, 0x3, 0x80,
    0x1c, 0x0, 0xe0, 0x7, 0xf8, 0x38, 0x71, 0xc1,
    0xce, 0xe, 0x70, 0x73, 0x83, 0x9c, 0x3b, 0xff,
    0x0,

    /* U+044D "э" */
    0xff, 0xe, 0x18, 0xc0, 0xc8, 0xe, 0x0, 0x70,
    0x7, 0xf, 0xf0, 0x7, 0x0, 0x70, 0x7, 0x0,
    0x60, 0xe, 0x80, 0xc4, 0x18, 0x3f, 0x0,

    /* U+044E "ю" */
    0xfe, 0xf, 0xc0, 0xe0, 0x63, 0x83, 0x83, 0x7,
    0xe, 0x18, 0xe, 0x38, 0xe0, 0x3c, 0xe3, 0x80,
    0x73, 0xfe, 0x1, 0xce, 0x38, 0x7, 0x38, 0xe0,
    0x1c, 0xe3, 0x80, 0x73, 0x87, 0x1, 0x8e, 0x1c,
    0x6, 0x38, 0x38, 0x30, 0xe0, 0x71, 0x8f, 0xe0,
    0xf8, 0x0,

    /* U+044F "я" */
    0xf, 0xfc, 0x71, 0xc3, 0x87, 0xe, 0x1c, 0x38,
    0x70, 0x71, 0xc1, 0xe7, 0x1, 0xfc, 0x7, 0x70,
    0x39, 0xc0, 0xc7, 0x7, 0x1c, 0x38, 0x71, 0xe1,
    0xcf, 0x1f, 0xc0,

    /* U+0451 "ё" */
    0x38, 0xe3, 0x8e, 0x38, 0xe0, 0x0, 0x0, 0x0,
    0x0, 0x0, 0x0, 0xf8, 0x31, 0xc6, 0xe, 0x40,
    0x7c, 0x7, 0xff, 0xfc, 0x0, 0xc0, 0xc, 0x0,
    0xe0, 0xe, 0x1, 0x70, 0x27, 0x86, 0x3f, 0xc0,
    0xf8,

    /* U+0452 "ђ" */
    0x8, 0x1, 0xc0, 0x3e, 0x0, 0x70, 0xf, 0xfe,
    0x1c, 0x0, 0xe0, 0x7, 0x0, 0x39, 0xe1, 0xdf,
    0x8f, 0x9c, 0x78, 0xe3, 0x83, 0x9c, 0x1c, 0xe0,
    0xe7, 0x7, 0x38, 0x39, 0xc1, 0xce, 0xe, 0x70,
    0x73, 0x83, 0x9c, 0x1f, 0xf8, 0xc0, 0x6, 0x0,
    0x70, 0x3, 0x80, 0x18, 0x1, 0x80, 0x8, 0x1,
    0x80,

    /* U+0453 "ѓ" */
    0x3, 0x80, 0x30, 0x7, 0x0, 0x60, 0x4, 0x0,
    0x80, 0x0, 0xf, 0xff, 0x38, 0x13, 0x81, 0x38,
    0x3, 0x80, 0x38, 0x3, 0x80, 0x38, 0x3, 0x80,
    0x38, 0x3, 0x80, 0x38, 0x3, 0x80, 0x38, 0xf,
    0xe0,

    /* U+0454 "є" */
    0xf, 0xe3, 0x86, 0x30, 0x27, 0x2, 0xe0, 0xe,
    0x0, 0xff, 0xe, 0x0, 0xe0, 0xe, 0x0, 0x60,
    0x7, 0x1, 0x30, 0x21, 0x86, 0xf, 0x80,

    /* U+0455 "ѕ" */
    0x3f, 0x98, 0xec, 0x1b, 0x6, 0xe0, 0xbc, 0x7,
    0xc0, 0xfc, 0xf, 0x80, 0xf8, 0x1e, 0x7, 0xc1,
    0xf8, 0xef, 0xe0,

    /* U+0456 "і" */
    0x38, 0x70, 0xe0, 0x0, 0x0, 0x0, 0x0, 0x19,
    0xf0, 0xe1, 0xc3, 0x87, 0xe, 0x1c, 0x38, 0x70,
    0xe1, 0xc3, 0x87, 0x3f, 0x80,

    /* U+0457 "ї" */
    0xe3, 0xf1, 0xf8, 0xe0, 0x0, 0x0, 0x0, 0x0,
    0x18, 0x7c, 0xe, 0x7, 0x3, 0x81, 0xc0, 0xe0,
    0x70, 0x38, 0x1c, 0xe, 0x7, 0x3, 0x81, 0xc3,
    0xf8,

    /* U+0458 "ј" */
    0x3, 0x81, 0xc0, 0xe0, 0x0, 0x0, 0x0, 0x0,
    0x0, 0x1, 0x83, 0xc2, 0xe0, 0x70, 0x38, 0x1c,
    0xe, 0x7, 0x3, 0x81, 0xc0, 0xe0, 0x70, 0x38,
    0x1c, 0xe, 0x7, 0x3, 0x81, 0xc0, 0xcc, 0x6f,
    0x63, 0xe0,

    /* U+0459 "љ" */
    0xf, 0xff, 0xc0, 0x4, 0x1c, 0x0, 0x8, 0x38,
    0x0, 0x10, 0x70, 0x0, 0x20, 0xe0, 0x0, 0x41,
    0xc0, 0x0, 0x83, 0x80, 0x1, 0x7, 0xf8, 0x2,
    0xe, 0x1c, 0x4, 0x1c, 0x1c, 0x8, 0x38, 0x38,
    0x10, 0x70, 0x76, 0x60, 0xe0, 0xef, 0x81, 0xc3,
    0x9e, 0xf, 0xfc, 0x0,

    /* U+045A "њ" */
    0xfe, 0xfe, 0x1, 0xc1, 0xc0, 0xe, 0xe, 0x0,
    0x70, 0x70, 0x3, 0x83, 0x80, 0x1c, 0x1c, 0x0,
    0xe0, 0xe0, 0x7, 0xff, 0xf8, 0x38, 0x38, 0x71,
    0xc1, 0xc1, 0xce, 0xe, 0xe, 0x70, 0x70, 0x73,
    0x83, 0x83, 0x9c, 0x1c, 0x3b, 0xfb, 0xff, 0x0,

    /* U+045B "ћ" */
    0x0, 0x0, 0x70, 0x3, 0xe0, 0x1, 0xc0, 0x3,
    0x80, 0x1f, 0xfc, 0xe, 0x0, 0x1c, 0x0, 0x38,
    0xe0, 0x77, 0xe0, 0xf9, 0xe1, 0xc1, 0xc3, 0x83,
    0x87, 0x7, 0xe, 0xe, 0x1c, 0x1c, 0x38, 0x38,
    0x70, 0x70, 0xe0, 0xe1, 0xc1, 0xc3, 0x83, 0x87,
    0x7, 0x3f, 0xbf, 0x80,

    /* U+045C "ќ" */
    0x1, 0xc0, 0x3, 0x0, 0xc, 0x0, 0x18, 0x0,
    0x20, 0x0, 0x0, 0x0, 0x0, 0x7f, 0xe, 0x38,
    0x3c, 0x70, 0x80, 0xe1, 0x1, 0xc4, 0x3, 0x88,
    0x7, 0x30, 0xf, 0xe0, 0x1c, 0xe0, 0x39, 0xc0,
    0x71, 0xc0, 0xe3, 0x81, 0xc3, 0x83, 0x87, 0x9f,
    0xc7, 0xc0,

    /* U+045E "ў" */
    0x18, 0x18, 0x38, 0x70, 0x70, 0xe0, 0x73, 0x80,
    0x7c, 0x0, 0x0, 0x0, 0x0, 0x7f, 0xf, 0x78,
    0xc, 0x70, 0x18, 0xe0, 0x20, 0xe0, 0xc1, 0xc1,
    0x1, 0xc2, 0x3, 0x8c, 0x3, 0x10, 0x7, 0x60,
    0x6, 0x80, 0xf, 0x0, 0xe, 0x0, 0x18, 0x0,
    0x30, 0x0, 0x40, 0x0, 0x80, 0x3, 0x0, 0x4,
    0x1, 0xd0, 0x3, 0xe0, 0x7, 0x0, 0x0,

    /* U+045F "џ" */
    0xfe, 0x7f, 0x38, 0x1c, 0x38, 0x1c, 0x38, 0x1c,
    0x38, 0x1c, 0x38, 0x1c, 0x38, 0x1c, 0x38, 0x1c,
    0x38, 0x1c, 0x38, 0x1c, 0x38, 0x1c, 0x38, 0x1c,
    0x38, 0x1c, 0x3c, 0x3c, 0xff, 0xff, 0x3, 0xc0,
    0x1, 0x80, 0x1, 0x80, 0x1, 0x0,

    /* U+0490 "Ґ" */
    0x0, 0x8, 0x0, 0x40, 0x2, 0x0, 0x37, 0xff,
    0x8e, 0x0, 0x70, 0x3, 0x80, 0x1c, 0x0, 0xe0,
    0x7, 0x0, 0x38, 0x1, 0xc0, 0xe, 0x0, 0x70,
    0x3, 0x80, 0x1c, 0x0, 0xe0, 0x7, 0x0, 0x38,
    0x1, 0xc0, 0xe, 0x0, 0x70, 0x3, 0x80, 0x3e,
    0x7, 0xfc, 0x0,

    /* U+0491 "ґ" */
    0x0, 0x40, 0x10, 0xf, 0xff, 0x38, 0xe, 0x3,
    0x80, 0xe0, 0x38, 0xe, 0x3, 0x80, 0xe0, 0x38,
    0xe, 0x3, 0x80, 0xe0, 0x38, 0x3f, 0x80,

    /* U+0492 "Ғ" */
    0x7f, 0xff, 0x8e, 0x0, 0xc7, 0x0, 0x23, 0x80,
    0x11, 0xc0, 0x8, 0xe0, 0x0, 0x70, 0x0, 0x38,
    0x0, 0x1c, 0x0, 0xe, 0x0, 0x3f, 0xfc, 0x3,
    0x80, 0x1, 0xc0, 0x0, 0xe0, 0x0, 0x70, 0x0,
    0x38, 0x0, 0x1c, 0x0, 0xe, 0x0, 0x7, 0x0,
    0x3, 0x80, 0x3, 0xe0, 0x7, 0xfc, 0x0,

    /* U+0493 "ғ" */
    0xff, 0xf3, 0x83, 0x38, 0x13, 0x81, 0x38, 0x3,
    0x80, 0x38, 0xf, 0xf0, 0x38, 0x3, 0x80, 0x38,
    0x3, 0x80, 0x38, 0x3, 0x80, 0xfe, 0x0,

    /* U+0496 "Җ" */
    0x0, 0x0, 0x0, 0xf, 0x87, 0xfc, 0x3e, 0xfc,
    0x1f, 0x7, 0xe0, 0x40, 0xe0, 0x40, 0x6, 0xe,
    0xc, 0x0, 0x20, 0xe0, 0x80, 0x2, 0xe, 0x8,
    0x0, 0x30, 0xe1, 0x80, 0x1, 0xe, 0x10, 0x0,
    0x10, 0xe1, 0x0, 0x0, 0x8e, 0x20, 0x0, 0x7,
    0xfe, 0x0, 0x0, 0xce, 0x60, 0x0, 0x1c, 0xe7,
    0x0, 0x3, 0x8e, 0x38, 0x0, 0x38, 0xe3, 0x80,
    0x7, 0xe, 0x1c, 0x0, 0x70, 0xe1, 0xe0, 0xe,
    0xe, 0xe, 0x0, 0xe0, 0xe0, 0xf0, 0x1c, 0xe,
    0x7, 0x87, 0xc1, 0xf0, 0x7c, 0xf8, 0x7f, 0xc3,
    0xf0, 0x0, 0x0, 0xf, 0x0, 0x0, 0x0, 0x70,
    0x0, 0x0, 0x3, 0x0, 0x0, 0x0, 0x10, 0x0,
    0x0, 0x1, 0x0, 0x0, 0x0, 0x10,

    /* U+0497 "җ" */
    0xf1, 0xfc, 0x77, 0x83, 0x87, 0x82, 0x1c, 0x20,
    0x10, 0xe2, 0x0, 0x47, 0x10, 0x2, 0x38, 0x80,
    0x9, 0xc8, 0x0, 0x7f, 0xc0, 0xe, 0x77, 0x0,
    0x73, 0x9c, 0x7, 0x1c, 0x60, 0x38, 0xe3, 0x83,
    0x87, 0x1c, 0x3c, 0x38, 0x73, 0xc7, 0xf3, 0xe0,
    0x0, 0x3, 0x0, 0x0, 0x8, 0x0, 0x0, 0x40,
    0x0, 0x2,

    /* U+049A "Қ" */
    0x0, 0x0, 0x47, 0xfc, 0x1f, 0x8f, 0x80, 0xfc,
    0x38, 0xc, 0x1, 0xc0, 0x40, 0xe, 0x6, 0x0,
    0x70, 0x20, 0x3, 0x81, 0x0, 0x1c, 0x18, 0x0,
    0xe0, 0x80, 0x7, 0xc, 0x0, 0x38, 0xc0, 0x1,
    0xfc, 0x0, 0xe, 0x70, 0x0, 0x71, 0xc0, 0x3,
    0x87, 0x0, 0x1c, 0x3c, 0x0, 0xe0, 0xf0, 0x7,
    0x3, 0xc0, 0x38, 0xe, 0x1, 0xc0, 0x78, 0x1f,
    0x1, 0xf3, 0xfe, 0x7, 0xe0, 0x0, 0xf, 0x0,
    0x0, 0x38, 0x0, 0x0, 0xc0, 0x0, 0x2, 0x0,
    0x0, 0x10, 0x0, 0x0, 0x80,

    /* U+049B "қ" */
    0xfe, 0x1c, 0x70, 0x78, 0xe1, 0x1, 0xc2, 0x3,
    0x88, 0x7, 0x10, 0xe, 0x40, 0x1f, 0xc0, 0x3b,
    0xc0, 0x73, 0x80, 0xe3, 0x81, 0xc7, 0x83, 0x87,
    0x7, 0xf, 0x3f, 0x8f, 0x80, 0x3, 0x0, 0x2,
    0x0, 0x4,

    /* U+049C "Ҝ" */
    0x0, 0x0, 0xf, 0xf8, 0x3e, 0x3e, 0x7, 0xe1,
    0xc0, 0x40, 0x1c, 0xc, 0x1, 0xc8, 0x80, 0x1c,
    0x88, 0x1, 0xc9, 0x80, 0x1c, 0x90, 0x1, 0xcb,
    0x0, 0x1c, 0xa0, 0x1, 0xcc, 0x0, 0x1f, 0xc0,
    0x1, 0xce, 0x0, 0x1c, 0xf0, 0x1, 0xcf, 0x80,
    0x1c, 0xbc, 0x1, 0xc9, 0xc0, 0x1c, 0x8e, 0x1,
    0xc0, 0xf0, 0x1c, 0x7, 0x83, 0xe0, 0x3c, 0xff,
    0x81, 0xf0,

    /* U+049D "ҝ" */
    0xfe, 0x3c, 0x70, 0xf8, 0xe3, 0x81, 0xd4, 0x3,
    0xa8, 0x7, 0x70, 0xe, 0xc0, 0x1f, 0x80, 0x3b,
    0x80, 0x77, 0x80, 0xef, 0x1, 0xd7, 0x3, 0x8f,
    0x7, 0xf, 0x3f, 0x8f, 0x80,

    /* U+04A2 "Ң" */
    0xff, 0x87, 0xfc, 0xf8, 0x7, 0xc1, 0xc0, 0xe,
    0x7, 0x0, 0x38, 0x1c, 0x0, 0xe0, 0x70, 0x3,
    0x81, 0xc0, 0xe, 0x7, 0x0, 0x38, 0x1c, 0x0,
    0xe0, 0x70, 0x3, 0x81, 0xc0, 0xe, 0x7, 0xff,
    0xf8, 0x1c, 0x0, 0xe0, 0x70, 0x3, 0x81, 0xc0,
    0xe, 0x7, 0x0, 0x38, 0x1c, 0x0, 0xe0, 0x70,
    0x3, 0x81, 0xc0, 0xe, 0x7, 0x0, 0x38, 0x3e,
    0x1, 0xf3, 0xfe, 0x1f, 0xf0, 0x0, 0x7, 0xc0,
    0x0, 0x7, 0x0, 0x0, 0xc, 0x0, 0x0, 0x10,
    0x0, 0x0, 0x40, 0x0, 0x1,

    /* U+04A3 "ң" */
    0xfe, 0x7f, 0x38, 0x1c, 0x38, 0x1c, 0x38, 0x1c,
    0x38, 0x1c, 0x38, 0x1c, 0x38, 0x1c, 0x3f, 0xfc,
    0x38, 0x1c, 0x38, 0x1c, 0x38, 0x1c, 0x38, 0x1c,
    0x38, 0x1c, 0x38, 0x3c, 0xfe, 0x7f, 0x0, 0x7,
    0x0, 0x1, 0x0, 0x1,

    /* U+04AE "Ү" */
    0xff, 0x81, 0xfe, 0x7c, 0x0, 0xf0, 0x78, 0x1,
    0xc0, 0x70, 0x3, 0x0, 0xf0, 0x4, 0x0, 0xf0,
    0x18, 0x0, 0xe0, 0x60, 0x1, 0xe0, 0x80, 0x1,
    0xe3, 0x0, 0x1, 0xcc, 0x0, 0x3, 0xd0, 0x0,
    0x3, 0xe0, 0x0, 0x3, 0x80, 0x0, 0x7, 0x0,
    0x0, 0xe, 0x0, 0x0, 0x1c, 0x0, 0x0, 0x38,
    0x0, 0x0, 0x70, 0x0, 0x0, 0xe0, 0x0, 0x1,
    0xc0, 0x0, 0x7, 0xc0, 0x0, 0x3f, 0xe0, 0x0,

    /* U+04AF "ү" */
    0xfe, 0x1f, 0x3c, 0xe, 0x1c, 0xc, 0x1c, 0xc,
    0x1c, 0x8, 0xe, 0x18, 0xe, 0x18, 0x7, 0x10,
    0x7, 0x30, 0x7, 0x20, 0x3, 0xa0, 0x3, 0xe0,
    0x1, 0xc0, 0x1, 0xc0, 0x1, 0xc0, 0x1, 0xc0,
    0x1, 0xc0, 0x1, 0xc0, 0x1, 0xc0, 0x1, 0xc0,
    0x3, 0xc0, 0xf, 0xf0,

    /* U+04B0 "Ұ" */
    0xff, 0x81, 0xfe, 0x7c, 0x0, 0xf0, 0x78, 0x1,
    0xc0, 0x70, 0x3, 0x0, 0xf0, 0x4, 0x0, 0xf0,
    0x18, 0x0, 0xe0, 0x60, 0x1, 0xe0, 0x80, 0x1,
    0xe3, 0x0, 0x1, 0xcc, 0x0, 0x3, 0xd0, 0x0,
    0x3, 0xe0, 0x0, 0x3, 0x80, 0x1, 0xff, 0xfc,
    0x0, 0xe, 0x0, 0x0, 0x1c, 0x0, 0x0, 0x38,
    0x0, 0x0, 0x70, 0x0, 0x0, 0xe0, 0x0, 0x1,
    0xc0, 0x0, 0x7, 0xc0, 0x0, 0x3f, 0xe0, 0x0,

    /* U+04B1 "ұ" */
    0xfc, 0x3f, 0x78, 0xc, 0x38, 0xc, 0x38, 0x8,
    0x18, 0x18, 0x1c, 0x10, 0x1c, 0x30, 0xe, 0x30,
    0xe, 0x20, 0xe, 0x60, 0x7, 0x40, 0x7, 0xc0,
    0x3, 0x80, 0x3, 0x80, 0xff, 0xff, 0x3, 0x80,
    0x3, 0x80, 0x3, 0x80, 0x3, 0x80, 0x3, 0x80,
    0x7, 0xc0, 0xf, 0xf0,

    /* U+04B2 "Ҳ" */
    0xff, 0xc3, 0xfc, 0xfc, 0x3, 0xc0, 0xf0, 0xc,
    0x3, 0xc0, 0x20, 0x7, 0x81, 0x80, 0xe, 0xc,
    0x0, 0x1c, 0x60, 0x0, 0x79, 0x0, 0x0, 0xe8,
    0x0, 0x1, 0xe0, 0x0, 0x7, 0x80, 0x0, 0x1f,
    0x0, 0x0, 0x5c, 0x0, 0x3, 0x78, 0x0, 0x18,
    0xf0, 0x0, 0xc1, 0xc0, 0x6, 0x7, 0x80, 0x10,
    0xe, 0x0, 0xc0, 0x1c, 0x6, 0x0, 0x78, 0x78,
    0x1, 0xf3, 0xf8, 0x1f, 0xf0, 0x0, 0x7, 0xc0,
    0x0, 0x7, 0x0, 0x0, 0xc, 0x0, 0x0, 0x10,
    0x0, 0x0, 0x40, 0x0, 0x1,

    /* U+04B3 "ҳ" */
    0xfe, 0x7c, 0x3c, 0x30, 0x1c, 0x20, 0x1e, 0x60,
    0xe, 0xc0, 0x7, 0x80, 0x3, 0x80, 0x3, 0x80,
    0x7, 0xc0, 0x4, 0xe0, 0x8, 0xf0, 0x10, 0x70,
    0x30, 0x38, 0x70, 0x3c, 0xf8, 0x7f, 0x0, 0x7,
    0x0, 0x1, 0x0, 0x1,

    /* U+04B8 "Ҹ" */
    0xff, 0xdf, 0xf3, 0xe0, 0x7c, 0x1c, 0x3, 0x81,
    0xc0, 0x38, 0x1c, 0x3, 0x81, 0xc2, 0x38, 0x1c,
    0x23, 0x81, 0xc2, 0x38, 0x1c, 0x23, 0x81, 0xc2,
    0x38, 0x1c, 0x23, 0x81, 0xe2, 0xf8, 0xf, 0xfb,
    0x80, 0x7e, 0x38, 0x0, 0x23, 0x80, 0x2, 0x38,
    0x0, 0x23, 0x80, 0x2, 0x38, 0x0, 0x3, 0x80,
    0x0, 0x38, 0x0, 0x7, 0xc0, 0x1, 0xff,

    /* U+04B9 "ҹ" */
    0xfe, 0xfe, 0x70, 0x70, 0xe0, 0xe1, 0xc1, 0xc3,
    0x93, 0x87, 0x27, 0xe, 0x4e, 0x1e, 0xfc, 0x1f,
    0x38, 0x2, 0x70, 0x4, 0xe0, 0x1, 0xc0, 0x3,
    0x80, 0x7, 0x0, 0x3f, 0x80,

    /* U+04BA "Һ" */
    0xff, 0x80, 0x3, 0xe0, 0x0, 0x1c, 0x0, 0x1,
    0xc0, 0x0, 0x1c, 0x0, 0x1, 0xc0, 0x0, 0x1c,
    0x0, 0x1, 0xc0, 0x0, 0x1c, 0x3e, 0x1, 0xdf,
    0xf0, 0x1f, 0x7, 0x81, 0xc0, 0x38, 0x1c, 0x3,
    0x81, 0xc0, 0x38, 0x1c, 0x3, 0x81, 0xc0, 0x38,
    0x1c, 0x3, 0x81, 0xc0, 0x38, 0x1c, 0x3, 0x81,
    0xc0, 0x38, 0x3e, 0x7, 0xcf, 0xf9, 0xff,

    /* U+04BB "һ" */
    0xfe, 0x0, 0x70, 0x0, 0xe0, 0x1, 0xc0, 0x3,
    0x80, 0x7, 0x0, 0xe, 0xfc, 0x1e, 0x1c, 0x38,
    0x38, 0x70, 0x70, 0xe0, 0xe1, 0xc1, 0xc3, 0x83,
    0x87, 0x7, 0x3f, 0xbf, 0x80,

    /* U+04D8 "Ә" */
    0x0, 0x20, 0x0, 0xff, 0xf0, 0x7, 0x80, 0xc0,
    0x30, 0x3, 0x1, 0x0, 0xc, 0x8, 0x0, 0x30,
    0x80, 0x1, 0xc0, 0x0, 0x6, 0x0, 0x0, 0x38,
    0x0, 0x1, 0xc0, 0x0, 0xf, 0xff, 0xff, 0xfe,
    0x0, 0x3, 0xf0, 0x0, 0x1f, 0x80, 0x0, 0xfc,
    0x0, 0x7, 0x70, 0x0, 0x73, 0x80, 0x3, 0x8e,
    0x0, 0x38, 0x70, 0x1, 0xc1, 0xc0, 0x1c, 0x7,
    0x1, 0xc0, 0xf, 0xf8, 0x0, 0x4, 0x0,

    /* U+04D9 "ә" */
    0x1f, 0x3, 0xfc, 0x61, 0xe4, 0xe, 0x80, 0x70,
    0x7, 0x0, 0x30, 0x3, 0x0, 0x3f, 0xff, 0xe0,
    0x3e, 0x2, 0x70, 0x63, 0xc, 0x1f, 0x0,

    /* U+04E8 "Ө" */
    0x0, 0x0, 0x0, 0x3f, 0xc0, 0xe, 0x7, 0x1,
    0x80, 0x18, 0x38, 0x1, 0xc3, 0x0, 0xc, 0x70,
    0x0, 0xe7, 0x0, 0xe, 0xe0, 0x0, 0x7e, 0x0,
    0x7, 0xe0, 0x0, 0x7e, 0x0, 0x7, 0xff, 0xff,
    0xfe, 0x0, 0x7, 0xe0, 0x0, 0x7e, 0x0, 0x7,
    0x60, 0x0, 0x67, 0x0, 0xe, 0x30, 0x0, 0xc3,
    0x80, 0x1c, 0x18, 0x1, 0x80, 0xc0, 0x30, 0x3,
    0xfc, 0x0, 0x6, 0x0,

    /* U+04E9 "ө" */
    0xf, 0xc0, 0x63, 0x83, 0x7, 0x18, 0xe, 0x60,
    0x1f, 0x80, 0x7f, 0xff, 0xf8, 0x7, 0xe0, 0x1f,
    0x80, 0x77, 0x1, 0x9c, 0x6, 0x38, 0x30, 0x71,
    0x80, 0xfc, 0x0
};


/*---------------------
 *  GLYPH DESCRIPTION
 *--------------------*/

static const lv_font_fmt_txt_glyph_dsc_t glyph_dsc[] = {
    {.bitmap_index = 0, .adv_w = 0, .box_w = 0, .box_h = 0, .ofs_x = 0, .ofs_y = 0} /* id = 0 reserved */,
    {.bitmap_index = 0, .adv_w = 128, .box_w = 1, .box_h = 1, .ofs_x = 0, .ofs_y = 0},
    {.bitmap_index = 1, .adv_w = 171, .box_w = 3, .box_h = 23, .ofs_x = 4, .ofs_y = 0},
    {.bitmap_index = 10, .adv_w = 209, .box_w = 9, .box_h = 10, .ofs_x = 2, .ofs_y = 13},
    {.bitmap_index = 22, .adv_w = 256, .box_w = 15, .box_h = 23, .ofs_x = 1, .ofs_y = 0},
    {.bitmap_index = 66, .adv_w = 256, .box_w = 13, .box_h = 26, .ofs_x = 2, .ofs_y = -2},
    {.bitmap_index = 109, .adv_w = 427, .box_w = 25, .box_h = 24, .ofs_x = 1, .ofs_y = -1},
    {.bitmap_index = 184, .adv_w = 398, .box_w = 23, .box_h = 24, .ofs_x = 1, .ofs_y = -1},
    {.bitmap_index = 253, .adv_w = 92, .box_w = 3, .box_h = 10, .ofs_x = 1, .ofs_y = 13},
    {.bitmap_index = 257, .adv_w = 171, .box_w = 9, .box_h = 30, .ofs_x = 1, .ofs_y = -7},
    {.bitmap_index = 291, .adv_w = 171, .box_w = 9, .box_h = 30, .ofs_x = 0, .ofs_y = -7},
    {.bitmap_index = 325, .adv_w = 256, .box_w = 11, .box_h = 13, .ofs_x = 2, .ofs_y = 10},
    {.bitmap_index = 343, .adv_w = 289, .box_w = 17, .box_h = 17, .ofs_x = 1, .ofs_y = 2},
    {.bitmap_index = 380, .adv_w = 128, .box_w = 5, .box_h = 8, .ofs_x = 1, .ofs_y = -5},
    {.bitmap_index = 385, .adv_w = 171, .box_w = 8, .box_h = 2, .ofs_x = 1, .ofs_y = 6},
    {.bitmap_index = 387, .adv_w = 128, .box_w = 3, .box_h = 3, .ofs_x = 2, .ofs_y = 0},
    {.bitmap_index = 389, .adv_w = 142, .box_w = 9, .box_h = 23, .ofs_x = 0, .ofs_y = 0},
    {.bitmap_index = 415, .adv_w = 256, .box_w = 14, .box_h = 23, .ofs_x = 1, .ofs_y = 0},
    {.bitmap_index = 456, .adv_w = 256, .box_w = 9, .box_h = 22, .ofs_x = 4, .ofs_y = 0},
    {.bitmap_index = 481, .adv_w = 256, .box_w = 14, .box_h = 23, .ofs_x = 1, .ofs_y = 0},
    {.bitmap_index = 522, .adv_w = 256, .box_w = 13, .box_h = 23, .ofs_x = 1, .ofs_y = 0},
    {.bitmap_index = 560, .adv_w = 256, .box_w = 14, .box_h = 22, .ofs_x = 1, .ofs_y = 0},
    {.bitmap_index = 599, .adv_w = 256, .box_w = 12, .box_h = 22, .ofs_x = 2, .ofs_y = 0},
    {.bitmap_index = 632, .adv_w = 256, .box_w = 13, .box_h = 23, .ofs_x = 1, .ofs_y = 0},
    {.bitmap_index = 670, .adv_w = 256, .box_w = 13, .box_h = 22, .ofs_x = 2, .ofs_y = 0},
    {.bitmap_index = 706, .adv_w = 256, .box_w = 12, .box_h = 23, .ofs_x = 2, .ofs_y = 0},
    {.bitmap_index = 741, .adv_w = 256, .box_w = 13, .box_h = 23, .ofs_x = 1, .ofs_y = 0},
    {.bitmap_index = 779, .adv_w = 142, .box_w = 3, .box_h = 15, .ofs_x = 3, .ofs_y = 0},
    {.bitmap_index = 785, .adv_w = 142, .box_w = 5, .box_h = 20, .ofs_x = 2, .ofs_y = -5},
    {.bitmap_index = 798, .adv_w = 289, .box_w = 17, .box_h = 16, .ofs_x = 1, .ofs_y = 3},
    {.bitmap_index = 832, .adv_w = 289, .box_w = 17, .box_h = 6, .ofs_x = 1, .ofs_y = 8},
    {.bitmap_index = 845, .adv_w = 289, .box_w = 17, .box_h = 16, .ofs_x = 1, .ofs_y = 3},
    {.bitmap_index = 879, .adv_w = 227, .box_w = 12, .box_h = 23, .ofs_x = 1, .ofs_y = 0},
    {.bitmap_index = 914, .adv_w = 472, .box_w = 27, .box_h = 30, .ofs_x = 2, .ofs_y = -7},
    {.bitmap_index = 1016, .adv_w = 370, .box_w = 22, .box_h = 22, .ofs_x = 0, .ofs_y = 0},
    {.bitmap_index = 1077, .adv_w = 342, .box_w = 19, .box_h = 22, .ofs_x = 1, .ofs_y = 0},
    {.bitmap_index = 1130, .adv_w = 342, .box_w = 19, .box_h = 24, .ofs_x = 1, .ofs_y = -1},
    {.bitmap_index = 1187, .adv_w = 370, .box_w = 21, .box_h = 22, .ofs_x = 1, .ofs_y = 0},
    {.bitmap_index = 1245, .adv_w = 313, .box_w = 18, .box_h = 22, .ofs_x = 1, .ofs_y = 0},
    {.bitmap_index = 1295, .adv_w = 285, .box_w = 16, .box_h = 22, .ofs_x = 1, .ofs_y = 0},
    {.bitmap_index = 1339, .adv_w = 370, .box_w = 21, .box_h = 24, .ofs_x = 1, .ofs_y = -1},
    {.bitmap_index = 1402, .adv_w = 370, .box_w = 22, .box_h = 22, .ofs_x = 1, .ofs_y = 0},
    {.bitmap_index = 1463, .adv_w = 171, .box_w = 9, .box_h = 22, .ofs_x = 1, .ofs_y = 0},
    {.bitmap_index = 1488, .adv_w = 199, .box_w = 12, .box_h = 23, .ofs_x = 0, .ofs_y = -1},
    {.bitmap_index = 1523, .adv_w = 370, .box_w = 23, .box_h = 22, .ofs_x = 1, .ofs_y = 0},
    {.bitmap_index = 1587, .adv_w = 313, .box_w = 18, .box_h = 22, .ofs_x = 1, .ofs_y = 0},
    {.bitmap_index = 1637, .adv_w = 455, .box_w = 27, .box_h = 22, .ofs_x = 1, .ofs_y = 0},
    {.bitmap_index = 1712, .adv_w = 370, .box_w = 23, .box_h = 22, .ofs_x = 0, .ofs_y = 0},
    {.bitmap_index = 1776, .adv_w = 370, .box_w = 20, .box_h = 24, .ofs_x = 1, .ofs_y = -1},
    {.bitmap_index = 1836, .adv_w = 285, .box_w = 16, .box_h = 22, .ofs_x = 1, .ofs_y = 0},
    {.bitmap_index = 1880, .adv_w = 370, .box_w = 20, .box_h = 29, .ofs_x = 1, .ofs_y = -6},
    {.bitmap_index = 1953, .adv_w = 342, .box_w = 21, .box_h = 22, .ofs_x = 1, .ofs_y = 0},
    {.bitmap_index = 2011, .adv_w = 285, .box_w = 14, .box_h = 24, .ofs_x = 2, .ofs_y = -1},
    {.bitmap_index = 2053, .adv_w = 313, .box_w = 18, .box_h = 22, .ofs_x = 1, .ofs_y = 0},
    {.bitmap_index = 2103, .adv_w = 370, .box_w = 22, .box_h = 23, .ofs_x = 0, .ofs_y = -1},
    {.bitmap_index = 2167, .adv_w = 370, .box_w = 22, .box_h = 22, .ofs_x = 1, .ofs_y = 0},
    {.bitmap_index = 2228, .adv_w = 483, .box_w = 30, .box_h = 23, .ofs_x = 0, .ofs_y = -1},
    {.bitmap_index = 2315, .adv_w = 370, .box_w = 22, .box_h = 22, .ofs_x = 1, .ofs_y = 0},
    {.bitmap_index = 2376, .adv_w = 370, .box_w = 23, .box_h = 22, .ofs_x = 0, .ofs_y = 0},
    {.bitmap_index = 2440, .adv_w = 313, .box_w = 18, .box_h = 22, .ofs_x = 0, .ofs_y = 0},
    {.bitmap_index = 2490, .adv_w = 171, .box_w = 8, .box_h = 28, .ofs_x = 3, .ofs_y = -6},
    {.bitmap_index = 2518, .adv_w = 142, .box_w = 9, .box_h = 23, .ofs_x = 0, .ofs_y = 0},
    {.bitmap_index = 2544, .adv_w = 171, .box_w = 8, .box_h = 28, .ofs_x = 1, .ofs_y = -6},
    {.bitmap_index = 2572, .adv_w = 240, .box_w = 13, .box_h = 12, .ofs_x = 1, .ofs_y = 11},
    {.bitmap_index = 2592, .adv_w = 256, .box_w = 17, .box_h = 1, .ofs_x = 0, .ofs_y = -7},
    {.bitmap_index = 2595, .adv_w = 171, .box_w = 5, .box_h = 6, .ofs_x = 2, .ofs_y = 17},
    {.bitmap_index = 2599, .adv_w = 227, .box_w = 13, .box_h = 15, .ofs_x = 1, .ofs_y = 0},
    {.bitmap_index = 2624, .adv_w = 256, .box_w = 15, .box_h = 23, .ofs_x = 0, .ofs_y = 0},
    {.bitmap_index = 2668, .adv_w = 227, .box_w = 12, .box_h = 15, .ofs_x = 1, .ofs_y = 0},
    {.bitmap_index = 2691, .adv_w = 256, .box_w = 15, .box_h = 23, .ofs_x = 1, .ofs_y = 0},
    {.bitmap_index = 2735, .adv_w = 227, .box_w = 12, .box_h = 15, .ofs_x = 1, .ofs_y = 0},
    {.bitmap_index = 2758, .adv_w = 171, .box_w = 13, .box_h = 23, .ofs_x = 1, .ofs_y = 0},
    {.bitmap_index = 2796, .adv_w = 256, .box_w = 14, .box_h = 22, .ofs_x = 1, .ofs_y = -7},
    {.bitmap_index = 2835, .adv_w = 256, .box_w = 15, .box_h = 23, .ofs_x = 1, .ofs_y = 0},
    {.bitmap_index = 2879, .adv_w = 142, .box_w = 7, .box_h = 23, .ofs_x = 1, .ofs_y = 0},
    {.bitmap_index = 2900, .adv_w = 142, .box_w = 9, .box_h = 30, .ofs_x = -3, .ofs_y = -7},
    {.bitmap_index = 2934, .adv_w = 256, .box_w = 15, .box_h = 23, .ofs_x = 1, .ofs_y = 0},
    {.bitmap_index = 2978, .adv_w = 142, .box_w = 7, .box_h = 23, .ofs_x = 1, .ofs_y = 0},
    {.bitmap_index = 2999, .adv_w = 398, .box_w = 23, .box_h = 15, .ofs_x = 1, .ofs_y = 0},
    {.bitmap_index = 3043, .adv_w = 256, .box_w = 15, .box_h = 15, .ofs_x = 1, .ofs_y = 0},
    {.bitmap_index = 3072, .adv_w = 256, .box_w = 14, .box_h = 15, .ofs_x = 1, .ofs_y = 0},
    {.bitmap_index = 3099, .adv_w = 256, .box_w = 15, .box_h = 22, .ofs_x = 0, .ofs_y = -7},
    {.bitmap_index = 3141, .adv_w = 256, .box_w = 15, .box_h = 22, .ofs_x = 1, .ofs_y = -7},
    {.bitmap_index = 3183, .adv_w = 171, .box_w = 11, .box_h = 15, .ofs_x = 1, .ofs_y = 0},
    {.bitmap_index = 3204, .adv_w = 199, .box_w = 10, .box_h = 15, .ofs_x = 2, .ofs_y = 0},
    {.bitmap_index = 3223, .adv_w = 142, .box_w = 8, .box_h = 20, .ofs_x = 1, .ofs_y = 0},
    {.bitmap_index = 3243, .adv_w = 256, .box_w = 15, .box_h = 15, .ofs_x = 0, .ofs_y = 0},
    {.bitmap_index = 3272, .adv_w = 256, .box_w = 16, .box_h = 15, .ofs_x = 0, .ofs_y = 0},
    {.bitmap_index = 3302, .adv_w = 370, .box_w = 23, .box_h = 15, .ofs_x = 0, .ofs_y = 0},
    {.bitmap_index = 3346, .adv_w = 256, .box_w = 15, .box_h = 15, .ofs_x = 1, .ofs_y = 0},
    {.bitmap_index = 3375, .adv_w = 256, .box_w = 16, .box_h = 22, .ofs_x = 0, .ofs_y = -7},
    {.bitmap_index = 3419, .adv_w = 227, .box_w = 13, .box_h = 15, .ofs_x = 1, .ofs_y = 0},
    {.bitmap_index = 3444, .adv_w = 246, .box_w = 9, .box_h = 30, .ofs_x = 4, .ofs_y = -7},
    {.bitmap_index = 3478, .adv_w = 103, .box_w = 1, .box_h = 30, .ofs_x = 3, .ofs_y = -7},
    {.bitmap_index = 3482, .adv_w = 246, .box_w = 9, .box_h = 30, .ofs_x = 3, .ofs_y = -7},
    {.bitmap_index = 3516, .adv_w = 277, .box_w = 17, .box_h = 4, .ofs_x = 1, .ofs_y = 7},
    {.bitmap_index = 3525, .adv_w = 128, .box_w = 1, .box_h = 1, .ofs_x = 0, .ofs_y = 0},
    {.bitmap_index = 3526, .adv_w = 171, .box_w = 3, .box_h = 22, .ofs_x = 4, .ofs_y = -7},
    {.bitmap_index = 3535, .adv_w = 256, .box_w = 12, .box_h = 28, .ofs_x = 2, .ofs_y = -6},
    {.bitmap_index = 3577, .adv_w = 256, .box_w = 14, .box_h = 23, .ofs_x = 1, .ofs_y = 0},
    {.bitmap_index = 3618, .adv_w = 256, .box_w = 16, .box_h = 16, .ofs_x = 0, .ofs_y = 3},
    {.bitmap_index = 3650, .adv_w = 256, .box_w = 16, .box_h = 22, .ofs_x = 1, .ofs_y = 0},
    {.bitmap_index = 3694, .adv_w = 103, .box_w = 1, .box_h = 30, .ofs_x = 3, .ofs_y = -7},
    {.bitmap_index = 3698, .adv_w = 256, .box_w = 11, .box_h = 29, .ofs_x = 2, .ofs_y = -6},
    {.bitmap_index = 3738, .adv_w = 171, .box_w = 9, .box_h = 3, .ofs_x = 1, .ofs_y = 18},
    {.bitmap_index = 3742, .adv_w = 389, .box_w = 22, .box_h = 23, .ofs_x = 1, .ofs_y = -1},
    {.bitmap_index = 3806, .adv_w = 141, .box_w = 8, .box_h = 10, .ofs_x = 0, .ofs_y = 12},
    {.bitmap_index = 3816, .adv_w = 256, .box_w = 14, .box_h = 15, .ofs_x = 1, .ofs_y = 0},
    {.bitmap_index = 3843, .adv_w = 289, .box_w = 17, .box_h = 6, .ofs_x = 0, .ofs_y = 8},
    {.bitmap_index = 3856, .adv_w = 171, .box_w = 8, .box_h = 2, .ofs_x = 1, .ofs_y = 6},
    {.bitmap_index = 3858, .adv_w = 389, .box_w = 22, .box_h = 23, .ofs_x = 1, .ofs_y = -1},
    {.bitmap_index = 3922, .adv_w = 256, .box_w = 17, .box_h = 1, .ofs_x = 0, .ofs_y = 23},
    {.bitmap_index = 3925, .adv_w = 205, .box_w = 9, .box_h = 10, .ofs_x = 2, .ofs_y = 12},
    {.bitmap_index = 3937, .adv_w = 281, .box_w = 17, .box_h = 17, .ofs_x = 1, .ofs_y = 2},
    {.bitmap_index = 3974, .adv_w = 154, .box_w = 9, .box_h = 12, .ofs_x = 1, .ofs_y = 10},
    {.bitmap_index = 3988, .adv_w = 154, .box_w = 8, .box_h = 12, .ofs_x = 1, .ofs_y = 10},
    {.bitmap_index = 4000, .adv_w = 171, .box_w = 5, .box_h = 6, .ofs_x = 4, .ofs_y = 17},
    {.bitmap_index = 4004, .adv_w = 295, .box_w = 15, .box_h = 22, .ofs_x = 2, .ofs_y = -7},
    {.bitmap_index = 4046, .adv_w = 232, .box_w = 15, .box_h = 29, .ofs_x = -1, .ofs_y = -7},
    {.bitmap_index = 4101, .adv_w = 128, .box_w = 3, .box_h = 3, .ofs_x = 2, .ofs_y = 9},
    {.bitmap_index = 4103, .adv_w = 171, .box_w = 5, .box_h = 7, .ofs_x = 3, .ofs_y = -6},
    {.bitmap_index = 4108, .adv_w = 154, .box_w = 6, .box_h = 12, .ofs_x = 2, .ofs_y = 10},
    {.bitmap_index = 4117, .adv_w = 159, .box_w = 9, .box_h = 10, .ofs_x = 1, .ofs_y = 12},
    {.bitmap_index = 4129, .adv_w = 256, .box_w = 14, .box_h = 15, .ofs_x = 1, .ofs_y = 0},
    {.bitmap_index = 4156, .adv_w = 384, .box_w = 22, .box_h = 23, .ofs_x = 2, .ofs_y = -1},
    {.bitmap_index = 4220, .adv_w = 384, .box_w = 22, .box_h = 23, .ofs_x = 2, .ofs_y = 0},
    {.bitmap_index = 4284, .adv_w = 384, .box_w = 23, .box_h = 23, .ofs_x = 1, .ofs_y = -1},
    {.bitmap_index = 4351, .adv_w = 227, .box_w = 11, .box_h = 22, .ofs_x = 1, .ofs_y = -7},
    {.bitmap_index = 4382, .adv_w = 370, .box_w = 22, .box_h = 29, .ofs_x = 0, .ofs_y = 0},
    {.bitmap_index = 4462, .adv_w = 370, .box_w = 22, .box_h = 29, .ofs_x = 0, .ofs_y = 0},
    {.bitmap_index = 4542, .adv_w = 370, .box_w = 22, .box_h = 29, .ofs_x = 0, .ofs_y = 0},
    {.bitmap_index = 4622, .adv_w = 370, .box_w = 22, .box_h = 27, .ofs_x = 0, .ofs_y = 0},
    {.bitmap_index = 4697, .adv_w = 370, .box_w = 23, .box_h = 27, .ofs_x = 0, .ofs_y = 0},
    {.bitmap_index = 4775, .adv_w = 370, .box_w = 22, .box_h = 27, .ofs_x = 0, .ofs_y = 0},
    {.bitmap_index = 4850, .adv_w = 455, .box_w = 27, .box_h = 22, .ofs_x = 0, .ofs_y = 0},
    {.bitmap_index = 4925, .adv_w = 342, .box_w = 19, .box_h = 29, .ofs_x = 1, .ofs_y = -6},
    {.bitmap_index = 4994, .adv_w = 313, .box_w = 18, .box_h = 29, .ofs_x = 1, .ofs_y = 0},
    {.bitmap_index = 5060, .adv_w = 313, .box_w = 18, .box_h = 29, .ofs_x = 1, .ofs_y = 0},
    {.bitmap_index = 5126, .adv_w = 313, .box_w = 18, .box_h = 29, .ofs_x = 1, .ofs_y = 0},
    {.bitmap_index = 5192, .adv_w = 313, .box_w = 18, .box_h = 27, .ofs_x = 1, .ofs_y = 0},
    {.bitmap_index = 5253, .adv_w = 171, .box_w = 9, .box_h = 29, .ofs_x = 1, .ofs_y = 0},
    {.bitmap_index = 5286, .adv_w = 171, .box_w = 9, .box_h = 29, .ofs_x = 1, .ofs_y = 0},
    {.bitmap_index = 5319, .adv_w = 171, .box_w = 9, .box_h = 29, .ofs_x = 1, .ofs_y = 0},
    {.bitmap_index = 5352, .adv_w = 171, .box_w = 9, .box_h = 27, .ofs_x = 1, .ofs_y = 0},
    {.bitmap_index = 5383, .adv_w = 370, .box_w = 21, .box_h = 22, .ofs_x = 1, .ofs_y = 0},
    {.bitmap_index = 5441, .adv_w = 370, .box_w = 23, .box_h = 28, .ofs_x = 0, .ofs_y = 0},
    {.bitmap_index = 5522, .adv_w = 370, .box_w = 20, .box_h = 30, .ofs_x = 1, .ofs_y = -1},
    {.bitmap_index = 5597, .adv_w = 370, .box_w = 20, .box_h = 30, .ofs_x = 1, .ofs_y = -1},
    {.bitmap_index = 5672, .adv_w = 370, .box_w = 20, .box_h = 30, .ofs_x = 1, .ofs_y = -1},
    {.bitmap_index = 5747, .adv_w = 370, .box_w = 20, .box_h = 28, .ofs_x = 1, .ofs_y = -1},
    {.bitmap_index = 5817, .adv_w = 370, .box_w = 20, .box_h = 28, .ofs_x = 1, .ofs_y = -1},
    {.bitmap_index = 5887, .adv_w = 289, .box_w = 12, .box_h = 13, .ofs_x = 3, .ofs_y = 4},
    {.bitmap_index = 5907, .adv_w = 370, .box_w = 20, .box_h = 24, .ofs_x = 1, .ofs_y = -1},
    {.bitmap_index = 5967, .adv_w = 370, .box_w = 22, .box_h = 30, .ofs_x = 0, .ofs_y = -1},
    {.bitmap_index = 6050, .adv_w = 370, .box_w = 22, .box_h = 30, .ofs_x = 0, .ofs_y = -1},
    {.bitmap_index = 6133, .adv_w = 370, .box_w = 22, .box_h = 30, .ofs_x = 0, .ofs_y = -1},
    {.bitmap_index = 6216, .adv_w = 370, .box_w = 22, .box_h = 28, .ofs_x = 0, .ofs_y = -1},
    {.bitmap_index = 6293, .adv_w = 370, .box_w = 23, .box_h = 29, .ofs_x = 0, .ofs_y = 0},
    {.bitmap_index = 6377, .adv_w = 285, .box_w = 16, .box_h = 22, .ofs_x = 1, .ofs_y = 0},
    {.bitmap_index = 6421, .adv_w = 256, .box_w = 15, .box_h = 23, .ofs_x = 1, .ofs_y = 0},
    {.bitmap_index = 6465, .adv_w = 227, .box_w = 13, .box_h = 23, .ofs_x = 1, .ofs_y = 0},
    {.bitmap_index = 6503, .adv_w = 227, .box_w = 13, .box_h = 23, .ofs_x = 1, .ofs_y = 0},
    {.bitmap_index = 6541, .adv_w = 227, .box_w = 13, .box_h = 22, .ofs_x = 1, .ofs_y = 0},
    {.bitmap_index = 6577, .adv_w = 227, .box_w = 13, .box_h = 22, .ofs_x = 1, .ofs_y = 0},
    {.bitmap_index = 6613, .adv_w = 227, .box_w = 13, .box_h = 22, .ofs_x = 1, .ofs_y = 0},
    {.bitmap_index = 6649, .adv_w = 227, .box_w = 13, .box_h = 23, .ofs_x = 1, .ofs_y = 0},
    {.bitmap_index = 6687, .adv_w = 342, .box_w = 19, .box_h = 15, .ofs_x = 1, .ofs_y = 0},
    {.bitmap_index = 6723, .adv_w = 227, .box_w = 12, .box_h = 21, .ofs_x = 1, .ofs_y = -6},
    {.bitmap_index = 6755, .adv_w = 227, .box_w = 12, .box_h = 23, .ofs_x = 1, .ofs_y = 0},
    {.bitmap_index = 6790, .adv_w = 227, .box_w = 12, .box_h = 23, .ofs_x = 1, .ofs_y = 0},
    {.bitmap_index = 6825, .adv_w = 227, .box_w = 12, .box_h = 22, .ofs_x = 1, .ofs_y = 0},
    {.bitmap_index = 6858, .adv_w = 227, .box_w = 12, .box_h = 22, .ofs_x = 1, .ofs_y = 0},
    {.bitmap_index = 6891, .adv_w = 142, .box_w = 7, .box_h = 22, .ofs_x = 1, .ofs_y = 0},
    {.bitmap_index = 6911, .adv_w = 142, .box_w = 7, .box_h = 22, .ofs_x = 1, .ofs_y = 0},
    {.bitmap_index = 6931, .adv_w = 142, .box_w = 9, .box_h = 22, .ofs_x = 0, .ofs_y = 0},
    {.bitmap_index = 6956, .adv_w = 142, .box_w = 9, .box_h = 22, .ofs_x = 1, .ofs_y = 0},
    {.bitmap_index = 6981, .adv_w = 256, .box_w = 14, .box_h = 23, .ofs_x = 1, .ofs_y = 0},
    {.bitmap_index = 7022, .adv_w = 256, .box_w = 15, .box_h = 22, .ofs_x = 1, .ofs_y = 0},
    {.bitmap_index = 7064, .adv_w = 256, .box_w = 14, .box_h = 23, .ofs_x = 1, .ofs_y = 0},
    {.bitmap_index = 7105, .adv_w = 256, .box_w = 14, .box_h = 23, .ofs_x = 1, .ofs_y = 0},
    {.bitmap_index = 7146, .adv_w = 256, .box_w = 14, .box_h = 22, .ofs_x = 1, .ofs_y = 0},
    {.bitmap_index = 7185, .adv_w = 256, .box_w = 14, .box_h = 22, .ofs_x = 1, .ofs_y = 0},
    {.bitmap_index = 7224, .adv_w = 256, .box_w = 14, .box_h = 22, .ofs_x = 1, .ofs_y = 0},
    {.bitmap_index = 7263, .adv_w = 281, .box_w = 17, .box_h = 13, .ofs_x = 1, .ofs_y = 4},
    {.bitmap_index = 7291, .adv_w = 256, .box_w = 15, .box_h = 17, .ofs_x = 0, .ofs_y = -1},
    {.bitmap_index = 7323, .adv_w = 256, .box_w = 15, .box_h = 23, .ofs_x = 0, .ofs_y = 0},
    {.bitmap_index = 7367, .adv_w = 256, .box_w = 15, .box_h = 23, .ofs_x = 0, .ofs_y = 0},
    {.bitmap_index = 7411, .adv_w = 256, .box_w = 15, .box_h = 22, .ofs_x = 0, .ofs_y = 0},
    {.bitmap_index = 7453, .adv_w = 256, .box_w = 15, .box_h = 22, .ofs_x = 0, .ofs_y = 0},
    {.bitmap_index = 7495, .adv_w = 256, .box_w = 16, .box_h = 29, .ofs_x = 0, .ofs_y = -7},
    {.bitmap_index = 7553, .adv_w = 256, .box_w = 15, .box_h = 30, .ofs_x = 0, .ofs_y = -7},
    {.bitmap_index = 7610, .adv_w = 256, .box_w = 16, .box_h = 29, .ofs_x = 0, .ofs_y = -7},
    {.bitmap_index = 7668, .adv_w = 370, .box_w = 22, .box_h = 26, .ofs_x = 0, .ofs_y = 0},
    {.bitmap_index = 7740, .adv_w = 227, .box_w = 13, .box_h = 20, .ofs_x = 1, .ofs_y = 0},
    {.bitmap_index = 7773, .adv_w = 370, .box_w = 22, .box_h = 28, .ofs_x = 0, .ofs_y = 0},
    {.bitmap_index = 7850, .adv_w = 227, .box_w = 13, .box_h = 22, .ofs_x = 1, .ofs_y = 0},
    {.bitmap_index = 7886, .adv_w = 370, .box_w = 24, .box_h = 28, .ofs_x = 0, .ofs_y = -6},
    {.bitmap_index = 7970, .adv_w = 227, .box_w = 15, .box_h = 20, .ofs_x = 1, .ofs_y = -5},
    {.bitmap_index = 8008, .adv_w = 342, .box_w = 19, .box_h = 30, .ofs_x = 1, .ofs_y = -1},
    {.bitmap_index = 8080, .adv_w = 227, .box_w = 12, .box_h = 23, .ofs_x = 1, .ofs_y = 0},
    {.bitmap_index = 8115, .adv_w = 342, .box_w = 19, .box_h = 30, .ofs_x = 1, .ofs_y = -1},
    {.bitmap_index = 8187, .adv_w = 227, .box_w = 12, .box_h = 22, .ofs_x = 1, .ofs_y = 0},
    {.bitmap_index = 8220, .adv_w = 342, .box_w = 19, .box_h = 28, .ofs_x = 1, .ofs_y = -1},
    {.bitmap_index = 8287, .adv_w = 227, .box_w = 12, .box_h = 22, .ofs_x = 1, .ofs_y = 0},
    {.bitmap_index = 8320, .adv_w = 342, .box_w = 19, .box_h = 30, .ofs_x = 1, .ofs_y = -1},
    {.bitmap_index = 8392, .adv_w = 227, .box_w = 12, .box_h = 22, .ofs_x = 1, .ofs_y = 0},
    {.bitmap_index = 8425, .adv_w = 370, .box_w = 21, .box_h = 29, .ofs_x = 1, .ofs_y = 0},
    {.bitmap_index = 8502, .adv_w = 331, .box_w = 19, .box_h = 23, .ofs_x = 1, .ofs_y = 0},
    {.bitmap_index = 8557, .adv_w = 370, .box_w = 21, .box_h = 22, .ofs_x = 1, .ofs_y = 0},
    {.bitmap_index = 8615, .adv_w = 256, .box_w = 15, .box_h = 23, .ofs_x = 1, .ofs_y = 0},
    {.bitmap_index = 8659, .adv_w = 313, .box_w = 18, .box_h = 26, .ofs_x = 1, .ofs_y = 0},
    {.bitmap_index = 8718, .adv_w = 227, .box_w = 12, .box_h = 20, .ofs_x = 1, .ofs_y = 0},
    {.bitmap_index = 8748, .adv_w = 313, .box_w = 18, .box_h = 28, .ofs_x = 1, .ofs_y = 0},
    {.bitmap_index = 8811, .adv_w = 227, .box_w = 12, .box_h = 22, .ofs_x = 1, .ofs_y = 0},
    {.bitmap_index = 8844, .adv_w = 313, .box_w = 18, .box_h = 27, .ofs_x = 1, .ofs_y = 0},
    {.bitmap_index = 8905, .adv_w = 227, .box_w = 12, .box_h = 22, .ofs_x = 1, .ofs_y = 0},
    {.bitmap_index = 8938, .adv_w = 313, .box_w = 18, .box_h = 28, .ofs_x = 1, .ofs_y = -6},
    {.bitmap_index = 9001, .adv_w = 227, .box_w = 14, .box_h = 20, .ofs_x = 1, .ofs_y = -5},
    {.bitmap_index = 9036, .adv_w = 313, .box_w = 18, .box_h = 29, .ofs_x = 1, .ofs_y = 0},
    {.bitmap_index = 9102, .adv_w = 227, .box_w = 12, .box_h = 22, .ofs_x = 1, .ofs_y = 0},
    {.bitmap_index = 9135, .adv_w = 370, .box_w = 21, .box_h = 30, .ofs_x = 1, .ofs_y = -1},
    {.bitmap_index = 9214, .adv_w = 256, .box_w = 14, .box_h = 29, .ofs_x = 1, .ofs_y = -7},
    {.bitmap_index = 9265, .adv_w = 370, .box_w = 21, .box_h = 29, .ofs_x = 1, .ofs_y = -1},
    {.bitmap_index = 9342, .adv_w = 256, .box_w = 14, .box_h = 29, .ofs_x = 1, .ofs_y = -7},
    {.bitmap_index = 9393, .adv_w = 370, .box_w = 21, .box_h = 28, .ofs_x = 1, .ofs_y = -1},
    {.bitmap_index = 9467, .adv_w = 256, .box_w = 14, .box_h = 29, .ofs_x = 1, .ofs_y = -7},
    {.bitmap_index = 9518, .adv_w = 370, .box_w = 21, .box_h = 29, .ofs_x = 1, .ofs_y = -6},
    {.bitmap_index = 9595, .adv_w = 256, .box_w = 14, .box_h = 31, .ofs_x = 1, .ofs_y = -7},
    {.bitmap_index = 9650, .adv_w = 370, .box_w = 22, .box_h = 29, .ofs_x = 1, .ofs_y = 0},
    {.bitmap_index = 9730, .adv_w = 256, .box_w = 15, .box_h = 29, .ofs_x = 1, .ofs_y = 0},
    {.bitmap_index = 9785, .adv_w = 370, .box_w = 22, .box_h = 22, .ofs_x = 1, .ofs_y = 0},
    {.bitmap_index = 9846, .adv_w = 256, .box_w = 16, .box_h = 23, .ofs_x = 1, .ofs_y = 0},
    {.bitmap_index = 9892, .adv_w = 171, .box_w = 11, .box_h = 28, .ofs_x = 0, .ofs_y = 0},
    {.bitmap_index = 9931, .adv_w = 142, .box_w = 10, .box_h = 22, .ofs_x = 0, .ofs_y = 0},
    {.bitmap_index = 9959, .adv_w = 171, .box_w = 10, .box_h = 26, .ofs_x = 1, .ofs_y = 0},
    {.bitmap_index = 9992, .adv_w = 142, .box_w = 10, .box_h = 20, .ofs_x = -1, .ofs_y = 0},
    {.bitmap_index = 10017, .adv_w = 171, .box_w = 9, .box_h = 28, .ofs_x = 1, .ofs_y = 0},
    {.bitmap_index = 10049, .adv_w = 142, .box_w = 9, .box_h = 22, .ofs_x = 0, .ofs_y = 0},
    {.bitmap_index = 10074, .adv_w = 171, .box_w = 10, .box_h = 28, .ofs_x = 0, .ofs_y = -6},
    {.bitmap_index = 10109, .adv_w = 142, .box_w = 9, .box_h = 29, .ofs_x = 1, .ofs_y = -6},
    {.bitmap_index = 10142, .adv_w = 171, .box_w = 9, .box_h = 27, .ofs_x = 1, .ofs_y = 0},
    {.bitmap_index = 10173, .adv_w = 142, .box_w = 7, .box_h = 15, .ofs_x = 1, .ofs_y = 0},
    {.bitmap_index = 10187, .adv_w = 363, .box_w = 22, .box_h = 23, .ofs_x = 1, .ofs_y = -1},
    {.bitmap_index = 10251, .adv_w = 283, .box_w = 14, .box_h = 30, .ofs_x = 1, .ofs_y = -7},
    {.bitmap_index = 10304, .adv_w = 199, .box_w = 12, .box_h = 30, .ofs_x = 0, .ofs_y = -1},
    {.bitmap_index = 10349, .adv_w = 142, .box_w = 12, .box_h = 29, .ofs_x = -2, .ofs_y = -7},
    {.bitmap_index = 10393, .adv_w = 370, .box_w = 23, .box_h = 28, .ofs_x = 1, .ofs_y = -6},
    {.bitmap_index = 10474, .adv_w = 256, .box_w = 16, .box_h = 29, .ofs_x = 1, .ofs_y = -6},
    {.bitmap_index = 10532, .adv_w = 256, .box_w = 15, .box_h = 15, .ofs_x = 1, .ofs_y = 0},
    {.bitmap_index = 10561, .adv_w = 313, .box_w = 18, .box_h = 29, .ofs_x = 1, .ofs_y = 0},
    {.bitmap_index = 10627, .adv_w = 142, .box_w = 7, .box_h = 29, .ofs_x = 1, .ofs_y = 0},
    {.bitmap_index = 10653, .adv_w = 313, .box_w = 18, .box_h = 28, .ofs_x = 1, .ofs_y = -6},
    {.bitmap_index = 10716, .adv_w = 142, .box_w = 7, .box_h = 29, .ofs_x = 1, .ofs_y = -6},
    {.bitmap_index = 10742, .adv_w = 313, .box_w = 18, .box_h = 23, .ofs_x = 1, .ofs_y = 0},
    {.bitmap_index = 10794, .adv_w = 208, .box_w = 11, .box_h = 23, .ofs_x = 1, .ofs_y = 0},
    {.bitmap_index = 10826, .adv_w = 313, .box_w = 18, .box_h = 22, .ofs_x = 1, .ofs_y = 0},
    {.bitmap_index = 10876, .adv_w = 176, .box_w = 10, .box_h = 23, .ofs_x = 1, .ofs_y = 0},
    {.bitmap_index = 10905, .adv_w = 313, .box_w = 18, .box_h = 22, .ofs_x = 1, .ofs_y = 0},
    {.bitmap_index = 10955, .adv_w = 142, .box_w = 8, .box_h = 23, .ofs_x = 1, .ofs_y = 0},
    {.bitmap_index = 10978, .adv_w = 370, .box_w = 23, .box_h = 29, .ofs_x = 0, .ofs_y = 0},
    {.bitmap_index = 11062, .adv_w = 256, .box_w = 15, .box_h = 22, .ofs_x = 1, .ofs_y = 0},
    {.bitmap_index = 11104, .adv_w = 370, .box_w = 23, .box_h = 28, .ofs_x = 0, .ofs_y = -6},
    {.bitmap_index = 11185, .adv_w = 256, .box_w = 15, .box_h = 21, .ofs_x = 1, .ofs_y = -6},
    {.bitmap_index = 11225, .adv_w = 370, .box_w = 23, .box_h = 29, .ofs_x = 0, .ofs_y = 0},
    {.bitmap_index = 11309, .adv_w = 256, .box_w = 15, .box_h = 22, .ofs_x = 1, .ofs_y = 0},
    {.bitmap_index = 11351, .adv_w = 309, .box_w = 19, .box_h = 23, .ofs_x = 0, .ofs_y = 0},
    {.bitmap_index = 11406, .adv_w = 359, .box_w = 20, .box_h = 24, .ofs_x = 1, .ofs_y = -1},
    {.bitmap_index = 11466, .adv_w = 253, .box_w = 13, .box_h = 22, .ofs_x = 1, .ofs_y = -7},
    {.bitmap_index = 11502, .adv_w = 370, .box_w = 20, .box_h = 27, .ofs_x = 1, .ofs_y = -1},
    {.bitmap_index = 11570, .adv_w = 256, .box_w = 14, .box_h = 20, .ofs_x = 1, .ofs_y = 0},
    {.bitmap_index = 11605, .adv_w = 370, .box_w = 20, .box_h = 29, .ofs_x = 1, .ofs_y = -1},
    {.bitmap_index = 11678, .adv_w = 256, .box_w = 14, .box_h = 22, .ofs_x = 1, .ofs_y = 0},
    {.bitmap_index = 11717, .adv_w = 370, .box_w = 20, .box_h = 30, .ofs_x = 1, .ofs_y = -1},
    {.bitmap_index = 11792, .adv_w = 256, .box_w = 14, .box_h = 23, .ofs_x = 1, .ofs_y = 0},
    {.bitmap_index = 11833, .adv_w = 455, .box_w = 26, .box_h = 22, .ofs_x = 1, .ofs_y = 0},
    {.bitmap_index = 11905, .adv_w = 370, .box_w = 21, .box_h = 15, .ofs_x = 1, .ofs_y = 0},
    {.bitmap_index = 11945, .adv_w = 342, .box_w = 21, .box_h = 29, .ofs_x = 1, .ofs_y = 0},
    {.bitmap_index = 12022, .adv_w = 171, .box_w = 11, .box_h = 22, .ofs_x = 1, .ofs_y = 0},
    {.bitmap_index = 12053, .adv_w = 342, .box_w = 21, .box_h = 28, .ofs_x = 1, .ofs_y = -6},
    {.bitmap_index = 12127, .adv_w = 171, .box_w = 11, .box_h = 21, .ofs_x = 1, .ofs_y = -6},
    {.bitmap_index = 12156, .adv_w = 342, .box_w = 21, .box_h = 29, .ofs_x = 1, .ofs_y = 0},
    {.bitmap_index = 12233, .adv_w = 171, .box_w = 11, .box_h = 22, .ofs_x = 1, .ofs_y = 0},
    {.bitmap_index = 12264, .adv_w = 285, .box_w = 14, .box_h = 30, .ofs_x = 2, .ofs_y = -1},
    {.bitmap_index = 12317, .adv_w = 199, .box_w = 10, .box_h = 23, .ofs_x = 2, .ofs_y = 0},
    {.bitmap_index = 12346, .adv_w = 285, .box_w = 14, .box_h = 30, .ofs_x = 2, .ofs_y = -1},
    {.bitmap_index = 12399, .adv_w = 199, .box_w = 10, .box_h = 22, .ofs_x = 2, .ofs_y = 0},
    {.bitmap_index = 12427, .adv_w = 285, .box_w = 14, .box_h = 29, .ofs_x = 2, .ofs_y = -6},
    {.bitmap_index = 12478, .adv_w = 199, .box_w = 10, .box_h = 21, .ofs_x = 2, .ofs_y = -6},
    {.bitmap_index = 12505, .adv_w = 285, .box_w = 14, .box_h = 30, .ofs_x = 2, .ofs_y = -1},
    {.bitmap_index = 12558, .adv_w = 199, .box_w = 10, .box_h = 22, .ofs_x = 2, .ofs_y = 0},
    {.bitmap_index = 12586, .adv_w = 313, .box_w = 18, .box_h = 29, .ofs_x = 1, .ofs_y = -7},
    {.bitmap_index = 12652, .adv_w = 142, .box_w = 8, .box_h = 27, .ofs_x = 1, .ofs_y = -7},
    {.bitmap_index = 12679, .adv_w = 313, .box_w = 18, .box_h = 29, .ofs_x = 1, .ofs_y = 0},
    {.bitmap_index = 12745, .adv_w = 219, .box_w = 13, .box_h = 23, .ofs_x = 1, .ofs_y = 0},
    {.bitmap_index = 12783, .adv_w = 313, .box_w = 18, .box_h = 22, .ofs_x = 1, .ofs_y = 0},
    {.bitmap_index = 12833, .adv_w = 142, .box_w = 8, .box_h = 20, .ofs_x = 1, .ofs_y = 0},
    {.bitmap_index = 12853, .adv_w = 370, .box_w = 22, .box_h = 29, .ofs_x = 0, .ofs_y = -1},
    {.bitmap_index = 12933, .adv_w = 256, .box_w = 15, .box_h = 22, .ofs_x = 0, .ofs_y = 0},
    {.bitmap_index = 12975, .adv_w = 370, .box_w = 22, .box_h = 27, .ofs_x = 0, .ofs_y = -1},
    {.bitmap_index = 13050, .adv_w = 256, .box_w = 15, .box_h = 20, .ofs_x = 0, .ofs_y = 0},
    {.bitmap_index = 13088, .adv_w = 370, .box_w = 22, .box_h = 29, .ofs_x = 0, .ofs_y = -1},
    {.bitmap_index = 13168, .adv_w = 256, .box_w = 15, .box_h = 22, .ofs_x = 0, .ofs_y = 0},
    {.bitmap_index = 13210, .adv_w = 370, .box_w = 22, .box_h = 30, .ofs_x = 0, .ofs_y = -1},
    {.bitmap_index = 13293, .adv_w = 256, .box_w = 15, .box_h = 23, .ofs_x = 0, .ofs_y = 0},
    {.bitmap_index = 13337, .adv_w = 370, .box_w = 22, .box_h = 30, .ofs_x = 0, .ofs_y = -1},
    {.bitmap_index = 13420, .adv_w = 256, .box_w = 15, .box_h = 23, .ofs_x = 0, .ofs_y = 0},
    {.bitmap_index = 13464, .adv_w = 370, .box_w = 21, .box_h = 28, .ofs_x = 0, .ofs_y = -6},
    {.bitmap_index = 13538, .adv_w = 256, .box_w = 17, .box_h = 20, .ofs_x = 0, .ofs_y = -5},
    {.bitmap_index = 13581, .adv_w = 483, .box_w = 30, .box_h = 30, .ofs_x = 0, .ofs_y = -1},
    {.bitmap_index = 13694, .adv_w = 370, .box_w = 23, .box_h = 22, .ofs_x = 0, .ofs_y = 0},
    {.bitmap_index = 13758, .adv_w = 370, .box_w = 23, .box_h = 29, .ofs_x = 0, .ofs_y = 0},
    {.bitmap_index = 13842, .adv_w = 256, .box_w = 16, .box_h = 29, .ofs_x = 0, .ofs_y = -7},
    {.bitmap_index = 13900, .adv_w = 370, .box_w = 22, .box_h = 27, .ofs_x = 0, .ofs_y = 0},
    {.bitmap_index = 13975, .adv_w = 313, .box_w = 18, .box_h = 29, .ofs_x = 0, .ofs_y = 0},
    {.bitmap_index = 14041, .adv_w = 227, .box_w = 13, .box_h = 22, .ofs_x = 1, .ofs_y = 0},
    {.bitmap_index = 14077, .adv_w = 313, .box_w = 18, .box_h = 27, .ofs_x = 1, .ofs_y = 0},
    {.bitmap_index = 14138, .adv_w = 227, .box_w = 13, .box_h = 22, .ofs_x = 1, .ofs_y = 0},
    {.bitmap_index = 14174, .adv_w = 313, .box_w = 18, .box_h = 29, .ofs_x = 0, .ofs_y = 0},
    {.bitmap_index = 14240, .adv_w = 227, .box_w = 13, .box_h = 22, .ofs_x = 1, .ofs_y = 0},
    {.bitmap_index = 14276, .adv_w = 142, .box_w = 13, .box_h = 23, .ofs_x = 0, .ofs_y = 0},
    {.bitmap_index = 14314, .adv_w = 370, .box_w = 21, .box_h = 24, .ofs_x = 1, .ofs_y = -1},
    {.bitmap_index = 14377, .adv_w = 256, .box_w = 16, .box_h = 30, .ofs_x = 1, .ofs_y = -7},
    {.bitmap_index = 14437, .adv_w = 370, .box_w = 20, .box_h = 26, .ofs_x = 1, .ofs_y = -1},
    {.bitmap_index = 14502, .adv_w = 271, .box_w = 16, .box_h = 16, .ofs_x = 1, .ofs_y = 0},
    {.bitmap_index = 14534, .adv_w = 397, .box_w = 26, .box_h = 26, .ofs_x = 0, .ofs_y = -1},
    {.bitmap_index = 14619, .adv_w = 278, .box_w = 17, .box_h = 16, .ofs_x = 0, .ofs_y = 0},
    {.bitmap_index = 14653, .adv_w = 370, .box_w = 22, .box_h = 29, .ofs_x = 0, .ofs_y = 0},
    {.bitmap_index = 14733, .adv_w = 227, .box_w = 13, .box_h = 22, .ofs_x = 1, .ofs_y = 0},
    {.bitmap_index = 14769, .adv_w = 171, .box_w = 9, .box_h = 29, .ofs_x = 1, .ofs_y = 0},
    {.bitmap_index = 14802, .adv_w = 142, .box_w = 9, .box_h = 22, .ofs_x = 0, .ofs_y = 0},
    {.bitmap_index = 14827, .adv_w = 370, .box_w = 20, .box_h = 30, .ofs_x = 1, .ofs_y = -1},
    {.bitmap_index = 14902, .adv_w = 256, .box_w = 14, .box_h = 22, .ofs_x = 1, .ofs_y = 0},
    {.bitmap_index = 14941, .adv_w = 370, .box_w = 22, .box_h = 30, .ofs_x = 0, .ofs_y = -1},
    {.bitmap_index = 15024, .adv_w = 256, .box_w = 15, .box_h = 22, .ofs_x = 0, .ofs_y = 0},
    {.bitmap_index = 15066, .adv_w = 370, .box_w = 22, .box_h = 30, .ofs_x = 0, .ofs_y = -1},
    {.bitmap_index = 15149, .adv_w = 256, .box_w = 15, .box_h = 25, .ofs_x = 0, .ofs_y = 0},
    {.bitmap_index = 15196, .adv_w = 370, .box_w = 22, .box_h = 30, .ofs_x = 0, .ofs_y = -1},
    {.bitmap_index = 15279, .adv_w = 256, .box_w = 15, .box_h = 28, .ofs_x = 0, .ofs_y = 0},
    {.bitmap_index = 15332, .adv_w = 370, .box_w = 22, .box_h = 30, .ofs_x = 0, .ofs_y = -1},
    {.bitmap_index = 15415, .adv_w = 256, .box_w = 15, .box_h = 27, .ofs_x = 0, .ofs_y = 0},
    {.bitmap_index = 15466, .adv_w = 370, .box_w = 22, .box_h = 30, .ofs_x = 0, .ofs_y = -1},
    {.bitmap_index = 15549, .adv_w = 256, .box_w = 15, .box_h = 28, .ofs_x = 0, .ofs_y = 0},
    {.bitmap_index = 15602, .adv_w = 370, .box_w = 22, .box_h = 33, .ofs_x = 0, .ofs_y = 0},
    {.bitmap_index = 15693, .adv_w = 227, .box_w = 13, .box_h = 30, .ofs_x = 1, .ofs_y = 0},
    {.bitmap_index = 15742, .adv_w = 455, .box_w = 27, .box_h = 29, .ofs_x = 0, .ofs_y = 0},
    {.bitmap_index = 15840, .adv_w = 342, .box_w = 19, .box_h = 23, .ofs_x = 1, .ofs_y = 0},
    {.bitmap_index = 15895, .adv_w = 370, .box_w = 20, .box_h = 30, .ofs_x = 1, .ofs_y = -1},
    {.bitmap_index = 15970, .adv_w = 256, .box_w = 15, .box_h = 24, .ofs_x = 0, .ofs_y = -1},
    {.bitmap_index = 16015, .adv_w = 227, .box_w = 12, .box_h = 15, .ofs_x = 1, .ofs_y = 0},
    {.bitmap_index = 16038, .adv_w = 171, .box_w = 9, .box_h = 6, .ofs_x = 1, .ofs_y = 17},
    {.bitmap_index = 16045, .adv_w = 171, .box_w = 9, .box_h = 6, .ofs_x = 1, .ofs_y = 17},
    {.bitmap_index = 16052, .adv_w = 171, .box_w = 10, .box_h = 2, .ofs_x = 1, .ofs_y = 19},
    {.bitmap_index = 16055, .adv_w = 171, .box_w = 9, .box_h = 5, .ofs_x = 1, .ofs_y = 17},
    {.bitmap_index = 16061, .adv_w = 171, .box_w = 3, .box_h = 3, .ofs_x = 4, .ofs_y = 18},
    {.bitmap_index = 16063, .adv_w = 171, .box_w = 6, .box_h = 6, .ofs_x = 2, .ofs_y = 17},
    {.bitmap_index = 16068, .adv_w = 171, .box_w = 8, .box_h = 6, .ofs_x = 2, .ofs_y = -6},
    {.bitmap_index = 16074, .adv_w = 171, .box_w = 10, .box_h = 4, .ofs_x = 1, .ofs_y = 17},
    {.bitmap_index = 16079, .adv_w = 171, .box_w = 9, .box_h = 6, .ofs_x = 1, .ofs_y = 17},
    {.bitmap_index = 16086, .adv_w = 0, .box_w = 5, .box_h = 6, .ofs_x = -8, .ofs_y = 24},
    {.bitmap_index = 16090, .adv_w = 0, .box_w = 5, .box_h = 6, .ofs_x = -6, .ofs_y = 24},
    {.bitmap_index = 16094, .adv_w = 0, .box_w = 10, .box_h = 4, .ofs_x = -12, .ofs_y = 24},
    {.bitmap_index = 16099, .adv_w = 0, .box_w = 4, .box_h = 6, .ofs_x = -6, .ofs_y = 23},
    {.bitmap_index = 16102, .adv_w = 0, .box_w = 3, .box_h = 3, .ofs_x = -14, .ofs_y = -5},
    {.bitmap_index = 16104, .adv_w = 142, .box_w = 5, .box_h = 20, .ofs_x = 2, .ofs_y = -5},
    {.bitmap_index = 16117, .adv_w = 171, .box_w = 5, .box_h = 6, .ofs_x = 4, .ofs_y = 17},
    {.bitmap_index = 16121, .adv_w = 171, .box_w = 11, .box_h = 6, .ofs_x = 0, .ofs_y = 17},
    {.bitmap_index = 16130, .adv_w = 370, .box_w = 22, .box_h = 23, .ofs_x = 0, .ofs_y = 0},
    {.bitmap_index = 16194, .adv_w = 142, .box_w = 3, .box_h = 3, .ofs_x = 3, .ofs_y = 12},
    {.bitmap_index = 16196, .adv_w = 355, .box_w = 24, .box_h = 23, .ofs_x = -3, .ofs_y = 0},
    {.bitmap_index = 16265, .adv_w = 414, .box_w = 28, .box_h = 23, .ofs_x = -3, .ofs_y = 0},
    {.bitmap_index = 16346, .adv_w = 211, .box_w = 15, .box_h = 23, .ofs_x = -3, .ofs_y = 0},
    {.bitmap_index = 16390, .adv_w = 370, .box_w = 22, .box_h = 23, .ofs_x = -1, .ofs_y = 0},
    {.bitmap_index = 16454, .adv_w = 418, .box_w = 28, .box_h = 23, .ofs_x = -2, .ofs_y = 0},
    {.bitmap_index = 16535, .adv_w = 381, .box_w = 24, .box_h = 23, .ofs_x = -1, .ofs_y = 0},
    {.bitmap_index = 16604, .adv_w = 138, .box_w = 11, .box_h = 23, .ofs_x = -1, .ofs_y = 0},
    {.bitmap_index = 16636, .adv_w = 370, .box_w = 22, .box_h = 23, .ofs_x = 0, .ofs_y = 0},
    {.bitmap_index = 16700, .adv_w = 342, .box_w = 19, .box_h = 22, .ofs_x = 1, .ofs_y = 0},
    {.bitmap_index = 16753, .adv_w = 296, .box_w = 17, .box_h = 22, .ofs_x = 1, .ofs_y = 0},
    {.bitmap_index = 16800, .adv_w = 329, .box_w = 19, .box_h = 23, .ofs_x = 1, .ofs_y = 0},
    {.bitmap_index = 16855, .adv_w = 313, .box_w = 18, .box_h = 22, .ofs_x = 1, .ofs_y = 0},
    {.bitmap_index = 16905, .adv_w = 313, .box_w = 18, .box_h = 22, .ofs_x = 0, .ofs_y = 0},
    {.bitmap_index = 16955, .adv_w = 370, .box_w = 22, .box_h = 22, .ofs_x = 1, .ofs_y = 0},
    {.bitmap_index = 17016, .adv_w = 370, .box_w = 20, .box_h = 23, .ofs_x = 1, .ofs_y = 0},
    {.bitmap_index = 17074, .adv_w = 171, .box_w = 9, .box_h = 22, .ofs_x = 1, .ofs_y = 0},
    {.bitmap_index = 17099, .adv_w = 370, .box_w = 23, .box_h = 22, .ofs_x = 1, .ofs_y = 0},
    {.bitmap_index = 17163, .adv_w = 371, .box_w = 22, .box_h = 23, .ofs_x = 1, .ofs_y = 0},
    {.bitmap_index = 17227, .adv_w = 455, .box_w = 27, .box_h = 22, .ofs_x = 1, .ofs_y = 0},
    {.bitmap_index = 17302, .adv_w = 370, .box_w = 23, .box_h = 22, .ofs_x = 0, .ofs_y = 0},
    {.bitmap_index = 17366, .adv_w = 329, .box_w = 18, .box_h = 22, .ofs_x = 1, .ofs_y = 0},
    {.bitmap_index = 17416, .adv_w = 370, .box_w = 20, .box_h = 23, .ofs_x = 1, .ofs_y = 0},
    {.bitmap_index = 17474, .adv_w = 370, .box_w = 22, .box_h = 22, .ofs_x = 1, .ofs_y = 0},
    {.bitmap_index = 17535, .adv_w = 285, .box_w = 16, .box_h = 22, .ofs_x = 1, .ofs_y = 0},
    {.bitmap_index = 17579, .adv_w = 298, .box_w = 17, .box_h = 22, .ofs_x = 1, .ofs_y = 0},
    {.bitmap_index = 17626, .adv_w = 313, .box_w = 18, .box_h = 22, .ofs_x = 1, .ofs_y = 0},
    {.bitmap_index = 17676, .adv_w = 370, .box_w = 23, .box_h = 22, .ofs_x = 0, .ofs_y = 0},
    {.bitmap_index = 17740, .adv_w = 374, .box_w = 21, .box_h = 22, .ofs_x = 1, .ofs_y = 0},
    {.bitmap_index = 17798, .adv_w = 370, .box_w = 22, .box_h = 22, .ofs_x = 1, .ofs_y = 0},
    {.bitmap_index = 17859, .adv_w = 378, .box_w = 24, .box_h = 23, .ofs_x = 0, .ofs_y = 0},
    {.bitmap_index = 17928, .adv_w = 381, .box_w = 22, .box_h = 23, .ofs_x = 1, .ofs_y = 0},
    {.bitmap_index = 17992, .adv_w = 171, .box_w = 9, .box_h = 27, .ofs_x = 1, .ofs_y = 0},
    {.bitmap_index = 18023, .adv_w = 370, .box_w = 22, .box_h = 27, .ofs_x = 0, .ofs_y = 0},
    {.bitmap_index = 18098, .adv_w = 268, .box_w = 15, .box_h = 23, .ofs_x = 1, .ofs_y = 0},
    {.bitmap_index = 18142, .adv_w = 215, .box_w = 12, .box_h = 23, .ofs_x = 1, .ofs_y = 0},
    {.bitmap_index = 18177, .adv_w = 268, .box_w = 15, .box_h = 30, .ofs_x = 0, .ofs_y = -7},
    {.bitmap_index = 18234, .adv_w = 138, .box_w = 8, .box_h = 23, .ofs_x = 1, .ofs_y = 0},
    {.bitmap_index = 18257, .adv_w = 254, .box_w = 14, .box_h = 23, .ofs_x = 0, .ofs_y = 0},
    {.bitmap_index = 18298, .adv_w = 268, .box_w = 15, .box_h = 15, .ofs_x = 1, .ofs_y = 0},
    {.bitmap_index = 18327, .adv_w = 261, .box_w = 14, .box_h = 30, .ofs_x = 1, .ofs_y = -7},
    {.bitmap_index = 18380, .adv_w = 226, .box_w = 14, .box_h = 22, .ofs_x = 0, .ofs_y = -7},
    {.bitmap_index = 18419, .adv_w = 241, .box_w = 13, .box_h = 23, .ofs_x = 1, .ofs_y = 0},
    {.bitmap_index = 18457, .adv_w = 215, .box_w = 12, .box_h = 15, .ofs_x = 1, .ofs_y = 0},
    {.bitmap_index = 18480, .adv_w = 212, .box_w = 12, .box_h = 30, .ofs_x = 1, .ofs_y = -7},
    {.bitmap_index = 18525, .adv_w = 268, .box_w = 15, .box_h = 22, .ofs_x = 0, .ofs_y = -7},
    {.bitmap_index = 18567, .adv_w = 245, .box_w = 13, .box_h = 23, .ofs_x = 1, .ofs_y = 0},
    {.bitmap_index = 18605, .adv_w = 138, .box_w = 8, .box_h = 15, .ofs_x = 1, .ofs_y = 0},
    {.bitmap_index = 18620, .adv_w = 258, .box_w = 16, .box_h = 15, .ofs_x = 1, .ofs_y = 0},
    {.bitmap_index = 18650, .adv_w = 248, .box_w = 16, .box_h = 23, .ofs_x = 0, .ofs_y = 0},
    {.bitmap_index = 18696, .adv_w = 275, .box_w = 15, .box_h = 22, .ofs_x = 2, .ofs_y = -7},
    {.bitmap_index = 18738, .adv_w = 232, .box_w = 14, .box_h = 15, .ofs_x = 0, .ofs_y = 0},
    {.bitmap_index = 18765, .adv_w = 228, .box_w = 13, .box_h = 30, .ofs_x = 1, .ofs_y = -7},
    {.bitmap_index = 18814, .adv_w = 256, .box_w = 14, .box_h = 15, .ofs_x = 1, .ofs_y = 0},
    {.bitmap_index = 18841, .adv_w = 259, .box_w = 16, .box_h = 15, .ofs_x = 0, .ofs_y = 0},
    {.bitmap_index = 18871, .adv_w = 256, .box_w = 14, .box_h = 22, .ofs_x = 1, .ofs_y = -7},
    {.bitmap_index = 18910, .adv_w = 203, .box_w = 11, .box_h = 22, .ofs_x = 1, .ofs_y = -7},
    {.bitmap_index = 18941, .adv_w = 276, .box_w = 16, .box_h = 15, .ofs_x = 1, .ofs_y = 0},
    {.bitmap_index = 18971, .adv_w = 206, .box_w = 13, .box_h = 15, .ofs_x = 0, .ofs_y = 0},
    {.bitmap_index = 18996, .adv_w = 254, .box_w = 15, .box_h = 15, .ofs_x = 0, .ofs_y = 0},
    {.bitmap_index = 19025, .adv_w = 296, .box_w = 17, .box_h = 22, .ofs_x = 1, .ofs_y = -7},
    {.bitmap_index = 19072, .adv_w = 227, .box_w = 15, .box_h = 22, .ofs_x = 1, .ofs_y = -7},
    {.bitmap_index = 19114, .adv_w = 321, .box_w = 20, .box_h = 22, .ofs_x = 0, .ofs_y = -7},
    {.bitmap_index = 19169, .adv_w = 337, .box_w = 19, .box_h = 15, .ofs_x = 1, .ofs_y = 0},
    {.bitmap_index = 19205, .adv_w = 138, .box_w = 9, .box_h = 20, .ofs_x = 0, .ofs_y = 0},
    {.bitmap_index = 19228, .adv_w = 254, .box_w = 15, .box_h = 20, .ofs_x = 0, .ofs_y = 0},
    {.bitmap_index = 19266, .adv_w = 256, .box_w = 14, .box_h = 23, .ofs_x = 1, .ofs_y = 0},
    {.bitmap_index = 19307, .adv_w = 254, .box_w = 15, .box_h = 23, .ofs_x = 0, .ofs_y = 0},
    {.bitmap_index = 19351, .adv_w = 337, .box_w = 19, .box_h = 23, .ofs_x = 1, .ofs_y = 0},
    {.bitmap_index = 19406, .adv_w = 313, .box_w = 18, .box_h = 27, .ofs_x = 1, .ofs_y = 0},
    {.bitmap_index = 19467, .adv_w = 385, .box_w = 22, .box_h = 22, .ofs_x = 0, .ofs_y = 0},
    {.bitmap_index = 19528, .adv_w = 296, .box_w = 17, .box_h = 29, .ofs_x = 1, .ofs_y = 0},
    {.bitmap_index = 19590, .adv_w = 338, .box_w = 19, .box_h = 24, .ofs_x = 1, .ofs_y = -1},
    {.bitmap_index = 19647, .adv_w = 285, .box_w = 14, .box_h = 24, .ofs_x = 2, .ofs_y = -1},
    {.bitmap_index = 19689, .adv_w = 171, .box_w = 9, .box_h = 22, .ofs_x = 1, .ofs_y = 0},
    {.bitmap_index = 19714, .adv_w = 171, .box_w = 9, .box_h = 27, .ofs_x = 1, .ofs_y = 0},
    {.bitmap_index = 19745, .adv_w = 199, .box_w = 12, .box_h = 23, .ofs_x = 0, .ofs_y = -1},
    {.bitmap_index = 19780, .adv_w = 447, .box_w = 27, .box_h = 22, .ofs_x = 1, .ofs_y = 0},
    {.bitmap_index = 19855, .adv_w = 447, .box_w = 26, .box_h = 22, .ofs_x = 1, .ofs_y = 0},
    {.bitmap_index = 19927, .adv_w = 380, .box_w = 23, .box_h = 22, .ofs_x = 0, .ofs_y = 0},
    {.bitmap_index = 19991, .adv_w = 342, .box_w = 20, .box_h = 29, .ofs_x = 1, .ofs_y = 0},
    {.bitmap_index = 20064, .adv_w = 363, .box_w = 21, .box_h = 30, .ofs_x = 1, .ofs_y = -1},
    {.bitmap_index = 20143, .adv_w = 370, .box_w = 22, .box_h = 28, .ofs_x = 1, .ofs_y = -6},
    {.bitmap_index = 20220, .adv_w = 370, .box_w = 22, .box_h = 22, .ofs_x = 0, .ofs_y = 0},
    {.bitmap_index = 20281, .adv_w = 294, .box_w = 16, .box_h = 22, .ofs_x = 1, .ofs_y = 0},
    {.bitmap_index = 20325, .adv_w = 342, .box_w = 19, .box_h = 22, .ofs_x = 1, .ofs_y = 0},
    {.bitmap_index = 20378, .adv_w = 296, .box_w = 17, .box_h = 22, .ofs_x = 1, .ofs_y = 0},
    {.bitmap_index = 20425, .adv_w = 349, .box_w = 21, .box_h = 28, .ofs_x = 1, .ofs_y = -6},
    {.bitmap_index = 20499, .adv_w = 313, .box_w = 18, .box_h = 22, .ofs_x = 1, .ofs_y = 0},
    {.bitmap_index = 20549, .adv_w = 459, .box_w = 27, .box_h = 23, .ofs_x = 1, .ofs_y = 0},
    {.bitmap_index = 20627, .adv_w = 257, .box_w = 13, .box_h = 24, .ofs_x = 1, .ofs_y = -1},
    {.bitmap_index = 20666, .adv_w = 370, .box_w = 22, .box_h = 22, .ofs_x = 1, .ofs_y = 0},
    {.bitmap_index = 20727, .adv_w = 370, .box_w = 22, .box_h = 29, .ofs_x = 1, .ofs_y = 0},
    {.bitmap_index = 20807, .adv_w = 342, .box_w = 20, .box_h = 23, .ofs_x = 1, .ofs_y = 0},
    {.bitmap_index = 20865, .adv_w = 347, .box_w = 21, .box_h = 22, .ofs_x = 1, .ofs_y = 0},
    {.bitmap_index = 20923, .adv_w = 455, .box_w = 27, .box_h = 22, .ofs_x = 1, .ofs_y = 0},
    {.bitmap_index = 20998, .adv_w = 370, .box_w = 22, .box_h = 22, .ofs_x = 1, .ofs_y = 0},
    {.bitmap_index = 21059, .adv_w = 370, .box_w = 20, .box_h = 24, .ofs_x = 1, .ofs_y = -1},
    {.bitmap_index = 21119, .adv_w = 370, .box_w = 22, .box_h = 22, .ofs_x = 1, .ofs_y = 0},
    {.bitmap_index = 21180, .adv_w = 285, .box_w = 16, .box_h = 22, .ofs_x = 1, .ofs_y = 0},
    {.bitmap_index = 21224, .adv_w = 342, .box_w = 19, .box_h = 24, .ofs_x = 1, .ofs_y = -1},
    {.bitmap_index = 21281, .adv_w = 313, .box_w = 18, .box_h = 22, .ofs_x = 1, .ofs_y = 0},
    {.bitmap_index = 21331, .adv_w = 363, .box_w = 21, .box_h = 23, .ofs_x = 1, .ofs_y = -1},
    {.bitmap_index = 21392, .adv_w = 405, .box_w = 23, .box_h = 22, .ofs_x = 1, .ofs_y = 0},
    {.bitmap_index = 21456, .adv_w = 370, .box_w = 22, .box_h = 22, .ofs_x = 1, .ofs_y = 0},
    {.bitmap_index = 21517, .adv_w = 370, .box_w = 22, .box_h = 28, .ofs_x = 1, .ofs_y = -6},
    {.bitmap_index = 21594, .adv_w = 333, .box_w = 20, .box_h = 22, .ofs_x = 0, .ofs_y = 0},
    {.bitmap_index = 21649, .adv_w = 517, .box_w = 31, .box_h = 22, .ofs_x = 1, .ofs_y = 0},
    {.bitmap_index = 21735, .adv_w = 517, .box_w = 31, .box_h = 28, .ofs_x = 1, .ofs_y = -6},
    {.bitmap_index = 21844, .adv_w = 362, .box_w = 20, .box_h = 22, .ofs_x = 1, .ofs_y = 0},
    {.bitmap_index = 21899, .adv_w = 447, .box_w = 27, .box_h = 22, .ofs_x = 1, .ofs_y = 0},
    {.bitmap_index = 21974, .adv_w = 294, .box_w = 16, .box_h = 22, .ofs_x = 1, .ofs_y = 0},
    {.bitmap_index = 22018, .adv_w = 338, .box_w = 19, .box_h = 24, .ofs_x = 1, .ofs_y = -1},
    {.bitmap_index = 22075, .adv_w = 526, .box_w = 31, .box_h = 24, .ofs_x = 1, .ofs_y = -1},
    {.bitmap_index = 22168, .adv_w = 342, .box_w = 21, .box_h = 22, .ofs_x = -1, .ofs_y = 0},
    {.bitmap_index = 22226, .adv_w = 227, .box_w = 13, .box_h = 15, .ofs_x = 1, .ofs_y = 0},
    {.bitmap_index = 22251, .adv_w = 261, .box_w = 14, .box_h = 23, .ofs_x = 1, .ofs_y = 0},
    {.bitmap_index = 22292, .adv_w = 242, .box_w = 13, .box_h = 15, .ofs_x = 1, .ofs_y = 0},
    {.bitmap_index = 22317, .adv_w = 210, .box_w = 12, .box_h = 15, .ofs_x = 1, .ofs_y = 0},
    {.bitmap_index = 22340, .adv_w = 261, .box_w = 15, .box_h = 19, .ofs_x = 1, .ofs_y = -4},
    {.bitmap_index = 22376, .adv_w = 227, .box_w = 12, .box_h = 15, .ofs_x = 1, .ofs_y = 0},
    {.bitmap_index = 22399, .adv_w = 354, .box_w = 21, .box_h = 15, .ofs_x = 1, .ofs_y = 0},
    {.bitmap_index = 22439, .adv_w = 202, .box_w = 11, .box_h = 15, .ofs_x = 0, .ofs_y = 0},
    {.bitmap_index = 22460, .adv_w = 274, .box_w = 16, .box_h = 15, .ofs_x = 1, .ofs_y = 0},
    {.bitmap_index = 22490, .adv_w = 274, .box_w = 16, .box_h = 22, .ofs_x = 1, .ofs_y = 0},
    {.bitmap_index = 22534, .adv_w = 249, .box_w = 15, .box_h = 15, .ofs_x = 1, .ofs_y = 0},
    {.bitmap_index = 22563, .adv_w = 256, .box_w = 16, .box_h = 15, .ofs_x = 0, .ofs_y = 0},
    {.bitmap_index = 22593, .adv_w = 324, .box_w = 19, .box_h = 15, .ofs_x = 1, .ofs_y = 0},
    {.bitmap_index = 22629, .adv_w = 274, .box_w = 16, .box_h = 15, .ofs_x = 1, .ofs_y = 0},
    {.bitmap_index = 22659, .adv_w = 256, .box_w = 14, .box_h = 15, .ofs_x = 1, .ofs_y = 0},
    {.bitmap_index = 22686, .adv_w = 274, .box_w = 16, .box_h = 15, .ofs_x = 1, .ofs_y = 0},
    {.bitmap_index = 22716, .adv_w = 256, .box_w = 15, .box_h = 22, .ofs_x = 0, .ofs_y = -7},
    {.bitmap_index = 22758, .adv_w = 227, .box_w = 12, .box_h = 15, .ofs_x = 1, .ofs_y = 0},
    {.bitmap_index = 22781, .adv_w = 224, .box_w = 15, .box_h = 15, .ofs_x = 0, .ofs_y = 0},
    {.bitmap_index = 22810, .adv_w = 256, .box_w = 16, .box_h = 22, .ofs_x = 0, .ofs_y = -7},
    {.bitmap_index = 22854, .adv_w = 332, .box_w = 18, .box_h = 30, .ofs_x = 1, .ofs_y = -7},
    {.bitmap_index = 22922, .adv_w = 256, .box_w = 15, .box_h = 15, .ofs_x = 1, .ofs_y = 0},
    {.bitmap_index = 22951, .adv_w = 274, .box_w = 16, .box_h = 19, .ofs_x = 1, .ofs_y = -4},
    {.bitmap_index = 22989, .adv_w = 258, .box_w = 15, .box_h = 15, .ofs_x = 0, .ofs_y = 0},
    {.bitmap_index = 23018, .adv_w = 394, .box_w = 23, .box_h = 15, .ofs_x = 1, .ofs_y = 0},
    {.bitmap_index = 23062, .adv_w = 394, .box_w = 23, .box_h = 19, .ofs_x = 1, .ofs_y = -4},
    {.bitmap_index = 23117, .adv_w = 265, .box_w = 16, .box_h = 15, .ofs_x = 0, .ofs_y = 0},
    {.bitmap_index = 23147, .adv_w = 344, .box_w = 20, .box_h = 15, .ofs_x = 1, .ofs_y = 0},
    {.bitmap_index = 23185, .adv_w = 234, .box_w = 13, .box_h = 15, .ofs_x = 1, .ofs_y = 0},
    {.bitmap_index = 23210, .adv_w = 220, .box_w = 12, .box_h = 15, .ofs_x = 1, .ofs_y = 0},
    {.bitmap_index = 23233, .adv_w = 383, .box_w = 22, .box_h = 15, .ofs_x = 1, .ofs_y = 0},
    {.bitmap_index = 23275, .adv_w = 236, .box_w = 14, .box_h = 15, .ofs_x = 0, .ofs_y = 0},
    {.bitmap_index = 23302, .adv_w = 227, .box_w = 12, .box_h = 22, .ofs_x = 1, .ofs_y = 0},
    {.bitmap_index = 23335, .adv_w = 247, .box_w = 13, .box_h = 30, .ofs_x = 1, .ofs_y = -7},
    {.bitmap_index = 23384, .adv_w = 210, .box_w = 12, .box_h = 22, .ofs_x = 1, .ofs_y = 0},
    {.bitmap_index = 23417, .adv_w = 220, .box_w = 12, .box_h = 15, .ofs_x = 1, .ofs_y = 0},
    {.bitmap_index = 23440, .adv_w = 199, .box_w = 10, .box_h = 15, .ofs_x = 2, .ofs_y = 0},
    {.bitmap_index = 23459, .adv_w = 142, .box_w = 7, .box_h = 23, .ofs_x = 1, .ofs_y = 0},
    {.bitmap_index = 23480, .adv_w = 142, .box_w = 9, .box_h = 22, .ofs_x = 1, .ofs_y = 0},
    {.bitmap_index = 23505, .adv_w = 142, .box_w = 9, .box_h = 30, .ofs_x = -3, .ofs_y = -7},
    {.bitmap_index = 23539, .adv_w = 372, .box_w = 23, .box_h = 15, .ofs_x = 0, .ofs_y = 0},
    {.bitmap_index = 23583, .adv_w = 370, .box_w = 21, .box_h = 15, .ofs_x = 1, .ofs_y = 0},
    {.bitmap_index = 23623, .adv_w = 256, .box_w = 15, .box_h = 23, .ofs_x = 1, .ofs_y = 0},
    {.bitmap_index = 23667, .adv_w = 249, .box_w = 15, .box_h = 22, .ofs_x = 1, .ofs_y = 0},
    {.bitmap_index = 23709, .adv_w = 256, .box_w = 15, .box_h = 29, .ofs_x = 0, .ofs_y = -7},
    {.bitmap_index = 23764, .adv_w = 274, .box_w = 16, .box_h = 19, .ofs_x = 1, .ofs_y = -4},
    {.bitmap_index = 23802, .adv_w = 231, .box_w = 13, .box_h = 26, .ofs_x = 1, .ofs_y = 0},
    {.bitmap_index = 23845, .adv_w = 180, .box_w = 10, .box_h = 18, .ofs_x = 1, .ofs_y = 0},
    {.bitmap_index = 23868, .adv_w = 296, .box_w = 17, .box_h = 22, .ofs_x = 1, .ofs_y = 0},
    {.bitmap_index = 23915, .adv_w = 210, .box_w = 12, .box_h = 15, .ofs_x = 1, .ofs_y = 0},
    {.bitmap_index = 23938, .adv_w = 459, .box_w = 28, .box_h = 29, .ofs_x = 1, .ofs_y = -6},
    {.bitmap_index = 24040, .adv_w = 354, .box_w = 21, .box_h = 19, .ofs_x = 1, .ofs_y = -4},
    {.bitmap_index = 24090, .adv_w = 342, .box_w = 21, .box_h = 29, .ofs_x = 1, .ofs_y = -6},
    {.bitmap_index = 24167, .adv_w = 249, .box_w = 15, .box_h = 18, .ofs_x = 1, .ofs_y = -3},
    {.bitmap_index = 24201, .adv_w = 342, .box_w = 20, .box_h = 23, .ofs_x = 1, .ofs_y = 0},
    {.bitmap_index = 24259, .adv_w = 249, .box_w = 15, .box_h = 15, .ofs_x = 1, .ofs_y = 0},
    {.bitmap_index = 24288, .adv_w = 370, .box_w = 22, .box_h = 28, .ofs_x = 1, .ofs_y = -6},
    {.bitmap_index = 24365, .adv_w = 274, .box_w = 16, .box_h = 18, .ofs_x = 1, .ofs_y = -3},
    {.bitmap_index = 24401, .adv_w = 370, .box_w = 23, .box_h = 22, .ofs_x = 0, .ofs_y = 0},
    {.bitmap_index = 24465, .adv_w = 256, .box_w = 16, .box_h = 22, .ofs_x = 0, .ofs_y = -7},
    {.bitmap_index = 24509, .adv_w = 370, .box_w = 23, .box_h = 22, .ofs_x = 0, .ofs_y = 0},
    {.bitmap_index = 24573, .adv_w = 256, .box_w = 16, .box_h = 22, .ofs_x = 1, .ofs_y = -7},
    {.bitmap_index = 24617, .adv_w = 370, .box_w = 22, .box_h = 28, .ofs_x = 1, .ofs_y = -6},
    {.bitmap_index = 24694, .adv_w = 256, .box_w = 16, .box_h = 18, .ofs_x = 0, .ofs_y = -3},
    {.bitmap_index = 24730, .adv_w = 333, .box_w = 20, .box_h = 22, .ofs_x = 0, .ofs_y = 0},
    {.bitmap_index = 24785, .adv_w = 258, .box_w = 15, .box_h = 15, .ofs_x = 0, .ofs_y = 0},
    {.bitmap_index = 24814, .adv_w = 333, .box_w = 20, .box_h = 22, .ofs_x = 1, .ofs_y = 0},
    {.bitmap_index = 24869, .adv_w = 258, .box_w = 15, .box_h = 15, .ofs_x = 1, .ofs_y = 0},
    {.bitmap_index = 24898, .adv_w = 370, .box_w = 21, .box_h = 24, .ofs_x = 1, .ofs_y = -1},
    {.bitmap_index = 24961, .adv_w = 227, .box_w = 12, .box_h = 15, .ofs_x = 1, .ofs_y = 0},
    {.bitmap_index = 24984, .adv_w = 370, .box_w = 20, .box_h = 24, .ofs_x = 1, .ofs_y = -1},
    {.bitmap_index = 25044, .adv_w = 256, .box_w = 14, .box_h = 15, .ofs_x = 1, .ofs_y = 0}
};

/*---------------------
 *  CHARACTER MAPPING
 *--------------------*/

static const uint16_t unicode_list_2[] = {
    0x0, 0x3, 0x11, 0x12, 0x20, 0x21, 0x3e, 0x3f,
    0x40, 0x41, 0x42, 0x43, 0x44, 0x45, 0x46, 0x47,
    0x48, 0x49, 0x4a, 0x4b, 0x4c, 0x4d, 0x6b, 0x6c,
    0x6d, 0x6e, 0x6f, 0x70, 0xca, 0x137, 0x138, 0x13a,
    0x149, 0x14a, 0x14b, 0x14c, 0x14d, 0x14e, 0x171, 0x172,
    0x174, 0x17a, 0x194, 0x1ef, 0x1f5, 0x1f6, 0x1f7, 0x1f8,
    0x1f9, 0x1fa, 0x1fb, 0x1fd
};

static const uint16_t unicode_list_8[] = {
    0x0, 0x1, 0x32, 0x33, 0x34, 0x35, 0x38, 0x39,
    0x3c, 0x3d, 0x3e, 0x3f, 0x44, 0x45, 0x50, 0x51,
    0x52, 0x53, 0x54, 0x55, 0x5a, 0x5b, 0x5c, 0x5d,
    0x7a, 0x7b, 0x8a, 0x8b
};

/*Collect the unicode lists and glyph_id offsets*/
static const lv_font_fmt_txt_cmap_t cmaps[] =
{
    {
        .range_start = 32, .range_length = 95, .glyph_id_start = 1,
        .unicode_list = NULL, .glyph_id_ofs_list = NULL, .list_length = 0, .type = LV_FONT_FMT_TXT_CMAP_FORMAT0_TINY
    },
    {
        .range_start = 160, .range_length = 224, .glyph_id_start = 96,
        .unicode_list = NULL, .glyph_id_ofs_list = NULL, .list_length = 0, .type = LV_FONT_FMT_TXT_CMAP_FORMAT0_TINY
    },
    {
        .range_start = 399, .range_length = 510, .glyph_id_start = 320,
        .unicode_list = unicode_list_2, .glyph_id_ofs_list = NULL, .list_length = 52, .type = LV_FONT_FMT_TXT_CMAP_SPARSE_TINY
    },
    {
        .range_start = 910, .range_length = 20, .glyph_id_start = 372,
        .unicode_list = NULL, .glyph_id_ofs_list = NULL, .list_length = 0, .type = LV_FONT_FMT_TXT_CMAP_FORMAT0_TINY
    },
    {
        .range_start = 931, .range_length = 44, .glyph_id_start = 392,
        .unicode_list = NULL, .glyph_id_ofs_list = NULL, .list_length = 0, .type = LV_FONT_FMT_TXT_CMAP_FORMAT0_TINY
    },
    {
        .range_start = 1025, .range_length = 12, .glyph_id_start = 436,
        .unicode_list = NULL, .glyph_id_ofs_list = NULL, .list_length = 0, .type = LV_FONT_FMT_TXT_CMAP_FORMAT0_TINY
    },
    {
        .range_start = 1038, .range_length = 66, .glyph_id_start = 448,
        .unicode_list = NULL, .glyph_id_ofs_list = NULL, .list_length = 0, .type = LV_FONT_FMT_TXT_CMAP_FORMAT0_TINY
    },
    {
        .range_start = 1105, .range_length = 12, .glyph_id_start = 514,
        .unicode_list = NULL, .glyph_id_ofs_list = NULL, .list_length = 0, .type = LV_FONT_FMT_TXT_CMAP_FORMAT0_TINY
    },
    {
        .range_start = 1118, .range_length = 140, .glyph_id_start = 526,
        .unicode_list = unicode_list_8, .glyph_id_ofs_list = NULL, .list_length = 28, .type = LV_FONT_FMT_TXT_CMAP_SPARSE_TINY
    }
};

/*-----------------
 *    KERNING
 *----------------*/


/*Pair left and right glyphs for kerning*/
static const uint16_t kern_pair_glyph_ids[] =
{
    1, 34,
    1, 53,
    1, 55,
    1, 56,
    1, 58,
    1, 366,
    1, 375,
    1, 378,
    1, 385,
    1, 393,
    1, 394,
    1, 400,
    18, 18,
    34, 1,
    34, 53,
    34, 55,
    34, 56,
    34, 58,
    34, 87,
    34, 88,
    34, 90,
    34, 96,
    39, 13,
    39, 15,
    39, 34,
    45, 1,
    45, 53,
    45, 55,
    45, 56,
    45, 58,
    45, 90,
    45, 96,
    49, 1,
    49, 13,
    49, 15,
    49, 34,
    49, 96,
    51, 53,
    51, 55,
    51, 56,
    51, 58,
    51, 90,
    53, 1,
    53, 13,
    53, 14,
    53, 15,
    53, 27,
    53, 28,
    53, 34,
    53, 48,
    53, 66,
    53, 68,
    53, 70,
    53, 74,
    53, 80,
    53, 83,
    53, 84,
    53, 86,
    53, 88,
    53, 90,
    53, 96,
    53, 109,
    53, 363,
    55, 1,
    55, 13,
    55, 14,
    55, 15,
    55, 27,
    55, 28,
    55, 34,
    55, 66,
    55, 70,
    55, 74,
    55, 80,
    55, 83,
    55, 86,
    55, 90,
    55, 96,
    55, 109,
    55, 363,
    56, 1,
    56, 13,
    56, 14,
    56, 15,
    56, 27,
    56, 28,
    56, 34,
    56, 66,
    56, 70,
    56, 74,
    56, 80,
    56, 83,
    56, 86,
    56, 90,
    56, 96,
    56, 109,
    56, 363,
    58, 1,
    58, 13,
    58, 14,
    58, 15,
    58, 27,
    58, 28,
    58, 34,
    58, 66,
    58, 70,
    58, 74,
    58, 80,
    58, 81,
    58, 82,
    58, 86,
    58, 87,
    58, 96,
    58, 109,
    58, 363,
    71, 71,
    83, 13,
    83, 14,
    83, 15,
    83, 72,
    83, 109,
    87, 13,
    87, 15,
    88, 13,
    88, 15,
    90, 13,
    90, 15,
    96, 34,
    96, 53,
    96, 55,
    96, 56,
    96, 58,
    96, 366,
    96, 375,
    96, 378,
    96, 385,
    96, 393,
    96, 394,
    96, 400,
    366, 1,
    366, 96,
    366, 382,
    366, 389,
    366, 393,
    366, 394,
    366, 395,
    366, 400,
    366, 408,
    366, 418,
    366, 428,
    371, 375,
    371, 378,
    371, 385,
    371, 394,
    371, 400,
    372, 375,
    372, 378,
    372, 382,
    372, 385,
    372, 389,
    372, 395,
    372, 398,
    372, 401,
    372, 403,
    372, 404,
    372, 406,
    372, 409,
    372, 412,
    372, 414,
    372, 415,
    372, 417,
    372, 420,
    372, 424,
    372, 427,
    372, 431,
    372, 433,
    373, 394,
    375, 1,
    375, 96,
    375, 382,
    375, 389,
    375, 393,
    375, 394,
    375, 395,
    375, 400,
    375, 408,
    375, 418,
    375, 428,
    377, 13,
    377, 15,
    377, 374,
    377, 375,
    377, 378,
    377, 385,
    377, 414,
    378, 1,
    378, 96,
    378, 389,
    378, 393,
    378, 394,
    378, 400,
    382, 375,
    382, 378,
    382, 385,
    382, 394,
    382, 400,
    384, 382,
    384, 389,
    384, 393,
    384, 395,
    384, 401,
    384, 406,
    384, 409,
    384, 411,
    384, 413,
    384, 419,
    384, 424,
    384, 427,
    384, 430,
    384, 435,
    385, 1,
    385, 96,
    385, 382,
    385, 389,
    385, 393,
    385, 394,
    385, 400,
    389, 375,
    389, 378,
    389, 385,
    389, 394,
    389, 400,
    391, 13,
    391, 15,
    391, 375,
    391, 378,
    391, 385,
    392, 425,
    393, 1,
    393, 13,
    393, 14,
    393, 15,
    393, 27,
    393, 28,
    393, 96,
    393, 109,
    393, 363,
    393, 374,
    393, 375,
    393, 378,
    393, 382,
    393, 385,
    393, 389,
    393, 395,
    393, 398,
    393, 401,
    393, 402,
    393, 406,
    393, 408,
    393, 409,
    393, 410,
    393, 412,
    393, 414,
    393, 417,
    393, 418,
    393, 420,
    393, 424,
    393, 427,
    393, 428,
    393, 429,
    393, 432,
    393, 433,
    393, 434,
    394, 1,
    394, 13,
    394, 14,
    394, 15,
    394, 27,
    394, 28,
    394, 96,
    394, 109,
    394, 363,
    394, 375,
    394, 378,
    394, 382,
    394, 385,
    394, 389,
    394, 395,
    394, 398,
    394, 401,
    394, 403,
    394, 404,
    394, 406,
    394, 408,
    394, 409,
    394, 412,
    394, 414,
    394, 415,
    394, 417,
    394, 420,
    394, 424,
    394, 427,
    394, 431,
    394, 433,
    395, 375,
    395, 394,
    395, 400,
    396, 430,
    396, 435,
    397, 401,
    397, 406,
    397, 409,
    397, 413,
    397, 420,
    397, 424,
    397, 427,
    397, 430,
    397, 433,
    397, 435,
    398, 394,
    398, 400,
    400, 1,
    400, 96,
    400, 375,
    400, 378,
    400, 382,
    400, 385,
    400, 389,
    400, 395,
    400, 398,
    400, 401,
    400, 403,
    400, 404,
    400, 406,
    400, 409,
    400, 412,
    400, 414,
    400, 415,
    400, 417,
    400, 420,
    400, 424,
    400, 427,
    400, 431,
    400, 433,
    408, 410,
    411, 401,
    411, 403,
    411, 406,
    411, 408,
    411, 409,
    411, 412,
    411, 413,
    411, 414,
    411, 415,
    411, 418,
    411, 420,
    411, 424,
    411, 425,
    411, 427,
    411, 430,
    411, 433,
    411, 435,
    415, 401,
    415, 406,
    415, 409,
    415, 419,
    415, 420,
    415, 423,
    415, 424,
    415, 427,
    415, 430,
    415, 433,
    415, 435,
    416, 403,
    416, 405,
    416, 412,
    416, 414,
    416, 415,
    416, 418,
    416, 426,
    416, 432,
    416, 434,
    419, 401,
    419, 406,
    419, 409,
    419, 411,
    419, 419,
    419, 420,
    419, 423,
    419, 424,
    419, 427,
    419, 433,
    428, 401,
    428, 406,
    428, 409,
    428, 420,
    428, 423,
    428, 424,
    428, 427,
    428, 430,
    428, 433,
    428, 435,
    438, 13,
    438, 15,
    438, 107,
    438, 123,
    450, 457,
    450, 464,
    450, 467,
    450, 468,
    450, 469,
    450, 470,
    450, 473,
    450, 479,
    450, 482,
    450, 483,
    450, 487,
    450, 496,
    450, 499,
    450, 500,
    450, 501,
    450, 502,
    451, 450,
    451, 454,
    451, 456,
    451, 461,
    451, 464,
    451, 467,
    451, 468,
    451, 469,
    451, 470,
    451, 471,
    451, 473,
    451, 476,
    451, 481,
    451, 486,
    451, 493,
    451, 501,
    452, 450,
    452, 454,
    452, 456,
    452, 461,
    452, 468,
    452, 469,
    452, 471,
    452, 473,
    452, 476,
    452, 481,
    452, 486,
    452, 501,
    452, 503,
    452, 505,
    453, 13,
    453, 15,
    453, 107,
    453, 123,
    453, 450,
    453, 454,
    453, 457,
    453, 461,
    453, 462,
    453, 464,
    453, 467,
    453, 481,
    453, 482,
    453, 484,
    453, 486,
    453, 487,
    453, 490,
    453, 493,
    453, 494,
    453, 495,
    453, 496,
    453, 498,
    453, 501,
    453, 509,
    453, 510,
    453, 512,
    453, 513,
    454, 457,
    454, 469,
    454, 479,
    454, 487,
    454, 489,
    455, 457,
    455, 461,
    456, 457,
    456, 464,
    456, 467,
    456, 468,
    456, 469,
    456, 476,
    456, 482,
    456, 483,
    456, 487,
    456, 496,
    456, 501,
    457, 454,
    457, 456,
    457, 461,
    457, 469,
    457, 473,
    457, 481,
    457, 486,
    457, 493,
    460, 464,
    460, 467,
    460, 469,
    460, 470,
    460, 473,
    460, 479,
    460, 482,
    460, 487,
    460, 489,
    460, 496,
    460, 499,
    460, 500,
    460, 501,
    460, 511,
    461, 470,
    461, 483,
    461, 487,
    461, 496,
    461, 501,
    462, 470,
    462, 487,
    462, 496,
    462, 501,
    462, 505,
    464, 450,
    464, 454,
    464, 456,
    464, 461,
    464, 467,
    464, 469,
    464, 470,
    464, 471,
    464, 473,
    464, 481,
    464, 486,
    466, 13,
    466, 15,
    466, 27,
    466, 28,
    466, 123,
    466, 363,
    466, 450,
    466, 454,
    466, 456,
    466, 457,
    466, 461,
    466, 464,
    466, 467,
    466, 468,
    466, 469,
    466, 470,
    466, 471,
    466, 481,
    466, 486,
    466, 487,
    466, 496,
    466, 511,
    466, 513,
    467, 450,
    467, 454,
    467, 461,
    467, 469,
    467, 471,
    467, 473,
    467, 476,
    467, 483,
    467, 487,
    467, 499,
    467, 500,
    467, 501,
    467, 505,
    467, 511,
    468, 13,
    468, 15,
    468, 107,
    468, 123,
    468, 450,
    468, 454,
    468, 461,
    468, 462,
    468, 464,
    468, 470,
    468, 481,
    468, 482,
    468, 484,
    468, 487,
    468, 490,
    468, 492,
    468, 493,
    468, 494,
    468, 496,
    468, 497,
    468, 498,
    468, 499,
    468, 501,
    468, 503,
    468, 507,
    468, 509,
    468, 510,
    468, 512,
    468, 513,
    469, 13,
    469, 15,
    469, 27,
    469, 28,
    469, 107,
    469, 123,
    469, 363,
    469, 450,
    469, 454,
    469, 457,
    469, 461,
    469, 464,
    469, 470,
    469, 479,
    469, 481,
    469, 483,
    469, 484,
    469, 485,
    469, 486,
    469, 487,
    469, 488,
    469, 489,
    469, 490,
    469, 491,
    469, 492,
    469, 493,
    469, 494,
    469, 495,
    469, 496,
    469, 497,
    469, 498,
    469, 499,
    469, 503,
    469, 504,
    469, 506,
    469, 507,
    469, 512,
    469, 513,
    470, 450,
    470, 454,
    470, 461,
    470, 464,
    470, 468,
    470, 469,
    470, 473,
    470, 481,
    470, 493,
    471, 457,
    471, 464,
    471, 467,
    471, 470,
    471, 479,
    471, 496,
    471, 501,
    472, 464,
    472, 496,
    475, 501,
    476, 481,
    478, 450,
    478, 454,
    478, 456,
    478, 457,
    478, 461,
    478, 462,
    478, 464,
    478, 467,
    478, 468,
    478, 471,
    478, 473,
    478, 479,
    478, 481,
    479, 454,
    479, 456,
    479, 457,
    479, 461,
    479, 464,
    479, 470,
    479, 471,
    479, 481,
    479, 486,
    479, 493,
    480, 450,
    480, 454,
    480, 456,
    480, 461,
    480, 464,
    480, 468,
    480, 471,
    480, 473,
    480, 486,
    480, 488,
    480, 493,
    482, 493,
    482, 497,
    482, 500,
    482, 501,
    482, 505,
    483, 486,
    483, 487,
    483, 488,
    483, 493,
    483, 494,
    483, 501,
    483, 503,
    483, 505,
    483, 508,
    483, 513,
    484, 482,
    484, 483,
    484, 486,
    484, 487,
    484, 488,
    484, 493,
    484, 494,
    484, 496,
    484, 499,
    484, 500,
    484, 501,
    484, 502,
    484, 505,
    484, 508,
    484, 513,
    485, 13,
    485, 15,
    485, 486,
    485, 487,
    485, 493,
    485, 494,
    485, 496,
    485, 513,
    486, 489,
    486, 511,
    487, 70,
    487, 482,
    487, 486,
    487, 489,
    487, 499,
    487, 501,
    487, 502,
    487, 503,
    487, 505,
    488, 483,
    488, 487,
    488, 489,
    488, 496,
    488, 499,
    488, 505,
    488, 508,
    489, 486,
    489, 488,
    489, 489,
    489, 494,
    489, 496,
    489, 501,
    489, 502,
    489, 505,
    489, 508,
    492, 107,
    492, 482,
    492, 483,
    492, 487,
    492, 489,
    492, 496,
    492, 499,
    492, 500,
    492, 501,
    492, 502,
    492, 505,
    492, 511,
    494, 482,
    494, 511,
    496, 486,
    496, 487,
    496, 488,
    496, 493,
    496, 494,
    496, 499,
    496, 500,
    496, 501,
    496, 503,
    496, 505,
    496, 511,
    496, 513,
    498, 486,
    498, 489,
    498, 493,
    498, 494,
    498, 500,
    498, 501,
    498, 505,
    498, 511,
    499, 482,
    499, 483,
    499, 487,
    499, 489,
    499, 501,
    499, 502,
    499, 503,
    499, 505,
    499, 511,
    500, 13,
    500, 15,
    500, 482,
    500, 486,
    500, 488,
    500, 489,
    500, 493,
    500, 496,
    500, 498,
    500, 499,
    500, 501,
    500, 511,
    500, 513,
    501, 13,
    501, 15,
    501, 27,
    501, 28,
    501, 123,
    501, 363,
    501, 482,
    501, 483,
    501, 486,
    501, 487,
    501, 488,
    501, 493,
    501, 494,
    501, 496,
    501, 502,
    501, 513,
    502, 486,
    502, 493,
    502, 501,
    502, 502,
    502, 505,
    502, 513,
    503, 482,
    503, 483,
    503, 487,
    503, 489,
    503, 496,
    503, 499,
    503, 500,
    503, 501,
    503, 502,
    503, 505,
    503, 508,
    503, 511,
    504, 489,
    510, 500,
    510, 505,
    511, 486,
    511, 488,
    511, 493,
    511, 494,
    511, 502,
    511, 503,
    511, 513,
    512, 486,
    512, 488,
    512, 493,
    512, 494,
    512, 500,
    512, 502,
    512, 503,
    512, 505,
    526, 13,
    526, 15,
    526, 123,
    528, 13,
    528, 15,
    528, 27,
    528, 28,
    528, 107,
    528, 123,
    528, 363
};

/* Kerning between the respective left and right glyphs
 * 4.4 format which needs to scaled with `kern_scale`*/
static const int8_t kern_pair_values[] =
{
    -28, -9, -9, -9, -19, -28, -28, -28,
    -28, -9, -19, -19, -19, -28, -57, -66,
    -41, -47, -38, -47, -47, -28, -41, -41,
    -38, -19, -47, -47, -38, -51, -28, -19,
    -19, -57, -57, -47, -19, -31, -41, -28,
    -28, -20, -9, -38, -47, -38, -25, -28,
    -41, -9, -36, -36, -36, -18, -36, -18,
    -36, -18, -36, -36, -9, -47, -28, -9,
    -66, -47, -66, -38, -38, -66, -57, -57,
    -31, -66, -31, -31, -57, -9, -47, -38,
    -9, -47, -28, -47, -19, -19, -57, -41,
    -41, -20, -41, -20, -20, -31, -9, -28,
    -19, -19, -66, -57, -66, -47, -47, -57,
    -51, -51, -28, -51, -47, -57, -57, -51,
    -19, -57, -47, -9, -20, -10, -28, -9,
    -10, -33, -33, -33, -33, -33, -33, -28,
    -9, -9, -9, -19, -28, -28, -28, -28,
    -9, -19, -19, -28, -28, -21, -21, -56,
    -78, -21, -78, -35, -38, -35, -24, -13,
    -24, -25, -25, -84, -64, -45, -84, -45,
    -58, -45, -51, -28, -28, -51, -42, -28,
    -28, -40, -40, -51, -57, -51, -28, -51,
    -25, -28, -28, -21, -21, -56, -78, -21,
    -78, -35, -38, -35, -61, -61, 19, -79,
    -60, -79, -18, -28, -28, -9, -35, -47,
    -47, -24, -13, -24, -25, -25, -35, -35,
    -22, -35, -19, -19, -19, -19, -19, -19,
    -19, -19, -19, -19, -13, -13, -21, -21,
    -56, -78, -78, -24, -13, -24, -25, -25,
    -56, -56, -46, -40, -46, -9, -9, -38,
    -46, -38, -25, -25, -9, -46, -25, 19,
    -41, -43, -9, -55, -9, -9, -9, -35,
    -35, -35, -25, -35, -35, -19, -18, -19,
    -18, -35, -35, -35, -18, -19, -19, -35,
    -19, -19, -65, -56, -63, -46, -46, -19,
    -56, -46, -84, -64, -45, -84, -45, -58,
    -45, -51, -28, -28, -51, -52, -42, -28,
    -28, -40, -40, -51, -57, -51, -28, -51,
    -24, -38, -38, -16, -16, -33, -33, -33,
    -9, -33, -33, -33, -33, -33, -33, -25,
    -25, -19, -19, -84, -64, -45, -84, -45,
    -45, -45, -51, -28, -28, -51, -42, -28,
    -28, -40, -40, -51, -57, -51, -28, -51,
    -9, -18, -20, -18, -18, -18, -20, -18,
    -30, -15, -18, -19, -18, -37, -18, -18,
    -18, -18, -4, -4, -11, -11, -11, -11,
    -11, -4, -4, -11, -4, -4, -9, -4,
    -6, -4, -10, -9, -9, -9, -19, -19,
    -19, -19, -19, -19, -19, -19, -19, -19,
    -11, -11, -11, -11, -11, -11, -11, -11,
    -11, -11, -71, -71, -32, -13, -13, -25,
    -25, -45, -45, -32, -78, -13, -7, -26,
    -13, -26, -13, -25, -25, -19, -7, -19,
    -13, -13, -3, -3, -7, -18, -8, -13,
    -25, -19, -17, -13, -7, -13, -32, -19,
    -13, -19, -7, -41, -13, -25, -27, -25,
    -13, -7, -7, -13, -58, -58, -32, -13,
    -56, -45, 13, -38, -7, -13, -7, -38,
    -13, -19, -38, -39, -19, -38, -19, -19,
    -45, -32, -19, -32, -32, -25, -38, 13,
    6, 13, 6, 13, 6, -7, -13, -13,
    -13, -9, -7, -5, -13, -25, -26, -26,
    -25, -31, -7, -22, -13, -19, -19, -13,
    -7, -13, -13, -10, -22, -7, 6, -7,
    -19, -7, -25, -13, -19, -38, -7, -7,
    -7, -3, -13, -13, -7, -7, -13, -13,
    -19, -25, -25, -13, -25, 6, -29, 6,
    -40, -13, -37, -7, -64, -64, 19, 19,
    13, 19, -65, -38, -18, 6, -38, 6,
    6, 6, -13, -9, -36, -32, -19, -7,
    -13, 13, -19, -25, -25, -13, -7, -13,
    -13, -7, 6, 6, 6, -7, -13, -7,
    6, -51, -51, -25, -13, -25, -32, -25,
    -7, -7, -11, -19, -13, -25, -19, -13,
    -13, -25, -13, -38, -19, -19, -19, -25,
    -25, -19, -25, -32, -25, -19, -83, -83,
    -19, -19, -45, -32, -19, -98, -52, -7,
    -58, -25, -38, -7, -58, -32, -58, -45,
    -72, -61, -45, -45, -45, -25, -45, -58,
    -45, -45, -58, -45, -45, -61, -51, -45,
    -45, -45, -45, -58, -32, -45, -38, 6,
    -13, -39, -32, -45, -25, -13, -26, -19,
    -45, -7, -32, -45, -7, -7, 6, -31,
    -22, -37, -32, -19, -20, -20, -13, -13,
    -38, -37, -57, -7, -27, -43, -13, 6,
    -32, 6, 3, -26, -28, -13, -7, -19,
    -38, -36, -25, 6, -13, -46, -19, -13,
    6, -7, 5, -7, -13, -26, -20, -13,
    -7, -13, -13, -5, -19, -19, -19, -13,
    -13, -7, -7, -13, -3, -15, -7, -9,
    -3, -3, -13, -17, -7, -19, -13, -7,
    -58, -58, -25, -7, -26, -7, -13, -13,
    6, 13, 6, 6, -7, 6, 13, -13,
    6, -7, -13, -7, -7, 6, -13, -9,
    -13, -7, -9, -9, 6, -7, -3, -11,
    -3, -10, -9, -13, -8, -13, -13, -7,
    -26, -13, -7, -7, -13, -20, -7, -3,
    6, -15, 6, -13, -7, -10, 13, -7,
    -19, -13, -13, 6, -10, -7, 6, -7,
    -8, -7, -7, -13, 13, 6, 6, 6,
    13, -7, 6, -7, -10, 6, -38, -38,
    6, -7, 6, 6, -13, -7, 6, 6,
    -7, 13, -7, -51, -51, -7, -7, 13,
    -7, -7, -7, -32, -7, -7, -22, -7,
    -13, -13, -13, -13, -13, -13, -3, -14,
    -7, -7, -19, -13, -7, -19, -15, -13,
    -19, -19, -25, -19, -7, 6, -19, -39,
    -26, -19, -9, -4, -3, -20, -7, -26,
    -13, -13, -7, -7, -3, -20, -19, -51,
    -51, 6, -51, -51, -13, -13, -45, -19,
    -13
};

/*Collect the kern pair's data in one place*/
static const lv_font_fmt_txt_kern_pair_t kern_pairs =
{
    .glyph_ids = kern_pair_glyph_ids,
    .values = kern_pair_values,
    .pair_cnt = 881,
    .glyph_ids_size = 1
};

/*--------------------
 *  ALL CUSTOM DATA
 *--------------------*/

static lv_font_fmt_txt_dsc_t font_dsc = {
    .glyph_bitmap = glyph_bitmap,
    .glyph_dsc = glyph_dsc,
    .cmaps = cmaps,
    .kern_dsc = &kern_pairs,
    .kern_scale = 16,
    .cmap_num = 9,
    .bpp = 1,
    .kern_classes = 0,
    .bitmap_format = 0,
};

/*-----------------
 *  PUBLIC FONT
 *----------------*/

/*Initialize a public general font descriptor*/
lv_font_t TimesNewRoman_32 = {
    .name = "TimesNewRoman_32",
    .line_height = 40,          /*The maximum line height required by the font*/
    .base_line = 7,             /*Baseline measured from the bottom of the line*/
    .dsc = &font_dsc,          /*The custom font data. Will be accessed by `get_glyph_bitmap/dsc` */
};

REGISTER_FONT(TimesNewRoman_32);

#endif /*#if TIMESNEWROMAN_32*/
