/*******************************************************************************
 * Size: 27 px
 * Bpp: 1
 * Opts: --bpp 1 --size 27 --no-compress --stride 1 --align 1 --font TimesNewRoman.ttf --range 32-1327 --format lvgl -o TimesNewRoman_27.c
 ******************************************************************************/

#include "../fontsdef.h"

 // Range:  0x20-0x52F
 // 0x20 -0x7E  Basic Latin
 // 0xA0 -0xFF  Latin Supplement
 // 0x100-0x17F Latin Extended A
 // 0x38E-0x3CE Greek
 // 0x400-0x45D Cyrillic

#if TFT_FONT == 1 // TIMES NEW ROMAN

/*-----------------
 *    BITMAPS
 *----------------*/

/*Store the image of the glyphs*/
static LV_ATTRIBUTE_LARGE_CONST const uint8_t glyph_bitmap[] = {
    /* U+0020 " " */
    0x0,

    /* U+0021 "!" */
    0xff, 0xff, 0xfa, 0x49, 0x24, 0x80, 0xff, 0x80,

    /* U+0022 "\"" */
    0xc7, 0x8f, 0x1e, 0x3c, 0x78, 0xe1, 0x42,

    /* U+0023 "#" */
    0x4, 0x10, 0x21, 0x83, 0x8, 0x10, 0x40, 0x82,
    0x4, 0x13, 0xff, 0xe3, 0x8, 0x10, 0x40, 0x82,
    0x4, 0x10, 0x21, 0x8f, 0xff, 0x90, 0x40, 0x82,
    0x4, 0x10, 0x21, 0x83, 0x8, 0x10, 0x40,

    /* U+0024 "$" */
    0x4, 0x0, 0x80, 0x7e, 0x32, 0x6c, 0x45, 0x88,
    0xb1, 0x17, 0x20, 0xf4, 0xf, 0x80, 0xf8, 0x7,
    0x80, 0x78, 0xb, 0x81, 0x38, 0x23, 0x84, 0x70,
    0x8e, 0x11, 0x72, 0x67, 0xf0, 0x8, 0x1, 0x0,

    /* U+0025 "%" */
    0x3c, 0x0, 0x83, 0x30, 0xc, 0x30, 0xc0, 0x41,
    0x86, 0x4, 0xc, 0x30, 0x60, 0x61, 0x82, 0x3,
    0xc, 0x20, 0xc, 0xc3, 0x0, 0x3c, 0x30, 0x0,
    0x1, 0xf, 0x0, 0x18, 0xcc, 0x1, 0x8c, 0x20,
    0x8, 0x61, 0x80, 0x83, 0xc, 0xc, 0x18, 0x60,
    0x40, 0xc3, 0x4, 0x6, 0x18, 0x60, 0x19, 0x82,
    0x0, 0x78,

    /* U+0026 "&" */
    0x1, 0xe0, 0x0, 0x66, 0x0, 0x18, 0x60, 0x3,
    0xc, 0x0, 0x61, 0x80, 0xc, 0x60, 0x1, 0xd8,
    0x0, 0x1e, 0x3e, 0x3, 0x83, 0x1, 0xf0, 0x60,
    0x47, 0x8, 0x30, 0xe3, 0x4, 0xe, 0x41, 0x80,
    0xf0, 0x30, 0x1e, 0x6, 0x1, 0xe0, 0xe0, 0x5e,
    0x2e, 0x11, 0xf8, 0xfc, 0x1e, 0x0,

    /* U+0027 "'" */
    0xff, 0xfa,

    /* U+0028 "(" */
    0x1, 0x2, 0xc, 0x10, 0x10, 0x20, 0x60, 0x60,
    0x40, 0xc0, 0xc0, 0xc0, 0xc0, 0xc0, 0xc0, 0xc0,
    0xc0, 0x40, 0x60, 0x60, 0x20, 0x30, 0x10, 0x8,
    0x4, 0x2,

    /* U+0029 ")" */
    0x80, 0x80, 0x80, 0x81, 0x81, 0x3, 0x6, 0x4,
    0xc, 0x18, 0x30, 0x60, 0xc1, 0x83, 0x6, 0x8,
    0x10, 0x60, 0x81, 0x4, 0x8, 0x21, 0x80,

    /* U+002A "*" */
    0xc, 0x3, 0x0, 0xc3, 0x33, 0xe9, 0xc7, 0x81,
    0xe3, 0xa7, 0xcc, 0xc3, 0x0, 0xc0, 0x0,

    /* U+002B "+" */
    0x1, 0x0, 0x4, 0x0, 0x10, 0x0, 0x40, 0x1,
    0x0, 0x4, 0x0, 0x10, 0x3f, 0xff, 0x1, 0x0,
    0x4, 0x0, 0x10, 0x0, 0x40, 0x1, 0x0, 0x4,
    0x0, 0x10, 0x0,

    /* U+002C "," */
    0xef, 0xf1, 0x12, 0xc0,

    /* U+002D "-" */
    0xff, 0xfc,

    /* U+002E "." */
    0xff, 0x80,

    /* U+002F "/" */
    0x2, 0x2, 0x2, 0x4, 0x4, 0x4, 0x8, 0x8,
    0x8, 0x18, 0x10, 0x10, 0x30, 0x20, 0x20, 0x60,
    0x40, 0x40, 0x40, 0x80,

    /* U+0030 "0" */
    0xe, 0x2, 0x30, 0x82, 0x30, 0x66, 0x5, 0x80,
    0xf0, 0x1e, 0x3, 0xc0, 0x78, 0xf, 0x1, 0xe0,
    0x3c, 0x7, 0x80, 0xd8, 0x33, 0x6, 0x20, 0x86,
    0x30, 0x38, 0x0,

    /* U+0031 "1" */
    0x8, 0x71, 0x60, 0xc1, 0x83, 0x6, 0xc, 0x18,
    0x30, 0x60, 0xc1, 0x83, 0x6, 0xc, 0x18, 0x31,
    0xf8,

    /* U+0032 "2" */
    0xf, 0x1, 0xfc, 0x31, 0xc4, 0xe, 0x40, 0x60,
    0x6, 0x0, 0x60, 0x4, 0x0, 0x40, 0x8, 0x0,
    0x80, 0x10, 0x2, 0x0, 0x40, 0xc, 0x0, 0x80,
    0x10, 0x13, 0xfe, 0x7f, 0xe0,

    /* U+0033 "3" */
    0x1e, 0xf, 0xc4, 0x3a, 0x6, 0x1, 0x80, 0x60,
    0x10, 0x8, 0x7, 0x7, 0xe0, 0x3c, 0x7, 0x0,
    0xc0, 0x30, 0xc, 0x2, 0x1, 0xb8, 0xc7, 0xc0,

    /* U+0034 "4" */
    0x0, 0xc0, 0xc, 0x1, 0xc0, 0x3c, 0x6, 0xc0,
    0x4c, 0x8, 0xc1, 0x8c, 0x10, 0xc2, 0xc, 0x40,
    0xcc, 0xc, 0xff, 0xff, 0xff, 0x0, 0xc0, 0xc,
    0x0, 0xc0, 0xc, 0x0, 0xc0,

    /* U+0035 "5" */
    0xf, 0xe1, 0xf8, 0x40, 0x8, 0x2, 0x0, 0x78,
    0x1f, 0xc0, 0x7c, 0x3, 0xc0, 0x3c, 0x3, 0x80,
    0x30, 0x6, 0x0, 0xc0, 0x10, 0x2, 0x0, 0x8c,
    0x21, 0xf8, 0x0,

    /* U+0036 "6" */
    0x1, 0xe0, 0xc0, 0x30, 0xc, 0x3, 0x0, 0x60,
    0x18, 0x3, 0x78, 0xf1, 0xd8, 0x1b, 0x3, 0xe0,
    0x3c, 0x7, 0x80, 0xf0, 0x1b, 0x2, 0x60, 0xc6,
    0x30, 0x7c, 0x0,

    /* U+0037 "7" */
    0x7f, 0xef, 0xff, 0x1, 0x40, 0x60, 0xc, 0x1,
    0x0, 0x60, 0xc, 0x1, 0x0, 0x20, 0xc, 0x1,
    0x0, 0x20, 0xc, 0x1, 0x80, 0x20, 0xc, 0x1,
    0x80, 0x20, 0x0,

    /* U+0038 "8" */
    0x1f, 0x18, 0x6c, 0xf, 0x3, 0xc0, 0xf8, 0x36,
    0x19, 0xec, 0x3c, 0x7, 0x82, 0x71, 0x8e, 0xc1,
    0xf0, 0x3c, 0xf, 0x3, 0xe0, 0x98, 0x61, 0xe0,

    /* U+0039 "9" */
    0x1f, 0x6, 0x31, 0x83, 0x20, 0x6c, 0x7, 0x80,
    0xf0, 0x1e, 0x3, 0xe0, 0x6c, 0xd, 0xc3, 0x8f,
    0xe0, 0xc, 0x3, 0x0, 0x60, 0x18, 0x6, 0x3,
    0x83, 0xc0, 0x0,

    /* U+003A ":" */
    0xff, 0x80, 0x0, 0x3, 0xfe,

    /* U+003B ";" */
    0x73, 0x9c, 0x0, 0x0, 0x0, 0x0, 0x1d, 0xf7,
    0x84, 0x22, 0x60,

    /* U+003C "<" */
    0x0, 0x4, 0x0, 0xe0, 0xe, 0x0, 0xe0, 0xe,
    0x0, 0xc0, 0xc, 0x0, 0x1c, 0x0, 0x1c, 0x0,
    0x1c, 0x0, 0xc, 0x0, 0xe, 0x0, 0xc,

    /* U+003D "=" */
    0xff, 0xfc, 0x0, 0x0, 0x0, 0x0, 0x0, 0xff,
    0xfc,

    /* U+003E ">" */
    0x80, 0x1, 0xc0, 0x1, 0xc0, 0x1, 0xc0, 0x1,
    0xc0, 0x1, 0xc0, 0x0, 0xc0, 0xe, 0x0, 0xe0,
    0xe, 0x0, 0xc0, 0xc, 0x0, 0xc0, 0x0,

    /* U+003F "?" */
    0x3e, 0x31, 0xb0, 0x78, 0x3e, 0x1f, 0xc, 0x6,
    0x6, 0x2, 0x3, 0x1, 0x1, 0x0, 0x80, 0x40,
    0x0, 0x0, 0x1c, 0xe, 0x7, 0x0,

    /* U+0040 "@" */
    0x0, 0x7f, 0x0, 0x3, 0x3, 0x80, 0x18, 0x1,
    0x80, 0x60, 0x0, 0x81, 0x80, 0x1, 0x86, 0x0,
    0x1, 0x8, 0x0, 0x2, 0x30, 0xe, 0x2, 0x40,
    0x73, 0x84, 0x81, 0x83, 0xa, 0x7, 0x6, 0x14,
    0xc, 0xc, 0x28, 0x30, 0x30, 0x50, 0x60, 0x61,
    0x21, 0xc0, 0xc2, 0x43, 0x3, 0x4, 0x86, 0xe,
    0x11, 0xc, 0x2c, 0x61, 0x1c, 0x99, 0x82, 0x1e,
    0x3c, 0x12, 0x0, 0x0, 0x44, 0x0, 0x1, 0x84,
    0x0, 0x6, 0x6, 0x0, 0x10, 0x3, 0x1, 0xc0,
    0x1, 0xfc, 0x0,

    /* U+0041 "A" */
    0x0, 0x40, 0x0, 0xc, 0x0, 0x1, 0x80, 0x0,
    0x70, 0x0, 0xf, 0x0, 0x3, 0x60, 0x0, 0x4e,
    0x0, 0x19, 0xc0, 0x2, 0x18, 0x0, 0x43, 0x80,
    0x18, 0x70, 0x2, 0x7, 0x0, 0xff, 0xe0, 0x10,
    0xe, 0x2, 0x1, 0xc0, 0x80, 0x18, 0x10, 0x3,
    0x86, 0x0, 0x7b, 0xf0, 0x3f, 0x80,

    /* U+0042 "B" */
    0xff, 0xf0, 0x18, 0x3c, 0x18, 0xe, 0x18, 0x7,
    0x18, 0x7, 0x18, 0x7, 0x18, 0x7, 0x18, 0xe,
    0x18, 0x1c, 0x1f, 0xf8, 0x18, 0x3e, 0x18, 0xf,
    0x18, 0x7, 0x18, 0x7, 0x18, 0x7, 0x18, 0x7,
    0x18, 0xe, 0x18, 0x1c, 0xff, 0xf8,

    /* U+0043 "C" */
    0x3, 0xf1, 0xe, 0xf, 0x18, 0x7, 0x38, 0x3,
    0x70, 0x1, 0x70, 0x1, 0xe0, 0x0, 0xe0, 0x0,
    0xe0, 0x0, 0xe0, 0x0, 0xe0, 0x0, 0xe0, 0x0,
    0xe0, 0x0, 0x70, 0x0, 0x70, 0x1, 0x30, 0x2,
    0x18, 0x2, 0xe, 0xc, 0x3, 0xf0,

    /* U+0044 "D" */
    0x7f, 0xf0, 0x6, 0xf, 0x1, 0x80, 0xf0, 0x60,
    0x1c, 0x18, 0x3, 0x86, 0x0, 0xe1, 0x80, 0x1c,
    0x60, 0x7, 0x18, 0x1, 0xc6, 0x0, 0x71, 0x80,
    0x1c, 0x60, 0x7, 0x18, 0x1, 0xc6, 0x0, 0xe1,
    0x80, 0x38, 0x60, 0x1c, 0x18, 0xe, 0x6, 0xf,
    0xf, 0xff, 0x0,

    /* U+0045 "E" */
    0xff, 0xfe, 0x18, 0x6, 0x18, 0x2, 0x18, 0x2,
    0x18, 0x0, 0x18, 0x0, 0x18, 0x8, 0x18, 0x8,
    0x18, 0x18, 0x1f, 0xf8, 0x18, 0x18, 0x18, 0x8,
    0x18, 0x0, 0x18, 0x0, 0x18, 0x1, 0x18, 0x1,
    0x18, 0x2, 0x18, 0x6, 0xff, 0xfe,

    /* U+0046 "F" */
    0xff, 0xfc, 0x60, 0x31, 0x80, 0x46, 0x1, 0x18,
    0x0, 0x60, 0x1, 0x81, 0x6, 0x4, 0x18, 0x30,
    0x7f, 0xc1, 0x83, 0x6, 0x4, 0x18, 0x0, 0x60,
    0x1, 0x80, 0x6, 0x0, 0x18, 0x0, 0xe0, 0xf,
    0xf0, 0x0,

    /* U+0047 "G" */
    0x3, 0xf1, 0x3, 0x83, 0xc1, 0xc0, 0x30, 0xe0,
    0x4, 0x70, 0x1, 0x1c, 0x0, 0x6, 0x0, 0x3,
    0x80, 0x0, 0xe0, 0xf, 0xf8, 0x1, 0xce, 0x0,
    0x33, 0x80, 0xc, 0xe0, 0x3, 0x1c, 0x0, 0xc7,
    0x0, 0x30, 0xe0, 0xc, 0x1c, 0x3, 0x3, 0xc1,
    0xc0, 0x3f, 0x80,

    /* U+0048 "H" */
    0xff, 0x1f, 0xe3, 0x80, 0xe0, 0x60, 0xc, 0xc,
    0x1, 0x81, 0x80, 0x30, 0x30, 0x6, 0x6, 0x0,
    0xc0, 0xc0, 0x18, 0x18, 0x3, 0x3, 0xff, 0xe0,
    0x60, 0xc, 0xc, 0x1, 0x81, 0x80, 0x30, 0x30,
    0x6, 0x6, 0x0, 0xc0, 0xc0, 0x18, 0x18, 0x3,
    0x7, 0x80, 0xe3, 0xfc, 0x7f, 0x80,

    /* U+0049 "I" */
    0xff, 0x3c, 0x18, 0x18, 0x18, 0x18, 0x18, 0x18,
    0x18, 0x18, 0x18, 0x18, 0x18, 0x18, 0x18, 0x18,
    0x18, 0x38, 0xff,

    /* U+004A "J" */
    0x1f, 0xc1, 0x80, 0x60, 0x18, 0x6, 0x1, 0x80,
    0x60, 0x18, 0x6, 0x1, 0x80, 0x60, 0x18, 0x6,
    0x1, 0x80, 0x60, 0x18, 0x64, 0x19, 0x7, 0x80,

    /* U+004B "K" */
    0xff, 0x1f, 0x81, 0xc0, 0xe0, 0x18, 0xc, 0x1,
    0x81, 0x80, 0x18, 0x30, 0x1, 0x86, 0x0, 0x18,
    0xc0, 0x1, 0x98, 0x0, 0x1b, 0x0, 0x1, 0xf8,
    0x0, 0x1b, 0xc0, 0x1, 0x9e, 0x0, 0x18, 0xf0,
    0x1, 0x87, 0x80, 0x18, 0x3c, 0x1, 0x81, 0xe0,
    0x18, 0xf, 0x3, 0xc0, 0xfc, 0xff, 0x1f, 0xf0,

    /* U+004C "L" */
    0xff, 0x0, 0x78, 0x0, 0x60, 0x0, 0xc0, 0x1,
    0x80, 0x3, 0x0, 0x6, 0x0, 0xc, 0x0, 0x18,
    0x0, 0x30, 0x0, 0x60, 0x0, 0xc0, 0x1, 0x80,
    0x3, 0x0, 0x6, 0x0, 0xc, 0x1, 0x18, 0x2,
    0x30, 0x19, 0xff, 0xf0,

    /* U+004D "M" */
    0xfc, 0x0, 0x1f, 0x3c, 0x0, 0x38, 0x1e, 0x0,
    0x38, 0x1e, 0x0, 0x78, 0x17, 0x0, 0x58, 0x17,
    0x0, 0xd8, 0x17, 0x0, 0xd8, 0x13, 0x80, 0x98,
    0x13, 0x81, 0x98, 0x11, 0xc1, 0x18, 0x11, 0xc3,
    0x18, 0x10, 0xe2, 0x18, 0x10, 0xe6, 0x18, 0x10,
    0x74, 0x18, 0x10, 0x7c, 0x18, 0x10, 0x38, 0x18,
    0x10, 0x38, 0x18, 0x10, 0x10, 0x18, 0xfe, 0x10,
    0xff,

    /* U+004E "N" */
    0xfc, 0x7, 0xf1, 0xc0, 0x8, 0xe, 0x0, 0x80,
    0xf0, 0x8, 0xf, 0x80, 0x80, 0xb8, 0x8, 0x9,
    0xc0, 0x80, 0x8e, 0x8, 0x8, 0xf0, 0x80, 0x87,
    0x88, 0x8, 0x38, 0x80, 0x81, 0xc8, 0x8, 0x1e,
    0x80, 0x80, 0xf8, 0x8, 0x7, 0x80, 0x80, 0x38,
    0x8, 0x1, 0x80, 0x80, 0x18, 0x7f, 0x0, 0x80,

    /* U+004F "O" */
    0x3, 0xe0, 0x6, 0xc, 0x6, 0x3, 0x6, 0x0,
    0xc7, 0x0, 0x73, 0x0, 0x1b, 0x80, 0xf, 0xc0,
    0x7, 0xe0, 0x3, 0xf0, 0x1, 0xf8, 0x0, 0xfc,
    0x0, 0x7e, 0x0, 0x3b, 0x80, 0x19, 0xc0, 0x1c,
    0x60, 0xc, 0x18, 0xc, 0x6, 0xc, 0x1, 0xf8,
    0x0,

    /* U+0050 "P" */
    0xff, 0xe0, 0x7f, 0xc1, 0x83, 0x86, 0xf, 0x18,
    0x1c, 0x60, 0x71, 0x81, 0xc6, 0x7, 0x18, 0x38,
    0x61, 0xc1, 0xfe, 0x6, 0x0, 0x18, 0x0, 0x60,
    0x1, 0x80, 0x6, 0x0, 0x18, 0x0, 0x60, 0xf,
    0xf0, 0x0,

    /* U+0051 "Q" */
    0x3, 0xf0, 0x3, 0x87, 0x1, 0x80, 0x60, 0xc0,
    0x1c, 0x70, 0x3, 0x9c, 0x0, 0xee, 0x0, 0x1f,
    0x80, 0x7, 0xe0, 0x1, 0xf8, 0x0, 0x7e, 0x0,
    0x1f, 0x80, 0x7, 0xe0, 0x1, 0xd8, 0x0, 0x67,
    0x0, 0x38, 0xc0, 0xc, 0x38, 0x7, 0x7, 0x3,
    0x80, 0x7f, 0x80, 0x7, 0xc0, 0x0, 0xf0, 0x0,
    0x1e, 0x0, 0x1, 0xc0, 0x0, 0x1c, 0x0, 0x0,
    0xc0,

    /* U+0052 "R" */
    0x7f, 0xe0, 0x6, 0x1e, 0x1, 0x83, 0x80, 0x60,
    0x70, 0x18, 0x1c, 0x6, 0x7, 0x1, 0x81, 0xc0,
    0x60, 0xe0, 0x18, 0x70, 0x7, 0xf0, 0x1, 0x9c,
    0x0, 0x63, 0x80, 0x18, 0x70, 0x6, 0x1c, 0x1,
    0x83, 0x80, 0x60, 0x70, 0x18, 0x1e, 0xe, 0x3,
    0xcf, 0xf0, 0x7c,

    /* U+0053 "S" */
    0x1f, 0x26, 0xe, 0x40, 0x6c, 0x2, 0xc0, 0x2e,
    0x2, 0xf0, 0x7, 0xc0, 0x3e, 0x1, 0xf8, 0x7,
    0xe0, 0x1e, 0x0, 0x78, 0x7, 0x80, 0x38, 0x3,
    0xc0, 0x6f, 0xc, 0x9f, 0x80,

    /* U+0054 "T" */
    0xff, 0xff, 0x86, 0xe, 0xc, 0x8, 0x18, 0x10,
    0x30, 0x0, 0x60, 0x0, 0xc0, 0x1, 0x80, 0x3,
    0x0, 0x6, 0x0, 0xc, 0x0, 0x18, 0x0, 0x30,
    0x0, 0x60, 0x0, 0xc0, 0x1, 0x80, 0x3, 0x0,
    0x6, 0x0, 0x7f, 0x80,

    /* U+0055 "U" */
    0xff, 0x7, 0xf3, 0xc0, 0x1c, 0x18, 0x0, 0x81,
    0x80, 0x8, 0x18, 0x0, 0x81, 0x80, 0x8, 0x18,
    0x0, 0x81, 0x80, 0x8, 0x18, 0x0, 0x81, 0x80,
    0x8, 0x18, 0x0, 0x81, 0x80, 0x8, 0x18, 0x0,
    0x81, 0x80, 0x8, 0x18, 0x0, 0x80, 0xc0, 0x10,
    0xc, 0x3, 0x0, 0x60, 0x60, 0x1, 0xf8, 0x0,

    /* U+0056 "V" */
    0xfe, 0x7, 0xe7, 0x0, 0x30, 0xe0, 0x4, 0xc,
    0x0, 0x81, 0xc0, 0x20, 0x18, 0x4, 0x3, 0x81,
    0x80, 0x70, 0x20, 0x7, 0x4, 0x0, 0xe1, 0x0,
    0xc, 0x20, 0x1, 0xcc, 0x0, 0x39, 0x0, 0x3,
    0xa0, 0x0, 0x78, 0x0, 0x7, 0x0, 0x0, 0xe0,
    0x0, 0x8, 0x0, 0x1, 0x0, 0x0,

    /* U+0057 "W" */
    0xfe, 0x7e, 0xf, 0x9c, 0x1e, 0x3, 0xe, 0x7,
    0x1, 0x83, 0x3, 0x80, 0x81, 0xc1, 0xc0, 0x40,
    0xe0, 0x60, 0x20, 0x30, 0x38, 0x20, 0x1c, 0x2c,
    0x10, 0xe, 0x16, 0x8, 0x3, 0xb, 0x88, 0x1,
    0xc8, 0xc4, 0x0, 0xe4, 0x76, 0x0, 0x32, 0x3a,
    0x0, 0x1e, 0xd, 0x0, 0xf, 0x7, 0x80, 0x3,
    0x83, 0x80, 0x1, 0x80, 0xc0, 0x0, 0x40, 0x60,
    0x0, 0x20, 0x20, 0x0,

    /* U+0058 "X" */
    0x7f, 0x8f, 0xe3, 0xc0, 0x70, 0x38, 0xc, 0x3,
    0x81, 0x0, 0x70, 0x40, 0x7, 0x10, 0x0, 0x76,
    0x0, 0xf, 0x80, 0x0, 0xe0, 0x0, 0xe, 0x0,
    0x3, 0xc0, 0x0, 0xdc, 0x0, 0x11, 0xc0, 0x4,
    0x38, 0x1, 0x83, 0x80, 0x60, 0x38, 0x18, 0x7,
    0x7, 0x0, 0xf3, 0xf8, 0x3f, 0x80,

    /* U+0059 "Y" */
    0xff, 0xf, 0xef, 0x80, 0x70, 0xf0, 0xc, 0xe,
    0x1, 0x0, 0xe0, 0x40, 0x1c, 0x8, 0x1, 0xc2,
    0x0, 0x18, 0x80, 0x3, 0xb0, 0x0, 0x34, 0x0,
    0x3, 0x0, 0x0, 0x60, 0x0, 0xc, 0x0, 0x1,
    0x80, 0x0, 0x30, 0x0, 0x6, 0x0, 0x0, 0xc0,
    0x0, 0x1c, 0x0, 0xf, 0xe0, 0x0,

    /* U+005A "Z" */
    0x3f, 0xfe, 0x40, 0x38, 0x80, 0xf2, 0x1, 0xc0,
    0x7, 0x0, 0xe, 0x0, 0x38, 0x0, 0xe0, 0x1,
    0xc0, 0x7, 0x0, 0x1c, 0x0, 0x38, 0x0, 0xe0,
    0x3, 0x80, 0x7, 0x0, 0x9c, 0x1, 0x70, 0x2,
    0xe0, 0xf, 0xff, 0xf8,

    /* U+005B "[" */
    0xff, 0xc, 0x30, 0xc3, 0xc, 0x30, 0xc3, 0xc,
    0x30, 0xc3, 0xc, 0x30, 0xc3, 0xc, 0x30, 0xc3,
    0xc, 0x30, 0xfc,

    /* U+005C "\\" */
    0x80, 0x40, 0x40, 0x40, 0x20, 0x20, 0x20, 0x30,
    0x10, 0x10, 0x10, 0x8, 0x8, 0x8, 0x4, 0x4,
    0x4, 0x2, 0x2, 0x2,

    /* U+005D "]" */
    0xfc, 0x30, 0xc3, 0xc, 0x30, 0xc3, 0xc, 0x30,
    0xc3, 0xc, 0x30, 0xc3, 0xc, 0x30, 0xc3, 0xc,
    0x30, 0xc3, 0xfc,

    /* U+005E "^" */
    0x2, 0x0, 0x60, 0x5, 0x0, 0x98, 0x8, 0x81,
    0xc, 0x30, 0x42, 0x2, 0x60, 0x24, 0x1,

    /* U+005F "_" */
    0xff, 0xfc,

    /* U+0060 "`" */
    0xe6, 0x62, 0x10,

    /* U+0061 "a" */
    0x1f, 0x4, 0x71, 0x86, 0x30, 0xc0, 0x18, 0x1f,
    0xc, 0x63, 0xc, 0xc1, 0x98, 0x33, 0x8e, 0xfe,
    0xe7, 0x9c,

    /* U+0062 "b" */
    0x30, 0xf, 0x0, 0x30, 0x3, 0x0, 0x30, 0x3,
    0x0, 0x30, 0x3, 0x38, 0x37, 0xe3, 0x8e, 0x30,
    0x73, 0x3, 0x30, 0x33, 0x3, 0x30, 0x33, 0x3,
    0x30, 0x23, 0x6, 0x38, 0xc0, 0xf0,

    /* U+0063 "c" */
    0xf, 0xc, 0x66, 0x1d, 0x7, 0xc0, 0x30, 0xc,
    0x3, 0x0, 0xe0, 0x78, 0x17, 0x8, 0xfe, 0x1e,
    0x0,

    /* U+0064 "d" */
    0x0, 0x60, 0xf, 0x0, 0x18, 0x0, 0xc0, 0x6,
    0x0, 0x30, 0x1, 0x81, 0xec, 0x31, 0xe3, 0x7,
    0x10, 0x19, 0x80, 0xcc, 0x6, 0x60, 0x33, 0x1,
    0x98, 0xc, 0xe0, 0x63, 0x3, 0xe, 0x38, 0x3e,
    0xf0,

    /* U+0065 "e" */
    0x1f, 0x8, 0xe4, 0x1b, 0x7, 0xff, 0xf0, 0xc,
    0x3, 0x0, 0xe0, 0x78, 0x17, 0x8, 0xfc, 0x1e,
    0x0,

    /* U+0066 "f" */
    0x7, 0x81, 0x38, 0x43, 0x18, 0x3, 0x0, 0x60,
    0xc, 0x7, 0xf0, 0x30, 0x6, 0x0, 0xc0, 0x18,
    0x3, 0x0, 0x60, 0xc, 0x1, 0x80, 0x30, 0x6,
    0x1, 0xe0, 0x7f, 0x0,

    /* U+0067 "g" */
    0x1f, 0x3, 0x1f, 0x61, 0xc6, 0xc, 0x60, 0xc6,
    0xc, 0x60, 0xc3, 0x18, 0x1f, 0x2, 0x0, 0x60,
    0x7, 0xfc, 0x3f, 0xf2, 0x3, 0x40, 0x1c, 0x1,
    0xc0, 0x27, 0x4, 0x3f, 0x80,

    /* U+0068 "h" */
    0x30, 0x7, 0x80, 0xc, 0x0, 0x60, 0x3, 0x0,
    0x18, 0x0, 0xc0, 0x6, 0x78, 0x3c, 0xc1, 0x83,
    0xc, 0x18, 0x60, 0xc3, 0x6, 0x18, 0x30, 0xc1,
    0x86, 0xc, 0x30, 0x61, 0x83, 0xc, 0x19, 0xfb,
    0xf0,

    /* U+0069 "i" */
    0x30, 0xc3, 0x0, 0x0, 0x0, 0xc, 0xf0, 0xc3,
    0xc, 0x30, 0xc3, 0xc, 0x30, 0xc3, 0x3f,

    /* U+006A "j" */
    0x7, 0x7, 0x7, 0x0, 0x0, 0x0, 0x0, 0x3,
    0x1f, 0x3, 0x3, 0x3, 0x3, 0x3, 0x3, 0x3,
    0x3, 0x3, 0x3, 0x3, 0x3, 0x3, 0x3, 0x2,
    0x72, 0x7c,

    /* U+006B "k" */
    0x30, 0x3, 0xc0, 0x3, 0x0, 0xc, 0x0, 0x30,
    0x0, 0xc0, 0x3, 0x0, 0xc, 0x3e, 0x30, 0xe0,
    0xc2, 0x3, 0x10, 0xc, 0x80, 0x3e, 0x0, 0xd8,
    0x3, 0x70, 0xc, 0xe0, 0x31, 0xc0, 0xc3, 0x83,
    0xf, 0x3f, 0x3f,

    /* U+006C "l" */
    0x33, 0xc3, 0xc, 0x30, 0xc3, 0xc, 0x30, 0xc3,
    0xc, 0x30, 0xc3, 0xc, 0x30, 0xc3, 0x3f,

    /* U+006D "m" */
    0x33, 0xc7, 0x87, 0xcf, 0x98, 0x30, 0x60, 0xc3,
    0x6, 0xc, 0x30, 0x60, 0xc3, 0x6, 0xc, 0x30,
    0x60, 0xc3, 0x6, 0xc, 0x30, 0x60, 0xc3, 0x6,
    0xc, 0x30, 0x60, 0xc3, 0x6, 0xc, 0xfd, 0xfb,
    0xf0,

    /* U+006E "n" */
    0x33, 0xc3, 0xa6, 0xe, 0x18, 0x60, 0xc3, 0x6,
    0x18, 0x30, 0xc1, 0x86, 0xc, 0x30, 0x61, 0x83,
    0xc, 0x18, 0x60, 0xcf, 0xdf, 0x80,

    /* U+006F "o" */
    0x1f, 0x6, 0x31, 0x83, 0x20, 0x6c, 0x7, 0x80,
    0xf0, 0x1e, 0x3, 0xc0, 0x6c, 0x9, 0x83, 0x18,
    0x41, 0xf0,

    /* U+0070 "p" */
    0x33, 0x8f, 0x7e, 0x38, 0xe3, 0x7, 0x30, 0x33,
    0x3, 0x30, 0x33, 0x3, 0x30, 0x33, 0x2, 0x30,
    0x63, 0x8c, 0x37, 0x83, 0x0, 0x30, 0x3, 0x0,
    0x30, 0x3, 0x0, 0xfc, 0x0,

    /* U+0071 "q" */
    0xf, 0xa1, 0x87, 0x18, 0x18, 0x80, 0xcc, 0x6,
    0x60, 0x33, 0x1, 0x98, 0xc, 0xc0, 0x67, 0x3,
    0x1c, 0x38, 0x7e, 0xc1, 0xe6, 0x0, 0x30, 0x1,
    0x80, 0xc, 0x0, 0x60, 0x3, 0x0, 0x7e,

    /* U+0072 "r" */
    0x33, 0xfb, 0xce, 0x66, 0x3, 0x1, 0x80, 0xc0,
    0x60, 0x30, 0x18, 0xc, 0x6, 0xf, 0xc0,

    /* U+0073 "s" */
    0x3e, 0x46, 0xc2, 0xc2, 0xe0, 0x78, 0x3c, 0xe,
    0x7, 0x83, 0x83, 0xc6, 0xfc,

    /* U+0074 "t" */
    0x10, 0x20, 0xc1, 0x8f, 0xe6, 0xc, 0x18, 0x30,
    0x60, 0xc1, 0x83, 0x6, 0xc, 0x19, 0x1c,

    /* U+0075 "u" */
    0xf1, 0xe1, 0x83, 0xc, 0x18, 0x60, 0xc3, 0x6,
    0x18, 0x30, 0xc1, 0x86, 0xc, 0x30, 0x61, 0x83,
    0xe, 0x38, 0x3e, 0xf1, 0xe6, 0x0,

    /* U+0076 "v" */
    0xf8, 0x7b, 0x81, 0x8c, 0x8, 0x60, 0x41, 0x84,
    0xc, 0x20, 0x72, 0x1, 0x90, 0xe, 0x80, 0x38,
    0x1, 0xc0, 0x4, 0x0, 0x20, 0x0,

    /* U+0077 "w" */
    0xf9, 0xf9, 0xee, 0x1c, 0x8, 0xc1, 0x83, 0x1c,
    0x30, 0x41, 0x87, 0x8, 0x30, 0xe2, 0x7, 0x2e,
    0x40, 0x64, 0xc8, 0xd, 0x1a, 0x0, 0xe1, 0xc0,
    0x1c, 0x30, 0x3, 0x6, 0x0, 0x20, 0x40,

    /* U+0078 "x" */
    0xfc, 0xf1, 0xc6, 0x6, 0x20, 0x3b, 0x0, 0xf0,
    0x3, 0x0, 0x1c, 0x0, 0xf0, 0x9, 0x80, 0x8e,
    0x8, 0x38, 0xc1, 0xef, 0x1f, 0x80,

    /* U+0079 "y" */
    0xfc, 0x3d, 0xe0, 0x43, 0x81, 0x6, 0xc, 0x18,
    0x20, 0x31, 0x80, 0xc4, 0x1, 0x90, 0x6, 0xc0,
    0x1e, 0x0, 0x38, 0x0, 0xc0, 0x1, 0x0, 0xc,
    0x0, 0x20, 0x1, 0x80, 0x7c, 0x1, 0xf0, 0x7,
    0x0, 0x0,

    /* U+007A "z" */
    0x7f, 0xec, 0x19, 0x7, 0x20, 0xc0, 0x30, 0xe,
    0x3, 0x80, 0x60, 0x1c, 0x7, 0x1, 0xc0, 0xb8,
    0x1f, 0xfe,

    /* U+007B "{" */
    0x0, 0x1c, 0x60, 0x83, 0x6, 0xe, 0x1c, 0x18,
    0x30, 0x41, 0x84, 0x10, 0x18, 0x8, 0x18, 0x30,
    0xe1, 0xc3, 0x6, 0xc, 0x8, 0x8, 0xc,

    /* U+007C "|" */
    0xff, 0xff, 0xff, 0xc0,

    /* U+007D "}" */
    0x1, 0xc0, 0xc0, 0x81, 0x83, 0xe, 0x1c, 0x30,
    0x60, 0x40, 0xc0, 0x40, 0x43, 0x8, 0x30, 0x60,
    0xe1, 0xc1, 0x83, 0x6, 0x8, 0x21, 0x80,

    /* U+007E "~" */
    0x78, 0x5, 0x18, 0x18, 0x18, 0xa0, 0x1c,

    /* U+00A0 " " */
    0x0,

    /* U+00A1 "¡" */
    0xff, 0x80, 0x92, 0x49, 0x2f, 0xff, 0xff, 0x80,

    /* U+00A2 "¢" */
    0x0, 0x80, 0x20, 0x8, 0x4, 0x1, 0x0, 0x41,
    0xf0, 0xcf, 0x63, 0xd1, 0xc, 0x43, 0x20, 0xc8,
    0x32, 0xf, 0x7, 0xc1, 0x70, 0x8f, 0xc3, 0xe0,
    0x80, 0x40, 0x10, 0x4, 0x2, 0x0,

    /* U+00A3 "£" */
    0x3, 0xc0, 0xc6, 0x8, 0x61, 0x86, 0x18, 0x1,
    0x80, 0x18, 0x1, 0x80, 0x7f, 0x81, 0x80, 0x18,
    0x1, 0x80, 0x18, 0x1, 0x80, 0x18, 0x17, 0x81,
    0x9e, 0x29, 0x7e, 0xe3, 0xc0,

    /* U+00A4 "¤" */
    0x0, 0x1, 0x1e, 0x23, 0x87, 0x8, 0x4, 0x60,
    0x11, 0x0, 0x24, 0x0, 0x90, 0x2, 0x40, 0x9,
    0x80, 0x42, 0x1, 0xe, 0x1c, 0x47, 0xc8, 0x0,
    0x0,

    /* U+00A5 "¥" */
    0xfc, 0x7b, 0xc1, 0x8e, 0x8, 0x30, 0x41, 0x84,
    0xe, 0x20, 0x31, 0x1, 0xd0, 0x6, 0x80, 0x34,
    0x3f, 0xfe, 0x6, 0x0, 0x30, 0x7f, 0xfc, 0xc,
    0x0, 0x60, 0x3, 0x0, 0x18, 0x3, 0xf0,

    /* U+00A6 "¦" */
    0xff, 0xc0, 0xff, 0xc0,

    /* U+00A7 "§" */
    0x1e, 0xc, 0xc6, 0x31, 0x8c, 0x60, 0x1c, 0x3,
    0x80, 0x70, 0x6f, 0x11, 0xec, 0x3b, 0x7, 0xc0,
    0xf8, 0x36, 0x9, 0xc6, 0x3a, 0x7, 0x0, 0xe0,
    0x1c, 0x3, 0x18, 0xc6, 0x30, 0x98, 0x1c, 0x0,

    /* U+00A8 "¨" */
    0xe7, 0xe7, 0xe7,

    /* U+00A9 "©" */
    0x1, 0xf0, 0x1, 0xc1, 0x80, 0x60, 0xc, 0x18,
    0x0, 0xc2, 0x1f, 0x48, 0x8c, 0x18, 0x93, 0x1,
    0x14, 0x60, 0x21, 0x98, 0x0, 0x33, 0x0, 0x6,
    0x60, 0x0, 0xcc, 0x0, 0x19, 0x80, 0x2, 0x98,
    0x0, 0x93, 0x1, 0x11, 0x30, 0x44, 0x31, 0xf1,
    0x83, 0x0, 0x60, 0x38, 0x38, 0x1, 0xfc, 0x0,

    /* U+00AA "ª" */
    0x79, 0x9b, 0x30, 0x63, 0xd9, 0xb3, 0x7f, 0x40,

    /* U+00AB "«" */
    0x8, 0x20, 0x82, 0x10, 0x43, 0xc, 0x61, 0x86,
    0x38, 0xc3, 0x6, 0x38, 0x61, 0x83, 0xc, 0x10,
    0x40, 0x82, 0x8, 0x20,

    /* U+00AC "¬" */
    0xff, 0xfc, 0x0, 0x10, 0x0, 0x40, 0x1, 0x0,
    0x4, 0x0, 0x10,

    /* U+00AD "­" */
    0xff, 0xfc,

    /* U+00AE "®" */
    0x1, 0xf0, 0x1, 0xc1, 0x80, 0x60, 0xc, 0x18,
    0x0, 0xc2, 0xfe, 0x8, 0x8c, 0x60, 0x91, 0x86,
    0x14, 0x30, 0xc1, 0x86, 0x18, 0x30, 0xc6, 0x6,
    0x1f, 0x80, 0xc3, 0x70, 0x18, 0x67, 0x2, 0x8c,
    0x60, 0x91, 0x86, 0x11, 0x7c, 0x74, 0x30, 0x1,
    0x83, 0x0, 0x60, 0x38, 0x38, 0x1, 0xfc, 0x0,

    /* U+00AF "¯" */
    0xff, 0xfc,

    /* U+00B0 "°" */
    0x3c, 0x42, 0x81, 0x81, 0x81, 0x81, 0x42, 0x3c,

    /* U+00B1 "±" */
    0x1, 0x0, 0x4, 0x0, 0x10, 0x0, 0x40, 0x1,
    0x0, 0x4, 0x0, 0x10, 0x3f, 0xff, 0x1, 0x0,
    0x4, 0x0, 0x10, 0x0, 0x40, 0x1, 0x0, 0x4,
    0xf, 0xff, 0xc0,

    /* U+00B2 "²" */
    0x3c, 0x4e, 0x86, 0x6, 0xc, 0x8, 0x10, 0x21,
    0xfe,

    /* U+00B3 "³" */
    0x7a, 0x30, 0xc4, 0x3c, 0x30, 0x62, 0xf0,

    /* U+00B4 "´" */
    0x76, 0x64, 0x80,

    /* U+00B5 "µ" */
    0x60, 0xc3, 0x6, 0x18, 0x30, 0xc1, 0x86, 0xc,
    0x30, 0x61, 0x83, 0xc, 0x18, 0x60, 0xc3, 0x6,
    0x18, 0x32, 0xe7, 0xa7, 0xc7, 0x20, 0x1, 0x0,
    0x18, 0x0, 0xc0, 0x6, 0x0, 0x30, 0x0,

    /* U+00B6 "¶" */
    0x1f, 0xf9, 0xf9, 0x1f, 0xc8, 0xfe, 0x47, 0xf2,
    0x7f, 0x91, 0xfc, 0x8f, 0xe4, 0x7f, 0x21, 0xf9,
    0x0, 0xc8, 0x2, 0x40, 0x12, 0x0, 0x90, 0x4,
    0x80, 0x24, 0x1, 0x20, 0x9, 0x0, 0x48, 0x2,
    0x40, 0x12, 0x0, 0x90, 0x4, 0x80, 0x24, 0x1,
    0x20,

    /* U+00B7 "·" */
    0xff, 0x80,

    /* U+00B8 "¸" */
    0x24, 0x73, 0x3e,

    /* U+00B9 "¹" */
    0x33, 0x8c, 0x63, 0x18, 0xc6, 0x78,

    /* U+00BA "º" */
    0x3c, 0x66, 0xc3, 0xc3, 0xc3, 0xc3, 0x66, 0x3c,

    /* U+00BB "»" */
    0x82, 0x4, 0x10, 0x61, 0x82, 0x8, 0x30, 0xc1,
    0x86, 0x1c, 0x71, 0x86, 0x30, 0xc2, 0x8, 0x61,
    0x84, 0x10, 0x82, 0x0,

    /* U+00BC "¼" */
    0x30, 0x2, 0x1c, 0x1, 0x3, 0x0, 0x40, 0xc0,
    0x20, 0x30, 0x18, 0xc, 0x4, 0x3, 0x2, 0x0,
    0xc0, 0x80, 0x30, 0x40, 0x1e, 0x30, 0x20, 0x8,
    0x18, 0x4, 0xe, 0x1, 0x5, 0x80, 0x81, 0x60,
    0x60, 0x98, 0x10, 0x46, 0xc, 0x1f, 0xc6, 0x0,
    0x61, 0x0, 0x18, 0xc0, 0x0,

    /* U+00BD "½" */
    0x10, 0x2, 0x1e, 0x0, 0x40, 0xc0, 0x10, 0x18,
    0x6, 0x3, 0x0, 0x80, 0x60, 0x20, 0xc, 0xc,
    0x1, 0x81, 0x0, 0x30, 0x40, 0x6, 0x8, 0x1,
    0xe2, 0x1e, 0x0, 0xc4, 0xe0, 0x11, 0xc, 0x4,
    0x1, 0x81, 0x80, 0x20, 0x20, 0xc, 0xc, 0x3,
    0x3, 0x0, 0xc0, 0x40, 0x30, 0x98, 0xf, 0xe0,

    /* U+00BE "¾" */
    0x78, 0x1, 0x11, 0x80, 0x40, 0x30, 0x10, 0x8,
    0x2, 0x3, 0x80, 0x80, 0x38, 0x30, 0x3, 0x4,
    0x0, 0x61, 0x0, 0x98, 0x20, 0x1e, 0x8, 0x18,
    0x2, 0x3, 0x0, 0x40, 0xe0, 0x10, 0x2c, 0x6,
    0x5, 0x80, 0x81, 0x30, 0x20, 0x46, 0x4, 0xf,
    0xe1, 0x0, 0x18, 0x40, 0x3, 0x8, 0x0, 0x0,

    /* U+00BF "¿" */
    0x1c, 0x7, 0x1, 0xc0, 0x0, 0x0, 0x2, 0x0,
    0x80, 0x60, 0x10, 0xc, 0x2, 0x1, 0x80, 0xc0,
    0x30, 0x6c, 0x1f, 0x3, 0xc0, 0xdc, 0x63, 0xf0,

    /* U+00C0 "À" */
    0x1, 0xc0, 0x0, 0x18, 0x0, 0x1, 0x80, 0x0,
    0x10, 0x0, 0x2, 0x0, 0x0, 0x0, 0x0, 0x10,
    0x0, 0x3, 0x0, 0x0, 0x60, 0x0, 0x1c, 0x0,
    0x3, 0xc0, 0x0, 0xd8, 0x0, 0x13, 0x80, 0x6,
    0x70, 0x0, 0x86, 0x0, 0x10, 0xe0, 0x6, 0x1c,
    0x0, 0x81, 0xc0, 0x3f, 0xf8, 0x4, 0x3, 0x80,
    0x80, 0x70, 0x20, 0x6, 0x4, 0x0, 0xe1, 0x80,
    0x1e, 0xfc, 0xf, 0xe0,

    /* U+00C1 "Á" */
    0x0, 0x30, 0x0, 0xe, 0x0, 0x1, 0x80, 0x0,
    0x20, 0x0, 0x8, 0x0, 0x0, 0x0, 0x0, 0x10,
    0x0, 0x3, 0x0, 0x0, 0x60, 0x0, 0x1c, 0x0,
    0x3, 0xc0, 0x0, 0xd8, 0x0, 0x13, 0x80, 0x6,
    0x70, 0x0, 0x86, 0x0, 0x10, 0xe0, 0x6, 0x1c,
    0x0, 0x81, 0xc0, 0x3f, 0xf8, 0x4, 0x3, 0x80,
    0x80, 0x70, 0x20, 0x6, 0x4, 0x0, 0xe1, 0x80,
    0x1e, 0xfc, 0xf, 0xe0,

    /* U+00C2 "Â" */
    0x0, 0x60, 0x0, 0x1e, 0x0, 0x2, 0xc0, 0x0,
    0x8c, 0x0, 0x20, 0x80, 0x0, 0x0, 0x0, 0x10,
    0x0, 0x3, 0x0, 0x0, 0x60, 0x0, 0x1c, 0x0,
    0x3, 0xc0, 0x0, 0xd8, 0x0, 0x13, 0x80, 0x6,
    0x70, 0x0, 0x86, 0x0, 0x10, 0xe0, 0x6, 0x1c,
    0x0, 0x81, 0xc0, 0x3f, 0xf8, 0x4, 0x3, 0x80,
    0x80, 0x70, 0x20, 0x6, 0x4, 0x0, 0xe1, 0x80,
    0x1e, 0xfc, 0xf, 0xe0,

    /* U+00C3 "Ã" */
    0x1, 0xe4, 0x0, 0x4f, 0x0, 0x0, 0x0, 0x0,
    0x0, 0x0, 0x4, 0x0, 0x0, 0xc0, 0x0, 0x18,
    0x0, 0x7, 0x80, 0x0, 0xf0, 0x0, 0x36, 0x0,
    0x4, 0xe0, 0x0, 0x9c, 0x0, 0x31, 0xc0, 0x4,
    0x38, 0x1, 0x83, 0x0, 0x30, 0x70, 0xf, 0xfe,
    0x1, 0x80, 0xe0, 0x20, 0x1c, 0xc, 0x1, 0x81,
    0x0, 0x38, 0x60, 0x7, 0xbf, 0x3, 0xf8,

    /* U+00C4 "Ä" */
    0x3, 0x9c, 0x0, 0x73, 0x80, 0xe, 0x70, 0x0,
    0x0, 0x0, 0x0, 0x0, 0x0, 0x80, 0x0, 0x18,
    0x0, 0x3, 0x0, 0x0, 0xf0, 0x0, 0x1e, 0x0,
    0x6, 0xc0, 0x0, 0x9c, 0x0, 0x11, 0x80, 0x4,
    0x38, 0x0, 0x87, 0x0, 0x30, 0x60, 0x4, 0xe,
    0x1, 0xff, 0xc0, 0x20, 0x1c, 0x4, 0x3, 0x81,
    0x0, 0x30, 0x20, 0x7, 0xc, 0x0, 0xf7, 0xe0,
    0x3f,

    /* U+00C5 "Å" */
    0x0, 0xe0, 0x0, 0x22, 0x0, 0x4, 0x40, 0x0,
    0x88, 0x0, 0xe, 0x0, 0x0, 0x80, 0x0, 0x38,
    0x0, 0x7, 0x0, 0x1, 0xf0, 0x0, 0x2e, 0x0,
    0x4, 0xc0, 0x1, 0x9c, 0x0, 0x23, 0x80, 0xc,
    0x38, 0x1, 0x7, 0x0, 0x60, 0x70, 0xf, 0xfe,
    0x1, 0x1, 0xc0, 0x60, 0x1c, 0x8, 0x3, 0x83,
    0x0, 0x38, 0xe0, 0x7, 0xbf, 0x3, 0xf8,

    /* U+00C6 "Æ" */
    0x0, 0xff, 0xfe, 0x0, 0x3c, 0x6, 0x0, 0x2c,
    0x2, 0x0, 0x2c, 0x2, 0x0, 0x4c, 0x0, 0x0,
    0xcc, 0x0, 0x0, 0x8c, 0x4, 0x1, 0x8c, 0x4,
    0x1, 0xc, 0xc, 0x3, 0xf, 0xfc, 0x2, 0xc,
    0xc, 0x7, 0xfc, 0x4, 0x4, 0xc, 0x0, 0xc,
    0xc, 0x0, 0x8, 0xc, 0x1, 0x18, 0xc, 0x1,
    0x10, 0xc, 0x2, 0x30, 0xc, 0x6, 0xfc, 0x7f,
    0xfe,

    /* U+00C7 "Ç" */
    0x3, 0xf1, 0xe, 0xf, 0x18, 0x7, 0x38, 0x3,
    0x70, 0x1, 0x70, 0x1, 0xe0, 0x0, 0xe0, 0x0,
    0xe0, 0x0, 0xe0, 0x0, 0xe0, 0x0, 0xe0, 0x0,
    0xe0, 0x0, 0x70, 0x0, 0x70, 0x1, 0x30, 0x2,
    0x18, 0x2, 0xe, 0xc, 0x3, 0xf0, 0x1, 0x80,
    0x1, 0xc0, 0x0, 0xc0, 0x0, 0xc0, 0x3, 0x80,

    /* U+00C8 "È" */
    0x7, 0x0, 0x3, 0x0, 0x1, 0x80, 0x0, 0x80,
    0x0, 0x80, 0x0, 0x0, 0xff, 0xfe, 0x18, 0x6,
    0x18, 0x2, 0x18, 0x2, 0x18, 0x0, 0x18, 0x0,
    0x18, 0x8, 0x18, 0x8, 0x18, 0x18, 0x1f, 0xf8,
    0x18, 0x18, 0x18, 0x8, 0x18, 0x0, 0x18, 0x0,
    0x18, 0x1, 0x18, 0x1, 0x18, 0x2, 0x18, 0x6,
    0xff, 0xfe,

    /* U+00C9 "É" */
    0x0, 0xc0, 0x1, 0xc0, 0x1, 0x80, 0x1, 0x0,
    0x2, 0x0, 0x0, 0x0, 0xff, 0xfe, 0x18, 0x6,
    0x18, 0x2, 0x18, 0x2, 0x18, 0x0, 0x18, 0x0,
    0x18, 0x8, 0x18, 0x8, 0x18, 0x18, 0x1f, 0xf8,
    0x18, 0x18, 0x18, 0x8, 0x18, 0x0, 0x18, 0x0,
    0x18, 0x1, 0x18, 0x1, 0x18, 0x2, 0x18, 0x6,
    0xff, 0xfe,

    /* U+00CA "Ê" */
    0x3, 0x80, 0x3, 0xc0, 0x6, 0xc0, 0x4, 0x60,
    0x8, 0x20, 0x0, 0x0, 0xff, 0xfe, 0x18, 0x6,
    0x18, 0x2, 0x18, 0x2, 0x18, 0x0, 0x18, 0x0,
    0x18, 0x8, 0x18, 0x8, 0x18, 0x18, 0x1f, 0xf8,
    0x18, 0x18, 0x18, 0x8, 0x18, 0x0, 0x18, 0x0,
    0x18, 0x1, 0x18, 0x1, 0x18, 0x2, 0x18, 0x6,
    0xff, 0xfe,

    /* U+00CB "Ë" */
    0xe, 0x70, 0xe, 0x70, 0xe, 0x70, 0x0, 0x0,
    0x0, 0x0, 0xff, 0xfe, 0x18, 0x6, 0x18, 0x2,
    0x18, 0x2, 0x18, 0x0, 0x18, 0x0, 0x18, 0x8,
    0x18, 0x8, 0x18, 0x18, 0x1f, 0xf8, 0x18, 0x18,
    0x18, 0x8, 0x18, 0x0, 0x18, 0x0, 0x18, 0x1,
    0x18, 0x1, 0x18, 0x2, 0x18, 0x6, 0xff, 0xfe,

    /* U+00CC "Ì" */
    0x30, 0x30, 0x18, 0x8, 0x8, 0x0, 0xff, 0x3c,
    0x18, 0x18, 0x18, 0x18, 0x18, 0x18, 0x18, 0x18,
    0x18, 0x18, 0x18, 0x18, 0x18, 0x18, 0x18, 0x38,
    0xff,

    /* U+00CD "Í" */
    0xc, 0xc, 0x18, 0x10, 0x10, 0x0, 0xff, 0x3c,
    0x18, 0x18, 0x18, 0x18, 0x18, 0x18, 0x18, 0x18,
    0x18, 0x18, 0x18, 0x18, 0x18, 0x18, 0x18, 0x38,
    0xff,

    /* U+00CE "Î" */
    0x18, 0x3c, 0x2c, 0x46, 0x82, 0x0, 0xff, 0x3c,
    0x18, 0x18, 0x18, 0x18, 0x18, 0x18, 0x18, 0x18,
    0x18, 0x18, 0x18, 0x18, 0x18, 0x18, 0x18, 0x38,
    0xff,

    /* U+00CF "Ï" */
    0xe7, 0xe7, 0xe7, 0x0, 0x0, 0xff, 0x3c, 0x18,
    0x18, 0x18, 0x18, 0x18, 0x18, 0x18, 0x18, 0x18,
    0x18, 0x18, 0x18, 0x18, 0x18, 0x18, 0x3c, 0xff,

    /* U+00D0 "Ð" */
    0xff, 0xf0, 0x6, 0xf, 0x1, 0x80, 0xe0, 0x60,
    0x1c, 0x18, 0x3, 0x86, 0x0, 0xe1, 0x80, 0x1c,
    0x60, 0x7, 0x18, 0x1, 0xff, 0xf0, 0x71, 0x80,
    0x1c, 0x60, 0x7, 0x18, 0x1, 0xc6, 0x0, 0xe1,
    0x80, 0x38, 0x60, 0x1c, 0x18, 0xe, 0x6, 0xf,
    0xf, 0xff, 0x0,

    /* U+00D1 "Ñ" */
    0x1, 0xc0, 0x0, 0x27, 0x40, 0x2, 0x38, 0x0,
    0x0, 0x0, 0x0, 0x0, 0xf, 0xc0, 0x7f, 0x1c,
    0x0, 0x80, 0xe0, 0x8, 0xf, 0x0, 0x80, 0xf8,
    0x8, 0xb, 0x80, 0x80, 0x9c, 0x8, 0x8, 0xe0,
    0x80, 0x8f, 0x8, 0x8, 0x78, 0x80, 0x83, 0x88,
    0x8, 0x1c, 0x80, 0x81, 0xe8, 0x8, 0xf, 0x80,
    0x80, 0x78, 0x8, 0x3, 0x80, 0x80, 0x18, 0x8,
    0x1, 0x87, 0xf0, 0x8,

    /* U+00D2 "Ò" */
    0x3, 0x80, 0x0, 0xc0, 0x0, 0x20, 0x0, 0x8,
    0x0, 0x4, 0x0, 0x0, 0x0, 0xf, 0x80, 0x18,
    0x30, 0x18, 0xc, 0x18, 0x3, 0x1c, 0x1, 0xcc,
    0x0, 0x6e, 0x0, 0x3f, 0x0, 0x1f, 0x80, 0xf,
    0xc0, 0x7, 0xe0, 0x3, 0xf0, 0x1, 0xf8, 0x0,
    0xee, 0x0, 0x67, 0x0, 0x71, 0x80, 0x30, 0x60,
    0x30, 0x18, 0x30, 0x7, 0xe0, 0x0,

    /* U+00D3 "Ó" */
    0x0, 0xe0, 0x0, 0x60, 0x0, 0x20, 0x0, 0x20,
    0x0, 0x10, 0x0, 0x0, 0x0, 0xf, 0x80, 0x18,
    0x30, 0x18, 0xc, 0x18, 0x3, 0x1c, 0x1, 0xcc,
    0x0, 0x6e, 0x0, 0x3f, 0x0, 0x1f, 0x80, 0xf,
    0xc0, 0x7, 0xe0, 0x3, 0xf0, 0x1, 0xf8, 0x0,
    0xee, 0x0, 0x67, 0x0, 0x71, 0x80, 0x30, 0x60,
    0x30, 0x18, 0x30, 0x7, 0xe0, 0x0,

    /* U+00D4 "Ô" */
    0x1, 0xc0, 0x1, 0xe0, 0x0, 0x98, 0x0, 0x86,
    0x0, 0x0, 0x0, 0x0, 0x0, 0xf, 0x80, 0x18,
    0x30, 0x18, 0xc, 0x18, 0x3, 0x1c, 0x1, 0xcc,
    0x0, 0x6e, 0x0, 0x3f, 0x0, 0x1f, 0x80, 0xf,
    0xc0, 0x7, 0xe0, 0x3, 0xf0, 0x1, 0xf8, 0x0,
    0xee, 0x0, 0x67, 0x0, 0x71, 0x80, 0x30, 0x60,
    0x30, 0x18, 0x30, 0x7, 0xe0, 0x0,

    /* U+00D5 "Õ" */
    0x7, 0x0, 0x4, 0xe8, 0x2, 0x1c, 0x0, 0x0,
    0x0, 0x0, 0x0, 0x1f, 0x0, 0x30, 0x60, 0x30,
    0x18, 0x30, 0x6, 0x38, 0x3, 0x98, 0x0, 0xdc,
    0x0, 0x7e, 0x0, 0x3f, 0x0, 0x1f, 0x80, 0xf,
    0xc0, 0x7, 0xe0, 0x3, 0xf0, 0x1, 0xdc, 0x0,
    0xce, 0x0, 0xe3, 0x0, 0x60, 0xc0, 0x60, 0x30,
    0x60, 0xf, 0xc0,

    /* U+00D6 "Ö" */
    0x7, 0x38, 0x3, 0x9c, 0x1, 0xce, 0x0, 0x0,
    0x0, 0x0, 0x0, 0x1f, 0x0, 0x30, 0x60, 0x30,
    0x18, 0x30, 0x6, 0x38, 0x3, 0x98, 0x0, 0xdc,
    0x0, 0x7e, 0x0, 0x3f, 0x0, 0x1f, 0x80, 0xf,
    0xc0, 0x7, 0xe0, 0x3, 0xf0, 0x1, 0xdc, 0x0,
    0xce, 0x0, 0xe3, 0x0, 0x60, 0xc0, 0x60, 0x30,
    0x60, 0xf, 0xc0,

    /* U+00D7 "×" */
    0x80, 0x28, 0x8, 0x82, 0x8, 0x80, 0xa0, 0x8,
    0x2, 0x80, 0xc8, 0x30, 0x8c, 0xb, 0x1, 0x80,

    /* U+00D8 "Ø" */
    0x3, 0xe1, 0x6, 0xd, 0x6, 0x3, 0x86, 0x0,
    0xc7, 0x0, 0xf3, 0x0, 0x9b, 0x80, 0x8f, 0xc0,
    0x47, 0xe0, 0x43, 0xf0, 0x41, 0xf8, 0x40, 0xfc,
    0x60, 0x7e, 0x20, 0x3b, 0xa0, 0x19, 0xe0, 0x1c,
    0x70, 0xc, 0x18, 0xc, 0x16, 0xc, 0x10, 0xf8,
    0x0,

    /* U+00D9 "Ù" */
    0x0, 0xe0, 0x0, 0x6, 0x0, 0x0, 0x20, 0x0,
    0x1, 0x0, 0x0, 0x10, 0x0, 0x0, 0x0, 0xff,
    0x7, 0xf3, 0xc0, 0x1c, 0x18, 0x0, 0x81, 0x80,
    0x8, 0x18, 0x0, 0x81, 0x80, 0x8, 0x18, 0x0,
    0x81, 0x80, 0x8, 0x18, 0x0, 0x81, 0x80, 0x8,
    0x18, 0x0, 0x81, 0x80, 0x8, 0x18, 0x0, 0x81,
    0x80, 0x8, 0x18, 0x0, 0x80, 0xc0, 0x10, 0xc,
    0x3, 0x0, 0x60, 0x60, 0x1, 0xf8, 0x0,

    /* U+00DA "Ú" */
    0x0, 0x38, 0x0, 0x7, 0x0, 0x0, 0x60, 0x0,
    0x4, 0x0, 0x0, 0x80, 0x0, 0x0, 0x0, 0xff,
    0x7, 0xf3, 0xc0, 0x1c, 0x18, 0x0, 0x81, 0x80,
    0x8, 0x18, 0x0, 0x81, 0x80, 0x8, 0x18, 0x0,
    0x81, 0x80, 0x8, 0x18, 0x0, 0x81, 0x80, 0x8,
    0x18, 0x0, 0x81, 0x80, 0x8, 0x18, 0x0, 0x81,
    0x80, 0x8, 0x18, 0x0, 0x80, 0xc0, 0x10, 0xc,
    0x3, 0x0, 0x60, 0x60, 0x1, 0xf8, 0x0,

    /* U+00DB "Û" */
    0x0, 0x70, 0x0, 0xf, 0x80, 0x0, 0x98, 0x0,
    0x10, 0x40, 0x2, 0x0, 0x0, 0x0, 0x0, 0xff,
    0x7, 0xf3, 0xc0, 0x1c, 0x18, 0x0, 0x81, 0x80,
    0x8, 0x18, 0x0, 0x81, 0x80, 0x8, 0x18, 0x0,
    0x81, 0x80, 0x8, 0x18, 0x0, 0x81, 0x80, 0x8,
    0x18, 0x0, 0x81, 0x80, 0x8, 0x18, 0x0, 0x81,
    0x80, 0x8, 0x18, 0x0, 0x80, 0xc0, 0x10, 0xc,
    0x3, 0x0, 0x60, 0x60, 0x1, 0xf8, 0x0,

    /* U+00DC "Ü" */
    0x1, 0xdc, 0x0, 0x1d, 0xc0, 0x1, 0xdc, 0x0,
    0x0, 0x0, 0x0, 0x0, 0xf, 0xf0, 0x7f, 0x3c,
    0x1, 0xc1, 0x80, 0x8, 0x18, 0x0, 0x81, 0x80,
    0x8, 0x18, 0x0, 0x81, 0x80, 0x8, 0x18, 0x0,
    0x81, 0x80, 0x8, 0x18, 0x0, 0x81, 0x80, 0x8,
    0x18, 0x0, 0x81, 0x80, 0x8, 0x18, 0x0, 0x81,
    0x80, 0x8, 0xc, 0x1, 0x0, 0xc0, 0x30, 0x6,
    0x6, 0x0, 0x1f, 0x80,

    /* U+00DD "Ý" */
    0x0, 0x70, 0x0, 0xc, 0x0, 0x1, 0x80, 0x0,
    0x20, 0x0, 0x8, 0x0, 0x0, 0x0, 0x3f, 0xc3,
    0xfb, 0xe0, 0x1c, 0x3c, 0x3, 0x3, 0x80, 0x40,
    0x38, 0x10, 0x7, 0x2, 0x0, 0x70, 0x80, 0x6,
    0x20, 0x0, 0xec, 0x0, 0xd, 0x0, 0x0, 0xc0,
    0x0, 0x18, 0x0, 0x3, 0x0, 0x0, 0x60, 0x0,
    0xc, 0x0, 0x1, 0x80, 0x0, 0x30, 0x0, 0x7,
    0x0, 0x3, 0xf8, 0x0,

    /* U+00DE "Þ" */
    0xff, 0x0, 0xf0, 0x1, 0x80, 0x6, 0x0, 0x18,
    0x0, 0x7f, 0x81, 0x87, 0x6, 0xe, 0x18, 0x1c,
    0x60, 0x71, 0x81, 0xc6, 0x7, 0x18, 0x38, 0x61,
    0xc1, 0xfe, 0x6, 0x0, 0x18, 0x0, 0xe0, 0xf,
    0xf0, 0x0,

    /* U+00DF "ß" */
    0xf, 0x81, 0x8c, 0x10, 0x63, 0x6, 0x30, 0x63,
    0x6, 0x30, 0x63, 0xc, 0x33, 0x83, 0xe, 0x30,
    0x63, 0x7, 0x30, 0x33, 0x3, 0x30, 0x33, 0x3,
    0x32, 0x33, 0x62, 0x36, 0x6f, 0x3c,

    /* U+00E0 "à" */
    0x1c, 0x1, 0x80, 0x30, 0x3, 0x0, 0x20, 0x0,
    0x0, 0x0, 0xf8, 0x23, 0x8c, 0x31, 0x86, 0x0,
    0xc0, 0xf8, 0x63, 0x18, 0x66, 0xc, 0xc1, 0x9c,
    0x77, 0xf7, 0x3c, 0xe0,

    /* U+00E1 "á" */
    0x7, 0x0, 0xc0, 0x10, 0x6, 0x0, 0x80, 0x0,
    0x0, 0x0, 0xf8, 0x23, 0x8c, 0x31, 0x86, 0x0,
    0xc0, 0xf8, 0x63, 0x18, 0x66, 0xc, 0xc1, 0x9c,
    0x77, 0xf7, 0x3c, 0xe0,

    /* U+00E2 "â" */
    0xe, 0x3, 0xc0, 0x4c, 0x10, 0x80, 0x0, 0x0,
    0x7, 0xc1, 0x1c, 0x61, 0x8c, 0x30, 0x6, 0x7,
    0xc3, 0x18, 0xc3, 0x30, 0x66, 0xc, 0xe3, 0xbf,
    0xb9, 0xe7, 0x0,

    /* U+00E3 "ã" */
    0x38, 0x89, 0xd1, 0x1c, 0x0, 0x0, 0x0, 0x0,
    0x7, 0xc1, 0x1c, 0x61, 0x8c, 0x30, 0x6, 0x7,
    0xc3, 0x18, 0xc3, 0x30, 0x66, 0xc, 0xe3, 0xbf,
    0xb9, 0xe7, 0x0,

    /* U+00E4 "ä" */
    0x73, 0x8e, 0x71, 0xce, 0x0, 0x0, 0x0, 0x0,
    0x7, 0xc1, 0x1c, 0x61, 0x8c, 0x30, 0x6, 0x7,
    0xc3, 0x18, 0xc3, 0x30, 0x66, 0xc, 0xe3, 0xbf,
    0xb9, 0xe7, 0x0,

    /* U+00E5 "å" */
    0xe, 0x2, 0x20, 0x44, 0x8, 0x80, 0xe0, 0x0,
    0x0, 0x0, 0xf8, 0x23, 0x8c, 0x31, 0x86, 0x0,
    0xc0, 0xf8, 0x63, 0x18, 0x66, 0xc, 0xc1, 0x9c,
    0x77, 0xf7, 0x3c, 0xe0,

    /* U+00E6 "æ" */
    0x1f, 0x3c, 0x23, 0xc6, 0x61, 0x83, 0x61, 0x83,
    0x1, 0xff, 0x7, 0x80, 0x39, 0x80, 0x61, 0x80,
    0xc1, 0x81, 0xc1, 0xc1, 0xc0, 0xe2, 0xe3, 0xfe,
    0x7c, 0x38,

    /* U+00E7 "ç" */
    0xf, 0xc, 0x66, 0x1d, 0x7, 0xc0, 0x30, 0xc,
    0x3, 0x0, 0xe0, 0x7c, 0x17, 0xf8, 0xfe, 0x1e,
    0x2, 0x0, 0xe0, 0x18, 0x6, 0x7, 0x0,

    /* U+00E8 "è" */
    0x1c, 0x3, 0x0, 0xc0, 0x10, 0x4, 0x0, 0x0,
    0x0, 0x7c, 0x23, 0x90, 0x6c, 0x1f, 0xff, 0xc0,
    0x30, 0xc, 0x3, 0x81, 0xe0, 0x5c, 0x23, 0xf0,
    0x78,

    /* U+00E9 "é" */
    0x6, 0x1, 0x80, 0xc0, 0x20, 0x8, 0x0, 0x0,
    0x0, 0x7c, 0x23, 0x90, 0x6c, 0x1f, 0xff, 0xc0,
    0x30, 0xc, 0x3, 0x81, 0xe0, 0x5c, 0x23, 0xf0,
    0x78,

    /* U+00EA "ê" */
    0xe, 0x7, 0x81, 0x30, 0x84, 0x0, 0x0, 0x1,
    0xf0, 0x8e, 0x41, 0xb0, 0x7f, 0xff, 0x0, 0xc0,
    0x30, 0xe, 0x7, 0x81, 0x70, 0x8f, 0xc1, 0xe0,

    /* U+00EB "ë" */
    0x3b, 0x8e, 0xe3, 0xb8, 0x0, 0x0, 0x0, 0x1,
    0xf0, 0x8e, 0x41, 0xb0, 0x7f, 0xff, 0x0, 0xc0,
    0x30, 0xe, 0x7, 0x81, 0x70, 0x8f, 0xc1, 0xe0,

    /* U+00EC "ì" */
    0x61, 0x83, 0x4, 0x10, 0x0, 0x1c, 0x30, 0xc3,
    0xc, 0x30, 0xc3, 0xc, 0x30, 0xc3, 0x3f,

    /* U+00ED "í" */
    0x18, 0xe3, 0x8, 0x40, 0x0, 0xc, 0xf0, 0xc3,
    0xc, 0x30, 0xc3, 0xc, 0x30, 0xc3, 0x3f,

    /* U+00EE "î" */
    0x18, 0x3c, 0x64, 0x42, 0x0, 0x0, 0x18, 0x78,
    0x18, 0x18, 0x18, 0x18, 0x18, 0x18, 0x18, 0x18,
    0x18, 0x18, 0x7e,

    /* U+00EF "ï" */
    0xe7, 0xe7, 0xe7, 0x0, 0x0, 0x0, 0x18, 0x78,
    0x18, 0x18, 0x18, 0x18, 0x18, 0x18, 0x18, 0x18,
    0x18, 0x18, 0x7e,

    /* U+00F0 "ð" */
    0x20, 0x2, 0x30, 0x38, 0x7, 0x3, 0x30, 0x6,
    0x0, 0x60, 0xfe, 0x31, 0xcc, 0x19, 0x3, 0xe0,
    0x3c, 0x7, 0x80, 0xf0, 0x1e, 0x3, 0x60, 0x4c,
    0x18, 0xc2, 0xf, 0x80,

    /* U+00F1 "ñ" */
    0x1c, 0x1, 0x32, 0x8, 0xd0, 0x43, 0x0, 0x0,
    0x0, 0x0, 0xcf, 0xe, 0x98, 0x38, 0x61, 0x83,
    0xc, 0x18, 0x60, 0xc3, 0x6, 0x18, 0x30, 0xc1,
    0x86, 0xc, 0x30, 0x61, 0x83, 0x3f, 0x7e,

    /* U+00F2 "ò" */
    0x1c, 0x1, 0x80, 0x30, 0x3, 0x0, 0x20, 0x0,
    0x0, 0x0, 0xf8, 0x31, 0x8c, 0x19, 0x3, 0x60,
    0x3c, 0x7, 0x80, 0xf0, 0x1e, 0x3, 0x60, 0x4c,
    0x18, 0xc2, 0xf, 0x80,

    /* U+00F3 "ó" */
    0x7, 0x0, 0xc0, 0x18, 0x6, 0x0, 0x80, 0x0,
    0x0, 0x0, 0xf8, 0x31, 0x8c, 0x19, 0x3, 0x60,
    0x3c, 0x7, 0x80, 0xf0, 0x1e, 0x3, 0x60, 0x4c,
    0x18, 0xc2, 0xf, 0x80,

    /* U+00F4 "ô" */
    0xe, 0x1, 0xe0, 0x44, 0x10, 0x40, 0x0, 0x0,
    0x7, 0xc1, 0x8c, 0x60, 0xc8, 0x1b, 0x1, 0xe0,
    0x3c, 0x7, 0x80, 0xf0, 0x1b, 0x2, 0x60, 0xc6,
    0x10, 0x7c, 0x0,

    /* U+00F5 "õ" */
    0x38, 0x49, 0xd1, 0xe, 0x0, 0x0, 0x0, 0x0,
    0x7, 0xc1, 0x8c, 0x60, 0xc8, 0x1b, 0x1, 0xe0,
    0x3c, 0x7, 0x80, 0xf0, 0x1b, 0x2, 0x60, 0xc6,
    0x10, 0x7c, 0x0,

    /* U+00F6 "ö" */
    0x39, 0xc7, 0x38, 0xe7, 0x0, 0x0, 0x0, 0x0,
    0x7, 0xc1, 0x8c, 0x60, 0xc8, 0x1b, 0x1, 0xe0,
    0x3c, 0x7, 0x80, 0xf0, 0x1b, 0x2, 0x60, 0xc6,
    0x10, 0x7c, 0x0,

    /* U+00F7 "÷" */
    0x3, 0x0, 0xc, 0x0, 0x0, 0x0, 0x0, 0x0,
    0x3, 0xff, 0xf0, 0x0, 0x0, 0x0, 0x0, 0x0,
    0xc, 0x0, 0x30, 0x0,

    /* U+00F8 "ø" */
    0x1f, 0x24, 0x39, 0x83, 0x20, 0xec, 0x17, 0x84,
    0xf1, 0x1e, 0x43, 0xd0, 0x6c, 0x9, 0x83, 0x38,
    0x49, 0xf0, 0x0, 0x0,

    /* U+00F9 "ù" */
    0xe, 0x0, 0x30, 0x0, 0x80, 0x6, 0x0, 0x10,
    0x0, 0x0, 0x0, 0x1e, 0x3c, 0x30, 0x61, 0x83,
    0xc, 0x18, 0x60, 0xc3, 0x6, 0x18, 0x30, 0xc1,
    0x86, 0xc, 0x30, 0x61, 0xc7, 0x7, 0xde, 0x3c,
    0xc0,

    /* U+00FA "ú" */
    0x3, 0x80, 0x18, 0x1, 0x80, 0x8, 0x0, 0x40,
    0x0, 0x0, 0x0, 0x1e, 0x3c, 0x30, 0x61, 0x83,
    0xc, 0x18, 0x60, 0xc3, 0x6, 0x18, 0x30, 0xc1,
    0x86, 0xc, 0x30, 0x61, 0xc7, 0x7, 0xde, 0x3c,
    0xc0,

    /* U+00FB "û" */
    0x7, 0x0, 0x7c, 0x2, 0x20, 0x20, 0x80, 0x0,
    0x0, 0x3, 0xc7, 0x86, 0xc, 0x30, 0x61, 0x83,
    0xc, 0x18, 0x60, 0xc3, 0x6, 0x18, 0x30, 0xc1,
    0x86, 0xc, 0x38, 0xe0, 0xfb, 0xc7, 0x98,

    /* U+00FC "ü" */
    0x1d, 0xc0, 0xee, 0x7, 0x70, 0x0, 0x0, 0x0,
    0x0, 0x3, 0xc7, 0x86, 0xc, 0x30, 0x61, 0x83,
    0xc, 0x18, 0x60, 0xc3, 0x6, 0x18, 0x30, 0xc1,
    0x86, 0xc, 0x38, 0xe0, 0xfb, 0xc7, 0x98,

    /* U+00FD "ý" */
    0x1, 0x80, 0xe, 0x0, 0x30, 0x0, 0x80, 0x4,
    0x0, 0x0, 0x0, 0x0, 0x3f, 0xf, 0x78, 0x10,
    0xe0, 0x41, 0x83, 0x6, 0x8, 0xc, 0x60, 0x31,
    0x0, 0x64, 0x1, 0xb0, 0x7, 0x80, 0xe, 0x0,
    0x30, 0x0, 0x40, 0x3, 0x0, 0x8, 0x0, 0x60,
    0x1f, 0x0, 0x7c, 0x1, 0xc0, 0x0,

    /* U+00FE "þ" */
    0x30, 0xf, 0x0, 0x30, 0x3, 0x0, 0x30, 0x3,
    0x0, 0x30, 0x3, 0x38, 0x37, 0xe3, 0x8e, 0x30,
    0x73, 0x3, 0x30, 0x33, 0x3, 0x30, 0x33, 0x3,
    0x30, 0x23, 0x6, 0x38, 0xc3, 0x78, 0x30, 0x3,
    0x0, 0x30, 0x3, 0x0, 0x30, 0xf, 0xc0,

    /* U+00FF "ÿ" */
    0x1c, 0xe0, 0xe7, 0x7, 0x38, 0x0, 0x0, 0x0,
    0x0, 0x3, 0xe1, 0xee, 0x2, 0x30, 0x31, 0x81,
    0x6, 0x8, 0x30, 0x80, 0xc4, 0x6, 0x60, 0x1a,
    0x0, 0xd0, 0x7, 0x0, 0x18, 0x0, 0xc0, 0x4,
    0x0, 0x60, 0x2, 0x1, 0xf0, 0xf, 0x0, 0x70,
    0x0,

    /* U+0100 "Ā" */
    0x7, 0xf8, 0x0, 0xff, 0x0, 0x0, 0x0, 0x0,
    0x0, 0x0, 0x8, 0x0, 0x1, 0x80, 0x0, 0x30,
    0x0, 0xf, 0x0, 0x1, 0xe0, 0x0, 0x2e, 0x0,
    0x9, 0xc0, 0x1, 0x38, 0x0, 0x63, 0x80, 0x8,
    0x70, 0x1, 0x7, 0x0, 0x60, 0xe0, 0xf, 0xfc,
    0x3, 0x1, 0xc0, 0x40, 0x38, 0x8, 0x3, 0x83,
    0x0, 0x70, 0xe0, 0xf, 0x3e, 0x7, 0xf8,

    /* U+0101 "ā" */
    0x7f, 0x8f, 0xf0, 0x0, 0x0, 0x0, 0x0, 0x3e,
    0x8, 0xe3, 0xc, 0x61, 0x80, 0x30, 0x3e, 0x18,
    0xc6, 0x19, 0x83, 0x30, 0x67, 0x1d, 0xfd, 0xcf,
    0x38,

    /* U+0102 "Ă" */
    0x2, 0x8, 0x0, 0x61, 0x0, 0x7, 0xe0, 0x0,
    0x78, 0x0, 0x0, 0x0, 0x0, 0x80, 0x0, 0x18,
    0x0, 0x3, 0x0, 0x0, 0xe0, 0x0, 0x1e, 0x0,
    0x6, 0xc0, 0x0, 0x9c, 0x0, 0x33, 0x80, 0x4,
    0x30, 0x0, 0x87, 0x0, 0x30, 0xe0, 0x4, 0xe,
    0x1, 0xff, 0xc0, 0x20, 0x1c, 0x4, 0x3, 0x81,
    0x0, 0x30, 0x20, 0x7, 0xc, 0x0, 0xf7, 0xe0,
    0x7f,

    /* U+0103 "ă" */
    0x40, 0x84, 0x30, 0xfc, 0xf, 0x0, 0x0, 0x0,
    0x7, 0xc1, 0x1c, 0x61, 0x8c, 0x30, 0x6, 0x7,
    0xc3, 0x18, 0xc3, 0x30, 0x66, 0xc, 0xe3, 0xbf,
    0xb9, 0xe7, 0x0,

    /* U+0104 "Ą" */
    0x0, 0x20, 0x0, 0x3, 0x0, 0x0, 0x18, 0x0,
    0x1, 0xe0, 0x0, 0xf, 0x0, 0x0, 0xdc, 0x0,
    0x4, 0xe0, 0x0, 0x23, 0x80, 0x3, 0x1c, 0x0,
    0x10, 0xe0, 0x1, 0x83, 0x80, 0x8, 0x1c, 0x0,
    0xff, 0xf0, 0x4, 0x3, 0x80, 0x20, 0xe, 0x3,
    0x0, 0x70, 0x10, 0x1, 0xc1, 0x80, 0x1f, 0x3f,
    0x1, 0xfc, 0x0, 0x6, 0x0, 0x0, 0x30, 0x0,
    0x1, 0x80, 0x0, 0xe, 0x0, 0x0, 0x3e,

    /* U+0105 "ą" */
    0x1e, 0x1, 0x38, 0x18, 0xc0, 0xc6, 0x0, 0x30,
    0x7, 0x80, 0xcc, 0x8, 0x60, 0xc3, 0x6, 0x18,
    0x39, 0xc9, 0xf7, 0x87, 0x38, 0x1, 0x80, 0xc,
    0x0, 0x60, 0x3, 0x80, 0xf, 0x80,

    /* U+0106 "Ć" */
    0x0, 0x60, 0x0, 0xe0, 0x0, 0xc0, 0x0, 0x80,
    0x0, 0x0, 0x0, 0x0, 0x3, 0xf1, 0xe, 0xf,
    0x18, 0x7, 0x38, 0x3, 0x70, 0x1, 0x70, 0x1,
    0xe0, 0x0, 0xe0, 0x0, 0xe0, 0x0, 0xe0, 0x0,
    0xe0, 0x0, 0xe0, 0x0, 0xe0, 0x0, 0x70, 0x0,
    0x70, 0x1, 0x30, 0x2, 0x18, 0x2, 0xe, 0xc,
    0x3, 0xf0,

    /* U+0107 "ć" */
    0x7, 0x1, 0x80, 0x60, 0x10, 0x8, 0x0, 0x0,
    0x0, 0x3c, 0x31, 0x98, 0x74, 0x1f, 0x0, 0xc0,
    0x30, 0xc, 0x3, 0x81, 0xe0, 0x5c, 0x23, 0xf8,
    0x78,

    /* U+0108 "Ĉ" */
    0x1, 0xc0, 0x1, 0xc0, 0x3, 0x60, 0x2, 0x20,
    0x4, 0x10, 0x0, 0x0, 0x0, 0x0, 0x3, 0xf1,
    0xe, 0xf, 0x18, 0x7, 0x38, 0x3, 0x70, 0x1,
    0x70, 0x1, 0xe0, 0x0, 0xe0, 0x0, 0xe0, 0x0,
    0xe0, 0x0, 0xe0, 0x0, 0xe0, 0x0, 0xe0, 0x0,
    0x70, 0x0, 0x70, 0x1, 0x30, 0x2, 0x18, 0x2,
    0xe, 0xc, 0x3, 0xf0,

    /* U+0109 "ĉ" */
    0x1e, 0x7, 0x83, 0x30, 0x84, 0x0, 0x0, 0x0,
    0xf0, 0xc6, 0x61, 0xd0, 0x7c, 0x3, 0x0, 0xc0,
    0x30, 0xe, 0x7, 0x81, 0x70, 0x8f, 0xe1, 0xe0,

    /* U+010A "Ċ" */
    0x1, 0xc0, 0x1, 0xc0, 0x1, 0xc0, 0x0, 0x0,
    0x0, 0x0, 0x3, 0xf1, 0xe, 0xf, 0x18, 0x7,
    0x38, 0x3, 0x70, 0x1, 0x70, 0x1, 0xe0, 0x0,
    0xe0, 0x0, 0xe0, 0x0, 0xe0, 0x0, 0xe0, 0x0,
    0xe0, 0x0, 0xe0, 0x0, 0x70, 0x0, 0x70, 0x1,
    0x30, 0x2, 0x18, 0x2, 0xe, 0xc, 0x3, 0xf0,

    /* U+010B "ċ" */
    0xe, 0x3, 0x80, 0xe0, 0x0, 0x0, 0x0, 0x0,
    0xf0, 0xc6, 0x61, 0xd0, 0x7c, 0x3, 0x0, 0xc0,
    0x30, 0xe, 0x7, 0x81, 0x70, 0x8f, 0xe1, 0xe0,

    /* U+010C "Č" */
    0x4, 0x10, 0x3, 0x10, 0x1, 0xa0, 0x1, 0xe0,
    0x0, 0xc0, 0x0, 0x0, 0x3, 0xf1, 0xe, 0xf,
    0x18, 0x7, 0x38, 0x3, 0x70, 0x1, 0x70, 0x1,
    0xe0, 0x0, 0xe0, 0x0, 0xe0, 0x0, 0xe0, 0x0,
    0xe0, 0x0, 0xe0, 0x0, 0xe0, 0x0, 0x70, 0x0,
    0x70, 0x1, 0x30, 0x2, 0x18, 0x2, 0xe, 0xc,
    0x3, 0xf0,

    /* U+010D "č" */
    0x20, 0x84, 0x61, 0xb0, 0x38, 0x0, 0x0, 0x0,
    0xf0, 0xc6, 0x61, 0xd0, 0x7c, 0x3, 0x0, 0xc0,
    0x30, 0xe, 0x7, 0x81, 0x70, 0x8f, 0xe1, 0xe0,

    /* U+010E "Ď" */
    0x0, 0x0, 0x1, 0x4, 0x0, 0x32, 0x0, 0xf,
    0x80, 0x1, 0xc0, 0x0, 0x0, 0x7, 0xff, 0x0,
    0x60, 0xf0, 0x18, 0xf, 0x6, 0x1, 0xc1, 0x80,
    0x38, 0x60, 0xe, 0x18, 0x1, 0xc6, 0x0, 0x71,
    0x80, 0x1c, 0x60, 0x7, 0x18, 0x1, 0xc6, 0x0,
    0x71, 0x80, 0x1c, 0x60, 0xe, 0x18, 0x3, 0x86,
    0x1, 0xc1, 0x80, 0xe0, 0x60, 0xf0, 0xff, 0xf0,
    0x0,

    /* U+010F "ď" */
    0x0, 0x66, 0x1, 0xef, 0x0, 0x67, 0x0, 0x61,
    0x0, 0x61, 0x0, 0x62, 0x0, 0x62, 0xf, 0x60,
    0x31, 0xe0, 0x60, 0xe0, 0x40, 0x60, 0xc0, 0x60,
    0xc0, 0x60, 0xc0, 0x60, 0xc0, 0x60, 0xc0, 0x60,
    0xe0, 0x60, 0x60, 0x60, 0x38, 0xe0, 0x1f, 0x70,

    /* U+0110 "Đ" */
    0xff, 0xf0, 0x6, 0xf, 0x1, 0x80, 0xe0, 0x60,
    0x1c, 0x18, 0x3, 0x86, 0x0, 0xe1, 0x80, 0x1c,
    0x60, 0x7, 0x18, 0x1, 0xff, 0xf0, 0x71, 0x80,
    0x1c, 0x60, 0x7, 0x18, 0x1, 0xc6, 0x0, 0xe1,
    0x80, 0x38, 0x60, 0x1c, 0x18, 0xe, 0x6, 0xf,
    0xf, 0xff, 0x0,

    /* U+0111 "đ" */
    0x0, 0x60, 0xf, 0x0, 0x18, 0x0, 0xc0, 0x7f,
    0x80, 0x30, 0x1, 0x81, 0xec, 0x31, 0xe3, 0x7,
    0x10, 0x19, 0x80, 0xcc, 0x6, 0x60, 0x33, 0x1,
    0x98, 0xc, 0xe0, 0x63, 0x3, 0xe, 0x38, 0x3e,
    0xf0,

    /* U+0112 "Ē" */
    0xf, 0xf0, 0xf, 0xf0, 0x0, 0x0, 0x0, 0x0,
    0xff, 0xfe, 0x18, 0x6, 0x18, 0x2, 0x18, 0x2,
    0x18, 0x0, 0x18, 0x0, 0x18, 0x8, 0x18, 0x8,
    0x18, 0x18, 0x1f, 0xf8, 0x18, 0x18, 0x18, 0x8,
    0x18, 0x0, 0x18, 0x0, 0x18, 0x1, 0x18, 0x1,
    0x18, 0x2, 0x18, 0x6, 0xff, 0xfe,

    /* U+0113 "ē" */
    0x7f, 0x9f, 0xe0, 0x0, 0x0, 0x0, 0x7, 0xc2,
    0x39, 0x6, 0xc1, 0xff, 0xfc, 0x3, 0x0, 0xc0,
    0x38, 0x1e, 0x5, 0xc2, 0x3f, 0x7, 0x80,

    /* U+0114 "Ĕ" */
    0x0, 0x10, 0x8, 0x20, 0x7, 0xe0, 0x3, 0xc0,
    0x0, 0x0, 0x0, 0x0, 0xff, 0xfe, 0x18, 0x6,
    0x18, 0x2, 0x18, 0x2, 0x18, 0x0, 0x18, 0x0,
    0x18, 0x8, 0x18, 0x8, 0x18, 0x18, 0x1f, 0xf8,
    0x18, 0x18, 0x18, 0x8, 0x18, 0x0, 0x18, 0x0,
    0x18, 0x1, 0x18, 0x1, 0x18, 0x2, 0x18, 0x6,
    0xff, 0xfe,

    /* U+0115 "ĕ" */
    0x40, 0x88, 0x43, 0xf0, 0x78, 0x0, 0x0, 0x1,
    0xf0, 0x8e, 0x41, 0xb0, 0x7f, 0xff, 0x0, 0xc0,
    0x30, 0xe, 0x7, 0x81, 0x70, 0x8f, 0xc1, 0xe0,

    /* U+0116 "Ė" */
    0x1, 0xc0, 0x1, 0xc0, 0x1, 0xc0, 0x0, 0x0,
    0x0, 0x0, 0xff, 0xfe, 0x18, 0x6, 0x18, 0x2,
    0x18, 0x2, 0x18, 0x0, 0x18, 0x0, 0x18, 0x8,
    0x18, 0x8, 0x18, 0x18, 0x1f, 0xf8, 0x18, 0x18,
    0x18, 0x8, 0x18, 0x0, 0x18, 0x0, 0x18, 0x1,
    0x18, 0x1, 0x18, 0x2, 0x18, 0x6, 0xff, 0xfe,

    /* U+0117 "ė" */
    0xe, 0x3, 0x80, 0xe0, 0x0, 0x0, 0x0, 0x1,
    0xf0, 0x8e, 0x41, 0xb0, 0x7f, 0xff, 0x0, 0xc0,
    0x30, 0xe, 0x7, 0x81, 0x70, 0x8f, 0xc1, 0xe0,

    /* U+0118 "Ę" */
    0xff, 0xfe, 0x18, 0x6, 0x18, 0x2, 0x18, 0x2,
    0x18, 0x0, 0x18, 0x0, 0x18, 0x8, 0x18, 0x8,
    0x18, 0x18, 0x1f, 0xf8, 0x18, 0x18, 0x18, 0x8,
    0x18, 0x0, 0x18, 0x0, 0x18, 0x1, 0x18, 0x1,
    0x18, 0x2, 0x18, 0x6, 0xff, 0xfe, 0x0, 0x20,
    0x0, 0x60, 0x0, 0x60, 0x0, 0x70, 0x0, 0x3e,

    /* U+0119 "ę" */
    0x1f, 0x4, 0x71, 0x6, 0x60, 0xef, 0xfd, 0x80,
    0x30, 0x6, 0x0, 0xe0, 0x5e, 0x9, 0xfe, 0x1f,
    0x81, 0xe0, 0xc, 0x1, 0x80, 0x30, 0x7, 0x0,
    0x7c,

    /* U+011A "Ě" */
    0x0, 0x10, 0x4, 0x20, 0x6, 0x40, 0x3, 0xc0,
    0x3, 0x80, 0x0, 0x0, 0xff, 0xfe, 0x18, 0x6,
    0x18, 0x2, 0x18, 0x2, 0x18, 0x0, 0x18, 0x0,
    0x18, 0x8, 0x18, 0x8, 0x18, 0x18, 0x1f, 0xf8,
    0x18, 0x18, 0x18, 0x8, 0x18, 0x0, 0x18, 0x0,
    0x18, 0x1, 0x18, 0x1, 0x18, 0x2, 0x18, 0x6,
    0xff, 0xfe,

    /* U+011B "ě" */
    0x20, 0x84, 0x41, 0xa0, 0x38, 0xc, 0x0, 0x1,
    0xf0, 0x8e, 0x41, 0xb0, 0x7f, 0xff, 0x0, 0xc0,
    0x30, 0xe, 0x7, 0x81, 0x70, 0x8f, 0xc1, 0xe0,

    /* U+011C "Ĝ" */
    0x0, 0xe0, 0x0, 0x38, 0x0, 0x1b, 0x0, 0xc,
    0x40, 0x2, 0x8, 0x0, 0x0, 0x0, 0x0, 0x0,
    0xf, 0xc4, 0xe, 0xf, 0x7, 0x0, 0xc3, 0x80,
    0x11, 0xc0, 0x4, 0x70, 0x0, 0x18, 0x0, 0xe,
    0x0, 0x3, 0x80, 0x3f, 0xe0, 0x7, 0x38, 0x0,
    0xce, 0x0, 0x33, 0x80, 0xc, 0x70, 0x3, 0x1c,
    0x0, 0xc3, 0x80, 0x30, 0x70, 0xc, 0xf, 0x7,
    0x0, 0xfe, 0x0,

    /* U+011D "ĝ" */
    0xe, 0x0, 0xf0, 0x13, 0x2, 0x8, 0x0, 0x0,
    0x0, 0x1f, 0x3, 0x1f, 0x61, 0xc6, 0xc, 0x60,
    0xc6, 0xc, 0x60, 0xc3, 0x18, 0x1f, 0x2, 0x0,
    0x60, 0x7, 0xfc, 0x3f, 0xf2, 0x3, 0x40, 0x1c,
    0x1, 0xc0, 0x27, 0x4, 0x3f, 0x80,

    /* U+011E "Ğ" */
    0x0, 0x4, 0x0, 0xc3, 0x0, 0x1f, 0x80, 0x3,
    0xc0, 0x0, 0x0, 0x0, 0x0, 0x0, 0x3f, 0x10,
    0x38, 0x3c, 0x1c, 0x3, 0xe, 0x0, 0x47, 0x0,
    0x11, 0xc0, 0x0, 0x60, 0x0, 0x38, 0x0, 0xe,
    0x0, 0xff, 0x80, 0x1c, 0xe0, 0x3, 0x38, 0x0,
    0xce, 0x0, 0x31, 0xc0, 0xc, 0x70, 0x3, 0xe,
    0x0, 0xc1, 0xc0, 0x30, 0x3c, 0x1c, 0x3, 0xf8,
    0x0,

    /* U+011F "ğ" */
    0x20, 0x83, 0x8, 0x1f, 0x80, 0xf0, 0x0, 0x0,
    0x0, 0x1f, 0x3, 0x1f, 0x61, 0xc6, 0xc, 0x60,
    0xc6, 0xc, 0x60, 0xc3, 0x18, 0x1f, 0x2, 0x0,
    0x60, 0x7, 0xfc, 0x3f, 0xf2, 0x3, 0x40, 0x1c,
    0x1, 0xc0, 0x27, 0x4, 0x3f, 0x80,

    /* U+0120 "Ġ" */
    0x0, 0xe0, 0x0, 0x38, 0x0, 0xe, 0x0, 0x0,
    0x0, 0x0, 0x0, 0x0, 0xfc, 0x40, 0xe0, 0xf0,
    0x70, 0xc, 0x38, 0x1, 0x1c, 0x0, 0x47, 0x0,
    0x1, 0x80, 0x0, 0xe0, 0x0, 0x38, 0x3, 0xfe,
    0x0, 0x33, 0x80, 0xc, 0xe0, 0x3, 0x38, 0x0,
    0xc7, 0x0, 0x31, 0xc0, 0xc, 0x38, 0x3, 0x7,
    0x0, 0xc0, 0xf0, 0x70, 0xf, 0xe0,

    /* U+0121 "ġ" */
    0xe, 0x0, 0xe0, 0xe, 0x0, 0x0, 0x0, 0x0,
    0x0, 0x1f, 0x3, 0x1f, 0x61, 0xc6, 0xc, 0x60,
    0xc6, 0xc, 0x60, 0xc3, 0x18, 0x1f, 0x2, 0x0,
    0x60, 0x7, 0xfc, 0x3f, 0xf2, 0x3, 0x40, 0x1c,
    0x1, 0xc0, 0x27, 0x4, 0x3f, 0x80,

    /* U+0122 "Ģ" */
    0x3, 0xf1, 0x3, 0x83, 0xc1, 0xc0, 0x30, 0xe0,
    0x4, 0x70, 0x1, 0x1c, 0x0, 0x6, 0x0, 0x3,
    0x80, 0x0, 0xe0, 0x1f, 0xf8, 0x1, 0xce, 0x0,
    0x33, 0x80, 0xc, 0xe0, 0x3, 0x1c, 0x0, 0xc7,
    0x0, 0x30, 0xe0, 0xc, 0x1c, 0x3, 0x3, 0xc1,
    0xc0, 0x3f, 0x80, 0x3, 0x0, 0x0, 0xe0, 0x0,
    0x18, 0x0, 0x6, 0x0, 0x7, 0x0,

    /* U+0123 "ģ" */
    0x6, 0x0, 0xc0, 0x8, 0x0, 0xe0, 0x6, 0x0,
    0x0, 0x0, 0x0, 0x0, 0x1f, 0x3, 0x1f, 0x61,
    0xc6, 0xc, 0x60, 0xc6, 0xc, 0x60, 0xc3, 0x18,
    0x1f, 0x2, 0x0, 0x60, 0x7, 0xfc, 0x3f, 0xf2,
    0x3, 0x40, 0x1c, 0x1, 0xc0, 0x27, 0x4, 0x3f,
    0x80,

    /* U+0124 "Ĥ" */
    0x0, 0xe0, 0x0, 0x3e, 0x0, 0x4, 0xc0, 0x1,
    0x4, 0x0, 0x0, 0x40, 0x0, 0x0, 0x3f, 0xc7,
    0xf8, 0xe0, 0x38, 0x18, 0x3, 0x3, 0x0, 0x60,
    0x60, 0xc, 0xc, 0x1, 0x81, 0x80, 0x30, 0x30,
    0x6, 0x6, 0x0, 0xc0, 0xff, 0xf8, 0x18, 0x3,
    0x3, 0x0, 0x60, 0x60, 0xc, 0xc, 0x1, 0x81,
    0x80, 0x30, 0x30, 0x6, 0x6, 0x0, 0xc1, 0xe0,
    0x38, 0xff, 0x1f, 0xe0,

    /* U+0125 "ĥ" */
    0x7, 0x0, 0x78, 0x2, 0x60, 0x21, 0x80, 0x0,
    0x18, 0x3, 0xc0, 0x6, 0x0, 0x30, 0x1, 0x80,
    0xc, 0x0, 0x60, 0x3, 0x3c, 0x1e, 0x60, 0xc1,
    0x86, 0xc, 0x30, 0x61, 0x83, 0xc, 0x18, 0x60,
    0xc3, 0x6, 0x18, 0x30, 0xc1, 0x86, 0xc, 0xfd,
    0xf8,

    /* U+0126 "Ħ" */
    0xff, 0x1f, 0xc6, 0x0, 0xc1, 0x80, 0x33, 0xff,
    0xff, 0x18, 0x3, 0x6, 0x0, 0xc1, 0x80, 0x30,
    0x60, 0xc, 0x18, 0x3, 0x7, 0xff, 0xc1, 0x80,
    0x30, 0x60, 0xc, 0x18, 0x3, 0x6, 0x0, 0xc1,
    0x80, 0x30, 0x60, 0xc, 0x18, 0x3, 0xe, 0x1,
    0xcf, 0xf1, 0xfc,

    /* U+0127 "ħ" */
    0x30, 0x7, 0x80, 0xc, 0x0, 0x60, 0xf, 0xf0,
    0x18, 0x0, 0xc0, 0x6, 0x78, 0x34, 0xc1, 0xc3,
    0xc, 0x18, 0x60, 0xc3, 0x6, 0x18, 0x30, 0xc1,
    0x86, 0xc, 0x30, 0x61, 0x83, 0xc, 0x19, 0xfb,
    0xf0,

    /* U+0128 "Ĩ" */
    0x71, 0x4e, 0xa3, 0x80, 0x0, 0x7, 0xf8, 0xf0,
    0x30, 0x18, 0xc, 0x6, 0x3, 0x1, 0x80, 0xc0,
    0x60, 0x30, 0x18, 0xc, 0x6, 0x3, 0x1, 0x80,
    0xc0, 0xf1, 0xfe,

    /* U+0129 "ĩ" */
    0x70, 0xb9, 0x9d, 0xe, 0x0, 0x0, 0x18, 0x78,
    0x18, 0x18, 0x18, 0x18, 0x18, 0x18, 0x18, 0x18,
    0x18, 0x18, 0x7e,

    /* U+012A "Ī" */
    0xff, 0xff, 0x0, 0x0, 0xff, 0x3c, 0x18, 0x18,
    0x18, 0x18, 0x18, 0x18, 0x18, 0x18, 0x18, 0x18,
    0x18, 0x18, 0x18, 0x18, 0x18, 0x3c, 0xff,

    /* U+012B "ī" */
    0xff, 0xff, 0x0, 0x0, 0x18, 0x78, 0x18, 0x18,
    0x18, 0x18, 0x18, 0x18, 0x18, 0x18, 0x18, 0x18,
    0x7e,

    /* U+012C "Ĭ" */
    0x80, 0x42, 0x7e, 0x3c, 0x0, 0x0, 0xff, 0x3c,
    0x18, 0x18, 0x18, 0x18, 0x18, 0x18, 0x18, 0x18,
    0x18, 0x18, 0x18, 0x18, 0x18, 0x18, 0x18, 0x38,
    0xff,

    /* U+012D "ĭ" */
    0x82, 0xc2, 0x7e, 0x3c, 0x0, 0x0, 0x18, 0x78,
    0x18, 0x18, 0x18, 0x18, 0x18, 0x18, 0x18, 0x18,
    0x18, 0x18, 0x7e,

    /* U+012E "Į" */
    0xff, 0x3c, 0x18, 0x18, 0x18, 0x18, 0x18, 0x18,
    0x18, 0x18, 0x18, 0x18, 0x18, 0x18, 0x18, 0x18,
    0x18, 0x38, 0xff, 0x10, 0x30, 0x30, 0x38, 0x1f,

    /* U+012F "į" */
    0x30, 0x60, 0xc0, 0x0, 0x0, 0x0, 0x8, 0xf0,
    0x60, 0xc1, 0x83, 0x6, 0xc, 0x18, 0x30, 0x60,
    0xc7, 0xe3, 0x6, 0xc, 0x1c, 0x1e,

    /* U+0130 "İ" */
    0x18, 0x18, 0x18, 0x0, 0x0, 0xff, 0x3c, 0x18,
    0x18, 0x18, 0x18, 0x18, 0x18, 0x18, 0x18, 0x18,
    0x18, 0x18, 0x18, 0x18, 0x18, 0x18, 0x38, 0xff,

    /* U+0131 "ı" */
    0x33, 0xc3, 0xc, 0x30, 0xc3, 0xc, 0x30, 0xc3,
    0xc, 0xfc,

    /* U+0132 "Ĳ" */
    0xff, 0x1f, 0xe3, 0x80, 0xe0, 0x60, 0xc, 0xc,
    0x1, 0x81, 0x80, 0x30, 0x30, 0x6, 0x6, 0x0,
    0xc0, 0xc0, 0x18, 0x18, 0x3, 0x3, 0x0, 0x60,
    0x60, 0xc, 0xc, 0x1, 0x81, 0x80, 0x30, 0x30,
    0x6, 0x6, 0x0, 0xc0, 0xc0, 0x18, 0x18, 0x72,
    0x7, 0x8e, 0x43, 0xfc, 0xf0, 0x0,

    /* U+0133 "ĳ" */
    0x30, 0x33, 0x3, 0x30, 0x30, 0x0, 0x0, 0x0,
    0x0, 0x0, 0x3, 0x3, 0xf0, 0xf3, 0x3, 0x30,
    0x33, 0x3, 0x30, 0x33, 0x3, 0x30, 0x33, 0x3,
    0x30, 0x33, 0x3, 0x30, 0x3f, 0xc3, 0x0, 0x30,
    0x3, 0x0, 0x30, 0x2, 0xe, 0x40, 0x78,

    /* U+0134 "Ĵ" */
    0x6, 0x3, 0x80, 0xb0, 0x46, 0x20, 0x80, 0x0,
    0x0, 0x7f, 0x6, 0x1, 0x80, 0x60, 0x18, 0x6,
    0x1, 0x80, 0x60, 0x18, 0x6, 0x1, 0x80, 0x60,
    0x18, 0x6, 0x1, 0x80, 0x61, 0x90, 0x64, 0x1e,
    0x0,

    /* U+0135 "ĵ" */
    0xe, 0x7, 0x86, 0x42, 0x10, 0x0, 0x0, 0x18,
    0x3c, 0x6, 0x3, 0x1, 0x80, 0xc0, 0x60, 0x30,
    0x18, 0xc, 0x6, 0x3, 0x1, 0x80, 0xc0, 0x60,
    0x30, 0x11, 0xc8, 0xf8, 0x0,

    /* U+0136 "Ķ" */
    0xff, 0x1f, 0x81, 0xc0, 0xe0, 0x18, 0xc, 0x1,
    0x81, 0x80, 0x18, 0x30, 0x1, 0x86, 0x0, 0x18,
    0xc0, 0x1, 0x98, 0x0, 0x1b, 0x0, 0x1, 0xf8,
    0x0, 0x1b, 0xc0, 0x1, 0x9e, 0x0, 0x18, 0xf0,
    0x1, 0x87, 0x80, 0x18, 0x3c, 0x1, 0x81, 0xe0,
    0x18, 0xf, 0x3, 0xc0, 0xfc, 0xff, 0x1f, 0xf0,
    0x0, 0x0, 0x0, 0xe0, 0x0, 0x3, 0x0, 0x0,
    0x30, 0x0, 0x7, 0x0, 0x1, 0xe0, 0x0,

    /* U+0137 "ķ" */
    0x30, 0x3, 0xc0, 0x3, 0x0, 0xc, 0x0, 0x30,
    0x0, 0xc0, 0x3, 0x0, 0xc, 0x3e, 0x30, 0x60,
    0xc3, 0x3, 0x10, 0xc, 0x80, 0x3e, 0x0, 0xdc,
    0x3, 0x70, 0xc, 0xe0, 0x31, 0xc0, 0xc3, 0x83,
    0x7, 0x3f, 0x3f, 0x0, 0x0, 0x1c, 0x0, 0x18,
    0x0, 0x60, 0x3, 0x80, 0x3c, 0x0,

    /* U+0138 "ĸ" */
    0xfd, 0xf8, 0xc3, 0x83, 0x8, 0xc, 0x40, 0x36,
    0x0, 0xf8, 0x3, 0x60, 0xd, 0xc0, 0x33, 0x80,
    0xc7, 0x3, 0xe, 0xc, 0x3c, 0xfc, 0xfc,

    /* U+0139 "Ĺ" */
    0x3, 0x80, 0x6, 0x0, 0x8, 0x0, 0x30, 0x0,
    0x40, 0x0, 0x0, 0x3f, 0xc0, 0x1e, 0x0, 0x18,
    0x0, 0x30, 0x0, 0x60, 0x0, 0xc0, 0x1, 0x80,
    0x3, 0x0, 0x6, 0x0, 0xc, 0x0, 0x18, 0x0,
    0x30, 0x0, 0x60, 0x0, 0xc0, 0x1, 0x80, 0x3,
    0x0, 0x46, 0x0, 0x8c, 0x6, 0x7f, 0xfc,

    /* U+013A "ĺ" */
    0x18, 0x63, 0x8, 0x40, 0xcf, 0xc, 0x30, 0xc3,
    0xc, 0x30, 0xc3, 0xc, 0x30, 0xc3, 0xc, 0x30,
    0xc3, 0xc, 0xfc,

    /* U+013B "Ļ" */
    0xff, 0x0, 0x3c, 0x0, 0x18, 0x0, 0x18, 0x0,
    0x18, 0x0, 0x18, 0x0, 0x18, 0x0, 0x18, 0x0,
    0x18, 0x0, 0x18, 0x0, 0x18, 0x0, 0x18, 0x0,
    0x18, 0x0, 0x18, 0x0, 0x18, 0x0, 0x18, 0x2,
    0x18, 0x2, 0x18, 0x6, 0x3f, 0xfc, 0x40, 0x0,
    0x3, 0x80, 0x0, 0xc0, 0x0, 0xc0, 0x1, 0xc0,
    0x3, 0x80,

    /* U+013C "ļ" */
    0x33, 0xc3, 0xc, 0x30, 0xc3, 0xc, 0x30, 0xc3,
    0xc, 0x30, 0xc3, 0xc, 0x30, 0xc3, 0x3f, 0x0,
    0xc1, 0x86, 0x19, 0xc0,

    /* U+013D "Ľ" */
    0xff, 0x1c, 0x3c, 0x1e, 0x18, 0x1e, 0x18, 0x2,
    0x18, 0x2, 0x18, 0x4, 0x18, 0x8, 0x18, 0x10,
    0x18, 0x0, 0x18, 0x0, 0x18, 0x0, 0x18, 0x0,
    0x18, 0x0, 0x18, 0x0, 0x18, 0x1, 0x18, 0x1,
    0x18, 0x2, 0x18, 0x6, 0x7f, 0xfe,

    /* U+013E "ľ" */
    0x33, 0xbc, 0xf3, 0x3c, 0xc1, 0x30, 0x4c, 0x23,
    0x10, 0xc0, 0x30, 0xc, 0x3, 0x0, 0xc0, 0x30,
    0xc, 0x3, 0x0, 0xc0, 0x30, 0xc, 0x3, 0x3,
    0xf0,

    /* U+013F "Ŀ" */
    0xff, 0x0, 0x3c, 0x0, 0x18, 0x0, 0x18, 0x0,
    0x18, 0x0, 0x18, 0x0, 0x18, 0x0, 0x18, 0x0,
    0x18, 0x70, 0x18, 0x70, 0x18, 0x70, 0x18, 0x0,
    0x18, 0x0, 0x18, 0x0, 0x18, 0x1, 0x18, 0x2,
    0x18, 0x2, 0x18, 0x6, 0x7f, 0xfc,

    /* U+0140 "ŀ" */
    0x30, 0x78, 0xc, 0x6, 0x3, 0x1, 0x80, 0xc0,
    0x60, 0x30, 0x19, 0xcc, 0xe6, 0x73, 0x1, 0x80,
    0xc0, 0x60, 0x30, 0x18, 0xc, 0x1f, 0x80,

    /* U+0141 "Ł" */
    0x7f, 0x0, 0x1c, 0x0, 0x18, 0x0, 0x18, 0x0,
    0x18, 0x0, 0x18, 0x0, 0x19, 0x80, 0x1b, 0x0,
    0x1c, 0x0, 0x18, 0x0, 0x18, 0x0, 0x38, 0x0,
    0x58, 0x0, 0x98, 0x0, 0x18, 0x1, 0x18, 0x2,
    0x18, 0x2, 0x18, 0x6, 0x3f, 0xfc,

    /* U+0142 "ł" */
    0x18, 0x78, 0x18, 0x18, 0x18, 0x18, 0x19, 0x1b,
    0x1c, 0x18, 0x18, 0x78, 0xd8, 0x18, 0x18, 0x18,
    0x18, 0x18, 0x18, 0x7e,

    /* U+0143 "Ń" */
    0x0, 0x30, 0x0, 0x7, 0x0, 0x0, 0x60, 0x0,
    0x4, 0x0, 0x0, 0x0, 0x0, 0x0, 0x0, 0xfc,
    0x7, 0xf1, 0xc0, 0x8, 0xe, 0x0, 0x80, 0xf0,
    0x8, 0xf, 0x80, 0x80, 0xb8, 0x8, 0x9, 0xc0,
    0x80, 0x8e, 0x8, 0x8, 0xf0, 0x80, 0x87, 0x88,
    0x8, 0x38, 0x80, 0x81, 0xc8, 0x8, 0x1e, 0x80,
    0x80, 0xf8, 0x8, 0x7, 0x80, 0x80, 0x38, 0x8,
    0x1, 0x80, 0x80, 0x18, 0x7f, 0x0, 0x80,

    /* U+0144 "ń" */
    0x3, 0x80, 0x18, 0x1, 0x80, 0x8, 0x0, 0x40,
    0x0, 0x0, 0x0, 0x6, 0x78, 0x74, 0xc1, 0xc3,
    0xc, 0x18, 0x60, 0xc3, 0x6, 0x18, 0x30, 0xc1,
    0x86, 0xc, 0x30, 0x61, 0x83, 0xc, 0x19, 0xfb,
    0xf0,

    /* U+0145 "Ņ" */
    0xfc, 0x3, 0xf1, 0xc0, 0x8, 0xe, 0x0, 0x80,
    0xf0, 0x8, 0xf, 0x80, 0x80, 0xb8, 0x8, 0x9,
    0xc0, 0x80, 0x8e, 0x8, 0x8, 0xf0, 0x80, 0x87,
    0x88, 0x8, 0x38, 0x80, 0x81, 0xc8, 0x8, 0x1e,
    0x80, 0x80, 0xf8, 0x8, 0x7, 0x80, 0x80, 0x38,
    0x8, 0x1, 0x80, 0x80, 0x18, 0x7f, 0x0, 0x80,
    0x0, 0x0, 0x0, 0x70, 0x0, 0x1, 0x80, 0x0,
    0x18, 0x0, 0x7, 0x0,

    /* U+0146 "ņ" */
    0x33, 0xc3, 0xa6, 0xe, 0x18, 0x60, 0xc3, 0x6,
    0x18, 0x30, 0xc1, 0x86, 0xc, 0x30, 0x61, 0x83,
    0xc, 0x18, 0x60, 0xcf, 0xdf, 0x80, 0x0, 0x1c,
    0x0, 0x30, 0x1, 0x80, 0x1c, 0x3, 0xc0,

    /* U+0147 "Ň" */
    0x1, 0x4, 0x0, 0x8, 0x80, 0x0, 0xd8, 0x0,
    0x7, 0x0, 0x0, 0x70, 0x0, 0x0, 0x0, 0xfc,
    0x7, 0xf1, 0xc0, 0x8, 0xe, 0x0, 0x80, 0xf0,
    0x8, 0xf, 0x80, 0x80, 0xb8, 0x8, 0x9, 0xc0,
    0x80, 0x8e, 0x8, 0x8, 0xf0, 0x80, 0x87, 0x88,
    0x8, 0x38, 0x80, 0x81, 0xc8, 0x8, 0x1e, 0x80,
    0x80, 0xf8, 0x8, 0x7, 0x80, 0x80, 0x38, 0x8,
    0x1, 0x80, 0x80, 0x18, 0x7f, 0x0, 0x80,

    /* U+0148 "ň" */
    0x10, 0x80, 0xc4, 0x3, 0x40, 0x1e, 0x0, 0x0,
    0x0, 0x0, 0xcf, 0xe, 0x98, 0x38, 0x61, 0x83,
    0xc, 0x18, 0x60, 0xc3, 0x6, 0x18, 0x30, 0xc1,
    0x86, 0xc, 0x30, 0x61, 0x83, 0x3f, 0x7e,

    /* U+0149 "ŉ" */
    0x60, 0x0, 0x78, 0x0, 0x1c, 0x0, 0x2, 0x0,
    0x2, 0x0, 0x1, 0x0, 0x0, 0x19, 0xe0, 0x1d,
    0x18, 0x7, 0x6, 0x3, 0x3, 0x1, 0x81, 0x80,
    0xc0, 0xc0, 0x60, 0x60, 0x30, 0x30, 0x18, 0x18,
    0xc, 0xc, 0x6, 0x6, 0x3, 0x3, 0x7, 0xe7,
    0xe0,

    /* U+014A "Ŋ" */
    0xf8, 0xfc, 0x6, 0x43, 0x81, 0xa0, 0x70, 0x70,
    0xe, 0x18, 0x3, 0x86, 0x0, 0x71, 0x80, 0x1c,
    0x60, 0x7, 0x18, 0x1, 0xc6, 0x0, 0x71, 0x80,
    0x1c, 0x60, 0x7, 0x18, 0x1, 0xc6, 0x0, 0x61,
    0x80, 0x18, 0x61, 0x86, 0x18, 0x63, 0x7, 0x1c,
    0x8f, 0xf3, 0x80,

    /* U+014B "ŋ" */
    0x33, 0xcf, 0x98, 0xc1, 0x98, 0x33, 0x6, 0x60,
    0xcc, 0x19, 0x83, 0x30, 0x66, 0xc, 0xc1, 0x98,
    0x3f, 0xc6, 0x0, 0xc0, 0x18, 0x3, 0x0, 0x41,
    0xc8, 0x1e, 0x0,

    /* U+014C "Ō" */
    0x7, 0xf8, 0x3, 0xfc, 0x0, 0x0, 0x0, 0x0,
    0x0, 0x3e, 0x0, 0x60, 0xc0, 0x60, 0x30, 0x60,
    0xc, 0x70, 0x7, 0x30, 0x1, 0xb8, 0x0, 0xfc,
    0x0, 0x7e, 0x0, 0x3f, 0x0, 0x1f, 0x80, 0xf,
    0xc0, 0x7, 0xe0, 0x3, 0xb8, 0x1, 0x9c, 0x1,
    0xc6, 0x0, 0xc1, 0x80, 0xc0, 0x60, 0xc0, 0x1f,
    0x80,

    /* U+014D "ō" */
    0x3f, 0xc7, 0xf8, 0x0, 0x0, 0x0, 0x0, 0x3e,
    0xc, 0x63, 0x6, 0x40, 0xd8, 0xf, 0x1, 0xe0,
    0x3c, 0x7, 0x80, 0xd8, 0x13, 0x6, 0x30, 0x83,
    0xe0,

    /* U+014E "Ŏ" */
    0x4, 0x10, 0x3, 0x8, 0x0, 0xf8, 0x0, 0x38,
    0x0, 0x0, 0x0, 0x0, 0x0, 0xf, 0x80, 0x18,
    0x30, 0x18, 0xc, 0x18, 0x3, 0x1c, 0x1, 0xcc,
    0x0, 0x6e, 0x0, 0x3f, 0x0, 0x1f, 0x80, 0xf,
    0xc0, 0x7, 0xe0, 0x3, 0xf0, 0x1, 0xf8, 0x0,
    0xee, 0x0, 0x67, 0x0, 0x71, 0x80, 0x30, 0x60,
    0x30, 0x18, 0x30, 0x7, 0xe0, 0x0,

    /* U+014F "ŏ" */
    0x40, 0x84, 0x30, 0xfc, 0xf, 0x0, 0x0, 0x0,
    0x7, 0xc1, 0x8c, 0x60, 0xc8, 0x1b, 0x1, 0xe0,
    0x3c, 0x7, 0x80, 0xf0, 0x1b, 0x2, 0x60, 0xc6,
    0x10, 0x7c, 0x0,

    /* U+0150 "Ő" */
    0x1, 0xb8, 0x1, 0x98, 0x0, 0x88, 0x0, 0x44,
    0x0, 0x0, 0x0, 0x0, 0x0, 0xf, 0x80, 0x18,
    0x30, 0x18, 0xc, 0x18, 0x3, 0x1c, 0x1, 0xcc,
    0x0, 0x6e, 0x0, 0x3f, 0x0, 0x1f, 0x80, 0xf,
    0xc0, 0x7, 0xe0, 0x3, 0xf0, 0x1, 0xf8, 0x0,
    0xee, 0x0, 0x67, 0x0, 0x71, 0x80, 0x30, 0x60,
    0x30, 0x18, 0x30, 0x7, 0xe0, 0x0,

    /* U+0151 "ő" */
    0x1d, 0xc3, 0x30, 0x46, 0x8, 0x82, 0x10, 0x0,
    0x0, 0x0, 0xf8, 0x31, 0x8c, 0x19, 0x3, 0x60,
    0x3c, 0x7, 0x80, 0xf0, 0x1e, 0x3, 0x60, 0x4c,
    0x18, 0xc2, 0xf, 0x80,

    /* U+0152 "Œ" */
    0x7, 0xff, 0xf8, 0x18, 0x70, 0x30, 0xe0, 0x60,
    0x21, 0x80, 0xc0, 0x7, 0x1, 0x80, 0xc, 0x3,
    0x0, 0x38, 0x6, 0x4, 0x70, 0xc, 0x8, 0xe0,
    0x18, 0x31, 0xc0, 0x3f, 0xe3, 0x80, 0x60, 0xc7,
    0x0, 0xc0, 0x8e, 0x1, 0x80, 0xc, 0x3, 0x0,
    0x1c, 0x6, 0x1, 0x18, 0xc, 0x2, 0x38, 0x18,
    0xc, 0x18, 0x78, 0x38, 0x1f, 0xff, 0xe0,

    /* U+0153 "œ" */
    0x1e, 0x1e, 0x11, 0xd1, 0x98, 0x70, 0x68, 0x38,
    0x3c, 0xf, 0xfe, 0x6, 0x3, 0x3, 0x1, 0x81,
    0x80, 0xc0, 0xe0, 0xf0, 0x70, 0x58, 0x3c, 0x46,
    0x3f, 0xe1, 0xe1, 0xe0,

    /* U+0154 "Ŕ" */
    0x1, 0xc0, 0x0, 0x60, 0x0, 0x30, 0x0, 0x8,
    0x0, 0x2, 0x0, 0x0, 0x0, 0x7, 0xfe, 0x0,
    0x61, 0xe0, 0x18, 0x38, 0x6, 0x7, 0x1, 0x81,
    0xc0, 0x60, 0x70, 0x18, 0x1c, 0x6, 0xe, 0x1,
    0x87, 0x0, 0x7f, 0x0, 0x19, 0xc0, 0x6, 0x38,
    0x1, 0x87, 0x0, 0x61, 0xc0, 0x18, 0x38, 0x6,
    0x7, 0x1, 0x81, 0xe0, 0xe0, 0x3c, 0xff, 0x7,
    0xc0,

    /* U+0155 "ŕ" */
    0xe, 0x6, 0x3, 0x3, 0x1, 0x0, 0x0, 0x0,
    0x67, 0xf7, 0x9c, 0xcc, 0x6, 0x3, 0x1, 0x80,
    0xc0, 0x60, 0x30, 0x18, 0xc, 0x1f, 0x80,

    /* U+0156 "Ŗ" */
    0x7f, 0xe0, 0x6, 0x1e, 0x1, 0x83, 0x80, 0x60,
    0x70, 0x18, 0x1c, 0x6, 0x7, 0x1, 0x81, 0xc0,
    0x60, 0xe0, 0x18, 0x70, 0x7, 0xf0, 0x1, 0x9c,
    0x0, 0x63, 0x80, 0x18, 0x70, 0x6, 0x1c, 0x1,
    0x83, 0x80, 0x60, 0x70, 0x18, 0x1e, 0xf, 0x3,
    0xcf, 0xf0, 0x7c, 0x0, 0x0, 0x1, 0xc0, 0x0,
    0x18, 0x0, 0x6, 0x0, 0x3, 0x80, 0x1, 0xc0,
    0x0,

    /* U+0157 "ŗ" */
    0x13, 0xfb, 0xce, 0x66, 0x3, 0x1, 0x80, 0xc0,
    0x60, 0x30, 0x18, 0xc, 0x7, 0xf, 0xc0, 0x0,
    0x60, 0x18, 0xc, 0xe, 0xe, 0x0,

    /* U+0158 "Ř" */
    0x0, 0x0, 0x2, 0x8, 0x0, 0x64, 0x0, 0x1f,
    0x0, 0x3, 0x80, 0x0, 0x0, 0x7, 0xfe, 0x0,
    0x61, 0xe0, 0x18, 0x38, 0x6, 0x7, 0x1, 0x81,
    0xc0, 0x60, 0x70, 0x18, 0x1c, 0x6, 0xe, 0x1,
    0x87, 0x0, 0x7f, 0x0, 0x19, 0xc0, 0x6, 0x38,
    0x1, 0x87, 0x0, 0x61, 0xc0, 0x18, 0x38, 0x6,
    0x7, 0x1, 0x81, 0xe0, 0xe0, 0x3c, 0xff, 0x7,
    0xc0,

    /* U+0159 "ř" */
    0x41, 0x11, 0xd, 0x83, 0x80, 0x0, 0x0, 0xcf,
    0xef, 0x39, 0x98, 0xc, 0x6, 0x3, 0x1, 0x80,
    0xc0, 0x60, 0x30, 0x18, 0x3f, 0x0,

    /* U+015A "Ś" */
    0x7, 0x0, 0x60, 0x4, 0x0, 0x80, 0x8, 0x0,
    0x0, 0x1f, 0x26, 0xe, 0x40, 0x6c, 0x2, 0xc0,
    0x2e, 0x2, 0xf0, 0x7, 0xc0, 0x3e, 0x1, 0xf8,
    0x7, 0xe0, 0x1e, 0x0, 0x78, 0x7, 0x80, 0x38,
    0x3, 0xc0, 0x6f, 0xc, 0x9f, 0x80,

    /* U+015B "ś" */
    0xc, 0xc, 0x8, 0x18, 0x10, 0x0, 0x0, 0x3e,
    0x46, 0xc2, 0xc2, 0xe0, 0x78, 0x3c, 0xe, 0x7,
    0x83, 0x83, 0xc6, 0xfc,

    /* U+015C "Ŝ" */
    0x6, 0x0, 0xf0, 0xb, 0x81, 0x8, 0x20, 0x40,
    0x0, 0x0, 0x1, 0xf2, 0x60, 0xe4, 0x6, 0xc0,
    0x2c, 0x2, 0xe0, 0x2f, 0x0, 0x7c, 0x3, 0xe0,
    0x1f, 0x80, 0x7e, 0x1, 0xe0, 0x7, 0x80, 0x78,
    0x3, 0x80, 0x3c, 0x6, 0xf0, 0xc9, 0xf8,

    /* U+015D "ŝ" */
    0x18, 0x3c, 0x64, 0x42, 0x0, 0x0, 0x3e, 0x46,
    0xc2, 0xc2, 0xe0, 0x78, 0x3c, 0xe, 0x7, 0x83,
    0x83, 0xc6, 0xfc,

    /* U+015E "Ş" */
    0x1f, 0x26, 0xe, 0x40, 0x6c, 0x2, 0xc0, 0x2e,
    0x2, 0xf0, 0x7, 0xc0, 0x3e, 0x1, 0xf8, 0x7,
    0xe0, 0x1e, 0x0, 0x78, 0x7, 0x80, 0x38, 0x3,
    0xc0, 0x6f, 0xc, 0x9f, 0x80, 0xc0, 0xe, 0x0,
    0x60, 0x6, 0x1, 0xc0,

    /* U+015F "ş" */
    0x3e, 0x46, 0xc2, 0xc2, 0xe0, 0x78, 0x3c, 0xe,
    0x7, 0x83, 0x83, 0xc6, 0xfc, 0x10, 0x1c, 0xc,
    0xc, 0x38,

    /* U+0160 "Š" */
    0x20, 0x41, 0x8, 0x1d, 0x0, 0xf0, 0x6, 0x0,
    0x0, 0x1f, 0x26, 0xe, 0x40, 0x6c, 0x2, 0xc0,
    0x2e, 0x2, 0xf0, 0x7, 0xc0, 0x3e, 0x1, 0xf8,
    0x7, 0xe0, 0x1e, 0x0, 0x78, 0x7, 0x80, 0x38,
    0x3, 0xc0, 0x6f, 0xc, 0x9f, 0x80,

    /* U+0161 "š" */
    0x82, 0x62, 0x34, 0x3c, 0x0, 0x0, 0x3e, 0x46,
    0xc2, 0xc2, 0xe0, 0x78, 0x3c, 0xe, 0x7, 0x83,
    0x83, 0xc6, 0xfc,

    /* U+0162 "Ţ" */
    0xff, 0xff, 0x83, 0xe, 0x6, 0xc, 0xc, 0x10,
    0x18, 0x0, 0x30, 0x0, 0x60, 0x0, 0xc0, 0x1,
    0x80, 0x3, 0x0, 0x6, 0x0, 0xc, 0x0, 0x18,
    0x0, 0x30, 0x0, 0x60, 0x0, 0xc0, 0x1, 0x80,
    0x7, 0x0, 0x3f, 0x80, 0x0, 0x0, 0x30, 0x0,
    0x70, 0x0, 0x20, 0x0, 0x40, 0x3, 0x0,

    /* U+0163 "ţ" */
    0x10, 0x20, 0xc1, 0x8f, 0xe6, 0xc, 0x18, 0x30,
    0x60, 0xc1, 0x83, 0x6, 0xc, 0x19, 0x1c, 0x0,
    0xc1, 0xc0, 0x81, 0xc, 0x0,

    /* U+0164 "Ť" */
    0x0, 0x20, 0x10, 0x80, 0x12, 0x0, 0x3c, 0x0,
    0x30, 0x0, 0x0, 0x3f, 0xff, 0xe1, 0x83, 0x83,
    0x2, 0x6, 0x4, 0xc, 0x0, 0x18, 0x0, 0x30,
    0x0, 0x60, 0x0, 0xc0, 0x1, 0x80, 0x3, 0x0,
    0x6, 0x0, 0xc, 0x0, 0x18, 0x0, 0x30, 0x0,
    0x60, 0x0, 0xc0, 0x1, 0x80, 0x1f, 0xe0,

    /* U+0165 "ť" */
    0x0, 0xc0, 0x3c, 0x7, 0x88, 0x11, 0x2, 0x60,
    0x8c, 0x27, 0xf0, 0x30, 0x6, 0x0, 0xc0, 0x18,
    0x3, 0x0, 0x60, 0xc, 0x1, 0x80, 0x30, 0x6,
    0x0, 0xc8, 0xe, 0x0,

    /* U+0166 "Ŧ" */
    0xff, 0xff, 0xc1, 0x83, 0x81, 0x81, 0x81, 0x81,
    0x81, 0x81, 0x1, 0x80, 0x1, 0x80, 0x1, 0x80,
    0x1, 0x80, 0x3f, 0xfc, 0x1, 0x80, 0x1, 0x80,
    0x1, 0x80, 0x1, 0x80, 0x1, 0x80, 0x1, 0x80,
    0x1, 0x80, 0x1, 0x80, 0xf, 0xf0,

    /* U+0167 "ŧ" */
    0x10, 0x20, 0xc1, 0x8f, 0xe6, 0xc, 0x18, 0x31,
    0xfc, 0xc1, 0x83, 0x6, 0xc, 0x19, 0x1c,

    /* U+0168 "Ũ" */
    0x1, 0xc2, 0x0, 0x27, 0x20, 0x4, 0x3c, 0x0,
    0x0, 0x0, 0x0, 0x0, 0xf, 0xf0, 0x7f, 0x3c,
    0x1, 0xc1, 0x80, 0x8, 0x18, 0x0, 0x81, 0x80,
    0x8, 0x18, 0x0, 0x81, 0x80, 0x8, 0x18, 0x0,
    0x81, 0x80, 0x8, 0x18, 0x0, 0x81, 0x80, 0x8,
    0x18, 0x0, 0x81, 0x80, 0x8, 0x18, 0x0, 0x81,
    0x80, 0x8, 0xc, 0x1, 0x0, 0xc0, 0x30, 0x6,
    0x6, 0x0, 0x1f, 0x80,

    /* U+0169 "ũ" */
    0x1c, 0x21, 0x3a, 0x8, 0x70, 0x0, 0x0, 0x0,
    0x0, 0x3, 0xc7, 0x86, 0xc, 0x30, 0x61, 0x83,
    0xc, 0x18, 0x60, 0xc3, 0x6, 0x18, 0x30, 0xc1,
    0x86, 0xc, 0x38, 0xe0, 0xfb, 0xc7, 0x98,

    /* U+016A "Ū" */
    0x1, 0xfe, 0x0, 0x1f, 0xe0, 0x0, 0x0, 0x0,
    0x0, 0x0, 0xff, 0x87, 0xf3, 0xc0, 0x1c, 0x18,
    0x0, 0x81, 0x80, 0x8, 0x18, 0x0, 0x81, 0x80,
    0x8, 0x18, 0x0, 0x81, 0x80, 0x8, 0x18, 0x0,
    0x81, 0x80, 0x8, 0x18, 0x0, 0x81, 0x80, 0x8,
    0x18, 0x0, 0x81, 0x80, 0x8, 0x18, 0x0, 0x80,
    0xc0, 0x10, 0xc, 0x3, 0x0, 0x70, 0x60, 0x1,
    0xf8, 0x0,

    /* U+016B "ū" */
    0x1f, 0xe0, 0xff, 0x0, 0x0, 0x0, 0x0, 0x0,
    0x78, 0xf0, 0xc1, 0x86, 0xc, 0x30, 0x61, 0x83,
    0xc, 0x18, 0x60, 0xc3, 0x6, 0x18, 0x30, 0xc1,
    0x87, 0x1c, 0x1f, 0x78, 0xf3, 0x0,

    /* U+016C "Ŭ" */
    0x4, 0x4, 0x0, 0x30, 0xc0, 0x1, 0xf8, 0x0,
    0xf, 0x0, 0x0, 0x0, 0x0, 0x0, 0x0, 0xff,
    0x7, 0xf3, 0xc0, 0x1c, 0x18, 0x0, 0x81, 0x80,
    0x8, 0x18, 0x0, 0x81, 0x80, 0x8, 0x18, 0x0,
    0x81, 0x80, 0x8, 0x18, 0x0, 0x81, 0x80, 0x8,
    0x18, 0x0, 0x81, 0x80, 0x8, 0x18, 0x0, 0x81,
    0x80, 0x8, 0x18, 0x0, 0x80, 0xc0, 0x10, 0xc,
    0x3, 0x0, 0x70, 0x60, 0x1, 0xf8, 0x0,

    /* U+016D "ŭ" */
    0x20, 0x40, 0x82, 0x3, 0xe0, 0xe, 0x0, 0x0,
    0x0, 0x3, 0xc7, 0x86, 0xc, 0x30, 0x61, 0x83,
    0xc, 0x18, 0x60, 0xc3, 0x6, 0x18, 0x30, 0xc1,
    0x86, 0xc, 0x38, 0xe0, 0xfb, 0xc7, 0x98,

    /* U+016E "Ů" */
    0x0, 0x70, 0x0, 0x8, 0x80, 0x0, 0x88, 0x0,
    0x8, 0x80, 0x0, 0x70, 0x0, 0x0, 0x0, 0xff,
    0x7, 0xf3, 0xc0, 0x1c, 0x18, 0x0, 0x81, 0x80,
    0x8, 0x18, 0x0, 0x81, 0x80, 0x8, 0x18, 0x0,
    0x81, 0x80, 0x8, 0x18, 0x0, 0x81, 0x80, 0x8,
    0x18, 0x0, 0x81, 0x80, 0x8, 0x18, 0x0, 0x81,
    0x80, 0x8, 0x18, 0x0, 0x80, 0xc0, 0x10, 0xc,
    0x3, 0x0, 0x60, 0x60, 0x1, 0xf8, 0x0,

    /* U+016F "ů" */
    0x7, 0x0, 0x44, 0x2, 0x20, 0x11, 0x0, 0x70,
    0x0, 0x0, 0x0, 0x1e, 0x3c, 0x30, 0x61, 0x83,
    0xc, 0x18, 0x60, 0xc3, 0x6, 0x18, 0x30, 0xc1,
    0x86, 0xc, 0x30, 0x61, 0xc7, 0x7, 0xde, 0x3c,
    0xc0,

    /* U+0170 "Ű" */
    0x0, 0xce, 0x0, 0xc, 0xc0, 0x1, 0x88, 0x0,
    0x10, 0x80, 0x1, 0x0, 0x0, 0x0, 0x0, 0xff,
    0x7, 0xf3, 0xc0, 0x1c, 0x18, 0x0, 0x81, 0x80,
    0x8, 0x18, 0x0, 0x81, 0x80, 0x8, 0x18, 0x0,
    0x81, 0x80, 0x8, 0x18, 0x0, 0x81, 0x80, 0x8,
    0x18, 0x0, 0x81, 0x80, 0x8, 0x18, 0x0, 0x81,
    0x80, 0x8, 0x18, 0x0, 0x80, 0xc0, 0x10, 0xc,
    0x3, 0x0, 0x60, 0x60, 0x1, 0xf8, 0x0,

    /* U+0171 "ű" */
    0xc, 0xc0, 0x66, 0x6, 0x20, 0x22, 0x1, 0x10,
    0x0, 0x0, 0x0, 0x1e, 0x3c, 0x30, 0x61, 0x83,
    0xc, 0x18, 0x60, 0xc3, 0x6, 0x18, 0x30, 0xc1,
    0x86, 0xc, 0x30, 0x61, 0xc7, 0x7, 0xde, 0x3c,
    0xc0,

    /* U+0172 "Ų" */
    0xff, 0x7, 0xe7, 0x80, 0x30, 0x60, 0x4, 0xc,
    0x0, 0x81, 0x80, 0x10, 0x30, 0x2, 0x6, 0x0,
    0x40, 0xc0, 0x8, 0x18, 0x1, 0x3, 0x0, 0x20,
    0x60, 0x4, 0xc, 0x0, 0x81, 0x80, 0x10, 0x30,
    0x2, 0x6, 0x0, 0x40, 0xe0, 0x10, 0xc, 0x2,
    0x0, 0xc1, 0x80, 0xf, 0xe0, 0x0, 0x30, 0x0,
    0x6, 0x0, 0x0, 0xe0, 0x0, 0xf, 0x0,

    /* U+0173 "ų" */
    0xf1, 0xe0, 0xc1, 0x83, 0x6, 0xc, 0x18, 0x30,
    0x60, 0xc1, 0x83, 0x6, 0xc, 0x18, 0x30, 0x60,
    0xc1, 0x83, 0x8e, 0x7, 0xde, 0x1e, 0x60, 0x3,
    0x0, 0xc, 0x0, 0x30, 0x0, 0xe0, 0x1, 0xf0,

    /* U+0174 "Ŵ" */
    0x0, 0x1c, 0x0, 0x0, 0xe, 0x0, 0x0, 0xd,
    0x80, 0x0, 0x4, 0x40, 0x0, 0x4, 0x10, 0x0,
    0x0, 0x0, 0x0, 0x0, 0x0, 0x1, 0xfc, 0xfc,
    0x1f, 0x38, 0x3c, 0x6, 0x1c, 0xe, 0x3, 0x6,
    0x7, 0x1, 0x3, 0x83, 0x80, 0x81, 0xc0, 0xc0,
    0x40, 0x60, 0x70, 0x40, 0x38, 0x58, 0x20, 0x1c,
    0x2c, 0x10, 0x6, 0x17, 0x10, 0x3, 0x91, 0x88,
    0x1, 0xc8, 0xec, 0x0, 0x64, 0x74, 0x0, 0x3c,
    0x1a, 0x0, 0x1e, 0xf, 0x0, 0x7, 0x7, 0x0,
    0x3, 0x1, 0x80, 0x0, 0x80, 0xc0, 0x0, 0x40,
    0x40, 0x0,

    /* U+0175 "ŵ" */
    0x0, 0xe0, 0x0, 0x1e, 0x0, 0x4, 0x40, 0x1,
    0x4, 0x0, 0x0, 0x0, 0x0, 0x0, 0x3e, 0x7e,
    0x7b, 0x87, 0x2, 0x30, 0x60, 0xc7, 0xc, 0x10,
    0x61, 0xc2, 0xc, 0x38, 0x81, 0xcb, 0x90, 0x19,
    0x32, 0x3, 0x46, 0x80, 0x38, 0x70, 0x7, 0xc,
    0x0, 0xc1, 0x80, 0x8, 0x10, 0x0,

    /* U+0176 "Ŷ" */
    0x0, 0xc0, 0x0, 0x3c, 0x0, 0x4, 0xc0, 0x1,
    0x8, 0x0, 0x0, 0x80, 0x0, 0x0, 0x3f, 0xc3,
    0xfb, 0xe0, 0x1c, 0x3c, 0x3, 0x3, 0x80, 0x40,
    0x38, 0x10, 0x7, 0x2, 0x0, 0x70, 0x80, 0x6,
    0x20, 0x0, 0xec, 0x0, 0xd, 0x0, 0x0, 0xc0,
    0x0, 0x18, 0x0, 0x3, 0x0, 0x0, 0x60, 0x0,
    0xc, 0x0, 0x1, 0x80, 0x0, 0x30, 0x0, 0x7,
    0x0, 0x3, 0xf8, 0x0,

    /* U+0177 "ŷ" */
    0x3, 0x80, 0x1e, 0x0, 0xcc, 0x2, 0x10, 0x0,
    0x0, 0x0, 0xf, 0xc3, 0xde, 0x4, 0x38, 0x10,
    0x60, 0xc1, 0x82, 0x3, 0x18, 0xc, 0x40, 0x19,
    0x0, 0x6c, 0x1, 0xe0, 0x3, 0x80, 0xc, 0x0,
    0x10, 0x0, 0xc0, 0x2, 0x0, 0x18, 0x7, 0xc0,
    0x1f, 0x0, 0x70, 0x0,

    /* U+0178 "Ÿ" */
    0x3, 0x9c, 0x0, 0x73, 0x80, 0xe, 0x70, 0x0,
    0x0, 0x0, 0x0, 0x1, 0xfe, 0xf, 0xdf, 0x0,
    0xe1, 0xe0, 0x18, 0x1c, 0x2, 0x1, 0xc0, 0x80,
    0x38, 0x10, 0x3, 0x84, 0x0, 0x39, 0x0, 0x7,
    0xa0, 0x0, 0x78, 0x0, 0x6, 0x0, 0x0, 0xc0,
    0x0, 0x18, 0x0, 0x3, 0x0, 0x0, 0x60, 0x0,
    0xc, 0x0, 0x1, 0x80, 0x0, 0x38, 0x0, 0x1f,
    0xe0,

    /* U+0179 "Ź" */
    0x0, 0xe0, 0x1, 0x80, 0x6, 0x0, 0x8, 0x0,
    0x20, 0x0, 0x0, 0xf, 0xff, 0x90, 0xe, 0x20,
    0x3c, 0x80, 0x70, 0x1, 0xc0, 0x3, 0x80, 0xe,
    0x0, 0x38, 0x0, 0x70, 0x1, 0xc0, 0x7, 0x0,
    0xe, 0x0, 0x38, 0x0, 0xe0, 0x1, 0xc0, 0x27,
    0x0, 0x5c, 0x0, 0xb8, 0x3, 0xff, 0xfe,

    /* U+017A "ź" */
    0x3, 0x0, 0x60, 0x18, 0x2, 0x0, 0x80, 0x0,
    0x0, 0x3, 0xff, 0x60, 0xc8, 0x39, 0x6, 0x1,
    0x80, 0x70, 0x1c, 0x3, 0x0, 0xe0, 0x38, 0xe,
    0x5, 0xc0, 0xff, 0xf0,

    /* U+017B "Ż" */
    0x1, 0xc0, 0x1, 0xc0, 0x1, 0xc0, 0x0, 0x0,
    0x0, 0x0, 0x3f, 0xfe, 0x30, 0xe, 0x20, 0x1c,
    0x20, 0x38, 0x20, 0x38, 0x0, 0x70, 0x0, 0xe0,
    0x0, 0xe0, 0x1, 0xc0, 0x3, 0x80, 0x3, 0x80,
    0x7, 0x0, 0xe, 0x0, 0xe, 0x0, 0x1c, 0x1,
    0x38, 0x1, 0x38, 0x2, 0x70, 0x6, 0x7f, 0xfe,

    /* U+017C "ż" */
    0xe, 0x1, 0xc0, 0x38, 0x0, 0x0, 0x0, 0x0,
    0x1f, 0xfb, 0xe, 0x41, 0xc8, 0x70, 0x1c, 0x3,
    0x80, 0xe0, 0x38, 0x6, 0x1, 0xc1, 0x70, 0x2c,
    0x7, 0xff, 0x80,

    /* U+017D "Ž" */
    0x8, 0x10, 0x8, 0x40, 0x9, 0x80, 0x1e, 0x0,
    0x1c, 0x0, 0x0, 0xf, 0xff, 0x90, 0xe, 0x20,
    0x3c, 0x80, 0x70, 0x1, 0xc0, 0x3, 0x80, 0xe,
    0x0, 0x38, 0x0, 0x70, 0x1, 0xc0, 0x7, 0x0,
    0xe, 0x0, 0x38, 0x0, 0xe0, 0x1, 0xc0, 0x27,
    0x0, 0x5c, 0x0, 0xb8, 0x3, 0xff, 0xfe,

    /* U+017E "ž" */
    0x10, 0x83, 0x10, 0x34, 0x3, 0x80, 0x0, 0x0,
    0x1f, 0xfb, 0x6, 0x41, 0xc8, 0x30, 0xc, 0x3,
    0x80, 0xe0, 0x18, 0x7, 0x1, 0xc0, 0x70, 0x2e,
    0x7, 0xff, 0x80,

    /* U+017F "ſ" */
    0x7, 0x81, 0x38, 0x43, 0x18, 0x3, 0x0, 0x60,
    0xc, 0x1, 0x80, 0x30, 0x6, 0x0, 0xc0, 0x18,
    0x3, 0x0, 0x60, 0xc, 0x1, 0x80, 0x30, 0x6,
    0x0, 0xe0, 0x7e, 0x0,

    /* U+018F "Ə" */
    0x13, 0xf0, 0x7, 0x87, 0x1, 0x80, 0x60, 0x40,
    0xc, 0x10, 0x3, 0x80, 0x0, 0x60, 0x0, 0x1c,
    0x0, 0x7, 0xff, 0xff, 0xf8, 0x0, 0x7e, 0x0,
    0x1f, 0x80, 0x7, 0x60, 0x1, 0xdc, 0x0, 0xe7,
    0x0, 0x38, 0xe0, 0x1c, 0x1c, 0xe, 0x3, 0x87,
    0x0, 0x3f, 0x0,

    /* U+0192 "ƒ" */
    0x0, 0x38, 0x2, 0x40, 0x36, 0x1, 0x80, 0x18,
    0x0, 0xc0, 0x6, 0x1, 0xfc, 0x3, 0x80, 0x18,
    0x0, 0xc0, 0x6, 0x0, 0x30, 0x3, 0x80, 0x18,
    0x0, 0xc0, 0x6, 0x0, 0x30, 0x3, 0x0, 0x18,
    0x0, 0xc0, 0x4, 0x3, 0x60, 0x1a, 0x0, 0xe0,
    0x0,

    /* U+01A0 "Ơ" */
    0x0, 0x2, 0x0, 0x1, 0x80, 0x0, 0xc0, 0x7f,
    0xe0, 0xc1, 0xc0, 0xc0, 0x70, 0xc0, 0x18, 0xe0,
    0xe, 0x60, 0x7, 0x70, 0x1, 0xf8, 0x0, 0xfc,
    0x0, 0x7e, 0x0, 0x3f, 0x0, 0x1f, 0x80, 0xf,
    0xc0, 0x7, 0x70, 0x3, 0x38, 0x3, 0x8c, 0x1,
    0x83, 0x1, 0x80, 0xc1, 0x80, 0x1f, 0x0,

    /* U+01A1 "ơ" */
    0x1f, 0x39, 0xc, 0xd8, 0x34, 0x81, 0xcc, 0x6,
    0x60, 0x33, 0x1, 0x98, 0xc, 0xc0, 0x63, 0x2,
    0x18, 0x30, 0x61, 0x1, 0xf0, 0x0,

    /* U+01AF "Ư" */
    0x0, 0x0, 0x0, 0x0, 0x0, 0x70, 0x0, 0x0,
    0xc0, 0x0, 0x3, 0xff, 0x7, 0xf8, 0xf0, 0x7,
    0x1, 0x80, 0x8, 0x6, 0x0, 0x20, 0x18, 0x0,
    0x80, 0x60, 0x2, 0x1, 0x80, 0x8, 0x6, 0x0,
    0x20, 0x18, 0x0, 0x80, 0x60, 0x2, 0x1, 0x80,
    0x8, 0x6, 0x0, 0x20, 0x18, 0x0, 0x80, 0x60,
    0x2, 0x1, 0x80, 0x8, 0x3, 0x0, 0x40, 0xc,
    0x3, 0x0, 0x18, 0x18, 0x0, 0x1f, 0x80, 0x0,

    /* U+01B0 "ư" */
    0x0, 0xf, 0xc7, 0xb3, 0x6, 0xcc, 0x1e, 0x30,
    0x60, 0xc1, 0x83, 0x6, 0xc, 0x18, 0x30, 0x60,
    0xc1, 0x83, 0x6, 0xe, 0x38, 0x1f, 0x78, 0x79,
    0x80,

    /* U+01CD "Ǎ" */
    0x2, 0x0, 0x0, 0x21, 0x0, 0x6, 0x40, 0x0,
    0x78, 0x0, 0xe, 0x0, 0x0, 0x0, 0x0, 0x10,
    0x0, 0x3, 0x0, 0x0, 0x60, 0x0, 0x1c, 0x0,
    0x3, 0xc0, 0x0, 0xd8, 0x0, 0x13, 0x80, 0x6,
    0x70, 0x0, 0x86, 0x0, 0x10, 0xe0, 0x6, 0x1c,
    0x0, 0x81, 0xc0, 0x3f, 0xf8, 0x4, 0x3, 0x80,
    0x80, 0x70, 0x20, 0x6, 0x4, 0x0, 0xe1, 0x80,
    0x1e, 0xfc, 0xf, 0xe0,

    /* U+01CE "ǎ" */
    0x40, 0x86, 0x20, 0x6c, 0x7, 0x0, 0x0, 0x0,
    0x7, 0xc1, 0x1c, 0x61, 0x8c, 0x30, 0x6, 0x7,
    0xc3, 0x18, 0xc3, 0x30, 0x66, 0xc, 0xe3, 0xbf,
    0xb9, 0xe7, 0x0,

    /* U+01CF "Ǐ" */
    0x0, 0x42, 0x24, 0x3c, 0x18, 0x0, 0xff, 0x3c,
    0x18, 0x18, 0x18, 0x18, 0x18, 0x18, 0x18, 0x18,
    0x18, 0x18, 0x18, 0x18, 0x18, 0x18, 0x18, 0x38,
    0xff,

    /* U+01D0 "ǐ" */
    0x82, 0x62, 0x34, 0x3c, 0x0, 0x0, 0x18, 0x78,
    0x18, 0x18, 0x18, 0x18, 0x18, 0x18, 0x18, 0x18,
    0x18, 0x18, 0x7e,

    /* U+01D1 "Ǒ" */
    0x4, 0x10, 0x1, 0x10, 0x0, 0xf8, 0x0, 0x38,
    0x0, 0x1c, 0x0, 0x0, 0x0, 0xf, 0x80, 0x18,
    0x30, 0x18, 0xc, 0x18, 0x3, 0x1c, 0x1, 0xcc,
    0x0, 0x6e, 0x0, 0x3f, 0x0, 0x1f, 0x80, 0xf,
    0xc0, 0x7, 0xe0, 0x3, 0xf0, 0x1, 0xf8, 0x0,
    0xee, 0x0, 0x67, 0x0, 0x71, 0x80, 0x30, 0x60,
    0x30, 0x18, 0x30, 0x7, 0xe0, 0x0,

    /* U+01D2 "ǒ" */
    0x20, 0x82, 0x20, 0x6c, 0x7, 0x0, 0x0, 0x0,
    0x7, 0xc1, 0x8c, 0x60, 0xc8, 0x1b, 0x1, 0xe0,
    0x3c, 0x7, 0x80, 0xf0, 0x1b, 0x2, 0x60, 0xc6,
    0x10, 0x7c, 0x0,

    /* U+01D3 "Ǔ" */
    0x2, 0x8, 0x0, 0x10, 0x80, 0x1, 0xd0, 0x0,
    0xf, 0x0, 0x0, 0xe0, 0x0, 0x0, 0x0, 0xff,
    0x7, 0xf3, 0xc0, 0x1c, 0x18, 0x0, 0x81, 0x80,
    0x8, 0x18, 0x0, 0x81, 0x80, 0x8, 0x18, 0x0,
    0x81, 0x80, 0x8, 0x18, 0x0, 0x81, 0x80, 0x8,
    0x18, 0x0, 0x81, 0x80, 0x8, 0x18, 0x0, 0x81,
    0x80, 0x8, 0x18, 0x0, 0x80, 0xc0, 0x10, 0xc,
    0x3, 0x0, 0x60, 0x60, 0x1, 0xf8, 0x0,

    /* U+01D4 "ǔ" */
    0x10, 0x40, 0x44, 0x3, 0xe0, 0xe, 0x0, 0x0,
    0x0, 0x3, 0xc7, 0x86, 0xc, 0x30, 0x61, 0x83,
    0xc, 0x18, 0x60, 0xc3, 0x6, 0x18, 0x30, 0xc1,
    0x86, 0xc, 0x38, 0xe0, 0xfb, 0xc7, 0x98,

    /* U+01D5 "Ǖ" */
    0x1, 0xf8, 0x0, 0x1f, 0x80, 0x0, 0x0, 0x0,
    0x19, 0x80, 0x1, 0x98, 0x0, 0x0, 0x0, 0x0,
    0x0, 0xf, 0xf0, 0x7f, 0x3c, 0x1, 0xc1, 0x80,
    0x8, 0x18, 0x0, 0x81, 0x80, 0x8, 0x18, 0x0,
    0x81, 0x80, 0x8, 0x18, 0x0, 0x81, 0x80, 0x8,
    0x18, 0x0, 0x81, 0x80, 0x8, 0x18, 0x0, 0x81,
    0x80, 0x8, 0x18, 0x0, 0x81, 0x80, 0x8, 0xc,
    0x1, 0x0, 0xc0, 0x30, 0x6, 0x6, 0x0, 0x1f,
    0x80,

    /* U+01D6 "ǖ" */
    0x1f, 0xe0, 0xff, 0x0, 0x0, 0x0, 0x1, 0xdc,
    0xe, 0xe0, 0x77, 0x0, 0x0, 0x0, 0x7, 0x8f,
    0xc, 0x18, 0x60, 0xc3, 0x6, 0x18, 0x30, 0xc1,
    0x86, 0xc, 0x30, 0x61, 0x83, 0xc, 0x18, 0x71,
    0xc1, 0xf7, 0x8f, 0x30,

    /* U+01D7 "Ǘ" */
    0x0, 0x30, 0x0, 0x2, 0x0, 0x0, 0x40, 0x0,
    0x19, 0x80, 0x1, 0x98, 0x0, 0x0, 0x0, 0x0,
    0x0, 0xf, 0xf0, 0x7f, 0x3c, 0x1, 0xc1, 0x80,
    0x8, 0x18, 0x0, 0x81, 0x80, 0x8, 0x18, 0x0,
    0x81, 0x80, 0x8, 0x18, 0x0, 0x81, 0x80, 0x8,
    0x18, 0x0, 0x81, 0x80, 0x8, 0x18, 0x0, 0x81,
    0x80, 0x8, 0x18, 0x0, 0x81, 0x80, 0x8, 0xc,
    0x1, 0x0, 0xc0, 0x30, 0x6, 0x6, 0x0, 0x1f,
    0x80,

    /* U+01D8 "ǘ" */
    0x3, 0x80, 0x1c, 0x0, 0xc0, 0x4, 0x0, 0x40,
    0x0, 0x0, 0x77, 0x3, 0xb8, 0x1d, 0xc0, 0x0,
    0x0, 0x1, 0xe3, 0xc3, 0x6, 0x18, 0x30, 0xc1,
    0x86, 0xc, 0x30, 0x61, 0x83, 0xc, 0x18, 0x60,
    0xc3, 0x6, 0x1c, 0x70, 0x7d, 0xe3, 0xcc,

    /* U+01D9 "Ǚ" */
    0x1, 0x8, 0x0, 0xd, 0x0, 0x0, 0x60, 0x0,
    0x19, 0x80, 0x1, 0x98, 0x0, 0x0, 0x0, 0x0,
    0x0, 0xf, 0xf0, 0x7f, 0x3c, 0x1, 0xc1, 0x80,
    0x8, 0x18, 0x0, 0x81, 0x80, 0x8, 0x18, 0x0,
    0x81, 0x80, 0x8, 0x18, 0x0, 0x81, 0x80, 0x8,
    0x18, 0x0, 0x81, 0x80, 0x8, 0x18, 0x0, 0x81,
    0x80, 0x8, 0x18, 0x0, 0x81, 0x80, 0x8, 0xc,
    0x1, 0x0, 0xc0, 0x30, 0x6, 0x6, 0x0, 0x1f,
    0x80,

    /* U+01DA "ǚ" */
    0x0, 0x0, 0x44, 0x3, 0x20, 0xe, 0x0, 0x70,
    0x0, 0x0, 0x77, 0x3, 0xb8, 0x1d, 0xc0, 0x0,
    0x0, 0x1, 0xe3, 0xc3, 0x6, 0x18, 0x30, 0xc1,
    0x86, 0xc, 0x30, 0x61, 0x83, 0xc, 0x18, 0x60,
    0xc3, 0x6, 0x1c, 0x70, 0x7d, 0xe3, 0xcc,

    /* U+01DB "Ǜ" */
    0x0, 0xc0, 0x0, 0x4, 0x0, 0x0, 0x20, 0x0,
    0x19, 0x80, 0x1, 0x98, 0x0, 0x0, 0x0, 0x0,
    0x0, 0xf, 0xf0, 0x7f, 0x3c, 0x1, 0xc1, 0x80,
    0x8, 0x18, 0x0, 0x81, 0x80, 0x8, 0x18, 0x0,
    0x81, 0x80, 0x8, 0x18, 0x0, 0x81, 0x80, 0x8,
    0x18, 0x0, 0x81, 0x80, 0x8, 0x18, 0x0, 0x81,
    0x80, 0x8, 0x18, 0x0, 0x81, 0x80, 0x8, 0xc,
    0x1, 0x0, 0xc0, 0x30, 0x6, 0x6, 0x0, 0x1f,
    0x80,

    /* U+01DC "ǜ" */
    0xe, 0x0, 0x70, 0x1, 0x80, 0x4, 0x0, 0x20,
    0x0, 0x0, 0x77, 0x3, 0xb8, 0x1d, 0xc0, 0x0,
    0x0, 0x1, 0xe3, 0xc3, 0x6, 0x18, 0x30, 0xc1,
    0x86, 0xc, 0x30, 0x61, 0x83, 0xc, 0x18, 0x60,
    0xc3, 0x6, 0x1c, 0x70, 0x7d, 0xe3, 0xcc,

    /* U+01FA "Ǻ" */
    0x0, 0x38, 0x0, 0xe, 0x0, 0x1, 0x80, 0x0,
    0x20, 0x0, 0x4, 0x0, 0x1, 0x0, 0x0, 0x38,
    0x0, 0x8, 0x80, 0x1, 0x10, 0x0, 0x22, 0x0,
    0x3, 0x80, 0x0, 0x20, 0x0, 0xe, 0x0, 0x1,
    0xc0, 0x0, 0x7c, 0x0, 0xb, 0x80, 0x1, 0x30,
    0x0, 0x67, 0x0, 0x8, 0xe0, 0x3, 0xe, 0x0,
    0x41, 0xc0, 0x18, 0x1c, 0x3, 0xff, 0x80, 0x40,
    0x70, 0x18, 0x7, 0x2, 0x0, 0xe0, 0xc0, 0xe,
    0x38, 0x1, 0xef, 0xc0, 0xfe,

    /* U+01FB "ǻ" */
    0x3, 0x0, 0xe0, 0x18, 0x2, 0x0, 0x80, 0x0,
    0x3, 0x80, 0x88, 0x11, 0x2, 0x20, 0x38, 0x0,
    0x0, 0x0, 0x3e, 0x8, 0xe3, 0xc, 0x61, 0x80,
    0x30, 0x3e, 0x18, 0xc6, 0x19, 0x83, 0x30, 0x67,
    0x1d, 0xfd, 0xcf, 0x38,

    /* U+01FC "Ǽ" */
    0x0, 0x7, 0x0, 0x0, 0x6, 0x0, 0x0, 0xc,
    0x0, 0x0, 0x8, 0x0, 0x0, 0x8, 0x0, 0x0,
    0x0, 0x0, 0x0, 0x0, 0x0, 0x0, 0xff, 0xfe,
    0x0, 0x3c, 0x6, 0x0, 0x2c, 0x2, 0x0, 0x2c,
    0x2, 0x0, 0x4c, 0x0, 0x0, 0xcc, 0x0, 0x0,
    0x8c, 0x4, 0x1, 0x8c, 0x4, 0x1, 0xc, 0xc,
    0x3, 0xf, 0xfc, 0x2, 0xc, 0xc, 0x7, 0xfc,
    0x4, 0x4, 0xc, 0x0, 0xc, 0xc, 0x0, 0x8,
    0xc, 0x1, 0x18, 0xc, 0x1, 0x10, 0xc, 0x2,
    0x30, 0xc, 0x6, 0xfc, 0x7f, 0xfe,

    /* U+01FD "ǽ" */
    0x0, 0xe0, 0x0, 0xc0, 0x0, 0xc0, 0x0, 0x80,
    0x1, 0x0, 0x0, 0x0, 0x0, 0x0, 0x1f, 0x3c,
    0x23, 0xc6, 0x61, 0x83, 0x61, 0x83, 0x1, 0xff,
    0x7, 0x80, 0x39, 0x80, 0x61, 0x80, 0xc1, 0x81,
    0xc1, 0xc1, 0xc0, 0xe2, 0xe3, 0xfe, 0x7c, 0x38,

    /* U+01FE "Ǿ" */
    0x0, 0x60, 0x0, 0x70, 0x0, 0x30, 0x0, 0x10,
    0x0, 0x10, 0x0, 0x0, 0x0, 0x0, 0x0, 0x7,
    0xc2, 0xc, 0x1a, 0xc, 0x7, 0xc, 0x1, 0x8e,
    0x1, 0xe6, 0x1, 0x37, 0x1, 0x1f, 0x80, 0x8f,
    0xc0, 0x87, 0xe0, 0x83, 0xf0, 0x81, 0xf8, 0xc0,
    0xfc, 0x40, 0x77, 0x40, 0x33, 0xc0, 0x38, 0xe0,
    0x18, 0x30, 0x18, 0x2c, 0x18, 0x21, 0xf0, 0x0,

    /* U+01FF "ǿ" */
    0x7, 0x0, 0xc0, 0x18, 0x2, 0x0, 0x80, 0x0,
    0x0, 0x0, 0xf9, 0x21, 0xcc, 0x19, 0x7, 0x60,
    0xbc, 0x27, 0x88, 0xf2, 0x1e, 0x83, 0x60, 0x4c,
    0x19, 0xc2, 0x4f, 0x80, 0x0,

    /* U+0259 "ə" */
    0x1e, 0xf, 0xc4, 0x3a, 0x7, 0x81, 0xc0, 0x30,
    0xc, 0x3, 0xff, 0xf8, 0x2e, 0x9, 0xc4, 0x3e,
    0x0,

    /* U+02C6 "ˆ" */
    0x38, 0x71, 0xb2, 0x28, 0x20,

    /* U+02C7 "ˇ" */
    0x1, 0x5, 0x93, 0xe3, 0x80,

    /* U+02C9 "ˉ" */
    0xff, 0xff,

    /* U+02D8 "˘" */
    0x83, 0x5, 0xf1, 0xc0,

    /* U+02D9 "˙" */
    0xff, 0x80,

    /* U+02DA "˚" */
    0x74, 0x63, 0x17, 0x0,

    /* U+02DB "˛" */
    0x41, 0x83, 0x7, 0x7, 0xc0,

    /* U+02DC "˜" */
    0x70, 0x4e, 0xa3, 0x80,

    /* U+02DD "˝" */
    0x66, 0x8f, 0x14, 0x48, 0x80,

    /* U+0300 "̀" */
    0xce, 0x62, 0x10,

    /* U+0301 "́" */
    0x76, 0xc8, 0x80,

    /* U+0303 "̃" */
    0x71, 0x99, 0xe,

    /* U+0309 "̉" */
    0x79, 0x12, 0x0,

    /* U+0323 "̣" */
    0xff, 0x80,

    /* U+037E ";" */
    0x73, 0x9c, 0x0, 0x0, 0x0, 0x0, 0x1d, 0xf7,
    0x84, 0x22, 0x60,

    /* U+0384 "΄" */
    0x76, 0x64, 0x80,

    /* U+0385 "΅" */
    0x7, 0x3, 0x8e, 0xdf, 0xa7, 0xf1, 0xc0,

    /* U+0386 "Ά" */
    0xc, 0x40, 0x3, 0x8c, 0x0, 0x61, 0x80, 0x8,
    0x70, 0x2, 0xf, 0x0, 0x3, 0xe0, 0x0, 0x4e,
    0x0, 0x9, 0xc0, 0x3, 0x38, 0x0, 0x43, 0x80,
    0x18, 0x70, 0x3, 0x6, 0x0, 0x40, 0xe0, 0x1f,
    0xfc, 0x2, 0x1, 0xc0, 0xc0, 0x38, 0x10, 0x3,
    0x2, 0x0, 0x70, 0xc0, 0xf, 0x7e, 0x7, 0xf0,

    /* U+0387 "·" */
    0xff, 0x80,

    /* U+0388 "Έ" */
    0x30, 0x0, 0x3, 0xbf, 0xff, 0x98, 0x30, 0xc,
    0x81, 0x80, 0x24, 0xc, 0x1, 0x40, 0x60, 0x0,
    0x3, 0x0, 0x0, 0x18, 0x8, 0x0, 0xc0, 0x40,
    0x6, 0x6, 0x0, 0x3f, 0xf0, 0x1, 0x81, 0x80,
    0xc, 0x4, 0x0, 0x60, 0x0, 0x3, 0x0, 0x0,
    0x18, 0x1, 0x0, 0xc0, 0x10, 0x6, 0x0, 0x80,
    0x30, 0xc, 0xf, 0xff, 0xe0,

    /* U+0389 "Ή" */
    0x30, 0x0, 0x0, 0x77, 0xf8, 0xff, 0x61, 0xe0,
    0x38, 0x40, 0xc0, 0x18, 0x40, 0xc0, 0x18, 0x0,
    0xc0, 0x18, 0x0, 0xc0, 0x18, 0x0, 0xc0, 0x18,
    0x0, 0xc0, 0x18, 0x0, 0xc0, 0x18, 0x0, 0xff,
    0xf8, 0x0, 0xc0, 0x18, 0x0, 0xc0, 0x18, 0x0,
    0xc0, 0x18, 0x0, 0xc0, 0x18, 0x0, 0xc0, 0x18,
    0x0, 0xc0, 0x18, 0x0, 0xc0, 0x18, 0x0, 0xe0,
    0x1c, 0x7, 0xf8, 0xff,

    /* U+038A "Ί" */
    0x30, 0x3, 0xbf, 0xd8, 0x70, 0x81, 0x84, 0xc,
    0x0, 0x60, 0x3, 0x0, 0x18, 0x0, 0xc0, 0x6,
    0x0, 0x30, 0x1, 0x80, 0xc, 0x0, 0x60, 0x3,
    0x0, 0x18, 0x0, 0xc0, 0x6, 0x0, 0x70, 0xf,
    0xf0,

    /* U+038C "Ό" */
    0x70, 0xf8, 0xc, 0x60, 0xc1, 0x18, 0xc, 0x46,
    0x0, 0xc9, 0xc0, 0x1c, 0x30, 0x1, 0x8e, 0x0,
    0x39, 0xc0, 0x7, 0x38, 0x0, 0xe7, 0x0, 0x1c,
    0xe0, 0x3, 0x9c, 0x0, 0x73, 0x80, 0xe, 0x38,
    0x1, 0x87, 0x0, 0x70, 0x60, 0xc, 0x6, 0x3,
    0x0, 0x60, 0xc0, 0x7, 0xe0, 0x0,

    /* U+038E "Ύ" */
    0x70, 0x0, 0x0, 0x67, 0xf8, 0x7f, 0x63, 0xe0,
    0x1c, 0xc1, 0xe0, 0x18, 0x80, 0xe0, 0x10, 0x80,
    0x70, 0x20, 0x0, 0x70, 0x20, 0x0, 0x38, 0x40,
    0x0, 0x18, 0x80, 0x0, 0x1d, 0x80, 0x0, 0xd,
    0x0, 0x0, 0x6, 0x0, 0x0, 0x6, 0x0, 0x0,
    0x6, 0x0, 0x0, 0x6, 0x0, 0x0, 0x6, 0x0,
    0x0, 0x6, 0x0, 0x0, 0x6, 0x0, 0x0, 0x7,
    0x0, 0x0, 0x1f, 0xc0,

    /* U+038F "Ώ" */
    0x70, 0x7e, 0x3, 0x9c, 0x1c, 0x19, 0xc0, 0x70,
    0x9c, 0x1, 0xc8, 0xe0, 0xe, 0xe, 0x0, 0x38,
    0x70, 0x1, 0xc3, 0x80, 0xe, 0x1c, 0x0, 0x70,
    0xe0, 0x3, 0x87, 0x0, 0x1c, 0x38, 0x0, 0xc0,
    0xe0, 0xe, 0x3, 0x0, 0x60, 0x1c, 0xe, 0x4,
    0x30, 0xe1, 0x20, 0x84, 0x9, 0xfc, 0x3f, 0xcf,
    0xe1, 0xfe,

    /* U+0390 "ΐ" */
    0x7, 0x1, 0x8e, 0xdf, 0xa7, 0xe9, 0xc0, 0x0,
    0x0, 0x30, 0x3c, 0x3, 0x0, 0xc0, 0x30, 0xc,
    0x3, 0x0, 0xc0, 0x30, 0xc, 0x3, 0x20, 0xd0,
    0x1c,

    /* U+0391 "Α" */
    0x0, 0x40, 0x0, 0xc, 0x0, 0x1, 0x80, 0x0,
    0x70, 0x0, 0xf, 0x0, 0x3, 0xe0, 0x0, 0x4e,
    0x0, 0x9, 0xc0, 0x3, 0x38, 0x0, 0x43, 0x80,
    0x18, 0x70, 0x3, 0x6, 0x0, 0x40, 0xe0, 0x1f,
    0xfc, 0x2, 0x1, 0xc0, 0xc0, 0x38, 0x10, 0x3,
    0x2, 0x0, 0x70, 0xc0, 0xf, 0x7e, 0x7, 0xf0,

    /* U+0392 "Β" */
    0xff, 0xf0, 0x18, 0x3c, 0x18, 0xe, 0x18, 0x7,
    0x18, 0x7, 0x18, 0x7, 0x18, 0x7, 0x18, 0xe,
    0x18, 0x1c, 0x1f, 0xf8, 0x18, 0x3e, 0x18, 0xf,
    0x18, 0x7, 0x18, 0x7, 0x18, 0x7, 0x18, 0x7,
    0x18, 0xe, 0x18, 0x1c, 0xff, 0xf8,

    /* U+0393 "Γ" */
    0xff, 0xfe, 0x30, 0xc, 0x60, 0x8, 0xc0, 0x11,
    0x80, 0x3, 0x0, 0x6, 0x0, 0xc, 0x0, 0x18,
    0x0, 0x30, 0x0, 0x60, 0x0, 0xc0, 0x1, 0x80,
    0x3, 0x0, 0x6, 0x0, 0xc, 0x0, 0x18, 0x0,
    0x30, 0x3, 0xfc, 0x0,

    /* U+0394 "Δ" */
    0x1, 0x0, 0x1, 0x80, 0x1, 0x80, 0x3, 0x80,
    0x3, 0xc0, 0x6, 0xc0, 0x4, 0xe0, 0x4, 0xe0,
    0xc, 0x60, 0x8, 0x70, 0x18, 0x70, 0x10, 0x30,
    0x10, 0x38, 0x30, 0x18, 0x20, 0x1c, 0x60, 0x1c,
    0x40, 0xc, 0x40, 0xe, 0xc0, 0xe, 0xff, 0xfe,

    /* U+0395 "Ε" */
    0xff, 0xfe, 0x18, 0x6, 0x18, 0x2, 0x18, 0x2,
    0x18, 0x0, 0x18, 0x0, 0x18, 0x8, 0x18, 0x8,
    0x18, 0x18, 0x1f, 0xf8, 0x18, 0x18, 0x18, 0x8,
    0x18, 0x0, 0x18, 0x0, 0x18, 0x1, 0x18, 0x1,
    0x18, 0x2, 0x18, 0x6, 0xff, 0xfe,

    /* U+0396 "Ζ" */
    0x3f, 0xfe, 0x40, 0x38, 0x80, 0xf2, 0x1, 0xc0,
    0x7, 0x0, 0xe, 0x0, 0x38, 0x0, 0xe0, 0x1,
    0xc0, 0x7, 0x0, 0x1c, 0x0, 0x38, 0x0, 0xe0,
    0x3, 0x80, 0x7, 0x0, 0x9c, 0x1, 0x70, 0x2,
    0xe0, 0xf, 0xff, 0xf8,

    /* U+0397 "Η" */
    0xff, 0x1f, 0xe3, 0x80, 0xe0, 0x60, 0xc, 0xc,
    0x1, 0x81, 0x80, 0x30, 0x30, 0x6, 0x6, 0x0,
    0xc0, 0xc0, 0x18, 0x18, 0x3, 0x3, 0xff, 0xe0,
    0x60, 0xc, 0xc, 0x1, 0x81, 0x80, 0x30, 0x30,
    0x6, 0x6, 0x0, 0xc0, 0xc0, 0x18, 0x18, 0x3,
    0x7, 0x80, 0xe3, 0xfc, 0x7f, 0x80,

    /* U+0398 "Θ" */
    0x3, 0xf0, 0x3, 0x87, 0x1, 0x80, 0x60, 0xc0,
    0xc, 0x70, 0x3, 0x98, 0x0, 0xee, 0x41, 0x1f,
    0x90, 0x47, 0xe7, 0xf1, 0xf9, 0xfc, 0x7e, 0x41,
    0x1f, 0x90, 0x47, 0xe0, 0x1, 0xdc, 0x0, 0x67,
    0x0, 0x38, 0xc0, 0xc, 0x18, 0x6, 0x3, 0x87,
    0x0, 0x3f, 0x0,

    /* U+0399 "Ι" */
    0xff, 0x3c, 0x18, 0x18, 0x18, 0x18, 0x18, 0x18,
    0x18, 0x18, 0x18, 0x18, 0x18, 0x18, 0x18, 0x18,
    0x18, 0x38, 0xff,

    /* U+039A "Κ" */
    0xff, 0x1f, 0x81, 0xc0, 0xe0, 0x18, 0xc, 0x1,
    0x81, 0x80, 0x18, 0x30, 0x1, 0x86, 0x0, 0x18,
    0xc0, 0x1, 0x98, 0x0, 0x1b, 0x0, 0x1, 0xf8,
    0x0, 0x1b, 0xc0, 0x1, 0x9e, 0x0, 0x18, 0xf0,
    0x1, 0x87, 0x80, 0x18, 0x3c, 0x1, 0x81, 0xe0,
    0x18, 0xf, 0x3, 0xc0, 0xfc, 0xff, 0x1f, 0xf0,

    /* U+039B "Λ" */
    0x0, 0x40, 0x0, 0x8, 0x0, 0x3, 0x80, 0x0,
    0x70, 0x0, 0xf, 0x0, 0x2, 0xe0, 0x0, 0x4c,
    0x0, 0x19, 0xc0, 0x2, 0x18, 0x0, 0x43, 0x80,
    0x10, 0x70, 0x2, 0x6, 0x0, 0xc0, 0xe0, 0x10,
    0xc, 0x2, 0x1, 0xc0, 0xc0, 0x38, 0x10, 0x3,
    0x86, 0x0, 0x70, 0xc0, 0xf, 0x7e, 0x7, 0xf0,

    /* U+039C "Μ" */
    0xfc, 0x0, 0x1f, 0x3c, 0x0, 0x38, 0x1e, 0x0,
    0x38, 0x1e, 0x0, 0x78, 0x17, 0x0, 0x58, 0x17,
    0x0, 0xd8, 0x17, 0x0, 0xd8, 0x13, 0x80, 0x98,
    0x13, 0x81, 0x98, 0x11, 0xc1, 0x18, 0x11, 0xc3,
    0x18, 0x10, 0xe2, 0x18, 0x10, 0xe6, 0x18, 0x10,
    0x74, 0x18, 0x10, 0x7c, 0x18, 0x10, 0x38, 0x18,
    0x10, 0x38, 0x18, 0x10, 0x10, 0x18, 0xfe, 0x10,
    0xff,

    /* U+039D "Ν" */
    0xfc, 0x7, 0xf1, 0xc0, 0x8, 0xe, 0x0, 0x80,
    0xf0, 0x8, 0xf, 0x80, 0x80, 0xb8, 0x8, 0x9,
    0xc0, 0x80, 0x8e, 0x8, 0x8, 0xf0, 0x80, 0x87,
    0x88, 0x8, 0x38, 0x80, 0x81, 0xc8, 0x8, 0x1e,
    0x80, 0x80, 0xf8, 0x8, 0x7, 0x80, 0x80, 0x38,
    0x8, 0x1, 0x80, 0x80, 0x18, 0x7f, 0x0, 0x80,

    /* U+039E "Ξ" */
    0xff, 0xfe, 0xff, 0xfe, 0xc0, 0x2, 0x80, 0x2,
    0x0, 0x0, 0x0, 0x0, 0x10, 0x8, 0x10, 0x8,
    0x18, 0x18, 0x1f, 0xf8, 0x1f, 0xf8, 0x10, 0x8,
    0x0, 0x0, 0x80, 0x1, 0x80, 0x1, 0x80, 0x1,
    0xc0, 0x3, 0xff, 0xff, 0xff, 0xff,

    /* U+039F "Ο" */
    0x3, 0xe0, 0x6, 0xc, 0x6, 0x3, 0x6, 0x0,
    0xc7, 0x0, 0x73, 0x0, 0x1b, 0x80, 0xf, 0xc0,
    0x7, 0xe0, 0x3, 0xf0, 0x1, 0xf8, 0x0, 0xfc,
    0x0, 0x7e, 0x0, 0x3b, 0x80, 0x19, 0xc0, 0x1c,
    0x60, 0xc, 0x18, 0xc, 0x6, 0xc, 0x1, 0xf8,
    0x0,

    /* U+03A0 "Π" */
    0xff, 0xff, 0xe3, 0x0, 0x60, 0x60, 0xc, 0xc,
    0x1, 0x81, 0x80, 0x30, 0x30, 0x6, 0x6, 0x0,
    0xc0, 0xc0, 0x18, 0x18, 0x3, 0x3, 0x0, 0x60,
    0x60, 0xc, 0xc, 0x1, 0x81, 0x80, 0x30, 0x30,
    0x6, 0x6, 0x0, 0xc0, 0xc0, 0x18, 0x18, 0x3,
    0x3, 0x80, 0xe3, 0xfc, 0x7f, 0x80,

    /* U+03A1 "Ρ" */
    0xff, 0xe0, 0x7f, 0xc1, 0x83, 0x86, 0xf, 0x18,
    0x1c, 0x60, 0x71, 0x81, 0xc6, 0x7, 0x18, 0x38,
    0x61, 0xc1, 0xfe, 0x6, 0x0, 0x18, 0x0, 0x60,
    0x1, 0x80, 0x6, 0x0, 0x18, 0x0, 0x60, 0xf,
    0xf0, 0x0,

    /* U+03A3 "Σ" */
    0xff, 0xf9, 0xc0, 0x27, 0x80, 0x8e, 0x2, 0x1c,
    0x4, 0x38, 0x0, 0xe0, 0x1, 0xc0, 0x3, 0x80,
    0xe, 0x0, 0x30, 0x0, 0x80, 0x4, 0x0, 0x30,
    0x1, 0x80, 0x4c, 0x1, 0x20, 0xd, 0xff, 0xff,
    0xff, 0xc0,

    /* U+03A4 "Τ" */
    0xff, 0xff, 0x86, 0xe, 0xc, 0x8, 0x18, 0x10,
    0x30, 0x0, 0x60, 0x0, 0xc0, 0x1, 0x80, 0x3,
    0x0, 0x6, 0x0, 0xc, 0x0, 0x18, 0x0, 0x30,
    0x0, 0x60, 0x0, 0xc0, 0x1, 0x80, 0x3, 0x0,
    0x6, 0x0, 0x7f, 0x80,

    /* U+03A5 "Υ" */
    0xff, 0xf, 0xef, 0x80, 0x70, 0xf0, 0xc, 0xe,
    0x1, 0x0, 0xe0, 0x40, 0x1c, 0x8, 0x1, 0xc2,
    0x0, 0x18, 0x80, 0x3, 0xb0, 0x0, 0x34, 0x0,
    0x3, 0x0, 0x0, 0x60, 0x0, 0xc, 0x0, 0x1,
    0x80, 0x0, 0x30, 0x0, 0x6, 0x0, 0x0, 0xc0,
    0x0, 0x1c, 0x0, 0xf, 0xe0, 0x0,

    /* U+03A6 "Φ" */
    0x7, 0xf8, 0x0, 0x78, 0x0, 0xc, 0x0, 0x1f,
    0xf0, 0x1c, 0xc6, 0x1c, 0x30, 0xe7, 0xc, 0x3b,
    0x83, 0x7, 0xe0, 0xc1, 0xf8, 0x30, 0x7e, 0xc,
    0x1f, 0x83, 0x7, 0x70, 0xc3, 0x8c, 0x30, 0xc1,
    0x8c, 0xe0, 0x1f, 0xe0, 0x0, 0xc0, 0x0, 0x78,
    0x0, 0x7f, 0x80,

    /* U+03A7 "Χ" */
    0x7f, 0x8f, 0xe3, 0xc0, 0x70, 0x38, 0xc, 0x3,
    0x81, 0x0, 0x70, 0x40, 0x7, 0x10, 0x0, 0x76,
    0x0, 0xf, 0x80, 0x0, 0xe0, 0x0, 0xe, 0x0,
    0x3, 0xc0, 0x0, 0xdc, 0x0, 0x11, 0xc0, 0x4,
    0x38, 0x1, 0x83, 0x80, 0x60, 0x38, 0x18, 0x7,
    0x7, 0x0, 0xf3, 0xf8, 0x3f, 0x80,

    /* U+03A8 "Ψ" */
    0xc7, 0xf8, 0xd0, 0x78, 0x26, 0xc, 0x19, 0x83,
    0x6, 0x60, 0xc1, 0x98, 0x30, 0x66, 0xc, 0x19,
    0x83, 0x6, 0x30, 0xc3, 0x6, 0x31, 0x80, 0xff,
    0x80, 0x3, 0x0, 0x0, 0xc0, 0x0, 0x30, 0x0,
    0xc, 0x0, 0x3, 0x0, 0x0, 0xc0, 0x0, 0x78,
    0x0, 0x7f, 0x80,

    /* U+03A9 "Ω" */
    0x1, 0xf8, 0x1, 0xc1, 0xc0, 0x70, 0x1c, 0x1c,
    0x1, 0xc3, 0x80, 0x38, 0xe0, 0x3, 0x9c, 0x0,
    0x73, 0x80, 0xe, 0x70, 0x1, 0xce, 0x0, 0x39,
    0xc0, 0x7, 0x38, 0x0, 0xc3, 0x80, 0x38, 0x30,
    0x6, 0x7, 0x3, 0x84, 0x30, 0xe1, 0x82, 0x10,
    0x3f, 0xc3, 0xff, 0xf8, 0x7f, 0x80,

    /* U+03AA "Ϊ" */
    0xe7, 0xe7, 0xe7, 0x0, 0x0, 0xff, 0x3c, 0x18,
    0x18, 0x18, 0x18, 0x18, 0x18, 0x18, 0x18, 0x18,
    0x18, 0x18, 0x18, 0x18, 0x18, 0x18, 0x3c, 0xff,

    /* U+03AB "Ϋ" */
    0x3, 0x9c, 0x0, 0x73, 0x80, 0xe, 0x70, 0x0,
    0x0, 0x0, 0x0, 0x1, 0xfe, 0xf, 0xdf, 0x0,
    0xe1, 0xe0, 0x18, 0x1c, 0x2, 0x1, 0xc0, 0x80,
    0x38, 0x10, 0x3, 0x84, 0x0, 0x39, 0x0, 0x7,
    0xa0, 0x0, 0x78, 0x0, 0x6, 0x0, 0x0, 0xc0,
    0x0, 0x18, 0x0, 0x3, 0x0, 0x0, 0x60, 0x0,
    0xc, 0x0, 0x1, 0x80, 0x0, 0x38, 0x0, 0x1f,
    0xe0,

    /* U+03AC "ά" */
    0x7, 0x0, 0x30, 0x1, 0x80, 0x18, 0x0, 0x80,
    0x0, 0x0, 0x0, 0x3, 0x8c, 0x62, 0x63, 0x1f,
    0x30, 0x71, 0x83, 0x8c, 0xc, 0x60, 0xe3, 0x7,
    0x18, 0x30, 0xc1, 0xcb, 0x1a, 0x59, 0xde, 0x7c,
    0x60,

    /* U+03AD "έ" */
    0x7, 0x1, 0x80, 0x60, 0x10, 0x8, 0x0, 0x0,
    0x0, 0x7c, 0x31, 0x98, 0x66, 0x1, 0x80, 0x30,
    0x7, 0xc7, 0x3, 0x80, 0xe0, 0xf8, 0x77, 0x1c,
    0x7c,

    /* U+03AE "ή" */
    0x1, 0xc0, 0xc, 0x0, 0xc0, 0x6, 0x0, 0x20,
    0x0, 0x0, 0x0, 0xe, 0x3c, 0x9a, 0x64, 0xe1,
    0x86, 0xc, 0x30, 0x61, 0x83, 0xc, 0x18, 0x60,
    0xc3, 0x6, 0x18, 0x30, 0xc1, 0x86, 0xc, 0x30,
    0x60, 0x3, 0x0, 0x18, 0x0, 0xc0, 0x6, 0x0,
    0x30, 0x1, 0x80,

    /* U+03AF "ί" */
    0x1c, 0x30, 0x41, 0x82, 0x0, 0x0, 0x18, 0xf0,
    0x60, 0xc1, 0x83, 0x6, 0xc, 0x18, 0x30, 0x64,
    0xd0, 0xe0,

    /* U+03B0 "ΰ" */
    0x1, 0x80, 0x38, 0x3b, 0x73, 0xa7, 0x3c, 0x70,
    0x0, 0x0, 0x7, 0xc, 0x98, 0x61, 0x82, 0x18,
    0x31, 0x83, 0x18, 0x31, 0x83, 0x18, 0x31, 0x83,
    0x18, 0x21, 0x86, 0xc, 0xc0, 0x78,

    /* U+03B1 "α" */
    0x1c, 0x63, 0x13, 0x18, 0xf9, 0x83, 0x8c, 0x1c,
    0x60, 0x63, 0x7, 0x18, 0x38, 0xc1, 0x86, 0xe,
    0x58, 0xd2, 0xce, 0xf3, 0xe3, 0x0,

    /* U+03B2 "β" */
    0x1e, 0xc, 0x31, 0x3, 0x60, 0x6c, 0xd, 0x81,
    0xb0, 0x36, 0xc, 0xcf, 0x18, 0x33, 0x3, 0x60,
    0x7c, 0x7, 0x80, 0xf0, 0x1e, 0x3, 0xc0, 0x58,
    0x1b, 0x86, 0x6f, 0x8c, 0x1, 0x80, 0x30, 0x6,
    0x0, 0xc0, 0x18, 0x0,

    /* U+03B3 "γ" */
    0x70, 0xfe, 0x1a, 0x63, 0x44, 0xe8, 0x98, 0x13,
    0x2, 0x40, 0x58, 0x6, 0x0, 0xc0, 0x10, 0x2,
    0x0, 0x40, 0x8, 0x3, 0x0, 0x60, 0xc, 0x1,
    0x80, 0x30, 0x0,

    /* U+03B4 "δ" */
    0x1f, 0xc, 0x79, 0x7, 0x20, 0x42, 0x0, 0x30,
    0x3, 0x0, 0x38, 0x1f, 0x86, 0x39, 0x83, 0x60,
    0x7c, 0x7, 0x80, 0xf0, 0x1e, 0x3, 0xc0, 0x4c,
    0x18, 0xc6, 0xf, 0x0,

    /* U+03B5 "ε" */
    0x1f, 0xc, 0x66, 0x19, 0x80, 0x60, 0xc, 0x1,
    0xf1, 0xc0, 0xe0, 0x38, 0x3e, 0x1d, 0xc7, 0x1f,
    0x0,

    /* U+03B6 "ζ" */
    0x0, 0xc, 0x62, 0x38, 0x9c, 0x18, 0x4, 0x2,
    0x1, 0x0, 0x40, 0x10, 0x8, 0x2, 0x0, 0x80,
    0x20, 0x8, 0x2, 0x0, 0xc0, 0x18, 0x7, 0xf8,
    0xff, 0x0, 0xc0, 0x10, 0x4, 0x1, 0x0, 0x81,
    0xc0,

    /* U+03B7 "η" */
    0x71, 0xe4, 0xd3, 0x27, 0xc, 0x30, 0x61, 0x83,
    0xc, 0x18, 0x60, 0xc3, 0x6, 0x18, 0x30, 0xc1,
    0x86, 0xc, 0x30, 0x61, 0x83, 0x0, 0x18, 0x0,
    0xc0, 0x6, 0x0, 0x30, 0x1, 0x80, 0xc,

    /* U+03B8 "θ" */
    0xe, 0x2, 0x30, 0x82, 0x30, 0x64, 0x4, 0x80,
    0xf0, 0x1e, 0x3, 0xc0, 0x7f, 0xff, 0x1, 0xe0,
    0x3c, 0x7, 0x80, 0xf0, 0x13, 0x6, 0x60, 0xc4,
    0x10, 0xc4, 0x7, 0x0,

    /* U+03B9 "ι" */
    0x31, 0xe0, 0xc1, 0x83, 0x6, 0xc, 0x18, 0x30,
    0x60, 0xc9, 0xa1, 0xc0,

    /* U+03BA "κ" */
    0x30, 0x3b, 0x86, 0xcc, 0x40, 0x64, 0x3, 0x40,
    0x1f, 0x0, 0xd8, 0x6, 0xe0, 0x33, 0x81, 0x8e,
    0xc, 0x70, 0x61, 0xe3, 0x7, 0x80,

    /* U+03BB "λ" */
    0x38, 0x0, 0xf0, 0x6, 0x40, 0x11, 0x0, 0x42,
    0x0, 0x8, 0x0, 0x20, 0x0, 0x80, 0x3, 0x0,
    0x1c, 0x0, 0x70, 0x3, 0xc0, 0xd, 0x0, 0x72,
    0x1, 0xc8, 0xe, 0x20, 0x38, 0x88, 0xc1, 0x27,
    0x7, 0x9c, 0xc,

    /* U+03BC "μ" */
    0x60, 0xc3, 0x6, 0x18, 0x30, 0xc1, 0x86, 0xc,
    0x30, 0x61, 0x83, 0xc, 0x18, 0x60, 0xc3, 0x6,
    0x18, 0x32, 0xe7, 0xa7, 0xc7, 0x20, 0x1, 0x0,
    0x18, 0x0, 0xc0, 0x6, 0x0, 0x30, 0x0,

    /* U+03BD "ν" */
    0x30, 0x3f, 0x83, 0x18, 0x31, 0x82, 0xc, 0x20,
    0xc2, 0xc, 0x40, 0x64, 0x6, 0x80, 0x68, 0x3,
    0x0, 0x30, 0x2, 0x0,

    /* U+03BE "ξ" */
    0x30, 0x4, 0x30, 0x9c, 0xe, 0x1, 0x0, 0x40,
    0x8, 0x1, 0x9e, 0x1f, 0x86, 0x1, 0x80, 0x20,
    0x8, 0x1, 0x0, 0x20, 0x4, 0x0, 0x80, 0x8,
    0x1, 0xff, 0xf, 0xf0, 0x6, 0x0, 0x40, 0x8,
    0x1, 0x0, 0x40, 0xf0,

    /* U+03BF "ο" */
    0x1f, 0x6, 0x31, 0x83, 0x20, 0x6c, 0x7, 0x80,
    0xf0, 0x1e, 0x3, 0xc0, 0x6c, 0x9, 0x83, 0x18,
    0x41, 0xf0,

    /* U+03C0 "π" */
    0x3f, 0xfd, 0xff, 0xf4, 0x4c, 0x3, 0x30, 0xc,
    0xc0, 0x33, 0x0, 0xcc, 0x2, 0x30, 0x18, 0xc0,
    0x63, 0x13, 0x8c, 0x9e, 0x3e, 0x30, 0x70,

    /* U+03C1 "ρ" */
    0x1f, 0x4, 0x71, 0x7, 0x60, 0x7c, 0x7, 0x80,
    0xf0, 0x1e, 0x3, 0xc0, 0x78, 0xb, 0x2, 0x70,
    0xcd, 0xe1, 0x80, 0x30, 0x6, 0x0, 0xc0, 0x18,
    0x3, 0x0, 0x0,

    /* U+03C2 "ς" */
    0xf, 0xf, 0xc8, 0x68, 0x4, 0x4, 0x2, 0x1,
    0x0, 0x80, 0x40, 0x10, 0xf, 0xe3, 0xf8, 0x4,
    0x2, 0x1, 0x0, 0x80, 0x83, 0x80,

    /* U+03C3 "σ" */
    0x1f, 0xf9, 0xff, 0xdc, 0x21, 0xc0, 0x8c, 0x6,
    0x60, 0x13, 0x0, 0xd8, 0x6, 0xc0, 0x33, 0x1,
    0x8c, 0x18, 0x71, 0x80, 0xf8, 0x0,

    /* U+03C4 "τ" */
    0x3f, 0xef, 0xfd, 0x10, 0x42, 0x0, 0xc0, 0x18,
    0x3, 0x0, 0x60, 0xc, 0x1, 0x88, 0x32, 0x7,
    0xc0, 0x70,

    /* U+03C5 "υ" */
    0x70, 0x64, 0xc1, 0xa6, 0x4, 0x30, 0x31, 0x81,
    0x8c, 0xc, 0x60, 0x63, 0x3, 0x18, 0x18, 0xc0,
    0x86, 0xc, 0x18, 0xc0, 0x78, 0x0,

    /* U+03C6 "φ" */
    0x19, 0xe0, 0x8c, 0xc6, 0x31, 0xb0, 0xc3, 0xc3,
    0xf, 0xc, 0x3c, 0x30, 0xf0, 0xc3, 0xc3, 0xd,
    0x8c, 0x26, 0x31, 0x8c, 0xcc, 0xf, 0xe0, 0xc,
    0x0, 0x30, 0x0, 0xc0, 0x3, 0x0, 0xc, 0x0,
    0x30, 0x0,

    /* U+03C7 "χ" */
    0x70, 0x63, 0xc7, 0x22, 0x31, 0x11, 0x80, 0x98,
    0x2, 0xc0, 0x1c, 0x0, 0xe0, 0x7, 0x0, 0x30,
    0x3, 0x80, 0x1c, 0x1, 0xe0, 0xd, 0x0, 0xe4,
    0x6, 0x21, 0x71, 0x9b, 0x7, 0xb8, 0x3c,

    /* U+03C8 "ψ" */
    0xe1, 0x87, 0x61, 0x86, 0x71, 0x8e, 0x71, 0x8e,
    0x71, 0x8e, 0x31, 0x8c, 0x31, 0x8c, 0x31, 0x8c,
    0x31, 0x8c, 0x39, 0x9c, 0x19, 0x98, 0x9, 0x90,
    0x7, 0xe0, 0x1, 0x80, 0x1, 0x80, 0x1, 0x80,
    0x1, 0x80, 0x1, 0x80, 0x1, 0x80,

    /* U+03C9 "ω" */
    0xe, 0x70, 0x38, 0x1c, 0x60, 0x6, 0x61, 0x86,
    0xc1, 0x83, 0xc1, 0x83, 0xc1, 0x83, 0xc1, 0x83,
    0xc1, 0x3, 0xc1, 0x3, 0x61, 0x86, 0x62, 0x46,
    0x1c, 0x38,

    /* U+03CA "ϊ" */
    0xe7, 0xe7, 0xe7, 0x0, 0x0, 0x18, 0x78, 0x18,
    0x18, 0x18, 0x18, 0x18, 0x18, 0x18, 0x18, 0x19,
    0x19, 0xe,

    /* U+03CB "ϋ" */
    0x1c, 0xe0, 0xe7, 0x7, 0x38, 0x0, 0x0, 0x0,
    0x38, 0x32, 0x60, 0xd3, 0x2, 0x18, 0x18, 0xc0,
    0xc6, 0x6, 0x30, 0x31, 0x81, 0x8c, 0xc, 0x60,
    0x43, 0x6, 0xc, 0x60, 0x3c, 0x0,

    /* U+03CC "ό" */
    0x7, 0x0, 0xc0, 0x18, 0x6, 0x0, 0x80, 0x0,
    0x0, 0x0, 0xf8, 0x31, 0x8c, 0x19, 0x3, 0x60,
    0x3c, 0x7, 0x80, 0xf0, 0x1e, 0x3, 0x60, 0x4c,
    0x18, 0xc2, 0xf, 0x80,

    /* U+03CD "ύ" */
    0x1, 0xc0, 0xc, 0x0, 0xc0, 0x6, 0x0, 0x20,
    0x0, 0x0, 0x0, 0xe, 0xc, 0x98, 0x34, 0xc0,
    0x86, 0x6, 0x30, 0x31, 0x81, 0x8c, 0xc, 0x60,
    0x63, 0x3, 0x18, 0x10, 0xc1, 0x83, 0x18, 0xf,
    0x0,

    /* U+03CE "ώ" */
    0x0, 0xe0, 0x0, 0xc0, 0x1, 0x80, 0x1, 0x80,
    0x1, 0x0, 0x0, 0x0, 0x0, 0x0, 0xe, 0x70,
    0x38, 0x1c, 0x60, 0x6, 0x61, 0x86, 0xc1, 0x83,
    0xc1, 0x83, 0xc1, 0x83, 0xc1, 0x83, 0xc1, 0x3,
    0xc1, 0x3, 0x61, 0x86, 0x62, 0x46, 0x1c, 0x38,

    /* U+0401 "Ё" */
    0xe, 0x70, 0xe, 0x70, 0xe, 0x70, 0x0, 0x0,
    0x0, 0x0, 0xff, 0xfe, 0x18, 0x6, 0x18, 0x2,
    0x18, 0x2, 0x18, 0x0, 0x18, 0x0, 0x18, 0x8,
    0x18, 0x8, 0x18, 0x18, 0x1f, 0xf8, 0x18, 0x18,
    0x18, 0x8, 0x18, 0x0, 0x18, 0x0, 0x18, 0x1,
    0x18, 0x1, 0x18, 0x2, 0x18, 0x6, 0xff, 0xfe,

    /* U+0402 "Ђ" */
    0xff, 0xfc, 0x18, 0x61, 0x82, 0xc, 0x10, 0x41,
    0x82, 0x0, 0x30, 0x0, 0x6, 0x0, 0x0, 0xc7,
    0xc0, 0x19, 0xfc, 0x3, 0xc3, 0xc0, 0x70, 0x38,
    0xc, 0x3, 0x81, 0x80, 0x70, 0x30, 0xe, 0x6,
    0x1, 0xc0, 0xc0, 0x38, 0x18, 0x7, 0x3, 0x0,
    0xc0, 0xe0, 0x30, 0x7f, 0x9c, 0x0,

    /* U+0403 "Ѓ" */
    0x1, 0xc0, 0x3, 0x0, 0x6, 0x0, 0x18, 0x0,
    0x20, 0x0, 0x0, 0x0, 0x0, 0x7f, 0xff, 0x18,
    0x6, 0x30, 0x4, 0x60, 0x8, 0xc0, 0x1, 0x80,
    0x3, 0x0, 0x6, 0x0, 0xc, 0x0, 0x18, 0x0,
    0x30, 0x0, 0x60, 0x0, 0xc0, 0x1, 0x80, 0x3,
    0x0, 0x6, 0x0, 0xc, 0x0, 0x18, 0x1, 0xfe,
    0x0,

    /* U+0404 "Є" */
    0x3, 0xf2, 0xe, 0x1e, 0x18, 0x6, 0x30, 0x2,
    0x70, 0x2, 0x60, 0x0, 0xe0, 0x0, 0xe0, 0x0,
    0xff, 0xc0, 0xe0, 0x0, 0xe0, 0x0, 0xe0, 0x0,
    0xe0, 0x0, 0x70, 0x0, 0x70, 0x1, 0x38, 0x2,
    0x1c, 0x6, 0xe, 0x8, 0x3, 0xf0,

    /* U+0405 "Ѕ" */
    0x1f, 0x26, 0xe, 0x40, 0x6c, 0x2, 0xc0, 0x2e,
    0x2, 0xf0, 0x7, 0xc0, 0x3e, 0x1, 0xf8, 0x7,
    0xe0, 0x1e, 0x0, 0x78, 0x7, 0x80, 0x38, 0x3,
    0xc0, 0x6f, 0xc, 0x9f, 0x80,

    /* U+0406 "І" */
    0xff, 0x3c, 0x18, 0x18, 0x18, 0x18, 0x18, 0x18,
    0x18, 0x18, 0x18, 0x18, 0x18, 0x18, 0x18, 0x18,
    0x18, 0x38, 0xff,

    /* U+0407 "Ї" */
    0xe7, 0xe7, 0xe7, 0x0, 0x0, 0xff, 0x3c, 0x18,
    0x18, 0x18, 0x18, 0x18, 0x18, 0x18, 0x18, 0x18,
    0x18, 0x18, 0x18, 0x18, 0x18, 0x18, 0x3c, 0xff,

    /* U+0408 "Ј" */
    0x1f, 0xc1, 0x80, 0x60, 0x18, 0x6, 0x1, 0x80,
    0x60, 0x18, 0x6, 0x1, 0x80, 0x60, 0x18, 0x6,
    0x1, 0x80, 0x60, 0x18, 0x64, 0x19, 0x7, 0x80,

    /* U+0409 "Љ" */
    0x1f, 0xff, 0x80, 0x4, 0x18, 0x0, 0x8, 0x30,
    0x0, 0x10, 0x60, 0x0, 0x20, 0xc0, 0x0, 0x41,
    0x80, 0x0, 0x83, 0x0, 0x1, 0x6, 0x0, 0x2,
    0xc, 0x0, 0x4, 0x1f, 0xe0, 0x8, 0x30, 0xe0,
    0x10, 0x60, 0xe0, 0x20, 0xc0, 0xe0, 0x41, 0x81,
    0xc1, 0x3, 0x3, 0x82, 0x6, 0x7, 0xcc, 0xc,
    0x1d, 0xf0, 0x18, 0x71, 0xc1, 0xff, 0xc0,

    /* U+040A "Њ" */
    0xff, 0x7f, 0x80, 0x38, 0x3c, 0x0, 0x60, 0x30,
    0x0, 0xc0, 0x60, 0x1, 0x80, 0xc0, 0x3, 0x1,
    0x80, 0x6, 0x3, 0x0, 0xc, 0x6, 0x0, 0x18,
    0xc, 0x0, 0x3f, 0xff, 0xe0, 0x60, 0x30, 0xe0,
    0xc0, 0x60, 0xe1, 0x80, 0xc0, 0xe3, 0x1, 0x81,
    0xc6, 0x3, 0x3, 0x8c, 0x6, 0x7, 0x18, 0xc,
    0x1c, 0x70, 0x18, 0x73, 0xfd, 0xff, 0x80,

    /* U+040B "Ћ" */
    0xff, 0xfc, 0x18, 0x61, 0x82, 0xc, 0x10, 0x41,
    0x82, 0x0, 0x30, 0x0, 0x6, 0x0, 0x0, 0xc7,
    0x80, 0x1b, 0xf8, 0x3, 0xe3, 0x80, 0x70, 0x30,
    0xc, 0x6, 0x1, 0x80, 0xc0, 0x30, 0x18, 0x6,
    0x3, 0x0, 0xc0, 0x60, 0x18, 0xc, 0x3, 0x1,
    0x80, 0xf0, 0x70, 0x7f, 0xbf, 0x80,

    /* U+040C "Ќ" */
    0x0, 0xe0, 0x0, 0x30, 0x0, 0xc, 0x0, 0x6,
    0x0, 0x1, 0x0, 0x0, 0x0, 0xf, 0xf0, 0x78,
    0x60, 0x3e, 0x18, 0x1b, 0x86, 0x4, 0x1, 0x83,
    0x0, 0x60, 0x80, 0x18, 0x60, 0x6, 0x10, 0x1,
    0x88, 0x0, 0x7e, 0x0, 0x19, 0xc0, 0x6, 0x38,
    0x1, 0x8f, 0x0, 0x61, 0xc0, 0x18, 0x38, 0x6,
    0x7, 0x1, 0x81, 0xe0, 0x60, 0x3c, 0xff, 0x7,
    0xc0,

    /* U+040E "Ў" */
    0x0, 0x0, 0x3, 0x3, 0x0, 0xe1, 0xc0, 0x18,
    0x60, 0x3, 0xf0, 0x0, 0x0, 0x0, 0x0, 0x3,
    0xf8, 0x3f, 0x78, 0x3, 0xe, 0x0, 0x81, 0x80,
    0x20, 0x70, 0x10, 0xe, 0x4, 0x3, 0x83, 0x0,
    0x70, 0x80, 0xc, 0x20, 0x3, 0x90, 0x0, 0x64,
    0x0, 0x1f, 0x0, 0x3, 0x80, 0x0, 0xe0, 0x0,
    0x10, 0x0, 0x4, 0x0, 0x22, 0x0, 0xf, 0x80,
    0x3, 0x80, 0x0,

    /* U+040F "Џ" */
    0xff, 0x1f, 0xe3, 0x0, 0x60, 0x60, 0xc, 0xc,
    0x1, 0x81, 0x80, 0x30, 0x30, 0x6, 0x6, 0x0,
    0xc0, 0xc0, 0x18, 0x18, 0x3, 0x3, 0x0, 0x60,
    0x60, 0xc, 0xc, 0x1, 0x81, 0x80, 0x30, 0x30,
    0x6, 0x6, 0x0, 0xc0, 0xc0, 0x18, 0x18, 0x3,
    0x3, 0xc1, 0xe3, 0xff, 0xff, 0x80, 0xf8, 0x0,
    0xe, 0x0, 0x0, 0x80, 0x0, 0x10, 0x0, 0x2,
    0x0, 0x0, 0x40, 0x0,

    /* U+0410 "А" */
    0x0, 0x40, 0x0, 0xc, 0x0, 0x1, 0x80, 0x0,
    0x70, 0x0, 0xf, 0x0, 0x3, 0x60, 0x0, 0x4e,
    0x0, 0x19, 0xc0, 0x2, 0x18, 0x0, 0x43, 0x80,
    0x18, 0x70, 0x2, 0x7, 0x0, 0xff, 0xe0, 0x10,
    0xe, 0x2, 0x1, 0xc0, 0x80, 0x18, 0x10, 0x3,
    0x86, 0x0, 0x7b, 0xf0, 0x3f, 0x80,

    /* U+0411 "Б" */
    0x7f, 0xfc, 0x30, 0x18, 0x60, 0x10, 0xc0, 0x21,
    0x80, 0x3, 0x0, 0x6, 0x0, 0xc, 0x0, 0x18,
    0x0, 0x3f, 0xc0, 0x61, 0xe0, 0xc0, 0xe1, 0x80,
    0xe3, 0x1, 0xc6, 0x3, 0x8c, 0x7, 0x18, 0x1c,
    0x30, 0xf3, 0xff, 0xc0,

    /* U+0412 "В" */
    0xff, 0xf0, 0x18, 0x3c, 0x18, 0xe, 0x18, 0x7,
    0x18, 0x7, 0x18, 0x7, 0x18, 0x7, 0x18, 0xe,
    0x18, 0x1c, 0x1f, 0xf8, 0x18, 0x3e, 0x18, 0xf,
    0x18, 0x7, 0x18, 0x7, 0x18, 0x7, 0x18, 0x7,
    0x18, 0xe, 0x18, 0x1c, 0xff, 0xf8,

    /* U+0413 "Г" */
    0xff, 0xfe, 0x30, 0xc, 0x60, 0x8, 0xc0, 0x11,
    0x80, 0x3, 0x0, 0x6, 0x0, 0xc, 0x0, 0x18,
    0x0, 0x30, 0x0, 0x60, 0x0, 0xc0, 0x1, 0x80,
    0x3, 0x0, 0x6, 0x0, 0xc, 0x0, 0x18, 0x0,
    0x30, 0x3, 0xfc, 0x0,

    /* U+0414 "Д" */
    0x1f, 0xff, 0x81, 0x3, 0x0, 0x81, 0x80, 0x40,
    0xc0, 0x20, 0x60, 0x10, 0x30, 0x8, 0x18, 0x4,
    0xc, 0x2, 0x6, 0x3, 0x3, 0x1, 0x1, 0x80,
    0x80, 0xc0, 0x40, 0x60, 0x60, 0x30, 0x20, 0x18,
    0x30, 0xc, 0x18, 0x6, 0x18, 0x3, 0x3f, 0xff,
    0xfe, 0x0, 0x7c, 0x0, 0x1c, 0x0, 0x6, 0x0,
    0x3, 0x0, 0x0,

    /* U+0415 "Е" */
    0xff, 0xfe, 0x18, 0x6, 0x18, 0x2, 0x18, 0x2,
    0x18, 0x0, 0x18, 0x0, 0x18, 0x8, 0x18, 0x8,
    0x18, 0x18, 0x1f, 0xf8, 0x18, 0x18, 0x18, 0x8,
    0x18, 0x0, 0x18, 0x0, 0x18, 0x1, 0x18, 0x1,
    0x18, 0x2, 0x18, 0x6, 0xff, 0xfe,

    /* U+0416 "Ж" */
    0x78, 0xff, 0xe, 0xfc, 0x18, 0x1f, 0x64, 0x18,
    0x23, 0x4, 0x18, 0x20, 0x2, 0x18, 0x60, 0x2,
    0x18, 0x40, 0x2, 0x18, 0x40, 0x1, 0x18, 0xc0,
    0x1, 0x98, 0x80, 0x0, 0xff, 0x0, 0x1, 0x99,
    0x80, 0x3, 0x99, 0xc0, 0x3, 0x18, 0xc0, 0x7,
    0x18, 0xe0, 0x6, 0x18, 0x70, 0xe, 0x18, 0x70,
    0x1c, 0x18, 0x38, 0x3c, 0x18, 0x1c, 0xf8, 0xff,
    0x1f,

    /* U+0417 "З" */
    0x5f, 0x87, 0xc, 0x40, 0x64, 0x6, 0x40, 0x60,
    0x6, 0x0, 0xc0, 0x1c, 0xf, 0x0, 0x1c, 0x0,
    0xe0, 0x7, 0x0, 0x70, 0x7, 0x0, 0x78, 0x7,
    0x40, 0xe2, 0x1c, 0x1f, 0x80,

    /* U+0418 "И" */
    0xff, 0x1f, 0xe3, 0x80, 0xe0, 0x60, 0xc, 0xc,
    0x1, 0x81, 0x80, 0x70, 0x30, 0x1e, 0x6, 0x6,
    0xc0, 0xc0, 0x98, 0x18, 0x23, 0x3, 0x8, 0x60,
    0x62, 0xc, 0xc, 0x81, 0x81, 0xb0, 0x30, 0x34,
    0x6, 0x7, 0x0, 0xc0, 0xc0, 0x18, 0x18, 0x3,
    0x3, 0x0, 0xe3, 0xfc, 0x7f, 0x80,

    /* U+0419 "Й" */
    0x6, 0x6, 0x0, 0xc0, 0xc0, 0x1c, 0x38, 0x1,
    0xce, 0x0, 0x1f, 0x80, 0x0, 0x0, 0x3f, 0xc7,
    0xf8, 0xe0, 0x38, 0x18, 0x3, 0x3, 0x0, 0x60,
    0x60, 0x1c, 0xc, 0x7, 0x81, 0x81, 0xb0, 0x30,
    0x26, 0x6, 0x8, 0xc0, 0xc2, 0x18, 0x18, 0x83,
    0x3, 0x20, 0x60, 0x6c, 0xc, 0xd, 0x1, 0x81,
    0xc0, 0x30, 0x30, 0x6, 0x6, 0x0, 0xc0, 0xc0,
    0x38, 0xff, 0x1f, 0xe0,

    /* U+041A "К" */
    0xff, 0x7, 0x86, 0x3, 0xe1, 0x81, 0xb8, 0x60,
    0x40, 0x18, 0x30, 0x6, 0x8, 0x1, 0x86, 0x0,
    0x61, 0x0, 0x18, 0x80, 0x7, 0xe0, 0x1, 0x9c,
    0x0, 0x63, 0x80, 0x18, 0xf0, 0x6, 0x1c, 0x1,
    0x83, 0x80, 0x60, 0x70, 0x18, 0x1e, 0x6, 0x3,
    0xcf, 0xf0, 0x7c,

    /* U+041B "Л" */
    0x1f, 0xff, 0xc0, 0x81, 0x80, 0x20, 0x60, 0x8,
    0x18, 0x2, 0x6, 0x0, 0x81, 0x80, 0x20, 0x60,
    0x8, 0x18, 0x2, 0x6, 0x0, 0x81, 0x80, 0x20,
    0x60, 0x8, 0x18, 0x2, 0x6, 0x0, 0x81, 0x80,
    0x40, 0x60, 0x10, 0x18, 0xcc, 0x6, 0x3e, 0x3,
    0x87, 0x3, 0xfc,

    /* U+041C "М" */
    0xfc, 0x0, 0x1f, 0x3c, 0x0, 0x38, 0x1e, 0x0,
    0x38, 0x1e, 0x0, 0x78, 0x17, 0x0, 0x58, 0x17,
    0x0, 0xd8, 0x17, 0x0, 0xd8, 0x13, 0x80, 0x98,
    0x13, 0x81, 0x98, 0x11, 0xc1, 0x18, 0x11, 0xc3,
    0x18, 0x10, 0xe2, 0x18, 0x10, 0xe6, 0x18, 0x10,
    0x74, 0x18, 0x10, 0x7c, 0x18, 0x10, 0x38, 0x18,
    0x10, 0x38, 0x18, 0x10, 0x10, 0x18, 0xfe, 0x10,
    0xff,

    /* U+041D "Н" */
    0xff, 0x1f, 0xe3, 0x80, 0xe0, 0x60, 0xc, 0xc,
    0x1, 0x81, 0x80, 0x30, 0x30, 0x6, 0x6, 0x0,
    0xc0, 0xc0, 0x18, 0x18, 0x3, 0x3, 0xff, 0xe0,
    0x60, 0xc, 0xc, 0x1, 0x81, 0x80, 0x30, 0x30,
    0x6, 0x6, 0x0, 0xc0, 0xc0, 0x18, 0x18, 0x3,
    0x7, 0x80, 0xe3, 0xfc, 0x7f, 0x80,

    /* U+041E "О" */
    0x3, 0xe0, 0x6, 0xc, 0x6, 0x3, 0x6, 0x0,
    0xc7, 0x0, 0x73, 0x0, 0x1b, 0x80, 0xf, 0xc0,
    0x7, 0xe0, 0x3, 0xf0, 0x1, 0xf8, 0x0, 0xfc,
    0x0, 0x7e, 0x0, 0x3b, 0x80, 0x19, 0xc0, 0x1c,
    0x60, 0xc, 0x18, 0xc, 0x6, 0xc, 0x1, 0xf8,
    0x0,

    /* U+041F "П" */
    0xff, 0xff, 0xe3, 0x0, 0x60, 0x60, 0xc, 0xc,
    0x1, 0x81, 0x80, 0x30, 0x30, 0x6, 0x6, 0x0,
    0xc0, 0xc0, 0x18, 0x18, 0x3, 0x3, 0x0, 0x60,
    0x60, 0xc, 0xc, 0x1, 0x81, 0x80, 0x30, 0x30,
    0x6, 0x6, 0x0, 0xc0, 0xc0, 0x18, 0x18, 0x3,
    0x3, 0x80, 0xe3, 0xfc, 0x7f, 0x80,

    /* U+0420 "Р" */
    0xff, 0xe0, 0x7f, 0xc1, 0x83, 0x86, 0xf, 0x18,
    0x1c, 0x60, 0x71, 0x81, 0xc6, 0x7, 0x18, 0x38,
    0x61, 0xc1, 0xfe, 0x6, 0x0, 0x18, 0x0, 0x60,
    0x1, 0x80, 0x6, 0x0, 0x18, 0x0, 0x60, 0xf,
    0xf0, 0x0,

    /* U+0421 "С" */
    0x3, 0xf1, 0xe, 0xf, 0x18, 0x7, 0x38, 0x3,
    0x70, 0x1, 0x70, 0x1, 0xe0, 0x0, 0xe0, 0x0,
    0xe0, 0x0, 0xe0, 0x0, 0xe0, 0x0, 0xe0, 0x0,
    0xe0, 0x0, 0x70, 0x0, 0x70, 0x1, 0x30, 0x2,
    0x18, 0x2, 0xe, 0xc, 0x3, 0xf0,

    /* U+0422 "Т" */
    0xff, 0xff, 0x86, 0xe, 0xc, 0x8, 0x18, 0x10,
    0x30, 0x0, 0x60, 0x0, 0xc0, 0x1, 0x80, 0x3,
    0x0, 0x6, 0x0, 0xc, 0x0, 0x18, 0x0, 0x30,
    0x0, 0x60, 0x0, 0xc0, 0x1, 0x80, 0x3, 0x0,
    0x6, 0x0, 0x7f, 0x80,

    /* U+0423 "У" */
    0xfe, 0x7, 0xcf, 0x0, 0xe1, 0xc0, 0x30, 0x70,
    0xc, 0xe, 0x2, 0x3, 0x81, 0x80, 0x70, 0x40,
    0xc, 0x10, 0x3, 0x8c, 0x0, 0x62, 0x0, 0x1d,
    0x80, 0x3, 0x40, 0x0, 0xf0, 0x0, 0x18, 0x0,
    0x6, 0x0, 0x1, 0x0, 0x4, 0xc0, 0x3, 0xe0,
    0x0, 0x70, 0x0,

    /* U+0424 "Ф" */
    0x3, 0xfc, 0x0, 0xf, 0x0, 0x0, 0x60, 0x0,
    0x7f, 0xe0, 0x38, 0x61, 0x87, 0x6, 0xe, 0x60,
    0x60, 0x6c, 0x6, 0x3, 0xc0, 0x60, 0x3c, 0x6,
    0x3, 0xc0, 0x60, 0x3c, 0x6, 0x3, 0x60, 0x60,
    0x67, 0x6, 0xc, 0x18, 0x61, 0x80, 0x7f, 0xe0,
    0x0, 0x60, 0x0, 0xf, 0x0, 0x3, 0xfc, 0x0,

    /* U+0425 "Х" */
    0x7f, 0x8f, 0xe3, 0xc0, 0x70, 0x38, 0xc, 0x3,
    0x81, 0x0, 0x70, 0x40, 0x7, 0x10, 0x0, 0x76,
    0x0, 0xf, 0x80, 0x0, 0xe0, 0x0, 0xe, 0x0,
    0x3, 0xc0, 0x0, 0xdc, 0x0, 0x11, 0xc0, 0x4,
    0x38, 0x1, 0x83, 0x80, 0x60, 0x38, 0x18, 0x7,
    0x7, 0x0, 0xf3, 0xf8, 0x3f, 0x80,

    /* U+0426 "Ц" */
    0xff, 0x1f, 0xe3, 0x80, 0xf0, 0x60, 0xc, 0xc,
    0x1, 0x81, 0x80, 0x30, 0x30, 0x6, 0x6, 0x0,
    0xc0, 0xc0, 0x18, 0x18, 0x3, 0x3, 0x0, 0x60,
    0x60, 0xc, 0xc, 0x1, 0x81, 0x80, 0x30, 0x30,
    0x6, 0x6, 0x0, 0xc0, 0xc0, 0x18, 0x18, 0x3,
    0x3, 0x0, 0x63, 0xff, 0xff, 0x80, 0x0, 0xf0,
    0x0, 0x6, 0x0, 0x0, 0xc0, 0x0, 0x8, 0x0,
    0x1,

    /* U+0427 "Ч" */
    0xff, 0x3f, 0xc7, 0x3, 0x81, 0x80, 0x60, 0x60,
    0x18, 0x18, 0x6, 0x6, 0x1, 0x81, 0x80, 0x60,
    0x60, 0x18, 0x18, 0x6, 0x6, 0x1, 0x80, 0xc1,
    0xe0, 0x1f, 0x98, 0x0, 0x6, 0x0, 0x1, 0x80,
    0x0, 0x60, 0x0, 0x18, 0x0, 0x6, 0x0, 0x3,
    0x80, 0x3, 0xfc,

    /* U+0428 "Ш" */
    0xfc, 0x3f, 0xf, 0xce, 0x7, 0x81, 0xe3, 0x0,
    0xc0, 0x30, 0xc0, 0x30, 0xc, 0x30, 0xc, 0x3,
    0xc, 0x3, 0x0, 0xc3, 0x0, 0xc0, 0x30, 0xc0,
    0x30, 0xc, 0x30, 0xc, 0x3, 0xc, 0x3, 0x0,
    0xc3, 0x0, 0xc0, 0x30, 0xc0, 0x30, 0xc, 0x30,
    0xc, 0x3, 0xc, 0x3, 0x0, 0xc3, 0x0, 0xc0,
    0x30, 0xc0, 0x30, 0xc, 0x30, 0xc, 0x3, 0xc,
    0x3, 0x0, 0xcf, 0xff, 0xff, 0xfc,

    /* U+0429 "Щ" */
    0xfc, 0x3f, 0x1f, 0x8e, 0x7, 0x83, 0xc3, 0x0,
    0xc0, 0x60, 0xc0, 0x30, 0x18, 0x30, 0xc, 0x6,
    0xc, 0x3, 0x1, 0x83, 0x0, 0xc0, 0x60, 0xc0,
    0x30, 0x18, 0x30, 0xc, 0x6, 0xc, 0x3, 0x1,
    0x83, 0x0, 0xc0, 0x60, 0xc0, 0x30, 0x18, 0x30,
    0xc, 0x6, 0xc, 0x3, 0x1, 0x83, 0x0, 0xc0,
    0x60, 0xc0, 0x30, 0x18, 0x30, 0xc, 0x6, 0xc,
    0x3, 0x1, 0x8f, 0xff, 0xff, 0xfc, 0x0, 0x0,
    0xf, 0x0, 0x0, 0x1, 0xc0, 0x0, 0x0, 0x30,
    0x0, 0x0, 0x4, 0x0, 0x0, 0x1,

    /* U+042A "Ъ" */
    0xff, 0xe0, 0x30, 0xc0, 0x8, 0x30, 0x2, 0xc,
    0x0, 0x3, 0x0, 0x0, 0xc0, 0x0, 0x30, 0x0,
    0xc, 0x0, 0x3, 0x0, 0x0, 0xff, 0x0, 0x30,
    0xf0, 0xc, 0xe, 0x3, 0x1, 0xc0, 0xc0, 0x70,
    0x30, 0x1c, 0xc, 0x7, 0x3, 0x3, 0x80, 0xc3,
    0xc1, 0xff, 0xe0,

    /* U+042B "Ы" */
    0xff, 0x0, 0xfe, 0x38, 0x0, 0x70, 0x60, 0x0,
    0xc0, 0xc0, 0x1, 0x81, 0x80, 0x3, 0x3, 0x0,
    0x6, 0x6, 0x0, 0xc, 0xc, 0x0, 0x18, 0x18,
    0x0, 0x30, 0x3f, 0xc0, 0x60, 0x61, 0xe0, 0xc0,
    0xc0, 0xe1, 0x81, 0x80, 0xe3, 0x3, 0x1, 0xc6,
    0x6, 0x3, 0x8c, 0xc, 0x7, 0x18, 0x18, 0x1c,
    0x30, 0x30, 0xf0, 0x63, 0xff, 0xc3, 0xf8,

    /* U+042C "Ь" */
    0xff, 0x0, 0x38, 0x0, 0x60, 0x0, 0xc0, 0x1,
    0x80, 0x3, 0x0, 0x6, 0x0, 0xc, 0x0, 0x18,
    0x0, 0x3f, 0xc0, 0x61, 0xe0, 0xc0, 0xe1, 0x80,
    0xe3, 0x1, 0xc6, 0x3, 0x8c, 0x7, 0x18, 0x1c,
    0x30, 0xf3, 0xff, 0xc0,

    /* U+042D "Э" */
    0x4f, 0xc0, 0x78, 0x70, 0x60, 0x18, 0x40, 0xc,
    0x40, 0xe, 0x0, 0x6, 0x0, 0x7, 0x0, 0x7,
    0x3, 0xff, 0x0, 0x7, 0x0, 0x7, 0x0, 0x7,
    0x0, 0x7, 0x0, 0xe, 0x80, 0xe, 0x80, 0x1c,
    0x40, 0x38, 0x30, 0x70, 0xf, 0xc0,

    /* U+042E "Ю" */
    0xff, 0x1, 0xf8, 0x3, 0x80, 0xe1, 0xc0, 0x60,
    0x30, 0xc, 0xc, 0xc, 0x0, 0xc1, 0x83, 0x80,
    0x1c, 0x30, 0x60, 0x3, 0x86, 0x1c, 0x0, 0x38,
    0xc3, 0x80, 0x7, 0x18, 0x70, 0x0, 0xe3, 0xfe,
    0x0, 0x1c, 0x61, 0xc0, 0x3, 0x8c, 0x38, 0x0,
    0x71, 0x87, 0x0, 0xe, 0x30, 0x70, 0x1, 0x86,
    0xe, 0x0, 0x70, 0xc0, 0xc0, 0xc, 0x18, 0xc,
    0x3, 0x7, 0x0, 0xe1, 0xc3, 0xfc, 0x7, 0xe0,
    0x0,

    /* U+042F "Я" */
    0x1, 0xff, 0x81, 0xe1, 0x80, 0x70, 0x60, 0x38,
    0x18, 0xe, 0x6, 0x3, 0x81, 0x80, 0xe0, 0x60,
    0x1c, 0x18, 0x3, 0x86, 0x0, 0x3f, 0x80, 0xe,
    0x60, 0x7, 0x18, 0x3, 0x86, 0x0, 0xe1, 0x80,
    0x70, 0x60, 0x38, 0x18, 0x1e, 0x6, 0xf, 0x1,
    0x8f, 0x83, 0xfc,

    /* U+0430 "а" */
    0x1f, 0x4, 0x71, 0x86, 0x30, 0xc0, 0x18, 0x1f,
    0xc, 0x63, 0xc, 0xc1, 0x98, 0x33, 0x8e, 0xfe,
    0xe7, 0x9c,

    /* U+0431 "б" */
    0x0, 0x10, 0x7f, 0x1f, 0xc3, 0x0, 0x20, 0x4,
    0x0, 0xc0, 0x8, 0xf0, 0xb1, 0xce, 0x6, 0xc0,
    0x6c, 0x3, 0xc0, 0x3c, 0x3, 0xc0, 0x34, 0x3,
    0x60, 0x26, 0x6, 0x38, 0xc0, 0xf0,

    /* U+0432 "в" */
    0xff, 0x6, 0x30, 0xc3, 0x18, 0x63, 0xc, 0x63,
    0xf, 0xe1, 0x86, 0x30, 0x66, 0xc, 0xc1, 0x98,
    0x6f, 0xf8,

    /* U+0433 "г" */
    0xff, 0xcc, 0x13, 0x4, 0xc0, 0x30, 0xc, 0x3,
    0x0, 0xc0, 0x30, 0xc, 0x3, 0x0, 0xc0, 0xfc,
    0x0,

    /* U+0434 "д" */
    0x3f, 0xf8, 0x43, 0x2, 0x18, 0x10, 0xc0, 0x86,
    0x4, 0x30, 0x21, 0x82, 0xc, 0x10, 0x60, 0x83,
    0x8, 0x18, 0xc0, 0xcf, 0xff, 0xe0, 0xe, 0x0,
    0x30, 0x1,

    /* U+0435 "е" */
    0x1f, 0x8, 0xe4, 0x1b, 0x7, 0xff, 0xf0, 0xc,
    0x3, 0x0, 0xe0, 0x78, 0x17, 0x8, 0xfc, 0x1e,
    0x0,

    /* U+0436 "ж" */
    0xe3, 0xf3, 0xf8, 0x63, 0xc2, 0x31, 0x1, 0x18,
    0x80, 0x8c, 0x80, 0x26, 0x40, 0x1f, 0xe0, 0x1d,
    0xb8, 0x1c, 0xcc, 0xc, 0x67, 0xe, 0x31, 0x8e,
    0x18, 0xef, 0x3f, 0x38,

    /* U+0437 "з" */
    0x7e, 0x18, 0xe4, 0x19, 0x6, 0x3, 0x3, 0x80,
    0x18, 0x3, 0x0, 0xc0, 0x38, 0xd, 0x86, 0x1f,
    0x0,

    /* U+0438 "и" */
    0xfd, 0xf9, 0x83, 0xc, 0x18, 0x61, 0xc3, 0xe,
    0x18, 0xb0, 0xc9, 0x86, 0x8c, 0x38, 0x61, 0x83,
    0xc, 0x18, 0x60, 0xcf, 0xdf, 0x80,

    /* U+0439 "й" */
    0x30, 0x61, 0xc3, 0xe, 0x30, 0x1f, 0x0, 0x0,
    0x0, 0x3, 0xf7, 0xe6, 0xc, 0x30, 0x61, 0x87,
    0xc, 0x38, 0x62, 0xc3, 0x26, 0x1a, 0x30, 0xe1,
    0x86, 0xc, 0x30, 0x61, 0x83, 0x3f, 0x7e,

    /* U+043A "к" */
    0xfc, 0x71, 0x87, 0x8c, 0x40, 0x62, 0x3, 0x10,
    0x19, 0x0, 0xf8, 0x6, 0xe0, 0x33, 0x81, 0x8e,
    0xc, 0x70, 0x61, 0xcf, 0xc7, 0x80,

    /* U+043B "л" */
    0x3f, 0xf8, 0x43, 0x2, 0x18, 0x10, 0xc0, 0x86,
    0x4, 0x30, 0x21, 0x81, 0xc, 0x8, 0x60, 0x43,
    0x2, 0x18, 0xa0, 0xc7, 0x1f, 0x80,

    /* U+043C "м" */
    0xf8, 0xf, 0x38, 0x1c, 0x38, 0x1c, 0x3c, 0x1c,
    0x2c, 0x2c, 0x2e, 0x2c, 0x26, 0x4c, 0x26, 0x4c,
    0x27, 0x4c, 0x23, 0x8c, 0x23, 0x8c, 0x21, 0xc,
    0xf9, 0x3f,

    /* U+043D "н" */
    0xfd, 0xf9, 0x83, 0xc, 0x18, 0x60, 0xc3, 0x6,
    0x18, 0x30, 0xff, 0x86, 0xc, 0x30, 0x61, 0x83,
    0xc, 0x18, 0x60, 0xcf, 0xdf, 0x80,

    /* U+043E "о" */
    0x1f, 0x6, 0x31, 0x83, 0x20, 0x6c, 0x7, 0x80,
    0xf0, 0x1e, 0x3, 0xc0, 0x6c, 0x9, 0x83, 0x18,
    0x41, 0xf0,

    /* U+043F "п" */
    0xff, 0xf9, 0x83, 0xc, 0x18, 0x60, 0xc3, 0x6,
    0x18, 0x30, 0xc1, 0x86, 0xc, 0x30, 0x61, 0x83,
    0xc, 0x18, 0x60, 0xcf, 0xdf, 0x80,

    /* U+0440 "р" */
    0x33, 0x8f, 0x7e, 0x38, 0xe3, 0x7, 0x30, 0x33,
    0x3, 0x30, 0x33, 0x3, 0x30, 0x33, 0x2, 0x30,
    0x63, 0x8c, 0x37, 0x83, 0x0, 0x30, 0x3, 0x0,
    0x30, 0x3, 0x0, 0xfc, 0x0,

    /* U+0441 "с" */
    0xf, 0xc, 0x66, 0x1d, 0x7, 0xc0, 0x30, 0xc,
    0x3, 0x0, 0xe0, 0x78, 0x17, 0x8, 0xfe, 0x1e,
    0x0,

    /* U+0442 "т" */
    0x7f, 0xe4, 0x62, 0x86, 0x20, 0x60, 0x6, 0x0,
    0x60, 0x6, 0x0, 0x60, 0x6, 0x0, 0x60, 0x6,
    0x0, 0x60, 0x1f, 0x80,

    /* U+0443 "у" */
    0xfc, 0x3d, 0xe0, 0x43, 0x81, 0x6, 0xc, 0x18,
    0x20, 0x31, 0x80, 0xc4, 0x1, 0x90, 0x6, 0xc0,
    0x1e, 0x0, 0x38, 0x0, 0xc0, 0x1, 0x0, 0xc,
    0x0, 0x20, 0x1, 0x80, 0x7c, 0x1, 0xf0, 0x7,
    0x0, 0x0,

    /* U+0444 "ф" */
    0x0, 0x80, 0x7, 0x0, 0x16, 0x0, 0xc, 0x0,
    0x18, 0x0, 0x30, 0x0, 0x60, 0xe, 0xdc, 0x23,
    0xcc, 0xc3, 0x1b, 0x6, 0x1e, 0xc, 0x3c, 0x18,
    0x78, 0x30, 0xf0, 0x61, 0xe0, 0xc3, 0xc1, 0x86,
    0xc3, 0x18, 0x8f, 0x30, 0xed, 0xc0, 0x18, 0x0,
    0x30, 0x0, 0x60, 0x0, 0xc0, 0x1, 0x80, 0xf,
    0xc0,

    /* U+0445 "х" */
    0xfc, 0xf1, 0xc6, 0x6, 0x20, 0x3b, 0x0, 0xf0,
    0x3, 0x0, 0x1c, 0x0, 0xf0, 0x9, 0x80, 0x8e,
    0x8, 0x38, 0xc1, 0xef, 0x1f, 0x80,

    /* U+0446 "ц" */
    0xfd, 0xfc, 0xc1, 0x83, 0x6, 0xc, 0x18, 0x30,
    0x60, 0xc1, 0x83, 0x6, 0xc, 0x18, 0x30, 0x60,
    0xc1, 0x83, 0x6, 0xc, 0x18, 0xff, 0xfc, 0x0,
    0x70, 0x0, 0x40, 0x1,

    /* U+0447 "ч" */
    0xfd, 0xf9, 0x83, 0xc, 0x18, 0x60, 0xc3, 0x6,
    0x18, 0x30, 0xc3, 0x83, 0xec, 0x0, 0x60, 0x3,
    0x0, 0x18, 0x0, 0xc0, 0x1f, 0x80,

    /* U+0448 "ш" */
    0xfd, 0xfb, 0xf3, 0x6, 0xc, 0x30, 0x60, 0xc3,
    0x6, 0xc, 0x30, 0x60, 0xc3, 0x6, 0xc, 0x30,
    0x60, 0xc3, 0x6, 0xc, 0x30, 0x60, 0xc3, 0x6,
    0xc, 0x30, 0x60, 0xc3, 0x6, 0xc, 0xff, 0xff,
    0xf0,

    /* U+0449 "щ" */
    0xfd, 0xfb, 0xf3, 0x6, 0xc, 0x30, 0x60, 0xc3,
    0x6, 0xc, 0x30, 0x60, 0xc3, 0x6, 0xc, 0x30,
    0x60, 0xc3, 0x6, 0xc, 0x30, 0x60, 0xc3, 0x6,
    0xc, 0x30, 0x60, 0xc3, 0x6, 0xc, 0xff, 0xff,
    0xf0, 0x0, 0x3, 0x0, 0x0, 0x10, 0x0, 0x1,

    /* U+044A "ъ" */
    0x7f, 0x86, 0x60, 0x23, 0x1, 0x18, 0x0, 0xc0,
    0x6, 0x0, 0x3f, 0x81, 0x86, 0xc, 0x18, 0x60,
    0xc3, 0x6, 0x18, 0x63, 0xfe, 0x0,

    /* U+044B "ы" */
    0xfe, 0x1f, 0x98, 0x3, 0xc, 0x1, 0x86, 0x0,
    0xc3, 0x0, 0x61, 0x80, 0x30, 0xfe, 0x18, 0x61,
    0x8c, 0x30, 0x66, 0x18, 0x33, 0xc, 0x19, 0x86,
    0x18, 0xcf, 0xf9, 0xf8,

    /* U+044C "ь" */
    0xfe, 0x6, 0x0, 0xc0, 0x18, 0x3, 0x0, 0x60,
    0xf, 0xe1, 0x86, 0x30, 0x66, 0xc, 0xc1, 0x98,
    0x6f, 0xf8,

    /* U+044D "э" */
    0x7e, 0x18, 0xc4, 0x19, 0x2, 0x0, 0xc3, 0xf0,
    0xc, 0x3, 0x0, 0xc0, 0x28, 0x19, 0xc, 0x3e,
    0x0,

    /* U+044E "ю" */
    0xfc, 0x1e, 0x6, 0xc, 0x70, 0xc3, 0x3, 0x18,
    0x40, 0x63, 0x18, 0x6, 0x63, 0x0, 0xcf, 0xe0,
    0x19, 0x8c, 0x3, 0x31, 0x80, 0x66, 0x38, 0x8,
    0xc3, 0x83, 0x18, 0x38, 0xcf, 0xc3, 0xe0,

    /* U+044F "я" */
    0xf, 0xf1, 0x8c, 0x30, 0xc3, 0xc, 0x30, 0xc1,
    0x8c, 0xf, 0xc0, 0xec, 0x1c, 0xc1, 0x8c, 0x38,
    0xc7, 0xc, 0xe3, 0xf0,

    /* U+0451 "ё" */
    0x3b, 0x8e, 0xe3, 0xb8, 0x0, 0x0, 0x0, 0x1,
    0xf0, 0x8e, 0x41, 0xb0, 0x7f, 0xff, 0x0, 0xc0,
    0x30, 0xe, 0x7, 0x81, 0x70, 0x8f, 0xc1, 0xe0,

    /* U+0452 "ђ" */
    0x0, 0xe, 0x2, 0xc0, 0x18, 0xf, 0xfc, 0x60,
    0xc, 0x1, 0x9c, 0x3c, 0xc6, 0x18, 0xc1, 0x98,
    0x33, 0x6, 0x60, 0xcc, 0x19, 0x83, 0x30, 0x66,
    0xc, 0xc1, 0xfe, 0x30, 0x4, 0x1, 0x80, 0x30,
    0x4, 0x1, 0x0, 0xc0,

    /* U+0453 "ѓ" */
    0x6, 0x3, 0x80, 0xc0, 0x20, 0x0, 0x0, 0xf,
    0xfc, 0xc1, 0x30, 0x4c, 0x3, 0x0, 0xc0, 0x30,
    0xc, 0x3, 0x0, 0xc0, 0x30, 0xc, 0xf, 0xc0,

    /* U+0454 "є" */
    0x1f, 0xcc, 0x76, 0xf, 0x1, 0xc0, 0x3f, 0xc,
    0x3, 0x0, 0xc0, 0x10, 0x6, 0x4, 0xc2, 0x1f,
    0x0,

    /* U+0455 "ѕ" */
    0x3e, 0x46, 0xc2, 0xc2, 0xe0, 0x78, 0x3c, 0xe,
    0x7, 0x83, 0x83, 0xc6, 0xfc,

    /* U+0456 "і" */
    0x30, 0xc3, 0x0, 0x0, 0x3, 0x3c, 0x30, 0xc3,
    0xc, 0x30, 0xc3, 0xc, 0x30, 0xcf, 0xc0,

    /* U+0457 "ї" */
    0xe7, 0xe7, 0xe7, 0x0, 0x0, 0x0, 0x18, 0x78,
    0x18, 0x18, 0x18, 0x18, 0x18, 0x18, 0x18, 0x18,
    0x18, 0x18, 0x7e,

    /* U+0458 "ј" */
    0x7, 0x7, 0x7, 0x0, 0x0, 0x0, 0x0, 0x3,
    0x1f, 0x3, 0x3, 0x3, 0x3, 0x3, 0x3, 0x3,
    0x3, 0x3, 0x3, 0x3, 0x3, 0x3, 0x3, 0x2,
    0x72, 0x7c,

    /* U+0459 "љ" */
    0x1f, 0xfe, 0x0, 0x86, 0x0, 0x10, 0xc0, 0x2,
    0x18, 0x0, 0x43, 0x0, 0x8, 0x60, 0x1, 0xf,
    0xe0, 0x21, 0x86, 0x4, 0x30, 0x60, 0x86, 0xc,
    0x10, 0xc1, 0xb4, 0x18, 0x67, 0xf, 0xf8,

    /* U+045A "њ" */
    0xfd, 0xf8, 0xc, 0x18, 0x3, 0x6, 0x0, 0xc1,
    0x80, 0x30, 0x60, 0xc, 0x18, 0x3, 0xff, 0xf0,
    0xc1, 0x86, 0x30, 0x60, 0xcc, 0x18, 0x33, 0x6,
    0xc, 0xc1, 0x86, 0xfd, 0xff, 0x0,

    /* U+045B "ћ" */
    0x0, 0x3, 0x80, 0x2c, 0x0, 0x60, 0xf, 0xfc,
    0x18, 0x0, 0xc0, 0x6, 0x78, 0x34, 0xc1, 0xc3,
    0xc, 0x18, 0x60, 0xc3, 0x6, 0x18, 0x30, 0xc1,
    0x86, 0xc, 0x30, 0x61, 0x83, 0xc, 0x19, 0xfb,
    0xf0,

    /* U+045C "ќ" */
    0x3, 0x80, 0x38, 0x1, 0x80, 0x8, 0x0, 0x0,
    0x0, 0x3, 0xf1, 0xc6, 0x1e, 0x30, 0x81, 0x88,
    0xc, 0x40, 0x64, 0x3, 0xe0, 0x1b, 0x80, 0xce,
    0x6, 0x38, 0x31, 0xc1, 0x87, 0x3f, 0x1e,

    /* U+045E "ў" */
    0x18, 0x30, 0x60, 0xc1, 0xc6, 0x1, 0xf0, 0x0,
    0x0, 0x0, 0xf, 0xc3, 0xde, 0x6, 0x38, 0x10,
    0x60, 0x41, 0xc2, 0x3, 0x8, 0xe, 0x60, 0x19,
    0x0, 0x74, 0x0, 0xe0, 0x3, 0x80, 0x6, 0x0,
    0x10, 0x0, 0x40, 0x2, 0x0, 0x8, 0x7, 0x40,
    0x1f, 0x0, 0x38, 0x0,

    /* U+045F "џ" */
    0xfd, 0xf9, 0x83, 0xc, 0x18, 0x60, 0xc3, 0x6,
    0x18, 0x30, 0xc1, 0x86, 0xc, 0x30, 0x61, 0x83,
    0xc, 0x18, 0x71, 0xcf, 0xff, 0x83, 0x80, 0x8,
    0x0, 0x40, 0x2, 0x0,

    /* U+0490 "Ґ" */
    0x0, 0x10, 0x1, 0x0, 0x3f, 0xff, 0x18, 0x1,
    0x80, 0x18, 0x1, 0x80, 0x18, 0x1, 0x80, 0x18,
    0x1, 0x80, 0x18, 0x1, 0x80, 0x18, 0x1, 0x80,
    0x18, 0x1, 0x80, 0x18, 0x1, 0x80, 0x1c, 0xf,
    0xf0,

    /* U+0491 "ґ" */
    0x0, 0x80, 0x7f, 0xe6, 0x3, 0x1, 0x80, 0xc0,
    0x60, 0x30, 0x18, 0xc, 0x6, 0x3, 0x1, 0x83,
    0xf0,

    /* U+0492 "Ғ" */
    0xff, 0xfe, 0x30, 0xc, 0x60, 0x8, 0xc0, 0x11,
    0x80, 0x23, 0x0, 0x6, 0x0, 0xc, 0x0, 0x18,
    0x1, 0xff, 0x80, 0x60, 0x0, 0xc0, 0x1, 0x80,
    0x3, 0x0, 0x6, 0x0, 0xc, 0x0, 0x18, 0x0,
    0x70, 0x3, 0xf8, 0x0,

    /* U+0493 "ғ" */
    0xff, 0xc6, 0x8, 0xc1, 0x18, 0x3, 0x0, 0x60,
    0x3f, 0x81, 0x80, 0x30, 0x6, 0x0, 0xc0, 0x18,
    0xf, 0xc0,

    /* U+0496 "Җ" */
    0x78, 0xff, 0x1e, 0x7c, 0x3c, 0x3e, 0x64, 0x18,
    0x26, 0x4, 0x18, 0x60, 0x2, 0x18, 0x40, 0x2,
    0x18, 0x40, 0x2, 0x18, 0x40, 0x1, 0x18, 0x80,
    0x1, 0x99, 0x80, 0x0, 0xff, 0x0, 0x1, 0x9b,
    0x80, 0x3, 0x99, 0xc0, 0x3, 0x18, 0xc0, 0x7,
    0x18, 0xe0, 0x6, 0x18, 0x60, 0xe, 0x18, 0x70,
    0x1c, 0x18, 0x38, 0x3c, 0x18, 0x3c, 0xf8, 0xff,
    0x1f, 0x0, 0x0, 0x7, 0x0, 0x0, 0x3, 0x0,
    0x0, 0x3, 0x0, 0x0, 0x1, 0x0, 0x0, 0x1,
    0x0, 0x0, 0x1,

    /* U+0497 "җ" */
    0x73, 0xf3, 0x9c, 0x30, 0xe0, 0x8c, 0x40, 0x23,
    0x10, 0x4, 0xc8, 0x1, 0x32, 0x0, 0x7f, 0x80,
    0x3b, 0x70, 0x1c, 0xce, 0x6, 0x33, 0x83, 0x8c,
    0x70, 0xc3, 0x1c, 0xf3, 0xf3, 0xc0, 0x0, 0x30,
    0x0, 0x4, 0x0, 0x1, 0x0, 0x0, 0x40,

    /* U+049A "Қ" */
    0xff, 0x7, 0xf, 0x3, 0xe1, 0x81, 0xb8, 0x60,
    0x40, 0x18, 0x30, 0x6, 0x8, 0x1, 0x86, 0x0,
    0x61, 0x0, 0x18, 0x80, 0x7, 0xc0, 0x1, 0x9c,
    0x0, 0x63, 0x80, 0x18, 0xf0, 0x6, 0x1c, 0x1,
    0x83, 0x80, 0x60, 0x70, 0x18, 0x1e, 0xe, 0x3,
    0xcf, 0xf0, 0x7c, 0x0, 0x7, 0x0, 0x0, 0xc0,
    0x0, 0x10, 0x0, 0x4, 0x0, 0x1,

    /* U+049B "қ" */
    0xfc, 0x71, 0x87, 0x8c, 0x20, 0x62, 0x3, 0x10,
    0x19, 0x0, 0xf8, 0x6, 0xe0, 0x33, 0x81, 0x8e,
    0xc, 0x70, 0x61, 0xcf, 0xc7, 0x80, 0xc, 0x0,
    0x20, 0x1,

    /* U+049C "Ҝ" */
    0xff, 0x7, 0x8f, 0x3, 0xe1, 0x81, 0xb8, 0x60,
    0x40, 0x19, 0x30, 0x6, 0x48, 0x1, 0x92, 0x0,
    0x65, 0x0, 0x19, 0x80, 0x7, 0xe0, 0x1, 0x9c,
    0x0, 0x67, 0x80, 0x19, 0x70, 0x6, 0x5c, 0x1,
    0x93, 0x80, 0x60, 0x70, 0x18, 0x1e, 0xf, 0x3,
    0xcf, 0xf0, 0x7c,

    /* U+049D "ҝ" */
    0xfe, 0x71, 0x87, 0x8c, 0x30, 0x65, 0x3, 0x30,
    0x19, 0x80, 0xfc, 0x6, 0x70, 0x33, 0x81, 0x9e,
    0xc, 0xb0, 0x61, 0xcf, 0xe7, 0x80,

    /* U+04A2 "Ң" */
    0xff, 0x1f, 0xe3, 0x80, 0x70, 0x60, 0xc, 0xc,
    0x1, 0x81, 0x80, 0x30, 0x30, 0x6, 0x6, 0x0,
    0xc0, 0xc0, 0x18, 0x18, 0x3, 0x3, 0xff, 0xe0,
    0x60, 0xc, 0xc, 0x1, 0x81, 0x80, 0x30, 0x30,
    0x6, 0x6, 0x0, 0xc0, 0xc0, 0x18, 0x18, 0x3,
    0x7, 0x0, 0xf3, 0xfc, 0x7f, 0x80, 0x0, 0xf0,
    0x0, 0x6, 0x0, 0x0, 0x40, 0x0, 0x8, 0x0,
    0x1,

    /* U+04A3 "ң" */
    0xfd, 0xfc, 0xc1, 0x83, 0x6, 0xc, 0x18, 0x30,
    0x60, 0xc1, 0x83, 0xfe, 0xc, 0x18, 0x30, 0x60,
    0xc1, 0x83, 0x6, 0xc, 0x1c, 0xfd, 0xfc, 0x0,
    0x70, 0x0, 0x40, 0x1,

    /* U+04AE "Ү" */
    0xff, 0xf, 0xef, 0x80, 0x70, 0xf0, 0xc, 0xe,
    0x1, 0x0, 0xe0, 0x40, 0x1c, 0x8, 0x1, 0xc2,
    0x0, 0x18, 0x80, 0x3, 0xb0, 0x0, 0x34, 0x0,
    0x3, 0x0, 0x0, 0x60, 0x0, 0xc, 0x0, 0x1,
    0x80, 0x0, 0x30, 0x0, 0x6, 0x0, 0x0, 0xc0,
    0x0, 0x1c, 0x0, 0xf, 0xe0, 0x0,

    /* U+04AF "ү" */
    0xfc, 0x7c, 0xe0, 0x63, 0x81, 0x6, 0x8, 0x1c,
    0x20, 0x30, 0x80, 0xc4, 0x3, 0x90, 0x6, 0x80,
    0x1a, 0x0, 0x30, 0x0, 0xc0, 0x3, 0x0, 0xc,
    0x0, 0x30, 0x0, 0xc0, 0x3, 0x0, 0xc, 0x0,
    0xfe, 0x0,

    /* U+04B0 "Ұ" */
    0xff, 0xf, 0xef, 0x80, 0x70, 0xe0, 0xc, 0xe,
    0x1, 0x0, 0xc0, 0x60, 0x1c, 0x8, 0x1, 0xc2,
    0x0, 0x38, 0xc0, 0x3, 0x90, 0x0, 0x34, 0x0,
    0x7, 0x80, 0x0, 0x60, 0x1, 0xff, 0xf0, 0x1,
    0x80, 0x0, 0x30, 0x0, 0x6, 0x0, 0x0, 0xc0,
    0x0, 0x18, 0x0, 0x1f, 0xe0, 0x0,

    /* U+04B1 "ұ" */
    0xfc, 0x7b, 0xc1, 0x8e, 0x8, 0x30, 0x41, 0x86,
    0xe, 0x20, 0x31, 0x1, 0xd0, 0x6, 0x80, 0x34,
    0x1, 0xc0, 0x6, 0xf, 0xff, 0x81, 0x80, 0xc,
    0x0, 0x60, 0x3, 0x0, 0x18, 0x3, 0xf0,

    /* U+04B2 "Ҳ" */
    0x7f, 0x87, 0xe1, 0xe0, 0x38, 0xe, 0x3, 0x0,
    0x70, 0x20, 0x7, 0x4, 0x0, 0x38, 0xc0, 0x1,
    0xd8, 0x0, 0x1f, 0x0, 0x0, 0xe0, 0x0, 0x7,
    0x0, 0x0, 0xf0, 0x0, 0x1b, 0x80, 0x1, 0x1c,
    0x0, 0x21, 0xe0, 0x6, 0xe, 0x0, 0xc0, 0x70,
    0x18, 0x7, 0x83, 0x80, 0x7c, 0xfe, 0xf, 0xf0,
    0x0, 0xf, 0x0, 0x0, 0x70, 0x0, 0x3, 0x0,
    0x0, 0x10, 0x0, 0x1,

    /* U+04B3 "ҳ" */
    0xf9, 0xe3, 0x86, 0xe, 0x60, 0x32, 0x1, 0xe0,
    0x7, 0x0, 0x18, 0x1, 0x60, 0x13, 0x81, 0x8e,
    0x8, 0x30, 0xc1, 0xcf, 0x1f, 0x80, 0x1c, 0x0,
    0x20, 0x1,

    /* U+04B8 "Ҹ" */
    0xff, 0xbf, 0xcf, 0x3, 0xc1, 0x80, 0x60, 0x60,
    0x18, 0x18, 0x46, 0x6, 0x11, 0x81, 0x84, 0x60,
    0x61, 0x18, 0x18, 0x46, 0x6, 0x11, 0x80, 0xc5,
    0xe0, 0x1f, 0x98, 0x0, 0x46, 0x0, 0x11, 0x80,
    0x4, 0x60, 0x0, 0x18, 0x0, 0x6, 0x0, 0x1,
    0xc0, 0x3, 0xfc,

    /* U+04B9 "ҹ" */
    0xfd, 0xf9, 0x83, 0xc, 0x18, 0x60, 0xc3, 0x26,
    0x19, 0x30, 0xc9, 0x87, 0xfc, 0x2, 0x60, 0x13,
    0x0, 0x18, 0x0, 0xc0, 0x1f, 0x80,

    /* U+04BA "Һ" */
    0xff, 0x0, 0xf, 0x0, 0x1, 0x80, 0x0, 0x60,
    0x0, 0x18, 0x0, 0x6, 0x0, 0x1, 0x80, 0x0,
    0x60, 0x0, 0x19, 0xf8, 0x7, 0x83, 0x81, 0x80,
    0x60, 0x60, 0x18, 0x18, 0x6, 0x6, 0x1, 0x81,
    0x80, 0x60, 0x60, 0x18, 0x18, 0x6, 0x7, 0x3,
    0xcf, 0xf3, 0xfc,

    /* U+04BB "һ" */
    0xfc, 0x1, 0x80, 0xc, 0x0, 0x60, 0x3, 0x0,
    0x1b, 0xe0, 0xe1, 0x86, 0xc, 0x30, 0x61, 0x83,
    0xc, 0x18, 0x60, 0xcf, 0xdf, 0x80,

    /* U+04D8 "Ә" */
    0x13, 0xf0, 0x7, 0x87, 0x1, 0x80, 0x60, 0x40,
    0xc, 0x10, 0x3, 0x80, 0x0, 0x60, 0x0, 0x1c,
    0x0, 0x7, 0xff, 0xff, 0xf8, 0x0, 0x7e, 0x0,
    0x1f, 0x80, 0x7, 0x60, 0x1, 0xdc, 0x0, 0xe7,
    0x0, 0x38, 0xe0, 0x1c, 0x1c, 0xe, 0x3, 0x87,
    0x0, 0x3f, 0x0,

    /* U+04D9 "ә" */
    0x1e, 0xf, 0xc4, 0x3a, 0x7, 0x81, 0xc0, 0x30,
    0xc, 0x3, 0xff, 0xf8, 0x2e, 0x9, 0xc4, 0x3e,
    0x0,

    /* U+04E8 "Ө" */
    0x3, 0xe0, 0x6, 0xc, 0x6, 0x3, 0x6, 0x0,
    0xc7, 0x0, 0x73, 0x0, 0x1b, 0x80, 0xf, 0xc0,
    0x7, 0xe0, 0x3, 0xff, 0xff, 0xf8, 0x0, 0xfc,
    0x0, 0x7e, 0x0, 0x3b, 0x0, 0x19, 0xc0, 0x1c,
    0x60, 0xc, 0x18, 0xc, 0x6, 0xc, 0x1, 0xf8,
    0x0,

    /* U+04E9 "ө" */
    0x1f, 0x4, 0x31, 0x83, 0x20, 0x6c, 0x7, 0xff,
    0xf0, 0x1e, 0x3, 0xe0, 0x6c, 0x9, 0x83, 0x18,
    0x41, 0xf0
};


/*---------------------
 *  GLYPH DESCRIPTION
 *--------------------*/

static const lv_font_fmt_txt_glyph_dsc_t glyph_dsc[] = {
    {.bitmap_index = 0, .adv_w = 0, .box_w = 0, .box_h = 0, .ofs_x = 0, .ofs_y = 0} /* id = 0 reserved */,
    {.bitmap_index = 0, .adv_w = 108, .box_w = 1, .box_h = 1, .ofs_x = 0, .ofs_y = 0},
    {.bitmap_index = 1, .adv_w = 144, .box_w = 3, .box_h = 19, .ofs_x = 3, .ofs_y = 0},
    {.bitmap_index = 9, .adv_w = 176, .box_w = 7, .box_h = 8, .ofs_x = 2, .ofs_y = 11},
    {.bitmap_index = 16, .adv_w = 216, .box_w = 13, .box_h = 19, .ofs_x = 1, .ofs_y = 0},
    {.bitmap_index = 47, .adv_w = 216, .box_w = 11, .box_h = 23, .ofs_x = 1, .ofs_y = -2},
    {.bitmap_index = 79, .adv_w = 360, .box_w = 21, .box_h = 19, .ofs_x = 1, .ofs_y = 0},
    {.bitmap_index = 129, .adv_w = 336, .box_w = 19, .box_h = 19, .ofs_x = 1, .ofs_y = 0},
    {.bitmap_index = 175, .adv_w = 78, .box_w = 2, .box_h = 8, .ofs_x = 1, .ofs_y = 11},
    {.bitmap_index = 177, .adv_w = 144, .box_w = 8, .box_h = 26, .ofs_x = 1, .ofs_y = -6},
    {.bitmap_index = 203, .adv_w = 144, .box_w = 7, .box_h = 26, .ofs_x = 0, .ofs_y = -6},
    {.bitmap_index = 226, .adv_w = 216, .box_w = 10, .box_h = 12, .ofs_x = 2, .ofs_y = 8},
    {.bitmap_index = 241, .adv_w = 244, .box_w = 14, .box_h = 15, .ofs_x = 1, .ofs_y = 2},
    {.bitmap_index = 268, .adv_w = 108, .box_w = 4, .box_h = 7, .ofs_x = 1, .ofs_y = -4},
    {.bitmap_index = 272, .adv_w = 144, .box_w = 7, .box_h = 2, .ofs_x = 1, .ofs_y = 5},
    {.bitmap_index = 274, .adv_w = 108, .box_w = 3, .box_h = 3, .ofs_x = 2, .ofs_y = 0},
    {.bitmap_index = 276, .adv_w = 120, .box_w = 8, .box_h = 20, .ofs_x = 0, .ofs_y = 0},
    {.bitmap_index = 296, .adv_w = 216, .box_w = 11, .box_h = 19, .ofs_x = 1, .ofs_y = 0},
    {.bitmap_index = 323, .adv_w = 216, .box_w = 7, .box_h = 19, .ofs_x = 3, .ofs_y = 0},
    {.bitmap_index = 340, .adv_w = 216, .box_w = 12, .box_h = 19, .ofs_x = 0, .ofs_y = 0},
    {.bitmap_index = 369, .adv_w = 216, .box_w = 10, .box_h = 19, .ofs_x = 1, .ofs_y = 0},
    {.bitmap_index = 393, .adv_w = 216, .box_w = 12, .box_h = 19, .ofs_x = 1, .ofs_y = 0},
    {.bitmap_index = 422, .adv_w = 216, .box_w = 11, .box_h = 19, .ofs_x = 1, .ofs_y = 0},
    {.bitmap_index = 449, .adv_w = 216, .box_w = 11, .box_h = 19, .ofs_x = 1, .ofs_y = 0},
    {.bitmap_index = 476, .adv_w = 216, .box_w = 11, .box_h = 19, .ofs_x = 1, .ofs_y = 0},
    {.bitmap_index = 503, .adv_w = 216, .box_w = 10, .box_h = 19, .ofs_x = 2, .ofs_y = 0},
    {.bitmap_index = 527, .adv_w = 216, .box_w = 11, .box_h = 19, .ofs_x = 1, .ofs_y = 0},
    {.bitmap_index = 554, .adv_w = 120, .box_w = 3, .box_h = 13, .ofs_x = 2, .ofs_y = 0},
    {.bitmap_index = 559, .adv_w = 120, .box_w = 5, .box_h = 17, .ofs_x = 1, .ofs_y = -4},
    {.bitmap_index = 570, .adv_w = 244, .box_w = 14, .box_h = 13, .ofs_x = 1, .ofs_y = 3},
    {.bitmap_index = 593, .adv_w = 244, .box_w = 14, .box_h = 5, .ofs_x = 1, .ofs_y = 8},
    {.bitmap_index = 602, .adv_w = 244, .box_w = 14, .box_h = 13, .ofs_x = 1, .ofs_y = 3},
    {.bitmap_index = 625, .adv_w = 192, .box_w = 9, .box_h = 19, .ofs_x = 1, .ofs_y = 0},
    {.bitmap_index = 647, .adv_w = 398, .box_w = 23, .box_h = 26, .ofs_x = 1, .ofs_y = -6},
    {.bitmap_index = 722, .adv_w = 312, .box_w = 19, .box_h = 19, .ofs_x = 0, .ofs_y = 0},
    {.bitmap_index = 768, .adv_w = 288, .box_w = 16, .box_h = 19, .ofs_x = 0, .ofs_y = 0},
    {.bitmap_index = 806, .adv_w = 288, .box_w = 16, .box_h = 19, .ofs_x = 1, .ofs_y = 0},
    {.bitmap_index = 844, .adv_w = 312, .box_w = 18, .box_h = 19, .ofs_x = 0, .ofs_y = 0},
    {.bitmap_index = 887, .adv_w = 264, .box_w = 16, .box_h = 19, .ofs_x = 0, .ofs_y = 0},
    {.bitmap_index = 925, .adv_w = 240, .box_w = 14, .box_h = 19, .ofs_x = 0, .ofs_y = 0},
    {.bitmap_index = 959, .adv_w = 312, .box_w = 18, .box_h = 19, .ofs_x = 1, .ofs_y = 0},
    {.bitmap_index = 1002, .adv_w = 312, .box_w = 19, .box_h = 19, .ofs_x = 0, .ofs_y = 0},
    {.bitmap_index = 1048, .adv_w = 144, .box_w = 8, .box_h = 19, .ofs_x = 0, .ofs_y = 0},
    {.bitmap_index = 1067, .adv_w = 168, .box_w = 10, .box_h = 19, .ofs_x = 0, .ofs_y = 0},
    {.bitmap_index = 1091, .adv_w = 312, .box_w = 20, .box_h = 19, .ofs_x = 0, .ofs_y = 0},
    {.bitmap_index = 1139, .adv_w = 264, .box_w = 15, .box_h = 19, .ofs_x = 0, .ofs_y = 0},
    {.bitmap_index = 1175, .adv_w = 384, .box_w = 24, .box_h = 19, .ofs_x = 0, .ofs_y = 0},
    {.bitmap_index = 1232, .adv_w = 312, .box_w = 20, .box_h = 19, .ofs_x = -1, .ofs_y = 0},
    {.bitmap_index = 1280, .adv_w = 312, .box_w = 17, .box_h = 19, .ofs_x = 1, .ofs_y = 0},
    {.bitmap_index = 1321, .adv_w = 240, .box_w = 14, .box_h = 19, .ofs_x = 0, .ofs_y = 0},
    {.bitmap_index = 1355, .adv_w = 312, .box_w = 18, .box_h = 25, .ofs_x = 1, .ofs_y = -6},
    {.bitmap_index = 1412, .adv_w = 288, .box_w = 18, .box_h = 19, .ofs_x = 0, .ofs_y = 0},
    {.bitmap_index = 1455, .adv_w = 240, .box_w = 12, .box_h = 19, .ofs_x = 2, .ofs_y = 0},
    {.bitmap_index = 1484, .adv_w = 264, .box_w = 15, .box_h = 19, .ofs_x = 1, .ofs_y = 0},
    {.bitmap_index = 1520, .adv_w = 312, .box_w = 20, .box_h = 19, .ofs_x = 0, .ofs_y = 0},
    {.bitmap_index = 1568, .adv_w = 312, .box_w = 19, .box_h = 19, .ofs_x = 1, .ofs_y = 0},
    {.bitmap_index = 1614, .adv_w = 408, .box_w = 25, .box_h = 19, .ofs_x = 0, .ofs_y = 0},
    {.bitmap_index = 1674, .adv_w = 312, .box_w = 19, .box_h = 19, .ofs_x = 0, .ofs_y = 0},
    {.bitmap_index = 1720, .adv_w = 312, .box_w = 19, .box_h = 19, .ofs_x = 0, .ofs_y = 0},
    {.bitmap_index = 1766, .adv_w = 264, .box_w = 15, .box_h = 19, .ofs_x = 0, .ofs_y = 0},
    {.bitmap_index = 1802, .adv_w = 144, .box_w = 6, .box_h = 25, .ofs_x = 2, .ofs_y = -6},
    {.bitmap_index = 1821, .adv_w = 120, .box_w = 8, .box_h = 20, .ofs_x = 0, .ofs_y = 0},
    {.bitmap_index = 1841, .adv_w = 144, .box_w = 6, .box_h = 25, .ofs_x = 1, .ofs_y = -6},
    {.bitmap_index = 1860, .adv_w = 203, .box_w = 12, .box_h = 10, .ofs_x = 0, .ofs_y = 9},
    {.bitmap_index = 1875, .adv_w = 216, .box_w = 14, .box_h = 1, .ofs_x = 0, .ofs_y = -6},
    {.bitmap_index = 1877, .adv_w = 144, .box_w = 4, .box_h = 5, .ofs_x = 2, .ofs_y = 14},
    {.bitmap_index = 1880, .adv_w = 192, .box_w = 11, .box_h = 13, .ofs_x = 1, .ofs_y = 0},
    {.bitmap_index = 1898, .adv_w = 216, .box_w = 12, .box_h = 20, .ofs_x = 0, .ofs_y = 0},
    {.bitmap_index = 1928, .adv_w = 192, .box_w = 10, .box_h = 13, .ofs_x = 1, .ofs_y = 0},
    {.bitmap_index = 1945, .adv_w = 216, .box_w = 13, .box_h = 20, .ofs_x = 1, .ofs_y = 0},
    {.bitmap_index = 1978, .adv_w = 192, .box_w = 10, .box_h = 13, .ofs_x = 1, .ofs_y = 0},
    {.bitmap_index = 1995, .adv_w = 144, .box_w = 11, .box_h = 20, .ofs_x = 1, .ofs_y = 0},
    {.bitmap_index = 2023, .adv_w = 216, .box_w = 12, .box_h = 19, .ofs_x = 1, .ofs_y = -6},
    {.bitmap_index = 2052, .adv_w = 216, .box_w = 13, .box_h = 20, .ofs_x = 0, .ofs_y = 0},
    {.bitmap_index = 2085, .adv_w = 120, .box_w = 6, .box_h = 20, .ofs_x = 1, .ofs_y = 0},
    {.bitmap_index = 2100, .adv_w = 120, .box_w = 8, .box_h = 26, .ofs_x = -2, .ofs_y = -6},
    {.bitmap_index = 2126, .adv_w = 216, .box_w = 14, .box_h = 20, .ofs_x = 0, .ofs_y = 0},
    {.bitmap_index = 2161, .adv_w = 120, .box_w = 6, .box_h = 20, .ofs_x = 1, .ofs_y = 0},
    {.bitmap_index = 2176, .adv_w = 336, .box_w = 20, .box_h = 13, .ofs_x = 0, .ofs_y = 0},
    {.bitmap_index = 2209, .adv_w = 216, .box_w = 13, .box_h = 13, .ofs_x = 0, .ofs_y = 0},
    {.bitmap_index = 2231, .adv_w = 216, .box_w = 11, .box_h = 13, .ofs_x = 1, .ofs_y = 0},
    {.bitmap_index = 2249, .adv_w = 216, .box_w = 12, .box_h = 19, .ofs_x = 0, .ofs_y = -6},
    {.bitmap_index = 2278, .adv_w = 216, .box_w = 13, .box_h = 19, .ofs_x = 1, .ofs_y = -6},
    {.bitmap_index = 2309, .adv_w = 144, .box_w = 9, .box_h = 13, .ofs_x = 0, .ofs_y = 0},
    {.bitmap_index = 2324, .adv_w = 168, .box_w = 8, .box_h = 13, .ofs_x = 1, .ofs_y = 0},
    {.bitmap_index = 2337, .adv_w = 120, .box_w = 7, .box_h = 17, .ofs_x = 0, .ofs_y = 0},
    {.bitmap_index = 2352, .adv_w = 216, .box_w = 13, .box_h = 13, .ofs_x = 0, .ofs_y = 0},
    {.bitmap_index = 2374, .adv_w = 216, .box_w = 13, .box_h = 13, .ofs_x = 0, .ofs_y = 0},
    {.bitmap_index = 2396, .adv_w = 312, .box_w = 19, .box_h = 13, .ofs_x = 0, .ofs_y = 0},
    {.bitmap_index = 2427, .adv_w = 216, .box_w = 13, .box_h = 13, .ofs_x = 0, .ofs_y = 0},
    {.bitmap_index = 2449, .adv_w = 216, .box_w = 14, .box_h = 19, .ofs_x = 0, .ofs_y = -6},
    {.bitmap_index = 2483, .adv_w = 192, .box_w = 11, .box_h = 13, .ofs_x = 1, .ofs_y = 0},
    {.bitmap_index = 2501, .adv_w = 207, .box_w = 7, .box_h = 26, .ofs_x = 4, .ofs_y = -6},
    {.bitmap_index = 2524, .adv_w = 86, .box_w = 1, .box_h = 26, .ofs_x = 2, .ofs_y = -6},
    {.bitmap_index = 2528, .adv_w = 207, .box_w = 7, .box_h = 26, .ofs_x = 3, .ofs_y = -6},
    {.bitmap_index = 2551, .adv_w = 234, .box_w = 14, .box_h = 4, .ofs_x = 1, .ofs_y = 6},
    {.bitmap_index = 2558, .adv_w = 108, .box_w = 1, .box_h = 1, .ofs_x = 0, .ofs_y = 0},
    {.bitmap_index = 2559, .adv_w = 144, .box_w = 3, .box_h = 19, .ofs_x = 3, .ofs_y = -6},
    {.bitmap_index = 2567, .adv_w = 216, .box_w = 10, .box_h = 24, .ofs_x = 2, .ofs_y = -5},
    {.bitmap_index = 2597, .adv_w = 216, .box_w = 12, .box_h = 19, .ofs_x = 1, .ofs_y = 0},
    {.bitmap_index = 2626, .adv_w = 216, .box_w = 14, .box_h = 14, .ofs_x = 0, .ofs_y = 2},
    {.bitmap_index = 2651, .adv_w = 216, .box_w = 13, .box_h = 19, .ofs_x = 1, .ofs_y = 0},
    {.bitmap_index = 2682, .adv_w = 86, .box_w = 1, .box_h = 26, .ofs_x = 2, .ofs_y = -6},
    {.bitmap_index = 2686, .adv_w = 216, .box_w = 10, .box_h = 25, .ofs_x = 2, .ofs_y = -6},
    {.bitmap_index = 2718, .adv_w = 144, .box_w = 8, .box_h = 3, .ofs_x = 1, .ofs_y = 15},
    {.bitmap_index = 2721, .adv_w = 328, .box_w = 19, .box_h = 20, .ofs_x = 1, .ofs_y = -1},
    {.bitmap_index = 2769, .adv_w = 119, .box_w = 7, .box_h = 9, .ofs_x = 0, .ofs_y = 9},
    {.bitmap_index = 2777, .adv_w = 216, .box_w = 12, .box_h = 13, .ofs_x = 1, .ofs_y = 0},
    {.bitmap_index = 2797, .adv_w = 244, .box_w = 14, .box_h = 6, .ofs_x = 1, .ofs_y = 6},
    {.bitmap_index = 2808, .adv_w = 144, .box_w = 7, .box_h = 2, .ofs_x = 1, .ofs_y = 5},
    {.bitmap_index = 2810, .adv_w = 328, .box_w = 19, .box_h = 20, .ofs_x = 1, .ofs_y = -1},
    {.bitmap_index = 2858, .adv_w = 216, .box_w = 14, .box_h = 1, .ofs_x = 0, .ofs_y = 20},
    {.bitmap_index = 2860, .adv_w = 173, .box_w = 8, .box_h = 8, .ofs_x = 1, .ofs_y = 11},
    {.bitmap_index = 2868, .adv_w = 237, .box_w = 14, .box_h = 15, .ofs_x = 1, .ofs_y = 2},
    {.bitmap_index = 2895, .adv_w = 130, .box_w = 8, .box_h = 9, .ofs_x = 1, .ofs_y = 9},
    {.bitmap_index = 2904, .adv_w = 130, .box_w = 6, .box_h = 9, .ofs_x = 1, .ofs_y = 9},
    {.bitmap_index = 2911, .adv_w = 144, .box_w = 4, .box_h = 5, .ofs_x = 3, .ofs_y = 14},
    {.bitmap_index = 2914, .adv_w = 249, .box_w = 13, .box_h = 19, .ofs_x = 2, .ofs_y = -6},
    {.bitmap_index = 2945, .adv_w = 196, .box_w = 13, .box_h = 25, .ofs_x = -1, .ofs_y = -6},
    {.bitmap_index = 2986, .adv_w = 108, .box_w = 3, .box_h = 3, .ofs_x = 2, .ofs_y = 8},
    {.bitmap_index = 2988, .adv_w = 144, .box_w = 4, .box_h = 6, .ofs_x = 3, .ofs_y = -6},
    {.bitmap_index = 2991, .adv_w = 130, .box_w = 5, .box_h = 9, .ofs_x = 1, .ofs_y = 9},
    {.bitmap_index = 2997, .adv_w = 134, .box_w = 8, .box_h = 8, .ofs_x = 1, .ofs_y = 10},
    {.bitmap_index = 3005, .adv_w = 216, .box_w = 12, .box_h = 13, .ofs_x = 1, .ofs_y = 0},
    {.bitmap_index = 3025, .adv_w = 324, .box_w = 18, .box_h = 20, .ofs_x = 1, .ofs_y = -1},
    {.bitmap_index = 3070, .adv_w = 324, .box_w = 19, .box_h = 20, .ofs_x = 1, .ofs_y = 0},
    {.bitmap_index = 3118, .adv_w = 324, .box_w = 19, .box_h = 20, .ofs_x = 1, .ofs_y = -1},
    {.bitmap_index = 3166, .adv_w = 192, .box_w = 10, .box_h = 19, .ofs_x = 1, .ofs_y = -6},
    {.bitmap_index = 3190, .adv_w = 312, .box_w = 19, .box_h = 25, .ofs_x = 0, .ofs_y = 0},
    {.bitmap_index = 3250, .adv_w = 312, .box_w = 19, .box_h = 25, .ofs_x = 0, .ofs_y = 0},
    {.bitmap_index = 3310, .adv_w = 312, .box_w = 19, .box_h = 25, .ofs_x = 0, .ofs_y = 0},
    {.bitmap_index = 3370, .adv_w = 312, .box_w = 19, .box_h = 23, .ofs_x = 0, .ofs_y = 0},
    {.bitmap_index = 3425, .adv_w = 312, .box_w = 19, .box_h = 24, .ofs_x = 0, .ofs_y = 0},
    {.bitmap_index = 3482, .adv_w = 312, .box_w = 19, .box_h = 23, .ofs_x = 0, .ofs_y = 0},
    {.bitmap_index = 3537, .adv_w = 384, .box_w = 24, .box_h = 19, .ofs_x = -1, .ofs_y = 0},
    {.bitmap_index = 3594, .adv_w = 288, .box_w = 16, .box_h = 24, .ofs_x = 1, .ofs_y = -5},
    {.bitmap_index = 3642, .adv_w = 264, .box_w = 16, .box_h = 25, .ofs_x = 0, .ofs_y = 0},
    {.bitmap_index = 3692, .adv_w = 264, .box_w = 16, .box_h = 25, .ofs_x = 0, .ofs_y = 0},
    {.bitmap_index = 3742, .adv_w = 264, .box_w = 16, .box_h = 25, .ofs_x = 0, .ofs_y = 0},
    {.bitmap_index = 3792, .adv_w = 264, .box_w = 16, .box_h = 24, .ofs_x = 0, .ofs_y = 0},
    {.bitmap_index = 3840, .adv_w = 144, .box_w = 8, .box_h = 25, .ofs_x = 0, .ofs_y = 0},
    {.bitmap_index = 3865, .adv_w = 144, .box_w = 8, .box_h = 25, .ofs_x = 0, .ofs_y = 0},
    {.bitmap_index = 3890, .adv_w = 144, .box_w = 8, .box_h = 25, .ofs_x = 0, .ofs_y = 0},
    {.bitmap_index = 3915, .adv_w = 144, .box_w = 8, .box_h = 24, .ofs_x = 1, .ofs_y = 0},
    {.bitmap_index = 3939, .adv_w = 312, .box_w = 18, .box_h = 19, .ofs_x = 1, .ofs_y = 0},
    {.bitmap_index = 3982, .adv_w = 312, .box_w = 20, .box_h = 24, .ofs_x = -1, .ofs_y = 0},
    {.bitmap_index = 4042, .adv_w = 312, .box_w = 17, .box_h = 25, .ofs_x = 1, .ofs_y = 0},
    {.bitmap_index = 4096, .adv_w = 312, .box_w = 17, .box_h = 25, .ofs_x = 1, .ofs_y = 0},
    {.bitmap_index = 4150, .adv_w = 312, .box_w = 17, .box_h = 25, .ofs_x = 1, .ofs_y = 0},
    {.bitmap_index = 4204, .adv_w = 312, .box_w = 17, .box_h = 24, .ofs_x = 1, .ofs_y = 0},
    {.bitmap_index = 4255, .adv_w = 312, .box_w = 17, .box_h = 24, .ofs_x = 1, .ofs_y = 0},
    {.bitmap_index = 4306, .adv_w = 244, .box_w = 11, .box_h = 11, .ofs_x = 2, .ofs_y = 4},
    {.bitmap_index = 4322, .adv_w = 312, .box_w = 17, .box_h = 19, .ofs_x = 1, .ofs_y = 0},
    {.bitmap_index = 4363, .adv_w = 312, .box_w = 20, .box_h = 25, .ofs_x = 0, .ofs_y = 0},
    {.bitmap_index = 4426, .adv_w = 312, .box_w = 20, .box_h = 25, .ofs_x = 0, .ofs_y = 0},
    {.bitmap_index = 4489, .adv_w = 312, .box_w = 20, .box_h = 25, .ofs_x = 0, .ofs_y = 0},
    {.bitmap_index = 4552, .adv_w = 312, .box_w = 20, .box_h = 24, .ofs_x = 0, .ofs_y = 0},
    {.bitmap_index = 4612, .adv_w = 312, .box_w = 19, .box_h = 25, .ofs_x = 0, .ofs_y = 0},
    {.bitmap_index = 4672, .adv_w = 240, .box_w = 14, .box_h = 19, .ofs_x = 0, .ofs_y = 0},
    {.bitmap_index = 4706, .adv_w = 216, .box_w = 12, .box_h = 20, .ofs_x = 0, .ofs_y = 0},
    {.bitmap_index = 4736, .adv_w = 192, .box_w = 11, .box_h = 20, .ofs_x = 1, .ofs_y = 0},
    {.bitmap_index = 4764, .adv_w = 192, .box_w = 11, .box_h = 20, .ofs_x = 1, .ofs_y = 0},
    {.bitmap_index = 4792, .adv_w = 192, .box_w = 11, .box_h = 19, .ofs_x = 1, .ofs_y = 0},
    {.bitmap_index = 4819, .adv_w = 192, .box_w = 11, .box_h = 19, .ofs_x = 1, .ofs_y = 0},
    {.bitmap_index = 4846, .adv_w = 192, .box_w = 11, .box_h = 19, .ofs_x = 1, .ofs_y = 0},
    {.bitmap_index = 4873, .adv_w = 192, .box_w = 11, .box_h = 20, .ofs_x = 1, .ofs_y = 0},
    {.bitmap_index = 4901, .adv_w = 288, .box_w = 16, .box_h = 13, .ofs_x = 1, .ofs_y = 0},
    {.bitmap_index = 4927, .adv_w = 192, .box_w = 10, .box_h = 18, .ofs_x = 1, .ofs_y = -5},
    {.bitmap_index = 4950, .adv_w = 192, .box_w = 10, .box_h = 20, .ofs_x = 1, .ofs_y = 0},
    {.bitmap_index = 4975, .adv_w = 192, .box_w = 10, .box_h = 20, .ofs_x = 1, .ofs_y = 0},
    {.bitmap_index = 5000, .adv_w = 192, .box_w = 10, .box_h = 19, .ofs_x = 1, .ofs_y = 0},
    {.bitmap_index = 5024, .adv_w = 192, .box_w = 10, .box_h = 19, .ofs_x = 1, .ofs_y = 0},
    {.bitmap_index = 5048, .adv_w = 120, .box_w = 6, .box_h = 20, .ofs_x = 1, .ofs_y = 0},
    {.bitmap_index = 5063, .adv_w = 120, .box_w = 6, .box_h = 20, .ofs_x = 1, .ofs_y = 0},
    {.bitmap_index = 5078, .adv_w = 120, .box_w = 8, .box_h = 19, .ofs_x = 0, .ofs_y = 0},
    {.bitmap_index = 5097, .adv_w = 120, .box_w = 8, .box_h = 19, .ofs_x = 1, .ofs_y = 0},
    {.bitmap_index = 5116, .adv_w = 216, .box_w = 11, .box_h = 20, .ofs_x = 1, .ofs_y = 0},
    {.bitmap_index = 5144, .adv_w = 216, .box_w = 13, .box_h = 19, .ofs_x = 0, .ofs_y = 0},
    {.bitmap_index = 5175, .adv_w = 216, .box_w = 11, .box_h = 20, .ofs_x = 1, .ofs_y = 0},
    {.bitmap_index = 5203, .adv_w = 216, .box_w = 11, .box_h = 20, .ofs_x = 1, .ofs_y = 0},
    {.bitmap_index = 5231, .adv_w = 216, .box_w = 11, .box_h = 19, .ofs_x = 1, .ofs_y = 0},
    {.bitmap_index = 5258, .adv_w = 216, .box_w = 11, .box_h = 19, .ofs_x = 1, .ofs_y = 0},
    {.bitmap_index = 5285, .adv_w = 216, .box_w = 11, .box_h = 19, .ofs_x = 1, .ofs_y = 0},
    {.bitmap_index = 5312, .adv_w = 237, .box_w = 14, .box_h = 11, .ofs_x = 1, .ofs_y = 4},
    {.bitmap_index = 5332, .adv_w = 216, .box_w = 11, .box_h = 14, .ofs_x = 1, .ofs_y = -1},
    {.bitmap_index = 5352, .adv_w = 216, .box_w = 13, .box_h = 20, .ofs_x = 0, .ofs_y = 0},
    {.bitmap_index = 5385, .adv_w = 216, .box_w = 13, .box_h = 20, .ofs_x = 0, .ofs_y = 0},
    {.bitmap_index = 5418, .adv_w = 216, .box_w = 13, .box_h = 19, .ofs_x = 0, .ofs_y = 0},
    {.bitmap_index = 5449, .adv_w = 216, .box_w = 13, .box_h = 19, .ofs_x = 0, .ofs_y = 0},
    {.bitmap_index = 5480, .adv_w = 216, .box_w = 14, .box_h = 26, .ofs_x = 0, .ofs_y = -6},
    {.bitmap_index = 5526, .adv_w = 216, .box_w = 12, .box_h = 26, .ofs_x = 0, .ofs_y = -6},
    {.bitmap_index = 5565, .adv_w = 216, .box_w = 13, .box_h = 25, .ofs_x = 0, .ofs_y = -6},
    {.bitmap_index = 5606, .adv_w = 312, .box_w = 19, .box_h = 23, .ofs_x = 0, .ofs_y = 0},
    {.bitmap_index = 5661, .adv_w = 192, .box_w = 11, .box_h = 18, .ofs_x = 1, .ofs_y = 0},
    {.bitmap_index = 5686, .adv_w = 312, .box_w = 19, .box_h = 24, .ofs_x = 0, .ofs_y = 0},
    {.bitmap_index = 5743, .adv_w = 192, .box_w = 11, .box_h = 19, .ofs_x = 1, .ofs_y = 0},
    {.bitmap_index = 5770, .adv_w = 312, .box_w = 21, .box_h = 24, .ofs_x = 0, .ofs_y = -5},
    {.bitmap_index = 5833, .adv_w = 192, .box_w = 13, .box_h = 18, .ofs_x = 1, .ofs_y = -5},
    {.bitmap_index = 5863, .adv_w = 288, .box_w = 16, .box_h = 25, .ofs_x = 1, .ofs_y = 0},
    {.bitmap_index = 5913, .adv_w = 192, .box_w = 10, .box_h = 20, .ofs_x = 1, .ofs_y = 0},
    {.bitmap_index = 5938, .adv_w = 288, .box_w = 16, .box_h = 26, .ofs_x = 1, .ofs_y = 0},
    {.bitmap_index = 5990, .adv_w = 192, .box_w = 10, .box_h = 19, .ofs_x = 1, .ofs_y = 0},
    {.bitmap_index = 6014, .adv_w = 288, .box_w = 16, .box_h = 24, .ofs_x = 1, .ofs_y = 0},
    {.bitmap_index = 6062, .adv_w = 192, .box_w = 10, .box_h = 19, .ofs_x = 1, .ofs_y = 0},
    {.bitmap_index = 6086, .adv_w = 288, .box_w = 16, .box_h = 25, .ofs_x = 1, .ofs_y = 0},
    {.bitmap_index = 6136, .adv_w = 192, .box_w = 10, .box_h = 19, .ofs_x = 1, .ofs_y = 0},
    {.bitmap_index = 6160, .adv_w = 312, .box_w = 18, .box_h = 25, .ofs_x = 0, .ofs_y = 0},
    {.bitmap_index = 6217, .adv_w = 279, .box_w = 16, .box_h = 20, .ofs_x = 1, .ofs_y = 0},
    {.bitmap_index = 6257, .adv_w = 312, .box_w = 18, .box_h = 19, .ofs_x = 1, .ofs_y = 0},
    {.bitmap_index = 6300, .adv_w = 216, .box_w = 13, .box_h = 20, .ofs_x = 1, .ofs_y = 0},
    {.bitmap_index = 6333, .adv_w = 264, .box_w = 16, .box_h = 23, .ofs_x = 0, .ofs_y = 0},
    {.bitmap_index = 6379, .adv_w = 192, .box_w = 10, .box_h = 18, .ofs_x = 1, .ofs_y = 0},
    {.bitmap_index = 6402, .adv_w = 264, .box_w = 16, .box_h = 25, .ofs_x = 0, .ofs_y = 0},
    {.bitmap_index = 6452, .adv_w = 192, .box_w = 10, .box_h = 19, .ofs_x = 1, .ofs_y = 0},
    {.bitmap_index = 6476, .adv_w = 264, .box_w = 16, .box_h = 24, .ofs_x = 0, .ofs_y = 0},
    {.bitmap_index = 6524, .adv_w = 192, .box_w = 10, .box_h = 19, .ofs_x = 1, .ofs_y = 0},
    {.bitmap_index = 6548, .adv_w = 264, .box_w = 16, .box_h = 24, .ofs_x = 0, .ofs_y = -5},
    {.bitmap_index = 6596, .adv_w = 192, .box_w = 11, .box_h = 18, .ofs_x = 1, .ofs_y = -5},
    {.bitmap_index = 6621, .adv_w = 264, .box_w = 16, .box_h = 25, .ofs_x = 0, .ofs_y = 0},
    {.bitmap_index = 6671, .adv_w = 192, .box_w = 10, .box_h = 19, .ofs_x = 1, .ofs_y = 0},
    {.bitmap_index = 6695, .adv_w = 312, .box_w = 18, .box_h = 26, .ofs_x = 1, .ofs_y = 0},
    {.bitmap_index = 6754, .adv_w = 216, .box_w = 12, .box_h = 25, .ofs_x = 1, .ofs_y = -6},
    {.bitmap_index = 6792, .adv_w = 312, .box_w = 18, .box_h = 25, .ofs_x = 1, .ofs_y = 0},
    {.bitmap_index = 6849, .adv_w = 216, .box_w = 12, .box_h = 25, .ofs_x = 1, .ofs_y = -6},
    {.bitmap_index = 6887, .adv_w = 312, .box_w = 18, .box_h = 24, .ofs_x = 1, .ofs_y = 0},
    {.bitmap_index = 6941, .adv_w = 216, .box_w = 12, .box_h = 25, .ofs_x = 1, .ofs_y = -6},
    {.bitmap_index = 6979, .adv_w = 312, .box_w = 18, .box_h = 24, .ofs_x = 1, .ofs_y = -5},
    {.bitmap_index = 7033, .adv_w = 216, .box_w = 12, .box_h = 27, .ofs_x = 1, .ofs_y = -6},
    {.bitmap_index = 7074, .adv_w = 312, .box_w = 19, .box_h = 25, .ofs_x = 0, .ofs_y = 0},
    {.bitmap_index = 7134, .adv_w = 216, .box_w = 13, .box_h = 25, .ofs_x = 0, .ofs_y = 0},
    {.bitmap_index = 7175, .adv_w = 312, .box_w = 18, .box_h = 19, .ofs_x = 1, .ofs_y = 0},
    {.bitmap_index = 7218, .adv_w = 216, .box_w = 13, .box_h = 20, .ofs_x = 1, .ofs_y = 0},
    {.bitmap_index = 7251, .adv_w = 144, .box_w = 9, .box_h = 24, .ofs_x = 1, .ofs_y = 0},
    {.bitmap_index = 7278, .adv_w = 120, .box_w = 8, .box_h = 19, .ofs_x = 0, .ofs_y = 0},
    {.bitmap_index = 7297, .adv_w = 144, .box_w = 8, .box_h = 23, .ofs_x = 1, .ofs_y = 0},
    {.bitmap_index = 7320, .adv_w = 120, .box_w = 8, .box_h = 17, .ofs_x = 0, .ofs_y = 0},
    {.bitmap_index = 7337, .adv_w = 144, .box_w = 8, .box_h = 25, .ofs_x = 0, .ofs_y = 0},
    {.bitmap_index = 7362, .adv_w = 120, .box_w = 8, .box_h = 19, .ofs_x = 0, .ofs_y = 0},
    {.bitmap_index = 7381, .adv_w = 144, .box_w = 8, .box_h = 24, .ofs_x = 1, .ofs_y = -5},
    {.bitmap_index = 7405, .adv_w = 120, .box_w = 7, .box_h = 25, .ofs_x = 1, .ofs_y = -5},
    {.bitmap_index = 7427, .adv_w = 144, .box_w = 8, .box_h = 24, .ofs_x = 0, .ofs_y = 0},
    {.bitmap_index = 7451, .adv_w = 120, .box_w = 6, .box_h = 13, .ofs_x = 1, .ofs_y = 0},
    {.bitmap_index = 7461, .adv_w = 306, .box_w = 19, .box_h = 19, .ofs_x = 0, .ofs_y = 0},
    {.bitmap_index = 7507, .adv_w = 239, .box_w = 12, .box_h = 26, .ofs_x = 1, .ofs_y = -6},
    {.bitmap_index = 7546, .adv_w = 168, .box_w = 10, .box_h = 26, .ofs_x = 0, .ofs_y = 0},
    {.bitmap_index = 7579, .adv_w = 120, .box_w = 9, .box_h = 25, .ofs_x = -2, .ofs_y = -6},
    {.bitmap_index = 7608, .adv_w = 312, .box_w = 20, .box_h = 25, .ofs_x = 0, .ofs_y = -6},
    {.bitmap_index = 7671, .adv_w = 216, .box_w = 14, .box_h = 26, .ofs_x = 0, .ofs_y = -6},
    {.bitmap_index = 7717, .adv_w = 216, .box_w = 14, .box_h = 13, .ofs_x = 0, .ofs_y = 0},
    {.bitmap_index = 7740, .adv_w = 264, .box_w = 15, .box_h = 25, .ofs_x = 0, .ofs_y = 0},
    {.bitmap_index = 7787, .adv_w = 120, .box_w = 6, .box_h = 25, .ofs_x = 1, .ofs_y = 0},
    {.bitmap_index = 7806, .adv_w = 264, .box_w = 16, .box_h = 25, .ofs_x = 0, .ofs_y = -6},
    {.bitmap_index = 7856, .adv_w = 120, .box_w = 6, .box_h = 26, .ofs_x = 1, .ofs_y = -6},
    {.bitmap_index = 7876, .adv_w = 264, .box_w = 16, .box_h = 19, .ofs_x = 0, .ofs_y = 0},
    {.bitmap_index = 7914, .adv_w = 176, .box_w = 10, .box_h = 20, .ofs_x = 1, .ofs_y = 0},
    {.bitmap_index = 7939, .adv_w = 264, .box_w = 16, .box_h = 19, .ofs_x = 0, .ofs_y = 0},
    {.bitmap_index = 7977, .adv_w = 149, .box_w = 9, .box_h = 20, .ofs_x = 1, .ofs_y = 0},
    {.bitmap_index = 8000, .adv_w = 264, .box_w = 16, .box_h = 19, .ofs_x = 0, .ofs_y = 0},
    {.bitmap_index = 8038, .adv_w = 120, .box_w = 8, .box_h = 20, .ofs_x = 0, .ofs_y = 0},
    {.bitmap_index = 8058, .adv_w = 312, .box_w = 20, .box_h = 25, .ofs_x = -1, .ofs_y = 0},
    {.bitmap_index = 8121, .adv_w = 216, .box_w = 13, .box_h = 20, .ofs_x = 0, .ofs_y = 0},
    {.bitmap_index = 8154, .adv_w = 312, .box_w = 20, .box_h = 24, .ofs_x = -1, .ofs_y = -5},
    {.bitmap_index = 8214, .adv_w = 216, .box_w = 13, .box_h = 19, .ofs_x = 0, .ofs_y = -6},
    {.bitmap_index = 8245, .adv_w = 312, .box_w = 20, .box_h = 25, .ofs_x = -1, .ofs_y = 0},
    {.bitmap_index = 8308, .adv_w = 216, .box_w = 13, .box_h = 19, .ofs_x = 0, .ofs_y = 0},
    {.bitmap_index = 8339, .adv_w = 261, .box_w = 17, .box_h = 19, .ofs_x = 0, .ofs_y = 0},
    {.bitmap_index = 8380, .adv_w = 303, .box_w = 18, .box_h = 19, .ofs_x = 0, .ofs_y = 0},
    {.bitmap_index = 8423, .adv_w = 214, .box_w = 11, .box_h = 19, .ofs_x = 0, .ofs_y = -6},
    {.bitmap_index = 8450, .adv_w = 312, .box_w = 17, .box_h = 23, .ofs_x = 1, .ofs_y = 0},
    {.bitmap_index = 8499, .adv_w = 216, .box_w = 11, .box_h = 18, .ofs_x = 1, .ofs_y = 0},
    {.bitmap_index = 8524, .adv_w = 312, .box_w = 17, .box_h = 25, .ofs_x = 1, .ofs_y = 0},
    {.bitmap_index = 8578, .adv_w = 216, .box_w = 11, .box_h = 19, .ofs_x = 1, .ofs_y = 0},
    {.bitmap_index = 8605, .adv_w = 312, .box_w = 17, .box_h = 25, .ofs_x = 1, .ofs_y = 0},
    {.bitmap_index = 8659, .adv_w = 216, .box_w = 11, .box_h = 20, .ofs_x = 1, .ofs_y = 0},
    {.bitmap_index = 8687, .adv_w = 384, .box_w = 23, .box_h = 19, .ofs_x = 1, .ofs_y = 0},
    {.bitmap_index = 8742, .adv_w = 312, .box_w = 17, .box_h = 13, .ofs_x = 1, .ofs_y = 0},
    {.bitmap_index = 8770, .adv_w = 288, .box_w = 18, .box_h = 25, .ofs_x = 0, .ofs_y = 0},
    {.bitmap_index = 8827, .adv_w = 144, .box_w = 9, .box_h = 20, .ofs_x = 0, .ofs_y = 0},
    {.bitmap_index = 8850, .adv_w = 288, .box_w = 18, .box_h = 25, .ofs_x = 0, .ofs_y = -6},
    {.bitmap_index = 8907, .adv_w = 144, .box_w = 9, .box_h = 19, .ofs_x = 0, .ofs_y = -6},
    {.bitmap_index = 8929, .adv_w = 288, .box_w = 18, .box_h = 25, .ofs_x = 0, .ofs_y = 0},
    {.bitmap_index = 8986, .adv_w = 144, .box_w = 9, .box_h = 19, .ofs_x = 0, .ofs_y = 0},
    {.bitmap_index = 9008, .adv_w = 240, .box_w = 12, .box_h = 25, .ofs_x = 2, .ofs_y = 0},
    {.bitmap_index = 9046, .adv_w = 168, .box_w = 8, .box_h = 20, .ofs_x = 1, .ofs_y = 0},
    {.bitmap_index = 9066, .adv_w = 240, .box_w = 12, .box_h = 26, .ofs_x = 2, .ofs_y = 0},
    {.bitmap_index = 9105, .adv_w = 168, .box_w = 8, .box_h = 19, .ofs_x = 1, .ofs_y = 0},
    {.bitmap_index = 9124, .adv_w = 240, .box_w = 12, .box_h = 24, .ofs_x = 2, .ofs_y = -5},
    {.bitmap_index = 9160, .adv_w = 168, .box_w = 8, .box_h = 18, .ofs_x = 1, .ofs_y = -5},
    {.bitmap_index = 9178, .adv_w = 240, .box_w = 12, .box_h = 25, .ofs_x = 2, .ofs_y = 0},
    {.bitmap_index = 9216, .adv_w = 168, .box_w = 8, .box_h = 19, .ofs_x = 1, .ofs_y = 0},
    {.bitmap_index = 9235, .adv_w = 264, .box_w = 15, .box_h = 25, .ofs_x = 1, .ofs_y = -6},
    {.bitmap_index = 9282, .adv_w = 120, .box_w = 7, .box_h = 23, .ofs_x = 0, .ofs_y = -6},
    {.bitmap_index = 9303, .adv_w = 264, .box_w = 15, .box_h = 25, .ofs_x = 1, .ofs_y = 0},
    {.bitmap_index = 9350, .adv_w = 185, .box_w = 11, .box_h = 20, .ofs_x = 0, .ofs_y = 0},
    {.bitmap_index = 9378, .adv_w = 264, .box_w = 16, .box_h = 19, .ofs_x = 0, .ofs_y = 0},
    {.bitmap_index = 9416, .adv_w = 120, .box_w = 7, .box_h = 17, .ofs_x = 1, .ofs_y = 0},
    {.bitmap_index = 9431, .adv_w = 312, .box_w = 20, .box_h = 24, .ofs_x = 0, .ofs_y = 0},
    {.bitmap_index = 9491, .adv_w = 216, .box_w = 13, .box_h = 19, .ofs_x = 0, .ofs_y = 0},
    {.bitmap_index = 9522, .adv_w = 312, .box_w = 20, .box_h = 23, .ofs_x = 0, .ofs_y = 0},
    {.bitmap_index = 9580, .adv_w = 216, .box_w = 13, .box_h = 18, .ofs_x = 0, .ofs_y = 0},
    {.bitmap_index = 9610, .adv_w = 312, .box_w = 20, .box_h = 25, .ofs_x = 0, .ofs_y = 0},
    {.bitmap_index = 9673, .adv_w = 216, .box_w = 13, .box_h = 19, .ofs_x = 0, .ofs_y = 0},
    {.bitmap_index = 9704, .adv_w = 312, .box_w = 20, .box_h = 25, .ofs_x = 0, .ofs_y = 0},
    {.bitmap_index = 9767, .adv_w = 216, .box_w = 13, .box_h = 20, .ofs_x = 0, .ofs_y = 0},
    {.bitmap_index = 9800, .adv_w = 312, .box_w = 20, .box_h = 25, .ofs_x = 0, .ofs_y = 0},
    {.bitmap_index = 9863, .adv_w = 216, .box_w = 13, .box_h = 20, .ofs_x = 0, .ofs_y = 0},
    {.bitmap_index = 9896, .adv_w = 312, .box_w = 19, .box_h = 23, .ofs_x = 0, .ofs_y = -4},
    {.bitmap_index = 9951, .adv_w = 216, .box_w = 14, .box_h = 18, .ofs_x = 0, .ofs_y = -5},
    {.bitmap_index = 9983, .adv_w = 408, .box_w = 25, .box_h = 26, .ofs_x = 0, .ofs_y = 0},
    {.bitmap_index = 10065, .adv_w = 312, .box_w = 19, .box_h = 19, .ofs_x = 0, .ofs_y = 0},
    {.bitmap_index = 10111, .adv_w = 312, .box_w = 19, .box_h = 25, .ofs_x = 0, .ofs_y = 0},
    {.bitmap_index = 10171, .adv_w = 216, .box_w = 14, .box_h = 25, .ofs_x = 0, .ofs_y = -6},
    {.bitmap_index = 10215, .adv_w = 312, .box_w = 19, .box_h = 24, .ofs_x = 0, .ofs_y = 0},
    {.bitmap_index = 10272, .adv_w = 264, .box_w = 15, .box_h = 25, .ofs_x = 0, .ofs_y = 0},
    {.bitmap_index = 10319, .adv_w = 192, .box_w = 11, .box_h = 20, .ofs_x = 1, .ofs_y = 0},
    {.bitmap_index = 10347, .adv_w = 264, .box_w = 16, .box_h = 24, .ofs_x = 0, .ofs_y = 0},
    {.bitmap_index = 10395, .adv_w = 192, .box_w = 11, .box_h = 19, .ofs_x = 1, .ofs_y = 0},
    {.bitmap_index = 10422, .adv_w = 264, .box_w = 15, .box_h = 25, .ofs_x = 0, .ofs_y = 0},
    {.bitmap_index = 10469, .adv_w = 192, .box_w = 11, .box_h = 19, .ofs_x = 1, .ofs_y = 0},
    {.bitmap_index = 10496, .adv_w = 120, .box_w = 11, .box_h = 20, .ofs_x = 1, .ofs_y = 0},
    {.bitmap_index = 10524, .adv_w = 312, .box_w = 18, .box_h = 19, .ofs_x = 1, .ofs_y = 0},
    {.bitmap_index = 10567, .adv_w = 216, .box_w = 13, .box_h = 25, .ofs_x = 1, .ofs_y = -6},
    {.bitmap_index = 10608, .adv_w = 312, .box_w = 17, .box_h = 22, .ofs_x = 1, .ofs_y = 0},
    {.bitmap_index = 10655, .adv_w = 228, .box_w = 13, .box_h = 13, .ofs_x = 1, .ofs_y = 0},
    {.bitmap_index = 10677, .adv_w = 335, .box_w = 22, .box_h = 23, .ofs_x = 0, .ofs_y = 0},
    {.bitmap_index = 10741, .adv_w = 234, .box_w = 14, .box_h = 14, .ofs_x = 0, .ofs_y = 0},
    {.bitmap_index = 10766, .adv_w = 312, .box_w = 19, .box_h = 25, .ofs_x = 0, .ofs_y = 0},
    {.bitmap_index = 10826, .adv_w = 192, .box_w = 11, .box_h = 19, .ofs_x = 1, .ofs_y = 0},
    {.bitmap_index = 10853, .adv_w = 144, .box_w = 8, .box_h = 25, .ofs_x = 0, .ofs_y = 0},
    {.bitmap_index = 10878, .adv_w = 120, .box_w = 8, .box_h = 19, .ofs_x = 0, .ofs_y = 0},
    {.bitmap_index = 10897, .adv_w = 312, .box_w = 17, .box_h = 25, .ofs_x = 1, .ofs_y = 0},
    {.bitmap_index = 10951, .adv_w = 216, .box_w = 11, .box_h = 19, .ofs_x = 1, .ofs_y = 0},
    {.bitmap_index = 10978, .adv_w = 312, .box_w = 20, .box_h = 25, .ofs_x = 0, .ofs_y = 0},
    {.bitmap_index = 11041, .adv_w = 216, .box_w = 13, .box_h = 19, .ofs_x = 0, .ofs_y = 0},
    {.bitmap_index = 11072, .adv_w = 312, .box_w = 20, .box_h = 26, .ofs_x = 0, .ofs_y = 0},
    {.bitmap_index = 11137, .adv_w = 216, .box_w = 13, .box_h = 22, .ofs_x = 0, .ofs_y = 0},
    {.bitmap_index = 11173, .adv_w = 312, .box_w = 20, .box_h = 26, .ofs_x = 0, .ofs_y = 0},
    {.bitmap_index = 11238, .adv_w = 216, .box_w = 13, .box_h = 24, .ofs_x = 0, .ofs_y = 0},
    {.bitmap_index = 11277, .adv_w = 312, .box_w = 20, .box_h = 26, .ofs_x = 0, .ofs_y = 0},
    {.bitmap_index = 11342, .adv_w = 216, .box_w = 13, .box_h = 24, .ofs_x = 0, .ofs_y = 0},
    {.bitmap_index = 11381, .adv_w = 312, .box_w = 20, .box_h = 26, .ofs_x = 0, .ofs_y = 0},
    {.bitmap_index = 11446, .adv_w = 216, .box_w = 13, .box_h = 24, .ofs_x = 0, .ofs_y = 0},
    {.bitmap_index = 11485, .adv_w = 312, .box_w = 19, .box_h = 29, .ofs_x = 0, .ofs_y = 0},
    {.bitmap_index = 11554, .adv_w = 192, .box_w = 11, .box_h = 26, .ofs_x = 1, .ofs_y = 0},
    {.bitmap_index = 11590, .adv_w = 384, .box_w = 24, .box_h = 26, .ofs_x = -1, .ofs_y = 0},
    {.bitmap_index = 11668, .adv_w = 288, .box_w = 16, .box_h = 20, .ofs_x = 1, .ofs_y = 0},
    {.bitmap_index = 11708, .adv_w = 312, .box_w = 17, .box_h = 26, .ofs_x = 1, .ofs_y = 0},
    {.bitmap_index = 11764, .adv_w = 216, .box_w = 11, .box_h = 21, .ofs_x = 1, .ofs_y = -1},
    {.bitmap_index = 11793, .adv_w = 192, .box_w = 10, .box_h = 13, .ofs_x = 1, .ofs_y = 0},
    {.bitmap_index = 11810, .adv_w = 144, .box_w = 7, .box_h = 5, .ofs_x = 1, .ofs_y = 15},
    {.bitmap_index = 11815, .adv_w = 144, .box_w = 7, .box_h = 5, .ofs_x = 1, .ofs_y = 15},
    {.bitmap_index = 11820, .adv_w = 144, .box_w = 8, .box_h = 2, .ofs_x = 1, .ofs_y = 17},
    {.bitmap_index = 11822, .adv_w = 144, .box_w = 7, .box_h = 4, .ofs_x = 1, .ofs_y = 15},
    {.bitmap_index = 11826, .adv_w = 144, .box_w = 3, .box_h = 3, .ofs_x = 3, .ofs_y = 15},
    {.bitmap_index = 11828, .adv_w = 144, .box_w = 5, .box_h = 5, .ofs_x = 2, .ofs_y = 14},
    {.bitmap_index = 11832, .adv_w = 144, .box_w = 7, .box_h = 5, .ofs_x = 2, .ofs_y = -5},
    {.bitmap_index = 11837, .adv_w = 144, .box_w = 9, .box_h = 3, .ofs_x = 1, .ofs_y = 15},
    {.bitmap_index = 11841, .adv_w = 144, .box_w = 7, .box_h = 5, .ofs_x = 1, .ofs_y = 14},
    {.bitmap_index = 11846, .adv_w = 0, .box_w = 4, .box_h = 5, .ofs_x = -6, .ofs_y = 21},
    {.bitmap_index = 11849, .adv_w = 0, .box_w = 4, .box_h = 5, .ofs_x = -5, .ofs_y = 21},
    {.bitmap_index = 11852, .adv_w = 0, .box_w = 8, .box_h = 3, .ofs_x = -10, .ofs_y = 21},
    {.bitmap_index = 11855, .adv_w = 0, .box_w = 4, .box_h = 5, .ofs_x = -6, .ofs_y = 20},
    {.bitmap_index = 11858, .adv_w = 0, .box_w = 3, .box_h = 3, .ofs_x = -12, .ofs_y = -5},
    {.bitmap_index = 11860, .adv_w = 120, .box_w = 5, .box_h = 17, .ofs_x = 1, .ofs_y = -4},
    {.bitmap_index = 11871, .adv_w = 144, .box_w = 4, .box_h = 5, .ofs_x = 3, .ofs_y = 14},
    {.bitmap_index = 11874, .adv_w = 144, .box_w = 10, .box_h = 5, .ofs_x = 0, .ofs_y = 14},
    {.bitmap_index = 11881, .adv_w = 312, .box_w = 19, .box_h = 20, .ofs_x = 0, .ofs_y = 0},
    {.bitmap_index = 11929, .adv_w = 120, .box_w = 3, .box_h = 3, .ofs_x = 2, .ofs_y = 10},
    {.bitmap_index = 11931, .adv_w = 300, .box_w = 21, .box_h = 20, .ofs_x = -3, .ofs_y = 0},
    {.bitmap_index = 11984, .adv_w = 349, .box_w = 24, .box_h = 20, .ofs_x = -3, .ofs_y = 0},
    {.bitmap_index = 12044, .adv_w = 178, .box_w = 13, .box_h = 20, .ofs_x = -3, .ofs_y = 0},
    {.bitmap_index = 12077, .adv_w = 312, .box_w = 19, .box_h = 19, .ofs_x = -1, .ofs_y = 0},
    {.bitmap_index = 12123, .adv_w = 352, .box_w = 24, .box_h = 20, .ofs_x = -2, .ofs_y = 0},
    {.bitmap_index = 12183, .adv_w = 321, .box_w = 21, .box_h = 19, .ofs_x = -1, .ofs_y = 0},
    {.bitmap_index = 12233, .adv_w = 116, .box_w = 10, .box_h = 20, .ofs_x = -1, .ofs_y = 0},
    {.bitmap_index = 12258, .adv_w = 312, .box_w = 19, .box_h = 20, .ofs_x = 0, .ofs_y = 0},
    {.bitmap_index = 12306, .adv_w = 288, .box_w = 16, .box_h = 19, .ofs_x = 0, .ofs_y = 0},
    {.bitmap_index = 12344, .adv_w = 250, .box_w = 15, .box_h = 19, .ofs_x = 0, .ofs_y = 0},
    {.bitmap_index = 12380, .adv_w = 278, .box_w = 16, .box_h = 20, .ofs_x = 1, .ofs_y = 0},
    {.bitmap_index = 12420, .adv_w = 264, .box_w = 16, .box_h = 19, .ofs_x = 0, .ofs_y = 0},
    {.bitmap_index = 12458, .adv_w = 264, .box_w = 15, .box_h = 19, .ofs_x = 0, .ofs_y = 0},
    {.bitmap_index = 12494, .adv_w = 312, .box_w = 19, .box_h = 19, .ofs_x = 0, .ofs_y = 0},
    {.bitmap_index = 12540, .adv_w = 312, .box_w = 18, .box_h = 19, .ofs_x = 1, .ofs_y = 0},
    {.bitmap_index = 12583, .adv_w = 144, .box_w = 8, .box_h = 19, .ofs_x = 0, .ofs_y = 0},
    {.bitmap_index = 12602, .adv_w = 312, .box_w = 20, .box_h = 19, .ofs_x = 0, .ofs_y = 0},
    {.bitmap_index = 12650, .adv_w = 313, .box_w = 19, .box_h = 20, .ofs_x = 0, .ofs_y = 0},
    {.bitmap_index = 12698, .adv_w = 384, .box_w = 24, .box_h = 19, .ofs_x = 0, .ofs_y = 0},
    {.bitmap_index = 12755, .adv_w = 312, .box_w = 20, .box_h = 19, .ofs_x = -1, .ofs_y = 0},
    {.bitmap_index = 12803, .adv_w = 278, .box_w = 16, .box_h = 19, .ofs_x = 1, .ofs_y = 0},
    {.bitmap_index = 12841, .adv_w = 312, .box_w = 17, .box_h = 19, .ofs_x = 1, .ofs_y = 0},
    {.bitmap_index = 12882, .adv_w = 312, .box_w = 19, .box_h = 19, .ofs_x = 0, .ofs_y = 0},
    {.bitmap_index = 12928, .adv_w = 240, .box_w = 14, .box_h = 19, .ofs_x = 0, .ofs_y = 0},
    {.bitmap_index = 12962, .adv_w = 251, .box_w = 14, .box_h = 19, .ofs_x = 1, .ofs_y = 0},
    {.bitmap_index = 12996, .adv_w = 264, .box_w = 15, .box_h = 19, .ofs_x = 1, .ofs_y = 0},
    {.bitmap_index = 13032, .adv_w = 312, .box_w = 19, .box_h = 19, .ofs_x = 0, .ofs_y = 0},
    {.bitmap_index = 13078, .adv_w = 316, .box_w = 18, .box_h = 19, .ofs_x = 1, .ofs_y = 0},
    {.bitmap_index = 13121, .adv_w = 312, .box_w = 19, .box_h = 19, .ofs_x = 0, .ofs_y = 0},
    {.bitmap_index = 13167, .adv_w = 319, .box_w = 18, .box_h = 19, .ofs_x = 1, .ofs_y = 0},
    {.bitmap_index = 13210, .adv_w = 321, .box_w = 19, .box_h = 19, .ofs_x = 1, .ofs_y = 0},
    {.bitmap_index = 13256, .adv_w = 144, .box_w = 8, .box_h = 24, .ofs_x = 1, .ofs_y = 0},
    {.bitmap_index = 13280, .adv_w = 312, .box_w = 19, .box_h = 24, .ofs_x = 0, .ofs_y = 0},
    {.bitmap_index = 13337, .adv_w = 226, .box_w = 13, .box_h = 20, .ofs_x = 1, .ofs_y = 0},
    {.bitmap_index = 13370, .adv_w = 181, .box_w = 10, .box_h = 20, .ofs_x = 1, .ofs_y = 0},
    {.bitmap_index = 13395, .adv_w = 226, .box_w = 13, .box_h = 26, .ofs_x = 0, .ofs_y = -6},
    {.bitmap_index = 13438, .adv_w = 116, .box_w = 7, .box_h = 20, .ofs_x = 1, .ofs_y = 0},
    {.bitmap_index = 13456, .adv_w = 214, .box_w = 12, .box_h = 20, .ofs_x = 0, .ofs_y = 0},
    {.bitmap_index = 13486, .adv_w = 226, .box_w = 13, .box_h = 13, .ofs_x = 1, .ofs_y = 0},
    {.bitmap_index = 13508, .adv_w = 220, .box_w = 11, .box_h = 26, .ofs_x = 2, .ofs_y = -6},
    {.bitmap_index = 13544, .adv_w = 191, .box_w = 11, .box_h = 19, .ofs_x = 0, .ofs_y = -6},
    {.bitmap_index = 13571, .adv_w = 204, .box_w = 11, .box_h = 20, .ofs_x = 1, .ofs_y = 0},
    {.bitmap_index = 13599, .adv_w = 181, .box_w = 10, .box_h = 13, .ofs_x = 1, .ofs_y = 0},
    {.bitmap_index = 13616, .adv_w = 179, .box_w = 10, .box_h = 26, .ofs_x = 1, .ofs_y = -6},
    {.bitmap_index = 13649, .adv_w = 226, .box_w = 13, .box_h = 19, .ofs_x = 0, .ofs_y = -6},
    {.bitmap_index = 13680, .adv_w = 207, .box_w = 11, .box_h = 20, .ofs_x = 1, .ofs_y = 0},
    {.bitmap_index = 13708, .adv_w = 116, .box_w = 7, .box_h = 13, .ofs_x = 1, .ofs_y = 0},
    {.bitmap_index = 13720, .adv_w = 218, .box_w = 13, .box_h = 13, .ofs_x = 0, .ofs_y = 0},
    {.bitmap_index = 13742, .adv_w = 209, .box_w = 14, .box_h = 20, .ofs_x = 0, .ofs_y = 0},
    {.bitmap_index = 13777, .adv_w = 232, .box_w = 13, .box_h = 19, .ofs_x = 2, .ofs_y = -6},
    {.bitmap_index = 13808, .adv_w = 195, .box_w = 12, .box_h = 13, .ofs_x = -1, .ofs_y = 0},
    {.bitmap_index = 13828, .adv_w = 193, .box_w = 11, .box_h = 26, .ofs_x = 1, .ofs_y = -6},
    {.bitmap_index = 13864, .adv_w = 216, .box_w = 11, .box_h = 13, .ofs_x = 1, .ofs_y = 0},
    {.bitmap_index = 13882, .adv_w = 218, .box_w = 14, .box_h = 13, .ofs_x = 0, .ofs_y = 0},
    {.bitmap_index = 13905, .adv_w = 216, .box_w = 11, .box_h = 19, .ofs_x = 2, .ofs_y = -6},
    {.bitmap_index = 13932, .adv_w = 171, .box_w = 9, .box_h = 19, .ofs_x = 1, .ofs_y = -6},
    {.bitmap_index = 13954, .adv_w = 233, .box_w = 13, .box_h = 13, .ofs_x = 1, .ofs_y = 0},
    {.bitmap_index = 13976, .adv_w = 174, .box_w = 11, .box_h = 13, .ofs_x = 0, .ofs_y = 0},
    {.bitmap_index = 13994, .adv_w = 214, .box_w = 13, .box_h = 13, .ofs_x = 0, .ofs_y = 0},
    {.bitmap_index = 14016, .adv_w = 249, .box_w = 14, .box_h = 19, .ofs_x = 1, .ofs_y = -6},
    {.bitmap_index = 14050, .adv_w = 192, .box_w = 13, .box_h = 19, .ofs_x = 1, .ofs_y = -6},
    {.bitmap_index = 14081, .adv_w = 270, .box_w = 16, .box_h = 19, .ofs_x = 1, .ofs_y = -6},
    {.bitmap_index = 14119, .adv_w = 284, .box_w = 16, .box_h = 13, .ofs_x = 1, .ofs_y = 0},
    {.bitmap_index = 14145, .adv_w = 116, .box_w = 8, .box_h = 18, .ofs_x = 0, .ofs_y = 0},
    {.bitmap_index = 14163, .adv_w = 214, .box_w = 13, .box_h = 18, .ofs_x = 0, .ofs_y = 0},
    {.bitmap_index = 14193, .adv_w = 216, .box_w = 11, .box_h = 20, .ofs_x = 1, .ofs_y = 0},
    {.bitmap_index = 14221, .adv_w = 214, .box_w = 13, .box_h = 20, .ofs_x = 0, .ofs_y = 0},
    {.bitmap_index = 14254, .adv_w = 284, .box_w = 16, .box_h = 20, .ofs_x = 1, .ofs_y = 0},
    {.bitmap_index = 14294, .adv_w = 264, .box_w = 16, .box_h = 24, .ofs_x = 0, .ofs_y = 0},
    {.bitmap_index = 14342, .adv_w = 325, .box_w = 19, .box_h = 19, .ofs_x = 0, .ofs_y = 0},
    {.bitmap_index = 14388, .adv_w = 250, .box_w = 15, .box_h = 26, .ofs_x = 0, .ofs_y = 0},
    {.bitmap_index = 14437, .adv_w = 285, .box_w = 16, .box_h = 19, .ofs_x = 1, .ofs_y = 0},
    {.bitmap_index = 14475, .adv_w = 240, .box_w = 12, .box_h = 19, .ofs_x = 2, .ofs_y = 0},
    {.bitmap_index = 14504, .adv_w = 144, .box_w = 8, .box_h = 19, .ofs_x = 0, .ofs_y = 0},
    {.bitmap_index = 14523, .adv_w = 144, .box_w = 8, .box_h = 24, .ofs_x = 1, .ofs_y = 0},
    {.bitmap_index = 14547, .adv_w = 168, .box_w = 10, .box_h = 19, .ofs_x = 0, .ofs_y = 0},
    {.bitmap_index = 14571, .adv_w = 377, .box_w = 23, .box_h = 19, .ofs_x = 1, .ofs_y = 0},
    {.bitmap_index = 14626, .adv_w = 377, .box_w = 23, .box_h = 19, .ofs_x = 0, .ofs_y = 0},
    {.bitmap_index = 14681, .adv_w = 320, .box_w = 19, .box_h = 19, .ofs_x = 0, .ofs_y = 0},
    {.bitmap_index = 14727, .adv_w = 288, .box_w = 18, .box_h = 25, .ofs_x = 0, .ofs_y = 0},
    {.bitmap_index = 14784, .adv_w = 306, .box_w = 18, .box_h = 26, .ofs_x = 1, .ofs_y = 0},
    {.bitmap_index = 14843, .adv_w = 312, .box_w = 19, .box_h = 25, .ofs_x = 0, .ofs_y = -6},
    {.bitmap_index = 14903, .adv_w = 312, .box_w = 19, .box_h = 19, .ofs_x = 0, .ofs_y = 0},
    {.bitmap_index = 14949, .adv_w = 248, .box_w = 15, .box_h = 19, .ofs_x = 0, .ofs_y = 0},
    {.bitmap_index = 14985, .adv_w = 288, .box_w = 16, .box_h = 19, .ofs_x = 0, .ofs_y = 0},
    {.bitmap_index = 15023, .adv_w = 250, .box_w = 15, .box_h = 19, .ofs_x = 0, .ofs_y = 0},
    {.bitmap_index = 15059, .adv_w = 295, .box_w = 17, .box_h = 24, .ofs_x = 1, .ofs_y = -5},
    {.bitmap_index = 15110, .adv_w = 264, .box_w = 16, .box_h = 19, .ofs_x = 0, .ofs_y = 0},
    {.bitmap_index = 15148, .adv_w = 387, .box_w = 24, .box_h = 19, .ofs_x = 0, .ofs_y = 0},
    {.bitmap_index = 15205, .adv_w = 216, .box_w = 12, .box_h = 19, .ofs_x = 0, .ofs_y = 0},
    {.bitmap_index = 15234, .adv_w = 312, .box_w = 19, .box_h = 19, .ofs_x = 0, .ofs_y = 0},
    {.bitmap_index = 15280, .adv_w = 312, .box_w = 19, .box_h = 25, .ofs_x = 0, .ofs_y = 0},
    {.bitmap_index = 15340, .adv_w = 288, .box_w = 18, .box_h = 19, .ofs_x = 0, .ofs_y = 0},
    {.bitmap_index = 15383, .adv_w = 293, .box_w = 18, .box_h = 19, .ofs_x = 1, .ofs_y = 0},
    {.bitmap_index = 15426, .adv_w = 384, .box_w = 24, .box_h = 19, .ofs_x = 0, .ofs_y = 0},
    {.bitmap_index = 15483, .adv_w = 312, .box_w = 19, .box_h = 19, .ofs_x = 0, .ofs_y = 0},
    {.bitmap_index = 15529, .adv_w = 312, .box_w = 17, .box_h = 19, .ofs_x = 1, .ofs_y = 0},
    {.bitmap_index = 15570, .adv_w = 312, .box_w = 19, .box_h = 19, .ofs_x = 0, .ofs_y = 0},
    {.bitmap_index = 15616, .adv_w = 240, .box_w = 14, .box_h = 19, .ofs_x = 0, .ofs_y = 0},
    {.bitmap_index = 15650, .adv_w = 288, .box_w = 16, .box_h = 19, .ofs_x = 1, .ofs_y = 0},
    {.bitmap_index = 15688, .adv_w = 264, .box_w = 15, .box_h = 19, .ofs_x = 1, .ofs_y = 0},
    {.bitmap_index = 15724, .adv_w = 306, .box_w = 18, .box_h = 19, .ofs_x = 0, .ofs_y = 0},
    {.bitmap_index = 15767, .adv_w = 341, .box_w = 20, .box_h = 19, .ofs_x = 1, .ofs_y = 0},
    {.bitmap_index = 15815, .adv_w = 312, .box_w = 19, .box_h = 19, .ofs_x = 0, .ofs_y = 0},
    {.bitmap_index = 15861, .adv_w = 312, .box_w = 19, .box_h = 24, .ofs_x = 0, .ofs_y = -5},
    {.bitmap_index = 15918, .adv_w = 281, .box_w = 18, .box_h = 19, .ofs_x = -1, .ofs_y = 0},
    {.bitmap_index = 15961, .adv_w = 436, .box_w = 26, .box_h = 19, .ofs_x = 1, .ofs_y = 0},
    {.bitmap_index = 16023, .adv_w = 436, .box_w = 26, .box_h = 24, .ofs_x = 1, .ofs_y = -5},
    {.bitmap_index = 16101, .adv_w = 305, .box_w = 18, .box_h = 19, .ofs_x = 1, .ofs_y = 0},
    {.bitmap_index = 16144, .adv_w = 377, .box_w = 23, .box_h = 19, .ofs_x = 0, .ofs_y = 0},
    {.bitmap_index = 16199, .adv_w = 248, .box_w = 15, .box_h = 19, .ofs_x = 0, .ofs_y = 0},
    {.bitmap_index = 16235, .adv_w = 285, .box_w = 16, .box_h = 19, .ofs_x = 1, .ofs_y = 0},
    {.bitmap_index = 16273, .adv_w = 444, .box_w = 27, .box_h = 19, .ofs_x = 0, .ofs_y = 0},
    {.bitmap_index = 16338, .adv_w = 288, .box_w = 18, .box_h = 19, .ofs_x = 0, .ofs_y = 0},
    {.bitmap_index = 16381, .adv_w = 192, .box_w = 11, .box_h = 13, .ofs_x = 1, .ofs_y = 0},
    {.bitmap_index = 16399, .adv_w = 220, .box_w = 12, .box_h = 20, .ofs_x = 1, .ofs_y = 0},
    {.bitmap_index = 16429, .adv_w = 204, .box_w = 11, .box_h = 13, .ofs_x = 0, .ofs_y = 0},
    {.bitmap_index = 16447, .adv_w = 177, .box_w = 10, .box_h = 13, .ofs_x = 0, .ofs_y = 0},
    {.bitmap_index = 16464, .adv_w = 220, .box_w = 13, .box_h = 16, .ofs_x = 1, .ofs_y = -3},
    {.bitmap_index = 16490, .adv_w = 192, .box_w = 10, .box_h = 13, .ofs_x = 1, .ofs_y = 0},
    {.bitmap_index = 16507, .adv_w = 298, .box_w = 17, .box_h = 13, .ofs_x = 1, .ofs_y = 0},
    {.bitmap_index = 16535, .adv_w = 171, .box_w = 10, .box_h = 13, .ofs_x = 0, .ofs_y = 0},
    {.bitmap_index = 16552, .adv_w = 231, .box_w = 13, .box_h = 13, .ofs_x = 0, .ofs_y = 0},
    {.bitmap_index = 16574, .adv_w = 231, .box_w = 13, .box_h = 19, .ofs_x = 0, .ofs_y = 0},
    {.bitmap_index = 16605, .adv_w = 210, .box_w = 13, .box_h = 13, .ofs_x = 0, .ofs_y = 0},
    {.bitmap_index = 16627, .adv_w = 216, .box_w = 13, .box_h = 13, .ofs_x = 0, .ofs_y = 0},
    {.bitmap_index = 16649, .adv_w = 273, .box_w = 16, .box_h = 13, .ofs_x = 0, .ofs_y = 0},
    {.bitmap_index = 16675, .adv_w = 231, .box_w = 13, .box_h = 13, .ofs_x = 0, .ofs_y = 0},
    {.bitmap_index = 16697, .adv_w = 216, .box_w = 11, .box_h = 13, .ofs_x = 1, .ofs_y = 0},
    {.bitmap_index = 16715, .adv_w = 231, .box_w = 13, .box_h = 13, .ofs_x = 0, .ofs_y = 0},
    {.bitmap_index = 16737, .adv_w = 216, .box_w = 12, .box_h = 19, .ofs_x = 0, .ofs_y = -6},
    {.bitmap_index = 16766, .adv_w = 192, .box_w = 10, .box_h = 13, .ofs_x = 1, .ofs_y = 0},
    {.bitmap_index = 16783, .adv_w = 189, .box_w = 12, .box_h = 13, .ofs_x = 0, .ofs_y = 0},
    {.bitmap_index = 16803, .adv_w = 216, .box_w = 14, .box_h = 19, .ofs_x = 0, .ofs_y = -6},
    {.bitmap_index = 16837, .adv_w = 280, .box_w = 15, .box_h = 26, .ofs_x = 1, .ofs_y = -6},
    {.bitmap_index = 16886, .adv_w = 216, .box_w = 13, .box_h = 13, .ofs_x = 0, .ofs_y = 0},
    {.bitmap_index = 16908, .adv_w = 231, .box_w = 14, .box_h = 16, .ofs_x = 0, .ofs_y = -3},
    {.bitmap_index = 16936, .adv_w = 217, .box_w = 13, .box_h = 13, .ofs_x = 0, .ofs_y = 0},
    {.bitmap_index = 16958, .adv_w = 333, .box_w = 20, .box_h = 13, .ofs_x = 0, .ofs_y = 0},
    {.bitmap_index = 16991, .adv_w = 333, .box_w = 20, .box_h = 16, .ofs_x = 0, .ofs_y = -3},
    {.bitmap_index = 17031, .adv_w = 223, .box_w = 13, .box_h = 13, .ofs_x = 0, .ofs_y = 0},
    {.bitmap_index = 17053, .adv_w = 290, .box_w = 17, .box_h = 13, .ofs_x = 0, .ofs_y = 0},
    {.bitmap_index = 17081, .adv_w = 197, .box_w = 11, .box_h = 13, .ofs_x = 0, .ofs_y = 0},
    {.bitmap_index = 17099, .adv_w = 185, .box_w = 10, .box_h = 13, .ofs_x = 0, .ofs_y = 0},
    {.bitmap_index = 17116, .adv_w = 323, .box_w = 19, .box_h = 13, .ofs_x = 0, .ofs_y = 0},
    {.bitmap_index = 17147, .adv_w = 199, .box_w = 12, .box_h = 13, .ofs_x = 0, .ofs_y = 0},
    {.bitmap_index = 17167, .adv_w = 192, .box_w = 10, .box_h = 19, .ofs_x = 1, .ofs_y = 0},
    {.bitmap_index = 17191, .adv_w = 209, .box_w = 11, .box_h = 26, .ofs_x = 0, .ofs_y = -6},
    {.bitmap_index = 17227, .adv_w = 177, .box_w = 10, .box_h = 19, .ofs_x = 0, .ofs_y = 0},
    {.bitmap_index = 17251, .adv_w = 185, .box_w = 10, .box_h = 13, .ofs_x = 1, .ofs_y = 0},
    {.bitmap_index = 17268, .adv_w = 168, .box_w = 8, .box_h = 13, .ofs_x = 1, .ofs_y = 0},
    {.bitmap_index = 17281, .adv_w = 120, .box_w = 6, .box_h = 19, .ofs_x = 1, .ofs_y = 0},
    {.bitmap_index = 17296, .adv_w = 120, .box_w = 8, .box_h = 19, .ofs_x = 1, .ofs_y = 0},
    {.bitmap_index = 17315, .adv_w = 120, .box_w = 8, .box_h = 26, .ofs_x = -2, .ofs_y = -6},
    {.bitmap_index = 17341, .adv_w = 314, .box_w = 19, .box_h = 13, .ofs_x = 0, .ofs_y = 0},
    {.bitmap_index = 17372, .adv_w = 312, .box_w = 18, .box_h = 13, .ofs_x = 0, .ofs_y = 0},
    {.bitmap_index = 17402, .adv_w = 216, .box_w = 13, .box_h = 20, .ofs_x = 0, .ofs_y = 0},
    {.bitmap_index = 17435, .adv_w = 210, .box_w = 13, .box_h = 19, .ofs_x = 0, .ofs_y = 0},
    {.bitmap_index = 17466, .adv_w = 216, .box_w = 14, .box_h = 25, .ofs_x = 0, .ofs_y = -6},
    {.bitmap_index = 17510, .adv_w = 231, .box_w = 13, .box_h = 17, .ofs_x = 0, .ofs_y = -4},
    {.bitmap_index = 17538, .adv_w = 194, .box_w = 12, .box_h = 22, .ofs_x = 0, .ofs_y = 0},
    {.bitmap_index = 17571, .adv_w = 152, .box_w = 9, .box_h = 15, .ofs_x = 0, .ofs_y = 0},
    {.bitmap_index = 17588, .adv_w = 250, .box_w = 15, .box_h = 19, .ofs_x = 1, .ofs_y = 0},
    {.bitmap_index = 17624, .adv_w = 177, .box_w = 11, .box_h = 13, .ofs_x = 1, .ofs_y = 0},
    {.bitmap_index = 17642, .adv_w = 387, .box_w = 24, .box_h = 25, .ofs_x = 0, .ofs_y = -6},
    {.bitmap_index = 17717, .adv_w = 298, .box_w = 18, .box_h = 17, .ofs_x = 0, .ofs_y = -4},
    {.bitmap_index = 17756, .adv_w = 288, .box_w = 18, .box_h = 24, .ofs_x = 0, .ofs_y = -5},
    {.bitmap_index = 17810, .adv_w = 210, .box_w = 13, .box_h = 16, .ofs_x = 0, .ofs_y = -3},
    {.bitmap_index = 17836, .adv_w = 288, .box_w = 18, .box_h = 19, .ofs_x = 0, .ofs_y = 0},
    {.bitmap_index = 17879, .adv_w = 210, .box_w = 13, .box_h = 13, .ofs_x = 0, .ofs_y = 0},
    {.bitmap_index = 17901, .adv_w = 312, .box_w = 19, .box_h = 24, .ofs_x = 0, .ofs_y = -5},
    {.bitmap_index = 17958, .adv_w = 231, .box_w = 14, .box_h = 16, .ofs_x = 0, .ofs_y = -3},
    {.bitmap_index = 17986, .adv_w = 312, .box_w = 19, .box_h = 19, .ofs_x = 0, .ofs_y = 0},
    {.bitmap_index = 18032, .adv_w = 216, .box_w = 14, .box_h = 19, .ofs_x = 0, .ofs_y = -6},
    {.bitmap_index = 18066, .adv_w = 312, .box_w = 19, .box_h = 19, .ofs_x = 0, .ofs_y = 0},
    {.bitmap_index = 18112, .adv_w = 216, .box_w = 13, .box_h = 19, .ofs_x = 1, .ofs_y = -6},
    {.bitmap_index = 18143, .adv_w = 312, .box_w = 20, .box_h = 24, .ofs_x = 0, .ofs_y = -5},
    {.bitmap_index = 18203, .adv_w = 216, .box_w = 13, .box_h = 16, .ofs_x = 1, .ofs_y = -3},
    {.bitmap_index = 18229, .adv_w = 281, .box_w = 18, .box_h = 19, .ofs_x = -1, .ofs_y = 0},
    {.bitmap_index = 18272, .adv_w = 217, .box_w = 13, .box_h = 13, .ofs_x = 0, .ofs_y = 0},
    {.bitmap_index = 18294, .adv_w = 281, .box_w = 18, .box_h = 19, .ofs_x = 0, .ofs_y = 0},
    {.bitmap_index = 18337, .adv_w = 217, .box_w = 13, .box_h = 13, .ofs_x = 1, .ofs_y = 0},
    {.bitmap_index = 18359, .adv_w = 312, .box_w = 18, .box_h = 19, .ofs_x = 1, .ofs_y = 0},
    {.bitmap_index = 18402, .adv_w = 192, .box_w = 10, .box_h = 13, .ofs_x = 1, .ofs_y = 0},
    {.bitmap_index = 18419, .adv_w = 312, .box_w = 17, .box_h = 19, .ofs_x = 1, .ofs_y = 0},
    {.bitmap_index = 18460, .adv_w = 216, .box_w = 11, .box_h = 13, .ofs_x = 1, .ofs_y = 0}
};

/*---------------------
 *  CHARACTER MAPPING
 *--------------------*/

static const uint16_t unicode_list_2[] = {
    0x0, 0x3, 0x11, 0x12, 0x20, 0x21, 0x3e, 0x3f,
    0x40, 0x41, 0x42, 0x43, 0x44, 0x45, 0x46, 0x47,
    0x48, 0x49, 0x4a, 0x4b, 0x4c, 0x4d, 0x6b, 0x6c,
    0x6d, 0x6e, 0x6f, 0x70, 0xca, 0x137, 0x138, 0x13a,
    0x149, 0x14a, 0x14b, 0x14c, 0x14d, 0x14e, 0x171, 0x172,
    0x174, 0x17a, 0x194, 0x1ef, 0x1f5, 0x1f6, 0x1f7, 0x1f8,
    0x1f9, 0x1fa, 0x1fb, 0x1fd
};

static const uint16_t unicode_list_8[] = {
    0x0, 0x1, 0x32, 0x33, 0x34, 0x35, 0x38, 0x39,
    0x3c, 0x3d, 0x3e, 0x3f, 0x44, 0x45, 0x50, 0x51,
    0x52, 0x53, 0x54, 0x55, 0x5a, 0x5b, 0x5c, 0x5d,
    0x7a, 0x7b, 0x8a, 0x8b
};

/*Collect the unicode lists and glyph_id offsets*/
static const lv_font_fmt_txt_cmap_t cmaps[] =
{
    {
        .range_start = 32, .range_length = 95, .glyph_id_start = 1,
        .unicode_list = NULL, .glyph_id_ofs_list = NULL, .list_length = 0, .type = LV_FONT_FMT_TXT_CMAP_FORMAT0_TINY
    },
    {
        .range_start = 160, .range_length = 224, .glyph_id_start = 96,
        .unicode_list = NULL, .glyph_id_ofs_list = NULL, .list_length = 0, .type = LV_FONT_FMT_TXT_CMAP_FORMAT0_TINY
    },
    {
        .range_start = 399, .range_length = 510, .glyph_id_start = 320,
        .unicode_list = unicode_list_2, .glyph_id_ofs_list = NULL, .list_length = 52, .type = LV_FONT_FMT_TXT_CMAP_SPARSE_TINY
    },
    {
        .range_start = 910, .range_length = 20, .glyph_id_start = 372,
        .unicode_list = NULL, .glyph_id_ofs_list = NULL, .list_length = 0, .type = LV_FONT_FMT_TXT_CMAP_FORMAT0_TINY
    },
    {
        .range_start = 931, .range_length = 44, .glyph_id_start = 392,
        .unicode_list = NULL, .glyph_id_ofs_list = NULL, .list_length = 0, .type = LV_FONT_FMT_TXT_CMAP_FORMAT0_TINY
    },
    {
        .range_start = 1025, .range_length = 12, .glyph_id_start = 436,
        .unicode_list = NULL, .glyph_id_ofs_list = NULL, .list_length = 0, .type = LV_FONT_FMT_TXT_CMAP_FORMAT0_TINY
    },
    {
        .range_start = 1038, .range_length = 66, .glyph_id_start = 448,
        .unicode_list = NULL, .glyph_id_ofs_list = NULL, .list_length = 0, .type = LV_FONT_FMT_TXT_CMAP_FORMAT0_TINY
    },
    {
        .range_start = 1105, .range_length = 12, .glyph_id_start = 514,
        .unicode_list = NULL, .glyph_id_ofs_list = NULL, .list_length = 0, .type = LV_FONT_FMT_TXT_CMAP_FORMAT0_TINY
    },
    {
        .range_start = 1118, .range_length = 140, .glyph_id_start = 526,
        .unicode_list = unicode_list_8, .glyph_id_ofs_list = NULL, .list_length = 28, .type = LV_FONT_FMT_TXT_CMAP_SPARSE_TINY
    }
};

/*-----------------
 *    KERNING
 *----------------*/


/*Pair left and right glyphs for kerning*/
static const uint16_t kern_pair_glyph_ids[] =
{
    1, 34,
    1, 53,
    1, 55,
    1, 56,
    1, 58,
    1, 366,
    1, 375,
    1, 378,
    1, 385,
    1, 393,
    1, 394,
    1, 400,
    18, 18,
    34, 1,
    34, 53,
    34, 55,
    34, 56,
    34, 58,
    34, 87,
    34, 88,
    34, 90,
    34, 96,
    39, 13,
    39, 15,
    39, 34,
    45, 1,
    45, 53,
    45, 55,
    45, 56,
    45, 58,
    45, 90,
    45, 96,
    49, 1,
    49, 13,
    49, 15,
    49, 34,
    49, 96,
    51, 53,
    51, 55,
    51, 56,
    51, 58,
    51, 90,
    53, 1,
    53, 13,
    53, 14,
    53, 15,
    53, 27,
    53, 28,
    53, 34,
    53, 48,
    53, 66,
    53, 68,
    53, 70,
    53, 74,
    53, 80,
    53, 83,
    53, 84,
    53, 86,
    53, 88,
    53, 90,
    53, 96,
    53, 109,
    53, 363,
    55, 1,
    55, 13,
    55, 14,
    55, 15,
    55, 27,
    55, 28,
    55, 34,
    55, 66,
    55, 70,
    55, 74,
    55, 80,
    55, 83,
    55, 86,
    55, 90,
    55, 96,
    55, 109,
    55, 363,
    56, 1,
    56, 13,
    56, 14,
    56, 15,
    56, 27,
    56, 28,
    56, 34,
    56, 66,
    56, 70,
    56, 74,
    56, 80,
    56, 83,
    56, 86,
    56, 90,
    56, 96,
    56, 109,
    56, 363,
    58, 1,
    58, 13,
    58, 14,
    58, 15,
    58, 27,
    58, 28,
    58, 34,
    58, 66,
    58, 70,
    58, 74,
    58, 80,
    58, 81,
    58, 82,
    58, 86,
    58, 87,
    58, 96,
    58, 109,
    58, 363,
    71, 71,
    83, 13,
    83, 14,
    83, 15,
    83, 72,
    83, 109,
    87, 13,
    87, 15,
    88, 13,
    88, 15,
    90, 13,
    90, 15,
    96, 34,
    96, 53,
    96, 55,
    96, 56,
    96, 58,
    96, 366,
    96, 375,
    96, 378,
    96, 385,
    96, 393,
    96, 394,
    96, 400,
    366, 1,
    366, 96,
    366, 382,
    366, 389,
    366, 393,
    366, 394,
    366, 395,
    366, 400,
    366, 408,
    366, 418,
    366, 428,
    371, 375,
    371, 378,
    371, 385,
    371, 394,
    371, 400,
    372, 375,
    372, 378,
    372, 382,
    372, 385,
    372, 389,
    372, 395,
    372, 398,
    372, 401,
    372, 403,
    372, 404,
    372, 406,
    372, 409,
    372, 412,
    372, 414,
    372, 415,
    372, 417,
    372, 420,
    372, 424,
    372, 427,
    372, 431,
    372, 433,
    373, 394,
    375, 1,
    375, 96,
    375, 382,
    375, 389,
    375, 393,
    375, 394,
    375, 395,
    375, 400,
    375, 408,
    375, 418,
    375, 428,
    377, 13,
    377, 15,
    377, 374,
    377, 375,
    377, 378,
    377, 385,
    377, 414,
    378, 1,
    378, 96,
    378, 389,
    378, 393,
    378, 394,
    378, 400,
    382, 375,
    382, 378,
    382, 385,
    382, 394,
    382, 400,
    384, 382,
    384, 389,
    384, 393,
    384, 395,
    384, 401,
    384, 406,
    384, 409,
    384, 411,
    384, 413,
    384, 419,
    384, 424,
    384, 427,
    384, 430,
    384, 435,
    385, 1,
    385, 96,
    385, 382,
    385, 389,
    385, 393,
    385, 394,
    385, 400,
    389, 375,
    389, 378,
    389, 385,
    389, 394,
    389, 400,
    391, 13,
    391, 15,
    391, 375,
    391, 378,
    391, 385,
    392, 425,
    393, 1,
    393, 13,
    393, 14,
    393, 15,
    393, 27,
    393, 28,
    393, 96,
    393, 109,
    393, 363,
    393, 374,
    393, 375,
    393, 378,
    393, 382,
    393, 385,
    393, 389,
    393, 395,
    393, 398,
    393, 401,
    393, 402,
    393, 406,
    393, 408,
    393, 409,
    393, 410,
    393, 412,
    393, 414,
    393, 417,
    393, 418,
    393, 420,
    393, 424,
    393, 427,
    393, 428,
    393, 429,
    393, 432,
    393, 433,
    393, 434,
    394, 1,
    394, 13,
    394, 14,
    394, 15,
    394, 27,
    394, 28,
    394, 96,
    394, 109,
    394, 363,
    394, 375,
    394, 378,
    394, 382,
    394, 385,
    394, 389,
    394, 395,
    394, 398,
    394, 401,
    394, 403,
    394, 404,
    394, 406,
    394, 408,
    394, 409,
    394, 412,
    394, 414,
    394, 415,
    394, 417,
    394, 420,
    394, 424,
    394, 427,
    394, 431,
    394, 433,
    395, 375,
    395, 394,
    395, 400,
    396, 430,
    396, 435,
    397, 401,
    397, 406,
    397, 409,
    397, 413,
    397, 420,
    397, 424,
    397, 427,
    397, 430,
    397, 433,
    397, 435,
    398, 394,
    398, 400,
    400, 1,
    400, 96,
    400, 375,
    400, 378,
    400, 382,
    400, 385,
    400, 389,
    400, 395,
    400, 398,
    400, 401,
    400, 403,
    400, 404,
    400, 406,
    400, 409,
    400, 412,
    400, 414,
    400, 415,
    400, 417,
    400, 420,
    400, 424,
    400, 427,
    400, 431,
    400, 433,
    408, 410,
    411, 401,
    411, 403,
    411, 406,
    411, 408,
    411, 409,
    411, 412,
    411, 413,
    411, 414,
    411, 415,
    411, 418,
    411, 420,
    411, 424,
    411, 425,
    411, 427,
    411, 430,
    411, 433,
    411, 435,
    415, 401,
    415, 406,
    415, 409,
    415, 419,
    415, 420,
    415, 423,
    415, 424,
    415, 427,
    415, 430,
    415, 433,
    415, 435,
    416, 403,
    416, 405,
    416, 412,
    416, 414,
    416, 415,
    416, 418,
    416, 426,
    416, 432,
    416, 434,
    419, 401,
    419, 406,
    419, 409,
    419, 411,
    419, 419,
    419, 420,
    419, 423,
    419, 424,
    419, 427,
    419, 433,
    428, 401,
    428, 406,
    428, 409,
    428, 420,
    428, 423,
    428, 424,
    428, 427,
    428, 430,
    428, 433,
    428, 435,
    438, 13,
    438, 15,
    438, 107,
    438, 123,
    450, 457,
    450, 464,
    450, 467,
    450, 468,
    450, 469,
    450, 470,
    450, 473,
    450, 479,
    450, 482,
    450, 483,
    450, 487,
    450, 496,
    450, 499,
    450, 500,
    450, 501,
    450, 502,
    451, 450,
    451, 454,
    451, 456,
    451, 461,
    451, 464,
    451, 467,
    451, 468,
    451, 469,
    451, 470,
    451, 471,
    451, 473,
    451, 476,
    451, 481,
    451, 486,
    451, 493,
    451, 501,
    452, 450,
    452, 454,
    452, 456,
    452, 461,
    452, 468,
    452, 469,
    452, 471,
    452, 473,
    452, 476,
    452, 481,
    452, 486,
    452, 501,
    452, 503,
    452, 505,
    453, 13,
    453, 15,
    453, 107,
    453, 123,
    453, 450,
    453, 454,
    453, 457,
    453, 461,
    453, 462,
    453, 464,
    453, 467,
    453, 481,
    453, 482,
    453, 484,
    453, 486,
    453, 487,
    453, 490,
    453, 493,
    453, 494,
    453, 495,
    453, 496,
    453, 498,
    453, 501,
    453, 509,
    453, 510,
    453, 512,
    453, 513,
    454, 457,
    454, 469,
    454, 479,
    454, 487,
    454, 489,
    455, 457,
    455, 461,
    456, 457,
    456, 464,
    456, 467,
    456, 468,
    456, 469,
    456, 476,
    456, 482,
    456, 483,
    456, 487,
    456, 496,
    456, 501,
    457, 454,
    457, 456,
    457, 461,
    457, 469,
    457, 473,
    457, 481,
    457, 486,
    457, 493,
    460, 464,
    460, 467,
    460, 469,
    460, 470,
    460, 473,
    460, 479,
    460, 482,
    460, 487,
    460, 489,
    460, 496,
    460, 499,
    460, 500,
    460, 501,
    460, 511,
    461, 470,
    461, 483,
    461, 487,
    461, 496,
    461, 501,
    462, 470,
    462, 487,
    462, 496,
    462, 501,
    462, 505,
    464, 450,
    464, 454,
    464, 456,
    464, 461,
    464, 467,
    464, 469,
    464, 470,
    464, 471,
    464, 473,
    464, 481,
    464, 486,
    466, 13,
    466, 15,
    466, 27,
    466, 28,
    466, 123,
    466, 363,
    466, 450,
    466, 454,
    466, 456,
    466, 457,
    466, 461,
    466, 464,
    466, 467,
    466, 468,
    466, 469,
    466, 470,
    466, 471,
    466, 481,
    466, 486,
    466, 487,
    466, 496,
    466, 511,
    466, 513,
    467, 450,
    467, 454,
    467, 461,
    467, 469,
    467, 471,
    467, 473,
    467, 476,
    467, 483,
    467, 487,
    467, 499,
    467, 500,
    467, 501,
    467, 505,
    467, 511,
    468, 13,
    468, 15,
    468, 107,
    468, 123,
    468, 450,
    468, 454,
    468, 461,
    468, 462,
    468, 464,
    468, 470,
    468, 481,
    468, 482,
    468, 484,
    468, 487,
    468, 490,
    468, 492,
    468, 493,
    468, 494,
    468, 496,
    468, 497,
    468, 498,
    468, 499,
    468, 501,
    468, 503,
    468, 507,
    468, 509,
    468, 510,
    468, 512,
    468, 513,
    469, 13,
    469, 15,
    469, 27,
    469, 28,
    469, 107,
    469, 123,
    469, 363,
    469, 450,
    469, 454,
    469, 457,
    469, 461,
    469, 464,
    469, 470,
    469, 479,
    469, 481,
    469, 483,
    469, 484,
    469, 485,
    469, 486,
    469, 487,
    469, 488,
    469, 489,
    469, 490,
    469, 491,
    469, 492,
    469, 493,
    469, 494,
    469, 495,
    469, 496,
    469, 497,
    469, 498,
    469, 499,
    469, 503,
    469, 504,
    469, 506,
    469, 507,
    469, 512,
    469, 513,
    470, 450,
    470, 454,
    470, 461,
    470, 464,
    470, 468,
    470, 469,
    470, 473,
    470, 481,
    470, 493,
    471, 457,
    471, 464,
    471, 467,
    471, 470,
    471, 479,
    471, 496,
    471, 501,
    472, 464,
    472, 496,
    475, 501,
    476, 481,
    478, 450,
    478, 454,
    478, 456,
    478, 457,
    478, 461,
    478, 462,
    478, 464,
    478, 467,
    478, 468,
    478, 471,
    478, 473,
    478, 479,
    478, 481,
    479, 454,
    479, 456,
    479, 457,
    479, 461,
    479, 464,
    479, 470,
    479, 471,
    479, 481,
    479, 486,
    479, 493,
    480, 450,
    480, 454,
    480, 456,
    480, 461,
    480, 464,
    480, 468,
    480, 471,
    480, 473,
    480, 486,
    480, 488,
    480, 493,
    482, 493,
    482, 497,
    482, 500,
    482, 501,
    482, 505,
    483, 486,
    483, 487,
    483, 488,
    483, 493,
    483, 494,
    483, 501,
    483, 503,
    483, 505,
    483, 508,
    483, 513,
    484, 482,
    484, 483,
    484, 486,
    484, 487,
    484, 488,
    484, 493,
    484, 494,
    484, 496,
    484, 499,
    484, 500,
    484, 501,
    484, 502,
    484, 505,
    484, 508,
    484, 513,
    485, 13,
    485, 15,
    485, 486,
    485, 487,
    485, 493,
    485, 494,
    485, 496,
    485, 513,
    486, 489,
    486, 511,
    487, 70,
    487, 482,
    487, 486,
    487, 489,
    487, 499,
    487, 501,
    487, 502,
    487, 503,
    487, 505,
    488, 483,
    488, 487,
    488, 489,
    488, 496,
    488, 499,
    488, 505,
    488, 508,
    489, 486,
    489, 488,
    489, 489,
    489, 494,
    489, 496,
    489, 501,
    489, 502,
    489, 505,
    489, 508,
    492, 107,
    492, 482,
    492, 483,
    492, 487,
    492, 489,
    492, 496,
    492, 499,
    492, 500,
    492, 501,
    492, 502,
    492, 505,
    492, 511,
    494, 482,
    494, 511,
    496, 486,
    496, 487,
    496, 488,
    496, 493,
    496, 494,
    496, 499,
    496, 500,
    496, 501,
    496, 503,
    496, 505,
    496, 511,
    496, 513,
    498, 486,
    498, 489,
    498, 493,
    498, 494,
    498, 500,
    498, 501,
    498, 505,
    498, 511,
    499, 482,
    499, 483,
    499, 487,
    499, 489,
    499, 501,
    499, 502,
    499, 503,
    499, 505,
    499, 511,
    500, 13,
    500, 15,
    500, 482,
    500, 486,
    500, 488,
    500, 489,
    500, 493,
    500, 496,
    500, 498,
    500, 499,
    500, 501,
    500, 511,
    500, 513,
    501, 13,
    501, 15,
    501, 27,
    501, 28,
    501, 123,
    501, 363,
    501, 482,
    501, 483,
    501, 486,
    501, 487,
    501, 488,
    501, 493,
    501, 494,
    501, 496,
    501, 502,
    501, 513,
    502, 486,
    502, 493,
    502, 501,
    502, 502,
    502, 505,
    502, 513,
    503, 482,
    503, 483,
    503, 487,
    503, 489,
    503, 496,
    503, 499,
    503, 500,
    503, 501,
    503, 502,
    503, 505,
    503, 508,
    503, 511,
    504, 489,
    510, 500,
    510, 505,
    511, 486,
    511, 488,
    511, 493,
    511, 494,
    511, 502,
    511, 503,
    511, 513,
    512, 486,
    512, 488,
    512, 493,
    512, 494,
    512, 500,
    512, 502,
    512, 503,
    512, 505,
    526, 13,
    526, 15,
    526, 123,
    528, 13,
    528, 15,
    528, 27,
    528, 28,
    528, 107,
    528, 123,
    528, 363
};

/* Kerning between the respective left and right glyphs
 * 4.4 format which needs to scaled with `kern_scale`*/
static const int8_t kern_pair_values[] =
{
    -24, -8, -8, -8, -16, -24, -24, -24,
    -24, -8, -16, -16, -16, -24, -48, -56,
    -35, -40, -32, -40, -40, -24, -35, -35,
    -32, -16, -40, -40, -32, -43, -24, -16,
    -16, -48, -48, -40, -16, -26, -35, -24,
    -24, -17, -8, -32, -40, -32, -22, -24,
    -35, -8, -30, -30, -30, -15, -30, -15,
    -30, -15, -30, -30, -8, -40, -24, -8,
    -56, -40, -56, -32, -32, -56, -48, -48,
    -26, -56, -26, -26, -48, -8, -40, -32,
    -8, -40, -24, -40, -16, -16, -48, -35,
    -35, -17, -35, -17, -17, -26, -8, -24,
    -16, -16, -56, -48, -56, -40, -40, -48,
    -43, -43, -24, -43, -40, -48, -48, -43,
    -16, -48, -40, -8, -17, -9, -24, -8,
    -9, -28, -28, -28, -28, -28, -28, -24,
    -8, -8, -8, -16, -24, -24, -24, -24,
    -8, -16, -16, -24, -24, -18, -18, -47,
    -66, -18, -66, -30, -32, -30, -21, -11,
    -21, -22, -22, -71, -54, -38, -71, -38,
    -49, -38, -43, -24, -24, -43, -36, -24,
    -24, -34, -34, -43, -48, -43, -24, -43,
    -22, -24, -24, -18, -18, -47, -66, -18,
    -66, -30, -32, -30, -52, -52, 16, -67,
    -51, -67, -15, -24, -24, -8, -30, -40,
    -40, -21, -11, -21, -22, -22, -30, -30,
    -19, -30, -16, -16, -16, -16, -16, -16,
    -16, -16, -16, -16, -11, -11, -18, -18,
    -47, -66, -66, -21, -11, -21, -22, -22,
    -47, -47, -39, -34, -39, -8, -8, -32,
    -39, -32, -21, -21, -8, -39, -21, 16,
    -35, -36, -8, -47, -8, -8, -8, -30,
    -30, -30, -22, -30, -30, -16, -15, -16,
    -15, -30, -30, -30, -15, -16, -16, -30,
    -16, -16, -55, -47, -54, -39, -39, -16,
    -47, -39, -71, -54, -38, -71, -38, -49,
    -38, -43, -24, -24, -43, -44, -36, -24,
    -24, -34, -34, -43, -48, -43, -24, -43,
    -21, -32, -32, -14, -14, -28, -28, -28,
    -8, -28, -28, -28, -28, -28, -28, -22,
    -22, -16, -16, -71, -54, -38, -71, -38,
    -38, -38, -43, -24, -24, -43, -36, -24,
    -24, -34, -34, -43, -48, -43, -24, -43,
    -7, -16, -17, -16, -16, -16, -17, -16,
    -26, -12, -16, -16, -16, -32, -16, -16,
    -16, -16, -4, -4, -9, -9, -9, -9,
    -9, -4, -4, -9, -4, -4, -8, -4,
    -5, -4, -8, -8, -8, -8, -16, -16,
    -16, -16, -16, -16, -16, -16, -16, -16,
    -9, -9, -9, -9, -9, -9, -9, -9,
    -9, -9, -60, -60, -27, -11, -11, -22,
    -22, -38, -38, -27, -66, -11, -6, -22,
    -11, -22, -11, -22, -22, -16, -6, -16,
    -11, -11, -3, -3, -6, -15, -7, -11,
    -22, -16, -14, -11, -6, -11, -27, -16,
    -11, -16, -6, -35, -11, -22, -23, -22,
    -11, -6, -6, -11, -49, -49, -27, -11,
    -47, -38, 11, -32, -6, -11, -6, -32,
    -11, -16, -32, -33, -16, -32, -16, -16,
    -38, -27, -16, -27, -27, -22, -32, 11,
    5, 11, 5, 11, 5, -6, -11, -11,
    -11, -7, -6, -4, -11, -22, -22, -22,
    -21, -26, -6, -19, -11, -16, -16, -11,
    -6, -11, -11, -9, -19, -6, 5, -6,
    -16, -6, -22, -11, -16, -32, -6, -6,
    -6, -3, -11, -11, -6, -6, -11, -11,
    -16, -22, -22, -11, -22, 5, -24, 5,
    -34, -11, -31, -6, -54, -54, 16, 16,
    11, 16, -55, -32, -15, 5, -32, 5,
    5, 5, -11, -7, -31, -27, -16, -6,
    -11, 11, -16, -22, -22, -11, -6, -11,
    -11, -6, 5, 5, 5, -6, -11, -6,
    5, -43, -43, -22, -11, -22, -27, -22,
    -6, -6, -9, -16, -11, -22, -16, -11,
    -11, -22, -11, -32, -16, -16, -16, -22,
    -22, -16, -22, -27, -22, -16, -70, -70,
    -16, -16, -38, -27, -16, -82, -44, -6,
    -49, -22, -32, -6, -49, -27, -49, -38,
    -61, -52, -38, -38, -38, -22, -38, -49,
    -38, -38, -49, -38, -38, -52, -43, -38,
    -38, -38, -38, -49, -27, -38, -32, 5,
    -11, -33, -27, -38, -22, -11, -22, -16,
    -38, -6, -27, -38, -6, -6, 5, -26,
    -19, -32, -27, -16, -17, -17, -11, -11,
    -32, -31, -48, -6, -23, -36, -11, 5,
    -27, 5, 2, -22, -23, -11, -6, -16,
    -32, -30, -22, 5, -11, -39, -16, -11,
    5, -6, 4, -6, -11, -22, -17, -11,
    -6, -11, -11, -4, -16, -16, -16, -11,
    -11, -6, -6, -11, -3, -12, -6, -7,
    -3, -3, -11, -15, -6, -16, -11, -6,
    -49, -49, -22, -6, -22, -6, -11, -11,
    5, 11, 5, 5, -6, 5, 11, -11,
    5, -6, -11, -6, -6, 5, -11, -8,
    -11, -6, -8, -8, 5, -6, -3, -9,
    -3, -9, -7, -11, -7, -11, -11, -6,
    -22, -11, -6, -6, -11, -17, -6, -3,
    5, -12, 5, -11, -6, -8, 11, -6,
    -16, -11, -11, 5, -8, -6, 5, -6,
    -7, -6, -6, -11, 11, 5, 5, 5,
    11, -6, 5, -6, -9, 5, -32, -32,
    5, -6, 5, 5, -11, -6, 5, 5,
    -6, 11, -6, -43, -43, -6, -6, 11,
    -6, -6, -6, -27, -6, -6, -19, -6,
    -11, -11, -11, -11, -11, -11, -3, -12,
    -6, -6, -16, -11, -6, -16, -12, -11,
    -16, -16, -22, -16, -6, 5, -16, -33,
    -22, -16, -8, -4, -3, -17, -6, -22,
    -11, -11, -6, -6, -3, -17, -16, -43,
    -43, 5, -43, -43, -11, -11, -38, -16,
    -11
};

/*Collect the kern pair's data in one place*/
static const lv_font_fmt_txt_kern_pair_t kern_pairs =
{
    .glyph_ids = kern_pair_glyph_ids,
    .values = kern_pair_values,
    .pair_cnt = 881,
    .glyph_ids_size = 1
};

/*--------------------
 *  ALL CUSTOM DATA
 *--------------------*/

static lv_font_fmt_txt_dsc_t font_dsc = {
    .glyph_bitmap = glyph_bitmap,
    .glyph_dsc = glyph_dsc,
    .cmaps = cmaps,
    .kern_dsc = &kern_pairs,
    .kern_scale = 16,
    .cmap_num = 9,
    .bpp = 1,
    .kern_classes = 0,
    .bitmap_format = 0,
};

/*-----------------
 *  PUBLIC FONT
 *----------------*/

/*Initialize a public general font descriptor*/
lv_font_t TimesNewRoman_27 = {
    .name = "TimesNewRoman_27",
    .line_height = 35,          /*The maximum line height required by the font*/
    .base_line = 6,             /*Baseline measured from the bottom of the line*/
    .dsc = &font_dsc,          /*The custom font data. Will be accessed by `get_glyph_bitmap/dsc` */
};

REGISTER_FONT(TimesNewRoman_27);

#endif /*#if TIMESNEWROMAN_27*/
