/*******************************************************************************
 * Size: 32 px
 * Bpp: 1
 * Opts: --bpp 1 --size 32 --no-compress --stride 1 --align 1 --font FreeSerifItalic.ttf --range 32-1327 --format lvgl -o FreeSerifItalic_32.c
 ******************************************************************************/

#include "../fontsdef.h"

 // Range:  0x20-0x52F
 // 0x20 -0x7E  Basic Latin
 // 0xA0 -0xFF  Latin Supplement
 // 0x100-0x17F Latin Extended A
 // 0x38E-0x3CE Greek
 // 0x400-0x45D Cyrillic

#if TFT_FONT == 2 // FREE SERIF ITALIC

/*-----------------
 *    BITMAPS
 *----------------*/

/*Store the image of the glyphs*/
static LV_ATTRIBUTE_LARGE_CONST const uint8_t glyph_bitmap[] = {
    /* U+0020 " " */
    0x0,

    /* U+0021 "!" */
    0x3, 0x1, 0xc1, 0xe0, 0xe0, 0x70, 0x30, 0x18,
    0x1c, 0xc, 0x6, 0x2, 0x1, 0x1, 0x80, 0x80,
    0x40, 0x0, 0x0, 0x0, 0x18, 0x1e, 0x6, 0x0,

    /* U+0022 "\"" */
    0x31, 0xb8, 0xd8, 0xec, 0x7c, 0x36, 0x1b, 0x9,
    0x4,

    /* U+0023 "#" */
    0x0, 0x41, 0x80, 0x61, 0x80, 0x30, 0xc0, 0x30,
    0x40, 0x18, 0x60, 0xc, 0x30, 0xc, 0x30, 0x3f,
    0xff, 0x6, 0x18, 0x3, 0xc, 0x1, 0x86, 0x1,
    0x86, 0x0, 0xc3, 0x7, 0xff, 0xf0, 0x61, 0x80,
    0x30, 0xc0, 0x30, 0xc0, 0x18, 0x60, 0x18, 0x30,
    0xc, 0x30, 0x6, 0x18, 0x0,

    /* U+0024 "$" */
    0x0, 0x20, 0x0, 0x40, 0xf, 0xc0, 0x31, 0xe0,
    0xc6, 0x63, 0x88, 0xc6, 0x11, 0xe, 0x20, 0x1c,
    0xc0, 0x1d, 0x0, 0x1e, 0x0, 0x1e, 0x0, 0x1e,
    0x0, 0x3e, 0x0, 0x5e, 0x0, 0x9c, 0x3, 0x1c,
    0x4, 0x39, 0x8, 0x66, 0x10, 0xcc, 0x63, 0x8c,
    0x8e, 0x7, 0xf0, 0x2, 0x0, 0xc, 0x0, 0x10,
    0x0,

    /* U+0025 "%" */
    0xf, 0x81, 0xc0, 0xe3, 0xfe, 0x7, 0x4, 0x30,
    0x18, 0x10, 0xc0, 0xe0, 0x46, 0x3, 0x2, 0x18,
    0xc, 0x8, 0xc0, 0x30, 0x22, 0x0, 0xc1, 0x18,
    0x3, 0x8, 0xc1, 0xe7, 0xc3, 0x1c, 0x40, 0x18,
    0xe1, 0x0, 0x67, 0x4, 0x3, 0x18, 0x10, 0x8,
    0xe0, 0x40, 0x63, 0x81, 0x1, 0xe, 0x8, 0xc,
    0x30, 0x20, 0x60, 0xc1, 0x1, 0x1, 0x88, 0xc,
    0x3, 0xc0,

    /* U+0026 "&" */
    0x0, 0x1e, 0x0, 0x1, 0x98, 0x0, 0x18, 0x60,
    0x0, 0xc7, 0x0, 0x6, 0x30, 0x0, 0x71, 0x80,
    0x3, 0x98, 0x0, 0x1f, 0x0, 0x0, 0x60, 0x0,
    0x7, 0x0, 0x1, 0xfc, 0x7e, 0x1c, 0xe1, 0xc3,
    0x87, 0xc, 0x38, 0x1c, 0x61, 0xc0, 0xe2, 0xe,
    0x7, 0xa0, 0xe0, 0x1e, 0x3, 0x80, 0xf0, 0x1c,
    0x3, 0x80, 0xf0, 0x3e, 0x3, 0xfe, 0x3f, 0x81,
    0x0, 0x40,

    /* U+0027 "'" */
    0x37, 0x66, 0x4c, 0xc8,

    /* U+0028 "(" */
    0x0, 0x80, 0x80, 0x80, 0x80, 0xc0, 0xc0, 0x60,
    0x70, 0x30, 0x38, 0x1c, 0xc, 0x6, 0x7, 0x3,
    0x81, 0xc0, 0xe0, 0x70, 0x18, 0xc, 0x6, 0x3,
    0x0, 0x80, 0x40, 0x20, 0x8, 0x4, 0x0,

    /* U+0029 ")" */
    0x8, 0x4, 0x4, 0x2, 0x2, 0x3, 0x3, 0x3,
    0x3, 0x3, 0x3, 0x3, 0x3, 0x3, 0x7, 0x7,
    0x6, 0x6, 0xe, 0xc, 0x1c, 0x18, 0x30, 0x20,
    0x40, 0x80, 0x0,

    /* U+002A "*" */
    0x6, 0x0, 0x60, 0x6, 0xe, 0x47, 0xf4, 0xf1,
    0xd8, 0x6, 0x1, 0xd8, 0xf4, 0xfe, 0x47, 0x6,
    0x0, 0x60, 0x6, 0x0,

    /* U+002B "+" */
    0x1, 0x80, 0x1, 0x80, 0x1, 0x80, 0x1, 0x80,
    0x1, 0x80, 0x1, 0x80, 0x1, 0x80, 0xff, 0xff,
    0xff, 0xff, 0x1, 0x80, 0x1, 0x80, 0x1, 0x80,
    0x1, 0x80, 0x1, 0x80, 0x1, 0x80, 0x1, 0x80,

    /* U+002C "," */
    0x77, 0x73, 0x36, 0x80,

    /* U+002D "-" */
    0xff, 0xfc,

    /* U+002E "." */
    0xff, 0x80,

    /* U+002F "/" */
    0x0, 0xc, 0x0, 0x60, 0x1, 0x80, 0xc, 0x0,
    0x70, 0x1, 0x80, 0xe, 0x0, 0x30, 0x1, 0x80,
    0x6, 0x0, 0x30, 0x1, 0xc0, 0x6, 0x0, 0x38,
    0x0, 0xc0, 0x7, 0x0, 0x18, 0x0, 0xc0, 0x3,
    0x0, 0x18, 0x0, 0xe0, 0x3, 0x0, 0x0,

    /* U+0030 "0" */
    0x0, 0xf0, 0x6, 0x30, 0x18, 0x30, 0x60, 0x61,
    0x80, 0xe7, 0x1, 0xce, 0x3, 0xb8, 0x7, 0x70,
    0xe, 0xe0, 0x1f, 0x80, 0x3f, 0x0, 0xee, 0x1,
    0xdc, 0x3, 0xb8, 0xe, 0x70, 0x1c, 0xe0, 0x30,
    0xc0, 0xc1, 0x83, 0x1, 0x8c, 0x1, 0xf0, 0x0,

    /* U+0031 "1" */
    0x0, 0x20, 0xfc, 0x3, 0x80, 0x60, 0x1c, 0x3,
    0x80, 0x60, 0xc, 0x3, 0x80, 0x70, 0xc, 0x3,
    0x80, 0x70, 0xe, 0x1, 0x80, 0x70, 0xe, 0x1,
    0x80, 0x70, 0xe, 0x3, 0xc1, 0xff, 0x0,

    /* U+0032 "2" */
    0x1, 0xf0, 0x1f, 0xe0, 0xc3, 0xc4, 0x7, 0x10,
    0x1c, 0x0, 0x30, 0x0, 0xc0, 0x7, 0x0, 0x1c,
    0x0, 0xe0, 0x3, 0x0, 0x18, 0x0, 0xc0, 0x6,
    0x0, 0x30, 0x1, 0x80, 0xc, 0x0, 0x60, 0x3,
    0x0, 0x9f, 0xfc, 0xff, 0xf0,

    /* U+0033 "3" */
    0x0, 0xf8, 0x6, 0x38, 0x10, 0x38, 0x0, 0x70,
    0x0, 0xe0, 0x1, 0xc0, 0x7, 0x0, 0x18, 0x1,
    0xc0, 0x1f, 0xe0, 0x1, 0xc0, 0x1, 0xc0, 0x3,
    0x80, 0x7, 0x0, 0xe, 0x0, 0x1c, 0x0, 0x30,
    0x0, 0x61, 0x81, 0x83, 0xc6, 0x7, 0xf0, 0x0,

    /* U+0034 "4" */
    0x0, 0x6, 0x0, 0x1c, 0x0, 0x78, 0x1, 0xe0,
    0x6, 0xc0, 0x1b, 0x80, 0x66, 0x1, 0x8c, 0x6,
    0x38, 0x18, 0x70, 0x60, 0xc1, 0x83, 0x86, 0x7,
    0x1f, 0xff, 0xbf, 0xff, 0x0, 0x70, 0x0, 0xc0,
    0x1, 0x80, 0x7, 0x0, 0xe, 0x0, 0x1c, 0x0,

    /* U+0035 "5" */
    0x1, 0xff, 0x1, 0xfe, 0x2, 0x0, 0x2, 0x0,
    0x6, 0x0, 0x7, 0x80, 0xf, 0xe0, 0x7, 0xf0,
    0x0, 0xf0, 0x0, 0x38, 0x0, 0x38, 0x0, 0x18,
    0x0, 0x18, 0x0, 0x18, 0x0, 0x18, 0x0, 0x18,
    0x0, 0x30, 0x0, 0x20, 0x60, 0x40, 0x70, 0x80,
    0x7f, 0x0,

    /* U+0036 "6" */
    0x0, 0x1, 0x0, 0x3e, 0x0, 0xe0, 0x1, 0xc0,
    0x7, 0x80, 0xf, 0x0, 0x1e, 0x0, 0x1c, 0x0,
    0x3b, 0xe0, 0x7c, 0x70, 0x70, 0x38, 0x70, 0x18,
    0xe0, 0x1c, 0xe0, 0x1c, 0xe0, 0x1c, 0xc0, 0x1c,
    0xc0, 0x38, 0xc0, 0x38, 0xe0, 0x70, 0x60, 0x60,
    0x31, 0xc0, 0x1f, 0x0,

    /* U+0037 "7" */
    0x1f, 0xfe, 0x7f, 0xf9, 0x80, 0x32, 0x0, 0xc0,
    0x1, 0x80, 0x6, 0x0, 0x18, 0x0, 0x30, 0x0,
    0xc0, 0x1, 0x80, 0x6, 0x0, 0x18, 0x0, 0x30,
    0x0, 0xc0, 0x1, 0x80, 0x6, 0x0, 0x18, 0x0,
    0x30, 0x0, 0xc0, 0x3, 0x80, 0x6, 0x0, 0x0,

    /* U+0038 "8" */
    0x3, 0xf0, 0xc, 0x38, 0x30, 0x30, 0x60, 0x71,
    0xc0, 0x63, 0x80, 0xc3, 0x83, 0x7, 0xc, 0x7,
    0x20, 0x7, 0x80, 0x33, 0x81, 0x83, 0x86, 0x3,
    0xc, 0x7, 0x30, 0x6, 0x60, 0xc, 0xc0, 0x19,
    0xc0, 0x71, 0x80, 0xc1, 0x83, 0x1, 0xf8, 0x0,

    /* U+0039 "9" */
    0x3, 0xe0, 0xc, 0x30, 0x30, 0x30, 0xc0, 0x63,
    0x80, 0xc7, 0x1, 0xdc, 0x3, 0xb8, 0x7, 0x70,
    0xe, 0xe0, 0x19, 0xc0, 0x71, 0xc0, 0xe1, 0xc7,
    0x81, 0xf7, 0x0, 0x1c, 0x0, 0x38, 0x0, 0xe0,
    0x3, 0x80, 0xc, 0x0, 0x70, 0x3, 0x80, 0x18,
    0x0, 0x0,

    /* U+003A ":" */
    0x1c, 0x71, 0xc0, 0x0, 0x0, 0x0, 0x0, 0x0,
    0x38, 0xe3, 0x80,

    /* U+003B ";" */
    0xe, 0x1c, 0x38, 0x0, 0x0, 0x0, 0x0, 0x0,
    0x0, 0x83, 0x87, 0x6, 0xc, 0x10, 0x41, 0x0,

    /* U+003C "<" */
    0x0, 0x3, 0x0, 0xf, 0x0, 0x3e, 0x1, 0xf0,
    0x7, 0xc0, 0x1f, 0x0, 0x7c, 0x0, 0xf0, 0x0,
    0xf0, 0x0, 0x7c, 0x0, 0x1f, 0x0, 0x7, 0xc0,
    0x1, 0xf8, 0x0, 0x3e, 0x0, 0xf, 0x0, 0x3,

    /* U+003D "=" */
    0xff, 0xff, 0xff, 0xff, 0x0, 0x0, 0x0, 0x0,
    0x0, 0x0, 0x0, 0x0, 0xff, 0xff, 0xff, 0xff,

    /* U+003E ">" */
    0xc0, 0x0, 0xf0, 0x0, 0x7e, 0x0, 0xf, 0x80,
    0x3, 0xe0, 0x0, 0xf8, 0x0, 0x3e, 0x0, 0xf,
    0x0, 0xf, 0x0, 0x3e, 0x0, 0xf8, 0x3, 0xe0,
    0x1f, 0x80, 0x7c, 0x0, 0xf0, 0x0, 0xc0, 0x0,

    /* U+003F "?" */
    0xf, 0x82, 0x18, 0xc1, 0x98, 0x33, 0x6, 0x1,
    0xc0, 0x30, 0xe, 0x3, 0x0, 0xc0, 0x30, 0x4,
    0x1, 0x0, 0x20, 0x8, 0x0, 0x0, 0x0, 0x0,
    0x1, 0x80, 0x78, 0x6, 0x0,

    /* U+0040 "@" */
    0x0, 0xfe, 0x0, 0xe, 0x7, 0x0, 0xe0, 0x6,
    0x7, 0x0, 0xc, 0x38, 0x0, 0x18, 0xc0, 0x7f,
    0x27, 0x7, 0x38, 0xd8, 0x18, 0x61, 0xe0, 0xc1,
    0x87, 0x87, 0x6, 0x1e, 0x18, 0x30, 0x78, 0x60,
    0xc1, 0xe1, 0x83, 0xf, 0x86, 0x1c, 0x26, 0x18,
    0x71, 0x9c, 0x72, 0xcc, 0x30, 0xf1, 0xc0, 0x60,
    0x0, 0x0, 0xc0, 0x0, 0x1, 0xc0, 0x18, 0x1,
    0xff, 0x80, 0x0, 0x40, 0x0,

    /* U+0041 "A" */
    0x0, 0x4, 0x0, 0x0, 0x40, 0x0, 0xe, 0x0,
    0x1, 0xe0, 0x0, 0x1e, 0x0, 0x3, 0xe0, 0x0,
    0x2e, 0x0, 0x4, 0x60, 0x0, 0xc7, 0x0, 0x8,
    0x70, 0x1, 0x87, 0x0, 0x10, 0x70, 0x3, 0x7,
    0x0, 0x7f, 0xf8, 0x4, 0x3, 0x80, 0xc0, 0x38,
    0x8, 0x3, 0x81, 0x80, 0x38, 0x30, 0x3, 0x83,
    0x0, 0x3c, 0xfc, 0xf, 0xf0,

    /* U+0042 "B" */
    0xf, 0xff, 0x0, 0x38, 0x78, 0x7, 0x7, 0x80,
    0xe0, 0x70, 0x3c, 0xe, 0x7, 0x1, 0xc0, 0xe0,
    0x78, 0x1c, 0xe, 0x7, 0x7, 0x0, 0xff, 0x80,
    0x1c, 0x3c, 0x7, 0x3, 0xc0, 0xe0, 0x38, 0x1c,
    0x7, 0x3, 0x80, 0xf0, 0xe0, 0x1c, 0x1c, 0x3,
    0x83, 0x80, 0xf0, 0xf0, 0x3c, 0x1e, 0xf, 0xf,
    0xff, 0x80,

    /* U+0043 "C" */
    0x0, 0x3f, 0xf0, 0xe, 0xf, 0x3, 0x80, 0x70,
    0x70, 0x3, 0xe, 0x0, 0x21, 0xc0, 0x2, 0x3c,
    0x0, 0x3, 0x80, 0x0, 0x78, 0x0, 0x7, 0x80,
    0x0, 0x70, 0x0, 0xf, 0x0, 0x0, 0xf0, 0x0,
    0xf, 0x0, 0x0, 0xf0, 0x0, 0x7, 0x0, 0x0,
    0x70, 0x0, 0x7, 0x80, 0x8, 0x38, 0x1, 0x1,
    0xc0, 0x60, 0xf, 0xf8, 0x0, 0x8, 0x0,

    /* U+0044 "D" */
    0xf, 0xff, 0x80, 0x3, 0x83, 0xc0, 0x7, 0x1,
    0xc0, 0xe, 0x1, 0xc0, 0x3c, 0x3, 0xc0, 0x70,
    0x3, 0x80, 0xe0, 0x7, 0x1, 0xc0, 0xf, 0x7,
    0x0, 0x1e, 0xe, 0x0, 0x3c, 0x1c, 0x0, 0x78,
    0x78, 0x0, 0xe0, 0xe0, 0x3, 0xc1, 0xc0, 0x7,
    0x83, 0x80, 0xe, 0xf, 0x0, 0x38, 0x1c, 0x0,
    0xf0, 0x38, 0x3, 0xc0, 0xf0, 0xe, 0x1, 0xe0,
    0xf0, 0xf, 0xff, 0x80, 0x0,

    /* U+0045 "E" */
    0xf, 0xff, 0xf0, 0x1c, 0x7, 0x1, 0xc0, 0x10,
    0x1c, 0x1, 0x3, 0xc0, 0x20, 0x38, 0x0, 0x3,
    0x80, 0x0, 0x38, 0x20, 0x7, 0x82, 0x0, 0x70,
    0x60, 0x7, 0xfe, 0x0, 0xf0, 0x40, 0xe, 0x4,
    0x0, 0xe0, 0x40, 0xe, 0x0, 0x1, 0xe0, 0x0,
    0x1c, 0x0, 0x41, 0xc0, 0xc, 0x3c, 0x1, 0x83,
    0xc0, 0x78, 0xff, 0xff, 0x0,

    /* U+0046 "F" */
    0xf, 0xff, 0xf0, 0x1c, 0x7, 0x1, 0xc0, 0x10,
    0x1c, 0x1, 0x3, 0xc0, 0x20, 0x38, 0x0, 0x3,
    0x80, 0x0, 0x78, 0x20, 0x7, 0x82, 0x0, 0x70,
    0x60, 0x7, 0xfc, 0x0, 0xf0, 0x40, 0xe, 0x4,
    0x0, 0xe0, 0x80, 0x1e, 0x0, 0x1, 0xe0, 0x0,
    0x1c, 0x0, 0x1, 0xc0, 0x0, 0x3c, 0x0, 0x3,
    0xc0, 0x0, 0xff, 0x0, 0x0,

    /* U+0047 "G" */
    0x0, 0x3f, 0x88, 0x3, 0x83, 0xe0, 0x38, 0x3,
    0x81, 0xc0, 0xe, 0xe, 0x0, 0x10, 0x70, 0x0,
    0x43, 0xc0, 0x0, 0xe, 0x0, 0x0, 0x78, 0x0,
    0x1, 0xe0, 0x0, 0x7, 0x0, 0x0, 0x3c, 0x1,
    0xff, 0xf0, 0x0, 0xf3, 0xc0, 0x3, 0x8f, 0x0,
    0x1e, 0x1c, 0x0, 0x70, 0x70, 0x1, 0xc0, 0xe0,
    0x7, 0x3, 0x80, 0x3c, 0x7, 0x0, 0xe0, 0x7,
    0xfe, 0x0, 0x1, 0x0, 0x0,

    /* U+0048 "H" */
    0xf, 0xf8, 0x7f, 0x80, 0xf0, 0xf, 0x0, 0x70,
    0x7, 0x0, 0x38, 0x3, 0x80, 0x3c, 0x1, 0xc0,
    0x1c, 0x1, 0xe0, 0xe, 0x0, 0xe0, 0x7, 0x0,
    0x70, 0x7, 0x0, 0x78, 0x3, 0xff, 0xf8, 0x1,
    0xc0, 0x1c, 0x1, 0xc0, 0xe, 0x0, 0xe0, 0xf,
    0x0, 0x70, 0x7, 0x0, 0x38, 0x3, 0x80, 0x38,
    0x3, 0xc0, 0x1c, 0x1, 0xc0, 0xe, 0x0, 0xe0,
    0xf, 0x0, 0x70, 0x7, 0x80, 0x78, 0xf, 0xf0,
    0xff, 0x0,

    /* U+0049 "I" */
    0x7, 0xf8, 0xe, 0x0, 0x70, 0x3, 0x80, 0x38,
    0x1, 0xc0, 0xe, 0x0, 0x70, 0x7, 0x0, 0x38,
    0x1, 0xc0, 0x1e, 0x0, 0xe0, 0x7, 0x0, 0x38,
    0x3, 0x80, 0x1c, 0x0, 0xe0, 0xf, 0x0, 0x78,
    0xf, 0xf0, 0x0,

    /* U+004A "J" */
    0x0, 0xff, 0x0, 0x3c, 0x0, 0x38, 0x0, 0x38,
    0x0, 0x38, 0x0, 0x78, 0x0, 0x70, 0x0, 0x70,
    0x0, 0x70, 0x0, 0xe0, 0x0, 0xe0, 0x0, 0xe0,
    0x1, 0xe0, 0x1, 0xc0, 0x1, 0xc0, 0x1, 0xc0,
    0x3, 0x80, 0xe3, 0x80, 0xe3, 0x80, 0xe7, 0x0,
    0x7e, 0x0, 0x10, 0x0,

    /* U+004B "K" */
    0xf, 0xf8, 0xfe, 0x3, 0xc0, 0x70, 0x7, 0x1,
    0xc0, 0xe, 0x6, 0x0, 0x3c, 0x18, 0x0, 0x70,
    0x60, 0x0, 0xe3, 0x0, 0x1, 0xcc, 0x0, 0x7,
    0x70, 0x0, 0xf, 0xc0, 0x0, 0x1f, 0xc0, 0x0,
    0x7b, 0x80, 0x0, 0xe3, 0x80, 0x1, 0xc7, 0x80,
    0x3, 0x87, 0x0, 0xe, 0xf, 0x0, 0x1c, 0xe,
    0x0, 0x38, 0xe, 0x0, 0xf0, 0x1e, 0x1, 0xe0,
    0x3c, 0xf, 0xf1, 0xff, 0x0,

    /* U+004C "L" */
    0xf, 0xf8, 0x0, 0x78, 0x0, 0x1c, 0x0, 0x7,
    0x0, 0x3, 0xc0, 0x0, 0xe0, 0x0, 0x38, 0x0,
    0xe, 0x0, 0x7, 0x0, 0x1, 0xc0, 0x0, 0x70,
    0x0, 0x3c, 0x0, 0xe, 0x0, 0x3, 0x80, 0x0,
    0xe0, 0x0, 0x78, 0x1, 0x1c, 0x0, 0x47, 0x0,
    0x23, 0xc0, 0x18, 0xf0, 0x1e, 0xff, 0xff, 0x0,

    /* U+004D "M" */
    0x7, 0xe0, 0x1, 0xf8, 0xf, 0x0, 0x1f, 0x0,
    0x78, 0x1, 0xf0, 0x3, 0xc0, 0xf, 0x80, 0x1e,
    0x0, 0xfc, 0x1, 0xf0, 0xd, 0xc0, 0xb, 0x80,
    0x6e, 0x0, 0x4c, 0x6, 0x70, 0x6, 0x70, 0x67,
    0x0, 0x33, 0x82, 0x38, 0x1, 0x1c, 0x31, 0xc0,
    0x8, 0xe3, 0x1e, 0x0, 0xc7, 0x10, 0xe0, 0x4,
    0x39, 0x87, 0x0, 0x21, 0xd8, 0x38, 0x3, 0xe,
    0x83, 0x80, 0x18, 0x3c, 0x1c, 0x0, 0x81, 0xc0,
    0xe0, 0xc, 0xc, 0xf, 0x0, 0x60, 0x60, 0x78,
    0xf, 0xc2, 0x1f, 0xf0, 0x0,

    /* U+004E "N" */
    0xf, 0xc0, 0x3f, 0x1, 0xc0, 0xc, 0x1, 0xe0,
    0x8, 0x1, 0xe0, 0x18, 0x3, 0xe0, 0x18, 0x3,
    0x70, 0x10, 0x2, 0x70, 0x10, 0x2, 0x38, 0x30,
    0x6, 0x38, 0x30, 0x6, 0x38, 0x20, 0x4, 0x1c,
    0x20, 0xc, 0x1c, 0x60, 0xc, 0xe, 0x40, 0x8,
    0xe, 0x40, 0x8, 0x7, 0x40, 0x18, 0x7, 0xc0,
    0x18, 0x7, 0x80, 0x10, 0x3, 0x80, 0x30, 0x3,
    0x80, 0x30, 0x1, 0x0, 0xfc, 0x1, 0x0,

    /* U+004F "O" */
    0x0, 0x1f, 0x0, 0x7, 0xe, 0x0, 0x60, 0x38,
    0xe, 0x0, 0xe0, 0xe0, 0x7, 0xf, 0x0, 0x38,
    0x70, 0x1, 0xe7, 0x80, 0xf, 0x78, 0x0, 0x7b,
    0xc0, 0x3, 0x9c, 0x0, 0x1d, 0xe0, 0x1, 0xef,
    0x0, 0xe, 0x78, 0x0, 0xf3, 0xc0, 0x7, 0x1e,
    0x0, 0x78, 0x70, 0x3, 0x83, 0x80, 0x38, 0x1c,
    0x3, 0x80, 0x70, 0x38, 0x1, 0xff, 0x0, 0x0,
    0x80, 0x0,

    /* U+0050 "P" */
    0xf, 0xff, 0x0, 0x38, 0x78, 0x7, 0x7, 0x80,
    0xe0, 0x70, 0x3c, 0xe, 0x7, 0x1, 0xc0, 0xe0,
    0x38, 0x1c, 0x7, 0x7, 0x1, 0xc0, 0xe0, 0xf0,
    0x1f, 0xf8, 0x7, 0x80, 0x0, 0xe0, 0x0, 0x1c,
    0x0, 0x3, 0x80, 0x0, 0xe0, 0x0, 0x1c, 0x0,
    0x3, 0x80, 0x0, 0xf0, 0x0, 0x1e, 0x0, 0xf,
    0xf0, 0x0,

    /* U+0051 "Q" */
    0x0, 0x3f, 0x0, 0x7, 0xe, 0x0, 0x60, 0x38,
    0xe, 0x0, 0xe0, 0xe0, 0x7, 0xe, 0x0, 0x38,
    0x70, 0x1, 0xe7, 0x0, 0xf, 0x78, 0x0, 0x7b,
    0xc0, 0x3, 0x9c, 0x0, 0x3d, 0xe0, 0x1, 0xef,
    0x0, 0xe, 0x78, 0x0, 0xf3, 0xc0, 0x7, 0x1e,
    0x0, 0x78, 0x70, 0x3, 0x83, 0x80, 0x38, 0xe,
    0x3, 0x80, 0x38, 0x70, 0x0, 0xfe, 0x0, 0x3,
    0x0, 0x0, 0x30, 0x0, 0x83, 0xf8, 0x8, 0x7f,
    0xff, 0x84, 0x7, 0xf0, 0x0,

    /* U+0052 "R" */
    0xf, 0xff, 0x0, 0x38, 0x78, 0x7, 0x7, 0x80,
    0xe0, 0x70, 0x3c, 0xe, 0x7, 0x1, 0xc0, 0xe0,
    0x78, 0x3c, 0xe, 0x7, 0x3, 0x80, 0xff, 0xc0,
    0x1c, 0xe0, 0x7, 0x9c, 0x0, 0xe1, 0xc0, 0x1c,
    0x38, 0x7, 0x87, 0x80, 0xe0, 0x70, 0x1c, 0xe,
    0x3, 0x80, 0xe0, 0xf0, 0x1c, 0x1e, 0x3, 0xcf,
    0xf0, 0x3e,

    /* U+0053 "S" */
    0x1, 0xff, 0x7, 0xe, 0xe, 0x6, 0xe, 0x6,
    0xc, 0x2, 0xe, 0x2, 0xe, 0x0, 0xf, 0x0,
    0x7, 0x80, 0x3, 0xc0, 0x1, 0xe0, 0x0, 0xf0,
    0x0, 0x78, 0x0, 0x78, 0x40, 0x38, 0x40, 0x38,
    0x40, 0x38, 0x40, 0x38, 0xe0, 0x30, 0xf0, 0x70,
    0xff, 0xc0, 0x82, 0x0,

    /* U+0054 "T" */
    0x7f, 0xff, 0xdc, 0x38, 0x74, 0xe, 0xe, 0x7,
    0x82, 0x81, 0xc0, 0x80, 0x70, 0x0, 0x1c, 0x0,
    0xf, 0x0, 0x3, 0x80, 0x0, 0xe0, 0x0, 0x38,
    0x0, 0x1e, 0x0, 0x7, 0x0, 0x1, 0xc0, 0x0,
    0xf0, 0x0, 0x38, 0x0, 0xe, 0x0, 0x3, 0x80,
    0x1, 0xe0, 0x0, 0x78, 0x0, 0xff, 0x80, 0x0,

    /* U+0055 "U" */
    0xff, 0x83, 0xf8, 0xf0, 0x3, 0x7, 0x0, 0x10,
    0x38, 0x1, 0x83, 0xc0, 0xc, 0x1c, 0x0, 0x40,
    0xe0, 0x2, 0xf, 0x0, 0x30, 0x70, 0x1, 0x83,
    0x80, 0x8, 0x1c, 0x0, 0x41, 0xe0, 0x6, 0xe,
    0x0, 0x20, 0x70, 0x1, 0x3, 0x80, 0x8, 0x1c,
    0x0, 0x80, 0xe0, 0x4, 0x7, 0x0, 0x60, 0x38,
    0x6, 0x0, 0xe0, 0x60, 0x3, 0xfe, 0x0, 0x1,
    0x0, 0x0,

    /* U+0056 "V" */
    0xff, 0x3, 0xf7, 0xc0, 0x1c, 0x38, 0x0, 0xc3,
    0x80, 0x18, 0x3c, 0x1, 0x1, 0xc0, 0x30, 0x1c,
    0x2, 0x1, 0xc0, 0x60, 0x1c, 0xc, 0x1, 0xc0,
    0x80, 0x1c, 0x18, 0x0, 0xe1, 0x0, 0xe, 0x30,
    0x0, 0xe2, 0x0, 0xe, 0x40, 0x0, 0xec, 0x0,
    0xe, 0x80, 0x0, 0x78, 0x0, 0x7, 0x0, 0x0,
    0x60, 0x0, 0x6, 0x0, 0x0, 0x40, 0x0,

    /* U+0057 "W" */
    0xff, 0x3f, 0x87, 0xe7, 0x81, 0xc0, 0x38, 0xe0,
    0x38, 0x6, 0x1c, 0x7, 0x0, 0x81, 0x80, 0xe0,
    0x30, 0x38, 0x1c, 0x4, 0x7, 0x3, 0x81, 0x80,
    0xe0, 0xb0, 0x20, 0x1c, 0x17, 0xc, 0x3, 0x84,
    0xe1, 0x0, 0x70, 0x9c, 0x60, 0xe, 0x23, 0x88,
    0x1, 0xc4, 0x73, 0x0, 0x19, 0xe, 0x40, 0x3,
    0xa1, 0xd8, 0x0, 0x78, 0x3a, 0x0, 0xf, 0x7,
    0xc0, 0x1, 0xc0, 0x70, 0x0, 0x38, 0xe, 0x0,
    0x6, 0x1, 0x80, 0x0, 0xc0, 0x30, 0x0, 0x10,
    0x4, 0x0, 0x0,

    /* U+0058 "X" */
    0x1f, 0xf1, 0xfc, 0xf, 0x1, 0xc0, 0x3c, 0x6,
    0x0, 0x70, 0x30, 0x1, 0xc1, 0x80, 0x3, 0x8c,
    0x0, 0xe, 0x60, 0x0, 0x3f, 0x0, 0x0, 0x78,
    0x0, 0x1, 0xe0, 0x0, 0x3, 0x80, 0x0, 0x1e,
    0x0, 0x0, 0xfc, 0x0, 0x6, 0x70, 0x0, 0x31,
    0xc0, 0x1, 0x83, 0x80, 0x4, 0xe, 0x0, 0x20,
    0x1c, 0x1, 0x80, 0x70, 0x1e, 0x1, 0xe0, 0xfe,
    0x3f, 0xe0,

    /* U+0059 "Y" */
    0xff, 0x1f, 0x9c, 0x1, 0x8e, 0x1, 0x83, 0x81,
    0x81, 0xc0, 0x80, 0xe0, 0xc0, 0x38, 0xc0, 0x1c,
    0xc0, 0xe, 0xc0, 0x7, 0x40, 0x1, 0xc0, 0x0,
    0xe0, 0x0, 0xf0, 0x0, 0x70, 0x0, 0x38, 0x0,
    0x1c, 0x0, 0x1e, 0x0, 0xe, 0x0, 0x7, 0x0,
    0x7, 0x80, 0xf, 0xf8, 0x0,

    /* U+005A "Z" */
    0xf, 0xff, 0xe0, 0xc0, 0x1e, 0x18, 0x3, 0xc1,
    0x0, 0x78, 0x0, 0x7, 0x0, 0x0, 0xf0, 0x0,
    0x1e, 0x0, 0x3, 0xc0, 0x0, 0x78, 0x0, 0x7,
    0x0, 0x0, 0xf0, 0x0, 0x1e, 0x0, 0x3, 0xc0,
    0x0, 0x38, 0x0, 0x7, 0x0, 0x0, 0xf0, 0x0,
    0x1e, 0x0, 0x43, 0xc0, 0x8, 0x38, 0x1, 0x87,
    0x80, 0x78, 0xff, 0xff, 0x0,

    /* U+005B "[" */
    0x3, 0xe0, 0x30, 0x7, 0x0, 0x60, 0x6, 0x0,
    0x60, 0xe, 0x0, 0xe0, 0xc, 0x0, 0xc0, 0x1c,
    0x1, 0xc0, 0x18, 0x1, 0x80, 0x38, 0x3, 0x80,
    0x30, 0x3, 0x0, 0x70, 0x7, 0x0, 0x60, 0x6,
    0x0, 0x60, 0xe, 0x0, 0xe0, 0xf, 0xc0,

    /* U+005C "\\" */
    0x60, 0x6, 0x0, 0x30, 0x3, 0x0, 0x38, 0x1,
    0x80, 0x1c, 0x0, 0xc0, 0xc, 0x0, 0x60, 0x6,
    0x0, 0x70, 0x3, 0x0, 0x38, 0x1, 0x80, 0x18,
    0x0, 0xc0, 0xc, 0x0, 0xe0, 0x6, 0x0, 0x70,
    0x3,

    /* U+005D "]" */
    0x3, 0xf0, 0x7, 0x0, 0x70, 0x6, 0x0, 0x60,
    0xe, 0x0, 0xe0, 0xc, 0x0, 0xc0, 0xc, 0x1,
    0xc0, 0x18, 0x1, 0x80, 0x18, 0x3, 0x80, 0x30,
    0x3, 0x0, 0x30, 0x7, 0x0, 0x70, 0x6, 0x0,
    0x60, 0xe, 0x0, 0xe0, 0xc, 0xf, 0xc0,

    /* U+005E "^" */
    0x3, 0x0, 0x1c, 0x0, 0x78, 0x3, 0x60, 0xc,
    0xc0, 0x63, 0x1, 0x86, 0xc, 0x18, 0x30, 0x31,
    0x80, 0xc6, 0x1, 0xb0, 0x6,

    /* U+005F "_" */
    0xff, 0xff,

    /* U+0060 "`" */
    0x3, 0x8f, 0x1c, 0x18, 0x20,

    /* U+0061 "a" */
    0x3, 0xcc, 0x18, 0xf1, 0xc1, 0x8e, 0x6, 0x30,
    0x19, 0xc0, 0xce, 0x3, 0x38, 0xc, 0xe0, 0x73,
    0x1, 0x8c, 0xe, 0x30, 0x59, 0xe2, 0x69, 0xf1,
    0xc0,

    /* U+0062 "b" */
    0x3, 0x0, 0x78, 0x0, 0x60, 0x3, 0x80, 0xc,
    0x0, 0x30, 0x0, 0xc0, 0x7, 0x0, 0x18, 0xf0,
    0x64, 0x73, 0xe1, 0xcf, 0x7, 0x38, 0x1c, 0xc0,
    0x77, 0x1, 0xdc, 0xe, 0x60, 0x3b, 0x81, 0xce,
    0x6, 0x38, 0x30, 0xe3, 0x80, 0xf8, 0x0,

    /* U+0063 "c" */
    0x3, 0xe0, 0xe3, 0x18, 0x33, 0x83, 0x70, 0x6,
    0x0, 0xe0, 0xe, 0x0, 0xe0, 0xe, 0x0, 0xe0,
    0xe, 0x4, 0x71, 0x83, 0xe0,

    /* U+0064 "d" */
    0x0, 0x1f, 0x0, 0x7, 0x0, 0x6, 0x0, 0x6,
    0x0, 0xe, 0x0, 0xe, 0x0, 0xc, 0x0, 0xc,
    0x1, 0xdc, 0x6, 0x3c, 0xc, 0x38, 0x18, 0x38,
    0x30, 0x38, 0x70, 0x30, 0x60, 0x30, 0xe0, 0x30,
    0xe0, 0x70, 0xc0, 0x60, 0xc0, 0xe0, 0xc1, 0xe4,
    0xe2, 0xe8, 0x7c, 0x70,

    /* U+0065 "e" */
    0x1, 0xe0, 0x63, 0xc, 0x33, 0x83, 0x38, 0x67,
    0xc, 0xf3, 0x8e, 0xc0, 0xf0, 0xe, 0x0, 0xe0,
    0xe, 0x4, 0x70, 0x83, 0xf0,

    /* U+0066 "f" */
    0x0, 0x7, 0x80, 0x7, 0x70, 0x1, 0x9c, 0x0,
    0xc0, 0x0, 0x70, 0x0, 0x18, 0x0, 0x6, 0x0,
    0x1f, 0xf0, 0x0, 0xe0, 0x0, 0x30, 0x0, 0xc,
    0x0, 0x3, 0x0, 0x1, 0xc0, 0x0, 0x70, 0x0,
    0x18, 0x0, 0x6, 0x0, 0x3, 0x80, 0x0, 0xe0,
    0x0, 0x38, 0x0, 0xc, 0x0, 0x3, 0x0, 0x1,
    0xc0, 0x0, 0x60, 0x0, 0x18, 0x0, 0x86, 0x0,
    0x33, 0x0, 0xd, 0x80, 0x1, 0xc0, 0x0,

    /* U+0067 "g" */
    0x1, 0xe0, 0xe, 0x30, 0x38, 0x78, 0x60, 0xe1,
    0xc1, 0xc3, 0x83, 0x87, 0xe, 0xe, 0x1c, 0xc,
    0x70, 0x7, 0x80, 0x30, 0x0, 0xe0, 0x1, 0xf0,
    0x2, 0xf8, 0x8, 0x3c, 0x20, 0x18, 0xc0, 0x31,
    0x80, 0x63, 0x0, 0xc3, 0x83, 0x1, 0xf8, 0x0,

    /* U+0068 "h" */
    0x3, 0x0, 0x78, 0x0, 0x60, 0x3, 0x80, 0xe,
    0x0, 0x30, 0x0, 0xc0, 0x7, 0x0, 0x1c, 0x78,
    0x62, 0x61, 0x91, 0x8e, 0x8e, 0x34, 0x38, 0xe0,
    0xe3, 0x83, 0x1c, 0x1c, 0x70, 0x71, 0x81, 0x86,
    0x6, 0x38, 0x39, 0xc0, 0xeb, 0x1, 0xc0,

    /* U+0069 "i" */
    0xe, 0x1c, 0x38, 0x0, 0x0, 0x0, 0x3e, 0x18,
    0x30, 0xe1, 0xc3, 0x6, 0x1c, 0x38, 0x61, 0xcb,
    0xa7, 0xc6, 0x0,

    /* U+006A "j" */
    0x0, 0x30, 0x7, 0x0, 0x30, 0x0, 0x0, 0x0,
    0x0, 0x0, 0x0, 0x6, 0x3, 0xe0, 0xe, 0x0,
    0xe0, 0xc, 0x0, 0xc0, 0xc, 0x1, 0xc0, 0x18,
    0x1, 0x80, 0x38, 0x3, 0x80, 0x30, 0x3, 0x0,
    0x70, 0x7, 0x0, 0x60, 0x6, 0xc, 0xc0, 0xd8,
    0x7, 0x0,

    /* U+006B "k" */
    0x3, 0x0, 0x78, 0x0, 0x60, 0x3, 0x80, 0xe,
    0x0, 0x30, 0x0, 0xc0, 0x7, 0x0, 0x1c, 0xfc,
    0x60, 0xc1, 0x86, 0xe, 0x20, 0x39, 0x0, 0xc8,
    0x3, 0x60, 0x1f, 0x80, 0x77, 0x1, 0x8c, 0xe,
    0x38, 0x38, 0x62, 0xc1, 0xd3, 0x3, 0x80,

    /* U+006C "l" */
    0x3, 0x1e, 0x6, 0xe, 0xe, 0xc, 0xc, 0x1c,
    0x1c, 0x18, 0x18, 0x38, 0x38, 0x30, 0x30, 0x70,
    0x60, 0x60, 0xe0, 0xe4, 0xe8, 0xf0,

    /* U+006D "m" */
    0x3e, 0x38, 0x38, 0x39, 0xb9, 0xb0, 0x74, 0x74,
    0x60, 0xf0, 0xd0, 0xc1, 0xa1, 0xc3, 0x83, 0x87,
    0x87, 0xe, 0xe, 0xc, 0x1c, 0x1c, 0x18, 0x38,
    0x30, 0x70, 0x60, 0xe0, 0xe1, 0xc1, 0xc1, 0x83,
    0x83, 0x3, 0x26, 0x6, 0xe, 0x9c, 0x1c, 0xe,
    0x0,

    /* U+006E "n" */
    0x3e, 0x38, 0x39, 0xb8, 0x74, 0x70, 0xe8, 0xe1,
    0xa1, 0xc3, 0x83, 0xf, 0xe, 0x1c, 0x1c, 0x38,
    0x30, 0x60, 0x61, 0xc1, 0xcb, 0x83, 0xa6, 0x7,
    0x8c, 0xe, 0x0,

    /* U+006F "o" */
    0x1, 0xf0, 0x18, 0xe1, 0xc1, 0xce, 0x7, 0x70,
    0x1d, 0xc0, 0x7e, 0x1, 0xf8, 0xe, 0xe0, 0x3b,
    0x80, 0xcc, 0x6, 0x38, 0x30, 0x61, 0x80, 0xf8,
    0x0,

    /* U+0070 "p" */
    0xf, 0x9e, 0x1, 0xb3, 0x80, 0xe0, 0xe0, 0xe0,
    0x70, 0x70, 0x38, 0x30, 0x1c, 0x18, 0xe, 0x1c,
    0xe, 0xc, 0x7, 0x6, 0x7, 0x3, 0x3, 0x3,
    0x83, 0x1, 0xc7, 0x0, 0xde, 0x0, 0x60, 0x0,
    0x70, 0x0, 0x30, 0x0, 0x18, 0x0, 0xc, 0x0,
    0xe, 0x0, 0xf, 0xc0, 0x0,

    /* U+0071 "q" */
    0x1, 0xec, 0x18, 0xb0, 0xc1, 0xc6, 0x6, 0x38,
    0x19, 0xc0, 0x66, 0x3, 0x38, 0xc, 0xe0, 0x73,
    0x1, 0xcc, 0xe, 0x30, 0x58, 0xe2, 0xe1, 0xf3,
    0x0, 0xc, 0x0, 0x30, 0x1, 0xc0, 0x6, 0x0,
    0x18, 0x0, 0xe0, 0xf, 0xe0,

    /* U+0072 "r" */
    0x38, 0xeb, 0x3c, 0x69, 0x9e, 0x3, 0x40, 0x70,
    0xe, 0x3, 0x80, 0x70, 0xc, 0x1, 0x80, 0x70,
    0xc, 0x1, 0x80, 0x0,

    /* U+0073 "s" */
    0x7, 0xe3, 0x8c, 0x60, 0x8e, 0x11, 0xc0, 0x1c,
    0x3, 0xc0, 0x38, 0x3, 0x80, 0x32, 0x6, 0x60,
    0xce, 0x31, 0xfc, 0x0,

    /* U+0074 "t" */
    0x0, 0x4, 0xc, 0x1c, 0x7f, 0x18, 0x38, 0x38,
    0x30, 0x30, 0x70, 0x70, 0x60, 0x60, 0xe4, 0xe8,
    0xf0, 0xe0,

    /* U+0075 "u" */
    0x78, 0x18, 0xe0, 0x63, 0x83, 0x8e, 0xe, 0x30,
    0x70, 0xc1, 0xc7, 0x7, 0x1c, 0x3c, 0x61, 0x61,
    0x8b, 0x8e, 0x2e, 0x39, 0x3a, 0xc8, 0xd3, 0xc3,
    0x80,

    /* U+0076 "v" */
    0x70, 0x35, 0x81, 0xce, 0xe, 0x70, 0x21, 0x81,
    0xc, 0x10, 0x60, 0x83, 0x8, 0x18, 0x80, 0xc4,
    0x7, 0x40, 0x3c, 0x1, 0xc0, 0xc, 0x0, 0x0,
    0x0,

    /* U+0077 "w" */
    0x70, 0x10, 0x6b, 0x1, 0x7, 0x30, 0x30, 0x33,
    0x87, 0x2, 0x38, 0xb0, 0x23, 0x8b, 0x4, 0x19,
    0x38, 0x41, 0x93, 0x88, 0x1a, 0x19, 0x81, 0xe1,
    0x90, 0x1c, 0x1a, 0x1, 0xc1, 0xc0, 0x18, 0x18,
    0x1, 0x1, 0x80, 0x0, 0x0, 0x0,

    /* U+0078 "x" */
    0xf, 0xe, 0x26, 0x3c, 0xe, 0x80, 0x1e, 0x0,
    0x1c, 0x0, 0x30, 0x0, 0x60, 0x0, 0xe0, 0x2,
    0xc0, 0xd, 0x80, 0x13, 0x80, 0x47, 0x2f, 0x7,
    0x9c, 0xe, 0x0,

    /* U+0079 "y" */
    0x1e, 0xc, 0x5c, 0x1c, 0x18, 0x18, 0x38, 0x20,
    0x30, 0x40, 0x60, 0x80, 0xe2, 0x1, 0xc4, 0x1,
    0x90, 0x3, 0x20, 0x6, 0x80, 0xf, 0x0, 0x1c,
    0x0, 0x10, 0x0, 0x20, 0x0, 0x80, 0x2, 0x0,
    0x4, 0x1, 0x90, 0x7, 0xc0, 0x7, 0x0, 0x0,

    /* U+007A "z" */
    0x1f, 0xf1, 0xfe, 0x20, 0x42, 0x4, 0x0, 0x80,
    0x10, 0x2, 0x0, 0x40, 0x4, 0x0, 0x80, 0x10,
    0x2, 0x0, 0x78, 0x7, 0xc2, 0x9e, 0x70, 0x72,
    0x1, 0xc0,

    /* U+007B "{" */
    0x0, 0x0, 0x38, 0xc, 0x3, 0x80, 0x70, 0xc,
    0x1, 0x80, 0x70, 0xc, 0x1, 0x80, 0x70, 0xe,
    0x1, 0x80, 0x60, 0x18, 0x1, 0x80, 0x30, 0x6,
    0x1, 0xc0, 0x30, 0x6, 0x1, 0xc0, 0x38, 0x6,
    0x0, 0xc0, 0x18, 0x3, 0x0, 0x30, 0x0,

    /* U+007C "|" */
    0xff, 0xff, 0xff, 0xff, 0xff, 0xf0,

    /* U+007D "}" */
    0x0, 0x0, 0x1c, 0x1, 0x80, 0x30, 0xe, 0x1,
    0xc0, 0x30, 0x6, 0x1, 0xc0, 0x38, 0x6, 0x0,
    0xc0, 0x18, 0x3, 0x0, 0x30, 0x18, 0x7, 0x0,
    0xc0, 0x18, 0x7, 0x0, 0xe0, 0x18, 0x3, 0x0,
    0xe0, 0x18, 0x3, 0x0, 0xc0, 0x70, 0x0,

    /* U+007E "~" */
    0x3e, 0x0, 0xff, 0x1f, 0x8f, 0xf0, 0x3, 0xc0,

    /* U+00A0 " " */
    0x0,

    /* U+00A1 "¡" */
    0x7, 0x7, 0x7, 0x0, 0x0, 0x0, 0x4, 0x8,
    0x8, 0x8, 0x18, 0x10, 0x30, 0x30, 0x30, 0x70,
    0x70, 0xe0, 0xe0, 0xe0, 0xc0,

    /* U+00A2 "¢" */
    0x0, 0x20, 0x1, 0x0, 0x10, 0x0, 0x80, 0x3d,
    0x83, 0x5c, 0x72, 0xe7, 0x10, 0x31, 0x3, 0x88,
    0x1c, 0x80, 0xc4, 0xe, 0x20, 0x72, 0x1, 0x90,
    0xe, 0x8c, 0x38, 0x80, 0xf8, 0x2, 0x0, 0x20,
    0x1, 0x0, 0x8, 0x0,

    /* U+00A3 "£" */
    0x0, 0x1e, 0x0, 0x19, 0x80, 0x18, 0xe0, 0x18,
    0x60, 0xc, 0x0, 0xe, 0x0, 0x7, 0x0, 0x3,
    0x0, 0x3, 0x80, 0x1, 0xc0, 0xf, 0xfe, 0x0,
    0x70, 0x0, 0x30, 0x0, 0x18, 0x0, 0x1c, 0x0,
    0xc, 0x0, 0x6, 0x0, 0x3e, 0x0, 0x23, 0xc1,
    0x11, 0x7f, 0x87, 0xf, 0x0,

    /* U+00A4 "¤" */
    0x0, 0x0, 0x18, 0x0, 0x77, 0x3f, 0x38, 0xff,
    0xfc, 0x1e, 0x1e, 0x7, 0x3, 0x81, 0x80, 0x60,
    0xc0, 0x1c, 0x30, 0x3, 0xc, 0x0, 0xc3, 0x80,
    0x70, 0x60, 0x18, 0x1c, 0xe, 0x7, 0x87, 0x83,
    0xff, 0xf1, 0xcf, 0xce, 0x60, 0x1, 0x80, 0x0,
    0x0,

    /* U+00A5 "¥" */
    0x7f, 0x8f, 0xc7, 0x0, 0xe0, 0xc0, 0x30, 0x38,
    0x8, 0xe, 0x4, 0x1, 0x83, 0x0, 0x61, 0x80,
    0x1c, 0x40, 0x7, 0x20, 0x0, 0xd8, 0x7, 0xff,
    0xe0, 0xe, 0x0, 0x3, 0x80, 0x0, 0xc0, 0xf,
    0xff, 0xc0, 0x1c, 0x0, 0x6, 0x0, 0x3, 0x80,
    0x0, 0xe0, 0x0, 0x78, 0x0, 0x7f, 0xc0, 0x0,

    /* U+00A6 "¦" */
    0xff, 0xff, 0xc0, 0x3f, 0xff, 0xf0,

    /* U+00A7 "§" */
    0x3, 0xe0, 0x31, 0x83, 0xe, 0x18, 0x70, 0xc3,
    0x6, 0x0, 0x18, 0x0, 0xe0, 0x1f, 0x81, 0x1e,
    0x18, 0x38, 0xc1, 0xc6, 0x7, 0x38, 0x19, 0xc0,
    0xc7, 0x6, 0x1e, 0x60, 0x7e, 0x3, 0xc0, 0xe,
    0x0, 0x38, 0x20, 0xc3, 0x86, 0x1c, 0x30, 0xc1,
    0x2, 0x18, 0xf, 0x0,

    /* U+00A8 "¨" */
    0x61, 0xfc, 0x76, 0x1c,

    /* U+00A9 "©" */
    0x0, 0xfe, 0x0, 0x7, 0x3, 0x0, 0x30, 0x1,
    0x80, 0xc0, 0x1, 0x83, 0x3, 0xf5, 0x84, 0x1c,
    0x31, 0x90, 0x70, 0x21, 0x21, 0xc0, 0x43, 0xc3,
    0x0, 0x3, 0xc, 0x0, 0x6, 0x18, 0x0, 0xc,
    0x70, 0x0, 0x18, 0xe0, 0x0, 0x31, 0xc0, 0x0,
    0x73, 0x80, 0x0, 0xa3, 0x0, 0x83, 0x46, 0x2,
    0x4, 0x46, 0x8, 0x18, 0xc7, 0xe0, 0x60, 0xc0,
    0x1, 0x80, 0xc0, 0x6, 0x0, 0x60, 0x30, 0x0,
    0x3f, 0x80, 0x0,

    /* U+00AA "ª" */
    0xf, 0xc7, 0x73, 0x8d, 0xc6, 0x61, 0xb8, 0xee,
    0x3b, 0x9d, 0x7b, 0x80, 0x0, 0x1, 0xfc, 0xfe,
    0x0,

    /* U+00AB "«" */
    0x2, 0x10, 0x43, 0x8, 0x63, 0xc, 0x63, 0x8c,
    0x70, 0xc7, 0x6, 0x30, 0x21, 0x83, 0x8, 0x10,
    0xc0, 0x84,

    /* U+00AC "¬" */
    0xff, 0xff, 0xff, 0xff, 0x0, 0x3, 0x0, 0x3,
    0x0, 0x3, 0x0, 0x3, 0x0, 0x3, 0x0, 0x3,
    0x0, 0x3,

    /* U+00AD "­" */
    0xff, 0xfc,

    /* U+00AE "®" */
    0x0, 0xfe, 0x0, 0x7, 0x3, 0x0, 0x30, 0x1,
    0x80, 0xc0, 0x1, 0x83, 0xf, 0xf1, 0x84, 0xe,
    0x31, 0x90, 0x18, 0x71, 0x20, 0x30, 0xe3, 0xc0,
    0x61, 0xc3, 0x1, 0xc3, 0x6, 0x3, 0x1c, 0xc,
    0x7, 0xe0, 0x18, 0x1c, 0xc0, 0x30, 0x31, 0x80,
    0x70, 0x63, 0x80, 0xa0, 0xc3, 0x3, 0x43, 0x86,
    0x4, 0x47, 0x6, 0x18, 0xdf, 0xe, 0x60, 0xc0,
    0x1, 0x80, 0xc0, 0x6, 0x0, 0x60, 0x30, 0x0,
    0x3f, 0x80, 0x0,

    /* U+00AF "¯" */
    0xff, 0xc0,

    /* U+00B0 "°" */
    0x1e, 0x31, 0x90, 0x78, 0x18, 0xe, 0x5, 0x2,
    0xc6, 0x1e, 0x0,

    /* U+00B1 "±" */
    0x1, 0x80, 0x1, 0x80, 0x1, 0x80, 0x1, 0x80,
    0x1, 0x80, 0x1, 0x80, 0x1, 0x80, 0xff, 0xff,
    0xff, 0xff, 0x1, 0x80, 0x1, 0x80, 0x1, 0x80,
    0x1, 0x80, 0x1, 0x80, 0x0, 0x0, 0x0, 0x0,
    0xff, 0xff, 0xff, 0xff,

    /* U+00B2 "²" */
    0xf, 0x7, 0xe3, 0x1c, 0x7, 0x0, 0x80, 0x60,
    0x30, 0x8, 0x4, 0x6, 0x3, 0x9, 0xfc, 0xff,
    0x0,

    /* U+00B3 "³" */
    0x7, 0x82, 0x70, 0xc, 0x7, 0x3, 0x7, 0x80,
    0x70, 0xe, 0x1, 0x80, 0x40, 0x33, 0x98, 0x7c,
    0x0,

    /* U+00B4 "´" */
    0x0, 0xc, 0x38, 0xc3, 0x8, 0x0,

    /* U+00B5 "µ" */
    0x7, 0x3, 0x83, 0x81, 0xc1, 0x80, 0xc1, 0xc0,
    0xe0, 0xe0, 0x70, 0x70, 0x38, 0x30, 0x18, 0x38,
    0x1c, 0x1c, 0xe, 0xe, 0x7, 0x7, 0x3, 0x83,
    0x83, 0x82, 0xc3, 0xc1, 0x3e, 0x78, 0x80, 0x0,
    0xc0, 0x0, 0x60, 0x0, 0x70, 0x0, 0x38, 0x0,
    0x1c, 0x0, 0xc, 0x0, 0x0,

    /* U+00B6 "¶" */
    0x3, 0xff, 0xc3, 0x99, 0x81, 0xcc, 0xc0, 0xe3,
    0x30, 0x30, 0xcc, 0x1c, 0x33, 0x7, 0x19, 0x81,
    0x86, 0x60, 0x61, 0x98, 0x1c, 0x6e, 0x3, 0x33,
    0x0, 0x7c, 0xc0, 0x3, 0x30, 0x1, 0xdc, 0x0,
    0x66, 0x0, 0x19, 0x80, 0x6, 0x60, 0x3, 0xb0,
    0x0, 0xcc, 0x0, 0x33, 0x0, 0xc, 0xc0, 0x6,
    0x60, 0x1, 0x98, 0x0, 0x66, 0x0, 0xfb, 0xe0,
    0x0,

    /* U+00B7 "·" */
    0xdf, 0x0,

    /* U+00B8 "¸" */
    0x10, 0x20, 0xf0, 0x70, 0xe1, 0xbe, 0x0,

    /* U+00B9 "¹" */
    0x7, 0xf, 0x6, 0x6, 0xe, 0xc, 0xc, 0x1c,
    0x18, 0x18, 0x38, 0x38, 0xfc,

    /* U+00BA "º" */
    0x7, 0x81, 0x98, 0x63, 0x98, 0x77, 0xc, 0xe3,
    0x9c, 0x63, 0x98, 0x3e, 0x0, 0x0, 0x0, 0x3f,
    0x8f, 0xe0,

    /* U+00BB "»" */
    0x1, 0x2, 0x10, 0x10, 0x81, 0x8c, 0xc, 0x60,
    0xc7, 0xe, 0x71, 0x8e, 0x31, 0x86, 0x30, 0xc6,
    0x8, 0x40,

    /* U+00BC "¼" */
    0x1f, 0x0, 0x20, 0xc, 0x0, 0xc0, 0x18, 0x3,
    0x0, 0x70, 0x4, 0x0, 0xc0, 0x18, 0x1, 0x80,
    0x60, 0x7, 0x0, 0x80, 0xc, 0x3, 0x0, 0x18,
    0xc, 0x4, 0x70, 0x10, 0x18, 0xc0, 0x60, 0x71,
    0x81, 0x81, 0x6f, 0xc2, 0x5, 0x80, 0xc, 0x13,
    0x0, 0x30, 0x46, 0x0, 0x41, 0x18, 0x1, 0x4,
    0x30, 0x6, 0x1f, 0xf0, 0x18, 0x1, 0x80, 0x20,
    0x3, 0x0, 0xc0, 0x6, 0x3, 0x0, 0x0, 0x0,

    /* U+00BD "½" */
    0x1, 0x0, 0x40, 0x7c, 0x3, 0x0, 0x60, 0x18,
    0x1, 0x80, 0x40, 0x6, 0x3, 0x0, 0x38, 0x18,
    0x0, 0xc0, 0x40, 0x3, 0x3, 0x0, 0x1c, 0x18,
    0x0, 0x60, 0x43, 0xc1, 0x83, 0x1f, 0x8e, 0x18,
    0xc7, 0x38, 0x42, 0xf, 0xf3, 0x0, 0x30, 0x18,
    0x1, 0x80, 0x40, 0x4, 0x3, 0x0, 0x20, 0x18,
    0x1, 0x0, 0x40, 0x8, 0x3, 0x0, 0x42, 0x18,
    0x3, 0xf8, 0x40, 0x1f, 0xc3, 0x0, 0x0, 0x0,

    /* U+00BE "¾" */
    0xf, 0x0, 0x20, 0x23, 0x0, 0xc0, 0x6, 0x3,
    0x0, 0xc, 0x4, 0x0, 0x30, 0x18, 0x3, 0xc0,
    0x60, 0x1, 0xc0, 0x80, 0x1, 0x83, 0x0, 0x3,
    0xc, 0x6, 0x6, 0x10, 0x18, 0x8, 0x60, 0x76,
    0x31, 0x81, 0xef, 0x82, 0x6, 0xc0, 0xc, 0x1b,
    0x0, 0x30, 0x66, 0x0, 0x41, 0x8c, 0x1, 0x6,
    0x30, 0x6, 0xf, 0xf8, 0x18, 0x0, 0xc0, 0x20,
    0x3, 0x0, 0xc0, 0x6, 0x3, 0x0, 0x0, 0x0,

    /* U+00BF "¿" */
    0x0, 0xc0, 0x3c, 0x3, 0x0, 0x0, 0x0, 0x0,
    0x0, 0x40, 0x8, 0x1, 0x0, 0x40, 0x18, 0x6,
    0x1, 0x80, 0xe0, 0x18, 0x7, 0x0, 0xc1, 0x98,
    0x33, 0x6, 0x30, 0x83, 0xe0,

    /* U+00C0 "À" */
    0x0, 0x30, 0x0, 0x3, 0x80, 0x0, 0x1c, 0x0,
    0x0, 0xc0, 0x0, 0x6, 0x0, 0x0, 0x20, 0x0,
    0x0, 0x0, 0x0, 0x40, 0x0, 0x4, 0x0, 0x0,
    0xe0, 0x0, 0x1e, 0x0, 0x1, 0xe0, 0x0, 0x3e,
    0x0, 0x2, 0xe0, 0x0, 0x46, 0x0, 0xc, 0x70,
    0x0, 0x87, 0x0, 0x18, 0x70, 0x1, 0x7, 0x0,
    0x30, 0x70, 0x7, 0xff, 0x80, 0x40, 0x38, 0xc,
    0x3, 0x80, 0x80, 0x38, 0x18, 0x3, 0x83, 0x0,
    0x38, 0x30, 0x3, 0xcf, 0xc0, 0xff,

    /* U+00C1 "Á" */
    0x0, 0x0, 0x60, 0x0, 0xe, 0x0, 0x1, 0xc0,
    0x0, 0x30, 0x0, 0x6, 0x0, 0x0, 0x80, 0x0,
    0x0, 0x0, 0x0, 0x40, 0x0, 0x4, 0x0, 0x0,
    0xe0, 0x0, 0x1e, 0x0, 0x1, 0xe0, 0x0, 0x3e,
    0x0, 0x2, 0xe0, 0x0, 0x46, 0x0, 0xc, 0x70,
    0x0, 0x87, 0x0, 0x18, 0x70, 0x1, 0x7, 0x0,
    0x30, 0x70, 0x7, 0xff, 0x80, 0x40, 0x38, 0xc,
    0x3, 0x80, 0x80, 0x38, 0x18, 0x3, 0x83, 0x0,
    0x38, 0x30, 0x3, 0xcf, 0xc0, 0xff,

    /* U+00C2 "Â" */
    0x0, 0x3, 0x0, 0x0, 0x70, 0x0, 0xf, 0x80,
    0x1, 0x98, 0x0, 0x20, 0xc0, 0x4, 0x6, 0x0,
    0x0, 0x0, 0x0, 0x40, 0x0, 0x4, 0x0, 0x0,
    0xe0, 0x0, 0x1e, 0x0, 0x1, 0xe0, 0x0, 0x3e,
    0x0, 0x2, 0xe0, 0x0, 0x46, 0x0, 0xc, 0x70,
    0x0, 0x87, 0x0, 0x18, 0x70, 0x1, 0x7, 0x0,
    0x30, 0x70, 0x7, 0xff, 0x80, 0x40, 0x38, 0xc,
    0x3, 0x80, 0x80, 0x38, 0x18, 0x3, 0x83, 0x0,
    0x38, 0x30, 0x3, 0xcf, 0xc0, 0xff,

    /* U+00C3 "Ã" */
    0x0, 0x0, 0x10, 0x3, 0xe2, 0x0, 0x7f, 0xc0,
    0x8, 0x78, 0x0, 0x0, 0x0, 0x0, 0x40, 0x0,
    0x4, 0x0, 0x0, 0xe0, 0x0, 0x1e, 0x0, 0x1,
    0xe0, 0x0, 0x3e, 0x0, 0x2, 0xe0, 0x0, 0x46,
    0x0, 0xc, 0x70, 0x0, 0x87, 0x0, 0x18, 0x70,
    0x1, 0x7, 0x0, 0x30, 0x70, 0x7, 0xff, 0x80,
    0x40, 0x38, 0xc, 0x3, 0x80, 0x80, 0x38, 0x18,
    0x3, 0x83, 0x0, 0x38, 0x30, 0x3, 0xcf, 0xc0,
    0xff,

    /* U+00C4 "Ä" */
    0x0, 0x30, 0xc0, 0x7, 0xe, 0x0, 0x30, 0xc0,
    0x0, 0x0, 0x0, 0x4, 0x0, 0x0, 0x40, 0x0,
    0xe, 0x0, 0x1, 0xe0, 0x0, 0x1e, 0x0, 0x3,
    0xe0, 0x0, 0x2e, 0x0, 0x4, 0x60, 0x0, 0xc7,
    0x0, 0x8, 0x70, 0x1, 0x87, 0x0, 0x10, 0x70,
    0x3, 0x7, 0x0, 0x7f, 0xf8, 0x4, 0x3, 0x80,
    0xc0, 0x38, 0x8, 0x3, 0x81, 0x80, 0x38, 0x30,
    0x3, 0x83, 0x0, 0x3c, 0xfc, 0xf, 0xf0,

    /* U+00C5 "Å" */
    0x0, 0x3, 0x80, 0x0, 0x4c, 0x0, 0x8, 0x40,
    0x0, 0x84, 0x0, 0x18, 0xc0, 0x0, 0x88, 0x0,
    0xf, 0x0, 0x0, 0x0, 0x0, 0x4, 0x0, 0x0,
    0x40, 0x0, 0xe, 0x0, 0x1, 0xe0, 0x0, 0x1e,
    0x0, 0x3, 0xe0, 0x0, 0x2e, 0x0, 0x4, 0x60,
    0x0, 0xc7, 0x0, 0x8, 0x70, 0x1, 0x87, 0x0,
    0x10, 0x70, 0x3, 0x7, 0x0, 0x7f, 0xf8, 0x4,
    0x3, 0x80, 0xc0, 0x38, 0x8, 0x3, 0x81, 0x80,
    0x38, 0x30, 0x3, 0x83, 0x0, 0x3c, 0xfc, 0xf,
    0xf0,

    /* U+00C6 "Æ" */
    0x0, 0x3, 0xff, 0xfc, 0x0, 0x3, 0xe0, 0x70,
    0x0, 0x17, 0x0, 0xc0, 0x0, 0xdc, 0x2, 0x0,
    0x6, 0x70, 0x8, 0x0, 0x13, 0xc0, 0x0, 0x0,
    0x8e, 0x0, 0x0, 0x4, 0x38, 0x20, 0x0, 0x31,
    0xe0, 0x80, 0x1, 0x87, 0x86, 0x0, 0x4, 0x1f,
    0xf0, 0x0, 0x20, 0x70, 0x40, 0x1, 0xff, 0xc1,
    0x0, 0xc, 0xe, 0x0, 0x0, 0x20, 0x38, 0x0,
    0x1, 0x1, 0xe0, 0x4, 0x8, 0x7, 0x80, 0x30,
    0x60, 0x1c, 0x0, 0x83, 0x0, 0x70, 0x6, 0xc,
    0x3, 0xc0, 0x70, 0xfc, 0x3f, 0xff, 0xc0,

    /* U+00C7 "Ç" */
    0x0, 0x3f, 0xf0, 0xe, 0xf, 0x3, 0x80, 0x70,
    0x70, 0x3, 0xe, 0x0, 0x31, 0xc0, 0x2, 0x3c,
    0x0, 0x3, 0x80, 0x0, 0x78, 0x0, 0x7, 0x80,
    0x0, 0x70, 0x0, 0x7, 0x0, 0x0, 0xf0, 0x0,
    0xf, 0x0, 0x0, 0xf0, 0x0, 0x7, 0x0, 0x0,
    0x70, 0x0, 0x7, 0x80, 0x8, 0x38, 0x1, 0x1,
    0xc0, 0x60, 0xf, 0xf8, 0x0, 0x28, 0x0, 0x4,
    0x0, 0x0, 0x78, 0x0, 0x1, 0x80, 0x0, 0x18,
    0x0, 0x1, 0x80, 0x1, 0xf0, 0x0,

    /* U+00C8 "È" */
    0x0, 0x38, 0x0, 0x3, 0x80, 0x0, 0x1c, 0x0,
    0x0, 0xc0, 0x0, 0x6, 0x0, 0x0, 0x20, 0x0,
    0x0, 0x0, 0xff, 0xff, 0x1, 0xc0, 0x70, 0x1c,
    0x1, 0x1, 0xc0, 0x10, 0x3c, 0x2, 0x3, 0x80,
    0x0, 0x38, 0x0, 0x3, 0x82, 0x0, 0x78, 0x20,
    0x7, 0x6, 0x0, 0x7f, 0xe0, 0xf, 0x4, 0x0,
    0xe0, 0x40, 0xe, 0x4, 0x0, 0xe0, 0x0, 0x1e,
    0x0, 0x1, 0xc0, 0x4, 0x1c, 0x0, 0xc3, 0xc0,
    0x18, 0x3c, 0x7, 0x8f, 0xff, 0xf0,

    /* U+00C9 "É" */
    0x0, 0x0, 0xc0, 0x0, 0x1c, 0x0, 0x3, 0x80,
    0x0, 0x60, 0x0, 0x8, 0x0, 0x1, 0x0, 0x0,
    0x0, 0x0, 0xff, 0xff, 0x1, 0xc0, 0x70, 0x1c,
    0x1, 0x1, 0xc0, 0x10, 0x3c, 0x2, 0x3, 0x80,
    0x0, 0x38, 0x0, 0x3, 0x82, 0x0, 0x78, 0x20,
    0x7, 0x6, 0x0, 0x7f, 0xe0, 0xf, 0x4, 0x0,
    0xe0, 0x40, 0xe, 0x4, 0x0, 0xe0, 0x0, 0x1e,
    0x0, 0x1, 0xc0, 0x4, 0x1c, 0x0, 0xc3, 0xc0,
    0x18, 0x3c, 0x7, 0x8f, 0xff, 0xf0,

    /* U+00CA "Ê" */
    0x0, 0x3, 0x0, 0x0, 0x70, 0x0, 0xd, 0x80,
    0x1, 0x8c, 0x0, 0x20, 0x40, 0x4, 0x2, 0x0,
    0x0, 0x0, 0xff, 0xff, 0x1, 0xc0, 0x70, 0x1c,
    0x1, 0x1, 0xc0, 0x10, 0x3c, 0x2, 0x3, 0x80,
    0x0, 0x38, 0x0, 0x3, 0x82, 0x0, 0x78, 0x20,
    0x7, 0x6, 0x0, 0x7f, 0xe0, 0xf, 0x4, 0x0,
    0xe0, 0x40, 0xe, 0x4, 0x0, 0xe0, 0x0, 0x1e,
    0x0, 0x1, 0xc0, 0x4, 0x1c, 0x0, 0xc3, 0xc0,
    0x18, 0x3c, 0x7, 0x8f, 0xff, 0xf0,

    /* U+00CB "Ë" */
    0x0, 0x70, 0xc0, 0x7, 0x1e, 0x0, 0x70, 0xc0,
    0x0, 0x0, 0xf, 0xff, 0xf0, 0x1c, 0x7, 0x1,
    0xc0, 0x10, 0x1c, 0x1, 0x3, 0xc0, 0x20, 0x38,
    0x0, 0x3, 0x80, 0x0, 0x38, 0x20, 0x7, 0x82,
    0x0, 0x70, 0x60, 0x7, 0xfe, 0x0, 0xf0, 0x40,
    0xe, 0x4, 0x0, 0xe0, 0x40, 0xe, 0x0, 0x1,
    0xe0, 0x0, 0x1c, 0x0, 0x41, 0xc0, 0xc, 0x3c,
    0x1, 0x83, 0xc0, 0x78, 0xff, 0xff, 0x0,

    /* U+00CC "Ì" */
    0x1, 0x80, 0xe, 0x0, 0x70, 0x1, 0xc0, 0x6,
    0x0, 0x8, 0x0, 0x0, 0xff, 0x1, 0xc0, 0xe,
    0x0, 0x70, 0x7, 0x0, 0x38, 0x1, 0xc0, 0xe,
    0x0, 0xe0, 0x7, 0x0, 0x38, 0x3, 0xc0, 0x1c,
    0x0, 0xe0, 0x7, 0x0, 0x70, 0x3, 0x80, 0x1c,
    0x1, 0xe0, 0xf, 0x1, 0xfe, 0x0,

    /* U+00CD "Í" */
    0x0, 0x18, 0x0, 0xe0, 0x7, 0x0, 0x38, 0x1,
    0x80, 0xc, 0x0, 0x0, 0x1, 0xfe, 0x1, 0xc0,
    0x7, 0x0, 0x1c, 0x0, 0xe0, 0x3, 0x80, 0xe,
    0x0, 0x38, 0x1, 0xc0, 0x7, 0x0, 0x1c, 0x0,
    0xf0, 0x3, 0x80, 0xe, 0x0, 0x38, 0x1, 0xc0,
    0x7, 0x0, 0x1c, 0x0, 0xf0, 0x3, 0xc0, 0x3f,
    0xc0,

    /* U+00CE "Î" */
    0x0, 0x60, 0x3, 0xc0, 0x1f, 0x80, 0xc6, 0x6,
    0xc, 0x20, 0x10, 0x0, 0x1, 0xfe, 0x1, 0xc0,
    0x7, 0x0, 0x1c, 0x0, 0xe0, 0x3, 0x80, 0xe,
    0x0, 0x38, 0x1, 0xc0, 0x7, 0x0, 0x1c, 0x0,
    0xf0, 0x3, 0x80, 0xe, 0x0, 0x38, 0x1, 0xc0,
    0x7, 0x0, 0x1c, 0x0, 0xf0, 0x3, 0xc0, 0x3f,
    0xc0,

    /* U+00CF "Ï" */
    0x6, 0x18, 0x3c, 0x70, 0x61, 0xc0, 0x0, 0x0,
    0x0, 0x1f, 0xe0, 0x1c, 0x0, 0x70, 0x1, 0xc0,
    0xe, 0x0, 0x38, 0x0, 0xe0, 0x3, 0x80, 0x1c,
    0x0, 0x70, 0x1, 0xc0, 0xf, 0x0, 0x38, 0x0,
    0xe0, 0x3, 0x80, 0x1c, 0x0, 0x70, 0x1, 0xc0,
    0xf, 0x0, 0x3c, 0x3, 0xfc, 0x0,

    /* U+00D0 "Ð" */
    0xf, 0xff, 0x80, 0x3, 0x83, 0xc0, 0x7, 0x1,
    0xc0, 0xe, 0x1, 0xc0, 0x3c, 0x3, 0xc0, 0x70,
    0x3, 0x80, 0xe0, 0x7, 0x3, 0xc0, 0xf, 0x7,
    0x0, 0x1e, 0x7f, 0xf0, 0x3c, 0x1c, 0x0, 0x78,
    0x78, 0x0, 0xe0, 0xe0, 0x3, 0xc1, 0xc0, 0x7,
    0x87, 0x80, 0xe, 0xe, 0x0, 0x38, 0x1c, 0x0,
    0xf0, 0x38, 0x3, 0xc0, 0xf0, 0xe, 0x1, 0xe0,
    0xf0, 0xf, 0xff, 0x80, 0x0,

    /* U+00D1 "Ñ" */
    0x0, 0x1f, 0x10, 0x0, 0x3f, 0xe0, 0x0, 0x43,
    0xc0, 0x0, 0x0, 0x0, 0x0, 0x0, 0x0, 0x0,
    0x0, 0x0, 0xf, 0xc0, 0x3f, 0x1, 0xc0, 0xc,
    0x1, 0xe0, 0x8, 0x1, 0xe0, 0x18, 0x3, 0xe0,
    0x18, 0x3, 0x70, 0x10, 0x2, 0x70, 0x10, 0x2,
    0x38, 0x30, 0x6, 0x38, 0x30, 0x6, 0x38, 0x20,
    0x4, 0x1c, 0x20, 0xc, 0x1c, 0x60, 0xc, 0xe,
    0x40, 0x8, 0xe, 0x40, 0x8, 0x7, 0x40, 0x18,
    0x7, 0xc0, 0x18, 0x7, 0x80, 0x10, 0x3, 0x80,
    0x30, 0x3, 0x80, 0x30, 0x1, 0x0, 0xfc, 0x1,
    0x0,

    /* U+00D2 "Ò" */
    0x0, 0x18, 0x0, 0x0, 0xe0, 0x0, 0x7, 0x0,
    0x0, 0x1c, 0x0, 0x0, 0x20, 0x0, 0x0, 0x80,
    0x0, 0x0, 0x0, 0x3, 0xe0, 0x0, 0xe1, 0xc0,
    0xc, 0x7, 0x1, 0xc0, 0x1c, 0x1c, 0x0, 0xe1,
    0xe0, 0x7, 0xe, 0x0, 0x3c, 0xf0, 0x1, 0xef,
    0x0, 0xf, 0x78, 0x0, 0x73, 0x80, 0x3, 0xbc,
    0x0, 0x3d, 0xe0, 0x1, 0xcf, 0x0, 0x1e, 0x78,
    0x0, 0xe3, 0xc0, 0xf, 0xe, 0x0, 0x70, 0x70,
    0x7, 0x3, 0x80, 0x70, 0xe, 0x7, 0x0, 0x3f,
    0xe0, 0x0, 0x10, 0x0, 0x0,

    /* U+00D3 "Ó" */
    0x0, 0x0, 0xc0, 0x0, 0xe, 0x0, 0x0, 0xe0,
    0x0, 0xe, 0x0, 0x0, 0xc0, 0x0, 0x8, 0x0,
    0x0, 0x0, 0x0, 0x3, 0xe0, 0x0, 0xe1, 0xc0,
    0xc, 0x7, 0x1, 0xc0, 0x1c, 0x1c, 0x0, 0xe1,
    0xe0, 0x7, 0xe, 0x0, 0x3c, 0xf0, 0x1, 0xef,
    0x0, 0xf, 0x78, 0x0, 0x73, 0x80, 0x3, 0xbc,
    0x0, 0x3d, 0xe0, 0x1, 0xcf, 0x0, 0x1e, 0x78,
    0x0, 0xe3, 0xc0, 0xf, 0xe, 0x0, 0x70, 0x70,
    0x7, 0x3, 0x80, 0x70, 0xe, 0x7, 0x0, 0x3f,
    0xe0, 0x0, 0x10, 0x0, 0x0,

    /* U+00D4 "Ô" */
    0x0, 0x3, 0x0, 0x0, 0x3c, 0x0, 0x3, 0x60,
    0x0, 0x31, 0x80, 0x3, 0x4, 0x0, 0x20, 0x10,
    0x0, 0x0, 0x0, 0x3, 0xe0, 0x0, 0xe1, 0xc0,
    0xc, 0x7, 0x1, 0xc0, 0x1c, 0x1c, 0x0, 0xe1,
    0xe0, 0x7, 0xe, 0x0, 0x3c, 0xf0, 0x1, 0xef,
    0x0, 0xf, 0x78, 0x0, 0x73, 0x80, 0x3, 0xbc,
    0x0, 0x3d, 0xe0, 0x1, 0xcf, 0x0, 0x1e, 0x78,
    0x0, 0xe3, 0xc0, 0xf, 0xe, 0x0, 0x70, 0x70,
    0x7, 0x3, 0x80, 0x70, 0xe, 0x7, 0x0, 0x3f,
    0xe0, 0x0, 0x10, 0x0, 0x0,

    /* U+00D5 "Õ" */
    0x0, 0x0, 0x10, 0x0, 0xf1, 0x80, 0xf, 0xf8,
    0x0, 0x8f, 0x0, 0x0, 0x0, 0x0, 0xf, 0x80,
    0x3, 0x87, 0x0, 0x30, 0x1c, 0x7, 0x0, 0x70,
    0x70, 0x3, 0x87, 0x80, 0x1c, 0x38, 0x0, 0xf3,
    0xc0, 0x7, 0xbc, 0x0, 0x3d, 0xe0, 0x1, 0xce,
    0x0, 0xe, 0xf0, 0x0, 0xf7, 0x80, 0x7, 0x3c,
    0x0, 0x79, 0xe0, 0x3, 0x8f, 0x0, 0x3c, 0x38,
    0x1, 0xc1, 0xc0, 0x1c, 0xe, 0x1, 0xc0, 0x38,
    0x1c, 0x0, 0xff, 0x80, 0x0, 0x40, 0x0,

    /* U+00D6 "Ö" */
    0x0, 0x30, 0xc0, 0x3, 0x87, 0x0, 0xc, 0x30,
    0x0, 0x0, 0x0, 0x1, 0xf0, 0x0, 0x70, 0xe0,
    0x6, 0x3, 0x80, 0xe0, 0xe, 0xe, 0x0, 0x70,
    0xf0, 0x3, 0x87, 0x0, 0x1e, 0x78, 0x0, 0xf7,
    0x80, 0x7, 0xbc, 0x0, 0x39, 0xc0, 0x1, 0xde,
    0x0, 0x1e, 0xf0, 0x0, 0xe7, 0x80, 0xf, 0x3c,
    0x0, 0x71, 0xe0, 0x7, 0x87, 0x0, 0x38, 0x38,
    0x3, 0x81, 0xc0, 0x38, 0x7, 0x3, 0x80, 0x1f,
    0xf0, 0x0, 0x8, 0x0, 0x0,

    /* U+00D7 "×" */
    0x40, 0x0, 0xe0, 0x6, 0x70, 0xe, 0x38, 0x1c,
    0x1c, 0x38, 0xe, 0x70, 0x7, 0xe0, 0x3, 0xc0,
    0x3, 0xc0, 0x7, 0xe0, 0xe, 0x70, 0x1c, 0x38,
    0x38, 0x1c, 0x70, 0xe, 0xe0, 0x6, 0x40, 0x0,

    /* U+00D8 "Ø" */
    0x0, 0x0, 0x20, 0x0, 0x3, 0x0, 0xf, 0xd0,
    0x1, 0xc3, 0x80, 0x18, 0x1e, 0x3, 0x80, 0xb8,
    0x38, 0x9, 0xc3, 0xc0, 0xce, 0x1c, 0x4, 0x79,
    0xe0, 0x43, 0xde, 0x6, 0x1e, 0xf0, 0x20, 0xe7,
    0x2, 0x7, 0x78, 0x30, 0x7b, 0xc3, 0x3, 0xde,
    0x10, 0x3c, 0xf1, 0x81, 0xc7, 0x98, 0x1e, 0x1c,
    0x80, 0xe0, 0xec, 0xe, 0x7, 0xc0, 0xe0, 0x1c,
    0xe, 0x0, 0x7f, 0xc0, 0x6, 0x20, 0x0, 0x20,
    0x0, 0x2, 0x0, 0x0, 0x0,

    /* U+00D9 "Ù" */
    0x0, 0x60, 0x0, 0x7, 0x0, 0x0, 0x1c, 0x0,
    0x0, 0x70, 0x0, 0x1, 0x80, 0x0, 0x6, 0x0,
    0x0, 0x0, 0x1f, 0xf0, 0x7f, 0x1e, 0x0, 0x60,
    0xe0, 0x2, 0x7, 0x0, 0x30, 0x78, 0x1, 0x83,
    0x80, 0x8, 0x1c, 0x0, 0x41, 0xe0, 0x6, 0xe,
    0x0, 0x30, 0x70, 0x1, 0x3, 0x80, 0x8, 0x3c,
    0x0, 0xc1, 0xc0, 0x4, 0xe, 0x0, 0x20, 0x70,
    0x1, 0x3, 0x80, 0x10, 0x1c, 0x0, 0x80, 0xe0,
    0xc, 0x7, 0x0, 0xc0, 0x1c, 0xc, 0x0, 0x7f,
    0xc0, 0x0, 0x20, 0x0, 0x0,

    /* U+00DA "Ú" */
    0x0, 0x3, 0x0, 0x0, 0x38, 0x0, 0x3, 0x80,
    0x0, 0x38, 0x0, 0x3, 0x0, 0x0, 0x20, 0x0,
    0x0, 0x0, 0x1f, 0xf0, 0x7f, 0x1e, 0x0, 0x60,
    0xe0, 0x2, 0x7, 0x0, 0x30, 0x78, 0x1, 0x83,
    0x80, 0x8, 0x1c, 0x0, 0x41, 0xe0, 0x6, 0xe,
    0x0, 0x30, 0x70, 0x1, 0x3, 0x80, 0x8, 0x3c,
    0x0, 0xc1, 0xc0, 0x4, 0xe, 0x0, 0x20, 0x70,
    0x1, 0x3, 0x80, 0x10, 0x1c, 0x0, 0x80, 0xe0,
    0xc, 0x7, 0x0, 0xc0, 0x1c, 0xc, 0x0, 0x7f,
    0xc0, 0x0, 0x20, 0x0, 0x0,

    /* U+00DB "Û" */
    0x0, 0x1c, 0x0, 0x1, 0xe0, 0x0, 0x1f, 0x80,
    0x1, 0x8c, 0x0, 0x18, 0x30, 0x1, 0x0, 0x80,
    0x0, 0x0, 0x1f, 0xf0, 0x7f, 0x1e, 0x0, 0x60,
    0xe0, 0x2, 0x7, 0x0, 0x30, 0x78, 0x1, 0x83,
    0x80, 0x8, 0x1c, 0x0, 0x41, 0xe0, 0x6, 0xe,
    0x0, 0x30, 0x70, 0x1, 0x3, 0x80, 0x8, 0x3c,
    0x0, 0xc1, 0xc0, 0x4, 0xe, 0x0, 0x20, 0x70,
    0x1, 0x3, 0x80, 0x10, 0x1c, 0x0, 0x80, 0xe0,
    0xc, 0x7, 0x0, 0xc0, 0x1c, 0xc, 0x0, 0x7f,
    0xc0, 0x0, 0x20, 0x0, 0x0,

    /* U+00DC "Ü" */
    0x1, 0xc3, 0x0, 0xe, 0x3c, 0x0, 0x70, 0xc0,
    0x0, 0x0, 0xf, 0xf8, 0x3f, 0x8f, 0x0, 0x30,
    0x70, 0x1, 0x3, 0x80, 0x18, 0x3c, 0x0, 0xc1,
    0xc0, 0x4, 0xe, 0x0, 0x20, 0xf0, 0x3, 0x7,
    0x0, 0x18, 0x38, 0x0, 0x81, 0xc0, 0x4, 0x1e,
    0x0, 0x60, 0xe0, 0x2, 0x7, 0x0, 0x10, 0x38,
    0x0, 0x81, 0xc0, 0x8, 0xe, 0x0, 0x40, 0x70,
    0x6, 0x3, 0x80, 0x60, 0xe, 0x6, 0x0, 0x3f,
    0xe0, 0x0, 0x10, 0x0, 0x0,

    /* U+00DD "Ý" */
    0x0, 0xc, 0x0, 0xe, 0x0, 0xe, 0x0, 0xc,
    0x0, 0xc, 0x0, 0x8, 0x0, 0x0, 0x1, 0xfe,
    0x3f, 0x38, 0x3, 0x1c, 0x3, 0x7, 0x3, 0x3,
    0x81, 0x1, 0xc1, 0x80, 0x71, 0x80, 0x39, 0x80,
    0x1d, 0x80, 0xe, 0x80, 0x3, 0x80, 0x1, 0xc0,
    0x1, 0xe0, 0x0, 0xe0, 0x0, 0x70, 0x0, 0x38,
    0x0, 0x3c, 0x0, 0x1c, 0x0, 0xe, 0x0, 0xf,
    0x0, 0x1f, 0xf0, 0x0,

    /* U+00DE "Þ" */
    0x7, 0xf0, 0x0, 0x78, 0x0, 0x1c, 0x0, 0x7,
    0x0, 0x3, 0xc0, 0x0, 0xff, 0x80, 0x38, 0x78,
    0xe, 0xf, 0x7, 0x81, 0xc1, 0xc0, 0x70, 0x70,
    0x1c, 0x3c, 0x7, 0xf, 0x3, 0xc3, 0x80, 0xe0,
    0xe0, 0xf0, 0x7f, 0xe0, 0x1c, 0x0, 0x7, 0x0,
    0x1, 0xc0, 0x0, 0xf0, 0x0, 0xff, 0x0, 0x0,

    /* U+00DF "ß" */
    0x0, 0x3, 0xe0, 0x0, 0x71, 0x80, 0x7, 0xc,
    0x0, 0x30, 0x70, 0x3, 0x83, 0x80, 0x18, 0x1c,
    0x1, 0xc0, 0xc0, 0xe, 0xc, 0x0, 0x60, 0xc0,
    0x7, 0x38, 0x0, 0x38, 0x30, 0x1, 0xc1, 0xc0,
    0xc, 0x6, 0x0, 0x60, 0x30, 0x7, 0x1, 0x80,
    0x38, 0x1c, 0x1, 0x80, 0xe0, 0xc, 0x86, 0x0,
    0xee, 0x70, 0x6, 0x67, 0x0, 0x31, 0xe0, 0x1,
    0x80, 0x0, 0x1c, 0x0, 0x0, 0xc0, 0x0, 0xc6,
    0x0, 0x6, 0x60, 0x0, 0x32, 0x0, 0x1, 0xe0,
    0x0, 0x0,

    /* U+00E0 "à" */
    0x3, 0x0, 0x1c, 0x0, 0x38, 0x0, 0x70, 0x0,
    0xc0, 0x0, 0x0, 0x0, 0x0, 0xf3, 0x6, 0x3c,
    0x70, 0x63, 0x81, 0x8c, 0x6, 0x70, 0x33, 0x80,
    0xce, 0x3, 0x38, 0x1c, 0xc0, 0x63, 0x3, 0x8c,
    0x16, 0x78, 0x9a, 0x7c, 0x70,

    /* U+00E1 "á" */
    0x0, 0xc, 0x0, 0x70, 0x3, 0x80, 0x18, 0x0,
    0xc0, 0x0, 0x0, 0x0, 0x0, 0xf3, 0x6, 0x3c,
    0x70, 0x63, 0x81, 0x8c, 0x6, 0x70, 0x33, 0x80,
    0xce, 0x3, 0x38, 0x1c, 0xc0, 0x63, 0x3, 0x8c,
    0x16, 0x78, 0x9a, 0x7c, 0x70,

    /* U+00E2 "â" */
    0x0, 0x70, 0x3, 0xc0, 0x19, 0x80, 0xc2, 0x4,
    0x4, 0x0, 0x0, 0x0, 0x0, 0xf3, 0x6, 0x3c,
    0x70, 0x63, 0x81, 0x8c, 0x6, 0x70, 0x33, 0x80,
    0xce, 0x3, 0x38, 0x1c, 0xc0, 0x63, 0x3, 0x8c,
    0x16, 0x78, 0x9a, 0x7c, 0x70,

    /* U+00E3 "ã" */
    0x3, 0xc2, 0xf, 0xf8, 0x23, 0xe0, 0x0, 0x0,
    0x0, 0x0, 0x0, 0x0, 0xf3, 0x3, 0x1e, 0x1c,
    0x18, 0x70, 0x30, 0xc0, 0x63, 0x81, 0x8e, 0x3,
    0x1c, 0x6, 0x38, 0x1c, 0x60, 0x30, 0xc0, 0xe1,
    0x82, 0xcb, 0x89, 0xa3, 0xe3, 0x80,

    /* U+00E4 "ä" */
    0x3, 0xc, 0xe, 0x1c, 0xc, 0x30, 0x0, 0x0,
    0x0, 0x0, 0x79, 0x81, 0x8f, 0xe, 0xc, 0x38,
    0x18, 0x60, 0x31, 0xc0, 0xc7, 0x1, 0x8e, 0x3,
    0x1c, 0xe, 0x30, 0x18, 0x60, 0x70, 0xc1, 0x65,
    0xc4, 0xd1, 0xf1, 0xc0,

    /* U+00E5 "å" */
    0x0, 0x70, 0x6, 0x60, 0x10, 0x80, 0x42, 0x1,
    0x10, 0x7, 0x80, 0x0, 0x0, 0x0, 0x0, 0x0,
    0xf, 0x30, 0x63, 0xc7, 0x6, 0x38, 0x18, 0xc0,
    0x67, 0x3, 0x38, 0xc, 0xe0, 0x33, 0x81, 0xcc,
    0x6, 0x30, 0x38, 0xc1, 0x67, 0x89, 0xa7, 0xc7,
    0x0,

    /* U+00E6 "æ" */
    0x3, 0xd9, 0xc0, 0xc7, 0x4c, 0x30, 0xf1, 0x8c,
    0x1c, 0x33, 0x3, 0xc, 0xe0, 0xe3, 0x18, 0x1d,
    0x87, 0x3, 0xc0, 0xe0, 0xe0, 0x18, 0x1c, 0x3,
    0x7, 0x80, 0x61, 0x70, 0x4e, 0x47, 0x10, 0xf0,
    0x7c, 0x0,

    /* U+00E7 "ç" */
    0x3, 0xe0, 0xe3, 0x18, 0x33, 0x3, 0x70, 0x6,
    0x0, 0xe0, 0xe, 0x0, 0xe0, 0xe, 0x0, 0xe0,
    0xe, 0x4, 0x71, 0x83, 0xe0, 0x10, 0x2, 0x0,
    0x3c, 0x0, 0xc0, 0xc, 0x0, 0xc0, 0xf8, 0x0,

    /* U+00E8 "è" */
    0x3, 0x0, 0x38, 0x3, 0x80, 0x1c, 0x0, 0x40,
    0x0, 0x0, 0x0, 0x1e, 0x6, 0x30, 0xc3, 0x38,
    0x33, 0x86, 0x70, 0xcf, 0x38, 0xec, 0xf, 0x0,
    0xe0, 0xe, 0x0, 0xe0, 0x47, 0x8, 0x3f, 0x0,

    /* U+00E9 "é" */
    0x0, 0xc, 0x0, 0x70, 0x3, 0x0, 0x18, 0x0,
    0x80, 0x4, 0x0, 0x0, 0x0, 0x78, 0x6, 0x30,
    0x30, 0xc3, 0x83, 0xe, 0x18, 0x70, 0xc3, 0xce,
    0xe, 0xc0, 0x3c, 0x0, 0xe0, 0x3, 0x80, 0xe,
    0x4, 0x1c, 0x20, 0x3f, 0x0,

    /* U+00EA "ê" */
    0x0, 0xe0, 0x7, 0xc0, 0x3b, 0x1, 0x86, 0xc,
    0x8, 0x0, 0x0, 0x0, 0x0, 0x78, 0x6, 0x30,
    0x30, 0xc3, 0x83, 0xe, 0x18, 0x70, 0xc3, 0xce,
    0xe, 0xc0, 0x3c, 0x0, 0xe0, 0x3, 0x80, 0xe,
    0x4, 0x1c, 0x20, 0x3f, 0x0,

    /* U+00EB "ë" */
    0xe, 0x18, 0x71, 0xc3, 0x86, 0x0, 0x0, 0x0,
    0x0, 0xf0, 0x18, 0xc1, 0x86, 0x38, 0x31, 0xc3,
    0x1c, 0x31, 0xe7, 0xe, 0xc0, 0x78, 0x3, 0x80,
    0x1c, 0x0, 0xe0, 0x43, 0x84, 0xf, 0xc0,

    /* U+00EC "ì" */
    0x30, 0x70, 0xe0, 0xe0, 0x40, 0x0, 0x1c, 0x78,
    0x70, 0xc3, 0x87, 0xc, 0x18, 0x70, 0xe1, 0x8b,
    0x26, 0x8e, 0x0,

    /* U+00ED "í" */
    0x3, 0x7, 0xe, 0x18, 0x20, 0x40, 0x0, 0x38,
    0x78, 0x38, 0x30, 0x70, 0x70, 0x60, 0x60, 0xe0,
    0xe0, 0xc0, 0xc8, 0xd0, 0xe0,

    /* U+00EE "î" */
    0xe, 0x7, 0xc3, 0xb1, 0x86, 0xc0, 0x80, 0x0,
    0x0, 0x60, 0x78, 0xe, 0x3, 0x0, 0xc0, 0x70,
    0x1c, 0x6, 0x3, 0x80, 0xe0, 0x31, 0xc, 0x83,
    0x40, 0xe0, 0x0,

    /* U+00EF "ï" */
    0xc1, 0xf1, 0xf0, 0x60, 0x0, 0x1, 0xc1, 0xe0,
    0x70, 0x30, 0x38, 0x1c, 0xc, 0x6, 0x7, 0x3,
    0x81, 0x88, 0xc8, 0x68, 0x38, 0x0,

    /* U+00F0 "ð" */
    0x2, 0x0, 0xe, 0x30, 0xf, 0x80, 0x78, 0x7,
    0x30, 0x10, 0xe0, 0x1, 0x80, 0x7, 0x3, 0xfc,
    0x38, 0xb1, 0xc1, 0xce, 0x7, 0x70, 0x1d, 0xc0,
    0x7e, 0x1, 0xb8, 0xe, 0xe0, 0x33, 0x80, 0xcc,
    0x6, 0x38, 0x30, 0x61, 0x80, 0xf8, 0x0,

    /* U+00F1 "ñ" */
    0x1, 0xe1, 0x7, 0xfe, 0x4, 0x78, 0x0, 0x0,
    0x0, 0x0, 0x0, 0x0, 0x3e, 0x38, 0x1c, 0xdc,
    0x1d, 0x1c, 0x1d, 0x1c, 0x1a, 0x1c, 0x1c, 0x18,
    0x3c, 0x38, 0x38, 0x38, 0x38, 0x30, 0x30, 0x30,
    0x70, 0x72, 0x70, 0x74, 0x60, 0x78, 0x60, 0x70,

    /* U+00F2 "ò" */
    0x1, 0x80, 0xe, 0x0, 0x1c, 0x0, 0x38, 0x0,
    0x60, 0x0, 0x0, 0x0, 0x0, 0x7c, 0x6, 0x38,
    0x70, 0x73, 0x81, 0xdc, 0x7, 0x70, 0x1f, 0x80,
    0x7e, 0x3, 0xb8, 0xe, 0xe0, 0x33, 0x1, 0x8e,
    0xc, 0x18, 0x60, 0x3e, 0x0,

    /* U+00F3 "ó" */
    0x0, 0xc, 0x0, 0x70, 0x3, 0x80, 0x18, 0x0,
    0x80, 0x4, 0x0, 0x0, 0x0, 0x7c, 0x6, 0x38,
    0x70, 0x73, 0x81, 0xdc, 0x7, 0x70, 0x1f, 0x80,
    0x7e, 0x3, 0xb8, 0xe, 0xe0, 0x33, 0x1, 0x8e,
    0xc, 0x18, 0x60, 0x3e, 0x0,

    /* U+00F4 "ô" */
    0x0, 0x30, 0x0, 0xf0, 0x7, 0x60, 0x18, 0x60,
    0x60, 0x60, 0x0, 0x0, 0x0, 0x0, 0xf8, 0x6,
    0x38, 0x38, 0x38, 0xe0, 0x73, 0x80, 0xe7, 0x1,
    0xdc, 0x3, 0xb8, 0xe, 0x70, 0x1c, 0xe0, 0x31,
    0x80, 0xc3, 0x83, 0x3, 0xc, 0x3, 0xe0, 0x0,

    /* U+00F5 "õ" */
    0x0, 0x1, 0x1, 0xe2, 0x6, 0xfc, 0x8, 0x78,
    0x0, 0x0, 0x0, 0x0, 0x1, 0xf0, 0x6, 0x38,
    0x1c, 0x1c, 0x38, 0x1c, 0x70, 0x1c, 0x70, 0x1c,
    0xe0, 0x1c, 0xe0, 0x38, 0xe0, 0x38, 0xe0, 0x30,
    0xc0, 0x60, 0xe0, 0xc0, 0x61, 0x80, 0x3e, 0x0,

    /* U+00F6 "ö" */
    0x3, 0xc, 0xe, 0x1c, 0xc, 0x30, 0x0, 0x0,
    0x0, 0x0, 0x3e, 0x1, 0x8e, 0xe, 0xe, 0x38,
    0x1c, 0xe0, 0x39, 0xc0, 0x77, 0x0, 0xee, 0x3,
    0x9c, 0x7, 0x38, 0xc, 0x60, 0x30, 0xe0, 0xc0,
    0xc3, 0x0, 0xf8, 0x0,

    /* U+00F7 "÷" */
    0x1, 0x80, 0x3, 0xc0, 0x3, 0x80, 0x0, 0x0,
    0x0, 0x0, 0x0, 0x0, 0x0, 0x0, 0x0, 0x0,
    0xff, 0xff, 0xff, 0xff, 0x0, 0x0, 0x0, 0x0,
    0x0, 0x0, 0x0, 0x0, 0x1, 0x80, 0x3, 0xc0,
    0x3, 0x80,

    /* U+00F8 "ø" */
    0x0, 0x10, 0x0, 0x40, 0x3, 0x0, 0x8, 0x1,
    0xe0, 0x19, 0xe1, 0xc5, 0xce, 0x27, 0x30, 0x9d,
    0xc4, 0x7e, 0x11, 0xf8, 0x8e, 0xe6, 0x3b, 0x90,
    0xcc, 0xc6, 0x3a, 0x30, 0x71, 0x80, 0xf8, 0x1,
    0x0, 0x8, 0x0, 0x20, 0x1, 0x0, 0x0,

    /* U+00F9 "ù" */
    0x6, 0x0, 0x1c, 0x0, 0x38, 0x0, 0x60, 0x0,
    0xc0, 0x0, 0x0, 0x0, 0x1e, 0x6, 0x38, 0x18,
    0xe0, 0xe3, 0x83, 0x8c, 0x1c, 0x30, 0x71, 0xc1,
    0xc7, 0xf, 0x18, 0x58, 0x62, 0xe3, 0x8b, 0x8e,
    0x4e, 0xb2, 0x34, 0xf0, 0xe0,

    /* U+00FA "ú" */
    0x0, 0xc, 0x0, 0x70, 0x3, 0x0, 0x18, 0x1,
    0x80, 0x0, 0x0, 0x0, 0x1e, 0x6, 0x38, 0x18,
    0xe0, 0xe3, 0x83, 0x8c, 0x1c, 0x30, 0x71, 0xc1,
    0xc7, 0xf, 0x18, 0x58, 0x62, 0xe3, 0x8b, 0x8e,
    0x4e, 0xb2, 0x34, 0xf0, 0xe0,

    /* U+00FB "û" */
    0x0, 0xe0, 0x7, 0x80, 0x33, 0x1, 0x86, 0x8,
    0x8, 0x0, 0x0, 0x0, 0x1e, 0x6, 0x38, 0x18,
    0xe0, 0xe3, 0x83, 0x8c, 0x1c, 0x30, 0x71, 0xc1,
    0xc7, 0xf, 0x18, 0x58, 0x62, 0xe3, 0x8b, 0x8e,
    0x4e, 0xb2, 0x34, 0xf0, 0xe0,

    /* U+00FC "ü" */
    0x6, 0xc, 0x1c, 0x70, 0x70, 0xc0, 0x0, 0x0,
    0x1, 0xe0, 0x63, 0x81, 0x8e, 0xe, 0x38, 0x38,
    0xc1, 0xc3, 0x7, 0x1c, 0x1c, 0x70, 0xf1, 0x85,
    0x86, 0x2e, 0x38, 0xb8, 0xe4, 0xeb, 0x23, 0x4f,
    0xe, 0x0,

    /* U+00FD "ý" */
    0x0, 0xc, 0x0, 0x38, 0x0, 0xe0, 0x3, 0x0,
    0xc, 0x0, 0x0, 0x0, 0x0, 0xf, 0x6, 0x2e,
    0xe, 0xc, 0xc, 0x1c, 0x10, 0x18, 0x20, 0x30,
    0x40, 0x71, 0x0, 0xe2, 0x0, 0xc8, 0x1, 0x90,
    0x3, 0x40, 0x7, 0x80, 0xe, 0x0, 0x8, 0x0,
    0x10, 0x0, 0x40, 0x1, 0x0, 0x2, 0x0, 0xc8,
    0x3, 0xe0, 0x3, 0x80, 0x0,

    /* U+00FE "þ" */
    0x3, 0xe0, 0x0, 0x70, 0x0, 0x30, 0x0, 0x18,
    0x0, 0x1c, 0x0, 0xc, 0x0, 0x6, 0x0, 0x3,
    0x3c, 0x3, 0x67, 0x1, 0xc1, 0xc0, 0xc0, 0xe0,
    0xe0, 0x70, 0x60, 0x38, 0x30, 0x1c, 0x18, 0x1c,
    0x18, 0xe, 0xc, 0xe, 0x6, 0x6, 0x3, 0x6,
    0x3, 0x8e, 0x1, 0xbc, 0x0, 0xc0, 0x0, 0xe0,
    0x0, 0x70, 0x0, 0x30, 0x0, 0x18, 0x0, 0x1c,
    0x0, 0x1f, 0x80, 0x0,

    /* U+00FF "ÿ" */
    0x6, 0x1c, 0xe, 0x38, 0x18, 0x70, 0x0, 0x0,
    0x0, 0x3, 0xc1, 0x8b, 0x83, 0x83, 0x3, 0x7,
    0x4, 0x6, 0x8, 0xc, 0x10, 0x1c, 0x40, 0x38,
    0x80, 0x32, 0x0, 0x64, 0x0, 0xd0, 0x1, 0xe0,
    0x3, 0x80, 0x2, 0x0, 0x4, 0x0, 0x10, 0x0,
    0x40, 0x0, 0x80, 0x32, 0x0, 0xf8, 0x0, 0xe0,
    0x0,

    /* U+0100 "Ā" */
    0x0, 0xff, 0x80, 0x0, 0x0, 0x0, 0x0, 0x0,
    0x0, 0x0, 0x0, 0x4, 0x0, 0x0, 0x40, 0x0,
    0xe, 0x0, 0x1, 0xe0, 0x0, 0x1e, 0x0, 0x3,
    0xe0, 0x0, 0x2e, 0x0, 0x4, 0x60, 0x0, 0xc7,
    0x0, 0x8, 0x70, 0x1, 0x87, 0x0, 0x10, 0x70,
    0x3, 0x7, 0x0, 0x7f, 0xf8, 0x4, 0x3, 0x80,
    0xc0, 0x38, 0x8, 0x3, 0x81, 0x80, 0x38, 0x30,
    0x3, 0x83, 0x0, 0x3c, 0xfc, 0xf, 0xf0,

    /* U+0101 "ā" */
    0x7, 0xfe, 0x0, 0x0, 0x0, 0x0, 0x0, 0x0,
    0x0, 0x0, 0x79, 0x81, 0x8f, 0xe, 0xc, 0x38,
    0x18, 0x60, 0x31, 0xc0, 0xc7, 0x1, 0x8e, 0x3,
    0x1c, 0xe, 0x30, 0x18, 0x60, 0x70, 0xc1, 0x65,
    0xc4, 0xd1, 0xf1, 0xc0,

    /* U+0102 "Ă" */
    0x0, 0x40, 0x40, 0x4, 0xc, 0x0, 0x61, 0x80,
    0x3, 0xf0, 0x0, 0x1e, 0x0, 0x0, 0x0, 0x0,
    0x0, 0x0, 0x0, 0x40, 0x0, 0x4, 0x0, 0x0,
    0xe0, 0x0, 0x1e, 0x0, 0x1, 0xe0, 0x0, 0x3e,
    0x0, 0x2, 0xe0, 0x0, 0x46, 0x0, 0xc, 0x70,
    0x0, 0x87, 0x0, 0x18, 0x70, 0x1, 0x7, 0x0,
    0x30, 0x70, 0x7, 0xff, 0x80, 0x40, 0x38, 0xc,
    0x3, 0x80, 0x80, 0x38, 0x18, 0x3, 0x83, 0x0,
    0x38, 0x30, 0x3, 0xcf, 0xc0, 0xff,

    /* U+0103 "ă" */
    0x2, 0x2, 0x4, 0x8, 0xc, 0x30, 0x1f, 0xc0,
    0x1e, 0x0, 0x0, 0x0, 0x0, 0x1, 0xe6, 0x6,
    0x3c, 0x38, 0x30, 0xe0, 0x61, 0x80, 0xc7, 0x3,
    0x1c, 0x6, 0x38, 0xc, 0x70, 0x38, 0xc0, 0x61,
    0x81, 0xc3, 0x5, 0x97, 0x13, 0x47, 0xc7, 0x0,

    /* U+0104 "Ą" */
    0x0, 0x6, 0x0, 0x0, 0x3, 0x0, 0x0, 0x3,
    0x80, 0x0, 0x1, 0xc0, 0x0, 0x1, 0xe0, 0x0,
    0x0, 0xb8, 0x0, 0x0, 0x9c, 0x0, 0x0, 0xce,
    0x0, 0x0, 0x47, 0x0, 0x0, 0x63, 0x80, 0x0,
    0x21, 0xc0, 0x0, 0x20, 0x70, 0x0, 0x30, 0x38,
    0x0, 0x1f, 0xfc, 0x0, 0x18, 0xe, 0x0, 0x8,
    0x7, 0x0, 0xc, 0x3, 0x80, 0xc, 0x0, 0xe0,
    0x6, 0x0, 0x70, 0x6, 0x0, 0x38, 0xf, 0xc0,
    0xff, 0x0, 0x0, 0x1, 0x80, 0x0, 0x0, 0xc0,
    0x0, 0x0, 0x63, 0x0, 0x0, 0x3f, 0x0, 0x0,
    0xf, 0x0,

    /* U+0105 "ą" */
    0x3, 0xcc, 0xc, 0x78, 0x70, 0x61, 0xc0, 0xc3,
    0x1, 0x8e, 0x6, 0x38, 0xc, 0x70, 0x18, 0xe0,
    0x71, 0x80, 0xc3, 0x3, 0x86, 0xb, 0x2e, 0x26,
    0x8f, 0x8e, 0x0, 0x30, 0x0, 0x60, 0x0, 0xc2,
    0x1, 0xf8, 0x1, 0xe0,

    /* U+0106 "Ć" */
    0x0, 0x0, 0x60, 0x0, 0xe, 0x0, 0x1, 0xc0,
    0x0, 0x38, 0x0, 0x6, 0x0, 0x0, 0x80, 0x0,
    0x0, 0x0, 0x3, 0xff, 0x0, 0xe0, 0xf0, 0x38,
    0x7, 0x7, 0x0, 0x30, 0xe0, 0x2, 0x1c, 0x0,
    0x23, 0xc0, 0x0, 0x38, 0x0, 0x7, 0x80, 0x0,
    0x78, 0x0, 0x7, 0x0, 0x0, 0xf0, 0x0, 0xf,
    0x0, 0x0, 0xf0, 0x0, 0xf, 0x0, 0x0, 0x70,
    0x0, 0x7, 0x0, 0x0, 0x78, 0x0, 0x83, 0x80,
    0x10, 0x1c, 0x6, 0x0, 0xff, 0x80, 0x0, 0x80,
    0x0,

    /* U+0107 "ć" */
    0x0, 0x18, 0x0, 0xf0, 0x7, 0x0, 0x38, 0x1,
    0x80, 0x0, 0x0, 0x0, 0x0, 0xf8, 0xe, 0x30,
    0x60, 0xc3, 0x83, 0x1c, 0x0, 0x60, 0x3, 0x80,
    0xe, 0x0, 0x38, 0x0, 0xe0, 0x3, 0x80, 0xe,
    0x4, 0x1c, 0x60, 0x3e, 0x0,

    /* U+0108 "Ĉ" */
    0x0, 0x7, 0x0, 0x0, 0xf8, 0x0, 0x1d, 0x80,
    0x1, 0x8c, 0x0, 0x20, 0x40, 0x4, 0x2, 0x0,
    0x0, 0x0, 0x3, 0xff, 0x0, 0xe0, 0xf0, 0x38,
    0x7, 0x7, 0x0, 0x30, 0xe0, 0x2, 0x1c, 0x0,
    0x23, 0xc0, 0x0, 0x38, 0x0, 0x7, 0x80, 0x0,
    0x78, 0x0, 0x7, 0x0, 0x0, 0xf0, 0x0, 0xf,
    0x0, 0x0, 0xf0, 0x0, 0xf, 0x0, 0x0, 0x70,
    0x0, 0x7, 0x0, 0x0, 0x78, 0x0, 0x83, 0x80,
    0x10, 0x1c, 0x6, 0x0, 0xff, 0x80, 0x0, 0x80,
    0x0,

    /* U+0109 "ĉ" */
    0x0, 0x70, 0x3, 0xc0, 0x1b, 0x80, 0xc2, 0x4,
    0x4, 0x0, 0x0, 0x0, 0x0, 0xf8, 0xe, 0x30,
    0x60, 0xc3, 0x83, 0x1c, 0x0, 0x60, 0x3, 0x80,
    0xe, 0x0, 0x38, 0x0, 0xe0, 0x3, 0x80, 0xe,
    0x4, 0x1c, 0x60, 0x3e, 0x0,

    /* U+010A "Ċ" */
    0x0, 0x6, 0x0, 0x0, 0x70, 0x0, 0x6, 0x0,
    0x0, 0x0, 0x0, 0x0, 0x0, 0x3, 0xff, 0x0,
    0xe0, 0xf0, 0x38, 0x7, 0x7, 0x0, 0x30, 0xe0,
    0x2, 0x1c, 0x0, 0x23, 0xc0, 0x0, 0x38, 0x0,
    0x7, 0x80, 0x0, 0x78, 0x0, 0x7, 0x0, 0x0,
    0xf0, 0x0, 0xf, 0x0, 0x0, 0xf0, 0x0, 0xf,
    0x0, 0x0, 0x70, 0x0, 0x7, 0x0, 0x0, 0x78,
    0x0, 0x83, 0x80, 0x10, 0x1c, 0x6, 0x0, 0xff,
    0x80, 0x0, 0x80, 0x0,

    /* U+010B "ċ" */
    0x0, 0xe0, 0xe, 0x0, 0xe0, 0x0, 0x0, 0x0,
    0x3e, 0xe, 0x31, 0x83, 0x38, 0x37, 0x0, 0x60,
    0xe, 0x0, 0xe0, 0xe, 0x0, 0xe0, 0xe, 0x0,
    0xe0, 0x47, 0x18, 0x3e, 0x0,

    /* U+010C "Č" */
    0x0, 0x20, 0x20, 0x1, 0xc, 0x0, 0x1d, 0x80,
    0x0, 0xf0, 0x0, 0xe, 0x0, 0x0, 0x0, 0x0,
    0x0, 0x0, 0x3, 0xff, 0x0, 0xe0, 0xf0, 0x38,
    0x7, 0x7, 0x0, 0x30, 0xe0, 0x2, 0x1c, 0x0,
    0x23, 0xc0, 0x0, 0x38, 0x0, 0x7, 0x80, 0x0,
    0x78, 0x0, 0x7, 0x0, 0x0, 0xf0, 0x0, 0xf,
    0x0, 0x0, 0xf0, 0x0, 0xf, 0x0, 0x0, 0x70,
    0x0, 0x7, 0x0, 0x0, 0x78, 0x0, 0x83, 0x80,
    0x10, 0x1c, 0x6, 0x0, 0xff, 0x80, 0x0, 0x80,
    0x0,

    /* U+010D "č" */
    0x2, 0x6, 0x6, 0x18, 0x6, 0xe0, 0xf, 0x80,
    0xe, 0x0, 0x0, 0x0, 0x0, 0x1, 0xf0, 0xe,
    0x30, 0x30, 0x60, 0xe0, 0xc3, 0x80, 0x6, 0x0,
    0x1c, 0x0, 0x38, 0x0, 0x70, 0x0, 0xe0, 0x1,
    0xc0, 0x3, 0x81, 0x3, 0x8c, 0x3, 0xe0, 0x0,

    /* U+010E "Ď" */
    0x0, 0x20, 0x20, 0x0, 0x61, 0x80, 0x0, 0x66,
    0x0, 0x0, 0x78, 0x0, 0x0, 0xe0, 0x0, 0x0,
    0x0, 0x0, 0x0, 0x0, 0x7, 0xff, 0xc0, 0x1,
    0xc1, 0xe0, 0x3, 0x80, 0xe0, 0x7, 0x0, 0xe0,
    0x1e, 0x1, 0xe0, 0x38, 0x1, 0xc0, 0x70, 0x3,
    0x80, 0xe0, 0x7, 0x83, 0x80, 0xf, 0x7, 0x0,
    0x1e, 0xe, 0x0, 0x3c, 0x3c, 0x0, 0x70, 0x70,
    0x1, 0xe0, 0xe0, 0x3, 0xc1, 0xc0, 0x7, 0x7,
    0x80, 0x1c, 0xe, 0x0, 0x78, 0x1c, 0x1, 0xe0,
    0x78, 0x7, 0x0, 0xf0, 0x78, 0x7, 0xff, 0xc0,
    0x0,

    /* U+010F "ď" */
    0x0, 0x1, 0x0, 0x0, 0x7c, 0x60, 0x0, 0x61,
    0xc0, 0x1, 0x87, 0x0, 0xe, 0xc, 0x0, 0x38,
    0x20, 0x0, 0xc1, 0x80, 0x3, 0x8, 0x1, 0xdc,
    0x0, 0x18, 0xf0, 0x0, 0xc3, 0x80, 0x6, 0xe,
    0x0, 0x30, 0x38, 0x1, 0xc0, 0xe0, 0x6, 0x3,
    0x0, 0x38, 0xc, 0x0, 0xe0, 0x70, 0x3, 0x1,
    0x80, 0xc, 0xe, 0x0, 0x30, 0x79, 0x0, 0xe2,
    0xe8, 0x1, 0xf1, 0xc0, 0x0,

    /* U+0110 "Đ" */
    0xf, 0xff, 0x80, 0x3, 0x83, 0xc0, 0x7, 0x1,
    0xc0, 0xe, 0x1, 0xc0, 0x3c, 0x3, 0xc0, 0x70,
    0x3, 0x80, 0xe0, 0x7, 0x3, 0xc0, 0xf, 0x7,
    0x0, 0x1e, 0x7f, 0xf0, 0x3c, 0x1c, 0x0, 0x78,
    0x78, 0x0, 0xe0, 0xe0, 0x3, 0xc1, 0xc0, 0x7,
    0x87, 0x80, 0xe, 0xe, 0x0, 0x38, 0x1c, 0x0,
    0xf0, 0x38, 0x3, 0xc0, 0xf0, 0xe, 0x1, 0xe0,
    0xf0, 0xf, 0xff, 0x80, 0x0,

    /* U+0111 "đ" */
    0x0, 0x1f, 0x0, 0x3, 0x80, 0x1, 0x80, 0x3f,
    0xf0, 0x0, 0xe0, 0x0, 0x60, 0x0, 0x30, 0x0,
    0x18, 0x1, 0xdc, 0x3, 0x1c, 0x3, 0xe, 0x3,
    0x7, 0x3, 0x3, 0x83, 0x81, 0x81, 0x80, 0xc1,
    0xc0, 0x60, 0xe0, 0x70, 0x60, 0x30, 0x30, 0x38,
    0x18, 0x3c, 0x8e, 0x2e, 0x83, 0xe3, 0x80,

    /* U+0112 "Ē" */
    0x0, 0x7f, 0xc0, 0x0, 0x0, 0x0, 0x0, 0x0,
    0x0, 0x0, 0xf, 0xff, 0xf0, 0x1c, 0x7, 0x1,
    0xc0, 0x10, 0x1c, 0x1, 0x3, 0xc0, 0x20, 0x38,
    0x0, 0x3, 0x80, 0x0, 0x38, 0x20, 0x7, 0x82,
    0x0, 0x70, 0x60, 0x7, 0xfe, 0x0, 0xf0, 0x40,
    0xe, 0x4, 0x0, 0xe0, 0x40, 0xe, 0x0, 0x1,
    0xe0, 0x0, 0x1c, 0x0, 0x41, 0xc0, 0xc, 0x3c,
    0x1, 0x83, 0xc0, 0x78, 0xff, 0xff, 0x0,

    /* U+0113 "ē" */
    0xf, 0xf8, 0x0, 0x0, 0x0, 0x0, 0x0, 0x1,
    0xe0, 0x18, 0xc0, 0xc3, 0xe, 0xc, 0x38, 0x61,
    0xc3, 0xf, 0x38, 0x3b, 0x0, 0xf0, 0x3, 0x80,
    0xe, 0x0, 0x38, 0x10, 0x70, 0x80, 0xfc, 0x0,

    /* U+0114 "Ĕ" */
    0x0, 0x10, 0x20, 0x3, 0x2, 0x0, 0x18, 0x60,
    0x1, 0xfc, 0x0, 0xf, 0x0, 0x0, 0x0, 0x0,
    0x0, 0x0, 0xff, 0xff, 0x1, 0xc0, 0x70, 0x1c,
    0x1, 0x1, 0xc0, 0x10, 0x3c, 0x2, 0x3, 0x80,
    0x0, 0x38, 0x0, 0x3, 0x82, 0x0, 0x78, 0x20,
    0x7, 0x6, 0x0, 0x7f, 0xe0, 0xf, 0x4, 0x0,
    0xe0, 0x40, 0xe, 0x4, 0x0, 0xe0, 0x0, 0x1e,
    0x0, 0x1, 0xc0, 0x4, 0x1c, 0x0, 0xc3, 0xc0,
    0x18, 0x3c, 0x7, 0x8f, 0xff, 0xf0,

    /* U+0115 "ĕ" */
    0x2, 0x2, 0x4, 0xc, 0xc, 0x30, 0x1f, 0xc0,
    0x1f, 0x0, 0x0, 0x0, 0x0, 0x0, 0xf0, 0x6,
    0x30, 0x18, 0x60, 0xe0, 0xc1, 0xc3, 0x7, 0xc,
    0x1e, 0x70, 0x3b, 0x0, 0x78, 0x0, 0xe0, 0x1,
    0xc0, 0x3, 0x81, 0x3, 0x84, 0x3, 0xf0, 0x0,

    /* U+0116 "Ė" */
    0x0, 0x6, 0x0, 0x0, 0x70, 0x0, 0x6, 0x0,
    0x0, 0x0, 0xf, 0xff, 0xf0, 0x1c, 0x7, 0x1,
    0xc0, 0x10, 0x1c, 0x1, 0x3, 0xc0, 0x20, 0x38,
    0x0, 0x3, 0x80, 0x0, 0x38, 0x20, 0x7, 0x82,
    0x0, 0x70, 0x60, 0x7, 0xfe, 0x0, 0xf0, 0x40,
    0xe, 0x4, 0x0, 0xe0, 0x40, 0xe, 0x0, 0x1,
    0xe0, 0x0, 0x1c, 0x0, 0x41, 0xc0, 0xc, 0x3c,
    0x1, 0x83, 0xc0, 0x78, 0xff, 0xff, 0x0,

    /* U+0117 "ė" */
    0x0, 0x60, 0xf, 0x0, 0x60, 0x0, 0x0, 0x0,
    0x1e, 0x6, 0x30, 0xc3, 0x38, 0x33, 0x86, 0x70,
    0xcf, 0x38, 0xec, 0xf, 0x0, 0xe0, 0xe, 0x0,
    0xe0, 0x47, 0x8, 0x3f, 0x0,

    /* U+0118 "Ę" */
    0xf, 0xff, 0xf0, 0xe, 0x3, 0x80, 0x70, 0xc,
    0x3, 0x80, 0x20, 0x3c, 0x2, 0x1, 0xc0, 0x0,
    0xe, 0x0, 0x0, 0xf0, 0x40, 0x7, 0x2, 0x0,
    0x38, 0x30, 0x1, 0xff, 0x80, 0x1e, 0x8, 0x0,
    0xe0, 0x40, 0x7, 0x2, 0x0, 0x38, 0x0, 0x3,
    0x80, 0x0, 0x1c, 0x0, 0x40, 0xe0, 0x6, 0xf,
    0x0, 0x60, 0x78, 0xf, 0xf, 0xff, 0xf0, 0x0,
    0x1, 0x80, 0x0, 0xc, 0x0, 0x0, 0x61, 0x0,
    0x3, 0xf0, 0x0, 0xf, 0x0,

    /* U+0119 "ę" */
    0x1, 0xe0, 0x31, 0x83, 0xc, 0x70, 0x63, 0x86,
    0x38, 0x63, 0xce, 0x1d, 0x80, 0xf0, 0x7, 0x0,
    0x38, 0x1, 0xc0, 0x87, 0x8, 0x1f, 0x80, 0xc,
    0x0, 0x60, 0x3, 0x8, 0x1f, 0x80, 0x78,

    /* U+011A "Ě" */
    0x0, 0x10, 0x10, 0x1, 0x86, 0x0, 0xc, 0xc0,
    0x0, 0xf8, 0x0, 0x7, 0x0, 0x0, 0x0, 0x0,
    0x0, 0x0, 0xff, 0xff, 0x1, 0xc0, 0x70, 0x1c,
    0x1, 0x1, 0xc0, 0x10, 0x3c, 0x2, 0x3, 0x80,
    0x0, 0x38, 0x0, 0x3, 0x82, 0x0, 0x78, 0x20,
    0x7, 0x6, 0x0, 0x7f, 0xe0, 0xf, 0x4, 0x0,
    0xe0, 0x40, 0xe, 0x4, 0x0, 0xe0, 0x0, 0x1e,
    0x0, 0x1, 0xc0, 0x4, 0x1c, 0x0, 0xc3, 0xc0,
    0x18, 0x3c, 0x7, 0x8f, 0xff, 0xf0,

    /* U+011B "ě" */
    0x2, 0x2, 0x1, 0xc, 0x1, 0x98, 0x0, 0xf0,
    0x0, 0xe0, 0x0, 0x0, 0x0, 0x0, 0x1, 0xe0,
    0x6, 0x30, 0xc, 0x30, 0x38, 0x30, 0x38, 0x60,
    0x70, 0xc0, 0xf3, 0x80, 0xec, 0x0, 0xf0, 0x0,
    0xe0, 0x0, 0xe0, 0x0, 0xe0, 0x40, 0x70, 0x80,
    0x3f, 0x0,

    /* U+011C "Ĝ" */
    0x0, 0x7, 0x0, 0x0, 0x3e, 0x0, 0x1, 0xd8,
    0x0, 0x6, 0x30, 0x0, 0x20, 0x40, 0x1, 0x0,
    0x80, 0x0, 0x0, 0x0, 0xf, 0xe2, 0x0, 0xe0,
    0xf8, 0xe, 0x0, 0xe0, 0x70, 0x3, 0x83, 0x80,
    0x4, 0x1c, 0x0, 0x10, 0xf0, 0x0, 0x3, 0x80,
    0x0, 0x1e, 0x0, 0x0, 0x78, 0x0, 0x1, 0xc0,
    0x0, 0xf, 0x0, 0x7f, 0xfc, 0x0, 0x3c, 0xf0,
    0x0, 0xe3, 0xc0, 0x7, 0x87, 0x0, 0x1c, 0x1c,
    0x0, 0x70, 0x38, 0x1, 0xc0, 0xe0, 0xf, 0x1,
    0xc0, 0x38, 0x1, 0xff, 0x80, 0x0, 0x40, 0x0,

    /* U+011D "ĝ" */
    0x0, 0x38, 0x0, 0x78, 0x0, 0xcc, 0x1, 0x86,
    0x2, 0x2, 0x0, 0x0, 0x0, 0x0, 0x1, 0xe0,
    0x7, 0x18, 0xe, 0x1e, 0xc, 0x1c, 0x1c, 0x1c,
    0x1c, 0x1c, 0x1c, 0x38, 0x1c, 0x38, 0xc, 0x70,
    0x3, 0xc0, 0xc, 0x0, 0x1c, 0x0, 0x1f, 0x0,
    0x17, 0xc0, 0x20, 0xf0, 0x40, 0x30, 0xc0, 0x30,
    0xc0, 0x30, 0xc0, 0x30, 0x70, 0x60, 0x1f, 0x80,

    /* U+011E "Ğ" */
    0x0, 0x10, 0x20, 0x0, 0xc0, 0x80, 0x1, 0x86,
    0x0, 0x7, 0xf0, 0x0, 0xf, 0x0, 0x0, 0x0,
    0x0, 0x0, 0x0, 0x0, 0xf, 0xe2, 0x0, 0xe0,
    0xf8, 0xe, 0x0, 0xe0, 0x70, 0x3, 0x83, 0x80,
    0x4, 0x1c, 0x0, 0x10, 0xf0, 0x0, 0x3, 0x80,
    0x0, 0x1e, 0x0, 0x0, 0x78, 0x0, 0x1, 0xc0,
    0x0, 0xf, 0x0, 0x7f, 0xfc, 0x0, 0x3c, 0xf0,
    0x0, 0xe3, 0xc0, 0x7, 0x87, 0x0, 0x1c, 0x1c,
    0x0, 0x70, 0x38, 0x1, 0xc0, 0xe0, 0xf, 0x1,
    0xc0, 0x38, 0x1, 0xff, 0x80, 0x0, 0x40, 0x0,

    /* U+011F "ğ" */
    0x1, 0x1, 0x1, 0x2, 0x1, 0x86, 0x1, 0xfc,
    0x0, 0xf8, 0x0, 0x0, 0x0, 0x0, 0x1, 0xe0,
    0x7, 0x18, 0xe, 0x1e, 0xc, 0x1c, 0x1c, 0x1c,
    0x1c, 0x1c, 0x1c, 0x38, 0x1c, 0x38, 0xc, 0x70,
    0x3, 0xc0, 0xc, 0x0, 0x1c, 0x0, 0x1f, 0x0,
    0x17, 0xc0, 0x20, 0xf0, 0x40, 0x30, 0xc0, 0x30,
    0xc0, 0x30, 0xc0, 0x30, 0x70, 0x60, 0x1f, 0x80,

    /* U+0120 "Ġ" */
    0x0, 0x6, 0x0, 0x0, 0x1c, 0x0, 0x0, 0x60,
    0x0, 0x0, 0x0, 0x0, 0x0, 0x0, 0x0, 0xfe,
    0x20, 0xe, 0xf, 0x80, 0xe0, 0xe, 0x7, 0x0,
    0x38, 0x38, 0x0, 0x41, 0xc0, 0x1, 0xf, 0x0,
    0x0, 0x38, 0x0, 0x1, 0xe0, 0x0, 0x7, 0x80,
    0x0, 0x1c, 0x0, 0x0, 0xf0, 0x7, 0xff, 0xc0,
    0x3, 0xcf, 0x0, 0xe, 0x3c, 0x0, 0x78, 0x70,
    0x1, 0xc1, 0xc0, 0x7, 0x3, 0x80, 0x1c, 0xe,
    0x0, 0xf0, 0x1c, 0x3, 0x80, 0x1f, 0xf8, 0x0,
    0x4, 0x0, 0x0,

    /* U+0121 "ġ" */
    0x0, 0x70, 0x0, 0xe0, 0x1, 0xc0, 0x0, 0x0,
    0x0, 0x0, 0x3c, 0x1, 0xc6, 0x7, 0xf, 0xc,
    0x1c, 0x38, 0x38, 0x70, 0x70, 0xe1, 0xc1, 0xc3,
    0x81, 0x8e, 0x0, 0xf0, 0x6, 0x0, 0x1c, 0x0,
    0x3e, 0x0, 0x5f, 0x1, 0x7, 0x84, 0x3, 0x18,
    0x6, 0x30, 0xc, 0x60, 0x18, 0x70, 0x60, 0x3f,
    0x0,

    /* U+0122 "Ģ" */
    0x0, 0x3f, 0x88, 0x3, 0x83, 0xe0, 0x38, 0x3,
    0x81, 0xc0, 0xe, 0xe, 0x0, 0x10, 0x70, 0x0,
    0x43, 0xc0, 0x0, 0xe, 0x0, 0x0, 0x78, 0x0,
    0x1, 0xe0, 0x0, 0x7, 0x0, 0x0, 0x3c, 0x1,
    0xff, 0xf0, 0x0, 0xf3, 0xc0, 0x3, 0x8f, 0x0,
    0x1e, 0x1c, 0x0, 0x70, 0x70, 0x1, 0xc0, 0xe0,
    0x7, 0x3, 0x80, 0x3c, 0x7, 0x0, 0xe0, 0x7,
    0xfe, 0x0, 0x1, 0x0, 0x0, 0x0, 0x0, 0x0,
    0x70, 0x0, 0x1, 0xc0, 0x0, 0x7, 0x0, 0x0,
    0xc, 0x0, 0x0, 0x30, 0x0, 0x1, 0x80, 0x0,
    0x8, 0x0, 0x0,

    /* U+0123 "ģ" */
    0x0, 0x4, 0x0, 0x30, 0x0, 0xc0, 0x1, 0x0,
    0x7, 0x0, 0xf, 0x0, 0xe, 0x0, 0x0, 0x0,
    0x0, 0x3, 0xc0, 0x1c, 0x60, 0x70, 0xf0, 0xc1,
    0xc3, 0x83, 0x87, 0x7, 0xe, 0x1c, 0x1c, 0x38,
    0x18, 0xe0, 0xf, 0x0, 0x60, 0x1, 0xc0, 0x3,
    0xe0, 0x5, 0xf0, 0x10, 0x78, 0x40, 0x31, 0x80,
    0x63, 0x0, 0xc6, 0x1, 0x87, 0x6, 0x3, 0xf0,
    0x0,

    /* U+0124 "Ĥ" */
    0x0, 0x1, 0x80, 0x0, 0x1, 0xe0, 0x0, 0x1,
    0xf0, 0x0, 0x1, 0x8c, 0x0, 0x1, 0x82, 0x0,
    0x1, 0x0, 0x80, 0x0, 0x0, 0x0, 0x1f, 0xf0,
    0xff, 0x1, 0xe0, 0x1e, 0x0, 0xe0, 0xe, 0x0,
    0x70, 0x7, 0x0, 0x78, 0x3, 0x80, 0x38, 0x3,
    0xc0, 0x1c, 0x1, 0xc0, 0xe, 0x0, 0xe0, 0xe,
    0x0, 0xf0, 0x7, 0xff, 0xf0, 0x3, 0x80, 0x38,
    0x3, 0x80, 0x1c, 0x1, 0xc0, 0x1e, 0x0, 0xe0,
    0xe, 0x0, 0x70, 0x7, 0x0, 0x70, 0x7, 0x80,
    0x38, 0x3, 0x80, 0x1c, 0x1, 0xc0, 0x1e, 0x0,
    0xe0, 0xf, 0x0, 0xf0, 0x1f, 0xe1, 0xfe, 0x0,

    /* U+0125 "ĥ" */
    0x0, 0xe, 0x0, 0x7, 0xc0, 0x1, 0xb0, 0x0,
    0xc6, 0x0, 0x40, 0x80, 0x20, 0x10, 0x30, 0x0,
    0x78, 0x0, 0x6, 0x0, 0x3, 0x80, 0x0, 0xe0,
    0x0, 0x30, 0x0, 0xc, 0x0, 0x7, 0x0, 0x1,
    0xc7, 0x80, 0x62, 0x60, 0x19, 0x18, 0xe, 0x8e,
    0x3, 0x43, 0x80, 0xe0, 0xe0, 0x38, 0x30, 0x1c,
    0x1c, 0x7, 0x7, 0x1, 0x81, 0x80, 0x60, 0x60,
    0x38, 0x39, 0xc, 0xe, 0x83, 0x1, 0xc0,

    /* U+0126 "Ħ" */
    0xf, 0xf8, 0x7f, 0x80, 0xe0, 0xf, 0x0, 0x70,
    0x7, 0x3, 0xff, 0xff, 0xe0, 0x38, 0x3, 0x80,
    0x1c, 0x1, 0xc0, 0x1e, 0x0, 0xe0, 0xe, 0x0,
    0xf0, 0x7, 0x0, 0x70, 0x3, 0xff, 0xf8, 0x3,
    0x80, 0x1c, 0x1, 0xc0, 0x1e, 0x0, 0xe0, 0xe,
    0x0, 0x70, 0x7, 0x0, 0x70, 0x7, 0x80, 0x38,
    0x3, 0x80, 0x1c, 0x1, 0xc0, 0x1e, 0x0, 0xe0,
    0xe, 0x0, 0xf0, 0x7, 0x0, 0x78, 0xf, 0xf1,
    0xff, 0x0,

    /* U+0127 "ħ" */
    0x3, 0x0, 0x78, 0x0, 0x60, 0x1, 0x80, 0x3f,
    0xf8, 0x30, 0x0, 0xc0, 0x7, 0x0, 0x1c, 0x78,
    0x62, 0x61, 0x91, 0x8e, 0x8e, 0x34, 0x38, 0xe0,
    0xe3, 0x83, 0x1c, 0x1c, 0x70, 0x71, 0x81, 0x86,
    0x6, 0x38, 0x39, 0xc0, 0xeb, 0x1, 0xc0,

    /* U+0128 "Ĩ" */
    0x3, 0xc2, 0xf, 0xc8, 0x23, 0xe0, 0x43, 0x80,
    0x0, 0x0, 0xff, 0x0, 0x70, 0x0, 0xe0, 0x1,
    0xc0, 0x7, 0x0, 0xe, 0x0, 0x1c, 0x0, 0x38,
    0x0, 0xe0, 0x1, 0xc0, 0x3, 0x80, 0xf, 0x0,
    0x1c, 0x0, 0x38, 0x0, 0x70, 0x1, 0xc0, 0x3,
    0x80, 0x7, 0x0, 0x1e, 0x0, 0x3c, 0x1, 0xfe,
    0x0,

    /* U+0129 "ĩ" */
    0x0, 0x13, 0xe2, 0x7f, 0xc8, 0x78, 0x0, 0x0,
    0x0, 0x7c, 0x1, 0xc0, 0x1c, 0x1, 0x80, 0x38,
    0x3, 0x80, 0x30, 0x3, 0x0, 0x70, 0x7, 0x0,
    0x60, 0x6, 0x40, 0x68, 0x7, 0x0,

    /* U+012A "Ī" */
    0xf, 0xfc, 0x0, 0x0, 0x0, 0x0, 0x0, 0x7,
    0xf8, 0x7, 0x0, 0x1c, 0x0, 0x70, 0x3, 0x80,
    0xe, 0x0, 0x38, 0x0, 0xe0, 0x7, 0x0, 0x1c,
    0x0, 0x70, 0x3, 0xc0, 0xe, 0x0, 0x38, 0x0,
    0xe0, 0x7, 0x0, 0x1c, 0x0, 0x70, 0x3, 0xc0,
    0xf, 0x0, 0xff, 0x0,

    /* U+012B "ī" */
    0xff, 0xc0, 0x0, 0x0, 0x0, 0x18, 0x1e, 0x3,
    0x80, 0xc0, 0x30, 0x1c, 0x7, 0x1, 0x80, 0x60,
    0x38, 0xe, 0x3, 0x20, 0xc8, 0x3c, 0xe, 0x0,

    /* U+012C "Ĭ" */
    0x2, 0x2, 0x4, 0x8, 0xc, 0x30, 0x1f, 0xc0,
    0x1f, 0x0, 0x0, 0x0, 0x0, 0x3, 0xfc, 0x1,
    0xc0, 0x3, 0x80, 0x7, 0x0, 0x1c, 0x0, 0x38,
    0x0, 0x70, 0x0, 0xe0, 0x3, 0x80, 0x7, 0x0,
    0xe, 0x0, 0x3c, 0x0, 0x70, 0x0, 0xe0, 0x1,
    0xc0, 0x7, 0x0, 0xe, 0x0, 0x1c, 0x0, 0x78,
    0x0, 0xf0, 0x7, 0xf8, 0x0,

    /* U+012D "ĭ" */
    0x20, 0x64, 0x8, 0xc3, 0x1f, 0xc1, 0xe0, 0x0,
    0x0, 0x1, 0xc0, 0x78, 0x7, 0x0, 0xc0, 0x38,
    0x7, 0x0, 0xc0, 0x18, 0x7, 0x0, 0xe0, 0x18,
    0x83, 0x20, 0x68, 0xe, 0x0,

    /* U+012E "Į" */
    0x7, 0xf8, 0xe, 0x0, 0x70, 0x3, 0x80, 0x38,
    0x1, 0xc0, 0xe, 0x0, 0x70, 0x7, 0x0, 0x38,
    0x1, 0xc0, 0x1e, 0x0, 0xe0, 0x7, 0x0, 0x38,
    0x3, 0x80, 0x1c, 0x0, 0xe0, 0xf, 0x0, 0x78,
    0xf, 0xf0, 0x1, 0x0, 0x18, 0x0, 0xe2, 0x3,
    0xf0, 0xe, 0x0,

    /* U+012F "į" */
    0xc, 0x38, 0x30, 0x0, 0x0, 0x0, 0x7c, 0x38,
    0x60, 0xc3, 0x87, 0xc, 0x18, 0x70, 0xe1, 0x93,
    0x27, 0x8e, 0x18, 0x30, 0x61, 0xfc, 0xf0,

    /* U+0130 "İ" */
    0x0, 0xe0, 0x7, 0x0, 0x38, 0x0, 0x0, 0x0,
    0x3, 0xfc, 0x7, 0x0, 0x38, 0x1, 0xc0, 0x1c,
    0x0, 0xe0, 0x7, 0x0, 0x38, 0x3, 0x80, 0x1c,
    0x0, 0xe0, 0xf, 0x0, 0x70, 0x3, 0x80, 0x1c,
    0x1, 0xc0, 0xe, 0x0, 0x70, 0x7, 0x80, 0x3c,
    0x7, 0xf8, 0x0,

    /* U+0131 "ı" */
    0xf8, 0xe3, 0x8c, 0x71, 0xc6, 0x18, 0xe3, 0x8c,
    0x32, 0xf3, 0x80,

    /* U+0132 "Ĳ" */
    0x7, 0xf8, 0xff, 0x1, 0xc0, 0x1c, 0x1, 0xc0,
    0x1c, 0x1, 0xc0, 0x3c, 0x3, 0x80, 0x38, 0x3,
    0x80, 0x38, 0x3, 0x80, 0x38, 0x3, 0x80, 0x70,
    0x7, 0x0, 0x70, 0x7, 0x0, 0x70, 0x7, 0x0,
    0xf0, 0xf, 0x0, 0xe0, 0xe, 0x0, 0xe0, 0xe,
    0x0, 0xe0, 0xe, 0x1, 0xc0, 0x1c, 0x1, 0xc0,
    0x1c, 0x1, 0xc0, 0x1c, 0x63, 0x80, 0x3c, 0xe3,
    0x80, 0x3c, 0x63, 0x0, 0xff, 0x7e, 0x0, 0x0,
    0x8, 0x0,

    /* U+0133 "ĳ" */
    0xc, 0xc, 0x3c, 0x3c, 0x30, 0x30, 0x0, 0x0,
    0x0, 0x0, 0x0, 0x0, 0x0, 0x6, 0x6, 0x78,
    0xfc, 0x30, 0x30, 0x60, 0x61, 0x81, 0xc3, 0x3,
    0x86, 0xe, 0x1c, 0x2c, 0x30, 0xb8, 0x61, 0x71,
    0xc4, 0xc3, 0x91, 0x87, 0xc7, 0x7, 0xc, 0x0,
    0x18, 0x0, 0x30, 0x0, 0xe0, 0x11, 0x80, 0x77,
    0x0, 0xcc, 0x0, 0xe0, 0x0,

    /* U+0134 "Ĵ" */
    0x0, 0x1c, 0x0, 0x3c, 0x0, 0x76, 0x0, 0xc2,
    0x1, 0x83, 0x1, 0x1, 0x0, 0x0, 0x0, 0xff,
    0x0, 0x3c, 0x0, 0x38, 0x0, 0x38, 0x0, 0x38,
    0x0, 0x78, 0x0, 0x70, 0x0, 0x70, 0x0, 0x70,
    0x0, 0xe0, 0x0, 0xe0, 0x0, 0xe0, 0x1, 0xe0,
    0x1, 0xc0, 0x1, 0xc0, 0x1, 0xc0, 0x3, 0x80,
    0xe3, 0x80, 0xe3, 0x80, 0xe7, 0x0, 0x7e, 0x0,
    0x10, 0x0,

    /* U+0135 "ĵ" */
    0x0, 0x30, 0x0, 0xf0, 0x3, 0x60, 0x18, 0x60,
    0x60, 0x60, 0x0, 0x0, 0x0, 0x0, 0x10, 0x3,
    0xe0, 0x1, 0xc0, 0x3, 0x80, 0x6, 0x0, 0xc,
    0x0, 0x18, 0x0, 0x70, 0x0, 0xc0, 0x1, 0x80,
    0x7, 0x0, 0xe, 0x0, 0x18, 0x0, 0x30, 0x0,
    0xe0, 0x1, 0xc0, 0x3, 0x0, 0x6, 0x1, 0x98,
    0x3, 0x60, 0x3, 0x80, 0x0,

    /* U+0136 "Ķ" */
    0xf, 0xf8, 0xfe, 0x3, 0xc0, 0x70, 0x7, 0x1,
    0xc0, 0xe, 0x6, 0x0, 0x3c, 0x18, 0x0, 0x70,
    0x60, 0x0, 0xe3, 0x0, 0x1, 0xcc, 0x0, 0x7,
    0x70, 0x0, 0xf, 0xc0, 0x0, 0x1f, 0xc0, 0x0,
    0x7b, 0x80, 0x0, 0xe3, 0x80, 0x1, 0xc7, 0x80,
    0x3, 0x87, 0x0, 0xe, 0xf, 0x0, 0x1c, 0xe,
    0x0, 0x38, 0xe, 0x0, 0xf0, 0x1e, 0x1, 0xe0,
    0x3c, 0xf, 0xf1, 0xff, 0x0, 0x0, 0x0, 0x0,
    0x0, 0x0, 0x0, 0xc0, 0x0, 0x3, 0xc0, 0x0,
    0x3, 0x80, 0x0, 0x3, 0x0, 0x0, 0x4, 0x0,
    0x0, 0x10, 0x0, 0x0, 0x40, 0x0, 0x0,

    /* U+0137 "ķ" */
    0x3, 0x0, 0x78, 0x0, 0x60, 0x3, 0x80, 0xe,
    0x0, 0x30, 0x0, 0xc0, 0x7, 0x0, 0x1c, 0xfc,
    0x60, 0xc1, 0x86, 0xe, 0x20, 0x39, 0x0, 0xc8,
    0x3, 0x60, 0x1f, 0x80, 0x77, 0x1, 0x8c, 0xe,
    0x38, 0x38, 0x62, 0xc1, 0xd3, 0x3, 0x80, 0x0,
    0x0, 0x0, 0x38, 0x0, 0xe0, 0x3, 0xc0, 0x6,
    0x0, 0x18, 0x0, 0x40, 0x6, 0x0, 0x0,

    /* U+0138 "ĸ" */
    0xc, 0x1, 0xf3, 0xf1, 0x83, 0x6, 0x18, 0x38,
    0x80, 0xe4, 0x3, 0x20, 0xd, 0x80, 0x7e, 0x1,
    0xdc, 0x6, 0x30, 0x18, 0xe0, 0xe1, 0x8b, 0x7,
    0x4c, 0xe, 0x0,

    /* U+0139 "Ĺ" */
    0x0, 0x0, 0x80, 0x0, 0x70, 0x0, 0x30, 0x0,
    0x18, 0x0, 0x8, 0x0, 0x4, 0x0, 0x0, 0x0,
    0x3f, 0xe0, 0x1, 0xe0, 0x0, 0x70, 0x0, 0x1c,
    0x0, 0xf, 0x0, 0x3, 0x80, 0x0, 0xe0, 0x0,
    0x38, 0x0, 0x1c, 0x0, 0x7, 0x0, 0x1, 0xc0,
    0x0, 0xf0, 0x0, 0x38, 0x0, 0xe, 0x0, 0x3,
    0x80, 0x1, 0xe0, 0x4, 0x70, 0x1, 0x1c, 0x0,
    0x8f, 0x0, 0x63, 0xc0, 0x7b, 0xff, 0xfc,

    /* U+013A "ĺ" */
    0x0, 0xc0, 0x70, 0x38, 0x18, 0x8, 0x0, 0x0,
    0x70, 0x78, 0x6, 0x3, 0x80, 0xe0, 0x30, 0xc,
    0x7, 0x1, 0xc0, 0x60, 0x18, 0xe, 0x3, 0x0,
    0xc0, 0x30, 0x1c, 0x6, 0x1, 0x80, 0xe0, 0x39,
    0xe, 0x83, 0xc0,

    /* U+013B "Ļ" */
    0xf, 0xf8, 0x0, 0x78, 0x0, 0x1c, 0x0, 0x7,
    0x0, 0x3, 0xc0, 0x0, 0xe0, 0x0, 0x38, 0x0,
    0xe, 0x0, 0x7, 0x0, 0x1, 0xc0, 0x0, 0x70,
    0x0, 0x3c, 0x0, 0xe, 0x0, 0x3, 0x80, 0x0,
    0xe0, 0x0, 0x78, 0x1, 0x1c, 0x0, 0x47, 0x0,
    0x23, 0xc0, 0x18, 0xf0, 0x1e, 0xff, 0xff, 0x0,
    0x0, 0x0, 0x0, 0x0, 0xc, 0x0, 0x3, 0x80,
    0x0, 0xe0, 0x0, 0x18, 0x0, 0x4, 0x0, 0x2,
    0x0, 0x1, 0x0, 0x0,

    /* U+013C "ļ" */
    0x3, 0x1e, 0x6, 0xe, 0xe, 0xc, 0xc, 0x1c,
    0x1c, 0x18, 0x18, 0x38, 0x38, 0x30, 0x30, 0x70,
    0x60, 0x60, 0xe0, 0xe4, 0xe8, 0xf0, 0x0, 0x0,
    0x60, 0xf0, 0x70, 0x30, 0x20, 0x40, 0x80,

    /* U+013D "Ľ" */
    0xf, 0xf8, 0xe0, 0x3c, 0x1c, 0x7, 0x3, 0x80,
    0xe0, 0x30, 0x3c, 0x6, 0x7, 0x1, 0x80, 0xe0,
    0x60, 0x1c, 0x0, 0x7, 0x0, 0x0, 0xe0, 0x0,
    0x1c, 0x0, 0x7, 0x80, 0x0, 0xe0, 0x0, 0x1c,
    0x0, 0x3, 0x80, 0x0, 0xf0, 0x2, 0x1c, 0x0,
    0x43, 0x80, 0x10, 0xf0, 0x6, 0x1e, 0x3, 0xcf,
    0xff, 0xf0,

    /* U+013E "ľ" */
    0x1, 0x0, 0x78, 0x70, 0x61, 0xc3, 0x87, 0xe,
    0xc, 0x30, 0x20, 0xc1, 0x87, 0x8, 0x1c, 0x0,
    0x60, 0x1, 0x80, 0xe, 0x0, 0x38, 0x0, 0xc0,
    0x3, 0x0, 0x1c, 0x0, 0x60, 0x1, 0x80, 0xe,
    0x0, 0x39, 0x0, 0xe8, 0x3, 0xc0, 0x0,

    /* U+013F "Ŀ" */
    0xf, 0xf8, 0x0, 0x78, 0x0, 0x1c, 0x0, 0x7,
    0x0, 0x3, 0xc0, 0x0, 0xe0, 0x0, 0x38, 0x0,
    0xe, 0x0, 0x7, 0x0, 0x1, 0xc0, 0x0, 0x70,
    0x30, 0x3c, 0x1c, 0xe, 0x3, 0x3, 0x80, 0x0,
    0xe0, 0x0, 0x78, 0x1, 0x1c, 0x0, 0x47, 0x0,
    0x23, 0xc0, 0x18, 0xf0, 0xe, 0xff, 0xff, 0x0,

    /* U+0140 "ŀ" */
    0x3, 0x7, 0x80, 0x60, 0x38, 0xe, 0x3, 0x0,
    0xc0, 0x70, 0x1c, 0x6, 0x1, 0x80, 0xe0, 0x38,
    0xc, 0x73, 0x1d, 0xc7, 0x60, 0x18, 0xe, 0x3,
    0x90, 0xe8, 0x3c, 0x0,

    /* U+0141 "Ł" */
    0xf, 0xf8, 0x0, 0x78, 0x0, 0x1c, 0x0, 0x7,
    0x0, 0x3, 0xc0, 0x0, 0xe0, 0x0, 0x38, 0x80,
    0xe, 0x60, 0x7, 0x60, 0x1, 0xe0, 0x0, 0x70,
    0x0, 0x7c, 0x0, 0x3e, 0x0, 0x13, 0x80, 0x0,
    0xe0, 0x0, 0x70, 0x1, 0x1c, 0x0, 0x47, 0x0,
    0x23, 0xc0, 0x18, 0xf0, 0x1e, 0xff, 0xff, 0x0,

    /* U+0142 "ł" */
    0x3, 0xf, 0x81, 0x80, 0xc0, 0xe0, 0x70, 0x30,
    0x19, 0x1f, 0x8f, 0x6, 0xf, 0xb, 0x81, 0x80,
    0xc0, 0xe0, 0x70, 0x30, 0x18, 0x9c, 0x8e, 0x83,
    0x80,

    /* U+0143 "Ń" */
    0x0, 0x0, 0x20, 0x0, 0x0, 0x70, 0x0, 0x0,
    0xe0, 0x0, 0x1, 0xc0, 0x0, 0x3, 0x0, 0x0,
    0x4, 0x0, 0x0, 0x0, 0x0, 0x0, 0x0, 0x0,
    0xf, 0xc0, 0x3f, 0x1, 0xc0, 0xc, 0x1, 0xe0,
    0x8, 0x1, 0xe0, 0x18, 0x3, 0xe0, 0x18, 0x3,
    0x70, 0x10, 0x2, 0x70, 0x10, 0x2, 0x38, 0x30,
    0x6, 0x38, 0x30, 0x6, 0x38, 0x20, 0x4, 0x1c,
    0x20, 0xc, 0x1c, 0x60, 0xc, 0xe, 0x40, 0x8,
    0xe, 0x40, 0x8, 0x7, 0x40, 0x18, 0x7, 0xc0,
    0x18, 0x7, 0x80, 0x10, 0x3, 0x80, 0x30, 0x3,
    0x80, 0x30, 0x1, 0x0, 0xfc, 0x1, 0x0,

    /* U+0144 "ń" */
    0x0, 0x6, 0x0, 0x1c, 0x0, 0x70, 0x1, 0x80,
    0x4, 0x0, 0x10, 0x0, 0x0, 0x1f, 0x1c, 0x1c,
    0xdc, 0x3a, 0x38, 0x74, 0x70, 0xd0, 0xe1, 0xc1,
    0x87, 0x87, 0xe, 0xe, 0x1c, 0x18, 0x30, 0x30,
    0xe0, 0xe5, 0xc1, 0xd3, 0x3, 0xc6, 0x7, 0x0,

    /* U+0145 "Ņ" */
    0xf, 0xc0, 0x3f, 0x1, 0xc0, 0xc, 0x1, 0xe0,
    0x8, 0x1, 0xe0, 0x18, 0x3, 0xe0, 0x18, 0x3,
    0x70, 0x10, 0x2, 0x70, 0x10, 0x2, 0x38, 0x30,
    0x6, 0x38, 0x30, 0x6, 0x38, 0x20, 0x4, 0x1c,
    0x20, 0xc, 0x1c, 0x60, 0xc, 0xe, 0x40, 0x8,
    0xe, 0x40, 0x8, 0x7, 0x40, 0x18, 0x7, 0xc0,
    0x18, 0x7, 0x80, 0x10, 0x3, 0x80, 0x30, 0x3,
    0x80, 0x30, 0x1, 0x0, 0xfc, 0x1, 0x0, 0x0,
    0x0, 0x0, 0x0, 0x0, 0x0, 0x3, 0x80, 0x0,
    0x3, 0x80, 0x0, 0x1, 0x80, 0x0, 0x1, 0x80,
    0x0, 0x1, 0x0, 0x0, 0x2, 0x0, 0x0, 0x4,
    0x0, 0x0,

    /* U+0146 "ņ" */
    0x3e, 0x38, 0x39, 0xb8, 0x74, 0x70, 0xe8, 0xe1,
    0xa1, 0xc3, 0x83, 0xf, 0xe, 0x1c, 0x1c, 0x38,
    0x30, 0x60, 0x61, 0xc1, 0xcb, 0x83, 0xa6, 0x7,
    0x8c, 0xe, 0x0, 0x0, 0x0, 0x0, 0xe, 0x0,
    0x1c, 0x0, 0x38, 0x0, 0x30, 0x0, 0x60, 0x1,
    0x80, 0x4, 0x0, 0x0,

    /* U+0147 "Ň" */
    0x0, 0x10, 0x8, 0x0, 0x18, 0x30, 0x0, 0xc,
    0x60, 0x0, 0x7, 0xc0, 0x0, 0x7, 0x80, 0x0,
    0x3, 0x0, 0x0, 0x0, 0x0, 0x0, 0x0, 0x0,
    0xf, 0xc0, 0x3f, 0x1, 0xc0, 0xc, 0x1, 0xe0,
    0x8, 0x1, 0xe0, 0x18, 0x3, 0xe0, 0x18, 0x3,
    0x70, 0x10, 0x2, 0x70, 0x10, 0x2, 0x38, 0x30,
    0x6, 0x38, 0x30, 0x6, 0x38, 0x20, 0x4, 0x1c,
    0x20, 0xc, 0x1c, 0x60, 0xc, 0xe, 0x40, 0x8,
    0xe, 0x40, 0x8, 0x7, 0x40, 0x18, 0x7, 0xc0,
    0x18, 0x7, 0x80, 0x10, 0x3, 0x80, 0x30, 0x3,
    0x80, 0x30, 0x1, 0x0, 0xfc, 0x1, 0x0,

    /* U+0148 "ň" */
    0x1, 0x1, 0x0, 0xc3, 0x0, 0x33, 0x0, 0xf,
    0x0, 0x7, 0x0, 0x0, 0x0, 0x0, 0x0, 0x7c,
    0x70, 0x1c, 0xdc, 0xe, 0x8e, 0x7, 0x47, 0x3,
    0x43, 0x81, 0xc1, 0x81, 0xe1, 0xc0, 0xe0, 0xe0,
    0x70, 0x60, 0x30, 0x30, 0x38, 0x39, 0x1c, 0x1d,
    0xc, 0xf, 0x6, 0x7, 0x0,

    /* U+0149 "ŉ" */
    0x38, 0x0, 0x70, 0x0, 0xe0, 0x0, 0xc0, 0x1,
    0x0, 0x4, 0x0, 0x10, 0x0, 0x1e, 0x1c, 0x1c,
    0xdc, 0x3a, 0x38, 0x68, 0x60, 0xe0, 0xc3, 0xc3,
    0x87, 0x7, 0xe, 0xc, 0x38, 0x18, 0x70, 0x70,
    0xc0, 0xe5, 0x81, 0x97, 0x3, 0x4e, 0x7, 0x0,

    /* U+014A "Ŋ" */
    0x0, 0xe0, 0xf8, 0xf, 0xe3, 0x1e, 0x1, 0xcc,
    0xe, 0x1, 0xd0, 0xf, 0x1, 0xe0, 0xf, 0x1,
    0xc0, 0xf, 0x3, 0x80, 0xf, 0x3, 0x80, 0xe,
    0x3, 0x80, 0xe, 0x7, 0x80, 0xe, 0x7, 0x0,
    0x1e, 0x7, 0x0, 0x1c, 0x7, 0x0, 0x1c, 0xf,
    0x0, 0x1c, 0xe, 0x0, 0x38, 0xe, 0x0, 0x38,
    0xe, 0x0, 0x30, 0x1c, 0x0, 0x70, 0x1c, 0x18,
    0x60, 0x3c, 0x38, 0xc0, 0xff, 0x3f, 0x0, 0x0,
    0x8, 0x0,

    /* U+014B "ŋ" */
    0x3e, 0x3c, 0x71, 0x71, 0xd9, 0xc7, 0x47, 0x1a,
    0x1c, 0x70, 0x63, 0xc1, 0x8e, 0xe, 0x38, 0x38,
    0xc0, 0xc7, 0x3, 0x1c, 0x1c, 0x60, 0x71, 0x81,
    0x80, 0xe, 0x0, 0x38, 0x0, 0xc0, 0x3, 0x1,
    0x98, 0x6, 0x60, 0xe, 0x0,

    /* U+014C "Ō" */
    0x0, 0x3f, 0xe0, 0x0, 0x0, 0x0, 0x0, 0x0,
    0x0, 0x0, 0x0, 0x1, 0xf0, 0x0, 0x70, 0xe0,
    0x6, 0x3, 0x80, 0xe0, 0xe, 0xe, 0x0, 0x70,
    0xf0, 0x3, 0x87, 0x0, 0x1e, 0x78, 0x0, 0xf7,
    0x80, 0x7, 0xbc, 0x0, 0x39, 0xc0, 0x1, 0xde,
    0x0, 0x1e, 0xf0, 0x0, 0xe7, 0x80, 0xf, 0x3c,
    0x0, 0x71, 0xe0, 0x7, 0x87, 0x0, 0x38, 0x38,
    0x3, 0x81, 0xc0, 0x38, 0x7, 0x3, 0x80, 0x1f,
    0xf0, 0x0, 0x8, 0x0, 0x0,

    /* U+014D "ō" */
    0x7, 0xfe, 0x0, 0x0, 0x0, 0x0, 0x0, 0x0,
    0x1f, 0x0, 0xc7, 0x7, 0x7, 0x1c, 0xe, 0x70,
    0x1c, 0xe0, 0x3b, 0x80, 0x77, 0x1, 0xce, 0x3,
    0x9c, 0x6, 0x30, 0x18, 0x70, 0x60, 0x61, 0x80,
    0x7c, 0x0,

    /* U+014E "Ŏ" */
    0x0, 0x10, 0x10, 0x0, 0x81, 0x0, 0x6, 0x18,
    0x0, 0x3f, 0x80, 0x0, 0xf8, 0x0, 0x0, 0x0,
    0x0, 0x0, 0x0, 0x3, 0xe0, 0x0, 0xe1, 0xc0,
    0xc, 0x7, 0x1, 0xc0, 0x1c, 0x1c, 0x0, 0xe1,
    0xe0, 0x7, 0xe, 0x0, 0x3c, 0xf0, 0x1, 0xef,
    0x0, 0xf, 0x78, 0x0, 0x73, 0x80, 0x3, 0xbc,
    0x0, 0x3d, 0xe0, 0x1, 0xcf, 0x0, 0x1e, 0x78,
    0x0, 0xe3, 0xc0, 0xf, 0xe, 0x0, 0x70, 0x70,
    0x7, 0x3, 0x80, 0x70, 0xe, 0x7, 0x0, 0x3f,
    0xe0, 0x0, 0x10, 0x0, 0x0,

    /* U+014F "ŏ" */
    0x1, 0x2, 0x3, 0x2, 0x1, 0x86, 0x1, 0xfc,
    0x0, 0xf0, 0x0, 0x0, 0x0, 0x0, 0x1, 0xf0,
    0x6, 0x38, 0x1c, 0x1c, 0x38, 0x1c, 0x70, 0x1c,
    0x70, 0x1c, 0xe0, 0x1c, 0xe0, 0x38, 0xe0, 0x38,
    0xe0, 0x30, 0xc0, 0x60, 0xe0, 0xc0, 0x61, 0x80,
    0x3e, 0x0,

    /* U+0150 "Ő" */
    0x0, 0x6, 0x30, 0x0, 0x73, 0x80, 0x3, 0x18,
    0x0, 0x31, 0x80, 0x1, 0x10, 0x0, 0x0, 0x0,
    0x0, 0x0, 0x0, 0x3, 0xe0, 0x0, 0xe1, 0xc0,
    0xc, 0x7, 0x1, 0xc0, 0x1c, 0x1c, 0x0, 0xe1,
    0xe0, 0x7, 0xe, 0x0, 0x3c, 0xf0, 0x1, 0xef,
    0x0, 0xf, 0x78, 0x0, 0x73, 0x80, 0x3, 0xbc,
    0x0, 0x3d, 0xe0, 0x1, 0xcf, 0x0, 0x1e, 0x78,
    0x0, 0xe3, 0xc0, 0xf, 0xe, 0x0, 0x70, 0x70,
    0x7, 0x3, 0x80, 0x70, 0xe, 0x7, 0x0, 0x3f,
    0xe0, 0x0, 0x10, 0x0, 0x0,

    /* U+0151 "ő" */
    0x0, 0x63, 0x0, 0xe7, 0x0, 0xce, 0x1, 0x8c,
    0x1, 0x10, 0x0, 0x0, 0x0, 0x0, 0x1, 0xf0,
    0x6, 0x38, 0x1c, 0x1c, 0x38, 0x1c, 0x70, 0x1c,
    0x70, 0x1c, 0xe0, 0x1c, 0xe0, 0x38, 0xe0, 0x38,
    0xe0, 0x30, 0xc0, 0x60, 0xe0, 0xc0, 0x61, 0x80,
    0x3e, 0x0,

    /* U+0152 "Œ" */
    0x0, 0x3f, 0xff, 0xf8, 0xf, 0xf, 0x80, 0xc0,
    0xe0, 0x3c, 0x2, 0xe, 0x1, 0xc0, 0x10, 0xe0,
    0xe, 0x0, 0x8e, 0x0, 0x70, 0x0, 0xf0, 0x3,
    0x82, 0x7, 0x0, 0x38, 0x10, 0x78, 0x1, 0xc1,
    0x3, 0x80, 0xf, 0xf8, 0x1c, 0x0, 0xe0, 0xc1,
    0xe0, 0x7, 0x2, 0xf, 0x0, 0x38, 0x20, 0x78,
    0x1, 0xc0, 0x3, 0xc0, 0x1c, 0x0, 0x1e, 0x0,
    0xe0, 0x0, 0x70, 0x7, 0x0, 0x23, 0x80, 0x78,
    0x3, 0xe, 0x3, 0x80, 0x30, 0x38, 0x7e, 0xf,
    0x80, 0x7f, 0xff, 0xf8, 0x0,

    /* U+0153 "œ" */
    0x3, 0xc1, 0xe0, 0xe3, 0x23, 0x18, 0x3c, 0x33,
    0x83, 0x87, 0x70, 0x38, 0x67, 0x3, 0xc, 0xe0,
    0x73, 0xe, 0x7, 0xc0, 0xe0, 0x60, 0xe, 0xe,
    0x0, 0xc0, 0xe0, 0xe, 0x1e, 0x4, 0x63, 0x71,
    0x3, 0xe3, 0xe0,

    /* U+0154 "Ŕ" */
    0x0, 0x1, 0x80, 0x0, 0x70, 0x0, 0x1c, 0x0,
    0x7, 0x0, 0x1, 0x80, 0x0, 0x60, 0x0, 0x0,
    0x0, 0x7f, 0xf8, 0x1, 0xc3, 0xc0, 0x38, 0x3c,
    0x7, 0x3, 0x81, 0xe0, 0x70, 0x38, 0xe, 0x7,
    0x3, 0xc1, 0xe0, 0x70, 0x38, 0x1c, 0x7, 0xfe,
    0x0, 0xe7, 0x0, 0x3c, 0xe0, 0x7, 0xe, 0x0,
    0xe1, 0xc0, 0x3c, 0x3c, 0x7, 0x3, 0x80, 0xe0,
    0x70, 0x1c, 0x7, 0x7, 0x80, 0xe0, 0xf0, 0x1e,
    0x7f, 0x81, 0xf0,

    /* U+0155 "ŕ" */
    0x0, 0x30, 0x7, 0x0, 0xe0, 0x18, 0x3, 0x0,
    0x0, 0x0, 0x3, 0x8e, 0x59, 0xe1, 0xa6, 0x3c,
    0x3, 0x40, 0x38, 0x3, 0x80, 0x70, 0x7, 0x0,
    0x60, 0x6, 0x0, 0xe0, 0xc, 0x0, 0xc0, 0x0,

    /* U+0156 "Ŗ" */
    0xf, 0xff, 0x0, 0x38, 0x78, 0x7, 0x7, 0x80,
    0xe0, 0x70, 0x3c, 0xe, 0x7, 0x1, 0xc0, 0xe0,
    0x78, 0x3c, 0xe, 0x7, 0x3, 0x80, 0xff, 0xc0,
    0x1c, 0xe0, 0x7, 0x9c, 0x0, 0xe1, 0xc0, 0x1c,
    0x38, 0x7, 0x87, 0x80, 0xe0, 0x70, 0x1c, 0xe,
    0x3, 0x80, 0xe0, 0xf0, 0x1c, 0x1e, 0x3, 0xcf,
    0xf0, 0x3e, 0x0, 0x0, 0x0, 0x0, 0x0, 0x1c,
    0x0, 0x3, 0x80, 0x0, 0x70, 0x0, 0x6, 0x0,
    0x0, 0xc0, 0x0, 0x10, 0x0, 0xc, 0x0, 0x0,

    /* U+0157 "ŗ" */
    0x1c, 0x72, 0xcf, 0xd, 0x31, 0xe0, 0x1a, 0x1,
    0xc0, 0x1c, 0x3, 0x80, 0x38, 0x3, 0x0, 0x30,
    0x7, 0x0, 0x60, 0x6, 0x0, 0x0, 0x0, 0x0,
    0x70, 0x7, 0x0, 0x70, 0x3, 0x0, 0x30, 0x6,
    0x0, 0x80, 0x0,

    /* U+0158 "Ř" */
    0x0, 0x60, 0x60, 0x6, 0x18, 0x0, 0x6c, 0x0,
    0xf, 0x0, 0x0, 0xc0, 0x0, 0x0, 0x0, 0x0,
    0x0, 0x7f, 0xf8, 0x1, 0xc3, 0xc0, 0x38, 0x3c,
    0x7, 0x3, 0x81, 0xe0, 0x70, 0x38, 0xe, 0x7,
    0x3, 0xc1, 0xe0, 0x70, 0x38, 0x1c, 0x7, 0xfe,
    0x0, 0xe7, 0x0, 0x3c, 0xe0, 0x7, 0xe, 0x0,
    0xe1, 0xc0, 0x3c, 0x3c, 0x7, 0x3, 0x80, 0xe0,
    0x70, 0x1c, 0x7, 0x7, 0x80, 0xe0, 0xf0, 0x1e,
    0x7f, 0x81, 0xf0,

    /* U+0159 "ř" */
    0x8, 0x8, 0x10, 0xc0, 0x76, 0x0, 0xf0, 0x3,
    0x80, 0x0, 0x0, 0x0, 0xe, 0x38, 0x59, 0xe0,
    0x69, 0x83, 0xc0, 0xd, 0x0, 0x38, 0x0, 0xe0,
    0x7, 0x0, 0x1c, 0x0, 0x60, 0x1, 0x80, 0xe,
    0x0, 0x30, 0x0, 0xc0, 0x0,

    /* U+015A "Ś" */
    0x0, 0x6, 0x0, 0xf, 0x0, 0x1c, 0x0, 0x38,
    0x0, 0x60, 0x0, 0xc0, 0x0, 0x0, 0x1, 0xff,
    0x7, 0xe, 0xe, 0x6, 0xe, 0x6, 0xc, 0x2,
    0xe, 0x2, 0xe, 0x0, 0xf, 0x0, 0x7, 0x80,
    0x3, 0xc0, 0x1, 0xe0, 0x0, 0xf0, 0x0, 0x78,
    0x0, 0x78, 0x40, 0x38, 0x40, 0x38, 0x40, 0x38,
    0x40, 0x38, 0xe0, 0x30, 0xf0, 0x70, 0xff, 0xc0,
    0x82, 0x0,

    /* U+015B "ś" */
    0x0, 0x18, 0x1, 0xc0, 0x18, 0x1, 0x80, 0x10,
    0x1, 0x0, 0x0, 0x0, 0xfc, 0x1c, 0x60, 0xc1,
    0x7, 0x8, 0x38, 0x0, 0xe0, 0x7, 0x80, 0x1c,
    0x0, 0x70, 0x1, 0x84, 0xc, 0x30, 0x61, 0xc6,
    0xf, 0xe0, 0x0,

    /* U+015C "Ŝ" */
    0x0, 0x38, 0x0, 0x78, 0x0, 0xec, 0x1, 0x84,
    0x3, 0x6, 0x2, 0x3, 0x0, 0x0, 0x1, 0xff,
    0x7, 0xe, 0xe, 0x6, 0xe, 0x6, 0xc, 0x2,
    0xe, 0x2, 0xe, 0x0, 0xf, 0x0, 0x7, 0x80,
    0x3, 0xc0, 0x1, 0xe0, 0x0, 0xf0, 0x0, 0x78,
    0x0, 0x78, 0x40, 0x38, 0x40, 0x38, 0x40, 0x38,
    0x40, 0x38, 0xe0, 0x30, 0xf0, 0x70, 0xff, 0xc0,
    0x82, 0x0,

    /* U+015D "ŝ" */
    0x1, 0xc0, 0x1f, 0x1, 0xd8, 0x18, 0x61, 0x81,
    0x80, 0x0, 0x0, 0x0, 0xfc, 0x1c, 0x60, 0xc1,
    0x7, 0x8, 0x38, 0x0, 0xe0, 0x7, 0x80, 0x1c,
    0x0, 0x70, 0x1, 0x84, 0xc, 0x30, 0x61, 0xc6,
    0xf, 0xe0, 0x0,

    /* U+015E "Ş" */
    0x1, 0xff, 0x3, 0xf, 0x6, 0x7, 0xe, 0x2,
    0xe, 0x2, 0xe, 0x2, 0xf, 0x0, 0xf, 0x0,
    0x7, 0x80, 0x3, 0xc0, 0x1, 0xe0, 0x0, 0xf0,
    0x0, 0x78, 0x0, 0x38, 0x40, 0x3c, 0x40, 0x1c,
    0x40, 0x18, 0x40, 0x18, 0x60, 0x38, 0x70, 0x70,
    0xff, 0xe0, 0x84, 0x0, 0x8, 0x0, 0x1e, 0x0,
    0x7, 0x0, 0x3, 0x0, 0x3, 0x0, 0x3e, 0x0,

    /* U+015F "ş" */
    0x3, 0xd0, 0xe3, 0xc, 0x30, 0xe1, 0xe, 0x10,
    0x70, 0x7, 0x80, 0x38, 0x1, 0xc0, 0xc, 0x40,
    0xc6, 0xc, 0x71, 0x87, 0xf0, 0x8, 0x1, 0x0,
    0x3e, 0x0, 0xe0, 0x6, 0x0, 0xe0, 0x7c, 0x0,

    /* U+0160 "Š" */
    0x0, 0x80, 0x80, 0x30, 0xc0, 0x6, 0x60, 0x0,
    0xf0, 0x0, 0x38, 0x0, 0x0, 0x0, 0x0, 0x0,
    0x7, 0xfc, 0x7, 0xe, 0x3, 0x81, 0x80, 0xe0,
    0x60, 0x30, 0x8, 0xe, 0x2, 0x3, 0x80, 0x0,
    0xf0, 0x0, 0x1e, 0x0, 0x3, 0xc0, 0x0, 0x78,
    0x0, 0xf, 0x0, 0x1, 0xe0, 0x0, 0x78, 0x10,
    0xe, 0x4, 0x3, 0x81, 0x0, 0xe0, 0x40, 0x38,
    0x38, 0xc, 0xf, 0x7, 0x3, 0xff, 0x0, 0x82,
    0x0, 0x0,

    /* U+0161 "š" */
    0x6, 0x4, 0x6, 0x10, 0xe, 0xc0, 0xf, 0x0,
    0x1c, 0x0, 0x0, 0x0, 0x0, 0x3, 0xf0, 0x1c,
    0x60, 0x30, 0x40, 0x70, 0x80, 0xe0, 0x0, 0xe0,
    0x1, 0xe0, 0x1, 0xc0, 0x1, 0xc0, 0x1, 0x81,
    0x3, 0x3, 0x6, 0x7, 0x18, 0xf, 0xe0, 0x0,

    /* U+0162 "Ţ" */
    0x7f, 0xff, 0xd8, 0x38, 0x74, 0xe, 0xe, 0x7,
    0x82, 0x81, 0xc0, 0x80, 0x70, 0x0, 0x1c, 0x0,
    0xf, 0x0, 0x3, 0x80, 0x0, 0xe0, 0x0, 0x78,
    0x0, 0x1c, 0x0, 0x7, 0x0, 0x1, 0xc0, 0x0,
    0xf0, 0x0, 0x38, 0x0, 0xe, 0x0, 0x3, 0x80,
    0x1, 0xe0, 0x0, 0xf8, 0x0, 0xff, 0x80, 0x2,
    0x0, 0x1, 0x0, 0x0, 0x70, 0x0, 0xe, 0x0,
    0x1, 0x80, 0x0, 0x60, 0x1, 0xf0, 0x0,

    /* U+0163 "ţ" */
    0x0, 0x80, 0x10, 0x6, 0x3, 0xc0, 0xfe, 0x6,
    0x1, 0xc0, 0x38, 0x6, 0x0, 0xc0, 0x38, 0x7,
    0x0, 0xc0, 0x18, 0x7, 0x20, 0xe8, 0x1e, 0x3,
    0x80, 0x20, 0x8, 0x3, 0xc0, 0x1c, 0x1, 0x80,
    0x70, 0xf8, 0x0,

    /* U+0164 "Ť" */
    0x1, 0x3, 0x0, 0x61, 0x80, 0xd, 0xc0, 0x3,
    0xe0, 0x0, 0x70, 0x0, 0x0, 0x0, 0x0, 0x1,
    0xff, 0xff, 0x70, 0xe1, 0xd0, 0x38, 0x38, 0x1e,
    0xa, 0x7, 0x2, 0x1, 0xc0, 0x0, 0x70, 0x0,
    0x3c, 0x0, 0xe, 0x0, 0x3, 0x80, 0x0, 0xe0,
    0x0, 0x78, 0x0, 0x1c, 0x0, 0x7, 0x0, 0x3,
    0xc0, 0x0, 0xe0, 0x0, 0x38, 0x0, 0xe, 0x0,
    0x7, 0x80, 0x1, 0xe0, 0x3, 0xfe, 0x0,

    /* U+0165 "ť" */
    0x0, 0x18, 0x0, 0xf0, 0x1, 0xc0, 0x2, 0x4,
    0x18, 0x30, 0x41, 0xc6, 0x1f, 0xc0, 0x18, 0x0,
    0xe0, 0x3, 0x80, 0xc, 0x0, 0x30, 0x1, 0xc0,
    0x7, 0x0, 0x18, 0x0, 0x60, 0x3, 0x90, 0xe,
    0x80, 0x3c, 0x0, 0xe0, 0x0,

    /* U+0166 "Ŧ" */
    0x7f, 0xff, 0xdc, 0x38, 0x74, 0xe, 0xe, 0x7,
    0x82, 0x81, 0xc0, 0x80, 0x70, 0x0, 0x1c, 0x0,
    0xf, 0x0, 0x3, 0x80, 0x0, 0xe0, 0x3, 0xff,
    0x0, 0x1c, 0x0, 0x7, 0x0, 0x1, 0xc0, 0x0,
    0xf0, 0x0, 0x38, 0x0, 0xe, 0x0, 0x3, 0x80,
    0x1, 0xe0, 0x0, 0xf8, 0x0, 0xff, 0x80, 0x0,

    /* U+0167 "ŧ" */
    0x0, 0x1, 0x81, 0x81, 0xc3, 0xf8, 0x70, 0x30,
    0x18, 0x1c, 0x3f, 0x86, 0x3, 0x3, 0x81, 0x80,
    0xc8, 0xe8, 0x7c, 0x18, 0x0,

    /* U+0168 "Ũ" */
    0x0, 0xf0, 0x80, 0xf, 0xc8, 0x0, 0x8f, 0xc0,
    0x4, 0x38, 0x0, 0x0, 0x0, 0x7f, 0xc1, 0xfc,
    0x78, 0x1, 0x83, 0x80, 0x8, 0x1c, 0x0, 0xc1,
    0xe0, 0x6, 0xe, 0x0, 0x20, 0x70, 0x1, 0x7,
    0x80, 0x18, 0x38, 0x0, 0xc1, 0xc0, 0x4, 0xe,
    0x0, 0x20, 0xf0, 0x3, 0x7, 0x0, 0x10, 0x38,
    0x0, 0x81, 0xc0, 0x4, 0xe, 0x0, 0x40, 0x70,
    0x2, 0x3, 0x80, 0x30, 0x1c, 0x3, 0x0, 0x70,
    0x30, 0x1, 0xff, 0x0, 0x0, 0x80, 0x0,

    /* U+0169 "ũ" */
    0x0, 0x2, 0x7, 0x8c, 0x1f, 0xf0, 0x47, 0x80,
    0x0, 0x0, 0x0, 0x1e, 0x6, 0x1c, 0xc, 0x38,
    0x38, 0x70, 0x70, 0xc1, 0xc1, 0x83, 0x87, 0x7,
    0xe, 0x1e, 0x18, 0x58, 0x31, 0x70, 0xe2, 0xe1,
    0xc9, 0xd3, 0x23, 0x47, 0x87, 0x0,

    /* U+016A "Ū" */
    0x1, 0xff, 0x0, 0x0, 0x0, 0x0, 0x0, 0x0,
    0x0, 0x0, 0xf, 0xf8, 0x3f, 0x8f, 0x0, 0x30,
    0x70, 0x1, 0x3, 0x80, 0x18, 0x3c, 0x0, 0xc1,
    0xc0, 0x4, 0xe, 0x0, 0x20, 0xf0, 0x3, 0x7,
    0x0, 0x18, 0x38, 0x0, 0x81, 0xc0, 0x4, 0x1e,
    0x0, 0x60, 0xe0, 0x2, 0x7, 0x0, 0x10, 0x38,
    0x0, 0x81, 0xc0, 0x8, 0xe, 0x0, 0x40, 0x70,
    0x6, 0x3, 0x80, 0x60, 0xe, 0x6, 0x0, 0x3f,
    0xe0, 0x0, 0x10, 0x0, 0x0,

    /* U+016B "ū" */
    0x7, 0xfc, 0x0, 0x0, 0x0, 0x0, 0x0, 0x78,
    0x18, 0xe0, 0x63, 0x83, 0x8e, 0xe, 0x30, 0x70,
    0xc1, 0xc7, 0x7, 0x1c, 0x3c, 0x61, 0x61, 0x8b,
    0x8e, 0x2e, 0x39, 0x3a, 0xc8, 0xd3, 0xc3, 0x80,

    /* U+016C "Ŭ" */
    0x0, 0x80, 0x80, 0x4, 0x8, 0x0, 0x30, 0xc0,
    0x1, 0xfc, 0x0, 0x7, 0x80, 0x0, 0x0, 0x0,
    0x0, 0x0, 0x1f, 0xf0, 0x7f, 0x1e, 0x0, 0x60,
    0xe0, 0x2, 0x7, 0x0, 0x30, 0x78, 0x1, 0x83,
    0x80, 0x8, 0x1c, 0x0, 0x41, 0xe0, 0x6, 0xe,
    0x0, 0x30, 0x70, 0x1, 0x3, 0x80, 0x8, 0x3c,
    0x0, 0xc1, 0xc0, 0x4, 0xe, 0x0, 0x20, 0x70,
    0x1, 0x3, 0x80, 0x10, 0x1c, 0x0, 0x80, 0xe0,
    0xc, 0x7, 0x0, 0xc0, 0x1c, 0xc, 0x0, 0x7f,
    0xc0, 0x0, 0x20, 0x0, 0x0,

    /* U+016D "ŭ" */
    0x4, 0x4, 0x18, 0x30, 0x61, 0x80, 0xfc, 0x1,
    0xe0, 0x0, 0x0, 0x0, 0x1e, 0x6, 0x38, 0x18,
    0xe0, 0xe3, 0x83, 0x8c, 0x1c, 0x30, 0x71, 0xc1,
    0xc7, 0xf, 0x18, 0x58, 0x62, 0xe3, 0x8b, 0x8e,
    0x4e, 0xb2, 0x34, 0xf0, 0xe0,

    /* U+016E "Ů" */
    0x0, 0x1c, 0x0, 0x1, 0x10, 0x0, 0x10, 0x80,
    0x0, 0x84, 0x0, 0x4, 0x20, 0x0, 0x32, 0x0,
    0x0, 0xe0, 0x0, 0x0, 0x0, 0xff, 0x83, 0xf8,
    0xf0, 0x3, 0x7, 0x0, 0x10, 0x38, 0x1, 0x83,
    0xc0, 0xc, 0x1c, 0x0, 0x40, 0xe0, 0x2, 0xf,
    0x0, 0x30, 0x70, 0x1, 0x83, 0x80, 0x8, 0x1c,
    0x0, 0x41, 0xe0, 0x6, 0xe, 0x0, 0x20, 0x70,
    0x1, 0x3, 0x80, 0x8, 0x1c, 0x0, 0x80, 0xe0,
    0x4, 0x7, 0x0, 0x60, 0x38, 0x6, 0x0, 0xe0,
    0x60, 0x3, 0xfe, 0x0, 0x1, 0x0, 0x0,

    /* U+016F "ů" */
    0x0, 0x70, 0x6, 0x20, 0x10, 0x80, 0x42, 0x1,
    0x10, 0x7, 0x80, 0x0, 0x0, 0x0, 0x0, 0x1,
    0xe0, 0x63, 0x81, 0x8e, 0xe, 0x38, 0x38, 0xc1,
    0xc3, 0x7, 0x1c, 0x1c, 0x70, 0xf1, 0x85, 0x86,
    0x2e, 0x38, 0xb8, 0xe4, 0xeb, 0x23, 0x4f, 0xe,
    0x0,

    /* U+0170 "Ű" */
    0x0, 0x31, 0x80, 0x1, 0x9c, 0x0, 0x18, 0xc0,
    0x1, 0x8c, 0x0, 0x8, 0xc0, 0x0, 0x0, 0x0,
    0x0, 0x0, 0x1f, 0xf0, 0x7f, 0x1e, 0x0, 0x60,
    0xe0, 0x2, 0x7, 0x0, 0x30, 0x78, 0x1, 0x83,
    0x80, 0x8, 0x1c, 0x0, 0x41, 0xe0, 0x6, 0xe,
    0x0, 0x30, 0x70, 0x1, 0x3, 0x80, 0x8, 0x3c,
    0x0, 0xc1, 0xc0, 0x4, 0xe, 0x0, 0x20, 0x70,
    0x1, 0x3, 0x80, 0x10, 0x1c, 0x0, 0x80, 0xe0,
    0xc, 0x7, 0x0, 0xc0, 0x1c, 0xc, 0x0, 0x7f,
    0xc0, 0x0, 0x20, 0x0, 0x0,

    /* U+0171 "ű" */
    0x1, 0x8c, 0xe, 0x70, 0x33, 0x1, 0x88, 0x4,
    0x40, 0x0, 0x0, 0x0, 0x1e, 0x6, 0x38, 0x18,
    0xe0, 0xe3, 0x83, 0x8c, 0x1c, 0x30, 0x71, 0xc1,
    0xc7, 0xf, 0x18, 0x58, 0x62, 0xe3, 0x8b, 0x8e,
    0x4e, 0xb2, 0x34, 0xf0, 0xe0,

    /* U+0172 "Ų" */
    0x7f, 0xc1, 0xf8, 0x70, 0x3, 0x87, 0x80, 0x18,
    0x38, 0x0, 0xc1, 0xc0, 0x4, 0xe, 0x0, 0x20,
    0xf0, 0x3, 0x7, 0x0, 0x18, 0x38, 0x0, 0x81,
    0xc0, 0x4, 0x1c, 0x0, 0x60, 0xe0, 0x2, 0x7,
    0x0, 0x10, 0x38, 0x1, 0x83, 0xc0, 0x8, 0x1c,
    0x0, 0x40, 0xe0, 0x6, 0x7, 0x0, 0x20, 0x1c,
    0x3, 0x0, 0x60, 0x30, 0x1, 0xff, 0x80, 0x1,
    0x88, 0x0, 0x0, 0xc0, 0x0, 0x6, 0x10, 0x0,
    0x3f, 0x0, 0x0, 0xf0, 0x0,

    /* U+0173 "ų" */
    0x78, 0x18, 0x70, 0x30, 0xe0, 0xe1, 0xc1, 0xc3,
    0x7, 0x6, 0xe, 0x1c, 0x1c, 0x38, 0x78, 0x61,
    0x60, 0xc4, 0xc3, 0x8b, 0x87, 0x27, 0x4c, 0x8d,
    0x1e, 0x1c, 0x0, 0x30, 0x0, 0x60, 0x0, 0xc6,
    0x1, 0xf8, 0x1, 0xe0,

    /* U+0174 "Ŵ" */
    0x0, 0x6, 0x0, 0x0, 0x1, 0xc0, 0x0, 0x0,
    0x7c, 0x0, 0x0, 0x19, 0x80, 0x0, 0x6, 0x18,
    0x0, 0x1, 0x1, 0x0, 0x0, 0x0, 0x0, 0x7,
    0xf9, 0xfc, 0x3f, 0x3c, 0xe, 0x1, 0xc7, 0x1,
    0xc0, 0x30, 0xe0, 0x38, 0x4, 0xc, 0x7, 0x1,
    0x81, 0xc0, 0xe0, 0x20, 0x38, 0x1c, 0xc, 0x7,
    0x5, 0x81, 0x0, 0xe0, 0xb8, 0x60, 0x1c, 0x27,
    0x8, 0x3, 0x84, 0xe3, 0x0, 0x71, 0x1c, 0x40,
    0xe, 0x23, 0x98, 0x0, 0xc8, 0x72, 0x0, 0x1d,
    0xe, 0xc0, 0x3, 0xc1, 0xd0, 0x0, 0x78, 0x3e,
    0x0, 0xe, 0x3, 0x80, 0x1, 0xc0, 0x70, 0x0,
    0x30, 0xc, 0x0, 0x6, 0x1, 0x80, 0x0, 0x80,
    0x20, 0x0,

    /* U+0175 "ŵ" */
    0x0, 0x18, 0x0, 0x3, 0xc0, 0x0, 0x6e, 0x0,
    0x8, 0x60, 0x1, 0x3, 0x0, 0x0, 0x0, 0x0,
    0x0, 0x7, 0x1, 0x6, 0xb0, 0x10, 0x73, 0x3,
    0x3, 0x38, 0x70, 0x23, 0x8b, 0x2, 0x38, 0xb0,
    0x41, 0x93, 0x84, 0x19, 0x38, 0x81, 0xa1, 0x98,
    0x1e, 0x19, 0x1, 0xc1, 0xa0, 0x1c, 0x1c, 0x1,
    0x81, 0x80, 0x10, 0x18, 0x0, 0x0, 0x0,

    /* U+0176 "Ŷ" */
    0x0, 0x60, 0x0, 0x78, 0x0, 0x7c, 0x0, 0x63,
    0x0, 0x60, 0xc0, 0x40, 0x20, 0x0, 0x1, 0xfe,
    0x3f, 0x38, 0x3, 0x1c, 0x3, 0x7, 0x3, 0x3,
    0x81, 0x1, 0xc1, 0x80, 0x71, 0x80, 0x39, 0x80,
    0x1d, 0x80, 0xe, 0x80, 0x3, 0x80, 0x1, 0xc0,
    0x1, 0xe0, 0x0, 0xe0, 0x0, 0x70, 0x0, 0x38,
    0x0, 0x3c, 0x0, 0x1c, 0x0, 0xe, 0x0, 0xf,
    0x0, 0x1f, 0xf0, 0x0,

    /* U+0177 "ŷ" */
    0x0, 0x70, 0x1, 0xe0, 0x6, 0xe0, 0x18, 0xc0,
    0x40, 0xc0, 0x0, 0x0, 0x0, 0xf, 0x6, 0x2e,
    0xe, 0xc, 0xc, 0x1c, 0x10, 0x18, 0x20, 0x30,
    0x40, 0x71, 0x0, 0xe2, 0x0, 0xc8, 0x1, 0x90,
    0x3, 0x40, 0x7, 0x80, 0xe, 0x0, 0x8, 0x0,
    0x10, 0x0, 0x40, 0x1, 0x0, 0x2, 0x0, 0xc8,
    0x3, 0xe0, 0x3, 0x80, 0x0,

    /* U+0178 "Ÿ" */
    0x7, 0xc, 0x3, 0x8e, 0x1, 0xc3, 0x0, 0x0,
    0xf, 0xf1, 0xf9, 0xc0, 0x18, 0xe0, 0x18, 0x38,
    0x18, 0x1c, 0x8, 0xe, 0xc, 0x3, 0x8c, 0x1,
    0xcc, 0x0, 0xec, 0x0, 0x74, 0x0, 0x1c, 0x0,
    0xe, 0x0, 0xf, 0x0, 0x7, 0x0, 0x3, 0x80,
    0x1, 0xc0, 0x1, 0xe0, 0x0, 0xe0, 0x0, 0x70,
    0x0, 0x78, 0x0, 0xff, 0x80, 0x0,

    /* U+0179 "Ź" */
    0x0, 0x3, 0x0, 0x0, 0x70, 0x0, 0xe, 0x0,
    0x1, 0xc0, 0x0, 0x30, 0x0, 0x4, 0x0, 0x0,
    0x0, 0x0, 0xff, 0xfe, 0xc, 0x1, 0xe1, 0x80,
    0x3c, 0x10, 0x7, 0x80, 0x0, 0x70, 0x0, 0xf,
    0x0, 0x1, 0xe0, 0x0, 0x3c, 0x0, 0x7, 0x80,
    0x0, 0x70, 0x0, 0xf, 0x0, 0x1, 0xe0, 0x0,
    0x3c, 0x0, 0x3, 0x80, 0x0, 0x70, 0x0, 0xf,
    0x0, 0x1, 0xe0, 0x4, 0x3c, 0x0, 0x83, 0x80,
    0x18, 0x78, 0x7, 0x8f, 0xff, 0xf0,

    /* U+017A "ź" */
    0x0, 0x30, 0x7, 0x0, 0xe0, 0x18, 0x2, 0x0,
    0x0, 0x0, 0x1, 0xff, 0x1f, 0xe2, 0x4, 0x20,
    0x40, 0x8, 0x1, 0x0, 0x20, 0x4, 0x0, 0x40,
    0x8, 0x1, 0x0, 0x20, 0x7, 0x80, 0x7c, 0x29,
    0xe7, 0x7, 0x20, 0x1c,

    /* U+017B "Ż" */
    0x0, 0x18, 0x0, 0x3, 0x80, 0x0, 0x18, 0x0,
    0x0, 0x0, 0x0, 0x0, 0x0, 0xff, 0xfe, 0xc,
    0x1, 0xe1, 0x80, 0x3c, 0x10, 0x7, 0x80, 0x0,
    0x70, 0x0, 0xf, 0x0, 0x1, 0xe0, 0x0, 0x3c,
    0x0, 0x7, 0x80, 0x0, 0x70, 0x0, 0xf, 0x0,
    0x1, 0xe0, 0x0, 0x3c, 0x0, 0x3, 0x80, 0x0,
    0x70, 0x0, 0xf, 0x0, 0x1, 0xe0, 0x4, 0x3c,
    0x0, 0x83, 0x80, 0x18, 0x78, 0x7, 0x8f, 0xff,
    0xf0,

    /* U+017C "ż" */
    0x1, 0x80, 0x1c, 0x1, 0x80, 0x0, 0x0, 0x1,
    0xff, 0x1f, 0xe2, 0x4, 0x20, 0x40, 0x8, 0x1,
    0x0, 0x20, 0x4, 0x0, 0x40, 0x8, 0x1, 0x0,
    0x20, 0x7, 0x80, 0x7c, 0x29, 0xe7, 0x7, 0x20,
    0x1c,

    /* U+017D "Ž" */
    0x0, 0x80, 0x80, 0xc, 0x30, 0x0, 0x66, 0x0,
    0x7, 0xc0, 0x0, 0x38, 0x0, 0x0, 0x0, 0x0,
    0x0, 0x0, 0xff, 0xfe, 0xc, 0x1, 0xe1, 0x80,
    0x3c, 0x10, 0x7, 0x80, 0x0, 0x70, 0x0, 0xf,
    0x0, 0x1, 0xe0, 0x0, 0x3c, 0x0, 0x7, 0x80,
    0x0, 0x70, 0x0, 0xf, 0x0, 0x1, 0xe0, 0x0,
    0x3c, 0x0, 0x3, 0x80, 0x0, 0x70, 0x0, 0xf,
    0x0, 0x1, 0xe0, 0x4, 0x3c, 0x0, 0x83, 0x80,
    0x18, 0x78, 0x7, 0x8f, 0xff, 0xf0,

    /* U+017E "ž" */
    0xc, 0x8, 0x18, 0x40, 0x36, 0x0, 0xf0, 0x1,
    0x80, 0x0, 0x0, 0x0, 0x7, 0xfc, 0x1f, 0xe0,
    0x81, 0x2, 0x4, 0x0, 0x20, 0x1, 0x0, 0x8,
    0x0, 0x40, 0x1, 0x0, 0x8, 0x0, 0x40, 0x2,
    0x0, 0x1e, 0x0, 0x7c, 0x22, 0x79, 0xc0, 0x72,
    0x0, 0x70,

    /* U+017F "ſ" */
    0x0, 0x7, 0x80, 0x7, 0x70, 0x1, 0x9c, 0x0,
    0xc0, 0x0, 0x70, 0x0, 0x1c, 0x0, 0x6, 0x0,
    0x1f, 0x80, 0x0, 0xe0, 0x0, 0x38, 0x0, 0xc,
    0x0, 0x3, 0x0, 0x1, 0xc0, 0x0, 0x70, 0x0,
    0x1c, 0x0, 0x6, 0x0, 0x3, 0x80, 0x0, 0xe0,
    0x0, 0x38, 0x0, 0xc, 0x0, 0x3, 0x0, 0x1,
    0xc0, 0x0, 0x60, 0x0, 0x18, 0x0, 0x86, 0x0,
    0x33, 0x0, 0xd, 0x80, 0x1, 0xc0, 0x0,

    /* U+0180 "ƀ" */
    0x1e, 0x0, 0x38, 0x0, 0xe0, 0x3, 0x80, 0x7f,
    0x80, 0x30, 0x1, 0xc0, 0x7, 0x0, 0x18, 0xf0,
    0x6c, 0x63, 0xc1, 0xcd, 0x7, 0x38, 0x1d, 0xc0,
    0x77, 0x1, 0xd8, 0xe, 0x60, 0x3b, 0x81, 0xce,
    0xe, 0x38, 0x70, 0xe3, 0x80, 0xf8, 0x0,

    /* U+0181 "Ɓ" */
    0x3, 0xff, 0xc0, 0xe7, 0x87, 0x8, 0x3c, 0x1c,
    0x81, 0xc0, 0xe4, 0xe, 0x7, 0xe0, 0x70, 0x3f,
    0x87, 0x81, 0xdc, 0x38, 0xe, 0xc1, 0xc0, 0xe0,
    0xe, 0x1e, 0x0, 0xff, 0x80, 0x7, 0x7, 0x0,
    0x38, 0x1c, 0x3, 0xc0, 0xf0, 0x1c, 0x3, 0x80,
    0xe0, 0x1c, 0x7, 0x1, 0xe0, 0x78, 0xe, 0x3,
    0x80, 0xf0, 0x1e, 0x1e, 0x3, 0xff, 0xc0, 0x0,

    /* U+0182 "Ƃ" */
    0xf, 0xff, 0xe0, 0x38, 0xc, 0x7, 0x0, 0x81,
    0xe0, 0x10, 0x38, 0x0, 0x7, 0x0, 0x0, 0xe0,
    0x0, 0x3c, 0x0, 0x7, 0x0, 0x0, 0xff, 0x80,
    0x3c, 0x3c, 0x7, 0x1, 0xc0, 0xe0, 0x38, 0x1c,
    0x7, 0x7, 0x80, 0xe0, 0xe0, 0x1c, 0x1c, 0x7,
    0x83, 0x80, 0xe0, 0xf0, 0x38, 0x1c, 0x1e, 0xf,
    0xfe, 0x0,

    /* U+0183 "ƃ" */
    0x1f, 0xfe, 0xf, 0xf8, 0x38, 0x10, 0x70, 0x20,
    0xc0, 0x1, 0x80, 0x7, 0x0, 0xc, 0x78, 0x19,
    0x1c, 0x7c, 0x38, 0xf0, 0x71, 0xc0, 0xe3, 0x1,
    0xce, 0x3, 0x9c, 0xe, 0x30, 0x1c, 0xe0, 0x71,
    0xc0, 0xc3, 0x83, 0x7, 0x1c, 0x3, 0xe0, 0x0,

    /* U+0184 "Ƅ" */
    0x0, 0x40, 0x0, 0x60, 0x0, 0x70, 0x0, 0x78,
    0x0, 0x78, 0x0, 0x7c, 0x0, 0x3e, 0x0, 0x1f,
    0x0, 0x7, 0x0, 0x3, 0x80, 0x3, 0xff, 0x1,
    0xc1, 0xe0, 0xe0, 0x78, 0x70, 0x1c, 0x78, 0xe,
    0x38, 0x7, 0x1c, 0x3, 0x8e, 0x3, 0xcf, 0x3,
    0xc7, 0x83, 0xcf, 0xff, 0x0,

    /* U+0185 "ƅ" */
    0x2, 0x0, 0x18, 0x0, 0xe0, 0x7, 0x0, 0x7c,
    0x1, 0xf0, 0x3, 0xc0, 0xe, 0x3c, 0x3b, 0x18,
    0xf0, 0x73, 0x81, 0xce, 0x7, 0x70, 0x1d, 0xc0,
    0x76, 0x3, 0x98, 0xe, 0xe0, 0x73, 0x83, 0x8c,
    0x1c, 0x38, 0xe0, 0x3e, 0x0,

    /* U+0186 "Ɔ" */
    0x0, 0x7f, 0x80, 0x6, 0x7, 0x80, 0x60, 0xf,
    0x2, 0x0, 0x1e, 0x0, 0x0, 0x38, 0x0, 0x0,
    0xf0, 0x0, 0x3, 0xc0, 0x0, 0xf, 0x0, 0x0,
    0x3c, 0x0, 0x0, 0xf0, 0x0, 0x3, 0x80, 0x0,
    0x1e, 0x0, 0x0, 0x78, 0x0, 0x3, 0xc4, 0x0,
    0xf, 0x10, 0x0, 0x78, 0x40, 0x1, 0xc1, 0x80,
    0xe, 0xf, 0x0, 0xe0, 0x3e, 0xf, 0x0, 0x8f,
    0xe0, 0x0,

    /* U+0187 "Ƈ" */
    0x0, 0x3f, 0x1, 0xf0, 0xf, 0x6, 0x13, 0xc0,
    0xe0, 0x9, 0xc, 0x1e, 0x0, 0x70, 0x1, 0xe0,
    0x1, 0x80, 0xe, 0x0, 0xc, 0x0, 0xf0, 0x0,
    0x40, 0xf, 0x0, 0x2, 0x0, 0x78, 0x0, 0x0,
    0x3, 0xc0, 0x0, 0x0, 0x1c, 0x0, 0x0, 0x1,
    0xe0, 0x0, 0x0, 0xf, 0x0, 0x0, 0x0, 0x78,
    0x0, 0x0, 0x1, 0xc0, 0x0, 0x0, 0xf, 0x0,
    0x0, 0x0, 0x78, 0x0, 0x0, 0x1, 0xc0, 0x3,
    0x0, 0x7, 0x0, 0x30, 0x0, 0x1e, 0x6, 0x0,
    0x0, 0x3f, 0xc0, 0x0, 0x0,

    /* U+0188 "ƈ" */
    0x0, 0x0, 0xe0, 0x0, 0x37, 0x0, 0x2, 0x70,
    0x0, 0x40, 0x0, 0x4, 0x0, 0x0, 0x40, 0x0,
    0x8, 0x0, 0x3e, 0x80, 0xe, 0x38, 0x1, 0xc3,
    0x80, 0x38, 0x30, 0x7, 0x0, 0x0, 0x60, 0x0,
    0xe, 0x0, 0x0, 0xe0, 0x0, 0xe, 0x0, 0x0,
    0xe0, 0x0, 0xe, 0x0, 0x0, 0xe0, 0x40, 0x7,
    0x18, 0x0, 0x3e, 0x0, 0x0,

    /* U+0189 "Ɖ" */
    0xf, 0xff, 0x80, 0x3, 0x83, 0xc0, 0x7, 0x1,
    0xc0, 0xe, 0x1, 0xc0, 0x3c, 0x3, 0xc0, 0x70,
    0x3, 0x80, 0xe0, 0x7, 0x3, 0xc0, 0xf, 0x7,
    0x0, 0x1e, 0x7f, 0xf0, 0x3c, 0x1c, 0x0, 0x78,
    0x78, 0x0, 0xe0, 0xe0, 0x3, 0xc1, 0xc0, 0x7,
    0x87, 0x80, 0xe, 0xe, 0x0, 0x38, 0x1c, 0x0,
    0xf0, 0x38, 0x3, 0xc0, 0xf0, 0xe, 0x1, 0xe0,
    0xf0, 0xf, 0xff, 0x80, 0x0,

    /* U+018A "Ɗ" */
    0x7, 0xff, 0xc0, 0x18, 0xf0, 0x70, 0x20, 0xe0,
    0x38, 0x40, 0xe0, 0x1c, 0x80, 0xe0, 0xe, 0xc1,
    0xc0, 0xe, 0xe1, 0xc0, 0xf, 0xc1, 0xc0, 0xf,
    0x3, 0xc0, 0xf, 0x3, 0x80, 0xf, 0x3, 0x80,
    0xf, 0x3, 0x80, 0xf, 0x7, 0x80, 0xe, 0x7,
    0x0, 0x1e, 0x7, 0x0, 0x1c, 0xf, 0x0, 0x3c,
    0xe, 0x0, 0x78, 0xe, 0x0, 0xf0, 0xe, 0x1,
    0xc0, 0x1e, 0x7, 0x80, 0x7f, 0xfc, 0x0,

    /* U+018B "Ƌ" */
    0x3, 0xff, 0xff, 0x3, 0xff, 0xf8, 0x2, 0x0,
    0x70, 0x6, 0x0, 0xf0, 0x4, 0x0, 0xe0, 0x0,
    0x0, 0xe0, 0x0, 0x1, 0xe0, 0x0, 0x1, 0xc0,
    0x3, 0xff, 0xc0, 0xf, 0x83, 0xc0, 0x1e, 0x3,
    0x80, 0x3c, 0x3, 0x80, 0x38, 0x7, 0x80, 0x78,
    0x7, 0x0, 0x70, 0x7, 0x0, 0xf0, 0xf, 0x0,
    0xf0, 0xe, 0x0, 0xf0, 0xe, 0x0, 0x78, 0x1e,
    0x0, 0x7f, 0xfe, 0x0, 0x1f, 0xff, 0x80,

    /* U+018C "ƌ" */
    0x3, 0xff, 0x3, 0xfe, 0x4, 0xe, 0x4, 0xe,
    0x0, 0xe, 0x0, 0xc, 0x0, 0xc, 0x1, 0xdc,
    0x6, 0x3c, 0xc, 0x38, 0x18, 0x38, 0x30, 0x38,
    0x70, 0x30, 0x60, 0x30, 0xe0, 0x30, 0xe0, 0x70,
    0xc0, 0x60, 0xc0, 0xe0, 0xc1, 0xe4, 0xe2, 0xe8,
    0x7c, 0x70,

    /* U+018D "ƍ" */
    0x1, 0xf0, 0xc, 0x30, 0x30, 0x30, 0xc0, 0x63,
    0x0, 0xe6, 0x1, 0xdc, 0x3, 0x38, 0xe, 0x70,
    0x1c, 0xe0, 0x31, 0xc0, 0xe3, 0x81, 0x83, 0x8e,
    0x7, 0xf0, 0x7, 0x0, 0x7, 0x0, 0xe, 0x0,
    0xe, 0x2, 0x1c, 0x4, 0x38, 0x4, 0x70, 0x7,
    0xc0, 0x0,

    /* U+018E "Ǝ" */
    0x1, 0xff, 0xfc, 0x6, 0x1, 0xc0, 0x10, 0xf,
    0x0, 0x80, 0x38, 0x2, 0x0, 0xe0, 0x0, 0x3,
    0x80, 0x0, 0x1c, 0x0, 0x20, 0x70, 0x0, 0x81,
    0xc0, 0x3, 0x7, 0x0, 0xf, 0xf8, 0x0, 0x60,
    0xe0, 0x1, 0x3, 0x80, 0x4, 0x1e, 0x0, 0x0,
    0x70, 0x0, 0x1, 0xc0, 0x40, 0x7, 0x1, 0x0,
    0x38, 0xe, 0x0, 0xe0, 0x3c, 0x7, 0x80, 0xff,
    0xff, 0x0,

    /* U+018F "Ə" */
    0x0, 0x7e, 0x0, 0x3f, 0xe0, 0x1c, 0x1e, 0x6,
    0x1, 0xe1, 0x0, 0x1c, 0x0, 0x3, 0x80, 0x0,
    0x78, 0x0, 0xe, 0x0, 0x1, 0xc0, 0x1, 0xf8,
    0x3, 0xff, 0x3, 0xe1, 0xc0, 0xf0, 0x78, 0x7c,
    0xe, 0x1f, 0x3, 0xc3, 0xc0, 0xf0, 0xf0, 0x1c,
    0x1e, 0x7, 0x3, 0x81, 0xc0, 0x70, 0x60, 0x7,
    0xf0, 0x0, 0x0, 0x0, 0x0,

    /* U+0190 "Ɛ" */
    0x0, 0x7e, 0x40, 0x70, 0x70, 0x38, 0xc, 0x1c,
    0x3, 0xf, 0x0, 0x83, 0x80, 0x20, 0xe0, 0x0,
    0x38, 0x0, 0xf, 0x0, 0x1, 0xe0, 0x0, 0x1f,
    0x0, 0x3e, 0x0, 0x1e, 0x0, 0xf, 0x0, 0x7,
    0x80, 0x1, 0xe0, 0x0, 0x78, 0x0, 0x3c, 0x0,
    0xf, 0x0, 0x21, 0xe0, 0x10, 0x78, 0x8, 0x7,
    0xfc, 0x0, 0x20, 0x0,

    /* U+0191 "Ƒ" */
    0x0, 0xff, 0xff, 0x0, 0x3c, 0x7, 0x0, 0x3c,
    0x2, 0x0, 0x38, 0x2, 0x0, 0x38, 0x2, 0x0,
    0x38, 0x0, 0x0, 0x78, 0x0, 0x0, 0x70, 0x20,
    0x0, 0x70, 0x20, 0x0, 0x70, 0x40, 0x0, 0xff,
    0xc0, 0x0, 0xe0, 0xc0, 0x0, 0xe0, 0x80, 0x1,
    0xe0, 0x80, 0x1, 0xc0, 0x0, 0x1, 0xc0, 0x0,
    0x1, 0xc0, 0x0, 0x3, 0xc0, 0x0, 0x3, 0x80,
    0x0, 0x3, 0x80, 0x0, 0x3, 0x80, 0x0, 0x7,
    0x80, 0x0, 0x7, 0x0, 0x0, 0x7, 0x0, 0x0,
    0xe, 0x0, 0x0, 0xce, 0x0, 0x0, 0xdc, 0x0,
    0x0, 0xf0, 0x0, 0x0,

    /* U+0192 "ƒ" */
    0x0, 0x7, 0x80, 0x7, 0x70, 0x1, 0x9c, 0x0,
    0xc0, 0x0, 0x70, 0x0, 0x18, 0x0, 0x6, 0x0,
    0x1f, 0xf0, 0x0, 0xe0, 0x0, 0x30, 0x0, 0xc,
    0x0, 0x3, 0x0, 0x1, 0xc0, 0x0, 0x70, 0x0,
    0x18, 0x0, 0x6, 0x0, 0x3, 0x80, 0x0, 0xe0,
    0x0, 0x38, 0x0, 0xc, 0x0, 0x3, 0x0, 0x1,
    0xc0, 0x0, 0x60, 0x0, 0x18, 0x0, 0x84, 0x0,
    0x33, 0x0, 0xd, 0x80, 0x3, 0xc0, 0x0,

    /* U+0193 "Ɠ" */
    0x0, 0x3f, 0x1, 0xf0, 0x7, 0x6, 0x13, 0xc0,
    0xe0, 0x9, 0xc, 0xe, 0x0, 0x70, 0x0, 0xe0,
    0x1, 0x80, 0xe, 0x0, 0xc, 0x0, 0xf0, 0x0,
    0x40, 0x7, 0x0, 0x2, 0x0, 0x78, 0x0, 0x0,
    0x3, 0xc0, 0x0, 0x0, 0x1c, 0x0, 0x0, 0x1,
    0xe0, 0xf, 0xf8, 0xf, 0x0, 0x1f, 0x0, 0x78,
    0x0, 0x70, 0x3, 0xc0, 0x3, 0x80, 0xe, 0x0,
    0x38, 0x0, 0x70, 0x1, 0xc0, 0x3, 0xc0, 0xe,
    0x0, 0xe, 0x0, 0xe0, 0x0, 0x38, 0x7, 0x0,
    0x0, 0x7f, 0xe0, 0x0, 0x0, 0x30, 0x0, 0x0,

    /* U+0194 "Ɣ" */
    0xff, 0x83, 0xf3, 0xe0, 0x1c, 0x1c, 0x1, 0x81,
    0xc0, 0x30, 0x1c, 0x6, 0x0, 0xe0, 0xc0, 0xe,
    0x18, 0x0, 0x73, 0x0, 0x7, 0x60, 0x0, 0x7c,
    0x0, 0x3, 0x80, 0x0, 0x38, 0x0, 0x7, 0xc0,
    0x0, 0xdc, 0x0, 0x19, 0xc0, 0x3, 0xe, 0x0,
    0x20, 0xe0, 0x6, 0xc, 0x0, 0x60, 0xc0, 0x6,
    0x18, 0x0, 0x3f, 0x0, 0x0, 0x80, 0x0,

    /* U+0195 "ƕ" */
    0x3, 0x0, 0x0, 0x78, 0x0, 0x0, 0x60, 0x0,
    0x3, 0x80, 0x0, 0xe, 0x0, 0x0, 0x30, 0x0,
    0x0, 0xc0, 0x0, 0x7, 0x0, 0x0, 0x18, 0x78,
    0x18, 0x62, 0x60, 0x71, 0x91, 0x81, 0xce, 0x86,
    0x3, 0x34, 0x38, 0x8, 0xe0, 0xe0, 0x23, 0x83,
    0x0, 0x9c, 0x1c, 0x4, 0x70, 0x70, 0x11, 0x81,
    0x80, 0x86, 0x6, 0x2, 0x38, 0x18, 0x10, 0xc0,
    0x71, 0x83, 0x0, 0xf8, 0x0,

    /* U+0196 "Ɩ" */
    0x3, 0x1f, 0x6, 0x6, 0xe, 0xe, 0xc, 0xc,
    0x1c, 0x18, 0x18, 0x38, 0x38, 0x30, 0x30, 0x70,
    0x70, 0x60, 0x64, 0xe4, 0xf8, 0x70,

    /* U+0197 "Ɨ" */
    0xf, 0xf0, 0x1c, 0x1, 0xc0, 0x3c, 0x3, 0x80,
    0x38, 0x3, 0x80, 0x70, 0x7, 0x0, 0x70, 0x3f,
    0xc0, 0xe0, 0xe, 0x0, 0xe0, 0x1c, 0x1, 0xc0,
    0x1c, 0x3, 0xc0, 0x38, 0x3, 0x80, 0xff, 0x0,

    /* U+0198 "Ƙ" */
    0xf, 0xf8, 0x7, 0x80, 0x7c, 0x3, 0x8, 0x7,
    0x1, 0xc1, 0x81, 0xe0, 0x60, 0x30, 0x38, 0x18,
    0xe, 0x7, 0xe, 0x0, 0x0, 0xe3, 0x0, 0x0,
    0x3c, 0xc0, 0x0, 0x7, 0x70, 0x0, 0x0, 0xfc,
    0x0, 0x0, 0x1f, 0x80, 0x0, 0x7, 0x38, 0x0,
    0x0, 0xe7, 0x80, 0x0, 0x1c, 0x70, 0x0, 0x7,
    0x7, 0x0, 0x0, 0xe0, 0xe0, 0x0, 0x1c, 0xe,
    0x0, 0x3, 0x81, 0xc0, 0x0, 0xe0, 0x1c, 0x0,
    0x1c, 0x3, 0xc0, 0xf, 0xf3, 0xfe, 0x0,

    /* U+0199 "ƙ" */
    0x0, 0xf0, 0x3, 0x30, 0xc, 0x60, 0x18, 0x0,
    0x60, 0x0, 0xc0, 0x3, 0x80, 0x7, 0x3f, 0xc,
    0x18, 0x18, 0x40, 0x71, 0x0, 0xc4, 0x1, 0x90,
    0x7, 0xe0, 0xe, 0xc0, 0x19, 0xc0, 0x31, 0x80,
    0xe3, 0x81, 0xc3, 0x23, 0x7, 0x46, 0x7, 0x0,

    /* U+019A "ƚ" */
    0x3, 0x1f, 0x6, 0x6, 0xe, 0xe, 0xc, 0xc,
    0x1c, 0x18, 0x18, 0xff, 0x38, 0x30, 0x30, 0x70,
    0x60, 0x60, 0x64, 0xe4, 0xf8, 0x70,

    /* U+019B "ƛ" */
    0x3, 0x80, 0x1e, 0x0, 0x4c, 0x2, 0x13, 0x0,
    0x78, 0x7, 0x80, 0x74, 0x1, 0x30, 0x0, 0xc0,
    0x7, 0x0, 0x3c, 0x0, 0xf0, 0x7, 0x40, 0x3d,
    0x0, 0xe4, 0x7, 0x10, 0x1c, 0x40, 0xe1, 0x17,
    0x6, 0x5c, 0x1e, 0xe0, 0x38,

    /* U+019C "Ɯ" */
    0x3f, 0xdf, 0xef, 0xf0, 0xf8, 0x78, 0x3c, 0x7,
    0x7, 0x83, 0x80, 0xf0, 0x70, 0x38, 0xe, 0x7,
    0x7, 0x0, 0xe0, 0xe0, 0x70, 0xe, 0xe, 0x7,
    0x1, 0xc0, 0xe0, 0xe0, 0x1c, 0x1e, 0xe, 0x1,
    0xc1, 0xc0, 0xe0, 0x38, 0x1c, 0x1e, 0x3, 0x83,
    0xc1, 0xc0, 0x38, 0x38, 0x1c, 0x7, 0x87, 0x83,
    0xc0, 0x70, 0x78, 0x78, 0x7, 0xb, 0x7, 0x80,
    0x71, 0x70, 0xb8, 0xf, 0x27, 0x13, 0x80, 0xe6,
    0x72, 0x78, 0xf, 0xc7, 0xc7, 0xe0, 0x70, 0x38,
    0x60, 0x0,

    /* U+019D "Ɲ" */
    0x0, 0x7c, 0x3, 0xf8, 0x0, 0xf0, 0x7, 0x0,
    0x3, 0x80, 0x30, 0x0, 0x3e, 0x1, 0x80, 0x1,
    0xf0, 0x8, 0x0, 0xb, 0x80, 0x40, 0x0, 0x4e,
    0x6, 0x0, 0x6, 0x70, 0x30, 0x0, 0x21, 0xc1,
    0x0, 0x1, 0xe, 0x18, 0x0, 0x8, 0x78, 0xc0,
    0x0, 0xc1, 0xc4, 0x0, 0x4, 0xe, 0x20, 0x0,
    0x20, 0x3b, 0x0, 0x3, 0x1, 0xd8, 0x0, 0x18,
    0x7, 0x80, 0x0, 0x80, 0x3c, 0x0, 0x4, 0x1,
    0xe0, 0x0, 0x60, 0x6, 0x0, 0x2, 0x0, 0x30,
    0x0, 0x10, 0x0, 0x80, 0x0, 0x80, 0x0, 0x0,
    0xc, 0x0, 0x0, 0x0, 0x40, 0x0, 0x0, 0xc6,
    0x0, 0x0, 0x6, 0x60, 0x0, 0x0, 0x32, 0x0,
    0x0, 0x1, 0xe0, 0x0, 0x0, 0x0,

    /* U+019E "ƞ" */
    0x3e, 0x3c, 0x73, 0x71, 0xd1, 0xc7, 0x47, 0x1a,
    0x1c, 0x70, 0x63, 0xc1, 0x8e, 0xe, 0x38, 0x38,
    0xc0, 0xc7, 0x3, 0x1c, 0x1c, 0x60, 0x71, 0x81,
    0x80, 0xe, 0x0, 0x38, 0x0, 0xc0, 0x3, 0x20,
    0xc, 0x80, 0x3c, 0x0, 0xe0,

    /* U+019F "Ɵ" */
    0x0, 0x3f, 0x0, 0x7, 0xe, 0x0, 0x60, 0x38,
    0xe, 0x0, 0xe0, 0xe0, 0x7, 0x7, 0x0, 0x38,
    0x70, 0x1, 0xe7, 0x0, 0xf, 0x38, 0x0, 0x7b,
    0xff, 0xff, 0xdc, 0x0, 0x3d, 0xe0, 0x1, 0xef,
    0x0, 0xf, 0x78, 0x0, 0xf3, 0xc0, 0x7, 0x9e,
    0x0, 0x78, 0x70, 0x3, 0x83, 0x80, 0x38, 0xc,
    0x3, 0x80, 0x70, 0x38, 0x1, 0xff, 0x0, 0x0,
    0x80, 0x0,

    /* U+01A0 "Ơ" */
    0x0, 0x0, 0x1, 0x80, 0xf, 0xc0, 0x70, 0xe,
    0x1c, 0x4, 0x6, 0x3, 0x81, 0x7, 0x0, 0x70,
    0xc3, 0x80, 0x1c, 0x61, 0xe0, 0x7, 0xf0, 0x70,
    0x1, 0xe0, 0x38, 0x0, 0x78, 0xe, 0x0, 0x1e,
    0x7, 0x80, 0x7, 0x1, 0xc0, 0x1, 0xc0, 0xf0,
    0x0, 0xf0, 0x3c, 0x0, 0x3c, 0xf, 0x0, 0x1e,
    0x3, 0xc0, 0x7, 0x80, 0xf0, 0x3, 0xc0, 0x1c,
    0x0, 0xe0, 0x7, 0x0, 0x70, 0x1, 0xc0, 0x38,
    0x0, 0x38, 0x1c, 0x0, 0x7, 0xfc, 0x0, 0x0,
    0x10, 0x0, 0x0,

    /* U+01A1 "ơ" */
    0x0, 0x0, 0xc0, 0x0, 0x1c, 0x0, 0x0, 0x81,
    0xf8, 0x10, 0x63, 0x8c, 0x38, 0x3f, 0xe, 0x7,
    0x1, 0x80, 0xe0, 0x70, 0x1c, 0x1c, 0x3, 0x83,
    0x80, 0xe0, 0x70, 0x1c, 0xe, 0x3, 0x1, 0x80,
    0xc0, 0x38, 0x30, 0x3, 0xc, 0x0, 0x3e, 0x0,
    0x0,

    /* U+01A2 "Ƣ" */
    0x0, 0x3f, 0x0, 0x70, 0x7, 0xe, 0x7, 0xc0,
    0x60, 0x38, 0x4e, 0xe, 0x0, 0xe4, 0x70, 0xe0,
    0x7, 0x43, 0x8e, 0x0, 0x3e, 0x38, 0x70, 0x1,
    0xe1, 0xc7, 0x0, 0xf, 0xe, 0x38, 0x0, 0x78,
    0x73, 0xc0, 0x3, 0xc7, 0x1c, 0x0, 0x1c, 0x39,
    0xe0, 0x1, 0xe1, 0xcf, 0x0, 0xf, 0x1c, 0x78,
    0x0, 0xf0, 0xe3, 0xc0, 0x7, 0x87, 0x1e, 0x0,
    0x78, 0x78, 0x70, 0x3, 0x83, 0x83, 0x80, 0x38,
    0x1c, 0x1e, 0x3, 0x81, 0xe0, 0x78, 0x78, 0xf,
    0x1, 0xff, 0x1, 0xfe, 0x0, 0x80, 0x0, 0x0,

    /* U+01A3 "ƣ" */
    0x1, 0xf0, 0xf0, 0x63, 0x93, 0x1c, 0x1e, 0x33,
    0x81, 0xc3, 0x30, 0x1c, 0x77, 0x1, 0xc7, 0xe0,
    0x1c, 0x6e, 0x1, 0x86, 0xe0, 0x38, 0xee, 0x3,
    0xe, 0xe0, 0x60, 0xce, 0xc, 0xc, 0x71, 0x81,
    0xc3, 0xe0, 0x1c, 0x0, 0x1, 0x80, 0x0, 0x18,
    0x0, 0x3, 0x80, 0x0, 0x32, 0x0, 0x3, 0x20,
    0x0, 0x3c, 0x0, 0x3, 0x80,

    /* U+01A4 "Ƥ" */
    0x7, 0xff, 0x80, 0xc7, 0x87, 0x8, 0x38, 0x1c,
    0x81, 0xc0, 0xe8, 0xe, 0x7, 0xe0, 0xe0, 0x3f,
    0x87, 0x1, 0xd8, 0x38, 0xe, 0x3, 0xc0, 0xe0,
    0x1c, 0x1e, 0x0, 0xff, 0xc0, 0x7, 0x0, 0x0,
    0x70, 0x0, 0x3, 0x80, 0x0, 0x1c, 0x0, 0x0,
    0xe0, 0x0, 0xe, 0x0, 0x0, 0x70, 0x0, 0x3,
    0x80, 0x0, 0x3c, 0x0, 0x7, 0xf8, 0x0, 0x0,

    /* U+01A5 "ƥ" */
    0x0, 0x1e, 0x0, 0x1b, 0x80, 0x19, 0xc0, 0x18,
    0x0, 0xc, 0x0, 0xc, 0x0, 0x6, 0x0, 0x3,
    0x3c, 0x3, 0x67, 0x1, 0xc1, 0xc0, 0xc0, 0xe0,
    0xe0, 0x70, 0x60, 0x38, 0x30, 0x1c, 0x18, 0x1c,
    0x18, 0xe, 0xc, 0xe, 0x6, 0x6, 0x3, 0x6,
    0x3, 0x8e, 0x1, 0xbc, 0x0, 0xc0, 0x0, 0xe0,
    0x0, 0x60, 0x0, 0x30, 0x0, 0x18, 0x0, 0x1c,
    0x0, 0x1f, 0x80, 0x0,

    /* U+01A6 "Ʀ" */
    0xf, 0xf0, 0x0, 0x38, 0x0, 0x7, 0x0, 0x1,
    0xe0, 0x0, 0x3c, 0x0, 0x7, 0xfc, 0x0, 0xe1,
    0xe0, 0x3c, 0x1c, 0x7, 0x1, 0xc0, 0xe0, 0x38,
    0x3c, 0xf, 0x7, 0x81, 0xe0, 0xe0, 0x38, 0x1c,
    0xe, 0x7, 0x8f, 0x80, 0xff, 0x80, 0x1c, 0x18,
    0x3, 0x83, 0x80, 0xe0, 0x70, 0x1c, 0xe, 0xf,
    0xf1, 0xc0, 0x0, 0x38, 0x0, 0x7, 0x0, 0x1,
    0xe1, 0x0, 0x3c, 0x40, 0x3, 0x98, 0x0, 0x3c,
    0x0,

    /* U+01A7 "Ƨ" */
    0x1f, 0xf0, 0x70, 0xe1, 0x81, 0x8c, 0x7, 0x20,
    0x18, 0x80, 0xe0, 0x7, 0x80, 0x3c, 0x1, 0xe0,
    0x1f, 0x0, 0xf0, 0x7, 0x80, 0x3c, 0x1, 0xe0,
    0xf, 0x0, 0x38, 0x4, 0xc0, 0x13, 0x0, 0xcc,
    0x3, 0x38, 0x38, 0x7f, 0xa0, 0x20, 0x80,

    /* U+01A8 "ƨ" */
    0x9e, 0x71, 0xb0, 0xd0, 0xe0, 0x60, 0x70, 0xf0,
    0xe0, 0x60, 0x70, 0x70, 0x58, 0x6c, 0x73, 0xf8,

    /* U+01A9 "Ʃ" */
    0x3, 0xff, 0xfe, 0x3, 0xc0, 0x3c, 0x3, 0x80,
    0x18, 0x7, 0x80, 0x30, 0x7, 0x80, 0x20, 0x7,
    0x0, 0x0, 0x7, 0x0, 0x0, 0xf, 0x0, 0x0,
    0xf, 0x0, 0x0, 0xe, 0x0, 0x0, 0xe, 0x0,
    0x0, 0x30, 0x0, 0x0, 0xc0, 0x0, 0x3, 0x0,
    0x0, 0x1c, 0x0, 0x0, 0x60, 0x0, 0x1, 0x80,
    0x10, 0xe, 0x0, 0x20, 0x38, 0x0, 0x81, 0xff,
    0xff, 0x7, 0xff, 0xfe, 0x0,

    /* U+01AA "ƪ" */
    0x3e, 0x31, 0xb0, 0x70, 0x18, 0xc, 0x7, 0x6,
    0xc7, 0x3f, 0x81, 0x80, 0xc0, 0xe0, 0x70, 0x30,
    0x38, 0x1c, 0xc, 0xe, 0x7, 0x3, 0x1, 0x80,
    0xc0, 0x60, 0x30, 0x10, 0xc, 0x82, 0xe0, 0xe0,

    /* U+01AB "ƫ" */
    0x0, 0x0, 0x1, 0x0, 0x10, 0x3, 0x80, 0x7f,
    0x80, 0xe0, 0x6, 0x0, 0x30, 0x3, 0x80, 0x1c,
    0x0, 0xc0, 0x6, 0x0, 0x70, 0x3, 0x80, 0x18,
    0x0, 0xc8, 0xe, 0xc0, 0x7c, 0x0, 0x20, 0xc2,
    0xe, 0x20, 0x3e, 0x0,

    /* U+01AC "Ƭ" */
    0x3, 0xff, 0xe3, 0x8e, 0x1c, 0x81, 0xc1, 0xa0,
    0x78, 0x24, 0xe, 0x5, 0xc1, 0xc0, 0x38, 0x38,
    0x3, 0xe, 0x0, 0x1, 0xc0, 0x0, 0x38, 0x0,
    0xf, 0x0, 0x1, 0xc0, 0x0, 0x38, 0x0, 0x7,
    0x0, 0x1, 0xe0, 0x0, 0x38, 0x0, 0x7, 0x0,
    0x0, 0xe0, 0x0, 0x3c, 0x0, 0xf, 0x80, 0x7,
    0xfc, 0x0,

    /* U+01AD "ƭ" */
    0x1, 0xf0, 0x33, 0x6, 0x30, 0x60, 0xc, 0x0,
    0xc0, 0x1c, 0x7, 0xf0, 0x18, 0x3, 0x80, 0x38,
    0x3, 0x0, 0x30, 0x7, 0x0, 0x60, 0x6, 0x0,
    0x60, 0xe, 0x40, 0xc8, 0xf, 0x0, 0xe0, 0x0,

    /* U+01AE "Ʈ" */
    0x7f, 0xff, 0xd8, 0x38, 0x74, 0xe, 0xe, 0x7,
    0x82, 0x81, 0xc0, 0x80, 0x70, 0x0, 0x1c, 0x0,
    0xf, 0x0, 0x3, 0x80, 0x0, 0xe0, 0x0, 0x78,
    0x0, 0x1c, 0x0, 0x7, 0x0, 0x1, 0xc0, 0x0,
    0xf0, 0x0, 0x38, 0x0, 0xe, 0x0, 0x3, 0x80,
    0x1, 0xe0, 0x0, 0x70, 0x0, 0x1c, 0x0, 0x7,
    0x0, 0x1, 0x80, 0x0, 0x60, 0x0, 0x18, 0x0,
    0x2, 0x60, 0x0, 0x98, 0x0, 0x1c, 0x0,

    /* U+01AF "Ư" */
    0x0, 0x0, 0x3, 0x3f, 0xe0, 0xf9, 0xc7, 0xc0,
    0x1c, 0x23, 0xc0, 0xc, 0x11, 0xe0, 0x6, 0x8,
    0xe0, 0x2, 0x88, 0x70, 0x1, 0x38, 0x78, 0x1,
    0x80, 0x38, 0x0, 0xc0, 0x1c, 0x0, 0x40, 0xe,
    0x0, 0x20, 0xf, 0x0, 0x30, 0x7, 0x0, 0x10,
    0x3, 0x80, 0x8, 0x1, 0xc0, 0xc, 0x1, 0xc0,
    0x6, 0x0, 0xe0, 0x2, 0x0, 0x70, 0x3, 0x0,
    0x38, 0x1, 0x0, 0xe, 0x1, 0x80, 0x3, 0x1,
    0x80, 0x0, 0xff, 0x0, 0x0, 0xc, 0x0, 0x0,

    /* U+01B0 "ư" */
    0x0, 0x0, 0x60, 0x0, 0x7, 0x0, 0x0, 0x17,
    0x81, 0xc2, 0x38, 0x1c, 0x63, 0x83, 0xbc, 0x30,
    0x38, 0x3, 0x7, 0x0, 0x30, 0x70, 0x7, 0x7,
    0x0, 0x70, 0xf0, 0x6, 0x16, 0x0, 0xe2, 0xe0,
    0xe, 0x2e, 0x40, 0xe4, 0xe8, 0xc, 0x8d, 0x0,
    0xe0, 0xe0, 0x0,

    /* U+01B1 "Ʊ" */
    0x1f, 0xf1, 0xff, 0x1f, 0xf1, 0xff, 0x1f, 0xe1,
    0xff, 0x10, 0x21, 0x2, 0x20, 0x23, 0x2, 0x3,
    0xc3, 0xe0, 0x7, 0x0, 0xf0, 0xe, 0x0, 0x78,
    0x1c, 0x0, 0x3c, 0x38, 0x0, 0x1c, 0x78, 0x0,
    0x1c, 0x70, 0x0, 0x1c, 0x70, 0x0, 0x1c, 0xf0,
    0x0, 0x1c, 0xf0, 0x0, 0x3c, 0xf0, 0x0, 0x3c,
    0xf0, 0x0, 0x78, 0x70, 0x0, 0xf0, 0x78, 0x1,
    0xe0, 0x3c, 0x3, 0xc0, 0xf, 0xff, 0x0, 0x0,
    0x40, 0x0,

    /* U+01B2 "Ʋ" */
    0x7f, 0x1, 0xc0, 0xf0, 0x1f, 0x3, 0x80, 0xfc,
    0x1c, 0x1, 0xe1, 0xe0, 0x3, 0xe, 0x0, 0xc,
    0x70, 0x0, 0x67, 0x80, 0x3, 0x38, 0x0, 0x19,
    0xc0, 0x0, 0xce, 0x0, 0x4, 0xf0, 0x0, 0x27,
    0x0, 0x3, 0x38, 0x0, 0x11, 0xc0, 0x1, 0x1e,
    0x0, 0x18, 0xf0, 0x1, 0x83, 0x80, 0x18, 0x1c,
    0x1, 0x0, 0x70, 0x30, 0x1, 0xfe, 0x0, 0x0,

    /* U+01B3 "Ƴ" */
    0x7c, 0x1, 0xff, 0x30, 0x7, 0xf8, 0xc0, 0x18,
    0x87, 0x0, 0xc0, 0x1c, 0xc, 0x0, 0xe0, 0xc0,
    0x7, 0xc, 0x0, 0x3c, 0xc0, 0x0, 0xe4, 0x0,
    0x7, 0x40, 0x0, 0x3e, 0x0, 0x0, 0xe0, 0x0,
    0xe, 0x0, 0x0, 0x70, 0x0, 0x3, 0x80, 0x0,
    0x3c, 0x0, 0x1, 0xc0, 0x0, 0xe, 0x0, 0x0,
    0xf0, 0x0, 0x7, 0x80, 0x1, 0xff, 0x80, 0x0,

    /* U+01B4 "ƴ" */
    0x0, 0x1, 0xc0, 0x0, 0x4c, 0x0, 0x9, 0x80,
    0x2, 0x0, 0x0, 0x40, 0x0, 0x8, 0x0, 0x2,
    0x1, 0xe0, 0x40, 0x1e, 0x8, 0x1, 0xc2, 0x0,
    0x18, 0x40, 0x3, 0x8, 0x0, 0x71, 0x0, 0x6,
    0x40, 0x0, 0xc8, 0x0, 0x1d, 0x0, 0x3, 0xc0,
    0x0, 0x38, 0x0, 0x7, 0x0, 0x0, 0xc0, 0x0,
    0x18, 0x0, 0x2, 0x0, 0x0, 0x40, 0x0, 0x10,
    0x0, 0x6, 0x0, 0x19, 0x80, 0x3, 0xe0, 0x0,
    0x70, 0x0, 0x0,

    /* U+01B5 "Ƶ" */
    0xf, 0xff, 0xe3, 0x80, 0x3c, 0x40, 0xf, 0x8,
    0x3, 0xc2, 0x0, 0xf0, 0x0, 0x1c, 0x0, 0x7,
    0x0, 0x1, 0xe0, 0x0, 0x78, 0x0, 0xff, 0xc0,
    0x7, 0x80, 0x0, 0xe0, 0x0, 0x3c, 0x0, 0xf,
    0x0, 0x3, 0xc0, 0x0, 0x70, 0x2, 0x1e, 0x0,
    0x87, 0x80, 0x11, 0xe0, 0x6, 0x38, 0x3, 0x8f,
    0xff, 0xf0,

    /* U+01B6 "ƶ" */
    0x1f, 0xf1, 0xfe, 0x20, 0x42, 0x4, 0x0, 0x80,
    0x10, 0x1f, 0xc0, 0x40, 0x8, 0x0, 0x80, 0x10,
    0x2, 0x0, 0x78, 0xf, 0xc2, 0x1e, 0x70, 0x72,
    0x1, 0xc0,

    /* U+01B7 "Ʒ" */
    0x1, 0xff, 0xf0, 0x18, 0xe, 0x3, 0x1, 0xc0,
    0x20, 0x38, 0x2, 0x7, 0x80, 0x40, 0x70, 0x0,
    0xe, 0x0, 0x1, 0xc0, 0x0, 0x38, 0x0, 0x3,
    0xf0, 0x0, 0x1f, 0x0, 0x0, 0x78, 0x0, 0x7,
    0x80, 0x0, 0x78, 0x0, 0x7, 0x0, 0x0, 0x70,
    0x0, 0xe, 0xc, 0x0, 0xe0, 0x60, 0x1c, 0x3,
    0x3, 0x80, 0xf, 0xe0, 0x0,

    /* U+01B8 "Ƹ" */
    0xf, 0xff, 0x87, 0x81, 0xc1, 0xc0, 0xc0, 0xe0,
    0x20, 0x70, 0x10, 0x38, 0x8, 0xe, 0x0, 0x7,
    0x0, 0x3, 0x80, 0xf, 0xc0, 0xf, 0x80, 0xf,
    0x0, 0x7, 0x0, 0x7, 0x80, 0x3, 0x80, 0x1,
    0xc0, 0x0, 0xe0, 0x0, 0x70, 0x2, 0x38, 0x6,
    0xe, 0xc, 0x3, 0xf8, 0x0,

    /* U+01B9 "ƹ" */
    0x1, 0xff, 0x1, 0xfe, 0x1, 0x2, 0x1, 0x2,
    0x0, 0x80, 0x0, 0x80, 0x0, 0x80, 0x0, 0xc0,
    0x7, 0xc0, 0xf, 0x0, 0x1c, 0x0, 0x38, 0x0,
    0x70, 0x0, 0x70, 0x0, 0x60, 0x0, 0xe0, 0x0,
    0xc0, 0x0, 0xc0, 0x0, 0x40, 0xe0, 0x63, 0xc0,
    0x1f, 0x80,

    /* U+01BA "ƺ" */
    0x3, 0xff, 0x3, 0xfe, 0x2, 0xc, 0x4, 0x10,
    0x0, 0x20, 0x0, 0xc0, 0x1, 0xe0, 0x7, 0xf8,
    0x8, 0x78, 0x0, 0x78, 0x0, 0x70, 0x0, 0xe0,
    0x3, 0xc0, 0xf, 0x80, 0x3e, 0x0, 0x70, 0x0,
    0xe0, 0x0, 0xc1, 0x80, 0xc3, 0x80, 0xc7, 0x0,
    0x7c, 0x0,

    /* U+01BB "ƻ" */
    0x0, 0xf8, 0x3, 0xfc, 0x6, 0x1e, 0x8, 0xe,
    0x10, 0xe, 0x10, 0xe, 0x0, 0xe, 0x0, 0xe,
    0x0, 0xc, 0x0, 0x18, 0x1, 0xff, 0x0, 0x20,
    0x0, 0x40, 0x0, 0x80, 0x1, 0x0, 0x2, 0x0,
    0x4, 0x0, 0x8, 0x2, 0x30, 0x4, 0x7f, 0xf8,
    0xff, 0xf8,

    /* U+01BC "Ƽ" */
    0x0, 0xff, 0xf0, 0x7, 0x83, 0x0, 0x70, 0x30,
    0x7, 0x1, 0x0, 0x70, 0x0, 0xf, 0x0, 0x0,
    0xe0, 0x0, 0xe, 0x0, 0x0, 0xff, 0x0, 0x0,
    0x78, 0x0, 0x3, 0xc0, 0x0, 0x1c, 0x0, 0x1,
    0xe0, 0x0, 0x1e, 0x0, 0x1, 0xc0, 0x0, 0x1c,
    0x0, 0x3, 0xcc, 0x0, 0x78, 0x60, 0xf, 0x3,
    0x83, 0xe0, 0xf, 0xf0, 0x0,

    /* U+01BD "ƽ" */
    0x1, 0xfe, 0x7, 0xfc, 0x8, 0x0, 0x30, 0x0,
    0x40, 0x1, 0xe0, 0x3, 0xf0, 0x7, 0xf0, 0x1,
    0xf0, 0x0, 0xe0, 0x0, 0xe0, 0x1, 0xc0, 0x1,
    0x80, 0x3, 0x0, 0x6, 0x0, 0x8, 0x0, 0x30,
    0x0, 0x41, 0x1, 0x7, 0x84, 0x7, 0xf0, 0x0,

    /* U+01BE "ƾ" */
    0x0, 0x2, 0x3, 0x3, 0x7, 0xf0, 0xc0, 0x60,
    0x30, 0x1c, 0xf, 0x3, 0x80, 0xe0, 0x70, 0x1e,
    0xf, 0x6, 0xc7, 0x7e, 0x0,

    /* U+01BF "ƿ" */
    0xf, 0x9e, 0x1, 0xb3, 0x80, 0xe0, 0xe0, 0x60,
    0x70, 0x70, 0x38, 0x38, 0x1c, 0x18, 0xe, 0xc,
    0xe, 0xe, 0x7, 0x6, 0x3, 0x3, 0x3, 0x83,
    0x83, 0x81, 0xc3, 0x0, 0xc3, 0x0, 0x66, 0x0,
    0x7c, 0x0, 0x38, 0x0, 0x18, 0x0, 0xc, 0x0,
    0xe, 0x0, 0xf, 0xc0, 0x0,

    /* U+01C0 "ǀ" */
    0x6, 0xc, 0x18, 0x20, 0xc1, 0x83, 0x4, 0x18,
    0x30, 0x60, 0x83, 0x6, 0xc, 0x10, 0x60, 0xc1,
    0x82, 0xc, 0x18, 0x30, 0x0,

    /* U+01C1 "ǁ" */
    0x6, 0x20, 0xcc, 0x19, 0x82, 0x30, 0xc4, 0x19,
    0x83, 0x30, 0x46, 0x18, 0x83, 0x30, 0x66, 0x8,
    0xc3, 0x10, 0x66, 0xc, 0xc1, 0x18, 0x62, 0xc,
    0xc1, 0x98, 0x23, 0xc, 0x41, 0x98, 0x33, 0x0,

    /* U+01C2 "ǂ" */
    0x0, 0x18, 0x0, 0x6, 0x0, 0x1, 0x0, 0x0,
    0x40, 0x0, 0x30, 0x0, 0xc, 0x0, 0x2, 0x0,
    0x0, 0x80, 0x3f, 0xff, 0xc0, 0x18, 0x0, 0x4,
    0x0, 0x1, 0x0, 0x0, 0xc0, 0x0, 0x30, 0x0,
    0xc, 0x3, 0xff, 0xfe, 0x1, 0x80, 0x0, 0x60,
    0x0, 0x10, 0x0, 0x4, 0x0, 0x3, 0x0, 0x0,
    0xc0, 0x0, 0x20, 0x0, 0x8, 0x0,

    /* U+01C3 "ǃ" */
    0x3, 0x1, 0xc1, 0xe0, 0xe0, 0x70, 0x30, 0x18,
    0x1c, 0xc, 0x6, 0x2, 0x1, 0x1, 0x80, 0x80,
    0x40, 0x0, 0x0, 0x0, 0x18, 0x1e, 0x6, 0x0,

    /* U+01C4 "Ǆ" */
    0x0, 0x0, 0x0, 0x3, 0x3, 0x0, 0x0, 0x0,
    0x0, 0x61, 0x80, 0x0, 0x0, 0x0, 0xd, 0xc0,
    0x0, 0x0, 0x0, 0x3, 0xe0, 0x0, 0x0, 0x0,
    0x0, 0x70, 0x0, 0x0, 0x0, 0x0, 0x0, 0x0,
    0x0, 0x0, 0x0, 0x0, 0x0, 0x3f, 0xfe, 0x0,
    0x7f, 0xff, 0x1, 0xc1, 0xe0, 0x38, 0x3, 0xc0,
    0x70, 0x1c, 0x8, 0x1, 0xe0, 0x1c, 0x3, 0x82,
    0x0, 0xf0, 0xf, 0x0, 0xf1, 0x0, 0x78, 0x3,
    0x80, 0x1c, 0x0, 0x1c, 0x0, 0xe0, 0x7, 0x0,
    0xf, 0x0, 0x38, 0x1, 0xe0, 0x7, 0x80, 0x1c,
    0x0, 0x78, 0x3, 0xc0, 0x7, 0x0, 0x1e, 0x1,
    0xe0, 0x1, 0xc0, 0x7, 0x80, 0x70, 0x0, 0xf0,
    0x1, 0xc0, 0x3c, 0x0, 0x38, 0x0, 0xf0, 0x1e,
    0x0, 0xe, 0x0, 0x3c, 0xf, 0x0, 0x3, 0x80,
    0xe, 0x3, 0x80, 0x1, 0xe0, 0x7, 0x1, 0xc0,
    0x0, 0x70, 0x3, 0xc0, 0xf0, 0x4, 0x1c, 0x1,
    0xe0, 0x78, 0x1, 0xf, 0x0, 0xe0, 0x3c, 0x0,
    0xc3, 0xc1, 0xe0, 0xe, 0x0, 0xe3, 0xff, 0xe0,
    0x7, 0xff, 0xf8,

    /* U+01C5 "ǅ" */
    0xf, 0xff, 0x80, 0x10, 0x30, 0x1c, 0x1e, 0x1,
    0x86, 0x1, 0xc0, 0x70, 0xf, 0xc0, 0x1c, 0x3,
    0x80, 0x78, 0x3, 0xc0, 0x3c, 0x6, 0x0, 0x38,
    0x1, 0xc0, 0x0, 0x3, 0x80, 0x1c, 0x0, 0x0,
    0x38, 0x1, 0xe7, 0xfe, 0x7, 0x0, 0x1e, 0x7f,
    0xc0, 0x70, 0x1, 0xe4, 0x8, 0x7, 0x0, 0x1e,
    0x1, 0x0, 0xf0, 0x1, 0xc0, 0x20, 0xe, 0x0,
    0x3c, 0x4, 0x0, 0xe0, 0x3, 0xc0, 0x40, 0xe,
    0x0, 0x38, 0x8, 0x1, 0xe0, 0x7, 0x1, 0x0,
    0x1c, 0x0, 0xf0, 0x20, 0x1, 0xc0, 0x1e, 0x4,
    0x0, 0x3c, 0x3, 0x80, 0x80, 0x3, 0xc1, 0xe0,
    0xe, 0x0, 0xff, 0xf8, 0x1, 0xf8, 0xc0, 0x0,
    0x0, 0x3, 0x8c, 0x0, 0x0, 0x0, 0xc, 0xc0,
    0x0, 0x0, 0x0, 0x78,

    /* U+01C6 "ǆ" */
    0x0, 0x1f, 0x10, 0x30, 0x0, 0x71, 0x86, 0x0,
    0x6, 0xc, 0xc0, 0x0, 0xe0, 0xf8, 0x0, 0xe,
    0x7, 0x0, 0x0, 0xc0, 0x0, 0x0, 0xc, 0x0,
    0x0, 0x1d, 0xc7, 0xfe, 0x6, 0x3c, 0x7f, 0xc0,
    0xc3, 0x84, 0x8, 0x18, 0x38, 0x1, 0x3, 0x3,
    0x80, 0x30, 0x70, 0x38, 0x6, 0x6, 0x3, 0x0,
    0xc0, 0xe0, 0x30, 0x8, 0xe, 0x7, 0x1, 0x0,
    0xc0, 0x60, 0x20, 0xc, 0xe, 0x4, 0x0, 0xc1,
    0xe4, 0xc0, 0xe, 0x2e, 0x9e, 0x0, 0x7c, 0x73,
    0xf8, 0xc0, 0x0, 0x3, 0xcc, 0x0, 0x0, 0x7,
    0x80,

    /* U+01C7 "Ǉ" */
    0xf, 0xf8, 0x0, 0x3f, 0xc0, 0x78, 0x0, 0x3,
    0xc0, 0x1c, 0x0, 0x0, 0xe0, 0x7, 0x0, 0x0,
    0x38, 0x3, 0xc0, 0x0, 0xe, 0x0, 0xe0, 0x0,
    0x7, 0x0, 0x38, 0x0, 0x1, 0xc0, 0xe, 0x0,
    0x0, 0x70, 0x7, 0x0, 0x0, 0x3c, 0x1, 0xc0,
    0x0, 0xe, 0x0, 0x70, 0x0, 0x3, 0x80, 0x3c,
    0x0, 0x0, 0xe0, 0xe, 0x0, 0x0, 0x70, 0x3,
    0x80, 0x0, 0x1c, 0x0, 0xe0, 0x0, 0x7, 0x0,
    0x78, 0x1, 0x3, 0xc0, 0x1c, 0x0, 0x40, 0xe0,
    0x7, 0x0, 0x24, 0x38, 0x3, 0xc0, 0x1b, 0x8c,
    0x0, 0xf0, 0x1e, 0xe7, 0x0, 0xff, 0xff, 0x1f,
    0x80, 0x0, 0x0, 0x1, 0x0, 0x0,

    /* U+01C8 "ǈ" */
    0xf, 0xf8, 0x0, 0xc0, 0x78, 0x0, 0x70, 0x1c,
    0x0, 0xc, 0x7, 0x0, 0x0, 0x3, 0xc0, 0x0,
    0x0, 0xe0, 0x0, 0x0, 0x38, 0x0, 0x0, 0xe,
    0x0, 0x6, 0x7, 0x0, 0xf, 0x81, 0xc0, 0x0,
    0xe0, 0x70, 0x0, 0x38, 0x3c, 0x0, 0xc, 0xe,
    0x0, 0x3, 0x3, 0x80, 0x1, 0xc0, 0xe0, 0x0,
    0x70, 0x78, 0x1, 0x18, 0x1c, 0x0, 0x46, 0x7,
    0x0, 0x33, 0x83, 0xc0, 0x18, 0xe0, 0xf0, 0xe,
    0x30, 0xff, 0xff, 0xc, 0x0, 0x0, 0x7, 0x0,
    0x0, 0x1, 0x80, 0x0, 0x0, 0x60, 0x0, 0x0,
    0x38, 0x0, 0x0, 0xcc, 0x0, 0x0, 0x36, 0x0,
    0x0, 0xf, 0x0,

    /* U+01C9 "ǉ" */
    0x7, 0x0, 0x3c, 0x1c, 0x18, 0x38, 0x70, 0x70,
    0xe0, 0x1, 0x80, 0x3, 0x0, 0xe, 0x0, 0x1c,
    0xc, 0x30, 0xf8, 0x60, 0x71, 0xc0, 0xc3, 0x81,
    0x86, 0x7, 0xc, 0xe, 0x38, 0x18, 0x60, 0x30,
    0xc0, 0xe3, 0x81, 0xc7, 0x23, 0xe, 0x86, 0x1e,
    0x1c, 0x0, 0x38, 0x0, 0x60, 0x0, 0xc0, 0x23,
    0x0, 0xe6, 0x1, 0xd8, 0x1, 0xe0, 0x0,

    /* U+01CA "Ǌ" */
    0xf, 0xc0, 0x3f, 0x1f, 0xe0, 0x38, 0x1, 0x80,
    0x70, 0x7, 0x80, 0x20, 0xe, 0x0, 0xf0, 0xc,
    0x3, 0xc0, 0x3e, 0x1, 0x80, 0x70, 0x6, 0xe0,
    0x30, 0xe, 0x0, 0x9c, 0x4, 0x1, 0xc0, 0x11,
    0xc1, 0x80, 0x70, 0x6, 0x38, 0x30, 0xe, 0x0,
    0xc7, 0x4, 0x1, 0xc0, 0x10, 0x70, 0x80, 0x78,
    0x6, 0xe, 0x30, 0xe, 0x0, 0xc0, 0xe6, 0x1,
    0xc0, 0x10, 0x1c, 0x80, 0x38, 0x2, 0x3, 0xd0,
    0xe, 0x0, 0xc0, 0x3e, 0x1, 0xc0, 0x18, 0x7,
    0x80, 0x38, 0x2, 0x0, 0x71, 0x8f, 0x0, 0xc0,
    0xe, 0x71, 0xc0, 0x18, 0x0, 0xc6, 0x30, 0xf,
    0xc0, 0x10, 0xfc, 0x0, 0x0, 0x2, 0x2, 0x0,
    0x0,

    /* U+01CB "ǋ" */
    0xf, 0xc0, 0x3f, 0x30, 0xe, 0x0, 0x63, 0xc0,
    0x78, 0x2, 0xc, 0x3, 0xc0, 0x30, 0x0, 0x3e,
    0x1, 0x80, 0x1, 0xb8, 0x8, 0x0, 0x9, 0xc0,
    0x40, 0x0, 0x47, 0x6, 0xe, 0x6, 0x38, 0x33,
    0xe0, 0x20, 0xc1, 0x7, 0x1, 0x7, 0x8, 0x38,
    0x18, 0x38, 0xc1, 0xc0, 0xc0, 0xe4, 0xc, 0x4,
    0x7, 0x20, 0x60, 0x20, 0x19, 0x7, 0x3, 0x0,
    0xf8, 0x38, 0x18, 0x7, 0x81, 0x80, 0x80, 0x1c,
    0xc, 0xc, 0x0, 0xe0, 0xe0, 0x60, 0x2, 0x7,
    0xf, 0xc0, 0x10, 0x30, 0x0, 0x0, 0x1, 0x80,
    0x0, 0x0, 0x1c, 0x0, 0x0, 0x0, 0xc0, 0x0,
    0x0, 0xc6, 0x0, 0x0, 0x6, 0x60, 0x0, 0x0,
    0x32, 0x0, 0x0, 0x0, 0xe0, 0x0,

    /* U+01CC "ǌ" */
    0x0, 0x0, 0x6, 0x0, 0x0, 0x7, 0x0, 0x0,
    0x6, 0x0, 0x0, 0x0, 0x0, 0x0, 0x0, 0x0,
    0x0, 0x0, 0x0, 0x0, 0x0, 0x6, 0x38, 0x6,
    0x3c, 0xdc, 0x7e, 0x1d, 0x1c, 0xc, 0x1d, 0x1c,
    0xc, 0x1a, 0x1c, 0x1c, 0x1c, 0x18, 0x1c, 0x3c,
    0x38, 0x18, 0x38, 0x38, 0x18, 0x38, 0x30, 0x38,
    0x30, 0x30, 0x38, 0x70, 0x72, 0x30, 0x70, 0x74,
    0x30, 0x60, 0x78, 0x70, 0x60, 0x70, 0x70, 0x0,
    0x0, 0x60, 0x0, 0x0, 0x60, 0x0, 0x0, 0xe0,
    0x0, 0x8, 0xc0, 0x0, 0x1c, 0xc0, 0x0, 0x19,
    0x80, 0x0, 0xf, 0x0,

    /* U+01CD "Ǎ" */
    0x0, 0x40, 0x20, 0x2, 0x4, 0x0, 0x39, 0x80,
    0x1, 0xf0, 0x0, 0xe, 0x0, 0x0, 0xc0, 0x0,
    0x0, 0x0, 0x0, 0x0, 0x0, 0x4, 0x0, 0x0,
    0x40, 0x0, 0xe, 0x0, 0x1, 0xe0, 0x0, 0x1e,
    0x0, 0x3, 0xe0, 0x0, 0x2e, 0x0, 0x4, 0x60,
    0x0, 0xc7, 0x0, 0x8, 0x70, 0x1, 0x87, 0x0,
    0x10, 0x70, 0x3, 0x7, 0x0, 0x7f, 0xf8, 0x4,
    0x3, 0x80, 0xc0, 0x38, 0x8, 0x3, 0x81, 0x80,
    0x38, 0x30, 0x3, 0x83, 0x0, 0x3c, 0xfc, 0xf,
    0xf0,

    /* U+01CE "ǎ" */
    0x6, 0x6, 0x6, 0x18, 0xe, 0xe0, 0xf, 0x80,
    0x1e, 0x0, 0x0, 0x0, 0x0, 0x1, 0xe6, 0x6,
    0x3c, 0x38, 0x30, 0xe0, 0x61, 0x80, 0xc7, 0x3,
    0x1c, 0x6, 0x38, 0xc, 0x70, 0x38, 0xc0, 0x61,
    0x81, 0xc3, 0x5, 0x97, 0x13, 0x47, 0xc7, 0x0,

    /* U+01CF "Ǐ" */
    0x2, 0x2, 0x6, 0x18, 0x6, 0x60, 0xf, 0x80,
    0xe, 0x0, 0x18, 0x0, 0x0, 0x3, 0xfc, 0x1,
    0xc0, 0x3, 0x80, 0x7, 0x0, 0x1c, 0x0, 0x38,
    0x0, 0x70, 0x0, 0xe0, 0x3, 0x80, 0x7, 0x0,
    0xe, 0x0, 0x3c, 0x0, 0x70, 0x0, 0xe0, 0x1,
    0xc0, 0x7, 0x0, 0xe, 0x0, 0x1c, 0x0, 0x78,
    0x0, 0xf0, 0x7, 0xf8, 0x0,

    /* U+01D0 "ǐ" */
    0x40, 0x44, 0x30, 0xcc, 0xf, 0x1, 0xc0, 0x0,
    0x0, 0x1, 0xc0, 0x78, 0x7, 0x0, 0xc0, 0x38,
    0x7, 0x0, 0xc0, 0x18, 0x7, 0x0, 0xe0, 0x18,
    0x3, 0x20, 0x68, 0xe, 0x0,

    /* U+01D1 "Ǒ" */
    0x0, 0x20, 0x20, 0x0, 0x82, 0x0, 0x6, 0x60,
    0x0, 0x1e, 0x0, 0x0, 0xf0, 0x0, 0x3, 0x0,
    0x0, 0x0, 0x0, 0x3, 0xe0, 0x0, 0xe1, 0xc0,
    0xc, 0x7, 0x1, 0xc0, 0x1c, 0x1c, 0x0, 0xe1,
    0xe0, 0x7, 0xe, 0x0, 0x3c, 0xf0, 0x1, 0xef,
    0x0, 0xf, 0x78, 0x0, 0x73, 0x80, 0x3, 0xbc,
    0x0, 0x3d, 0xe0, 0x1, 0xcf, 0x0, 0x1e, 0x78,
    0x0, 0xe3, 0xc0, 0xf, 0xe, 0x0, 0x70, 0x70,
    0x7, 0x3, 0x80, 0x70, 0xe, 0x7, 0x0, 0x3f,
    0xe0, 0x0, 0x10, 0x0, 0x0,

    /* U+01D2 "ǒ" */
    0x2, 0x2, 0x1, 0x4, 0x1, 0x98, 0x0, 0xf0,
    0x0, 0xe0, 0x0, 0x0, 0x0, 0x0, 0x1, 0xf0,
    0x6, 0x38, 0x1c, 0x1c, 0x38, 0x1c, 0x70, 0x1c,
    0x70, 0x1c, 0xe0, 0x1c, 0xe0, 0x38, 0xe0, 0x38,
    0xe0, 0x30, 0xc0, 0x60, 0xe0, 0xc0, 0x61, 0x80,
    0x3e, 0x0,

    /* U+01D3 "Ǔ" */
    0x0, 0x80, 0x80, 0x6, 0x18, 0x0, 0x19, 0x80,
    0x0, 0xf8, 0x0, 0x3, 0x80, 0x0, 0x18, 0x0,
    0x0, 0x0, 0x1f, 0xf0, 0x7f, 0x1e, 0x0, 0x60,
    0xe0, 0x2, 0x7, 0x0, 0x30, 0x78, 0x1, 0x83,
    0x80, 0x8, 0x1c, 0x0, 0x41, 0xe0, 0x6, 0xe,
    0x0, 0x30, 0x70, 0x1, 0x3, 0x80, 0x8, 0x3c,
    0x0, 0xc1, 0xc0, 0x4, 0xe, 0x0, 0x20, 0x70,
    0x1, 0x3, 0x80, 0x10, 0x1c, 0x0, 0x80, 0xe0,
    0xc, 0x7, 0x0, 0xc0, 0x1c, 0xc, 0x0, 0x7f,
    0xc0, 0x0, 0x20, 0x0, 0x0,

    /* U+01D4 "ǔ" */
    0x6, 0x6, 0x6, 0x18, 0x6, 0xe0, 0xf, 0x80,
    0xe, 0x0, 0x0, 0x0, 0x0, 0x3c, 0xc, 0x38,
    0x18, 0x70, 0x70, 0xe0, 0xe1, 0x83, 0x83, 0x7,
    0xe, 0xe, 0x1c, 0x3c, 0x30, 0xb0, 0x62, 0xe1,
    0xc5, 0xc3, 0x93, 0xa6, 0x46, 0x8f, 0xe, 0x0,

    /* U+01D5 "Ǖ" */
    0x0, 0xff, 0xc0, 0x0, 0x0, 0x0, 0x0, 0x0,
    0x3, 0x86, 0x0, 0x1c, 0x78, 0x0, 0xe1, 0x80,
    0x0, 0x0, 0x1f, 0xf0, 0x7f, 0x1e, 0x0, 0x60,
    0xe0, 0x2, 0x7, 0x0, 0x30, 0x78, 0x1, 0x83,
    0x80, 0x8, 0x1c, 0x0, 0x41, 0xe0, 0x6, 0xe,
    0x0, 0x30, 0x70, 0x1, 0x3, 0x80, 0x8, 0x3c,
    0x0, 0xc1, 0xc0, 0x4, 0xe, 0x0, 0x20, 0x70,
    0x1, 0x3, 0x80, 0x10, 0x1c, 0x0, 0x80, 0xe0,
    0xc, 0x7, 0x0, 0xc0, 0x1c, 0xc, 0x0, 0x7f,
    0xc0, 0x0, 0x20, 0x0, 0x0,

    /* U+01D6 "ǖ" */
    0x3, 0xfe, 0x0, 0x0, 0x0, 0x0, 0x0, 0x0,
    0x6, 0xc, 0x7, 0x1c, 0x7, 0xc, 0x0, 0x0,
    0x0, 0x0, 0x78, 0x18, 0x38, 0x18, 0x38, 0x38,
    0x38, 0x38, 0x30, 0x70, 0x30, 0x70, 0x70, 0x70,
    0x70, 0xf0, 0x61, 0x60, 0x62, 0xe0, 0xe2, 0xe0,
    0xe4, 0xe8, 0xc8, 0xd0, 0xf0, 0xe0,

    /* U+01D7 "Ǘ" */
    0x0, 0x0, 0x0, 0x0, 0x3, 0x0, 0x0, 0x1c,
    0x0, 0x0, 0xc0, 0x0, 0x6, 0x0, 0x0, 0x20,
    0x0, 0xc, 0x18, 0x0, 0x38, 0xe0, 0x0, 0xc1,
    0x80, 0x0, 0x0, 0x0, 0x0, 0x0, 0x1f, 0xf0,
    0x7f, 0xf, 0x0, 0x70, 0x38, 0x0, 0x81, 0xe0,
    0x6, 0x7, 0x0, 0x18, 0x1c, 0x0, 0x40, 0xf0,
    0x3, 0x3, 0x80, 0x8, 0xe, 0x0, 0x20, 0x78,
    0x1, 0x81, 0xc0, 0x4, 0x7, 0x0, 0x10, 0x1c,
    0x0, 0xc0, 0xe0, 0x2, 0x3, 0x80, 0x18, 0x7,
    0x0, 0x40, 0x1c, 0x6, 0x0, 0x1f, 0xf0, 0x0,
    0x4, 0x0, 0x0,

    /* U+01D8 "ǘ" */
    0x0, 0x0, 0x0, 0x1c, 0x0, 0x70, 0x1, 0xc0,
    0x6, 0x0, 0x10, 0x0, 0x0, 0x3, 0x6, 0x7,
    0x1c, 0xe, 0x18, 0x0, 0x0, 0x0, 0x7, 0x81,
    0x87, 0x3, 0xe, 0xe, 0x1c, 0x1c, 0x30, 0x70,
    0x60, 0xe1, 0xc1, 0xc3, 0x87, 0x86, 0x16, 0xc,
    0x5c, 0x38, 0xb8, 0x72, 0x74, 0xc8, 0xd1, 0xe1,
    0xc0,

    /* U+01D9 "Ǚ" */
    0x0, 0x40, 0x60, 0x1, 0x83, 0x0, 0x3, 0x38,
    0x0, 0xf, 0xc0, 0x0, 0x1e, 0x0, 0x0, 0x60,
    0x0, 0xc, 0x18, 0x0, 0x38, 0xe0, 0x0, 0xc1,
    0x80, 0x0, 0x0, 0x0, 0x0, 0x0, 0x1f, 0xf0,
    0x7f, 0xf, 0x0, 0x70, 0x38, 0x0, 0x81, 0xe0,
    0x6, 0x7, 0x0, 0x18, 0x1c, 0x0, 0x40, 0xf0,
    0x3, 0x3, 0x80, 0x8, 0xe, 0x0, 0x20, 0x78,
    0x1, 0x81, 0xc0, 0x4, 0x7, 0x0, 0x10, 0x1c,
    0x0, 0xc0, 0xe0, 0x2, 0x3, 0x80, 0x18, 0x7,
    0x0, 0x40, 0x1c, 0x6, 0x0, 0x1f, 0xf0, 0x0,
    0x4, 0x0, 0x0,

    /* U+01DA "ǚ" */
    0x2, 0x1, 0x1, 0x2, 0x1, 0x8c, 0x0, 0xd8,
    0x0, 0xf0, 0x0, 0x60, 0x0, 0x0, 0x0, 0x0,
    0x6, 0xc, 0x7, 0x1c, 0x7, 0xc, 0x0, 0x0,
    0x0, 0x0, 0x78, 0x18, 0x38, 0x18, 0x38, 0x38,
    0x38, 0x38, 0x30, 0x70, 0x30, 0x70, 0x70, 0x70,
    0x70, 0xf0, 0x61, 0x60, 0x62, 0xe0, 0xe2, 0xe0,
    0xe4, 0xe8, 0xc8, 0xd0, 0xf0, 0xe0,

    /* U+01DB "Ǜ" */
    0x0, 0x0, 0x0, 0x1, 0x80, 0x0, 0x7, 0x0,
    0x0, 0xe, 0x0, 0x0, 0x18, 0x0, 0x0, 0x30,
    0x0, 0x0, 0x0, 0x0, 0x38, 0x60, 0x0, 0xe3,
    0x80, 0x3, 0x86, 0x0, 0x0, 0x0, 0x1f, 0xf0,
    0x7f, 0xf, 0x0, 0x70, 0x38, 0x0, 0x81, 0xe0,
    0x6, 0x7, 0x0, 0x18, 0x1c, 0x0, 0x40, 0xf0,
    0x3, 0x3, 0x80, 0x8, 0xe, 0x0, 0x20, 0x78,
    0x1, 0x81, 0xc0, 0x4, 0x7, 0x0, 0x10, 0x1c,
    0x0, 0xc0, 0xe0, 0x2, 0x3, 0x80, 0x18, 0x7,
    0x0, 0x40, 0x1c, 0x6, 0x0, 0x1f, 0xf0, 0x0,
    0x4, 0x0, 0x0,

    /* U+01DC "ǜ" */
    0x3, 0x0, 0xe, 0x0, 0x38, 0x0, 0x70, 0x0,
    0x40, 0x0, 0x80, 0x60, 0xc1, 0xc7, 0x7, 0xc,
    0x0, 0x0, 0x0, 0x1e, 0x6, 0x38, 0x18, 0xe0,
    0xe3, 0x83, 0x8c, 0x1c, 0x30, 0x71, 0xc1, 0xc7,
    0xf, 0x18, 0x58, 0x62, 0xe3, 0x8b, 0x8e, 0x4e,
    0xb2, 0x34, 0xf0, 0xe0,

    /* U+01DD "ǝ" */
    0x7, 0xc1, 0x8e, 0x20, 0x70, 0x7, 0x0, 0x70,
    0x7, 0x3, 0xf1, 0xce, 0x30, 0xe6, 0x1c, 0xc1,
    0x8c, 0x30, 0xce, 0x7, 0x80,

    /* U+01DE "Ǟ" */
    0x0, 0x3f, 0xe0, 0x0, 0x0, 0x0, 0x0, 0x0,
    0x3, 0xc, 0x0, 0x70, 0xe0, 0x3, 0xc, 0x0,
    0x0, 0x0, 0x0, 0x40, 0x0, 0x4, 0x0, 0x0,
    0xe0, 0x0, 0x1e, 0x0, 0x1, 0xe0, 0x0, 0x3e,
    0x0, 0x2, 0xe0, 0x0, 0x46, 0x0, 0xc, 0x70,
    0x0, 0x87, 0x0, 0x18, 0x70, 0x1, 0x7, 0x0,
    0x30, 0x70, 0x7, 0xff, 0x80, 0x40, 0x38, 0xc,
    0x3, 0x80, 0x80, 0x38, 0x18, 0x3, 0x83, 0x0,
    0x38, 0x30, 0x3, 0xcf, 0xc0, 0xff,

    /* U+01DF "ǟ" */
    0x3, 0xff, 0x0, 0x0, 0x0, 0x0, 0x0, 0x0,
    0x3, 0xc, 0x7, 0xe, 0x3, 0xc, 0x0, 0x0,
    0x0, 0x0, 0x3, 0xcc, 0x6, 0x3c, 0x1c, 0x18,
    0x38, 0x18, 0x30, 0x18, 0x70, 0x30, 0xe0, 0x30,
    0xe0, 0x30, 0xe0, 0x70, 0xc0, 0x60, 0xc0, 0xe0,
    0xc1, 0x64, 0xe2, 0x68, 0x7c, 0x70,

    /* U+01E0 "Ǡ" */
    0x0, 0x3f, 0xf0, 0x0, 0x0, 0x0, 0x0, 0x0,
    0x0, 0x60, 0x0, 0x7, 0x0, 0x0, 0x60, 0x0,
    0x0, 0x0, 0x0, 0x40, 0x0, 0x4, 0x0, 0x0,
    0xe0, 0x0, 0x1e, 0x0, 0x1, 0xe0, 0x0, 0x3e,
    0x0, 0x2, 0xe0, 0x0, 0x46, 0x0, 0xc, 0x70,
    0x0, 0x87, 0x0, 0x18, 0x70, 0x1, 0x7, 0x0,
    0x30, 0x70, 0x7, 0xff, 0x80, 0x40, 0x38, 0xc,
    0x3, 0x80, 0x80, 0x38, 0x18, 0x3, 0x83, 0x0,
    0x38, 0x30, 0x3, 0xcf, 0xc0, 0xff,

    /* U+01E1 "ǡ" */
    0x3, 0xfe, 0x0, 0x0, 0x0, 0x0, 0x0, 0x0,
    0xc, 0x0, 0x1c, 0x0, 0x38, 0x0, 0x0, 0x0,
    0x0, 0x7, 0x98, 0x18, 0xf0, 0xe0, 0xc3, 0x81,
    0x86, 0x3, 0x1c, 0xc, 0x70, 0x18, 0xe0, 0x31,
    0xc0, 0xe3, 0x1, 0x86, 0x7, 0xc, 0x16, 0x5c,
    0x4d, 0x1f, 0x1c, 0x0,

    /* U+01E2 "Ǣ" */
    0x0, 0x1, 0xff, 0x80, 0x0, 0x0, 0x0, 0x0,
    0x0, 0x0, 0x0, 0x0, 0x0, 0x0, 0x0, 0x0,
    0x3, 0xff, 0xfc, 0x0, 0x3, 0xe0, 0x70, 0x0,
    0x17, 0x0, 0xc0, 0x0, 0xdc, 0x2, 0x0, 0x6,
    0x70, 0x8, 0x0, 0x13, 0xc0, 0x0, 0x0, 0x8e,
    0x0, 0x0, 0x4, 0x38, 0x20, 0x0, 0x31, 0xe0,
    0x80, 0x1, 0x87, 0x86, 0x0, 0x4, 0x1f, 0xf0,
    0x0, 0x20, 0x70, 0x40, 0x1, 0xff, 0xc1, 0x0,
    0xc, 0xe, 0x0, 0x0, 0x20, 0x38, 0x0, 0x1,
    0x1, 0xe0, 0x4, 0x8, 0x7, 0x80, 0x30, 0x60,
    0x1c, 0x0, 0x83, 0x0, 0x70, 0x6, 0xc, 0x3,
    0xc0, 0x70, 0xfc, 0x3f, 0xff, 0xc0,

    /* U+01E3 "ǣ" */
    0x0, 0xff, 0xc0, 0x0, 0x0, 0x0, 0x0, 0x0,
    0x0, 0x0, 0x3d, 0x9c, 0xc, 0x74, 0xc3, 0xf,
    0x18, 0xc1, 0xc3, 0x30, 0x30, 0xce, 0xe, 0x31,
    0x81, 0xd8, 0x70, 0x3c, 0xe, 0xe, 0x1, 0x81,
    0xc0, 0x30, 0x78, 0x6, 0x17, 0x4, 0xe4, 0x71,
    0xf, 0x7, 0xc0,

    /* U+01E4 "Ǥ" */
    0x0, 0x3f, 0x8, 0x3, 0x83, 0xe0, 0x38, 0x3,
    0x81, 0xc0, 0xe, 0xe, 0x0, 0x10, 0x70, 0x0,
    0x43, 0xc0, 0x0, 0xe, 0x0, 0x0, 0x78, 0x0,
    0x1, 0xe0, 0x0, 0x7, 0x0, 0x0, 0x3c, 0x1,
    0xff, 0xf0, 0x0, 0xf3, 0xc0, 0x3, 0x8f, 0x0,
    0x1e, 0x1c, 0x3, 0xfe, 0x70, 0x1, 0xc1, 0xe0,
    0xf, 0x3, 0x80, 0x38, 0x7, 0x1, 0xe0, 0x7,
    0xfe, 0x0, 0x1, 0x0, 0x0,

    /* U+01E5 "ǥ" */
    0x0, 0xf0, 0x3, 0x8c, 0x7, 0xf, 0x6, 0xe,
    0xe, 0xe, 0xe, 0xe, 0xe, 0x1c, 0xe, 0x1c,
    0x6, 0x38, 0x1, 0xe0, 0x6, 0x0, 0xe, 0x0,
    0xf, 0x0, 0x7, 0xe0, 0x9, 0xf0, 0x30, 0x38,
    0x20, 0x18, 0xff, 0xfc, 0x60, 0x18, 0x30, 0x30,
    0x1f, 0xc0,

    /* U+01E6 "Ǧ" */
    0x0, 0x30, 0x30, 0x0, 0x61, 0x80, 0x1, 0xcc,
    0x0, 0x3, 0xe0, 0x0, 0xf, 0x0, 0x0, 0x18,
    0x0, 0x0, 0x0, 0x0, 0xf, 0xe2, 0x0, 0xe0,
    0xf8, 0xe, 0x0, 0xe0, 0x70, 0x3, 0x83, 0x80,
    0x4, 0x1c, 0x0, 0x10, 0xf0, 0x0, 0x3, 0x80,
    0x0, 0x1e, 0x0, 0x0, 0x78, 0x0, 0x1, 0xc0,
    0x0, 0xf, 0x0, 0x7f, 0xfc, 0x0, 0x3c, 0xf0,
    0x0, 0xe3, 0xc0, 0x7, 0x87, 0x0, 0x1c, 0x1c,
    0x0, 0x70, 0x38, 0x1, 0xc0, 0xe0, 0xf, 0x1,
    0xc0, 0x38, 0x1, 0xff, 0x80, 0x0, 0x40, 0x0,

    /* U+01E7 "ǧ" */
    0x1, 0x3, 0x1, 0x86, 0x0, 0xcc, 0x0, 0xf8,
    0x0, 0x70, 0x0, 0x0, 0x0, 0x0, 0x1, 0xe0,
    0x7, 0x18, 0xe, 0x1e, 0xc, 0x1c, 0x1c, 0x1c,
    0x1c, 0x1c, 0x1c, 0x38, 0x1c, 0x38, 0xc, 0x70,
    0x3, 0xc0, 0xc, 0x0, 0x1c, 0x0, 0x1f, 0x0,
    0x17, 0xc0, 0x20, 0xf0, 0x40, 0x30, 0xc0, 0x30,
    0xc0, 0x30, 0xc0, 0x30, 0x70, 0x60, 0x1f, 0x80,

    /* U+01E8 "Ǩ" */
    0x0, 0x10, 0x30, 0x0, 0x30, 0xc0, 0x0, 0x33,
    0x0, 0x0, 0x7c, 0x0, 0x0, 0x70, 0x0, 0x0,
    0xc0, 0x0, 0x0, 0x0, 0x7, 0xfc, 0x7f, 0x1,
    0xe0, 0x38, 0x3, 0x80, 0xe0, 0x7, 0x3, 0x0,
    0x1e, 0xc, 0x0, 0x38, 0x30, 0x0, 0x71, 0x80,
    0x0, 0xe6, 0x0, 0x3, 0xb8, 0x0, 0x7, 0xe0,
    0x0, 0xf, 0xe0, 0x0, 0x3d, 0xc0, 0x0, 0x71,
    0xc0, 0x0, 0xe3, 0xc0, 0x1, 0xc3, 0x80, 0x7,
    0x7, 0x80, 0xe, 0x7, 0x0, 0x1c, 0x7, 0x0,
    0x78, 0xf, 0x0, 0xf0, 0x1e, 0x7, 0xf8, 0xff,
    0x80,

    /* U+01E9 "ǩ" */
    0x1, 0x1, 0x0, 0x41, 0x0, 0x33, 0x0, 0xf,
    0x0, 0x7, 0x80, 0x1, 0x80, 0x1c, 0x0, 0x3c,
    0x0, 0x6, 0x0, 0x7, 0x0, 0x3, 0x80, 0x1,
    0x80, 0x0, 0xc0, 0x0, 0xe0, 0x0, 0x73, 0xf0,
    0x30, 0x60, 0x18, 0x60, 0x1c, 0x40, 0xe, 0x40,
    0x6, 0x40, 0x3, 0x60, 0x3, 0xf0, 0x1, 0xdc,
    0x0, 0xc6, 0x0, 0xe3, 0x80, 0x70, 0xc4, 0x30,
    0x74, 0x18, 0x1c, 0x0,

    /* U+01EA "Ǫ" */
    0x0, 0x3f, 0x0, 0xc, 0x18, 0x3, 0x80, 0xc0,
    0x70, 0xe, 0xe, 0x0, 0x71, 0xc0, 0x7, 0x38,
    0x0, 0x77, 0x80, 0x7, 0x78, 0x0, 0xff, 0x0,
    0xf, 0xf0, 0x0, 0xff, 0x0, 0xe, 0xe0, 0x1,
    0xee, 0x0, 0x1c, 0xe0, 0x3, 0xce, 0x0, 0x38,
    0xe0, 0x7, 0xe, 0x0, 0xe0, 0x70, 0xc, 0x3,
    0x3, 0x80, 0x1f, 0xe0, 0x0, 0x60, 0x0, 0x4,
    0x0, 0x0, 0xc0, 0x0, 0xc, 0x0, 0x0, 0xe2,
    0x0, 0x7, 0xc0, 0x0, 0x38, 0x0,

    /* U+01EB "ǫ" */
    0x1, 0xf0, 0x18, 0xe1, 0xc1, 0xce, 0x7, 0x70,
    0x1d, 0xc0, 0x7e, 0x1, 0xf8, 0xe, 0xe0, 0x3b,
    0x80, 0xcc, 0x6, 0x38, 0x30, 0x61, 0x80, 0xf8,
    0x1, 0x0, 0xc, 0x0, 0x30, 0x0, 0xc0, 0x3,
    0x88, 0xf, 0xc0, 0x1e, 0x0,

    /* U+01EC "Ǭ" */
    0x0, 0x7f, 0xc0, 0x0, 0x0, 0x0, 0x0, 0x0,
    0x3, 0xf0, 0x0, 0xc1, 0x80, 0x38, 0xc, 0x7,
    0x0, 0xe0, 0xe0, 0x7, 0x1c, 0x0, 0x73, 0x80,
    0x7, 0x78, 0x0, 0x77, 0x80, 0xf, 0xf0, 0x0,
    0xff, 0x0, 0xf, 0xf0, 0x0, 0xee, 0x0, 0x1e,
    0xe0, 0x1, 0xce, 0x0, 0x3c, 0xe0, 0x3, 0x8e,
    0x0, 0x70, 0xe0, 0xe, 0x7, 0x0, 0xc0, 0x30,
    0x38, 0x1, 0xfe, 0x0, 0x6, 0x0, 0x0, 0x40,
    0x0, 0xc, 0x0, 0x0, 0xc0, 0x0, 0xe, 0x20,
    0x0, 0x7c, 0x0, 0x3, 0x80, 0x0,

    /* U+01ED "ǭ" */
    0x7, 0xfe, 0x0, 0x0, 0x0, 0x0, 0xf, 0x80,
    0x63, 0x83, 0x83, 0x8e, 0x7, 0x38, 0xe, 0x70,
    0x1d, 0xc0, 0x3b, 0x80, 0xe7, 0x1, 0xce, 0x3,
    0x18, 0xc, 0x38, 0x30, 0x30, 0xc0, 0x3e, 0x0,
    0x20, 0x0, 0xc0, 0x1, 0x80, 0x3, 0x0, 0x7,
    0x10, 0xf, 0xc0, 0xf, 0x0,

    /* U+01EE "Ǯ" */
    0x0, 0x20, 0x20, 0x3, 0xc, 0x0, 0x19, 0x80,
    0x1, 0xf0, 0x0, 0xe, 0x0, 0x0, 0xc0, 0x0,
    0x0, 0x0, 0x0, 0x0, 0x1, 0xff, 0xf0, 0x18,
    0xe, 0x3, 0x1, 0xc0, 0x20, 0x38, 0x2, 0x7,
    0x80, 0x40, 0x70, 0x0, 0xe, 0x0, 0x1, 0xc0,
    0x0, 0x38, 0x0, 0x3, 0xf0, 0x0, 0x1f, 0x0,
    0x0, 0x78, 0x0, 0x7, 0x80, 0x0, 0x78, 0x0,
    0x7, 0x0, 0x0, 0x70, 0x0, 0xe, 0xc, 0x0,
    0xe0, 0x60, 0x1c, 0x3, 0x3, 0x80, 0xf, 0xe0,
    0x0,

    /* U+01EF "ǯ" */
    0x1, 0x3, 0x1, 0x86, 0x0, 0xdc, 0x0, 0xf8,
    0x0, 0x70, 0x0, 0x0, 0x0, 0x0, 0x7, 0xfc,
    0x7, 0xf8, 0x8, 0x10, 0x8, 0x10, 0x0, 0x20,
    0x0, 0x40, 0x0, 0x80, 0x1, 0x80, 0x1, 0xe0,
    0x0, 0xf0, 0x0, 0x78, 0x0, 0x38, 0x0, 0x38,
    0x0, 0x38, 0x0, 0x38, 0x0, 0x30, 0x0, 0x30,
    0x0, 0x20, 0x60, 0x40, 0x78, 0x80, 0x7f, 0x0,

    /* U+01F0 "ǰ" */
    0x2, 0x1, 0x1, 0x2, 0x1, 0x86, 0x0, 0xdc,
    0x0, 0xf8, 0x0, 0x70, 0x0, 0x0, 0x0, 0x0,
    0x0, 0x30, 0x3, 0xf0, 0x0, 0x60, 0x0, 0x60,
    0x0, 0xe0, 0x0, 0xe0, 0x0, 0xc0, 0x0, 0xc0,
    0x1, 0xc0, 0x1, 0xc0, 0x1, 0x80, 0x1, 0x80,
    0x3, 0x80, 0x3, 0x80, 0x3, 0x0, 0x3, 0x0,
    0x7, 0x0, 0x6, 0x0, 0xe6, 0x0, 0xcc, 0x0,
    0x78, 0x0,

    /* U+01F1 "Ǳ" */
    0xf, 0xff, 0x80, 0x3f, 0xff, 0xc0, 0x70, 0x78,
    0xe, 0x1, 0xe0, 0x1c, 0x7, 0x2, 0x0, 0x70,
    0x7, 0x0, 0xe1, 0x0, 0x3c, 0x3, 0xc0, 0x3c,
    0x40, 0x1e, 0x0, 0xe0, 0x7, 0x0, 0xf, 0x0,
    0x38, 0x1, 0xc0, 0x7, 0x80, 0xe, 0x0, 0x78,
    0x1, 0xc0, 0x7, 0x0, 0x1e, 0x0, 0xf0, 0x1,
    0xc0, 0x7, 0x80, 0x78, 0x0, 0x70, 0x1, 0xe0,
    0x3c, 0x0, 0x3c, 0x0, 0x70, 0xe, 0x0, 0xe,
    0x0, 0x3c, 0x7, 0x80, 0x3, 0x80, 0xf, 0x3,
    0xc0, 0x0, 0xe0, 0x3, 0x81, 0xe0, 0x0, 0x78,
    0x1, 0xc0, 0xf0, 0x0, 0x1c, 0x0, 0xf0, 0x38,
    0x1, 0x7, 0x0, 0x78, 0x1e, 0x0, 0x43, 0xc0,
    0x38, 0xf, 0x0, 0x20, 0xf0, 0x78, 0x7, 0x80,
    0x38, 0xff, 0xf8, 0x3, 0xff, 0xfe, 0x0,

    /* U+01F2 "ǲ" */
    0xf, 0xff, 0x80, 0x0, 0x0, 0x38, 0x3c, 0x0,
    0x0, 0x7, 0x1, 0xc0, 0x0, 0x0, 0xe0, 0x1c,
    0x0, 0x0, 0x3c, 0x3, 0xc0, 0x0, 0x7, 0x0,
    0x38, 0x0, 0x0, 0xe0, 0x7, 0x0, 0x0, 0x1c,
    0x0, 0xf3, 0xff, 0x7, 0x0, 0x1e, 0x7f, 0xc0,
    0xe0, 0x3, 0xc8, 0x10, 0x1c, 0x0, 0x78, 0x4,
    0x7, 0x80, 0xe, 0x1, 0x0, 0xe0, 0x3, 0xc0,
    0x40, 0x1c, 0x0, 0x78, 0x8, 0x3, 0x80, 0xe,
    0x2, 0x0, 0xf0, 0x3, 0x80, 0x80, 0x1c, 0x0,
    0xf0, 0x20, 0x3, 0x80, 0x3c, 0x8, 0x0, 0xf0,
    0xe, 0x2, 0x0, 0x1e, 0xf, 0x0, 0x70, 0xf,
    0xff, 0x80, 0x1f, 0x8c, 0x0, 0x0, 0x0, 0x71,
    0x80, 0x0, 0x0, 0x3, 0x30, 0x0, 0x0, 0x0,
    0x3c,

    /* U+01F3 "ǳ" */
    0x0, 0x1f, 0x0, 0x0, 0x1, 0xc0, 0x0, 0x0,
    0x60, 0x0, 0x0, 0x18, 0x0, 0x0, 0xe, 0x0,
    0x0, 0x3, 0x80, 0x0, 0x0, 0xc0, 0x0, 0x0,
    0x30, 0x0, 0x1, 0xdc, 0x7f, 0xc1, 0x8f, 0x1f,
    0xf0, 0xc3, 0x8c, 0x18, 0x60, 0xe2, 0x4, 0x30,
    0x38, 0x2, 0x1c, 0xc, 0x1, 0x6, 0x3, 0x0,
    0xc3, 0x80, 0xc0, 0x60, 0xe0, 0x70, 0x30, 0x30,
    0x18, 0x8, 0xc, 0xe, 0x4, 0x3, 0x7, 0x92,
    0x0, 0xe2, 0xe9, 0xe0, 0x1f, 0x1c, 0xfe, 0x20,
    0x0, 0x3, 0xcc, 0x0, 0x0, 0x3e,

    /* U+01F4 "Ǵ" */
    0x0, 0x0, 0xc0, 0x0, 0x7, 0x80, 0x0, 0x38,
    0x0, 0x1, 0xc0, 0x0, 0xc, 0x0, 0x0, 0x60,
    0x0, 0x0, 0x0, 0x0, 0xf, 0xe2, 0x0, 0xe0,
    0xf8, 0xe, 0x0, 0xe0, 0x70, 0x3, 0x83, 0x80,
    0x4, 0x1c, 0x0, 0x10, 0xf0, 0x0, 0x3, 0x80,
    0x0, 0x1e, 0x0, 0x0, 0x78, 0x0, 0x1, 0xc0,
    0x0, 0xf, 0x0, 0x7f, 0xfc, 0x0, 0x3c, 0xf0,
    0x0, 0xe3, 0xc0, 0x7, 0x87, 0x0, 0x1c, 0x1c,
    0x0, 0x70, 0x38, 0x1, 0xc0, 0xe0, 0xf, 0x1,
    0xc0, 0x38, 0x1, 0xff, 0x80, 0x0, 0x40, 0x0,

    /* U+01F5 "ǵ" */
    0x0, 0xc, 0x0, 0x38, 0x0, 0xe0, 0x3, 0x0,
    0xc, 0x0, 0x0, 0x0, 0x0, 0x0, 0xf0, 0x7,
    0x18, 0x1c, 0x3c, 0x30, 0x70, 0xe0, 0xe1, 0xc1,
    0xc3, 0x87, 0x7, 0xe, 0x6, 0x38, 0x3, 0xc0,
    0x18, 0x0, 0x70, 0x0, 0xf8, 0x1, 0x7c, 0x4,
    0x1e, 0x10, 0xc, 0x60, 0x18, 0xc0, 0x31, 0x80,
    0x61, 0xc1, 0x80, 0xfc, 0x0,

    /* U+01F6 "Ƕ" */
    0xf, 0xf8, 0x7f, 0x80, 0xf, 0x80, 0x78, 0x0,
    0x1c, 0x1, 0xc0, 0x0, 0xf0, 0x7, 0x0, 0x3,
    0x80, 0x3c, 0x0, 0xe, 0x0, 0xe0, 0x0, 0x38,
    0x3, 0x80, 0x41, 0xc0, 0x1e, 0xf, 0x7, 0x0,
    0x70, 0x5c, 0x1f, 0xff, 0xc0, 0x70, 0xe0, 0x7,
    0x1, 0x83, 0x80, 0x3c, 0xe, 0xe, 0x0, 0xe0,
    0x38, 0x38, 0x3, 0x80, 0xe1, 0xc0, 0x1e, 0x3,
    0x7, 0x0, 0x78, 0xc, 0x1c, 0x1, 0xc0, 0x70,
    0x70, 0x7, 0x1, 0x83, 0x80, 0xe, 0xe, 0xe,
    0x0, 0x38, 0x70, 0xff, 0x0, 0x3f, 0x0,

    /* U+01F7 "Ƿ" */
    0x3, 0xcf, 0x81, 0xfe, 0x3c, 0xe, 0x3, 0x81,
    0xc0, 0x70, 0x38, 0xe, 0xf, 0x3, 0xc1, 0xe0,
    0x70, 0x38, 0xe, 0x7, 0x3, 0x80, 0xe0, 0xe0,
    0x3c, 0x38, 0x7, 0x6, 0x0, 0xe1, 0x80, 0x1c,
    0xe0, 0x3, 0xb0, 0x0, 0xfc, 0x0, 0x1e, 0x0,
    0x3, 0x80, 0x0, 0x70, 0x0, 0x1f, 0x0, 0xf,
    0xf8, 0x0,

    /* U+01F8 "Ǹ" */
    0x0, 0x10, 0x0, 0x0, 0x38, 0x0, 0x0, 0x38,
    0x0, 0x0, 0x1c, 0x0, 0x0, 0xc, 0x0, 0x0,
    0x6, 0x0, 0x0, 0x0, 0x0, 0x0, 0x0, 0x0,
    0xf, 0xc0, 0x3f, 0x1, 0xc0, 0xc, 0x1, 0xe0,
    0x8, 0x1, 0xe0, 0x18, 0x3, 0xe0, 0x18, 0x3,
    0x70, 0x10, 0x2, 0x70, 0x10, 0x2, 0x38, 0x30,
    0x6, 0x38, 0x30, 0x6, 0x38, 0x20, 0x4, 0x1c,
    0x20, 0xc, 0x1c, 0x60, 0xc, 0xe, 0x40, 0x8,
    0xe, 0x40, 0x8, 0x7, 0x40, 0x18, 0x7, 0xc0,
    0x18, 0x7, 0x80, 0x10, 0x3, 0x80, 0x30, 0x3,
    0x80, 0x30, 0x1, 0x0, 0xfc, 0x1, 0x0,

    /* U+01F9 "ǹ" */
    0x1, 0x80, 0x3, 0x80, 0x7, 0x0, 0x3, 0x0,
    0x3, 0x0, 0x0, 0x0, 0x0, 0x1f, 0x1c, 0x1c,
    0xdc, 0x3a, 0x38, 0x74, 0x70, 0xd0, 0xe1, 0xc1,
    0x87, 0x87, 0xe, 0xe, 0x1c, 0x18, 0x30, 0x30,
    0xe0, 0xe5, 0xc1, 0xd3, 0x3, 0xc6, 0x7, 0x0,

    /* U+01FA "Ǻ" */
    0x0, 0x0, 0x0, 0x0, 0x0, 0x70, 0x0, 0x3,
    0xc0, 0x0, 0x1c, 0x0, 0x0, 0xc0, 0x0, 0x6,
    0x0, 0x0, 0x3c, 0x0, 0x1, 0x10, 0x0, 0x8,
    0x40, 0x0, 0x21, 0x0, 0x0, 0x8c, 0x0, 0x1,
    0xc0, 0x0, 0x0, 0x0, 0x0, 0x18, 0x0, 0x0,
    0xe0, 0x0, 0x3, 0x80, 0x0, 0x1f, 0x0, 0x0,
    0xdc, 0x0, 0x6, 0x70, 0x0, 0x31, 0xc0, 0x0,
    0x87, 0x0, 0x6, 0xe, 0x0, 0x30, 0x38, 0x1,
    0xff, 0xe0, 0x6, 0x3, 0x80, 0x30, 0xf, 0x1,
    0x80, 0x1c, 0xe, 0x0, 0x70, 0xfc, 0xf, 0xf0,

    /* U+01FB "ǻ" */
    0x0, 0x6, 0x0, 0x1c, 0x0, 0x70, 0x1, 0x80,
    0x6, 0x0, 0x10, 0x0, 0x0, 0x0, 0x38, 0x1,
    0x98, 0x2, 0x10, 0xc, 0x20, 0x8, 0x80, 0x1e,
    0x0, 0x0, 0x0, 0x0, 0x1, 0xe6, 0x6, 0x3c,
    0x38, 0x30, 0xe0, 0x61, 0x80, 0xc7, 0x3, 0x1c,
    0x6, 0x38, 0xc, 0x70, 0x38, 0xc0, 0x61, 0x81,
    0xc3, 0x5, 0x97, 0x13, 0x47, 0xc7, 0x0,

    /* U+01FC "Ǽ" */
    0x0, 0x0, 0x1, 0x0, 0x0, 0x0, 0xe, 0x0,
    0x0, 0x0, 0x70, 0x0, 0x0, 0x3, 0x80, 0x0,
    0x0, 0x18, 0x0, 0x0, 0x0, 0x80, 0x0, 0x0,
    0x0, 0x0, 0x0, 0x0, 0xff, 0xff, 0x0, 0x0,
    0xf8, 0x1c, 0x0, 0x5, 0xc0, 0x30, 0x0, 0x37,
    0x0, 0x80, 0x1, 0x9c, 0x2, 0x0, 0x4, 0xf0,
    0x0, 0x0, 0x23, 0x80, 0x0, 0x1, 0xe, 0x8,
    0x0, 0xc, 0x78, 0x20, 0x0, 0x61, 0xe1, 0x80,
    0x1, 0x7, 0xfc, 0x0, 0x8, 0x1c, 0x10, 0x0,
    0x7f, 0xf0, 0x40, 0x3, 0x3, 0x80, 0x0, 0x8,
    0xe, 0x0, 0x0, 0x40, 0x78, 0x1, 0x2, 0x1,
    0xe0, 0xc, 0x18, 0x7, 0x0, 0x20, 0xc0, 0x1c,
    0x1, 0x83, 0x0, 0xf0, 0x1c, 0x3f, 0xf, 0xff,
    0xf0,

    /* U+01FD "ǽ" */
    0x0, 0x0, 0xc0, 0x0, 0x38, 0x0, 0xe, 0x0,
    0x3, 0x0, 0x0, 0xc0, 0x0, 0x20, 0x0, 0x0,
    0x0, 0x1e, 0xce, 0x6, 0x3a, 0x61, 0x87, 0x8c,
    0x60, 0xe1, 0x98, 0x18, 0x67, 0x7, 0x18, 0xc0,
    0xec, 0x38, 0x1e, 0x7, 0x7, 0x0, 0xc0, 0xe0,
    0x18, 0x3c, 0x3, 0xb, 0x82, 0x72, 0x38, 0x87,
    0x83, 0xe0,

    /* U+01FE "Ǿ" */
    0x0, 0x0, 0x0, 0x0, 0x7, 0x0, 0x0, 0x78,
    0x0, 0x7, 0x0, 0x0, 0x60, 0x0, 0x6, 0x0,
    0x0, 0x0, 0x80, 0x0, 0xc, 0x0, 0x3f, 0x40,
    0x7, 0xe, 0x0, 0x60, 0x78, 0xe, 0x2, 0xe0,
    0xe0, 0x27, 0xf, 0x3, 0x38, 0x70, 0x11, 0xe7,
    0x81, 0xf, 0x78, 0x18, 0x7b, 0xc0, 0x83, 0x9c,
    0x8, 0x1d, 0xe0, 0xc1, 0xef, 0xc, 0xf, 0x78,
    0x40, 0xf3, 0xc6, 0x7, 0x1e, 0x60, 0x78, 0x72,
    0x3, 0x83, 0xb0, 0x38, 0x1f, 0x3, 0x80, 0x70,
    0x38, 0x1, 0xff, 0x0, 0x18, 0x80, 0x0, 0x80,
    0x0, 0x8, 0x0, 0x0,

    /* U+01FF "ǿ" */
    0x0, 0x0, 0x0, 0x30, 0x1, 0xc0, 0xc, 0x0,
    0x60, 0x2, 0x0, 0x0, 0x0, 0x4, 0x0, 0x10,
    0x0, 0xc0, 0x2, 0x0, 0x78, 0x6, 0x78, 0x71,
    0x73, 0x89, 0xcc, 0x27, 0x71, 0x1f, 0x84, 0x7e,
    0x23, 0xb9, 0x8e, 0xe4, 0x33, 0x31, 0x8e, 0x8c,
    0x1c, 0x60, 0x3e, 0x0, 0x40, 0x2, 0x0, 0x8,
    0x0, 0x40, 0x0,

    /* U+0200 "Ȁ" */
    0x0, 0xc7, 0x0, 0xe, 0x70, 0x0, 0xe3, 0x0,
    0x7, 0x38, 0x0, 0x19, 0x80, 0x0, 0x88, 0x0,
    0x4, 0x0, 0x0, 0x40, 0x0, 0xe, 0x0, 0x1,
    0xe0, 0x0, 0x1e, 0x0, 0x3, 0xe0, 0x0, 0x2e,
    0x0, 0x4, 0x60, 0x0, 0xc7, 0x0, 0x8, 0x70,
    0x1, 0x87, 0x0, 0x10, 0x70, 0x3, 0x7, 0x0,
    0x7f, 0xf8, 0x4, 0x3, 0x80, 0xc0, 0x38, 0x8,
    0x3, 0x81, 0x80, 0x38, 0x30, 0x3, 0x83, 0x0,
    0x3c, 0xfc, 0xf, 0xf0,

    /* U+0201 "ȁ" */
    0xc, 0x30, 0x39, 0xc0, 0x73, 0x80, 0xc6, 0x1,
    0x88, 0x0, 0x0, 0x0, 0x0, 0xf3, 0x6, 0x3c,
    0x70, 0x63, 0x81, 0x8c, 0x6, 0x70, 0x33, 0x80,
    0xce, 0x3, 0x38, 0x1c, 0xc0, 0x63, 0x3, 0x8c,
    0x16, 0x78, 0x9a, 0x7c, 0x70,

    /* U+0202 "Ȃ" */
    0x0, 0xf, 0x80, 0x1, 0xf8, 0x0, 0x30, 0xc0,
    0x6, 0xc, 0x0, 0x40, 0x40, 0x0, 0x0, 0x0,
    0x4, 0x0, 0x0, 0x40, 0x0, 0xe, 0x0, 0x1,
    0xe0, 0x0, 0x1e, 0x0, 0x3, 0xe0, 0x0, 0x2e,
    0x0, 0x4, 0x60, 0x0, 0xc7, 0x0, 0x8, 0x70,
    0x1, 0x87, 0x0, 0x10, 0x70, 0x3, 0x7, 0x0,
    0x7f, 0xf8, 0x4, 0x3, 0x80, 0xc0, 0x38, 0x8,
    0x3, 0x81, 0x80, 0x38, 0x30, 0x3, 0x83, 0x0,
    0x3c, 0xfc, 0xf, 0xf0,

    /* U+0203 "ȃ" */
    0x0, 0xf0, 0xf, 0xe0, 0x61, 0x81, 0x2, 0xc,
    0x8, 0x20, 0x20, 0x0, 0x0, 0xf3, 0x6, 0x3c,
    0x70, 0x63, 0x81, 0x8c, 0x6, 0x70, 0x33, 0x80,
    0xce, 0x3, 0x38, 0x1c, 0xc0, 0x63, 0x3, 0x8c,
    0x16, 0x78, 0x9a, 0x7c, 0x70,

    /* U+0204 "Ȅ" */
    0x0, 0xc3, 0x0, 0xe, 0x70, 0x0, 0xe3, 0x0,
    0x3, 0x18, 0x0, 0x19, 0x80, 0x0, 0x88, 0xf,
    0xff, 0xf0, 0x1c, 0x7, 0x1, 0xc0, 0x10, 0x1c,
    0x1, 0x3, 0xc0, 0x20, 0x38, 0x0, 0x3, 0x80,
    0x0, 0x38, 0x20, 0x7, 0x82, 0x0, 0x70, 0x60,
    0x7, 0xfe, 0x0, 0xf0, 0x40, 0xe, 0x4, 0x0,
    0xe0, 0x40, 0xe, 0x0, 0x1, 0xe0, 0x0, 0x1c,
    0x0, 0x41, 0xc0, 0xc, 0x3c, 0x1, 0x83, 0xc0,
    0x78, 0xff, 0xff, 0x0,

    /* U+0205 "ȅ" */
    0xc, 0x60, 0xe3, 0x83, 0x9c, 0xe, 0x60, 0x31,
    0x0, 0x0, 0x0, 0x0, 0x3c, 0x6, 0x30, 0x61,
    0x8e, 0xc, 0x70, 0xc7, 0xc, 0x79, 0xc3, 0xb0,
    0x1e, 0x0, 0xe0, 0x7, 0x0, 0x38, 0x10, 0xe1,
    0x3, 0xf0, 0x0,

    /* U+0206 "Ȇ" */
    0x0, 0x7, 0x80, 0x1, 0xfc, 0x0, 0x30, 0xc0,
    0x2, 0x4, 0x0, 0x40, 0x40, 0x0, 0x0, 0xf,
    0xff, 0xf0, 0x1c, 0x7, 0x1, 0xc0, 0x10, 0x1c,
    0x1, 0x3, 0xc0, 0x20, 0x38, 0x0, 0x3, 0x80,
    0x0, 0x38, 0x20, 0x7, 0x82, 0x0, 0x70, 0x60,
    0x7, 0xfe, 0x0, 0xf0, 0x40, 0xe, 0x4, 0x0,
    0xe0, 0x40, 0xe, 0x0, 0x1, 0xe0, 0x0, 0x1c,
    0x0, 0x41, 0xc0, 0xc, 0x3c, 0x1, 0x83, 0xc0,
    0x78, 0xff, 0xff, 0x0,

    /* U+0207 "ȇ" */
    0x0, 0xf0, 0x7, 0xe0, 0x31, 0xc1, 0x83, 0x4,
    0xc, 0x20, 0x10, 0x0, 0x0, 0x78, 0x6, 0x30,
    0x30, 0xc3, 0x83, 0xe, 0x18, 0x70, 0xc3, 0xce,
    0xe, 0xc0, 0x3c, 0x0, 0xe0, 0x3, 0x80, 0xe,
    0x4, 0x1c, 0x20, 0x3f, 0x0,

    /* U+0208 "Ȉ" */
    0xc, 0x60, 0xe3, 0x3, 0x9c, 0xc, 0x60, 0x31,
    0x0, 0xcc, 0x1f, 0xe0, 0x38, 0x1, 0xc0, 0xe,
    0x0, 0xe0, 0x7, 0x0, 0x38, 0x1, 0xc0, 0x1c,
    0x0, 0xe0, 0x7, 0x0, 0x78, 0x3, 0x80, 0x1c,
    0x0, 0xe0, 0xe, 0x0, 0x70, 0x3, 0x80, 0x3c,
    0x1, 0xe0, 0x3f, 0xc0,

    /* U+0209 "ȉ" */
    0x63, 0x38, 0xe7, 0x38, 0xe6, 0x18, 0x80, 0x0,
    0x0, 0x38, 0x1e, 0x3, 0x80, 0xc0, 0x70, 0x1c,
    0x6, 0x1, 0x80, 0xe0, 0x38, 0xc, 0x43, 0x20,
    0xd0, 0x38, 0x0,

    /* U+020A "Ȋ" */
    0x0, 0xf0, 0xf, 0xe0, 0x70, 0x81, 0x3, 0xc,
    0x8, 0x0, 0x0, 0x7f, 0x80, 0x70, 0x1, 0xc0,
    0x7, 0x0, 0x38, 0x0, 0xe0, 0x3, 0x80, 0xe,
    0x0, 0x70, 0x1, 0xc0, 0x7, 0x0, 0x3c, 0x0,
    0xe0, 0x3, 0x80, 0xe, 0x0, 0x70, 0x1, 0xc0,
    0x7, 0x0, 0x3c, 0x0, 0xf0, 0xf, 0xf0, 0x0,

    /* U+020B "ȋ" */
    0xf, 0x1f, 0xd8, 0x68, 0x18, 0x8, 0x0, 0x1,
    0xf0, 0x38, 0x18, 0xc, 0xe, 0x7, 0x3, 0x1,
    0x81, 0xc0, 0xe0, 0x64, 0x32, 0x1e, 0xe, 0x0,

    /* U+020C "Ȍ" */
    0x0, 0xc6, 0x0, 0x7, 0x38, 0x0, 0x38, 0xc0,
    0x0, 0xe6, 0x0, 0x3, 0x18, 0x0, 0x4, 0x40,
    0x0, 0x7c, 0x0, 0x1c, 0x38, 0x1, 0x80, 0xe0,
    0x38, 0x3, 0x83, 0x80, 0x1c, 0x3c, 0x0, 0xe1,
    0xc0, 0x7, 0x9e, 0x0, 0x3d, 0xe0, 0x1, 0xef,
    0x0, 0xe, 0x70, 0x0, 0x77, 0x80, 0x7, 0xbc,
    0x0, 0x39, 0xe0, 0x3, 0xcf, 0x0, 0x1c, 0x78,
    0x1, 0xe1, 0xc0, 0xe, 0xe, 0x0, 0xe0, 0x70,
    0xe, 0x1, 0xc0, 0xe0, 0x7, 0xfc, 0x0, 0x2,
    0x0, 0x0,

    /* U+020D "ȍ" */
    0xc, 0x30, 0x39, 0xc0, 0x73, 0x0, 0xc6, 0x1,
    0x98, 0x0, 0x0, 0x0, 0x0, 0x7c, 0x6, 0x38,
    0x70, 0x73, 0x81, 0xdc, 0x7, 0x70, 0x1f, 0x80,
    0x7e, 0x3, 0xb8, 0xe, 0xe0, 0x33, 0x1, 0x8e,
    0xc, 0x18, 0x60, 0x3e, 0x0,

    /* U+020E "Ȏ" */
    0x0, 0x7, 0x80, 0x0, 0xfe, 0x0, 0xc, 0x30,
    0x0, 0x40, 0x80, 0x4, 0x4, 0x0, 0x0, 0x0,
    0x0, 0x7c, 0x0, 0x1c, 0x38, 0x1, 0x80, 0xe0,
    0x38, 0x3, 0x83, 0x80, 0x1c, 0x3c, 0x0, 0xe1,
    0xc0, 0x7, 0x9e, 0x0, 0x3d, 0xe0, 0x1, 0xef,
    0x0, 0xe, 0x70, 0x0, 0x77, 0x80, 0x7, 0xbc,
    0x0, 0x39, 0xe0, 0x3, 0xcf, 0x0, 0x1c, 0x78,
    0x1, 0xe1, 0xc0, 0xe, 0xe, 0x0, 0xe0, 0x70,
    0xe, 0x1, 0xc0, 0xe0, 0x7, 0xfc, 0x0, 0x2,
    0x0, 0x0,

    /* U+020F "ȏ" */
    0x0, 0x78, 0x7, 0xf0, 0x30, 0xc0, 0x81, 0x4,
    0x4, 0x10, 0x10, 0x0, 0x0, 0x7c, 0x6, 0x38,
    0x70, 0x73, 0x81, 0xdc, 0x7, 0x70, 0x1f, 0x80,
    0x7e, 0x3, 0xb8, 0xe, 0xe0, 0x33, 0x1, 0x8e,
    0xc, 0x18, 0x60, 0x3e, 0x0,

    /* U+0210 "Ȑ" */
    0x1, 0x86, 0x0, 0x39, 0xc0, 0x7, 0x18, 0x0,
    0x31, 0x80, 0x3, 0x30, 0x0, 0x22, 0x3, 0xff,
    0xc0, 0xe, 0x1e, 0x1, 0xc1, 0xe0, 0x38, 0x1c,
    0xf, 0x3, 0x81, 0xc0, 0x70, 0x38, 0x1e, 0xf,
    0x3, 0x81, 0xc0, 0xe0, 0x3f, 0xf0, 0x7, 0x38,
    0x1, 0xe7, 0x0, 0x38, 0x70, 0x7, 0xe, 0x1,
    0xe1, 0xe0, 0x38, 0x1c, 0x7, 0x3, 0x80, 0xe0,
    0x38, 0x3c, 0x7, 0x7, 0x80, 0xf3, 0xfc, 0xf,
    0x80,

    /* U+0211 "ȑ" */
    0x30, 0xc7, 0x38, 0x73, 0x6, 0x30, 0x66, 0x0,
    0x0, 0x1, 0xc7, 0x59, 0xe3, 0x4c, 0xf0, 0x1a,
    0x3, 0x80, 0x70, 0x1c, 0x3, 0x80, 0x60, 0xc,
    0x3, 0x80, 0x60, 0xc, 0x0,

    /* U+0212 "Ȓ" */
    0x0, 0xf, 0x0, 0x7, 0xf0, 0x1, 0x82, 0x0,
    0x20, 0x40, 0x8, 0x8, 0x0, 0x0, 0x3, 0xff,
    0xc0, 0xe, 0x1e, 0x1, 0xc1, 0xe0, 0x38, 0x1c,
    0xf, 0x3, 0x81, 0xc0, 0x70, 0x38, 0x1e, 0xf,
    0x3, 0x81, 0xc0, 0xe0, 0x3f, 0xf0, 0x7, 0x38,
    0x1, 0xe7, 0x0, 0x38, 0x70, 0x7, 0xe, 0x1,
    0xe1, 0xe0, 0x38, 0x1c, 0x7, 0x3, 0x80, 0xe0,
    0x38, 0x3c, 0x7, 0x7, 0x80, 0xf3, 0xfc, 0xf,
    0x80,

    /* U+0213 "ȓ" */
    0x1, 0xe0, 0x7f, 0xc, 0x30, 0x81, 0x10, 0x11,
    0x1, 0x0, 0x3, 0x8e, 0x59, 0xe1, 0xa6, 0x3c,
    0x3, 0x40, 0x38, 0x3, 0x80, 0x70, 0x7, 0x0,
    0x60, 0x6, 0x0, 0xe0, 0xc, 0x0, 0xc0, 0x0,

    /* U+0214 "Ȕ" */
    0x3, 0x8c, 0x0, 0x1c, 0x60, 0x0, 0x73, 0x80,
    0x1, 0x8c, 0x0, 0x6, 0x20, 0x0, 0x11, 0x83,
    0xfe, 0xf, 0xe3, 0xc0, 0xc, 0x1c, 0x0, 0x40,
    0xe0, 0x6, 0xf, 0x0, 0x30, 0x70, 0x1, 0x3,
    0x80, 0x8, 0x3c, 0x0, 0xc1, 0xc0, 0x6, 0xe,
    0x0, 0x20, 0x70, 0x1, 0x7, 0x80, 0x18, 0x38,
    0x0, 0x81, 0xc0, 0x4, 0xe, 0x0, 0x20, 0x70,
    0x2, 0x3, 0x80, 0x10, 0x1c, 0x1, 0x80, 0xe0,
    0x18, 0x3, 0x81, 0x80, 0xf, 0xf8, 0x0, 0x4,
    0x0, 0x0,

    /* U+0215 "ȕ" */
    0xc, 0x30, 0x39, 0xc0, 0x73, 0x0, 0xc6, 0x1,
    0x88, 0x0, 0x0, 0x0, 0x1e, 0x6, 0x38, 0x18,
    0xe0, 0xe3, 0x83, 0x8c, 0x1c, 0x30, 0x71, 0xc1,
    0xc7, 0xf, 0x18, 0x58, 0x62, 0xe3, 0x8b, 0x8e,
    0x4e, 0xb2, 0x34, 0xf0, 0xe0,

    /* U+0216 "Ȗ" */
    0x0, 0x3c, 0x0, 0x7, 0xf0, 0x0, 0x30, 0xc0,
    0x2, 0x6, 0x0, 0x10, 0x10, 0x0, 0x0, 0x3,
    0xfe, 0xf, 0xe3, 0xc0, 0xc, 0x1c, 0x0, 0x40,
    0xe0, 0x6, 0xf, 0x0, 0x30, 0x70, 0x1, 0x3,
    0x80, 0x8, 0x3c, 0x0, 0xc1, 0xc0, 0x6, 0xe,
    0x0, 0x20, 0x70, 0x1, 0x7, 0x80, 0x18, 0x38,
    0x0, 0x81, 0xc0, 0x4, 0xe, 0x0, 0x20, 0x70,
    0x2, 0x3, 0x80, 0x10, 0x1c, 0x1, 0x80, 0xe0,
    0x18, 0x3, 0x81, 0x80, 0xf, 0xf8, 0x0, 0x4,
    0x0, 0x0,

    /* U+0217 "ȗ" */
    0x0, 0xf0, 0xf, 0xe0, 0x61, 0x81, 0x2, 0x8,
    0x8, 0x0, 0x0, 0x0, 0x1e, 0x6, 0x38, 0x18,
    0xe0, 0xe3, 0x83, 0x8c, 0x1c, 0x30, 0x71, 0xc1,
    0xc7, 0xf, 0x18, 0x58, 0x62, 0xe3, 0x8b, 0x8e,
    0x4e, 0xb2, 0x34, 0xf0, 0xe0,

    /* U+0218 "Ș" */
    0x1, 0xff, 0x7, 0xe, 0xe, 0x6, 0xe, 0x6,
    0xc, 0x2, 0xe, 0x2, 0xe, 0x0, 0xf, 0x0,
    0x7, 0x80, 0x3, 0xc0, 0x1, 0xe0, 0x0, 0xf0,
    0x0, 0x78, 0x0, 0x78, 0x40, 0x38, 0x40, 0x38,
    0x40, 0x38, 0x40, 0x38, 0xe0, 0x30, 0xf0, 0x70,
    0xff, 0xc0, 0x82, 0x0, 0x0, 0x0, 0x6, 0x0,
    0xf, 0x0, 0x7, 0x0, 0x3, 0x0, 0x2, 0x0,
    0x4, 0x0, 0x8, 0x0,

    /* U+0219 "ș" */
    0x7, 0xe3, 0x8c, 0x60, 0x8e, 0x11, 0xc0, 0x1c,
    0x3, 0xc0, 0x38, 0x3, 0x80, 0x32, 0x6, 0x60,
    0xce, 0x31, 0xfc, 0x0, 0x0, 0x0, 0x18, 0x7,
    0x0, 0xf0, 0xc, 0x1, 0x80, 0x20, 0x8, 0x0,

    /* U+021A "Ț" */
    0x7f, 0xff, 0xdc, 0x38, 0x74, 0xe, 0xe, 0x7,
    0x82, 0x81, 0xc0, 0x80, 0x70, 0x0, 0x1c, 0x0,
    0xf, 0x0, 0x3, 0x80, 0x0, 0xe0, 0x0, 0x38,
    0x0, 0x1e, 0x0, 0x7, 0x0, 0x1, 0xc0, 0x0,
    0xf0, 0x0, 0x38, 0x0, 0xe, 0x0, 0x3, 0x80,
    0x1, 0xe0, 0x0, 0x78, 0x0, 0xff, 0x80, 0x0,
    0x0, 0x0, 0x0, 0x0, 0xc0, 0x0, 0x78, 0x0,
    0xe, 0x0, 0x1, 0x80, 0x0, 0x40, 0x0, 0x20,
    0x0, 0x10, 0x0, 0x0,

    /* U+021B "ț" */
    0x0, 0x0, 0x40, 0x30, 0x1c, 0x1f, 0xc1, 0x80,
    0xe0, 0x38, 0xc, 0x3, 0x1, 0xc0, 0x70, 0x18,
    0x6, 0x3, 0x90, 0xe8, 0x3c, 0xe, 0x0, 0x0,
    0x0, 0x30, 0x1e, 0x3, 0x80, 0xc0, 0x30, 0x8,
    0x4, 0x0,

    /* U+021C "Ȝ" */
    0x17, 0xe0, 0xe3, 0xc4, 0xe, 0x20, 0x72, 0x3,
    0x80, 0x1c, 0x1, 0xc0, 0xe, 0x0, 0xe0, 0xc,
    0x0, 0xf8, 0x19, 0xe3, 0xf, 0x0, 0x78, 0x3,
    0xc0, 0x1c, 0x1, 0xc0, 0x1c, 0x1, 0xc0, 0x38,
    0xe, 0x0, 0x0,

    /* U+021D "ȝ" */
    0x17, 0xe0, 0xc3, 0x8c, 0x1e, 0x0, 0xf0, 0x7,
    0x0, 0x38, 0x3, 0x80, 0x38, 0x3, 0xe0, 0x73,
    0x8e, 0x1c, 0x0, 0xe0, 0x7, 0x0, 0x38, 0x1,
    0x80, 0x1c, 0x1, 0x80, 0x38, 0x7, 0x1, 0xc0,
    0x0,

    /* U+021E "Ȟ" */
    0x0, 0x18, 0x18, 0x0, 0x6, 0x18, 0x0, 0x3,
    0x98, 0x0, 0x0, 0xf8, 0x0, 0x0, 0x78, 0x0,
    0x0, 0x18, 0x0, 0x0, 0x0, 0x0, 0x1f, 0xf0,
    0xff, 0x1, 0xe0, 0x1e, 0x0, 0xe0, 0xe, 0x0,
    0x70, 0x7, 0x0, 0x78, 0x3, 0x80, 0x38, 0x3,
    0xc0, 0x1c, 0x1, 0xc0, 0xe, 0x0, 0xe0, 0xe,
    0x0, 0xf0, 0x7, 0xff, 0xf0, 0x3, 0x80, 0x38,
    0x3, 0x80, 0x1c, 0x1, 0xc0, 0x1e, 0x0, 0xe0,
    0xe, 0x0, 0x70, 0x7, 0x0, 0x70, 0x7, 0x80,
    0x38, 0x3, 0x80, 0x1c, 0x1, 0xc0, 0x1e, 0x0,
    0xe0, 0xf, 0x0, 0xf0, 0x1f, 0xe1, 0xfe, 0x0,

    /* U+021F "ȟ" */
    0x0, 0x80, 0x80, 0x30, 0xc0, 0x6, 0x60, 0x1,
    0xf0, 0x0, 0x38, 0x0, 0x6, 0x0, 0x30, 0x0,
    0x78, 0x0, 0x6, 0x0, 0x3, 0x80, 0x0, 0xe0,
    0x0, 0x30, 0x0, 0xc, 0x0, 0x7, 0x0, 0x1,
    0x87, 0x80, 0x62, 0x60, 0x19, 0x18, 0xe, 0x8e,
    0x3, 0x43, 0x80, 0xe0, 0xe0, 0x38, 0x30, 0x1c,
    0x1c, 0x7, 0x7, 0x1, 0x81, 0x80, 0x60, 0x60,
    0x38, 0x39, 0xc, 0xe, 0x83, 0x1, 0xc0,

    /* U+0220 "Ƞ" */
    0x0, 0x20, 0x0, 0x3e, 0xf, 0x80, 0x71, 0xfe,
    0x3, 0xb8, 0xf0, 0x3e, 0x3, 0x81, 0xe0, 0x1c,
    0xe, 0x0, 0xe0, 0x70, 0x7, 0x7, 0x0, 0x38,
    0x38, 0x3, 0xc1, 0xc0, 0x1c, 0x1e, 0x0, 0xe0,
    0xe0, 0x7, 0x7, 0x0, 0x78, 0x38, 0x3, 0x83,
    0xc0, 0x1c, 0x1c, 0x0, 0xe0, 0xe0, 0xe, 0x7,
    0x0, 0x70, 0x70, 0x3, 0x83, 0x80, 0x3c, 0x7f,
    0x81, 0xc0, 0x0, 0xe, 0x0, 0x0, 0x70, 0x0,
    0x7, 0x0, 0x0, 0x38, 0x0, 0x1, 0xc0, 0x0,
    0x1e, 0x0, 0x3, 0xfc, 0x0,

    /* U+0221 "ȡ" */
    0x0, 0x7, 0x0, 0x1f, 0x0, 0x7, 0x0, 0x6,
    0x0, 0x6, 0x0, 0xe, 0x0, 0xe, 0x3, 0xee,
    0xe, 0x3c, 0x1c, 0x1c, 0x38, 0x1c, 0x30, 0x1c,
    0x70, 0x1c, 0x60, 0x18, 0xe0, 0x18, 0xe0, 0x38,
    0xe0, 0x38, 0xe0, 0x30, 0xe0, 0x30, 0x70, 0x70,
    0x78, 0xf0, 0x3f, 0x78, 0x0, 0x7e, 0x3, 0xe1,
    0xc, 0xe1, 0x30, 0xe1, 0x0, 0xe2, 0x0, 0x66,
    0x0, 0x78,

    /* U+0222 "Ȣ" */
    0x3, 0xe7, 0xc3, 0xc0, 0x71, 0xe0, 0xc, 0x70,
    0x3, 0x1c, 0x0, 0xc7, 0x80, 0x20, 0xe0, 0x30,
    0x3e, 0x10, 0x7, 0xf8, 0x0, 0x7c, 0x0, 0x67,
    0x80, 0x60, 0xf0, 0x30, 0x1c, 0x1c, 0x7, 0x6,
    0x0, 0xc3, 0x80, 0x30, 0xe0, 0x1c, 0x38, 0x7,
    0x6, 0x1, 0x81, 0xc0, 0xc0, 0x3f, 0xc0, 0x1,
    0x0, 0x0,

    /* U+0223 "ȣ" */
    0x0, 0x3, 0x0, 0xc1, 0xe0, 0xc0, 0x8c, 0x30,
    0x3, 0x1c, 0x0, 0x87, 0x0, 0x61, 0xc0, 0x30,
    0x38, 0x10, 0xf, 0x18, 0x1, 0xf8, 0x0, 0x1e,
    0x0, 0x1b, 0xc0, 0x18, 0x38, 0xc, 0xe, 0x6,
    0x1, 0x83, 0x80, 0x60, 0xc0, 0x18, 0x30, 0xc,
    0xc, 0x3, 0x3, 0x81, 0x80, 0x70, 0xc0, 0x7,
    0xc0, 0x0,

    /* U+0224 "Ȥ" */
    0xf, 0xff, 0xf0, 0xe0, 0x1e, 0x18, 0x3, 0xc1,
    0x0, 0x38, 0x10, 0x7, 0x80, 0x0, 0xf0, 0x0,
    0x1e, 0x0, 0x1, 0xc0, 0x0, 0x38, 0x0, 0x7,
    0x80, 0x0, 0xf0, 0x0, 0x1e, 0x0, 0x1, 0xc0,
    0x0, 0x3c, 0x0, 0x7, 0x80, 0x0, 0xf0, 0x0,
    0x1e, 0x0, 0x1, 0xc0, 0x0, 0x3c, 0x0, 0x7,
    0x80, 0x0, 0xff, 0xff, 0x0, 0x0, 0x38, 0x0,
    0x1, 0x80, 0x0, 0x18, 0x0, 0x3, 0x0, 0x0,
    0x20, 0x0, 0x4, 0x0, 0x0, 0x80,

    /* U+0225 "ȥ" */
    0x1f, 0xf1, 0xff, 0x10, 0x22, 0x4, 0x0, 0x80,
    0x10, 0x2, 0x0, 0x20, 0x4, 0x0, 0x80, 0x10,
    0x2, 0x0, 0x20, 0x7, 0xfe, 0x0, 0x70, 0x7,
    0x0, 0x60, 0x6, 0x0, 0xc0, 0x18, 0x2, 0x0,

    /* U+0226 "Ȧ" */
    0x0, 0x6, 0x0, 0x0, 0x70, 0x0, 0x6, 0x0,
    0x0, 0x0, 0x0, 0x4, 0x0, 0x0, 0x40, 0x0,
    0xe, 0x0, 0x1, 0xe0, 0x0, 0x1e, 0x0, 0x3,
    0xe0, 0x0, 0x2e, 0x0, 0x4, 0x60, 0x0, 0xc7,
    0x0, 0x8, 0x70, 0x1, 0x87, 0x0, 0x10, 0x70,
    0x3, 0x7, 0x0, 0x7f, 0xf8, 0x4, 0x3, 0x80,
    0xc0, 0x38, 0x8, 0x3, 0x81, 0x80, 0x38, 0x30,
    0x3, 0x83, 0x0, 0x3c, 0xfc, 0xf, 0xf0,

    /* U+0227 "ȧ" */
    0x0, 0xc0, 0x3, 0x80, 0xe, 0x0, 0x0, 0x0,
    0x0, 0xf, 0x30, 0x63, 0xc7, 0x6, 0x38, 0x18,
    0xc0, 0x67, 0x3, 0x38, 0xc, 0xe0, 0x33, 0x81,
    0xcc, 0x6, 0x30, 0x38, 0xc1, 0x67, 0x89, 0xa7,
    0xc7, 0x0,

    /* U+0228 "Ȩ" */
    0xf, 0xff, 0xf0, 0x1c, 0x7, 0x1, 0xc0, 0x30,
    0x3c, 0x2, 0x3, 0x80, 0x20, 0x38, 0x0, 0x3,
    0x80, 0x0, 0x78, 0x20, 0x7, 0x2, 0x0, 0x70,
    0x60, 0xf, 0xfc, 0x0, 0xe0, 0xc0, 0xe, 0x4,
    0x0, 0xe0, 0x80, 0x1e, 0x0, 0x1, 0xc0, 0x0,
    0x1c, 0x0, 0x41, 0xc0, 0x8, 0x38, 0x1, 0x83,
    0xc0, 0x78, 0xff, 0xff, 0x0, 0x20, 0x0, 0x4,
    0x0, 0x0, 0x70, 0x0, 0x3, 0x80, 0x0, 0x18,
    0x0, 0x1, 0x80, 0x1, 0xf0, 0x0,

    /* U+0229 "ȩ" */
    0x0, 0xf0, 0x18, 0xc1, 0x86, 0x38, 0x31, 0xc3,
    0x1c, 0x31, 0xe7, 0xe, 0xc0, 0x78, 0x3, 0x80,
    0x1c, 0x0, 0xe0, 0x43, 0x84, 0xf, 0xc0, 0x20,
    0x2, 0x0, 0x3c, 0x0, 0x70, 0x1, 0x80, 0xc,
    0x7, 0xc0, 0x0,

    /* U+022A "Ȫ" */
    0x0, 0x3f, 0xe0, 0x0, 0x0, 0x0, 0x0, 0x0,
    0x0, 0x61, 0x80, 0x7, 0xe, 0x0, 0x18, 0x60,
    0x0, 0x0, 0x0, 0x3, 0xe0, 0x0, 0xe1, 0xc0,
    0xc, 0x7, 0x1, 0xc0, 0x1c, 0x1c, 0x0, 0xe1,
    0xe0, 0x7, 0xe, 0x0, 0x3c, 0xf0, 0x1, 0xef,
    0x0, 0xf, 0x78, 0x0, 0x73, 0x80, 0x3, 0xbc,
    0x0, 0x3d, 0xe0, 0x1, 0xcf, 0x0, 0x1e, 0x78,
    0x0, 0xe3, 0xc0, 0xf, 0xe, 0x0, 0x70, 0x70,
    0x7, 0x3, 0x80, 0x70, 0xe, 0x7, 0x0, 0x3f,
    0xe0, 0x0, 0x10, 0x0, 0x0,

    /* U+022B "ȫ" */
    0x3, 0xfe, 0x0, 0x0, 0x0, 0x0, 0x0, 0x0,
    0x3, 0xc, 0x7, 0xe, 0x3, 0xc, 0x0, 0x0,
    0x0, 0x0, 0x1, 0xf0, 0x6, 0x38, 0x1c, 0x1c,
    0x38, 0x1c, 0x70, 0x1c, 0x70, 0x1c, 0xe0, 0x1c,
    0xe0, 0x38, 0xe0, 0x38, 0xe0, 0x30, 0xc0, 0x60,
    0xe0, 0xc0, 0x61, 0x80, 0x3e, 0x0,

    /* U+022C "Ȭ" */
    0x0, 0x1f, 0xf0, 0x0, 0x0, 0x0, 0x0, 0x0,
    0x0, 0x3c, 0x60, 0x3, 0xfe, 0x0, 0x23, 0xc0,
    0x0, 0x0, 0x0, 0x3, 0xe0, 0x0, 0xe1, 0xc0,
    0xc, 0x7, 0x1, 0xc0, 0x1c, 0x1c, 0x0, 0xe1,
    0xe0, 0x7, 0xe, 0x0, 0x3c, 0xf0, 0x1, 0xef,
    0x0, 0xf, 0x78, 0x0, 0x73, 0x80, 0x3, 0xbc,
    0x0, 0x3d, 0xe0, 0x1, 0xcf, 0x0, 0x1e, 0x78,
    0x0, 0xe3, 0xc0, 0xf, 0xe, 0x0, 0x70, 0x70,
    0x7, 0x3, 0x80, 0x70, 0xe, 0x7, 0x0, 0x3f,
    0xe0, 0x0, 0x10, 0x0, 0x0,

    /* U+022D "ȭ" */
    0x3, 0xff, 0x0, 0x0, 0x0, 0x0, 0x0, 0x0,
    0x1, 0xe2, 0x6, 0xfc, 0x8, 0x78, 0x0, 0x0,
    0x0, 0x0, 0x1, 0xf0, 0x6, 0x38, 0x1c, 0x1c,
    0x38, 0x1c, 0x70, 0x1c, 0x70, 0x1c, 0xe0, 0x1c,
    0xe0, 0x38, 0xe0, 0x38, 0xe0, 0x30, 0xc0, 0x60,
    0xe0, 0xc0, 0x61, 0x80, 0x3e, 0x0,

    /* U+022E "Ȯ" */
    0x0, 0x6, 0x0, 0x0, 0x70, 0x0, 0x1, 0x80,
    0x0, 0x0, 0x0, 0x0, 0x0, 0x0, 0xf, 0x80,
    0x3, 0x87, 0x0, 0x30, 0x1c, 0x7, 0x0, 0x70,
    0x70, 0x3, 0x87, 0x80, 0x1c, 0x38, 0x0, 0xf3,
    0xc0, 0x7, 0xbc, 0x0, 0x3d, 0xe0, 0x1, 0xce,
    0x0, 0xe, 0xf0, 0x0, 0xf7, 0x80, 0x7, 0x3c,
    0x0, 0x79, 0xe0, 0x3, 0x8f, 0x0, 0x3c, 0x38,
    0x1, 0xc1, 0xc0, 0x1c, 0xe, 0x1, 0xc0, 0x38,
    0x1c, 0x0, 0xff, 0x80, 0x0, 0x40, 0x0,

    /* U+022F "ȯ" */
    0x0, 0x60, 0x3, 0x80, 0x6, 0x0, 0x0, 0x0,
    0x0, 0x7, 0xc0, 0x63, 0x87, 0x7, 0x38, 0x1d,
    0xc0, 0x77, 0x1, 0xf8, 0x7, 0xe0, 0x3b, 0x80,
    0xee, 0x3, 0x30, 0x18, 0xe0, 0xc1, 0x86, 0x3,
    0xe0, 0x0,

    /* U+0230 "Ȱ" */
    0x0, 0x3f, 0xe0, 0x0, 0x0, 0x0, 0x1, 0x80,
    0x0, 0x1c, 0x0, 0x0, 0x60, 0x0, 0x0, 0x0,
    0x0, 0x0, 0x0, 0x3, 0xe0, 0x0, 0xe1, 0xc0,
    0xc, 0x7, 0x1, 0xc0, 0x1c, 0x1c, 0x0, 0xe1,
    0xe0, 0x7, 0xe, 0x0, 0x3c, 0xf0, 0x1, 0xef,
    0x0, 0xf, 0x78, 0x0, 0x73, 0x80, 0x3, 0xbc,
    0x0, 0x3d, 0xe0, 0x1, 0xcf, 0x0, 0x1e, 0x78,
    0x0, 0xe3, 0xc0, 0xf, 0xe, 0x0, 0x70, 0x70,
    0x7, 0x3, 0x80, 0x70, 0xe, 0x7, 0x0, 0x3f,
    0xe0, 0x0, 0x10, 0x0, 0x0,

    /* U+0231 "ȱ" */
    0x3, 0xff, 0x0, 0x0, 0x0, 0x0, 0x0, 0x0,
    0x0, 0x60, 0x0, 0xe0, 0x0, 0x60, 0x0, 0x0,
    0x0, 0x0, 0x1, 0xf0, 0x6, 0x38, 0x1c, 0x1c,
    0x38, 0x1c, 0x70, 0x1c, 0x70, 0x1c, 0xe0, 0x1c,
    0xe0, 0x38, 0xe0, 0x38, 0xe0, 0x30, 0xc0, 0x60,
    0xe0, 0xc0, 0x61, 0x80, 0x3e, 0x0,

    /* U+0232 "Ȳ" */
    0xf, 0xfc, 0x0, 0x0, 0x0, 0x0, 0x0, 0x0,
    0xf, 0xf1, 0xf9, 0xc0, 0x18, 0xe0, 0x18, 0x38,
    0x18, 0x1c, 0x8, 0xe, 0xc, 0x3, 0x8c, 0x1,
    0xcc, 0x0, 0xec, 0x0, 0x74, 0x0, 0x1c, 0x0,
    0xe, 0x0, 0xf, 0x0, 0x7, 0x0, 0x3, 0x80,
    0x1, 0xc0, 0x1, 0xe0, 0x0, 0xe0, 0x0, 0x70,
    0x0, 0x78, 0x0, 0xff, 0x80, 0x0,

    /* U+0233 "ȳ" */
    0x7, 0xfc, 0x0, 0x0, 0x0, 0x0, 0x0, 0x1,
    0xe0, 0xc5, 0xc1, 0xc1, 0x81, 0x83, 0x82, 0x3,
    0x4, 0x6, 0x8, 0xe, 0x20, 0x1c, 0x40, 0x19,
    0x0, 0x32, 0x0, 0x68, 0x0, 0xf0, 0x1, 0xc0,
    0x1, 0x0, 0x2, 0x0, 0x8, 0x0, 0x20, 0x0,
    0x40, 0x19, 0x0, 0x7c, 0x0, 0x70, 0x0,

    /* U+0234 "ȴ" */
    0x0, 0x30, 0x1f, 0x0, 0x60, 0x6, 0x0, 0xe0,
    0xe, 0x0, 0xc0, 0xc, 0x1, 0xc0, 0x1c, 0x1,
    0x80, 0x18, 0x3, 0x80, 0x30, 0x3, 0x0, 0x30,
    0x7, 0x0, 0x60, 0x6, 0x0, 0xe0, 0xe, 0x0,
    0xc4, 0xf, 0xf0, 0xc1, 0x1c, 0x11, 0x81, 0x28,
    0x12, 0xc2, 0x47, 0xc8, 0x0, 0x80, 0x0,

    /* U+0235 "ȵ" */
    0x3e, 0x3c, 0x1c, 0x5c, 0x1d, 0x9c, 0x1d, 0x1c,
    0x1a, 0x1c, 0x1c, 0x18, 0x3c, 0x18, 0x38, 0x38,
    0x38, 0x30, 0x30, 0x30, 0x70, 0x70, 0x70, 0x70,
    0x60, 0x60, 0x60, 0x70, 0x0, 0xfe, 0x3, 0xe2,
    0xc, 0xe1, 0x10, 0xc2, 0x20, 0xc2, 0x0, 0xe4,
    0x0, 0x78,

    /* U+0236 "ȶ" */
    0x0, 0x20, 0x3, 0x0, 0x30, 0x3, 0x80, 0x7f,
    0x80, 0xe0, 0x6, 0x0, 0x30, 0x3, 0x80, 0x1c,
    0x0, 0xe0, 0x6, 0x0, 0x70, 0x3, 0x80, 0x1c,
    0x0, 0xc0, 0x6, 0x0, 0x70, 0x3, 0xfc, 0x1c,
    0x10, 0xc0, 0x86, 0x4, 0x70, 0x24, 0xc6, 0x43,
    0xc2, 0x0, 0x20, 0x0,

    /* U+0237 "ȷ" */
    0x0, 0x30, 0x3f, 0x0, 0x60, 0x6, 0x0, 0xe0,
    0xe, 0x0, 0xc0, 0xc, 0x1, 0xc0, 0x1c, 0x1,
    0x80, 0x18, 0x3, 0x80, 0x38, 0x3, 0x0, 0x30,
    0x7, 0x0, 0x60, 0xe6, 0xc, 0xc0, 0x78, 0x0,

    /* U+0238 "ȸ" */
    0x0, 0x1, 0x0, 0x0, 0x3e, 0x0, 0x0, 0x1c,
    0x0, 0x0, 0x30, 0x0, 0x0, 0xe0, 0x0, 0x1,
    0xc0, 0x0, 0x3, 0x80, 0x1, 0xf7, 0x3c, 0xe,
    0x3d, 0xfc, 0x30, 0x3c, 0x3c, 0xe0, 0x70, 0x39,
    0x80, 0xe0, 0x77, 0x1, 0x80, 0xec, 0x3, 0x1,
    0xf8, 0xe, 0x3, 0xf0, 0x1c, 0x7, 0xe0, 0x38,
    0xd, 0xc0, 0x60, 0x3b, 0x80, 0xc0, 0x67, 0x83,
    0x81, 0x87, 0xf, 0x6, 0x7, 0xe7, 0xf0, 0x0,

    /* U+0239 "ȹ" */
    0x3, 0xe2, 0x78, 0x1c, 0x3b, 0xf8, 0x60, 0x7c,
    0x79, 0xc0, 0xe0, 0x73, 0x1, 0xc0, 0xee, 0x3,
    0x81, 0xd8, 0x6, 0x3, 0xf0, 0x1c, 0x7, 0xe0,
    0x38, 0xf, 0xc0, 0x70, 0x1b, 0x80, 0xc0, 0x77,
    0x3, 0x80, 0xcf, 0xf, 0x3, 0xf, 0xef, 0xc,
    0xf, 0x1d, 0xe0, 0x0, 0x30, 0x0, 0x0, 0x60,
    0x0, 0x1, 0xc0, 0x0, 0x3, 0x80, 0x0, 0x7,
    0x0, 0x0, 0x1e, 0x0, 0x0, 0xff, 0x0, 0x0,

    /* U+023A "Ⱥ" */
    0x0, 0x0, 0x8, 0x0, 0x0, 0x60, 0x0, 0x21,
    0x0, 0x1, 0x88, 0x0, 0xe, 0x60, 0x0, 0x39,
    0x0, 0x1, 0xe8, 0x0, 0x5, 0xe0, 0x0, 0x27,
    0x0, 0x1, 0x9c, 0x0, 0x4, 0x70, 0x0, 0x33,
    0xc0, 0x0, 0x8f, 0x0, 0x6, 0x6e, 0x0, 0x33,
    0x38, 0x0, 0xff, 0xe0, 0x6, 0x43, 0x80, 0x13,
    0xe, 0x0, 0xd8, 0x38, 0x6, 0x40, 0x70, 0x1a,
    0x1, 0xc0, 0xf8, 0x7, 0xf, 0xc0, 0xff, 0x2,
    0x0, 0x0, 0x18, 0x0, 0x0, 0xc0, 0x0, 0x0,

    /* U+023B "Ȼ" */
    0x0, 0x0, 0x30, 0x0, 0x3, 0x0, 0x7, 0xfe,
    0x0, 0xe1, 0xf0, 0x1c, 0x1b, 0x81, 0xc0, 0x8c,
    0x1c, 0x8, 0x41, 0xc0, 0xc2, 0x1e, 0xc, 0x0,
    0xe0, 0x40, 0xf, 0x6, 0x0, 0x78, 0x60, 0x3,
    0x82, 0x0, 0x1c, 0x30, 0x1, 0xe3, 0x0, 0xf,
    0x30, 0x0, 0x79, 0x80, 0x1, 0xd8, 0x0, 0xf,
    0x80, 0x0, 0x78, 0x0, 0x81, 0xc0, 0x8, 0xf,
    0x1, 0x80, 0x5f, 0xf0, 0x6, 0x8, 0x0, 0x60,
    0x0, 0x6, 0x0, 0x0, 0x0,

    /* U+023C "ȼ" */
    0x0, 0x3, 0x0, 0x2, 0x0, 0xfe, 0x3, 0x8c,
    0x7, 0x1c, 0xe, 0x1c, 0x1c, 0x20, 0x1c, 0x40,
    0x38, 0xc0, 0x39, 0x80, 0x3b, 0x0, 0x3e, 0x0,
    0x3c, 0x0, 0x38, 0x10, 0x1c, 0x20, 0x3f, 0xc0,
    0x60, 0x0, 0xc0, 0x0,

    /* U+023D "Ƚ" */
    0xf, 0xf8, 0x0, 0xf8, 0x0, 0x1c, 0x0, 0x7,
    0x0, 0x3, 0xc0, 0x0, 0xe0, 0x0, 0x38, 0x0,
    0x1e, 0x0, 0x7, 0x0, 0xf, 0xfe, 0x0, 0x70,
    0x0, 0x38, 0x0, 0xe, 0x0, 0x3, 0x80, 0x0,
    0xe0, 0x0, 0x70, 0x1, 0x1c, 0x0, 0x47, 0x0,
    0x23, 0xc0, 0x18, 0xf0, 0x1e, 0xff, 0xff, 0x0,

    /* U+023E "Ⱦ" */
    0x0, 0x0, 0xc, 0x0, 0x0, 0x20, 0xff, 0xff,
    0x83, 0x7, 0xe, 0x8, 0x1c, 0x58, 0x40, 0xf2,
    0x41, 0x3, 0x99, 0x0, 0xe, 0xc0, 0x0, 0x3e,
    0x0, 0x1, 0xf0, 0x0, 0x7, 0x80, 0x0, 0x1c,
    0x0, 0x0, 0x70, 0x0, 0x3, 0x80, 0x0, 0xe,
    0x0, 0x0, 0x78, 0x0, 0x3, 0xe0, 0x0, 0xf,
    0x0, 0x0, 0x5c, 0x0, 0x2, 0x70, 0x0, 0x13,
    0xc0, 0x0, 0xdf, 0x0, 0x7, 0xff, 0x0, 0x30,
    0x0, 0x0, 0x80, 0x0, 0x0,

    /* U+023F "ȿ" */
    0x7, 0xa3, 0x8c, 0x61, 0x8e, 0x11, 0xc2, 0x1c,
    0x3, 0xc0, 0x38, 0x3, 0x80, 0x32, 0x6, 0x60,
    0xce, 0x31, 0xfc, 0x4, 0x0, 0x80, 0x20, 0x2,
    0x60, 0x4c, 0x9, 0x80, 0xe0,

    /* U+0240 "ɀ" */
    0xf, 0xfe, 0x10, 0x38, 0x40, 0xe0, 0x83, 0x80,
    0xf, 0x0, 0x1c, 0x0, 0x70, 0x1, 0xc0, 0x7,
    0x0, 0x1c, 0x0, 0x70, 0x1, 0xc0, 0x7, 0x0,
    0x1f, 0x0, 0x1, 0x0, 0x3, 0x0, 0x2, 0x0,
    0x4, 0x60, 0xd, 0xc0, 0x9, 0x0, 0xc, 0x0,

    /* U+0241 "Ɂ" */
    0x1f, 0x83, 0x8c, 0x70, 0x66, 0x6, 0x0, 0x30,
    0x7, 0x0, 0x70, 0x7, 0x0, 0xe0, 0xe, 0x1,
    0xc0, 0x78, 0x3f, 0x3, 0xe0, 0x70, 0x7, 0x0,
    0x60, 0x6, 0x0, 0x60, 0xe, 0x0, 0xe0, 0x0,

    /* U+0242 "ɂ" */
    0x1f, 0x83, 0x8e, 0x70, 0x6e, 0x3, 0x40, 0x30,
    0x7, 0x0, 0x70, 0xe, 0x3, 0xc1, 0xf8, 0x3e,
    0x3, 0x80, 0x38, 0x3, 0x0, 0x30, 0x0,

    /* U+0243 "Ƀ" */
    0xf, 0xff, 0x0, 0x38, 0x78, 0x7, 0x7, 0x1,
    0xe0, 0x70, 0x38, 0xe, 0x7, 0x3, 0xc0, 0xe0,
    0x70, 0x38, 0x1e, 0x7, 0x7, 0x0, 0xff, 0x80,
    0x1c, 0x38, 0x7, 0x3, 0x80, 0xe0, 0x38, 0xff,
    0xc7, 0x7, 0x80, 0xe0, 0xe0, 0x1c, 0x1c, 0x7,
    0x83, 0x80, 0xe0, 0xe0, 0x3c, 0x1e, 0x1e, 0xf,
    0xff, 0x0,

    /* U+0244 "Ʉ" */
    0x3f, 0xe0, 0xfc, 0x1c, 0x0, 0xc0, 0xf0, 0x3,
    0x3, 0x80, 0xc, 0xe, 0x0, 0x20, 0x38, 0x0,
    0x81, 0xe0, 0x6, 0x7, 0x0, 0x10, 0x1c, 0x0,
    0x43, 0xff, 0xff, 0xe3, 0x80, 0xc, 0xe, 0x0,
    0x20, 0x38, 0x0, 0x80, 0xe0, 0x6, 0x7, 0x0,
    0x10, 0x1c, 0x0, 0x40, 0x70, 0x3, 0x1, 0xc0,
    0x8, 0x3, 0x80, 0x40, 0x7, 0x3, 0x0, 0xf,
    0xf0, 0x0, 0x2, 0x0, 0x0,

    /* U+0245 "Ʌ" */
    0x0, 0x0, 0x40, 0x0, 0x18, 0x0, 0x3, 0x0,
    0x0, 0xe0, 0x0, 0x3c, 0x0, 0xb, 0x80, 0x3,
    0x70, 0x0, 0xce, 0x0, 0x31, 0xc0, 0x4, 0x38,
    0x1, 0x7, 0x0, 0x40, 0xe0, 0x18, 0x1c, 0x6,
    0x3, 0x81, 0x80, 0xf0, 0x60, 0x1e, 0x8, 0x3,
    0x82, 0x0, 0x70, 0xc0, 0xe, 0x38, 0x1, 0xef,
    0x81, 0xfe,

    /* U+0246 "Ɇ" */
    0x0, 0x0, 0x60, 0x0, 0x4, 0xf, 0xff, 0xf0,
    0x1c, 0x1f, 0x1, 0xc1, 0x30, 0x3c, 0x32, 0x3,
    0x82, 0x20, 0x38, 0x60, 0x3, 0x8c, 0x0, 0x78,
    0xa0, 0x7, 0x1a, 0x0, 0x71, 0x60, 0xf, 0xfc,
    0x0, 0xe6, 0xc0, 0xe, 0x44, 0x0, 0xec, 0x80,
    0x1f, 0x80, 0x1, 0xd0, 0x0, 0x1f, 0x0, 0x41,
    0xe0, 0x8, 0x3c, 0x1, 0x83, 0xc0, 0x78, 0xff,
    0xff, 0x1, 0x0, 0x0, 0x30, 0x0, 0x6, 0x0,
    0x0,

    /* U+0247 "ɇ" */
    0x0, 0xc, 0x0, 0x20, 0x1, 0x80, 0x3e, 0x1,
    0xbc, 0x1c, 0xb0, 0xe4, 0xc3, 0x36, 0x1c, 0xb0,
    0xe7, 0x83, 0xf0, 0xe, 0x80, 0x3c, 0x0, 0xf0,
    0x3, 0x81, 0xf, 0x8, 0x3f, 0xc0, 0x80, 0x4,
    0x0, 0x0,

    /* U+0248 "Ɉ" */
    0x0, 0xff, 0x0, 0x3c, 0x0, 0x38, 0x0, 0x38,
    0x0, 0x78, 0x0, 0x70, 0x0, 0x70, 0x0, 0x70,
    0x0, 0xf0, 0x7, 0xfc, 0x0, 0xe0, 0x1, 0xe0,
    0x1, 0xc0, 0x1, 0xc0, 0x1, 0xc0, 0x3, 0x80,
    0x3, 0x80, 0xe3, 0x80, 0xe3, 0x0, 0xe7, 0x0,
    0x7e, 0x0, 0x10, 0x0,

    /* U+0249 "ɉ" */
    0x0, 0x30, 0x3, 0x80, 0xc, 0x0, 0x0, 0x0,
    0x0, 0x0, 0x0, 0x0, 0xc, 0x3, 0xe0, 0x7,
    0x0, 0x38, 0x1, 0x80, 0xc, 0xf, 0xfc, 0x7,
    0x0, 0x30, 0x1, 0x80, 0x1c, 0x0, 0xe0, 0x6,
    0x0, 0x30, 0x3, 0x80, 0x18, 0x0, 0xc0, 0xe,
    0x6, 0x60, 0x36, 0x1, 0xe0, 0x0,

    /* U+024A "Ɋ" */
    0x0, 0x3f, 0x8, 0x3, 0x87, 0xe0, 0x38, 0xf,
    0x1, 0xc0, 0x1c, 0xe, 0x0, 0x70, 0x70, 0x3,
    0xc1, 0x80, 0xf, 0xe, 0x0, 0x38, 0x78, 0x0,
    0xe1, 0xc0, 0x3, 0x87, 0x0, 0x1e, 0x3c, 0x0,
    0x78, 0xf0, 0x1, 0xc3, 0xc0, 0x7, 0xf, 0x0,
    0x1c, 0x3c, 0x0, 0xf0, 0xf8, 0x3, 0x83, 0xe0,
    0xe, 0x7, 0xc0, 0xf8, 0x1f, 0xfe, 0xe0, 0x3f,
    0xe7, 0x80, 0x10, 0x1c, 0x0, 0x0, 0x70, 0x0,
    0x1, 0xc0, 0x0, 0x7, 0xc, 0x0, 0x1c, 0x30,
    0x0, 0x38, 0xc0, 0x0, 0x7e,

    /* U+024B "ɋ" */
    0x3, 0xe2, 0xe, 0x1c, 0x18, 0x1c, 0x38, 0x1c,
    0x30, 0x1c, 0x70, 0x1c, 0x60, 0x18, 0xe0, 0x38,
    0xe0, 0x38, 0xe0, 0x38, 0xe0, 0x30, 0xe0, 0x70,
    0xf0, 0xf0, 0x7f, 0x70, 0x3c, 0x70, 0x0, 0x60,
    0x0, 0x60, 0x0, 0xe0, 0x0, 0xe3, 0x0, 0xe7,
    0x0, 0x73, 0x0, 0x3e,

    /* U+024C "Ɍ" */
    0xf, 0xff, 0x0, 0x38, 0x78, 0x7, 0x7, 0x1,
    0xe0, 0x70, 0x38, 0xe, 0x7, 0x1, 0xc1, 0xe0,
    0x78, 0x38, 0xe, 0x7, 0x7, 0x87, 0xff, 0xf8,
    0x38, 0xe0, 0x7, 0x1c, 0x0, 0xe3, 0xc0, 0x3c,
    0x38, 0x7, 0x7, 0x0, 0xe0, 0x70, 0x1c, 0xe,
    0x7, 0x81, 0xe0, 0xe0, 0x1c, 0x3e, 0x3, 0xcf,
    0xf0, 0x7c,

    /* U+024D "ɍ" */
    0x1c, 0x73, 0xcf, 0x1d, 0x31, 0xd0, 0x1a, 0x1,
    0xc0, 0x7f, 0xe3, 0x80, 0x38, 0x3, 0x0, 0x70,
    0x7, 0x0, 0x60, 0x6, 0x0,

    /* U+024E "Ɏ" */
    0x7f, 0xf, 0xcf, 0x0, 0xe1, 0xc0, 0x30, 0x70,
    0x18, 0x1c, 0x4, 0x3, 0x83, 0xf, 0xff, 0xf8,
    0x38, 0xc0, 0x7, 0x60, 0x1, 0xf0, 0x0, 0x78,
    0x0, 0x1e, 0x0, 0x7, 0x0, 0x1, 0xc0, 0x0,
    0xf0, 0x0, 0x38, 0x0, 0xe, 0x0, 0x3, 0x80,
    0x1, 0xe0, 0x0, 0xf8, 0x0, 0xff, 0x80, 0x0,

    /* U+024F "ɏ" */
    0x1c, 0xc, 0x3e, 0xe, 0xe, 0xe, 0x6, 0x4,
    0x7, 0x4, 0x3, 0x4, 0x3f, 0xff, 0x3, 0x88,
    0x3, 0x90, 0x1, 0x90, 0x1, 0xa0, 0x1, 0xa0,
    0x1, 0xc0, 0x1, 0x80, 0x1, 0x80, 0x1, 0x0,
    0x2, 0x0, 0x4, 0x0, 0x4, 0x0, 0xe8, 0x0,
    0xf0, 0x0,

    /* U+0250 "ɐ" */
    0x18, 0x78, 0xfb, 0x3a, 0x68, 0x30, 0xe0, 0x71,
    0xc0, 0xc7, 0x3, 0x8c, 0x7, 0x18, 0xe, 0x30,
    0x38, 0xe0, 0x61, 0x81, 0xc3, 0x7, 0x7, 0x18,
    0x19, 0xe0, 0x0,

    /* U+0251 "ɑ" */
    0x3, 0xc3, 0x7, 0x13, 0x86, 0x5, 0x87, 0x2,
    0xc7, 0x1, 0xc3, 0x80, 0xe3, 0x80, 0x61, 0xc0,
    0x70, 0xe0, 0x30, 0x70, 0x18, 0x38, 0x1c, 0x5c,
    0x1a, 0x67, 0x19, 0xe1, 0xf0, 0x60,

    /* U+0252 "ɒ" */
    0x38, 0x7c, 0x3c, 0x63, 0x13, 0xc0, 0xc1, 0xe0,
    0x60, 0x60, 0x38, 0x60, 0x1c, 0x30, 0xc, 0x38,
    0xe, 0x3c, 0x7, 0x1a, 0x7, 0xd, 0x3, 0xe,
    0x83, 0x86, 0x63, 0x7, 0x1f, 0x0,

    /* U+0253 "ɓ" */
    0x1, 0xe0, 0xc, 0xc0, 0x63, 0x1, 0x80, 0xc,
    0x0, 0x30, 0x1, 0xc0, 0x6, 0x3c, 0x1b, 0x18,
    0xf0, 0x73, 0x41, 0xce, 0x7, 0x30, 0x1d, 0xc0,
    0x76, 0x3, 0x98, 0xe, 0xe0, 0x73, 0x83, 0x8e,
    0x1c, 0x38, 0xe0, 0x3e, 0x0,

    /* U+0254 "ɔ" */
    0x7, 0xc0, 0x43, 0x8c, 0x1c, 0x0, 0x70, 0x3,
    0x80, 0x1c, 0x0, 0xc0, 0xe, 0x0, 0x70, 0x3,
    0x38, 0x31, 0xc3, 0xc, 0x30, 0x3e, 0x0,

    /* U+0255 "ɕ" */
    0x3, 0xe0, 0xe3, 0x18, 0x33, 0x3, 0x70, 0x6,
    0x0, 0xe0, 0xe, 0xe, 0xe1, 0x2e, 0x22, 0xe4,
    0x2e, 0x84, 0x79, 0x83, 0xe0, 0x20, 0x4, 0x0,
    0x80, 0x0,

    /* U+0256 "ɖ" */
    0x0, 0x3, 0x0, 0x1f, 0x0, 0x6, 0x0, 0x6,
    0x0, 0xe, 0x0, 0xe, 0x0, 0xc, 0x0, 0xc,
    0x1, 0xdc, 0x6, 0x3c, 0xc, 0x38, 0x18, 0x38,
    0x30, 0x38, 0x70, 0x38, 0x60, 0x30, 0xe0, 0x30,
    0xe0, 0x70, 0xc0, 0x60, 0xc0, 0xe0, 0xc1, 0xe0,
    0xe2, 0xe0, 0x7c, 0xc0, 0x0, 0xc0, 0x1, 0xc0,
    0x1, 0xc0, 0x1, 0xc0, 0x0, 0xc6, 0x0, 0xce,
    0x0, 0x7c,

    /* U+0257 "ɗ" */
    0x0, 0x0, 0x78, 0x0, 0x6, 0x70, 0x0, 0x19,
    0xc0, 0x0, 0xc0, 0x0, 0x7, 0x0, 0x0, 0x18,
    0x0, 0x0, 0x60, 0x0, 0x7b, 0x80, 0x3, 0x1e,
    0x0, 0x18, 0x70, 0x0, 0xc1, 0xc0, 0x6, 0x7,
    0x0, 0x38, 0x18, 0x0, 0xc0, 0x60, 0x7, 0x3,
    0x80, 0x1c, 0xc, 0x0, 0x60, 0x70, 0x3, 0x81,
    0xc0, 0x7, 0xf, 0x20, 0x1c, 0x5d, 0x0, 0x3e,
    0x78, 0x0,

    /* U+0258 "ɘ" */
    0x7, 0x80, 0xc6, 0x18, 0x71, 0x83, 0x18, 0x31,
    0xc3, 0xe, 0x30, 0x3f, 0x0, 0x70, 0x7, 0x0,
    0xe8, 0xc, 0x43, 0x83, 0xe0,

    /* U+0259 "ə" */
    0x7, 0xc1, 0x8e, 0x20, 0x70, 0x7, 0x0, 0x70,
    0x7, 0x3, 0xf1, 0xce, 0x30, 0xe6, 0x1c, 0xc1,
    0x8c, 0x30, 0xce, 0x7, 0x80,

    /* U+025A "ɚ" */
    0x0, 0x0, 0x30, 0x0, 0x0, 0xc0, 0x0, 0x6,
    0x80, 0x1f, 0x19, 0x0, 0xff, 0x62, 0x42, 0x1f,
    0x89, 0xc8, 0x1e, 0x9, 0x20, 0x1c, 0x1c, 0x0,
    0x78, 0x0, 0x3, 0x70, 0x0, 0xc, 0xe0, 0x0,
    0x31, 0x80, 0x0, 0xc3, 0x0, 0x3, 0xe, 0x0,
    0x8, 0x18, 0x0, 0x20, 0x60, 0x0, 0xe1, 0x80,
    0x0, 0x7c, 0x0, 0x0,

    /* U+025B "ɛ" */
    0x7, 0xe0, 0xe1, 0xce, 0xe, 0x60, 0x3, 0x0,
    0xc, 0x60, 0x1f, 0x7, 0x0, 0x70, 0x7, 0x0,
    0x38, 0x9, 0xc0, 0x47, 0xc, 0x1f, 0x80,

    /* U+025C "ɜ" */
    0x3, 0xf8, 0x1c, 0x70, 0xc1, 0xc0, 0x7, 0x0,
    0x38, 0x39, 0xc0, 0xfc, 0x0, 0x18, 0x0, 0x70,
    0x1, 0xc8, 0x7, 0x20, 0x38, 0x43, 0xc0, 0xfc,
    0x0,

    /* U+025D "ɝ" */
    0x0, 0x0, 0x60, 0x0, 0x3, 0x0, 0x0, 0x14,
    0x0, 0x0, 0x90, 0x3, 0xf4, 0x40, 0x3c, 0x72,
    0x70, 0xc1, 0xc5, 0xc0, 0x7, 0x1c, 0x0, 0x38,
    0x0, 0x39, 0xc0, 0x0, 0xfc, 0x0, 0x0, 0x18,
    0x0, 0x0, 0x70, 0x0, 0x1, 0xc0, 0x8, 0x7,
    0x0, 0x20, 0x38, 0x0, 0x43, 0xc0, 0x0, 0xfc,
    0x0, 0x0,

    /* U+025E "ɞ" */
    0x1, 0xf8, 0x18, 0x71, 0x81, 0xcc, 0x7, 0x20,
    0x39, 0x39, 0xc4, 0xfc, 0x20, 0x18, 0x80, 0x72,
    0x1, 0xc8, 0x7, 0x10, 0x38, 0x23, 0xc0, 0x7c,
    0x0,

    /* U+025F "ɟ" */
    0x0, 0x20, 0x7c, 0x3, 0x80, 0x70, 0xc, 0x1,
    0x80, 0x70, 0xe, 0x1, 0x80, 0x30, 0xe, 0x1,
    0x80, 0x30, 0x7f, 0x81, 0xc0, 0x30, 0x6, 0x1,
    0xc3, 0x30, 0x6c, 0xf, 0x0,

    /* U+0260 "ɠ" */
    0x0, 0x0, 0x78, 0x0, 0x7, 0x70, 0x0, 0x19,
    0xc0, 0x0, 0xc0, 0x0, 0x3, 0x0, 0x0, 0x1c,
    0x0, 0x0, 0x60, 0x0, 0x79, 0x80, 0x3, 0x1e,
    0x0, 0x38, 0x38, 0x0, 0xc0, 0xc0, 0x6, 0x3,
    0x0, 0x38, 0x1c, 0x1, 0xc0, 0x70, 0x7, 0x1,
    0x80, 0x1c, 0xe, 0x0, 0xe0, 0x58, 0x3, 0x82,
    0xe0, 0x6, 0xb, 0x80, 0x1c, 0x4c, 0x0, 0x3e,
    0x30, 0x0, 0x1, 0xc0, 0x0, 0x6, 0x0, 0x0,
    0x18, 0x0, 0x8, 0x60, 0x0, 0x73, 0x0, 0x0,
    0xd8, 0x0, 0x3, 0xc0, 0x0,

    /* U+0261 "ɡ" */
    0x0, 0x73, 0x1, 0x8f, 0x7, 0x6, 0x6, 0x6,
    0xc, 0x6, 0x1c, 0xe, 0x38, 0xc, 0x38, 0xc,
    0x38, 0x1c, 0x30, 0x3c, 0x70, 0x58, 0x30, 0x58,
    0x38, 0xb8, 0x1f, 0x30, 0x0, 0x30, 0x0, 0x70,
    0x0, 0x60, 0x0, 0x60, 0xe0, 0xc0, 0xf1, 0x80,
    0x7e, 0x0,

    /* U+0262 "ɢ" */
    0x3, 0xe4, 0x30, 0x61, 0x80, 0x8c, 0x2, 0x60,
    0x1, 0x80, 0xe, 0x0, 0x30, 0x1f, 0xc0, 0x33,
    0x0, 0xcc, 0x3, 0x18, 0x18, 0x30, 0xe0, 0x7e,
    0x0,

    /* U+0263 "ɣ" */
    0x78, 0xf, 0x9e, 0x3, 0x87, 0x1, 0x81, 0xc1,
    0x80, 0xe1, 0x80, 0x30, 0x80, 0x18, 0x80, 0xe,
    0x80, 0x3, 0x80, 0x1, 0xc0, 0x0, 0xc0, 0x0,
    0xe0, 0x0, 0xd8, 0x0, 0x4c, 0x0, 0x46, 0x0,
    0x63, 0x0, 0x21, 0x80, 0x10, 0xc0, 0x8, 0x40,
    0x6, 0x60, 0x1, 0xe0, 0x0,

    /* U+0264 "ɤ" */
    0x7, 0xfc, 0xf, 0xf3, 0x8, 0xfc, 0x48, 0x8e,
    0x28, 0x47, 0x8, 0x43, 0x80, 0x21, 0xc0, 0x10,
    0xe0, 0x8, 0x60, 0x4, 0x30, 0x2, 0x30, 0x1,
    0x18, 0x0, 0x98, 0x0, 0x38, 0x0,

    /* U+0265 "ɥ" */
    0x1c, 0xc, 0xf8, 0x1a, 0x70, 0x34, 0xe0, 0xe1,
    0x81, 0x87, 0x3, 0xe, 0xe, 0x1c, 0x1c, 0x30,
    0x70, 0xe1, 0x61, 0xc5, 0xc3, 0x13, 0x86, 0x46,
    0x7, 0xc, 0x0, 0x38, 0x0, 0x70, 0x0, 0xc0,
    0x1, 0x80, 0x7, 0x0, 0xe, 0x0, 0x1f, 0x0,
    0x60, 0x0,

    /* U+0266 "ɦ" */
    0x1, 0xe0, 0x1c, 0xc0, 0x63, 0x3, 0x0, 0x1c,
    0x0, 0x70, 0x1, 0x80, 0x6, 0x1e, 0x38, 0x98,
    0xec, 0x63, 0x43, 0x8d, 0xe, 0x38, 0x39, 0xc0,
    0xc7, 0x7, 0x18, 0x1c, 0x60, 0x63, 0x81, 0x9e,
    0xe, 0xb8, 0x3a, 0xc0, 0xf0,

    /* U+0267 "ɧ" */
    0x1, 0xe0, 0x19, 0x81, 0x9c, 0x18, 0x40, 0xc0,
    0xe, 0x0, 0x60, 0x3, 0x3e, 0x3e, 0x39, 0xc1,
    0xcc, 0xe, 0x60, 0x73, 0x3, 0xb8, 0x1d, 0xc0,
    0xcc, 0xe, 0x60, 0x77, 0x3, 0xb8, 0x1d, 0xc0,
    0xcc, 0xe, 0x0, 0x70, 0x3, 0x80, 0x18, 0x1,
    0xc1, 0x8c, 0x1e, 0x40, 0x7c, 0x0,

    /* U+0268 "ɨ" */
    0x6, 0xe, 0x6, 0x0, 0x0, 0x0, 0x0, 0x7c,
    0x1c, 0x18, 0x18, 0x38, 0xff, 0x30, 0x30, 0x70,
    0x70, 0x64, 0x64, 0x78, 0x70,

    /* U+0269 "ɩ" */
    0xf8, 0xe3, 0x8c, 0x71, 0xc6, 0x18, 0xe3, 0x8c,
    0x32, 0xf3, 0x80,

    /* U+026A "ɪ" */
    0xf, 0x3, 0x1, 0x81, 0x80, 0xc0, 0x60, 0x70,
    0x30, 0x18, 0xc, 0xc, 0x6, 0x3, 0x3, 0xc0,

    /* U+026B "ɫ" */
    0x0, 0xc0, 0x7c, 0x1, 0x80, 0x18, 0x3, 0x80,
    0x30, 0x3, 0x0, 0x30, 0x7, 0x11, 0xe2, 0x67,
    0xe4, 0xf8, 0xe, 0x0, 0xc0, 0xc, 0x1, 0xc0,
    0x1c, 0x1, 0x80, 0x18, 0x3, 0x90, 0x3a, 0x3,
    0xc0,

    /* U+026C "ɬ" */
    0x1, 0xf, 0x81, 0xc0, 0xe0, 0x60, 0x30, 0x38,
    0x1c, 0x6c, 0x4e, 0x27, 0xf, 0xf1, 0xc0, 0xc0,
    0x60, 0x70, 0x38, 0x18, 0xc, 0x46, 0x47, 0x41,
    0xc0,

    /* U+026D "ɭ" */
    0x3, 0x1f, 0x6, 0x6, 0xe, 0xe, 0xc, 0xc,
    0x1c, 0x1c, 0x18, 0x18, 0x38, 0x38, 0x30, 0x30,
    0x70, 0x60, 0x60, 0xe0, 0xe0, 0xc0, 0xc0, 0xc0,
    0xc0, 0xc0, 0xc6, 0xce, 0x7c,

    /* U+026E "ɮ" */
    0x3e, 0x0, 0x6, 0x0, 0xe, 0x0, 0xe, 0x0,
    0xc, 0x0, 0xc, 0x0, 0x1c, 0x0, 0x1f, 0xff,
    0x1f, 0xfe, 0x18, 0x4, 0x38, 0x8, 0x38, 0x10,
    0x30, 0x20, 0x30, 0x40, 0x70, 0x80, 0x60, 0xf0,
    0x60, 0xf8, 0xe0, 0x38, 0xe4, 0x1c, 0xc8, 0x1c,
    0xf0, 0x1c, 0x0, 0x1c, 0x0, 0x18, 0x0, 0x18,
    0x0, 0x10, 0x70, 0x20, 0x7c, 0x40, 0x3f, 0x80,

    /* U+026F "ɯ" */
    0x1c, 0xc, 0xd, 0xb0, 0x70, 0x79, 0xc1, 0xc1,
    0xa7, 0x6, 0x6, 0x18, 0x18, 0x38, 0x60, 0xe0,
    0xe3, 0x83, 0x83, 0xe, 0x1c, 0x1c, 0x30, 0xb0,
    0xf0, 0xc3, 0xc5, 0xc7, 0x17, 0x16, 0x1c, 0x98,
    0x98, 0x74, 0x64, 0xe0, 0xe1, 0xe3, 0xc0,

    /* U+0270 "ɰ" */
    0x1c, 0xc, 0xd, 0xb0, 0x30, 0x74, 0xc1, 0xc1,
    0xe7, 0x7, 0x6, 0x1c, 0x18, 0x18, 0x60, 0xe0,
    0xe1, 0x83, 0x83, 0xe, 0xc, 0x1c, 0x38, 0x70,
    0xb0, 0xc2, 0xc5, 0xc7, 0x17, 0x16, 0x1c, 0x9c,
    0x98, 0x74, 0x64, 0xe0, 0xe1, 0xe3, 0x80, 0x0,
    0xc, 0x0, 0x0, 0x30, 0x0, 0x1, 0xc0, 0x0,
    0x7, 0x0, 0x0, 0x1f, 0x0,

    /* U+0271 "ɱ" */
    0x3e, 0x38, 0x38, 0xe6, 0xe6, 0xc7, 0x47, 0x46,
    0x3c, 0x34, 0x31, 0xa1, 0xc3, 0x8e, 0x1e, 0x1c,
    0xe0, 0xe0, 0xc7, 0x7, 0x6, 0x38, 0x30, 0x71,
    0x83, 0x83, 0x9c, 0x1c, 0x18, 0xe0, 0xc0, 0xc6,
    0x6, 0x6, 0x70, 0x70, 0x70, 0x0, 0x3, 0x0,
    0x0, 0x18, 0x0, 0x0, 0xc0, 0x0, 0xc, 0x0,
    0xc, 0x60, 0x0, 0xf6, 0x0, 0x3, 0xc0, 0x0,

    /* U+0272 "ɲ" */
    0x0, 0xf1, 0xe0, 0x6, 0x26, 0x0, 0x68, 0x60,
    0xe, 0x8e, 0x0, 0xd0, 0xe0, 0xe, 0xc, 0x1,
    0xe0, 0xc0, 0x1c, 0x1c, 0x1, 0xc1, 0xc0, 0x38,
    0x18, 0x3, 0x81, 0x90, 0x38, 0x3a, 0x3, 0x3,
    0xc0, 0x70, 0x18, 0x7, 0x0, 0x0, 0x60, 0x0,
    0xe, 0x0, 0xc, 0xe0, 0x0, 0xcc, 0x0, 0xd,
    0x80, 0x0, 0x70, 0x0, 0x0,

    /* U+0273 "ɳ" */
    0x3e, 0x38, 0x1c, 0xdc, 0x1d, 0x1c, 0x1d, 0x1c,
    0x1a, 0x1c, 0x1c, 0x18, 0x3c, 0x18, 0x38, 0x38,
    0x38, 0x38, 0x30, 0x30, 0x70, 0x70, 0x70, 0x70,
    0x60, 0x60, 0x60, 0x60, 0x0, 0xe0, 0x0, 0xe0,
    0x0, 0xc0, 0x0, 0xc0, 0x0, 0x43, 0x0, 0x47,
    0x0, 0x3e,

    /* U+0274 "ɴ" */
    0x1f, 0x7, 0xc0, 0xe0, 0x20, 0x1e, 0x4, 0x3,
    0xe0, 0x80, 0x9c, 0x20, 0x13, 0xc4, 0x2, 0x38,
    0x80, 0x43, 0x90, 0x8, 0x7a, 0x2, 0x7, 0x80,
    0x40, 0xf0, 0x8, 0xe, 0x3, 0x0, 0xc1, 0xf0,
    0x18, 0x0,

    /* U+0275 "ɵ" */
    0x1, 0xf0, 0x18, 0xe1, 0xc1, 0xce, 0x7, 0x30,
    0x1d, 0xc0, 0x7f, 0xff, 0xf8, 0xe, 0xe0, 0x3b,
    0x81, 0xce, 0x6, 0x38, 0x30, 0x71, 0x80, 0xf8,
    0x0,

    /* U+0276 "ɶ" */
    0x3, 0xff, 0xf0, 0xc3, 0x83, 0x18, 0x38, 0x13,
    0x3, 0x0, 0x70, 0x30, 0x46, 0x7, 0x4, 0xe0,
    0x7f, 0xce, 0x7, 0x8, 0xe0, 0x60, 0x8e, 0xe,
    0x0, 0xe0, 0xe0, 0x2e, 0xe, 0x6, 0x71, 0xe0,
    0xc3, 0xff, 0xfc,

    /* U+0277 "ɷ" */
    0x1, 0xfe, 0x0, 0x70, 0x3c, 0x1c, 0x0, 0xe3,
    0x83, 0x6, 0x70, 0x70, 0x77, 0x7, 0x7, 0xe0,
    0x60, 0x7e, 0x6, 0x7, 0xe0, 0x40, 0x6e, 0x4,
    0xe, 0xe0, 0xc0, 0xce, 0x1c, 0x18, 0x63, 0x23,
    0x3, 0xc3, 0xe0,

    /* U+0278 "ɸ" */
    0x0, 0xc, 0x0, 0x1e, 0x0, 0x1, 0x80, 0x0,
    0xe0, 0x0, 0x38, 0x0, 0xc, 0x0, 0x3, 0x0,
    0x1, 0xc0, 0x3, 0xfe, 0x3, 0x18, 0xe3, 0x86,
    0x19, 0xc3, 0x87, 0x60, 0xe1, 0xf8, 0x30, 0x7e,
    0x1c, 0x1f, 0x7, 0x6, 0xc1, 0xc3, 0xb8, 0x60,
    0xce, 0x38, 0x61, 0x8e, 0x30, 0x3b, 0x38, 0x3,
    0xf0, 0x0, 0x70, 0x0, 0x1c, 0x0, 0x6, 0x0,
    0x3, 0x80, 0x0, 0xe0, 0x0, 0xfe, 0x0,

    /* U+0279 "ɹ" */
    0x0, 0x70, 0x6, 0x0, 0x60, 0xe, 0x0, 0xe0,
    0xc, 0x1, 0xc0, 0x1c, 0x3, 0x80, 0x58, 0x5,
    0x8e, 0xb8, 0xf3, 0x8e, 0x3c,

    /* U+027A "ɺ" */
    0x0, 0x1c, 0x0, 0x60, 0x3, 0x80, 0xe, 0x0,
    0x30, 0x0, 0xc0, 0x7, 0x0, 0x1c, 0x0, 0x60,
    0x3, 0x80, 0xe, 0x0, 0x38, 0x1, 0xc0, 0x7,
    0x0, 0x1c, 0x0, 0xf0, 0x3, 0x80, 0x16, 0xe,
    0x98, 0x3c, 0xe0, 0x63, 0xe0,

    /* U+027B "ɻ" */
    0x0, 0x70, 0x3, 0x0, 0x18, 0x1, 0xc0, 0xe,
    0x0, 0xe0, 0x7, 0x0, 0x38, 0x3, 0xc0, 0x2c,
    0x1, 0x61, 0xd7, 0xf, 0x30, 0x71, 0x80, 0xc,
    0x0, 0x60, 0x7, 0x0, 0x18, 0x0, 0xc6, 0x6,
    0x70, 0x1f, 0x0,

    /* U+027C "ɼ" */
    0xe, 0x38, 0xf3, 0xc1, 0xa6, 0x1e, 0x0, 0xd0,
    0x7, 0x0, 0x38, 0x3, 0x80, 0x1c, 0x0, 0xe0,
    0x6, 0x0, 0x70, 0x3, 0x80, 0x18, 0x1, 0xc0,
    0xe, 0x0, 0x70, 0x3, 0x0, 0x38, 0x1, 0xc0,
    0xc, 0x0, 0x0,

    /* U+027D "ɽ" */
    0x1c, 0x73, 0xcf, 0xd, 0x31, 0xe0, 0x1a, 0x1,
    0xc0, 0x1c, 0x3, 0x80, 0x38, 0x3, 0x0, 0x30,
    0x7, 0x0, 0x60, 0x6, 0x0, 0xe0, 0xe, 0x0,
    0xc0, 0xc, 0x0, 0xc6, 0xc, 0xe0, 0x7c, 0x0,

    /* U+027E "ɾ" */
    0x0, 0xf8, 0x6, 0x70, 0x31, 0xc1, 0x80, 0xe,
    0x0, 0x38, 0x0, 0xe0, 0x3, 0x0, 0x1c, 0x0,
    0x70, 0x1, 0xc0, 0x7, 0x0, 0x3c, 0x3, 0xfc,
    0x0,

    /* U+027F "ɿ" */
    0x1e, 0x38, 0x98, 0x60, 0x30, 0x38, 0x1c, 0xe,
    0x6, 0x7, 0x3, 0x81, 0xc0, 0xc0, 0xe0, 0x70,
    0x38, 0x18, 0x1c, 0xe, 0x7, 0x7, 0x8f, 0xf0,

    /* U+0280 "ʀ" */
    0x1f, 0xf0, 0x71, 0xc3, 0x86, 0x1c, 0x30, 0xc1,
    0x8e, 0x38, 0x7f, 0x3, 0x38, 0x39, 0xc1, 0xc6,
    0xe, 0x38, 0x60, 0xc7, 0x7, 0x7e, 0x3c,

    /* U+0281 "ʁ" */
    0x1f, 0xf, 0xe, 0x1c, 0xc, 0x38, 0xc, 0x70,
    0x18, 0xe0, 0x19, 0x80, 0x1f, 0x80, 0x11, 0xc0,
    0x30, 0x60, 0x30, 0x60, 0x30, 0x60, 0x60, 0xe0,
    0x61, 0xc0, 0xff, 0x0,

    /* U+0282 "ʂ" */
    0x7, 0xa0, 0xc6, 0x1c, 0x21, 0xc2, 0x1c, 0x20,
    0xe0, 0x7, 0x0, 0x38, 0x3, 0x84, 0x18, 0x41,
    0xc4, 0x18, 0xe3, 0x8f, 0xe0, 0x80, 0x8, 0x0,
    0x80, 0x8, 0x0, 0x8c, 0x9, 0xc0, 0x78, 0x0,

    /* U+0283 "ʃ" */
    0x0, 0x7, 0x80, 0x3, 0x30, 0x1, 0x9c, 0x0,
    0xc2, 0x0, 0x30, 0x0, 0x1c, 0x0, 0x6, 0x0,
    0x1, 0x80, 0x0, 0xe0, 0x0, 0x38, 0x0, 0xc,
    0x0, 0x3, 0x0, 0x1, 0xc0, 0x0, 0x70, 0x0,
    0x1c, 0x0, 0x6, 0x0, 0x1, 0x80, 0x0, 0xe0,
    0x0, 0x38, 0x0, 0xc, 0x0, 0x3, 0x0, 0x0,
    0xc0, 0x0, 0x60, 0x0, 0x18, 0x0, 0x6, 0x0,
    0x33, 0x0, 0xd, 0x80, 0x3, 0xc0, 0x0,

    /* U+0284 "ʄ" */
    0x0, 0x1, 0xe0, 0x0, 0x67, 0x0, 0xc, 0x70,
    0x1, 0xc0, 0x0, 0x18, 0x0, 0x1, 0x80, 0x0,
    0x38, 0x0, 0x3, 0x80, 0x0, 0x30, 0x0, 0x3,
    0x0, 0x0, 0x70, 0x0, 0x7, 0x0, 0x0, 0x70,
    0x0, 0x6, 0x0, 0x0, 0xe0, 0x0, 0xe, 0x0,
    0x0, 0xe0, 0x0, 0xc, 0x0, 0x0, 0xc0, 0x0,
    0x1c, 0x0, 0x7, 0xfc, 0x0, 0x1c, 0x0, 0x1,
    0x80, 0x0, 0x38, 0x0, 0x3, 0x0, 0xc, 0x30,
    0x0, 0xe6, 0x0, 0xf, 0x80, 0x0,

    /* U+0285 "ʅ" */
    0x3c, 0x1e, 0x63, 0x8c, 0x1, 0x80, 0x30, 0x6,
    0x0, 0xc0, 0x38, 0x7, 0x0, 0xe0, 0x18, 0x7,
    0x0, 0xe0, 0x1c, 0x3, 0x80, 0x60, 0xc, 0x3,
    0x80, 0x30, 0x6, 0x30, 0xce, 0xf, 0x80,

    /* U+0286 "ʆ" */
    0x0, 0x1, 0xf0, 0x0, 0x11, 0xc0, 0x1, 0x8e,
    0x0, 0x18, 0x0, 0x1, 0xc0, 0x0, 0xe, 0x0,
    0x0, 0x70, 0x0, 0x3, 0x0, 0x0, 0x38, 0x0,
    0x1, 0xc0, 0x0, 0xe, 0x0, 0x0, 0x60, 0x0,
    0x7, 0x0, 0x0, 0x38, 0x0, 0x1, 0xc0, 0x0,
    0xe, 0x0, 0x0, 0x60, 0x0, 0x7, 0x0, 0x0,
    0x38, 0x0, 0x1, 0xc0, 0x0, 0x8c, 0x0, 0x1f,
    0xe0, 0x1, 0x7, 0x0, 0x10, 0x38, 0x0, 0x81,
    0x80, 0x4, 0x1c, 0x0, 0x31, 0x90, 0x0, 0xf8,
    0x80, 0x0, 0x4, 0x0, 0x0, 0x20, 0x0,

    /* U+0287 "ʇ" */
    0x0, 0xf, 0x17, 0x26, 0x6, 0xe, 0xe, 0xc,
    0xc, 0x1c, 0x18, 0x18, 0x18, 0xfe, 0x38, 0x30,
    0x60, 0x40,

    /* U+0288 "ʈ" */
    0x0, 0x80, 0x40, 0x70, 0x7f, 0x7, 0x1, 0x80,
    0x60, 0x38, 0xc, 0x3, 0x0, 0xc0, 0x70, 0x18,
    0x6, 0x1, 0x80, 0xe0, 0x30, 0xc, 0x7, 0x1,
    0xc0, 0x64, 0x19, 0xf, 0x81, 0xc0,

    /* U+0289 "ʉ" */
    0x7c, 0x1c, 0x30, 0x30, 0x60, 0xe1, 0xc1, 0xc3,
    0x83, 0x9f, 0xff, 0x8c, 0x2c, 0x38, 0x78, 0x71,
    0x70, 0xc4, 0xc1, 0x89, 0x87, 0x27, 0x6e, 0x8e,
    0x8e, 0xc, 0x0,

    /* U+028A "ʊ" */
    0x3f, 0x3f, 0x41, 0x41, 0x42, 0x40, 0xe, 0x70,
    0x38, 0x1c, 0x70, 0xc, 0x60, 0xe, 0xc0, 0xe,
    0xc0, 0xc, 0xc0, 0xc, 0xc0, 0x1c, 0xe0, 0x18,
    0x60, 0x70, 0x3f, 0xe0, 0x4, 0x0,

    /* U+028B "ʋ" */
    0x38, 0xd, 0xe0, 0x73, 0x80, 0xce, 0x1, 0x30,
    0x4, 0xc0, 0x17, 0x0, 0x9c, 0x2, 0x60, 0x11,
    0x80, 0x4e, 0x2, 0x38, 0x10, 0x60, 0x81, 0xfc,
    0x1, 0x0, 0x0,

    /* U+028C "ʌ" */
    0x0, 0x80, 0xc, 0x0, 0xe0, 0xb, 0x0, 0x98,
    0x8, 0xc0, 0x46, 0x4, 0x30, 0x41, 0xc2, 0xe,
    0x20, 0x71, 0x1, 0x8c, 0xc, 0x70, 0x7d, 0x2,
    0x0,

    /* U+028D "ʍ" */
    0x0, 0x80, 0x80, 0xc, 0x4, 0x0, 0xe0, 0x60,
    0x7, 0x7, 0x0, 0x5c, 0x38, 0x4, 0xe2, 0xc0,
    0x43, 0x17, 0x2, 0x19, 0x38, 0x20, 0xc9, 0xc2,
    0x6, 0x8e, 0x10, 0x38, 0x30, 0x81, 0xc1, 0x8e,
    0xc, 0xc, 0x70, 0x40, 0x7c, 0x0, 0x0, 0x0,

    /* U+028E "ʎ" */
    0x0, 0xe, 0x0, 0x6c, 0x1, 0x0, 0x4, 0x0,
    0x10, 0x0, 0x20, 0x0, 0x80, 0x3, 0x80, 0xb,
    0x0, 0x16, 0x0, 0x4c, 0x0, 0x98, 0x2, 0x38,
    0x4, 0x70, 0x10, 0x60, 0x20, 0xc0, 0x41, 0xc0,
    0x81, 0x83, 0x83, 0x83, 0x7, 0xe0, 0x0, 0x0,

    /* U+028F "ʏ" */
    0xfc, 0x3e, 0xf0, 0x30, 0xe0, 0x41, 0xc1, 0x1,
    0xc4, 0x1, 0x90, 0x3, 0xc0, 0x3, 0x0, 0xe,
    0x0, 0x1c, 0x0, 0x38, 0x0, 0x60, 0x1, 0xc0,
    0xf, 0xe0, 0x0,

    /* U+0290 "ʐ" */
    0x1f, 0xf0, 0x1f, 0xe0, 0x20, 0x40, 0x20, 0x40,
    0x0, 0x80, 0x1, 0x0, 0x2, 0x0, 0x4, 0x0,
    0x4, 0x0, 0x8, 0x0, 0x10, 0x0, 0x20, 0x0,
    0x78, 0x20, 0xfc, 0x20, 0xe, 0x20, 0x3, 0xe0,
    0x0, 0x20, 0x0, 0x20, 0x0, 0x23, 0x0, 0x27,
    0x0, 0x1e,

    /* U+0291 "ʑ" */
    0x1f, 0xf0, 0xff, 0x8, 0x10, 0x40, 0x80, 0x8,
    0x0, 0x80, 0x8, 0x0, 0x80, 0xc, 0x0, 0x41,
    0xc4, 0x12, 0x41, 0x17, 0x11, 0x7d, 0x10, 0x7f,
    0x1, 0x0, 0x8, 0x0, 0x80, 0x0,

    /* U+0292 "ʒ" */
    0x7, 0xfc, 0x1f, 0xe0, 0x81, 0x2, 0x4, 0x0,
    0x20, 0x1, 0x0, 0x8, 0x0, 0x60, 0x1, 0xe0,
    0x3, 0xc0, 0x7, 0x80, 0xe, 0x0, 0x38, 0x0,
    0xe0, 0x3, 0x80, 0xc, 0x0, 0x30, 0x0, 0x86,
    0x4, 0x1e, 0x20, 0x7f, 0x0,

    /* U+0293 "ʓ" */
    0x3f, 0xe3, 0xfc, 0x40, 0x84, 0x8, 0x1, 0x0,
    0x20, 0x4, 0x0, 0xf0, 0xf, 0xc0, 0xe, 0x0,
    0x60, 0x7, 0x3c, 0x66, 0x36, 0x81, 0x68, 0xe,
    0x80, 0xc8, 0x18, 0xc7, 0x47, 0xc4, 0x0, 0x40,
    0x4, 0x0, 0x40,

    /* U+0294 "ʔ" */
    0x1f, 0x83, 0x8c, 0x70, 0x66, 0x6, 0x0, 0x30,
    0x7, 0x0, 0x70, 0x7, 0x0, 0xe0, 0xe, 0x1,
    0xc0, 0x78, 0x3f, 0x3, 0xe0, 0x70, 0x7, 0x0,
    0x60, 0x6, 0x0, 0x60, 0xe, 0x0, 0xe0, 0x0,

    /* U+0295 "ʕ" */
    0x3, 0xe0, 0x61, 0x86, 0xe, 0x60, 0x76, 0x0,
    0x30, 0x3, 0x80, 0x1c, 0x0, 0xe0, 0x7, 0x0,
    0x38, 0x1, 0xe0, 0x7, 0xe0, 0x1f, 0x0, 0x18,
    0x1, 0xc0, 0xc, 0x0, 0x60, 0x3, 0x0, 0x38,
    0x1, 0xc0, 0x0,

    /* U+0296 "ʖ" */
    0x0, 0xc0, 0x3, 0x0, 0x1c, 0x0, 0x70, 0x1,
    0x80, 0x6, 0x0, 0x38, 0x0, 0xf8, 0x3, 0xf0,
    0x1, 0xe0, 0x3, 0x80, 0xf, 0x0, 0x1c, 0x0,
    0x60, 0x1, 0x80, 0xe, 0x0, 0x31, 0x81, 0xcf,
    0x6, 0x1c, 0x60, 0x3f, 0x0,

    /* U+0297 "ʗ" */
    0x0, 0x7c, 0x1, 0x86, 0x3, 0x7, 0x6, 0x7,
    0xc, 0x0, 0xc, 0x0, 0x1c, 0x0, 0x18, 0x0,
    0x18, 0x0, 0x38, 0x0, 0x38, 0x0, 0x30, 0x0,
    0x30, 0x0, 0x70, 0x0, 0x70, 0x0, 0x60, 0x0,
    0x60, 0x0, 0xe0, 0x0, 0xc0, 0x0, 0xc0, 0x0,
    0xc0, 0x0, 0xe0, 0x10, 0xe0, 0x20, 0xf0, 0xc0,
    0x7f, 0x80, 0x3e, 0x0,

    /* U+0298 "ʘ" */
    0x0, 0x1f, 0x0, 0x7, 0xe, 0x0, 0x60, 0x38,
    0xe, 0x0, 0xe0, 0xe0, 0x7, 0xf, 0x0, 0x38,
    0x70, 0x1, 0xe7, 0x80, 0xf, 0x78, 0x0, 0x7b,
    0xc1, 0x83, 0x9c, 0x1e, 0x1d, 0xe0, 0x61, 0xef,
    0x0, 0xe, 0x78, 0x0, 0xf3, 0xc0, 0x7, 0x1e,
    0x0, 0x78, 0x70, 0x3, 0x83, 0x80, 0x38, 0x1c,
    0x3, 0x80, 0x70, 0x38, 0x1, 0xff, 0x0, 0x0,
    0x80, 0x0,

    /* U+0299 "ʙ" */
    0x1f, 0xe0, 0x31, 0x83, 0xe, 0x18, 0x70, 0xc3,
    0x6, 0x30, 0x7e, 0x3, 0x1c, 0x18, 0x61, 0x83,
    0x8c, 0x18, 0x60, 0xc3, 0xc, 0x7f, 0xc0,

    /* U+029A "ʚ" */
    0x1, 0xf0, 0x1c, 0x20, 0xe0, 0x47, 0x1, 0x18,
    0x4, 0x60, 0x11, 0xcc, 0x41, 0xf1, 0x38, 0xd,
    0xc0, 0x26, 0x1, 0x38, 0x8, 0x70, 0xc0, 0xfc,
    0x0,

    /* U+029B "ʛ" */
    0x0, 0x0, 0x7c, 0x0, 0x6, 0x70, 0x0, 0x38,
    0xc0, 0x0, 0xc0, 0x0, 0x7, 0x0, 0x0, 0x18,
    0x0, 0x1f, 0xe0, 0x1, 0x83, 0x80, 0x1c, 0x6,
    0x0, 0xe0, 0x10, 0x3, 0x80, 0x0, 0x1c, 0x0,
    0x0, 0x70, 0x0, 0x1, 0x81, 0xf8, 0xe, 0x1,
    0xc0, 0x38, 0x6, 0x0, 0xe0, 0x38, 0x1, 0x80,
    0xe0, 0x7, 0x3, 0x80, 0xe, 0xc, 0x0, 0xf,
    0xc0, 0x0,

    /* U+029C "ʜ" */
    0x1f, 0x9f, 0xe, 0x6, 0xe, 0xe, 0xc, 0xc,
    0xc, 0xc, 0xc, 0xc, 0x1f, 0xf8, 0x18, 0x18,
    0x18, 0x18, 0x30, 0x38, 0x30, 0x30, 0x30, 0x30,
    0x70, 0x70, 0xf8, 0xf8,

    /* U+029D "ʝ" */
    0x0, 0x18, 0x1, 0xc0, 0xe, 0x0, 0x0, 0x0,
    0x0, 0x0, 0x0, 0x0, 0xe, 0x3, 0xf0, 0x3,
    0x0, 0x38, 0x1, 0xc0, 0xe, 0x0, 0x60, 0x3,
    0x0, 0x38, 0x1, 0xc0, 0xe, 0x0, 0x60, 0x7,
    0x0, 0x3f, 0x1f, 0xf1, 0x8c, 0x8, 0x60, 0x87,
    0x6, 0x30, 0x13, 0x80, 0x70, 0x0,

    /* U+029E "ʞ" */
    0x18, 0x1d, 0xb0, 0x74, 0xe1, 0x81, 0x86, 0x7,
    0x38, 0xc, 0xe0, 0x3f, 0x0, 0x7c, 0x2, 0x70,
    0x11, 0x80, 0x86, 0x4, 0x38, 0x70, 0xe3, 0xf3,
    0x0, 0xc, 0x0, 0x70, 0x1, 0xc0, 0x6, 0x0,
    0x18, 0x0, 0xe0, 0x3, 0xe0, 0xc, 0x0,

    /* U+029F "ʟ" */
    0x1f, 0x80, 0xe0, 0xe, 0x0, 0xc0, 0xc, 0x0,
    0xc0, 0x18, 0x1, 0x80, 0x18, 0x3, 0x0, 0x30,
    0x13, 0x1, 0x30, 0x6f, 0xfe,

    /* U+02A0 "ʠ" */
    0x0, 0x0, 0x78, 0x0, 0x3, 0x30, 0x0, 0x19,
    0xc0, 0x0, 0xc0, 0x0, 0x3, 0x0, 0x0, 0x1c,
    0x0, 0x0, 0x60, 0x0, 0x79, 0x80, 0x7, 0x1e,
    0x0, 0x38, 0x70, 0x1, 0xc1, 0xc0, 0xe, 0x7,
    0x0, 0x38, 0x1c, 0x1, 0xc0, 0x60, 0x7, 0x3,
    0x80, 0x38, 0xe, 0x0, 0xe0, 0x70, 0x3, 0x82,
    0xc0, 0xe, 0x17, 0x0, 0x1c, 0x98, 0x0, 0x3c,
    0x60, 0x0, 0x3, 0x80, 0x0, 0xe, 0x0, 0x0,
    0x30, 0x0, 0x1, 0xc0, 0x0, 0x7, 0x0, 0x0,
    0x3c, 0x0, 0x3, 0xfc, 0x0,

    /* U+02A1 "ʡ" */
    0x7, 0xe0, 0x38, 0xc1, 0xc1, 0x86, 0x6, 0x0,
    0xc, 0x0, 0x70, 0x1, 0xc0, 0x7, 0x0, 0x38,
    0x0, 0xe0, 0x7, 0x0, 0x78, 0xf, 0xc0, 0x3e,
    0x0, 0xc0, 0x7, 0x0, 0x1c, 0x3, 0xfe, 0x1,
    0x80, 0xe, 0x0, 0x38, 0x0,

    /* U+02A2 "ʢ" */
    0x3, 0xe0, 0x61, 0x86, 0xe, 0x60, 0x76, 0x1,
    0x30, 0x3, 0x80, 0x1c, 0x0, 0xe0, 0x7, 0x0,
    0x38, 0x1, 0xe0, 0xf, 0x80, 0x3f, 0x0, 0xf8,
    0x1, 0xc0, 0xe, 0x3, 0xfe, 0x3, 0x0, 0x38,
    0x1, 0xc0, 0x0,

    /* U+02A3 "ʣ" */
    0x0, 0xf, 0x80, 0x0, 0x6, 0x0, 0x0, 0xc,
    0x0, 0x0, 0x38, 0x0, 0x0, 0x70, 0x0, 0x0,
    0xc0, 0x0, 0x1, 0x80, 0x0, 0x7, 0x0, 0x1,
    0xef, 0xfe, 0x6, 0x3f, 0xfc, 0x38, 0x78, 0x10,
    0xe0, 0xe0, 0x41, 0x81, 0x81, 0x7, 0x3, 0x4,
    0x1c, 0x6, 0x10, 0x38, 0x1c, 0x60, 0x70, 0x30,
    0x81, 0xc0, 0xe2, 0x3, 0x81, 0xc8, 0x3, 0xf,
    0xa0, 0x7, 0x37, 0xf0, 0x7, 0x8f, 0xf8, 0x80,
    0x0, 0x79, 0x80, 0x0, 0x3e,

    /* U+02A4 "ʤ" */
    0x0, 0xf, 0x80, 0x0, 0x6, 0x0, 0x0, 0xc,
    0x0, 0x0, 0x38, 0x0, 0x0, 0x70, 0x0, 0x0,
    0xc0, 0x0, 0x1, 0x80, 0x0, 0x77, 0xff, 0x3,
    0x1f, 0xfe, 0xc, 0x3c, 0x8, 0x30, 0x70, 0x20,
    0xc0, 0xe0, 0x83, 0x81, 0x82, 0xe, 0x3, 0x8,
    0x1c, 0xe, 0x10, 0x38, 0x18, 0x78, 0x60, 0x70,
    0x79, 0xc1, 0x60, 0x79, 0x83, 0xc8, 0x73, 0x8b,
    0xa0, 0xe3, 0xe7, 0x81, 0xc0, 0x0, 0x3, 0x80,
    0x0, 0x7, 0x0, 0x0, 0xc, 0x0, 0x0, 0x10,
    0x0, 0x70, 0x60, 0x0, 0xf1, 0x0, 0x1, 0xfc,
    0x0,

    /* U+02A5 "ʥ" */
    0x0, 0xf, 0x80, 0x0, 0x3, 0x0, 0x0, 0x3,
    0x0, 0x0, 0x7, 0x0, 0x0, 0x7, 0x0, 0x0,
    0x6, 0x0, 0x0, 0x6, 0x0, 0x0, 0xe, 0x0,
    0x0, 0xef, 0xfe, 0x3, 0x1f, 0xfe, 0x6, 0x1e,
    0x4, 0xc, 0x1c, 0x8, 0x18, 0x1c, 0x10, 0x38,
    0x18, 0x20, 0x70, 0x18, 0x40, 0x70, 0x38, 0xc0,
    0x70, 0x30, 0x83, 0x60, 0x71, 0xd, 0xe0, 0x72,
    0x9, 0x61, 0xf4, 0x11, 0x72, 0x7e, 0x22, 0x3c,
    0x7f, 0x4c, 0x0, 0x3, 0xf0, 0x0, 0x1, 0x0,
    0x0, 0x1, 0x0, 0x0, 0x2, 0x0,

    /* U+02A6 "ʦ" */
    0x0, 0x0, 0x3, 0x0, 0x3, 0x0, 0x3, 0x80,
    0x7, 0xf3, 0xf8, 0xe3, 0x18, 0x63, 0x84, 0x31,
    0xc2, 0x38, 0x60, 0x18, 0x38, 0xc, 0xe, 0x6,
    0x3, 0x87, 0x1, 0xc3, 0x0, 0x71, 0x80, 0x38,
    0xc0, 0x18, 0xe0, 0xc, 0x3f, 0xfc, 0x0,

    /* U+02A7 "ʧ" */
    0x0, 0x3, 0xc0, 0x1, 0x9c, 0x0, 0x73, 0x0,
    0xc, 0x0, 0x23, 0x80, 0x8, 0x60, 0x7, 0x1c,
    0x3, 0xff, 0x80, 0x1c, 0x70, 0x3, 0xc, 0x0,
    0x61, 0x80, 0x1c, 0x70, 0x3, 0xe, 0x0, 0x61,
    0xc0, 0xc, 0x30, 0x3, 0x86, 0x0, 0x61, 0xc0,
    0xc, 0x38, 0x1, 0x8e, 0x0, 0x32, 0xc0, 0x7,
    0xb8, 0x0, 0x7, 0x0, 0x0, 0xc0, 0x0, 0x18,
    0x0, 0x46, 0x0, 0x1c, 0xc0, 0x3, 0x30, 0x0,
    0x3c, 0x0, 0x0,

    /* U+02A8 "ʨ" */
    0x0, 0x0, 0x0, 0xc0, 0x0, 0x30, 0x0, 0xe,
    0x0, 0x7, 0xf0, 0x7c, 0x38, 0x38, 0xc6, 0xc,
    0x18, 0xc3, 0x0, 0x38, 0xe0, 0x6, 0x38, 0x0,
    0xc7, 0x0, 0x18, 0xe0, 0xe7, 0x18, 0x24, 0xc7,
    0x8, 0x99, 0x72, 0x17, 0x4e, 0x84, 0xf8, 0xf3,
    0x1c, 0xf, 0x80, 0x1, 0x0, 0x0, 0x40, 0x0,
    0x10, 0x0,

    /* U+02A9 "ʩ" */
    0x0, 0x7, 0x80, 0x0, 0x7, 0x30, 0x0, 0x1,
    0x9c, 0x0, 0x0, 0xc0, 0x0, 0x0, 0x70, 0x0,
    0x0, 0x18, 0x0, 0x0, 0x6, 0x0, 0x0, 0x1f,
    0xff, 0x8e, 0x0, 0xe1, 0xc9, 0xc0, 0x30, 0x74,
    0x70, 0xc, 0x1d, 0x1c, 0x3, 0x6, 0x87, 0x1,
    0xc1, 0xc1, 0x80, 0x70, 0xf0, 0x60, 0x18, 0x38,
    0x38, 0x6, 0xe, 0xe, 0x3, 0x83, 0x3, 0x0,
    0xe1, 0xc0, 0xc0, 0x38, 0x70, 0x70, 0xc, 0x18,
    0x18, 0x3, 0x6, 0x6, 0x1, 0xc0, 0x1, 0x80,
    0x60, 0x0, 0xe0, 0x18, 0x0, 0x30, 0x86, 0x0,
    0xc, 0x33, 0x0, 0x66, 0xd, 0x80, 0x19, 0x1,
    0xc0, 0x3, 0x80,

    /* U+02AA "ʪ" */
    0x3, 0x0, 0x3e, 0x0, 0x18, 0x0, 0x30, 0x0,
    0xe0, 0x1, 0xc0, 0x3, 0x0, 0x6, 0x0, 0x1c,
    0x7e, 0x39, 0x8c, 0x66, 0x9, 0xcc, 0x13, 0x9c,
    0x6, 0x1c, 0xc, 0x38, 0x38, 0x38, 0x70, 0x38,
    0xc0, 0x71, 0x80, 0x67, 0x0, 0xce, 0x3, 0xf,
    0xfc, 0x0,

    /* U+02AB "ʫ" */
    0x3, 0x0, 0x7c, 0x0, 0x60, 0x1, 0x80, 0xe,
    0x0, 0x38, 0x0, 0xc0, 0x3, 0x0, 0x1f, 0xfc,
    0x7f, 0xf1, 0xc0, 0x86, 0x4, 0x38, 0x20, 0xc1,
    0x3, 0x4, 0x1c, 0x20, 0x71, 0x1, 0x88, 0x6,
    0x40, 0x39, 0x0, 0xfe, 0x1, 0xfe, 0x30, 0x3c,
    0xc0, 0x1e,

    /* U+02AC "ʬ" */
    0x3d, 0xe3, 0x18, 0xe2, 0x18, 0x44, 0x8, 0xe4,
    0xd, 0x68, 0xe, 0x70, 0xe, 0x30, 0xc, 0x20,
    0x0, 0x0, 0x0, 0x0, 0x0, 0x0, 0x0, 0x0,
    0xe7, 0x9c, 0xe3, 0x10, 0x43, 0x10, 0x67, 0x20,
    0x6f, 0x60, 0x69, 0x40, 0x31, 0x80, 0x21, 0x80,
    0x21, 0x0,

    /* U+02AD "ʭ" */
    0x1f, 0xff, 0x8f, 0xff, 0xc6, 0x0, 0x62, 0x0,
    0x22, 0x0, 0x10, 0x0, 0x0, 0x0, 0x0, 0x0,
    0x0, 0x0, 0x0, 0x0, 0x0, 0x0, 0x0, 0x0,
    0x0, 0x7, 0xff, 0xc3, 0xff, 0xe3, 0x0, 0x31,
    0x0, 0x18, 0x80, 0x4, 0x0, 0x0, 0x0,

    /* U+02AE "ʮ" */
    0x7c, 0x0, 0x1c, 0xc0, 0xff, 0x18, 0xe, 0x3,
    0x1, 0xc0, 0x60, 0x30, 0xc, 0xe, 0x1, 0x81,
    0xc0, 0x70, 0x38, 0xe, 0x6, 0x1, 0xc0, 0xc0,
    0x30, 0x38, 0x6, 0x7, 0x0, 0xc1, 0xe0, 0x1c,
    0x58, 0x1, 0xf3, 0x0, 0x0, 0xe0, 0x0, 0x1c,
    0x0, 0x3, 0x0, 0x0, 0x60, 0x0, 0x1c, 0x0,
    0x3, 0xe0, 0x0, 0x40, 0x0,

    /* U+02AF "ʯ" */
    0x7c, 0x0, 0x1c, 0xc0, 0xff, 0x18, 0xe, 0x3,
    0x1, 0xc0, 0x60, 0x30, 0xc, 0xe, 0x1, 0x81,
    0xc0, 0x70, 0x38, 0xe, 0x7, 0x1, 0xc0, 0xc0,
    0x30, 0x38, 0x6, 0x7, 0x0, 0xc1, 0xe0, 0x1c,
    0x58, 0x1, 0xf3, 0x0, 0x0, 0xe0, 0x0, 0x1c,
    0x0, 0x3, 0x80, 0x0, 0x60, 0x0, 0xc, 0x20,
    0x0, 0x9e, 0x0, 0xf, 0x80,

    /* U+02B0 "ʰ" */
    0x4, 0xf, 0x1, 0x80, 0x60, 0x18, 0x6, 0xe1,
    0xcc, 0x43, 0x30, 0xcc, 0x33, 0x8, 0x86, 0x61,
    0xbd, 0xf0,

    /* U+02B1 "ʱ" */
    0x7, 0x83, 0x60, 0x80, 0x60, 0x1b, 0x87, 0x31,
    0xc, 0xc3, 0x30, 0x8c, 0x62, 0x19, 0x86, 0xf7,
    0xc0,

    /* U+02B2 "ʲ" */
    0x3, 0x3, 0x0, 0x0, 0xe, 0x6, 0x6, 0x4,
    0x4, 0xc, 0xc, 0x8, 0x8, 0x18, 0x18, 0xd0,
    0x60,

    /* U+02B3 "ʳ" */
    0x1b, 0x3f, 0x10, 0x30, 0x30, 0x30, 0x20, 0x20,
    0xf8,

    /* U+02B4 "ʴ" */
    0x1f, 0x4, 0xc, 0xc, 0xc, 0x8, 0x18, 0xfc,
    0xd8,

    /* U+02B5 "ʵ" */
    0x1f, 0xc, 0xc, 0xc, 0x8, 0x8, 0x18, 0xf8,
    0xd8, 0x10, 0x10, 0x12, 0xe,

    /* U+02B6 "ʶ" */
    0x3c, 0xc6, 0x61, 0x30, 0xd8, 0x3e, 0xc, 0xc2,
    0x31, 0x8c, 0xfe, 0x0,

    /* U+02B7 "ʷ" */
    0xe2, 0x36, 0x21, 0x66, 0x12, 0xb2, 0x2b, 0x43,
    0x34, 0x33, 0x82, 0x10, 0x22, 0x0,

    /* U+02B8 "ʸ" */
    0x71, 0x8c, 0x46, 0x21, 0x20, 0x90, 0x70, 0x38,
    0x8, 0x4, 0x4, 0x4, 0x2, 0xe, 0x0,

    /* U+02B9 "ʹ" */
    0x6, 0xf, 0xe, 0x1c, 0x38, 0x30, 0x60, 0xc0,
    0x80,

    /* U+02BA "ʺ" */
    0x7, 0x18, 0x1c, 0xf0, 0xe3, 0x87, 0x1c, 0x18,
    0xe0, 0xc3, 0x6, 0x18, 0x18, 0xc0, 0xc2, 0x0,

    /* U+02BB "ʻ" */
    0x19, 0x11, 0x8f, 0x79, 0xc0,

    /* U+02BC "ʼ" */
    0x73, 0x9e, 0x63, 0x13, 0x0,

    /* U+02BD "ʽ" */
    0x7f, 0xfc, 0x88, 0x80,

    /* U+02BE "ʾ" */
    0x63, 0x13, 0x2c,

    /* U+02BF "ʿ" */
    0x16, 0x4c, 0x46,

    /* U+02C0 "ˀ" */
    0x7b, 0x3c, 0x41, 0x4, 0x10, 0xc6, 0x73, 0xc,
    0x20,

    /* U+02C1 "ˁ" */
    0x1e, 0x33, 0x63, 0x40, 0xc0, 0xc0, 0xc0, 0xe0,
    0x78, 0x10, 0x30, 0x30,

    /* U+02C2 "˂" */
    0x0, 0x83, 0x8e, 0x18, 0x3, 0x80, 0x38,

    /* U+02C3 "˃" */
    0x0, 0x18, 0x3, 0x80, 0x20, 0xe3, 0x82, 0x0,

    /* U+02C4 "˄" */
    0x6, 0x5, 0x6, 0x82, 0x22, 0x12, 0xc,

    /* U+02C5 "˅" */
    0x81, 0x82, 0x44, 0x48, 0x30, 0x30,

    /* U+02C6 "ˆ" */
    0x6, 0x3, 0xc1, 0xf0, 0xc6, 0x61, 0xb0, 0x30,

    /* U+02C7 "ˇ" */
    0x80, 0x50, 0x26, 0x10, 0xdc, 0x3e, 0x7, 0x0,

    /* U+02C8 "ˈ" */
    0x33, 0x26, 0x4c, 0xc0,

    /* U+02C9 "ˉ" */
    0xff, 0xc0,

    /* U+02CA "ˊ" */
    0x0, 0xc, 0x38, 0xc3, 0x8, 0x0,

    /* U+02CB "ˋ" */
    0x3, 0x8f, 0x1c, 0x18, 0x20,

    /* U+02CC "ˌ" */
    0x2d, 0xb4, 0x80,

    /* U+02CD "ˍ" */
    0xff, 0xc0,

    /* U+02CE "ˎ" */
    0x3, 0x8f, 0x1c, 0x38, 0x20,

    /* U+02CF "ˏ" */
    0x0, 0xc, 0x38, 0xc3, 0x8, 0x0,

    /* U+02D0 "ː" */
    0x1c, 0x70, 0x80, 0x0, 0x0, 0x0, 0x0, 0x0,
    0x0, 0x41, 0x8e, 0x0,

    /* U+02D1 "ˑ" */
    0xfa, 0x0,

    /* U+02D2 "˒" */
    0x63, 0x12, 0x6c,

    /* U+02D3 "˓" */
    0x34, 0x88, 0xc6,

    /* U+02D4 "˔" */
    0x6, 0x1, 0x80, 0x60, 0x18, 0x4, 0x3, 0x0,
    0xc3, 0xff,

    /* U+02D5 "˕" */
    0xff, 0xc3, 0x0, 0x80, 0x60, 0x18, 0x6, 0x1,
    0x80,

    /* U+02D6 "˖" */
    0xc, 0x6, 0x3, 0x1, 0x8f, 0xf8, 0xc0, 0x60,
    0x30,

    /* U+02D7 "˗" */
    0x7f, 0xe0,

    /* U+02D8 "˘" */
    0x80, 0xc0, 0xb0, 0xdf, 0xc7, 0x80,

    /* U+02D9 "˙" */
    0xdf, 0x0,

    /* U+02DA "˚" */
    0x1c, 0xcd, 0xe, 0x14, 0x4f, 0x0,

    /* U+02DB "˛" */
    0x31, 0x8c, 0x7e, 0x70,

    /* U+02DC "˜" */
    0x0, 0x1, 0xe3, 0x3f, 0xe4, 0x7c,

    /* U+02DD "˝" */
    0x31, 0xb9, 0xd9, 0xd8, 0xc8, 0x80,

    /* U+02DE "˞" */
    0x0, 0x1, 0x81, 0xa0, 0xd0, 0x64, 0x31, 0x8,
    0x5c, 0x13, 0x7, 0x80,

    /* U+02DF "˟" */
    0x0, 0x3, 0x6, 0x18, 0xc0, 0xf0, 0x6, 0x1,
    0xb8, 0x30, 0xc4, 0x4,

    /* U+02E0 "ˠ" */
    0xf3, 0xb1, 0x98, 0x8c, 0x82, 0x81, 0xc0, 0xc0,
    0x60, 0x30, 0x2c, 0x26, 0x13, 0x9, 0x3, 0x0,

    /* U+02E1 "ˡ" */
    0x1c, 0x30, 0xc2, 0x8, 0x61, 0x84, 0x10, 0xc3,
    0xc, 0xf8,

    /* U+02E2 "ˢ" */
    0x1e, 0x64, 0x89, 0x81, 0x80, 0xd1, 0xa2, 0x78,

    /* U+02E3 "ˣ" */
    0x3d, 0xc6, 0x40, 0xa0, 0x30, 0x6, 0x7, 0x81,
    0x20, 0x8c, 0xe7, 0x80,

    /* U+02E4 "ˤ" */
    0x1e, 0x33, 0x63, 0x40, 0xc0, 0xc0, 0xc0, 0xe0,
    0x78, 0x10, 0x10, 0x30, 0x30,

    /* U+02E5 "˥" */
    0xff, 0xf0, 0x0, 0x80, 0xc, 0x0, 0x60, 0x3,
    0x0, 0x10, 0x0, 0x80, 0xc, 0x0, 0x60, 0x3,
    0x0, 0x10, 0x1, 0x80, 0xc, 0x0, 0x60, 0x2,
    0x0, 0x10, 0x1, 0x80, 0xc, 0x0, 0x60, 0x2,
    0x0, 0x10, 0x1, 0x80, 0xc, 0x0, 0x40, 0x2,
    0x0,

    /* U+02E6 "˦" */
    0x0, 0x8, 0x0, 0x20, 0x0, 0x80, 0x6, 0x0,
    0x1b, 0xff, 0xc0, 0x1, 0x0, 0xc, 0x0, 0x30,
    0x0, 0xc0, 0x2, 0x0, 0x8, 0x0, 0x60, 0x1,
    0x80, 0x4, 0x0, 0x10, 0x0, 0xc0, 0x3, 0x0,
    0xc, 0x0, 0x20, 0x0, 0x80, 0x6, 0x0, 0x18,
    0x0, 0x60, 0x1, 0x0, 0x4, 0x0,

    /* U+02E7 "˧" */
    0x0, 0x3, 0x0, 0x2, 0x0, 0x2, 0x0, 0x6,
    0x0, 0x6, 0x0, 0x6, 0x0, 0x4, 0x0, 0x4,
    0x0, 0xc, 0x0, 0xc, 0x0, 0x8, 0x0, 0x8,
    0x7f, 0xf8, 0x0, 0x18, 0x0, 0x18, 0x0, 0x10,
    0x0, 0x10, 0x0, 0x30, 0x0, 0x30, 0x0, 0x30,
    0x0, 0x20, 0x0, 0x20, 0x0, 0x60, 0x0, 0x60,
    0x0, 0x40, 0x0, 0x40,

    /* U+02E8 "˨" */
    0x0, 0x1, 0x80, 0x0, 0x80, 0x0, 0x40, 0x0,
    0x60, 0x0, 0x30, 0x0, 0x18, 0x0, 0x8, 0x0,
    0x4, 0x0, 0x6, 0x0, 0x3, 0x0, 0x1, 0x0,
    0x0, 0x80, 0x0, 0x40, 0x0, 0x60, 0x0, 0x30,
    0x0, 0x10, 0x0, 0x8, 0x0, 0xc, 0x0, 0x6,
    0x1f, 0xff, 0x0, 0x1, 0x0, 0x0, 0x80, 0x0,
    0xc0, 0x0, 0x60, 0x0, 0x20, 0x0, 0x10, 0x0,

    /* U+02E9 "˩" */
    0x0, 0x0, 0xc0, 0x0, 0x20, 0x0, 0x8, 0x0,
    0x6, 0x0, 0x1, 0x80, 0x0, 0x60, 0x0, 0x10,
    0x0, 0x4, 0x0, 0x3, 0x0, 0x0, 0xc0, 0x0,
    0x20, 0x0, 0x8, 0x0, 0x2, 0x0, 0x1, 0x80,
    0x0, 0x60, 0x0, 0x10, 0x0, 0x4, 0x0, 0x3,
    0x0, 0x0, 0xc0, 0x0, 0x30, 0x0, 0x8, 0x0,
    0x2, 0x0, 0x1, 0x80, 0x0, 0x60, 0x0, 0x10,
    0x3f, 0xfc, 0x0,

    /* U+02EA "˪" */
    0x18, 0x0, 0x80, 0x4, 0x0, 0x60, 0x3, 0x0,
    0x18, 0x0, 0x80, 0x4, 0x0, 0x60, 0x3, 0x0,
    0x18, 0x0, 0x80, 0x4, 0x0, 0x60, 0x3, 0x0,
    0x18, 0x0, 0xff, 0xf8,

    /* U+02EB "˫" */
    0x10, 0x0, 0xc0, 0x3, 0x0, 0xc, 0x0, 0x20,
    0x0, 0x80, 0x6, 0x0, 0x1f, 0xff, 0x60, 0x1,
    0x0, 0x4, 0x0, 0x30, 0x0, 0xc0, 0x2, 0x0,
    0x8, 0x0, 0x0,

    /* U+02EC "ˬ" */
    0x80, 0x70, 0x66, 0x31, 0xb8, 0x7c, 0xc, 0x0,

    /* U+02ED "˭" */
    0x7f, 0xe0, 0x0, 0x0, 0x0, 0xf, 0xfc,

    /* U+02EE "ˮ" */
    0x30, 0xcf, 0x38, 0xe7, 0x9c, 0x61, 0xc, 0x41,
    0x10, 0x40,

    /* U+02EF "˯" */
    0x83, 0x86, 0x8c, 0xd8, 0x70, 0x40,

    /* U+02F0 "˰" */
    0x6, 0x5, 0x4, 0x86, 0x22, 0x12, 0xc,

    /* U+02F1 "˱" */
    0x1, 0x87, 0x3c, 0x18, 0x3, 0x80, 0x30,

    /* U+02F2 "˲" */
    0x60, 0xe, 0x0, 0xe0, 0x71, 0xc7, 0x0,

    /* U+02F3 "˳" */
    0x3c, 0xcf, 0xc, 0x3c, 0x4f, 0x0,

    /* U+02F4 "˴" */
    0x7, 0x38, 0xe3, 0x84,

    /* U+02F5 "˵" */
    0x0, 0x38, 0xc7, 0x38, 0xc6, 0x19, 0x82, 0x30,

    /* U+02F6 "˶" */
    0x31, 0xb9, 0xd9, 0xd8, 0xc8, 0x80,

    /* U+02F7 "˷" */
    0x0, 0x8, 0x78, 0x8d, 0xf8, 0x87, 0x80,

    /* U+02F8 "˸" */
    0xc, 0x3c, 0x30, 0x0, 0x0, 0x0, 0x0, 0x0,
    0x0, 0x3, 0xf, 0xc, 0x0,

    /* U+02F9 "˹" */
    0x7d, 0x84, 0x10, 0xc3, 0xc, 0x0,

    /* U+02FA "˺" */
    0xf8, 0xc6, 0x23, 0x18, 0xc0,

    /* U+02FB "˻" */
    0x23, 0x18, 0xc6, 0x23, 0x1f,

    /* U+02FC "˼" */
    0x6, 0x8, 0x30, 0x60, 0xc1, 0x2, 0x7c,

    /* U+02FD "˽" */
    0x60, 0x6c, 0xd, 0x81, 0xe0, 0x2c, 0x5, 0xff,
    0x80,

    /* U+02FE "˾" */
    0x60, 0x10, 0xc, 0x3, 0x0, 0xc0, 0x3f, 0xf0,

    /* U+02FF "˿" */
    0x0, 0x4, 0x6, 0x3, 0xff, 0x40, 0x8, 0x2,
    0x0,

    /* U+0300 "̀" */
    0x7, 0x38, 0xe3, 0xc,

    /* U+0301 "́" */
    0x0, 0x1c, 0x79, 0xc7, 0x18, 0x0,

    /* U+0302 "̂" */
    0x6, 0x3, 0xc1, 0xf0, 0x66, 0x20, 0x90, 0x10,

    /* U+0303 "̃" */
    0x0, 0x11, 0xe2, 0x7f, 0xe4, 0x78,

    /* U+0304 "̄" */
    0x7f, 0xc0,

    /* U+0305 "̅" */
    0xff, 0xfe,

    /* U+0306 "̆" */
    0x80, 0xc0, 0xb0, 0xdf, 0xc7, 0x80,

    /* U+0307 "̇" */
    0xff, 0x80,

    /* U+0308 "̈" */
    0xc3, 0xf1, 0xf0, 0xe0,

    /* U+0309 "̉" */
    0x39, 0x3c, 0xc6, 0x30, 0x80,

    /* U+030A "̊" */
    0x3c, 0x8a, 0x1c, 0x2c, 0xce, 0x0,

    /* U+030B "̋" */
    0x18, 0xce, 0x73, 0x31, 0x88, 0x44, 0x0,

    /* U+030C "̌" */
    0x80, 0xf0, 0x66, 0x31, 0xb8, 0x3c, 0xe, 0x0,

    /* U+030D "̍" */
    0x2d, 0xb4, 0x80,

    /* U+030E "̎" */
    0x45, 0x3c, 0xf2, 0x8a, 0x60,

    /* U+030F "̏" */
    0x0, 0x38, 0xc7, 0x38, 0xc6, 0x19, 0x82, 0x30,

    /* U+0310 "̐" */
    0x1c, 0xe, 0x27, 0x30, 0x2c, 0x37, 0xf1, 0xf0,

    /* U+0311 "̑" */
    0x1f, 0x1f, 0xd8, 0x78, 0x18, 0x8,

    /* U+0312 "̒" */
    0x36, 0xcc, 0xee, 0xe0,

    /* U+0313 "̓" */
    0x77, 0x73, 0x32, 0xc0,

    /* U+0314 "̔" */
    0x6f, 0xf8, 0x88, 0x80,

    /* U+0315 "̕" */
    0x33, 0xce, 0x31, 0x11, 0x0,

    /* U+0316 "̖" */
    0x1, 0x87, 0xc, 0x18, 0x20,

    /* U+0317 "̗" */
    0x0, 0x1c, 0x71, 0xc6, 0x18, 0x0,

    /* U+0318 "̘" */
    0x1, 0x80, 0xc0, 0x40, 0x2f, 0xf0, 0x18, 0xc,
    0x4,

    /* U+0319 "̙" */
    0x30, 0x18, 0x8, 0xc, 0x7, 0xfb, 0x1, 0x1,
    0x80,

    /* U+031A "̚" */
    0xfe, 0xc, 0x18, 0x60, 0xc1, 0x82, 0x0,

    /* U+031B "̛" */
    0x1e, 0x3c, 0xf8, 0x30, 0x51, 0x3c, 0x0,

    /* U+031C "̜" */
    0x36, 0x48, 0xc6,

    /* U+031D "̝" */
    0x3, 0x0, 0x80, 0x20, 0x18, 0x6, 0x1, 0x80,
    0x63, 0xff,

    /* U+031E "̞" */
    0xff, 0xc2, 0x1, 0x80, 0x60, 0x18, 0x6, 0x1,
    0x0,

    /* U+031F "̟" */
    0xc, 0x6, 0x3, 0x1, 0xf, 0xf0, 0xc0, 0x60,
    0x20,

    /* U+0320 "̠" */
    0xff, 0xc0,

    /* U+0321 "̡" */
    0x2, 0x1c, 0x10, 0x20, 0x49, 0x3a, 0x64, 0x70,

    /* U+0322 "̢" */
    0x20, 0xe2, 0x10, 0x41, 0x29, 0xe6, 0x70,

    /* U+0323 "̣" */
    0xff, 0x80,

    /* U+0324 "̤" */
    0xe1, 0xb8, 0xfe, 0x18,

    /* U+0325 "̥" */
    0x39, 0x18, 0x61, 0x8d, 0xc0,

    /* U+0326 "̦" */
    0x67, 0x73, 0x24, 0x80,

    /* U+0327 "̧" */
    0x18, 0x20, 0xf0, 0x70, 0x61, 0xfe, 0x0,

    /* U+0328 "̨" */
    0x21, 0xc, 0x7e, 0x70,

    /* U+0329 "̩" */
    0x6d, 0xa5, 0x80,

    /* U+032A "̪" */
    0x3f, 0xf2, 0x2, 0x60, 0x66, 0x6, 0xc0, 0x40,

    /* U+032B "̫" */
    0x4c, 0xb3, 0x6c, 0xd9, 0xfc,

    /* U+032C "̬" */
    0x80, 0x70, 0x66, 0x31, 0xd8, 0x3c, 0xe, 0x0,

    /* U+032D "̭" */
    0x6, 0x3, 0x81, 0xf0, 0xce, 0x61, 0xb0, 0x30,

    /* U+032E "̮" */
    0xc0, 0xb0, 0x26, 0x31, 0xfc, 0x3c, 0x0,

    /* U+032F "̯" */
    0x1f, 0x1f, 0xd8, 0x68, 0x18, 0x8,

    /* U+0330 "̰" */
    0x0, 0x11, 0xe2, 0x7f, 0xc8, 0x78,

    /* U+0331 "̱" */
    0xff, 0xc0,

    /* U+0332 "̲" */
    0xff, 0xff,

    /* U+0333 "̳" */
    0xff, 0xff, 0x0, 0x0, 0x0, 0x0, 0xff, 0xff,

    /* U+0334 "̴" */
    0x0, 0x13, 0xc6, 0x7f, 0xc8, 0xf8,

    /* U+0335 "̵" */
    0xfe,

    /* U+0336 "̶" */
    0xff, 0xfc,

    /* U+0337 "̷" */
    0x0, 0x1, 0x0, 0x7, 0x0, 0x38, 0x1, 0xe0,
    0x7, 0x0, 0x38, 0x0, 0xe0, 0x0, 0x0, 0x0,

    /* U+0338 "̸" */
    0x0, 0x0, 0x40, 0x0, 0x8, 0x0, 0x2, 0x0,
    0x0, 0x80, 0x0, 0x20, 0x0, 0xc, 0x0, 0x3,
    0x0, 0x0, 0x40, 0x0, 0x10, 0x0, 0x4, 0x0,
    0x1, 0x0, 0x0, 0x60, 0x0, 0x18, 0x0, 0x2,
    0x0, 0x0, 0x80, 0x0, 0x20, 0x0, 0x8, 0x0,
    0x3, 0x0, 0x0, 0xc0, 0x0, 0x10, 0x0, 0x4,
    0x0, 0x1, 0x0, 0x0, 0x0, 0x0, 0x0,

    /* U+0339 "̹" */
    0x63, 0x11, 0x2c,

    /* U+033A "̺" */
    0x30, 0x32, 0x3, 0x60, 0x26, 0x6, 0x60, 0x67,
    0xfe,

    /* U+033B "̻" */
    0x3f, 0xe4, 0x18, 0x83, 0x30, 0x66, 0x18, 0x83,
    0x3f, 0xe7, 0xfc,

    /* U+033C "̼" */
    0x33, 0xbf, 0xf1, 0xc0, 0x20, 0x8, 0x0, 0x0,

    /* U+033D "̽" */
    0x0, 0x2e, 0xc, 0x66, 0x7, 0x80, 0xe0, 0x76,
    0x18, 0x64, 0x6,

    /* U+033E "̾" */
    0x9, 0x98, 0xc7, 0x18, 0x98,

    /* U+033F "̿" */
    0xff, 0xff, 0x0, 0x0, 0x0, 0x0, 0xff, 0xff,

    /* U+0340 "̀" */
    0x7, 0x38, 0xe3, 0xc,

    /* U+0341 "́" */
    0x0, 0x1c, 0x71, 0xc6, 0x18, 0x0,

    /* U+0342 "͂" */
    0x0, 0x11, 0xe2, 0x7f, 0xcc, 0x78,

    /* U+0343 "̓" */
    0x39, 0xf0, 0x41, 0xc, 0x2f, 0x0,

    /* U+0344 "̈́" */
    0x3, 0x1, 0x81, 0xc0, 0xc0, 0xc0, 0x43, 0x47,
    0x83,

    /* U+0345 "ͅ" */
    0x61, 0x8e, 0x3a, 0xeb, 0xc0,

    /* U+0346 "͆" */
    0x7f, 0xe8, 0xd, 0x1, 0x60, 0x6c, 0xc,

    /* U+0347 "͇" */
    0xff, 0xc0, 0x0, 0x0, 0x0, 0xf, 0xfc,

    /* U+0348 "͈" */
    0x62, 0x62, 0x66, 0x46, 0xc6, 0xc4,

    /* U+0349 "͉" */
    0x7b, 0xc6, 0x31, 0x80,

    /* U+034A "͊" */
    0x1, 0x80, 0x64, 0xf9, 0xbf, 0xe8, 0xf8, 0x30,
    0xc, 0x0,

    /* U+034B "͋" */
    0x3, 0x0, 0x38, 0x3, 0x0, 0x1, 0x3c, 0x24,
    0xfc, 0x87, 0x83, 0x0, 0x38, 0x3, 0x0,

    /* U+034C "͌" */
    0x0, 0x8, 0x78, 0x8c, 0xfc, 0x43, 0x80, 0x0,
    0xf, 0x18, 0xff, 0x88, 0xf8,

    /* U+034D "͍" */
    0x0, 0x10, 0x40, 0x46, 0x0, 0xbf, 0xff, 0x40,
    0x18, 0x80, 0x80, 0x0, 0x0,

    /* U+034E "͎" */
    0x10, 0xe5, 0x64, 0x20, 0x82, 0x8, 0x20,

    /* U+034F "͏" */
    0x0,

    /* U+0350 "͐" */
    0x30, 0x6, 0x0, 0xe0, 0x71, 0xc3, 0x0,

    /* U+0351 "͑" */
    0x34, 0x88, 0xc6,

    /* U+0352 "͒" */
    0x1e, 0x1f, 0x98, 0x78, 0x19, 0xc8, 0xe0, 0x60,

    /* U+0353 "͓" */
    0x20, 0x3, 0x6, 0x19, 0x80, 0xf0, 0xe, 0x1,
    0xb8, 0x60, 0xc4, 0x4,

    /* U+0354 "͔" */
    0x1, 0x87, 0x1c, 0x1c, 0x1, 0xc0, 0x18,

    /* U+0355 "͕" */
    0x60, 0xe, 0x0, 0xc0, 0x71, 0xc7, 0x0,

    /* U+0356 "͖" */
    0x60, 0x4, 0x1c, 0xe, 0x3, 0x92, 0x3, 0x22,
    0x1c, 0x41, 0xe0, 0xc1,

    /* U+0357 "͗" */
    0x63, 0x11, 0x2c,

    /* U+0358 "͘" */
    0x7d, 0x80,

    /* U+0359 "͙" */
    0x0, 0x31, 0x59, 0xc6, 0xc4, 0x8, 0x0,

    /* U+035A "͚" */
    0x38, 0x72, 0x24, 0xd1, 0xc7, 0x4, 0x2c, 0xd1,
    0x38, 0xf0,

    /* U+035B "͛" */
    0x18, 0x30, 0x30, 0x7f, 0xfe, 0x6, 0xc, 0xc,

    /* U+035C "͜" */
    0x0, 0x0, 0x8, 0x0, 0x18, 0xe0, 0x1c, 0xf,
    0xff, 0x0, 0x7f, 0x0,

    /* U+035D "͝" */
    0x0, 0x0, 0x10, 0x0, 0x37, 0x80, 0x70, 0x7f,
    0xf8, 0x7, 0xf0, 0x0,

    /* U+035E "͞" */
    0xff, 0xff, 0xc0,

    /* U+035F "͟" */
    0xff, 0xff, 0xe0,

    /* U+0360 "͠" */
    0xf, 0x80, 0x23, 0xfc, 0x19, 0x83, 0xfe, 0x20,
    0x1f, 0x0,

    /* U+0361 "͡" */
    0x3, 0xfc, 0x3, 0xff, 0xc3, 0xc0, 0x39, 0x0,
    0x3, 0x80, 0x0, 0x0,

    /* U+0362 "͢" */
    0x0, 0x1, 0x0, 0x0, 0x20, 0x0, 0xb, 0xff,
    0xff, 0x0, 0x0, 0x80, 0x0, 0x40, 0x0, 0x20,

    /* U+0363 "ͣ" */
    0x1a, 0x49, 0x92, 0x24, 0xc9, 0x5f, 0x0,

    /* U+0364 "ͤ" */
    0x3a, 0x75, 0xc8, 0x4b, 0x80,

    /* U+0365 "ͥ" */
    0x20, 0xb4, 0x95, 0x40,

    /* U+0366 "ͦ" */
    0x39, 0x28, 0xe2, 0x8a, 0x4e, 0x0,

    /* U+0367 "ͧ" */
    0xc9, 0x29, 0xaa, 0xb7, 0x60,

    /* U+0368 "ͨ" */
    0x3a, 0x61, 0x8, 0x4b, 0x80,

    /* U+0369 "ͩ" */
    0x2, 0x8, 0x11, 0xa6, 0xd9, 0x22, 0x4c, 0x95,
    0xf0,

    /* U+036A "ͪ" */
    0x30, 0x40, 0x81, 0x63, 0x4c, 0x91, 0x24, 0xc8,
    0x8,

    /* U+036B "ͫ" */
    0x4d, 0xbb, 0x5b, 0x29, 0x2c, 0x94, 0xc8, 0x0,

    /* U+036C "ͬ" */
    0x68, 0xc6, 0x10, 0x43, 0x0,

    /* U+036D "ͭ" */
    0x2, 0x74, 0x44, 0x48, 0x40,

    /* U+036E "ͮ" */
    0xc4, 0x92, 0x8c, 0x30, 0x80,

    /* U+036F "ͯ" */
    0x64, 0x61, 0x4, 0x7b, 0x30,

    /* U+0374 "ʹ" */
    0xc, 0x71, 0x8c, 0x61, 0x8, 0x0,

    /* U+0375 "͵" */
    0x4, 0x31, 0x8c, 0x73, 0x8c, 0x0,

    /* U+037A "ͺ" */
    0x61, 0x8e, 0x7a, 0x70,

    /* U+037E ";" */
    0xe, 0x1c, 0x38, 0x0, 0x0, 0x0, 0x0, 0x0,
    0x1, 0xc3, 0x87, 0x6, 0xc, 0x30, 0x80,

    /* U+0384 "΄" */
    0x18, 0xce, 0x66, 0x21, 0x0,

    /* U+0385 "΅" */
    0x3, 0x0, 0xe0, 0x70, 0x18, 0xc, 0x3, 0xd,
    0x9b, 0x6,

    /* U+0386 "Ά" */
    0x0, 0xc0, 0x0, 0x1c, 0x60, 0x1, 0x86, 0x0,
    0x30, 0xe0, 0x2, 0xe, 0x0, 0x61, 0xe0, 0x4,
    0x3e, 0x0, 0x2, 0x70, 0x0, 0x67, 0x0, 0x4,
    0x70, 0x0, 0xc7, 0x0, 0x8, 0x70, 0x1, 0x3,
    0x0, 0x30, 0x38, 0x3, 0xff, 0x80, 0x60, 0x38,
    0x4, 0x3, 0x80, 0xc0, 0x38, 0x18, 0x3, 0xc1,
    0x80, 0x1c, 0x30, 0x1, 0xcf, 0xc0, 0xff,

    /* U+0387 "·" */
    0x6f, 0xe0,

    /* U+0388 "Έ" */
    0x30, 0x0, 0x0, 0xef, 0xff, 0xf7, 0xf, 0x1,
    0x98, 0x38, 0x2, 0x40, 0xe0, 0xa, 0x3, 0x80,
    0x28, 0x1e, 0x0, 0x0, 0x70, 0x0, 0x1, 0xc0,
    0x80, 0x7, 0x4, 0x0, 0x3c, 0x10, 0x0, 0xff,
    0xc0, 0x3, 0x83, 0x0, 0x1e, 0x8, 0x0, 0x70,
    0x20, 0x1, 0xc0, 0x0, 0x7, 0x0, 0x0, 0x3c,
    0x0, 0x80, 0xe0, 0x2, 0x3, 0x80, 0x38, 0x1e,
    0x3, 0xc1, 0xff, 0xff, 0x0,

    /* U+0389 "Ή" */
    0x18, 0x0, 0x0, 0xe, 0xff, 0x87, 0xf3, 0xf,
    0x80, 0xf9, 0xc3, 0xc0, 0x1c, 0x60, 0xf0, 0x7,
    0x10, 0x38, 0x3, 0x88, 0xe, 0x0, 0xe0, 0x7,
    0x80, 0x38, 0x1, 0xc0, 0xe, 0x0, 0x70, 0x7,
    0x0, 0x1c, 0x1, 0xc0, 0xf, 0xff, 0xf0, 0x3,
    0x80, 0x3c, 0x0, 0xe0, 0xe, 0x0, 0x38, 0x3,
    0x80, 0x1c, 0x0, 0xe0, 0x7, 0x0, 0x70, 0x1,
    0xc0, 0x1c, 0x0, 0xf0, 0x7, 0x0, 0x38, 0x3,
    0xc0, 0xe, 0x0, 0xf0, 0xf, 0xe1, 0xff, 0x0,

    /* U+038A "Ί" */
    0x18, 0x0, 0xef, 0xf7, 0x7, 0x18, 0x1c, 0x40,
    0xe2, 0x3, 0x80, 0xe, 0x0, 0x38, 0x1, 0xc0,
    0x7, 0x0, 0x1c, 0x0, 0xf0, 0x3, 0x80, 0xe,
    0x0, 0x38, 0x1, 0xc0, 0x7, 0x0, 0x1c, 0x0,
    0xf0, 0x3, 0x80, 0xe, 0x0, 0xff, 0x0,

    /* U+038C "Ό" */
    0x18, 0x1f, 0x81, 0xc7, 0xe, 0xc, 0x60, 0x18,
    0xc6, 0x0, 0xe4, 0xe0, 0x7, 0x67, 0x0, 0x1e,
    0x70, 0x1, 0xe7, 0x80, 0xf, 0x38, 0x0, 0x7b,
    0xc0, 0x3, 0xde, 0x0, 0x1c, 0xe0, 0x1, 0xef,
    0x0, 0xf, 0x78, 0x0, 0x73, 0xc0, 0x7, 0xe,
    0x0, 0x38, 0x70, 0x3, 0x83, 0x80, 0x38, 0xe,
    0x3, 0x80, 0x38, 0x70, 0x0, 0x7e, 0x0, 0x0,

    /* U+038E "Ύ" */
    0x18, 0x0, 0x0, 0x39, 0xe0, 0xf, 0x73, 0xf0,
    0x3f, 0x66, 0x18, 0x71, 0x44, 0x18, 0xc0, 0x80,
    0x8, 0xc0, 0x80, 0xd, 0x80, 0x0, 0xf, 0x0,
    0x0, 0xf, 0x0, 0x0, 0xf, 0x0, 0x0, 0xe,
    0x0, 0x0, 0xe, 0x0, 0x0, 0x1c, 0x0, 0x0,
    0x1c, 0x0, 0x0, 0x1c, 0x0, 0x0, 0x3c, 0x0,
    0x0, 0x38, 0x0, 0x0, 0x38, 0x0, 0x0, 0x38,
    0x0, 0x0, 0x78, 0x0, 0x0, 0x78, 0x0, 0x1,
    0xfe, 0x0,

    /* U+038F "Ώ" */
    0xc, 0x0, 0x0, 0xe, 0x3, 0xf8, 0x6, 0xe,
    0xf, 0x6, 0x1c, 0x1, 0xc3, 0x1c, 0x0, 0xf3,
    0x1c, 0x0, 0x39, 0x1e, 0x0, 0x1e, 0xe, 0x0,
    0xf, 0xf, 0x0, 0x7, 0x87, 0x80, 0x3, 0xc3,
    0x80, 0x1, 0xe1, 0xc0, 0x0, 0xe0, 0xe0, 0x0,
    0xf0, 0x70, 0x0, 0x70, 0x38, 0x0, 0x70, 0xe,
    0x0, 0x78, 0x7, 0x0, 0x70, 0x1, 0xe0, 0xf0,
    0x10, 0x30, 0xc0, 0x88, 0x10, 0x40, 0xcf, 0xf8,
    0x3f, 0xc7, 0xfc, 0x3f, 0xe0,

    /* U+0390 "ΐ" */
    0x0, 0xc0, 0x18, 0x7, 0x0, 0xc0, 0x30, 0x4,
    0xd, 0x19, 0x83, 0x0, 0x0, 0x0, 0x0, 0xe,
    0x1, 0x80, 0x70, 0xe, 0x1, 0x80, 0x30, 0xe,
    0x1, 0xc0, 0x30, 0xe, 0x1, 0xc4, 0x38, 0x87,
    0x20, 0x78, 0x0,

    /* U+0391 "Α" */
    0x0, 0x6, 0x0, 0x0, 0x60, 0x0, 0xe, 0x0,
    0x0, 0xe0, 0x0, 0x1e, 0x0, 0x3, 0xe0, 0x0,
    0x27, 0x0, 0x6, 0x70, 0x0, 0x47, 0x0, 0xc,
    0x70, 0x0, 0x87, 0x0, 0x10, 0x30, 0x3, 0x3,
    0x80, 0x3f, 0xf8, 0x6, 0x3, 0x80, 0x40, 0x38,
    0xc, 0x3, 0x81, 0x80, 0x3c, 0x18, 0x1, 0xc3,
    0x0, 0x1c, 0xfc, 0xf, 0xf0,

    /* U+0392 "Β" */
    0xf, 0xff, 0x0, 0x38, 0x78, 0x7, 0x7, 0x0,
    0xe0, 0x70, 0x3c, 0xe, 0x7, 0x1, 0xc0, 0xe0,
    0x38, 0x1c, 0xe, 0x7, 0x83, 0xc0, 0xe0, 0xe0,
    0x1f, 0xf0, 0x7, 0x87, 0x80, 0xe0, 0x78, 0x1c,
    0x7, 0x3, 0x80, 0xe0, 0xf0, 0x1c, 0x1c, 0x3,
    0x83, 0x80, 0xf0, 0xf0, 0x3c, 0x1e, 0xf, 0xf,
    0xff, 0x80,

    /* U+0393 "Γ" */
    0xf, 0xff, 0xf0, 0x1c, 0x7, 0x1, 0xc0, 0x30,
    0x3c, 0x2, 0x3, 0x80, 0x20, 0x38, 0x0, 0x3,
    0x80, 0x0, 0x70, 0x0, 0x7, 0x0, 0x0, 0x70,
    0x0, 0xf, 0x0, 0x0, 0xe0, 0x0, 0xe, 0x0,
    0x0, 0xe0, 0x0, 0x1c, 0x0, 0x1, 0xc0, 0x0,
    0x1c, 0x0, 0x3, 0xc0, 0x0, 0x38, 0x0, 0x3,
    0x80, 0x0, 0xff, 0x0, 0x0,

    /* U+0394 "Δ" */
    0x0, 0x2, 0x0, 0x0, 0x30, 0x0, 0x7, 0x0,
    0x0, 0xf0, 0x0, 0xf, 0x0, 0x1, 0xf0, 0x0,
    0x37, 0x80, 0x2, 0x78, 0x0, 0x43, 0x80, 0xc,
    0x38, 0x1, 0x83, 0x80, 0x10, 0x3c, 0x2, 0x3,
    0xc0, 0x60, 0x1c, 0x4, 0x1, 0xc0, 0x80, 0x1e,
    0x18, 0x1, 0xe3, 0x0, 0x1e, 0x20, 0x0, 0xe4,
    0x0, 0xe, 0xff, 0xff, 0xf0,

    /* U+0395 "Ε" */
    0xf, 0xff, 0xf0, 0x1c, 0x7, 0x1, 0xc0, 0x30,
    0x3c, 0x1, 0x3, 0x80, 0x20, 0x38, 0x0, 0x3,
    0x80, 0x0, 0x78, 0x20, 0x7, 0x2, 0x0, 0x70,
    0x60, 0x7, 0xfc, 0x0, 0xf0, 0x40, 0xe, 0x4,
    0x0, 0xe0, 0x40, 0x1e, 0x0, 0x1, 0xc0, 0x0,
    0x1c, 0x0, 0x41, 0xc0, 0xc, 0x3c, 0x1, 0x83,
    0xc0, 0x78, 0xff, 0xff, 0x0,

    /* U+0396 "Ζ" */
    0xf, 0xff, 0xe0, 0xc0, 0x1e, 0x10, 0x3, 0xc1,
    0x0, 0x78, 0x0, 0x7, 0x0, 0x0, 0xf0, 0x0,
    0x1e, 0x0, 0x3, 0xc0, 0x0, 0x78, 0x0, 0x7,
    0x0, 0x0, 0xf0, 0x0, 0x1e, 0x0, 0x3, 0xc0,
    0x0, 0x38, 0x0, 0x7, 0x0, 0x0, 0xf0, 0x0,
    0x1e, 0x0, 0x43, 0xc0, 0x8, 0x38, 0x1, 0x87,
    0x80, 0x78, 0xff, 0xff, 0x0,

    /* U+0397 "Η" */
    0xf, 0xf8, 0x7f, 0x80, 0xf0, 0xf, 0x0, 0x70,
    0x7, 0x0, 0x38, 0x3, 0x80, 0x3c, 0x1, 0xc0,
    0x1c, 0x1, 0xe0, 0xe, 0x0, 0xe0, 0x7, 0x0,
    0x70, 0x7, 0x80, 0x38, 0x3, 0x80, 0x38, 0x1,
    0xff, 0xfc, 0x1, 0xe0, 0xe, 0x0, 0xe0, 0xf,
    0x0, 0x70, 0x7, 0x0, 0x38, 0x3, 0x80, 0x3c,
    0x1, 0xc0, 0x1c, 0x1, 0xe0, 0xe, 0x0, 0xe0,
    0xf, 0x0, 0x70, 0x7, 0x80, 0x78, 0xf, 0xf0,
    0xff, 0x0,

    /* U+0398 "Θ" */
    0x0, 0x3f, 0x0, 0x7, 0xe, 0x0, 0x60, 0x38,
    0xe, 0x0, 0xe0, 0xe0, 0x7, 0xf, 0x0, 0x3c,
    0x70, 0x1, 0xe7, 0x0, 0x2f, 0x7b, 0x2, 0x7b,
    0xdf, 0xf3, 0x9c, 0xff, 0x9d, 0xe4, 0xd, 0xef,
    0x40, 0xe, 0x78, 0x0, 0xf3, 0xc0, 0x7, 0x1e,
    0x0, 0x78, 0x70, 0x3, 0x83, 0x80, 0x38, 0xe,
    0x3, 0x0, 0x38, 0x70, 0x0, 0xfc, 0x0, 0x0,

    /* U+0399 "Ι" */
    0x7, 0xf8, 0xe, 0x0, 0x70, 0x3, 0x80, 0x38,
    0x1, 0xc0, 0xe, 0x0, 0x70, 0x7, 0x0, 0x38,
    0x1, 0xc0, 0x1e, 0x0, 0xe0, 0x7, 0x0, 0x38,
    0x3, 0x80, 0x1c, 0x0, 0xe0, 0xf, 0x0, 0x78,
    0xf, 0xf0, 0x0,

    /* U+039A "Κ" */
    0xf, 0xf8, 0xfe, 0x3, 0xc0, 0x70, 0x7, 0x1,
    0xc0, 0xe, 0x6, 0x0, 0x3c, 0x18, 0x0, 0x70,
    0x60, 0x0, 0xe3, 0x0, 0x1, 0xcc, 0x0, 0x7,
    0x70, 0x0, 0xf, 0xc0, 0x0, 0x1f, 0xc0, 0x0,
    0x7b, 0x80, 0x0, 0xe3, 0x80, 0x1, 0xc7, 0x80,
    0x3, 0x87, 0x0, 0xf, 0xf, 0x0, 0x1c, 0xe,
    0x0, 0x38, 0xe, 0x0, 0xf0, 0x1e, 0x1, 0xe0,
    0x3c, 0xf, 0xf1, 0xff, 0x0,

    /* U+039B "Λ" */
    0x0, 0x4, 0x0, 0x1, 0x80, 0x0, 0x30, 0x0,
    0xf, 0x0, 0x3, 0xe0, 0x0, 0x5c, 0x0, 0x1b,
    0x80, 0x2, 0x70, 0x0, 0xce, 0x0, 0x10, 0xe0,
    0x4, 0x1c, 0x1, 0x83, 0x80, 0x20, 0x70, 0xc,
    0xe, 0x1, 0x1, 0xc0, 0x60, 0x1c, 0x18, 0x3,
    0x82, 0x0, 0x70, 0xc0, 0xe, 0x38, 0x1, 0xcf,
    0xc0, 0xfe,

    /* U+039C "Μ" */
    0x7, 0xe0, 0x1, 0xf8, 0xf, 0x0, 0x1f, 0x0,
    0x78, 0x1, 0xf0, 0x3, 0xc0, 0xf, 0x80, 0x1e,
    0x0, 0xfc, 0x1, 0xf0, 0xd, 0xc0, 0xb, 0x80,
    0x6e, 0x0, 0x4c, 0x6, 0x70, 0x6, 0x70, 0x67,
    0x0, 0x33, 0x82, 0x38, 0x1, 0x1c, 0x31, 0xc0,
    0x8, 0xe3, 0x1e, 0x0, 0xc7, 0x10, 0xe0, 0x4,
    0x39, 0x87, 0x0, 0x21, 0xd8, 0x38, 0x3, 0xe,
    0x83, 0x80, 0x18, 0x3c, 0x1c, 0x0, 0x81, 0xc0,
    0xe0, 0xc, 0xc, 0xf, 0x0, 0x60, 0x60, 0x78,
    0xf, 0xc2, 0x1f, 0xf0, 0x0,

    /* U+039D "Ν" */
    0xf, 0xc0, 0x7f, 0x1, 0xc0, 0xc, 0x1, 0xe0,
    0x8, 0x1, 0xe0, 0x18, 0x3, 0xe0, 0x18, 0x3,
    0x70, 0x10, 0x2, 0x70, 0x10, 0x2, 0x38, 0x30,
    0x6, 0x38, 0x30, 0x4, 0x38, 0x20, 0x4, 0x1c,
    0x20, 0xc, 0x1c, 0x60, 0xc, 0xe, 0x40, 0x8,
    0xe, 0x40, 0x8, 0x6, 0x40, 0x18, 0x7, 0xc0,
    0x18, 0x7, 0x80, 0x10, 0x3, 0x80, 0x30, 0x3,
    0x80, 0x30, 0x1, 0x0, 0xfc, 0x1, 0x0,

    /* U+039E "Ξ" */
    0x7, 0xff, 0xfc, 0x1f, 0xff, 0xf0, 0x40, 0x0,
    0x82, 0x0, 0x2, 0x8, 0x0, 0x8, 0x0, 0x0,
    0x0, 0x0, 0x0, 0x0, 0x80, 0x20, 0x1, 0x0,
    0x80, 0xf, 0xfc, 0x0, 0x3f, 0xf0, 0x0, 0xff,
    0xc0, 0x2, 0x1, 0x0, 0x10, 0x8, 0x0, 0x0,
    0x0, 0x0, 0x0, 0x0, 0x40, 0x0, 0x41, 0x0,
    0x1, 0x6, 0x0, 0x8, 0x1f, 0xff, 0xe0, 0xff,
    0xff, 0x80,

    /* U+039F "Ο" */
    0x0, 0x1f, 0x0, 0x7, 0xe, 0x0, 0x60, 0x38,
    0xe, 0x0, 0xe0, 0xe0, 0x7, 0xf, 0x0, 0x38,
    0x70, 0x1, 0xe7, 0x0, 0xf, 0x78, 0x0, 0x7b,
    0xc0, 0x3, 0x9c, 0x0, 0x3d, 0xe0, 0x1, 0xef,
    0x0, 0xe, 0x78, 0x0, 0xf3, 0xc0, 0x7, 0x1e,
    0x0, 0x70, 0x70, 0x3, 0x83, 0x80, 0x38, 0xe,
    0x3, 0x0, 0x38, 0x70, 0x0, 0xfc, 0x0, 0x0,

    /* U+03A0 "Π" */
    0xf, 0xff, 0xff, 0x80, 0xf0, 0x1e, 0x0, 0x70,
    0x7, 0x0, 0x78, 0x3, 0x80, 0x38, 0x3, 0xc0,
    0x1c, 0x1, 0xc0, 0xe, 0x0, 0xe0, 0xe, 0x0,
    0x70, 0x7, 0x0, 0x70, 0x3, 0x80, 0x38, 0x3,
    0x80, 0x1c, 0x1, 0xc0, 0x1e, 0x0, 0xe0, 0xe,
    0x0, 0x70, 0x7, 0x0, 0x70, 0x3, 0x80, 0x38,
    0x3, 0x80, 0x1c, 0x1, 0xc0, 0xe, 0x0, 0xe0,
    0xe, 0x0, 0xf0, 0x7, 0x0, 0x78, 0xf, 0xf1,
    0xff, 0x0,

    /* U+03A1 "Ρ" */
    0xf, 0xff, 0x0, 0x38, 0x78, 0x7, 0x7, 0x80,
    0xe0, 0x70, 0x3c, 0xe, 0x7, 0x1, 0xc0, 0xe0,
    0x38, 0x1c, 0x7, 0x7, 0x1, 0xc0, 0xe0, 0xf0,
    0x1f, 0xf8, 0x7, 0x80, 0x0, 0xe0, 0x0, 0x1c,
    0x0, 0x3, 0x80, 0x0, 0xe0, 0x0, 0x1c, 0x0,
    0x3, 0x80, 0x0, 0xf0, 0x0, 0x1e, 0x0, 0xf,
    0xf0, 0x0,

    /* U+03A3 "Σ" */
    0x3, 0xff, 0xfe, 0x3, 0xc0, 0x3c, 0x3, 0x80,
    0x18, 0x7, 0x80, 0x10, 0x7, 0x80, 0x20, 0x7,
    0x0, 0x0, 0x7, 0x0, 0x0, 0xf, 0x0, 0x0,
    0xf, 0x0, 0x0, 0xe, 0x0, 0x0, 0xe, 0x0,
    0x0, 0x30, 0x0, 0x0, 0xc0, 0x0, 0x3, 0x0,
    0x0, 0x1c, 0x0, 0x0, 0x60, 0x0, 0x1, 0x80,
    0x10, 0xe, 0x0, 0x20, 0x38, 0x0, 0x81, 0xff,
    0xff, 0x7, 0xff, 0xfe, 0x0,

    /* U+03A4 "Τ" */
    0x3f, 0xff, 0xee, 0x1e, 0x19, 0x3, 0x81, 0x20,
    0x70, 0x28, 0xe, 0x8, 0x3, 0xc0, 0x0, 0x70,
    0x0, 0xe, 0x0, 0x3, 0xc0, 0x0, 0x70, 0x0,
    0xe, 0x0, 0x1, 0xc0, 0x0, 0x78, 0x0, 0xe,
    0x0, 0x1, 0xc0, 0x0, 0x38, 0x0, 0xe, 0x0,
    0x1, 0xc0, 0x0, 0x38, 0x0, 0xf, 0x0, 0x7,
    0xfc, 0x0,

    /* U+03A5 "Υ" */
    0x3c, 0x1, 0xef, 0xc0, 0xff, 0xc, 0x38, 0xc1,
    0x8c, 0x0, 0x11, 0x80, 0x3, 0x60, 0x0, 0x78,
    0x0, 0xf, 0x0, 0x1, 0xc0, 0x0, 0x38, 0x0,
    0x7, 0x0, 0x1, 0xc0, 0x0, 0x38, 0x0, 0x7,
    0x0, 0x1, 0xe0, 0x0, 0x38, 0x0, 0x7, 0x0,
    0x0, 0xe0, 0x0, 0x3c, 0x0, 0x7, 0x80, 0x3,
    0xfc, 0x0,

    /* U+03A6 "Φ" */
    0x0, 0x7f, 0x80, 0x0, 0x78, 0x0, 0x1, 0xe0,
    0x0, 0x7f, 0xf0, 0xf, 0x1c, 0x70, 0x70, 0x70,
    0xe3, 0x83, 0xc1, 0xdc, 0xe, 0x7, 0x70, 0x38,
    0x1f, 0x80, 0xe0, 0x7e, 0x7, 0x1, 0xf8, 0x1c,
    0xf, 0xe0, 0x70, 0x3b, 0x81, 0xc1, 0xee, 0xe,
    0x7, 0x1c, 0x38, 0x78, 0x38, 0xe3, 0x80, 0x3f,
    0xf8, 0x0, 0x1c, 0x0, 0x0, 0x70, 0x0, 0x7,
    0xf0, 0x0,

    /* U+03A7 "Χ" */
    0x1f, 0xf1, 0xfc, 0xf, 0x1, 0xc0, 0x3c, 0x6,
    0x0, 0x70, 0x30, 0x1, 0xc1, 0x80, 0x3, 0x8c,
    0x0, 0xe, 0x60, 0x0, 0x3f, 0x0, 0x0, 0x78,
    0x0, 0x1, 0xe0, 0x0, 0x3, 0x80, 0x0, 0x1e,
    0x0, 0x0, 0xfc, 0x0, 0x6, 0x70, 0x0, 0x31,
    0xc0, 0x1, 0x83, 0x80, 0x4, 0xe, 0x0, 0x20,
    0x1c, 0x1, 0x80, 0x70, 0x1e, 0x3, 0xe0, 0xfe,
    0x3f, 0xe0,

    /* U+03A8 "Ψ" */
    0x70, 0x7f, 0x87, 0xfe, 0x7, 0x83, 0xf8, 0xc1,
    0xe1, 0x8c, 0x30, 0x70, 0x40, 0xc, 0x1c, 0x18,
    0x6, 0x7, 0x6, 0x3, 0x83, 0x81, 0x81, 0xc0,
    0xe0, 0x70, 0x70, 0x38, 0x1c, 0x38, 0x1e, 0x7,
    0xe, 0x7, 0x3, 0x81, 0x81, 0xc0, 0xe0, 0x70,
    0x70, 0x70, 0xe, 0x3c, 0x70, 0x0, 0xff, 0xf0,
    0x0, 0x3, 0x80, 0x0, 0x0, 0xe0, 0x0, 0x0,
    0x70, 0x0, 0x0, 0x1c, 0x0, 0x0, 0xf, 0x0,
    0x0, 0xf, 0xf0, 0x0, 0x0,

    /* U+03A9 "Ω" */
    0x0, 0xf, 0xe0, 0x0, 0x1c, 0x1c, 0x0, 0x38,
    0x7, 0x80, 0x38, 0x1, 0xe0, 0x38, 0x0, 0x70,
    0x38, 0x0, 0x38, 0x1c, 0x0, 0x1e, 0x1e, 0x0,
    0xf, 0xe, 0x0, 0x7, 0x87, 0x0, 0x3, 0x83,
    0x80, 0x3, 0xc1, 0xc0, 0x1, 0xe0, 0xe0, 0x1,
    0xe0, 0x70, 0x0, 0xe0, 0x3c, 0x0, 0xe0, 0xe,
    0x0, 0xe0, 0x3, 0x83, 0xc0, 0x20, 0x61, 0x81,
    0x30, 0x20, 0x81, 0x1f, 0xf0, 0xff, 0x8f, 0xf8,
    0x7f, 0xc0,

    /* U+03AA "Ϊ" */
    0x6, 0x1c, 0x1c, 0x70, 0x61, 0xc0, 0x0, 0x0,
    0x0, 0x1f, 0xe0, 0x1c, 0x0, 0x70, 0x1, 0xc0,
    0xe, 0x0, 0x38, 0x0, 0xe0, 0x3, 0x80, 0x1c,
    0x0, 0x70, 0x1, 0xc0, 0xf, 0x0, 0x38, 0x0,
    0xe0, 0x3, 0x80, 0x1c, 0x0, 0x70, 0x1, 0xc0,
    0xf, 0x0, 0x3c, 0x3, 0xfc, 0x0,

    /* U+03AB "Ϋ" */
    0x3, 0x86, 0x0, 0x71, 0xe0, 0xe, 0x18, 0x0,
    0x0, 0x0, 0x0, 0x0, 0x78, 0x3, 0xdf, 0x81,
    0xfe, 0x18, 0x71, 0x83, 0x18, 0x0, 0x23, 0x0,
    0x6, 0xc0, 0x0, 0xf0, 0x0, 0x1e, 0x0, 0x3,
    0x80, 0x0, 0x70, 0x0, 0xe, 0x0, 0x3, 0x80,
    0x0, 0x70, 0x0, 0xe, 0x0, 0x3, 0xc0, 0x0,
    0x70, 0x0, 0xe, 0x0, 0x1, 0xc0, 0x0, 0x78,
    0x0, 0xf, 0x0, 0x7, 0xf8, 0x0,

    /* U+03AC "ά" */
    0x0, 0xc, 0x0, 0xe, 0x0, 0x6, 0x0, 0x6,
    0x0, 0x2, 0x0, 0x2, 0x0, 0x1, 0x0, 0x0,
    0x0, 0x3, 0xe3, 0x87, 0x11, 0x87, 0x5, 0xc7,
    0x2, 0xc3, 0x1, 0x63, 0x80, 0xe1, 0xc0, 0x71,
    0xc0, 0x30, 0xe0, 0x38, 0x70, 0x18, 0x38, 0x1c,
    0x4c, 0x1b, 0x27, 0x19, 0xe0, 0xf0, 0x70,

    /* U+03AD "έ" */
    0x0, 0x30, 0x1, 0x80, 0x1c, 0x0, 0xc0, 0xc,
    0x0, 0x40, 0x4, 0x0, 0x0, 0x7, 0xe0, 0xe1,
    0xce, 0xe, 0x60, 0x3, 0x0, 0xc, 0x60, 0x1f,
    0x7, 0x0, 0x70, 0x7, 0x0, 0x38, 0x9, 0xc0,
    0x47, 0xc, 0x1f, 0x80,

    /* U+03AE "ή" */
    0x0, 0x0, 0x0, 0xc0, 0x7, 0x0, 0x18, 0x0,
    0xc0, 0x2, 0x0, 0x10, 0x0, 0x0, 0x38, 0x79,
    0x36, 0x69, 0xe0, 0xe7, 0x83, 0x1c, 0x8, 0x60,
    0x63, 0x81, 0x8e, 0x6, 0x30, 0x18, 0xc0, 0xc7,
    0x3, 0x18, 0x1c, 0x60, 0x73, 0x81, 0x80, 0xe,
    0x0, 0x38, 0x0, 0xe0, 0x7, 0x80, 0x1c, 0x0,
    0x70, 0x1, 0x80,

    /* U+03AF "ί" */
    0x0, 0xc0, 0x70, 0x18, 0xc, 0x2, 0x1, 0x80,
    0x40, 0x0, 0x1c, 0x6, 0x3, 0x80, 0xe0, 0x30,
    0xc, 0x7, 0x1, 0xc0, 0x60, 0x38, 0xe, 0x23,
    0x88, 0xe4, 0x1e, 0x0,

    /* U+03B0 "ΰ" */
    0x0, 0x30, 0x0, 0xe0, 0x7, 0x0, 0x18, 0x0,
    0xc0, 0x3, 0x0, 0xc9, 0x83, 0x6, 0x0, 0x0,
    0x0, 0x0, 0x0, 0xe, 0x6, 0x5c, 0x1e, 0x70,
    0xf9, 0xc1, 0xc7, 0x6, 0x18, 0x18, 0xe0, 0x63,
    0x81, 0xc, 0x4, 0x70, 0x21, 0xc0, 0x87, 0x4,
    0xc, 0x20, 0x1e, 0x0,

    /* U+03B1 "α" */
    0x3, 0xe3, 0x87, 0x11, 0x87, 0x5, 0xc7, 0x2,
    0xc3, 0x1, 0x63, 0x80, 0xe1, 0xc0, 0x71, 0xc0,
    0x30, 0xe0, 0x38, 0x70, 0x18, 0x38, 0x1c, 0x4c,
    0x1b, 0x27, 0x19, 0xe0, 0xf0, 0x70,

    /* U+03B2 "β" */
    0x0, 0x3e, 0x0, 0x63, 0x80, 0x60, 0xc0, 0x60,
    0x70, 0x20, 0x38, 0x30, 0x1c, 0x18, 0xc, 0x8,
    0xc, 0xc, 0xcc, 0x6, 0x78, 0x3, 0x3, 0x1,
    0x81, 0xc1, 0x80, 0x60, 0xc0, 0x30, 0x60, 0x18,
    0x30, 0x1c, 0x38, 0xe, 0x1c, 0x7, 0xd, 0x7,
    0x6, 0x87, 0x7, 0x3e, 0x3, 0x80, 0x1, 0xc0,
    0x1, 0xe0, 0x0, 0xe0, 0x0, 0x70, 0x0, 0x38,
    0x0, 0x18, 0x0, 0x0,

    /* U+03B3 "γ" */
    0x70, 0x1d, 0xe0, 0x7c, 0x81, 0xe3, 0x7, 0x4,
    0x18, 0x10, 0x60, 0x43, 0x1, 0x18, 0x4, 0xc0,
    0x16, 0x0, 0x60, 0x1, 0x0, 0x4, 0x0, 0x30,
    0x0, 0x80, 0x6, 0x0, 0x38, 0x0, 0xe0, 0x3,
    0x80, 0xe, 0x0, 0x30, 0x0,

    /* U+03B4 "δ" */
    0x0, 0xf8, 0x7, 0x18, 0xe, 0x10, 0x1c, 0x0,
    0x1c, 0x0, 0x38, 0x0, 0x38, 0x3, 0xf8, 0x1c,
    0x70, 0x70, 0x71, 0xc0, 0xe3, 0x80, 0xce, 0x1,
    0x9c, 0x3, 0x38, 0x6, 0x70, 0x1c, 0xe0, 0x31,
    0xc0, 0xe3, 0x83, 0x83, 0x8e, 0x3, 0xf0, 0x0,

    /* U+03B5 "ε" */
    0x7, 0xe0, 0xe1, 0xce, 0xe, 0x60, 0x3, 0x0,
    0xc, 0x60, 0x1f, 0x7, 0x0, 0x70, 0x7, 0x0,
    0x38, 0x9, 0xc0, 0x47, 0xc, 0x1f, 0x80,

    /* U+03B6 "ζ" */
    0x10, 0x79, 0x8f, 0xc3, 0xfc, 0x8, 0x0, 0x80,
    0x8, 0x0, 0x40, 0x4, 0x0, 0x20, 0x2, 0x0,
    0x10, 0x1, 0x80, 0x8, 0x0, 0x40, 0x2, 0x0,
    0x10, 0x0, 0x80, 0x4, 0x0, 0x30, 0x1, 0xfe,
    0x7, 0xf8, 0x0, 0x60, 0x3, 0x0, 0x18, 0xc0,
    0x87, 0x8, 0x1f, 0x80,

    /* U+03B7 "η" */
    0x38, 0x79, 0x36, 0x69, 0xe0, 0xe7, 0x83, 0x1c,
    0x8, 0x60, 0x63, 0x81, 0x8e, 0x6, 0x30, 0x18,
    0xc0, 0xc7, 0x3, 0x18, 0x1c, 0x60, 0x73, 0x81,
    0x80, 0xe, 0x0, 0x38, 0x0, 0xe0, 0x7, 0x80,
    0x1c, 0x0, 0x70, 0x1, 0x80,

    /* U+03B8 "θ" */
    0x0, 0xf0, 0x6, 0x38, 0x18, 0x30, 0x60, 0x71,
    0x80, 0xe7, 0x1, 0xcc, 0x3, 0xb8, 0x7, 0x70,
    0xe, 0xff, 0xff, 0x80, 0x77, 0x0, 0xee, 0x1,
    0xdc, 0x7, 0x38, 0xe, 0x70, 0x38, 0xc0, 0x71,
    0xc1, 0xc1, 0x83, 0x3, 0x1c, 0x3, 0xe0, 0x0,

    /* U+03B9 "ι" */
    0x1c, 0x30, 0xe1, 0xc3, 0x6, 0x1c, 0x38, 0x61,
    0xc3, 0x8f, 0x1e, 0x4f, 0x0,

    /* U+03BA "κ" */
    0xe, 0x1c, 0x78, 0x7c, 0x31, 0xb8, 0xe2, 0x1,
    0xc8, 0x3, 0x20, 0x7, 0xc0, 0x1c, 0xc0, 0x31,
    0xc0, 0x61, 0x81, 0xc3, 0x83, 0x87, 0x16, 0x6,
    0x4c, 0xf, 0x0,

    /* U+03BB "λ" */
    0x3, 0x80, 0x1e, 0x0, 0x4c, 0x2, 0x10, 0x0,
    0x40, 0x1, 0x0, 0x4, 0x0, 0x30, 0x0, 0xc0,
    0x7, 0x0, 0x3c, 0x0, 0xf0, 0x7, 0x40, 0x3d,
    0x0, 0xe4, 0x7, 0x10, 0x1c, 0x40, 0xe1, 0x17,
    0x6, 0x5c, 0x1e, 0xe0, 0x38,

    /* U+03BC "μ" */
    0x7, 0x7, 0x6, 0x7, 0xe, 0x6, 0xe, 0x6,
    0xc, 0xe, 0xc, 0xe, 0x1c, 0xc, 0x1c, 0x1c,
    0x18, 0x1c, 0x18, 0x38, 0x38, 0x59, 0x38, 0x79,
    0x58, 0x9a, 0x4f, 0x1c, 0x40, 0x0, 0x40, 0x0,
    0x40, 0x0, 0xe0, 0x0, 0xe0, 0x0, 0xe0, 0x0,
    0x60, 0x0,

    /* U+03BD "ν" */
    0x38, 0xd, 0x70, 0x79, 0xc1, 0xe7, 0x7, 0xc,
    0x1c, 0x30, 0x60, 0xc1, 0x83, 0x4, 0xe, 0x20,
    0x39, 0x80, 0xec, 0x3, 0xe0, 0xe, 0x0, 0x10,
    0x0,

    /* U+03BE "ξ" */
    0xc, 0x0, 0x60, 0x1, 0x83, 0xc3, 0x1f, 0x3,
    0xe0, 0x8, 0x0, 0xc0, 0x2, 0x0, 0x10, 0x0,
    0x43, 0xc1, 0xff, 0x3, 0xf8, 0x10, 0x0, 0x80,
    0x2, 0x0, 0x10, 0x0, 0xc0, 0x3, 0x0, 0xe,
    0x0, 0x1f, 0xf8, 0x3f, 0xf0, 0x0, 0xc0, 0x1,
    0x0, 0x4, 0x38, 0x20, 0x61, 0x0, 0xf8, 0x0,

    /* U+03BF "ο" */
    0x3, 0xe0, 0x30, 0xe1, 0x81, 0xcc, 0x3, 0x60,
    0xf, 0x80, 0x3e, 0x1, 0xf0, 0x7, 0xc0, 0x1f,
    0x0, 0xee, 0x3, 0x38, 0x18, 0x70, 0xc0, 0x7c,
    0x0,

    /* U+03C0 "π" */
    0x3, 0xff, 0xf0, 0x7f, 0xfe, 0x8, 0x86, 0x1,
    0x10, 0x60, 0x1, 0xe, 0x0, 0x10, 0xe0, 0x1,
    0xc, 0x0, 0x21, 0xc0, 0x2, 0x1c, 0x0, 0x21,
    0xc0, 0x4, 0x18, 0x40, 0x41, 0x88, 0xe8, 0x19,
    0x87, 0x0, 0xe0,

    /* U+03C1 "ρ" */
    0x3, 0xf0, 0x18, 0x61, 0xc1, 0xce, 0x3, 0x30,
    0xd, 0xc0, 0x36, 0x0, 0xd8, 0x7, 0xe0, 0x1f,
    0x80, 0x6e, 0x3, 0x38, 0x18, 0xb0, 0xc2, 0x7c,
    0x8, 0x0, 0x30, 0x0, 0x7e, 0x0, 0xfc, 0x0,
    0x70, 0x0, 0x40, 0x0, 0x0,

    /* U+03C2 "ς" */
    0x3, 0xe0, 0x61, 0xc6, 0xe, 0x60, 0x76, 0x1,
    0xa0, 0x1, 0x0, 0x18, 0x0, 0xc0, 0x6, 0x0,
    0x38, 0x0, 0xf0, 0x7, 0xf0, 0x1f, 0xc0, 0xf,
    0x0, 0x18, 0x0, 0x86, 0x4, 0x38, 0x40, 0xfc,
    0x0,

    /* U+03C3 "σ" */
    0x3, 0xe1, 0xc, 0x1e, 0x38, 0xf0, 0x71, 0x38,
    0x60, 0x18, 0xe0, 0x18, 0xe0, 0x18, 0xc0, 0x38,
    0xc0, 0x38, 0xc0, 0x30, 0xc0, 0x60, 0xe0, 0xe0,
    0x61, 0x80, 0x3f, 0x0,

    /* U+03C4 "τ" */
    0x3f, 0xfb, 0xff, 0xb1, 0x81, 0xc, 0x0, 0xe0,
    0x7, 0x0, 0x30, 0x3, 0x80, 0x1c, 0x0, 0xe2,
    0x6, 0x10, 0x31, 0x1, 0x90, 0x7, 0x0,

    /* U+03C5 "υ" */
    0x38, 0x19, 0x70, 0x79, 0xc3, 0xe7, 0x7, 0x1c,
    0x18, 0x60, 0x63, 0x81, 0x8e, 0x4, 0x30, 0x11,
    0xc0, 0x87, 0x2, 0x1c, 0x10, 0x30, 0x80, 0x78,
    0x0,

    /* U+03C6 "φ" */
    0x7, 0x8f, 0x7, 0x26, 0x23, 0x83, 0x5, 0xc1,
    0x81, 0x60, 0x60, 0x78, 0x38, 0x1e, 0xc, 0x7,
    0x83, 0x2, 0xc1, 0xc0, 0xb0, 0x70, 0x4e, 0x18,
    0x21, 0x86, 0x18, 0x33, 0x98, 0x7, 0xf8, 0x0,
    0x30, 0x0, 0xc, 0x0, 0x7, 0x0, 0x1, 0xc0,
    0x0, 0x60, 0x0, 0x18, 0x0, 0xe, 0x0, 0x0,

    /* U+03C7 "χ" */
    0x3, 0x1, 0xc1, 0xe0, 0xe0, 0x88, 0x70, 0x22,
    0x3c, 0x0, 0x8e, 0x0, 0x27, 0x0, 0xf, 0x80,
    0x1, 0xe0, 0x0, 0x70, 0x0, 0x38, 0x0, 0xe,
    0x0, 0x7, 0x0, 0x3, 0xc0, 0x1, 0xd0, 0x0,
    0x74, 0x0, 0x39, 0x0, 0x1c, 0x20, 0x7, 0x8,
    0x83, 0x82, 0x61, 0xc0, 0xf0, 0x60, 0x18, 0x0,

    /* U+03C8 "ψ" */
    0x0, 0x4, 0x0, 0x0, 0x40, 0x0, 0x8, 0x0,
    0x0, 0x80, 0x3c, 0x8, 0x74, 0xc1, 0x87, 0x8e,
    0x18, 0x78, 0xe1, 0x7, 0x8c, 0x10, 0x71, 0xc3,
    0x6, 0x1c, 0x30, 0x61, 0x82, 0x4, 0x38, 0x60,
    0xc3, 0x86, 0x8, 0x38, 0x61, 0x81, 0x8e, 0x30,
    0x1c, 0xce, 0x0, 0x7f, 0x80, 0x0, 0xc0, 0x0,
    0x1c, 0x0, 0x1, 0xc0, 0x0, 0x18, 0x0, 0x3,
    0x80, 0x0, 0x38, 0x0, 0x3, 0x80, 0x0,

    /* U+03C9 "ω" */
    0x7, 0x1, 0x80, 0xc0, 0x6, 0x38, 0x30, 0x63,
    0x7, 0x7, 0x70, 0x70, 0x7e, 0x6, 0x7, 0xe0,
    0x60, 0x7e, 0x4, 0xe, 0xc0, 0xc0, 0xec, 0xc,
    0xc, 0xc0, 0xc1, 0xcc, 0x14, 0x38, 0x62, 0x47,
    0x3, 0xc3, 0xc0,

    /* U+03CA "ϊ" */
    0x60, 0xdc, 0x76, 0xc, 0x0, 0x0, 0x7, 0x1,
    0xc0, 0x60, 0x38, 0xe, 0x3, 0x0, 0xc0, 0x70,
    0x1c, 0x6, 0x3, 0x88, 0xe2, 0x19, 0x7, 0x80,

    /* U+03CB "ϋ" */
    0x1c, 0x30, 0x71, 0xe1, 0xc3, 0x0, 0x0, 0x0,
    0x0, 0xe0, 0x65, 0xc1, 0xe7, 0xf, 0x9c, 0x1c,
    0x70, 0x61, 0x81, 0x8e, 0x6, 0x38, 0x10, 0xc0,
    0x47, 0x2, 0x1c, 0x8, 0x70, 0x40, 0xc2, 0x1,
    0xe0, 0x0,

    /* U+03CC "ό" */
    0x0, 0x18, 0x0, 0xe0, 0x3, 0x0, 0x1c, 0x0,
    0x60, 0x1, 0x0, 0x8, 0x0, 0x0, 0x3, 0xe0,
    0x30, 0xe1, 0x81, 0xcc, 0x3, 0x60, 0xf, 0x80,
    0x3e, 0x1, 0xf0, 0x7, 0xc0, 0x1f, 0x0, 0xee,
    0x3, 0x38, 0x18, 0x70, 0xc0, 0x7c, 0x0,

    /* U+03CD "ύ" */
    0x0, 0x30, 0x1, 0xc0, 0x6, 0x0, 0x30, 0x0,
    0x80, 0x6, 0x0, 0x10, 0x0, 0x0, 0x38, 0x19,
    0x70, 0x79, 0xc3, 0xe7, 0x7, 0x1c, 0x18, 0x60,
    0x63, 0x81, 0x8e, 0x4, 0x30, 0x11, 0xc0, 0x87,
    0x2, 0x1c, 0x10, 0x30, 0x80, 0x78, 0x0,

    /* U+03CE "ώ" */
    0x0, 0x6, 0x0, 0x0, 0x60, 0x0, 0xe, 0x0,
    0x0, 0xc0, 0x0, 0x18, 0x0, 0x1, 0x0, 0x0,
    0x20, 0x0, 0x0, 0x0, 0x7, 0x1, 0x80, 0xc0,
    0x6, 0x38, 0x30, 0x63, 0x7, 0x7, 0x70, 0x70,
    0x7e, 0x6, 0x7, 0xe0, 0x60, 0x7e, 0x4, 0xe,
    0xc0, 0xc0, 0xec, 0xc, 0xc, 0xc0, 0xc1, 0xcc,
    0x14, 0x38, 0x62, 0x47, 0x3, 0xc3, 0xc0,

    /* U+03D0 "ϐ" */
    0x0, 0x1e, 0x0, 0x61, 0x1, 0x81, 0x2, 0x2,
    0x4, 0xc, 0x8, 0x70, 0x1f, 0x80, 0x10, 0x0,
    0x20, 0x0, 0x23, 0xf0, 0x4c, 0x38, 0x58, 0x1c,
    0x70, 0x1c, 0xe0, 0x1c, 0xe0, 0x1c, 0xe0, 0x1c,
    0xc0, 0x1c, 0xc0, 0x18, 0xc0, 0x38, 0xc0, 0x30,
    0xe0, 0x60, 0x71, 0xc0, 0x3f, 0x0,

    /* U+03D1 "ϑ" */
    0x0, 0x3c, 0x0, 0x31, 0x80, 0x18, 0x60, 0x6,
    0xc, 0x3, 0x87, 0x0, 0xe1, 0xc0, 0x38, 0x70,
    0xe, 0x1c, 0x1, 0xc7, 0xe, 0x1f, 0xe5, 0xc0,
    0x66, 0x30, 0x39, 0x9c, 0xe, 0x7, 0x3, 0x81,
    0xc0, 0xc0, 0x60, 0x70, 0x38, 0x1c, 0xe, 0x6,
    0x3, 0x3, 0x80, 0xc0, 0xc0, 0x30, 0x60, 0xe,
    0x30, 0x1, 0xf0, 0x0,

    /* U+03D2 "ϒ" */
    0xf8, 0x3, 0x8f, 0x3, 0x30, 0xe1, 0x1c, 0x1c,
    0xcf, 0x7, 0x23, 0x80, 0xf8, 0x40, 0x3c, 0x0,
    0xf, 0x0, 0x3, 0x80, 0x1, 0xe0, 0x0, 0x78,
    0x0, 0x1c, 0x0, 0x7, 0x0, 0x1, 0xc0, 0x0,
    0xe0, 0x0, 0x38, 0x0, 0xe, 0x0, 0x3, 0x80,
    0x1, 0xc0, 0x0, 0x70, 0x0, 0x7f, 0x80, 0x0,

    /* U+03D3 "ϓ" */
    0x18, 0x0, 0x0, 0x3f, 0xe0, 0x1e, 0x70, 0xf0,
    0x23, 0x60, 0x38, 0x47, 0x40, 0x1c, 0x8f, 0x80,
    0x1d, 0x8e, 0x0, 0x1d, 0x4, 0x0, 0x1f, 0x0,
    0x0, 0x1e, 0x0, 0x0, 0x1e, 0x0, 0x0, 0x1e,
    0x0, 0x0, 0x1c, 0x0, 0x0, 0x1c, 0x0, 0x0,
    0x1c, 0x0, 0x0, 0x3c, 0x0, 0x0, 0x38, 0x0,
    0x0, 0x38, 0x0, 0x0, 0x38, 0x0, 0x0, 0x70,
    0x0, 0x0, 0x70, 0x0, 0x0, 0x70, 0x0, 0x1,
    0xfc, 0x0,

    /* U+03D4 "ϔ" */
    0x7, 0xc, 0x0, 0xe3, 0xc0, 0x1c, 0x30, 0x0,
    0x0, 0x0, 0x0, 0x1, 0xf8, 0x3, 0x87, 0x81,
    0x98, 0x38, 0x47, 0x3, 0x91, 0xe0, 0x76, 0x38,
    0xe, 0x80, 0x0, 0xf0, 0x0, 0x3e, 0x0, 0x7,
    0x80, 0x0, 0xf0, 0x0, 0x1c, 0x0, 0x3, 0x80,
    0x0, 0x70, 0x0, 0x1e, 0x0, 0x3, 0x80, 0x0,
    0x70, 0x0, 0xe, 0x0, 0x3, 0x80, 0x0, 0x70,
    0x0, 0xe, 0x0, 0x7, 0xf0, 0x0,

    /* U+03D5 "ϕ" */
    0x0, 0x8, 0x0, 0x4, 0x0, 0x1, 0x0, 0x0,
    0x40, 0x0, 0x10, 0x0, 0xc, 0x0, 0x2, 0x0,
    0x7, 0xf0, 0xe, 0x67, 0x6, 0x18, 0xe3, 0x6,
    0x1d, 0x81, 0x7, 0xe0, 0xc1, 0xf8, 0x30, 0x7c,
    0xc, 0x1f, 0x6, 0xe, 0xc1, 0x83, 0xb8, 0x61,
    0xce, 0x18, 0xe1, 0xcc, 0x70, 0x1f, 0xe0, 0x0,
    0xc0, 0x0, 0x70, 0x0, 0x18, 0x0, 0x6, 0x0,
    0x1, 0x80, 0x0, 0xe0, 0x0, 0x30, 0x0,

    /* U+03D6 "ϖ" */
    0xf, 0xff, 0xfc, 0x7f, 0xff, 0xf2, 0xc0, 0x6,
    0x16, 0x0, 0x18, 0x38, 0x30, 0x30, 0xc1, 0xc0,
    0xc7, 0x7, 0x7, 0x18, 0x18, 0x1c, 0xe0, 0x60,
    0x73, 0x81, 0x81, 0xce, 0x4, 0xe, 0x38, 0x30,
    0x38, 0xe0, 0xc1, 0xc3, 0x85, 0x6, 0x6, 0x32,
    0x30, 0xf, 0xf, 0x80,

    /* U+03D7 "ϗ" */
    0x38, 0xc, 0x78, 0x3d, 0x10, 0x72, 0x21, 0xc0,
    0x47, 0x80, 0x9c, 0x2, 0xf0, 0x7, 0xa0, 0x1c,
    0x40, 0x70, 0x81, 0xc3, 0x27, 0x86, 0x4e, 0xf,
    0x98, 0xf, 0x0, 0x2, 0x0, 0x8, 0x3, 0x10,
    0x6, 0x40, 0x7, 0x0,

    /* U+03D8 "Ϙ" */
    0x7, 0xff, 0xc7, 0x87, 0x83, 0x81, 0xc1, 0xc0,
    0x70, 0xf0, 0x1c, 0x38, 0xf, 0xe, 0x3, 0x83,
    0x80, 0xe0, 0xe0, 0x38, 0x1c, 0x1c, 0x7, 0x87,
    0x0, 0x7f, 0xc0, 0x0, 0xf0, 0x0, 0x38, 0x0,
    0xe, 0x0, 0x3, 0x80, 0x1, 0xe0, 0x0, 0x70,
    0x0, 0x1c, 0x0, 0xf, 0x0, 0xf, 0xf0, 0x0,

    /* U+03D9 "ϙ" */
    0x3, 0xf0, 0x1c, 0x78, 0x60, 0x71, 0x80, 0x77,
    0x0, 0xec, 0x1, 0xf8, 0x3, 0xf0, 0x7, 0xe0,
    0x1d, 0xc0, 0x3b, 0x80, 0x67, 0x1, 0x8e, 0x6,
    0xe, 0x18, 0x7, 0xc0, 0x6, 0x0, 0xc, 0x0,
    0x38, 0x0, 0x70, 0x0, 0xc0, 0x3, 0x80, 0x0,

    /* U+03DA "Ϛ" */
    0x1, 0xf8, 0xe, 0xe, 0x1c, 0xf, 0x38, 0x7,
    0x70, 0x7, 0x70, 0x7, 0xf0, 0x0, 0xe0, 0x0,
    0xe0, 0x0, 0xf0, 0x0, 0x70, 0x0, 0x38, 0x0,
    0xf, 0xc0, 0x3, 0x80, 0x3, 0x80, 0x3, 0x80,
    0x7, 0x80, 0x7, 0x0, 0x7, 0x0, 0xf, 0x0,
    0x3f, 0xc0,

    /* U+03DB "ϛ" */
    0x3, 0xff, 0xf, 0xfe, 0x1c, 0x0, 0x30, 0x0,
    0x20, 0x0, 0x60, 0x0, 0x40, 0x0, 0x40, 0x0,
    0xc0, 0x0, 0xc0, 0x0, 0xc0, 0x0, 0x60, 0x0,
    0x7f, 0x80, 0x3f, 0xc0, 0x0, 0xc0, 0x0, 0x60,
    0x0, 0x40, 0x60, 0x40, 0x71, 0x80, 0x3e, 0x0,

    /* U+03DC "Ϝ" */
    0x7, 0xff, 0xf8, 0xf, 0x1, 0x80, 0x70, 0x4,
    0x3, 0x80, 0x20, 0x1c, 0x1, 0x1, 0xe0, 0x0,
    0xe, 0x0, 0x0, 0x70, 0x0, 0x7, 0x80, 0x0,
    0x3c, 0x0, 0x1, 0xff, 0x80, 0xe, 0xc, 0x0,
    0xf0, 0x40, 0x7, 0x2, 0x0, 0x38, 0x0, 0x3,
    0xc0, 0x0, 0x1c, 0x0, 0x0, 0xe0, 0x0, 0x7,
    0x0, 0x0, 0x78, 0x0, 0xf, 0xf0, 0x0, 0x0,

    /* U+03DD "ϝ" */
    0x0, 0x7c, 0x40, 0x3f, 0xe0, 0x18, 0x70, 0xc,
    0x0, 0x2, 0x0, 0x1, 0x0, 0x0, 0x40, 0x0,
    0x10, 0x0, 0x8, 0x0, 0x2, 0xe2, 0x0, 0xff,
    0x0, 0x23, 0x80, 0x10, 0x0, 0x4, 0x0, 0x1,
    0x0, 0x0, 0x40, 0x0, 0x20, 0x0, 0x18, 0x0,
    0xe, 0x0, 0x3, 0x80, 0x0, 0xc0, 0x0, 0x0,

    /* U+03DE "Ϟ" */
    0x78, 0x0, 0x1e, 0x0, 0x0, 0x40, 0x0, 0x10,
    0x0, 0xc, 0x0, 0xc2, 0x0, 0xe0, 0x80, 0xf8,
    0x60, 0xfc, 0x10, 0xff, 0x4, 0xff, 0x42, 0xff,
    0x20, 0xff, 0x8, 0x3f, 0x4, 0x1f, 0x1, 0x7,
    0x0, 0x43, 0x0, 0x20, 0x0, 0x8, 0x0, 0x2,
    0x0, 0x0, 0xf0, 0x0, 0x3c, 0x0, 0x7, 0x0,

    /* U+03DF "ϟ" */
    0x6, 0x1, 0xe0, 0x3c, 0x1, 0x80, 0x20, 0x8,
    0x1, 0x0, 0x40, 0x10, 0x4, 0x0, 0xff, 0xbf,
    0xf0, 0x4, 0x1, 0x80, 0x60, 0xc, 0x3, 0x0,
    0xe0, 0x38, 0x6, 0x1, 0xc0, 0x70, 0x1e, 0x3,
    0x80, 0xf0, 0x1c, 0x3, 0x0, 0x0,

    /* U+03E0 "Ϡ" */
    0x0, 0x2, 0x0, 0x0, 0xc, 0x0, 0x0, 0x38,
    0x0, 0x0, 0x78, 0x0, 0x1, 0xf0, 0x0, 0x2,
    0xe0, 0x0, 0xd, 0xe0, 0x0, 0x11, 0xc0, 0x0,
    0x43, 0x80, 0x1, 0x87, 0x80, 0x2, 0x7, 0x0,
    0xc, 0x1e, 0x0, 0x10, 0x3e, 0x0, 0x60, 0xfc,
    0x1, 0x83, 0x38, 0x2, 0x4, 0x70, 0xc, 0x18,
    0xf0, 0x10, 0x20, 0xe0, 0x60, 0xc1, 0xc1, 0xc3,
    0x87, 0xcf, 0xcf, 0xbf, 0xe0,

    /* U+03E1 "ϡ" */
    0x3, 0x80, 0x7, 0xc0, 0x4, 0x40, 0x4, 0x60,
    0x0, 0x20, 0x0, 0x20, 0x0, 0x60, 0x0, 0xe0,
    0x0, 0xe0, 0x1, 0xe0, 0x3, 0xe0, 0x3, 0xa0,
    0x7, 0x30, 0xf, 0x70, 0xe, 0x70, 0x1c, 0xf0,
    0x1c, 0xf0, 0x39, 0xd1, 0x73, 0x99, 0x73, 0x8f,
    0xe7, 0xe, 0xf, 0x0, 0xe, 0x0, 0x1c, 0x0,
    0x1c, 0x0, 0x38, 0x0, 0x70, 0x0, 0x70, 0x0,

    /* U+03F0 "ϰ" */
    0x1c, 0x6, 0x7c, 0x1c, 0x98, 0x7a, 0x30, 0xe4,
    0x43, 0x80, 0x8e, 0x1, 0x68, 0x3, 0x90, 0x1c,
    0x40, 0x70, 0x81, 0xc1, 0x13, 0x82, 0x2e, 0x7,
    0xd8, 0xe, 0x0,

    /* U+03F1 "ϱ" */
    0x1, 0xf8, 0xc, 0x38, 0x30, 0x38, 0xc0, 0x73,
    0x80, 0xe6, 0x1, 0xdc, 0x3, 0xb8, 0x7, 0x70,
    0xf, 0xe0, 0x3b, 0xc0, 0x65, 0x81, 0x8b, 0x86,
    0x11, 0xf0, 0x20, 0x0, 0x60, 0x0, 0x60, 0x0,
    0xfe, 0x0, 0x7e, 0x0, 0x4, 0x0, 0x8, 0x0,

    /* U+03F2 "ϲ" */
    0x3, 0xf0, 0x38, 0x61, 0xc0, 0xce, 0x0, 0x70,
    0x3, 0xc0, 0xf, 0x0, 0x38, 0x0, 0xe0, 0x3,
    0x80, 0xe, 0x0, 0x38, 0x8, 0x70, 0xc0, 0xfc,
    0x0,

    /* U+03F3 "ϳ" */
    0x0, 0x30, 0x7, 0x0, 0x30, 0x0, 0x0, 0x0,
    0x0, 0x0, 0x0, 0x6, 0x3, 0xe0, 0xe, 0x0,
    0xe0, 0xc, 0x0, 0xc0, 0xc, 0x1, 0xc0, 0x18,
    0x1, 0x80, 0x38, 0x3, 0x80, 0x30, 0x3, 0x0,
    0x70, 0x7, 0x0, 0x60, 0x6, 0xc, 0xc0, 0xd8,
    0x7, 0x0,

    /* U+03F4 "ϴ" */
    0x0, 0x3f, 0x0, 0x7, 0xe, 0x0, 0x60, 0x38,
    0xe, 0x0, 0xe0, 0xe0, 0x7, 0xf, 0x0, 0x3c,
    0x70, 0x1, 0xe7, 0x0, 0xf, 0x78, 0x0, 0x7b,
    0xff, 0xff, 0x9c, 0x0, 0x3d, 0xe0, 0x1, 0xef,
    0x0, 0xe, 0x78, 0x0, 0xf3, 0xc0, 0x7, 0x1e,
    0x0, 0x78, 0x70, 0x3, 0x83, 0x80, 0x38, 0xe,
    0x3, 0x0, 0x38, 0x70, 0x0, 0xfc, 0x0, 0x0,

    /* U+03F5 "ϵ" */
    0x1, 0xc1, 0x80, 0xc0, 0x60, 0x30, 0x1c, 0x7,
    0xe3, 0x80, 0xe0, 0x38, 0xe, 0x1, 0x80, 0x70,
    0x7, 0x0,

    /* U+03F6 "϶" */
    0x38, 0xc, 0x6, 0x7, 0x7, 0x7, 0x7f, 0x7,
    0x7, 0xe, 0xe, 0x1c, 0x38, 0xe0,

    /* U+03F7 "Ϸ" */
    0x7, 0xf0, 0x0, 0x78, 0x0, 0x1c, 0x0, 0x7,
    0x0, 0x3, 0xc0, 0x0, 0xff, 0x80, 0x38, 0x78,
    0xe, 0xf, 0x7, 0x81, 0xc1, 0xc0, 0x70, 0x70,
    0x1c, 0x3c, 0x7, 0xf, 0x3, 0xc3, 0x80, 0xe0,
    0xe0, 0xf0, 0x7f, 0xf0, 0x1c, 0x0, 0x7, 0x0,
    0x1, 0xc0, 0x0, 0xf0, 0x0, 0xff, 0x0, 0x0,

    /* U+03F8 "ϸ" */
    0x7, 0x0, 0x19, 0x80, 0x11, 0x80, 0x21, 0x80,
    0x3, 0x80, 0x3, 0x0, 0x3, 0x0, 0x3, 0x3c,
    0x7, 0xce, 0x7, 0x7, 0x6, 0x7, 0xe, 0x7,
    0xc, 0x7, 0xc, 0x7, 0xc, 0xe, 0x18, 0xe,
    0x18, 0x1c, 0x18, 0x18, 0x18, 0x30, 0x38, 0xe0,
    0x37, 0x80, 0x30, 0x0, 0x30, 0x0, 0x70, 0x0,
    0x60, 0x0, 0x60, 0x0, 0xe0, 0x0, 0xe0, 0x0,

    /* U+03F9 "Ϲ" */
    0x0, 0x3f, 0x0, 0x1e, 0xc, 0x3, 0x80, 0x20,
    0xf0, 0x0, 0x1e, 0x0, 0x1, 0xc0, 0x0, 0x3c,
    0x0, 0x7, 0x80, 0x0, 0x78, 0x0, 0x7, 0x0,
    0x0, 0xf0, 0x0, 0xf, 0x0, 0x0, 0xf0, 0x0,
    0xf, 0x0, 0x0, 0xf0, 0x0, 0xf, 0x0, 0x0,
    0x70, 0x0, 0x87, 0x80, 0x10, 0x38, 0x2, 0x1,
    0xe0, 0xc0, 0x7, 0xf0, 0x0,

    /* U+03FA "Ϻ" */
    0x7, 0xe0, 0x1, 0xf8, 0xf, 0x80, 0x1f, 0x0,
    0x3c, 0x1, 0xf8, 0x3, 0xe0, 0xb, 0x80, 0x17,
    0x0, 0xdc, 0x0, 0x9c, 0xd, 0xe0, 0xc, 0xe0,
    0xce, 0x0, 0x67, 0xc, 0x70, 0x2, 0x1c, 0xc3,
    0x80, 0x30, 0xec, 0x3c, 0x1, 0x87, 0xc1, 0xc0,
    0x8, 0x1c, 0xe, 0x0, 0x40, 0xc0, 0xf0, 0x6,
    0x4, 0x7, 0x0, 0x30, 0x0, 0x38, 0x1, 0x0,
    0x1, 0xc0, 0x18, 0x0, 0x1e, 0x0, 0xc0, 0x0,
    0xe0, 0x6, 0x0, 0x7, 0x0, 0x70, 0x0, 0x78,
    0xf, 0xe0, 0xf, 0xf0, 0x0,

    /* U+03FB "ϻ" */
    0x3, 0xc1, 0xe0, 0x18, 0x98, 0xc0, 0xc1, 0x43,
    0x3, 0x6, 0xe, 0x8, 0x18, 0x30, 0x60, 0x60,
    0xc1, 0x83, 0x7, 0x6, 0xc, 0x1c, 0x18, 0x30,
    0xe0, 0xe1, 0xc3, 0x83, 0x7, 0xe, 0x4c, 0x3c,
    0x32, 0x30, 0x70, 0xc9, 0xc0, 0x1, 0xc7, 0x0,
    0x0, 0x1c, 0x0, 0x0, 0xe0, 0x0, 0x3, 0x80,
    0x0, 0xe, 0x0, 0x0, 0x38, 0x0, 0x0, 0xc0,
    0x0, 0x0,

    /* U+03FC "ϼ" */
    0x0, 0x3f, 0x0, 0x18, 0x60, 0x1c, 0x1c, 0x6,
    0x3, 0x3, 0x0, 0xc1, 0xc0, 0x30, 0x60, 0xc,
    0x38, 0x7, 0xe, 0x1, 0xc3, 0x80, 0x60, 0xe0,
    0x30, 0x78, 0x18, 0x1b, 0xc, 0x6, 0x7c, 0x1,
    0x80, 0x0, 0x62, 0x0, 0x1f, 0x80, 0xf, 0x0,
    0xf, 0xc0, 0x0, 0x70, 0x0, 0xc, 0x0, 0x0,

    /* U+03FD "Ͻ" */
    0x0, 0xfc, 0x0, 0x30, 0x70, 0xc, 0x3, 0x81,
    0x0, 0x1c, 0x0, 0x1, 0xe0, 0x0, 0xe, 0x0,
    0x0, 0xe0, 0x0, 0xe, 0x0, 0x0, 0xf0, 0x0,
    0xe, 0x0, 0x0, 0xe0, 0x0, 0x1e, 0x0, 0x1,
    0xe0, 0x0, 0x1c, 0x0, 0x3, 0xc0, 0x0, 0x38,
    0x0, 0x7, 0x8, 0x0, 0xe0, 0x40, 0x1c, 0x3,
    0x7, 0x0, 0xf, 0xc0, 0x0,

    /* U+03FE "Ͼ" */
    0x0, 0x3f, 0x0, 0x1e, 0xc, 0x3, 0x80, 0x20,
    0xf0, 0x2, 0x1e, 0x0, 0x1, 0xc0, 0x0, 0x3c,
    0x0, 0x7, 0x80, 0x0, 0x78, 0x0, 0x7, 0x3,
    0x0, 0xf0, 0x78, 0xf, 0x3, 0x0, 0xf0, 0x0,
    0xf, 0x0, 0x0, 0xf0, 0x0, 0xf, 0x0, 0x0,
    0x70, 0x0, 0x87, 0x80, 0x10, 0x38, 0x2, 0x1,
    0xe0, 0xc0, 0x7, 0xf0, 0x0,

    /* U+03FF "Ͽ" */
    0x0, 0xfc, 0x0, 0x30, 0x70, 0xc, 0x3, 0x81,
    0x80, 0x1c, 0x20, 0x1, 0xe0, 0x0, 0xe, 0x0,
    0x0, 0xe0, 0x0, 0xe, 0x0, 0x0, 0xf0, 0xc,
    0xe, 0x1, 0xe0, 0xe0, 0x1c, 0x1e, 0x0, 0x1,
    0xe0, 0x0, 0x1c, 0x0, 0x3, 0xc0, 0x0, 0x38,
    0x0, 0x7, 0x8, 0x0, 0xe0, 0x40, 0x1c, 0x3,
    0x7, 0x0, 0xf, 0xc0, 0x0,

    /* U+0400 "Ѐ" */
    0x0, 0x30, 0x0, 0x3, 0x80, 0x0, 0x38, 0x0,
    0x1, 0xc0, 0x0, 0x4, 0x0, 0x0, 0x20, 0x0,
    0x0, 0x0, 0xff, 0xff, 0x1, 0xc0, 0x70, 0x1c,
    0x1, 0x1, 0xc0, 0x10, 0x3c, 0x2, 0x3, 0x80,
    0x0, 0x38, 0x0, 0x3, 0x82, 0x0, 0x78, 0x20,
    0x7, 0x6, 0x0, 0x7f, 0xe0, 0xf, 0x4, 0x0,
    0xe0, 0x40, 0xe, 0x4, 0x0, 0xe0, 0x0, 0x1e,
    0x0, 0x1, 0xc0, 0x4, 0x1c, 0x0, 0xc3, 0xc0,
    0x18, 0x3c, 0x7, 0x8f, 0xff, 0xf0,

    /* U+0401 "Ё" */
    0x0, 0x30, 0xe0, 0x7, 0x8e, 0x0, 0x30, 0xe0,
    0x0, 0x0, 0x0, 0x0, 0x0, 0x0, 0x0, 0xf,
    0xff, 0xf0, 0x1c, 0x7, 0x1, 0xc0, 0x10, 0x1c,
    0x1, 0x3, 0xc0, 0x20, 0x38, 0x0, 0x3, 0x80,
    0x0, 0x38, 0x20, 0x7, 0x82, 0x0, 0x70, 0x60,
    0x7, 0xfe, 0x0, 0xf0, 0x40, 0xe, 0x4, 0x0,
    0xe0, 0x40, 0xe, 0x0, 0x1, 0xe0, 0x0, 0x1c,
    0x0, 0x41, 0xc0, 0xc, 0x3c, 0x1, 0x83, 0xc0,
    0x78, 0xff, 0xff, 0x0,

    /* U+0402 "Ђ" */
    0x7f, 0xff, 0xce, 0x1c, 0x39, 0x3, 0x83, 0x40,
    0xf0, 0x48, 0x1c, 0x8, 0x3, 0x80, 0x0, 0x70,
    0x0, 0x1c, 0x0, 0x3, 0x80, 0x0, 0x73, 0xf0,
    0x1f, 0x87, 0x3, 0xc0, 0x70, 0x70, 0xe, 0xe,
    0x1, 0xc3, 0xc0, 0x38, 0x70, 0x7, 0xe, 0x0,
    0xc1, 0xdc, 0x38, 0x73, 0x86, 0xe, 0x71, 0x87,
    0xc7, 0xc0,

    /* U+0403 "Ѓ" */
    0x0, 0x0, 0x0, 0x0, 0xe, 0x0, 0x1, 0xe0,
    0x0, 0x38, 0x0, 0x6, 0x0, 0x0, 0xc0, 0x0,
    0x0, 0x0, 0x0, 0x0, 0xf, 0xff, 0xf0, 0x1c,
    0x7, 0x1, 0xc0, 0x30, 0x3c, 0x2, 0x3, 0x80,
    0x20, 0x38, 0x0, 0x3, 0x80, 0x0, 0x70, 0x0,
    0x7, 0x0, 0x0, 0x70, 0x0, 0xf, 0x0, 0x0,
    0xe0, 0x0, 0xe, 0x0, 0x0, 0xe0, 0x0, 0x1c,
    0x0, 0x1, 0xc0, 0x0, 0x1c, 0x0, 0x1, 0xc0,
    0x0, 0x38, 0x0, 0x3, 0x80, 0x0, 0xff, 0x0,
    0x0,

    /* U+0404 "Є" */
    0x0, 0x3f, 0xf0, 0x1e, 0xf, 0x3, 0x80, 0x70,
    0xe0, 0x2, 0x1c, 0x0, 0x21, 0xc0, 0x2, 0x38,
    0x0, 0x7, 0x80, 0x0, 0x77, 0x80, 0x7, 0x8e,
    0x20, 0xf0, 0x3c, 0xf, 0x0, 0x0, 0xf0, 0x0,
    0xf, 0x0, 0x0, 0xf0, 0x0, 0xf, 0x0, 0x0,
    0x70, 0x0, 0x87, 0x80, 0x10, 0x38, 0x2, 0x1,
    0xe0, 0xc0, 0x7, 0xf0, 0x0,

    /* U+0405 "Ѕ" */
    0x1, 0xff, 0x7, 0xe, 0xe, 0x6, 0xe, 0x6,
    0xc, 0x2, 0xe, 0x2, 0xe, 0x0, 0xf, 0x0,
    0x7, 0x80, 0x3, 0xc0, 0x1, 0xe0, 0x0, 0xf0,
    0x0, 0x78, 0x0, 0x38, 0x40, 0x38, 0x40, 0x38,
    0x40, 0x38, 0x40, 0x38, 0xe0, 0x30, 0xf0, 0xe0,
    0x8f, 0x80,

    /* U+0406 "І" */
    0x7, 0xf8, 0xe, 0x0, 0x70, 0x3, 0x80, 0x38,
    0x1, 0xc0, 0xe, 0x0, 0x70, 0x7, 0x0, 0x38,
    0x1, 0xc0, 0x1e, 0x0, 0xe0, 0x7, 0x0, 0x38,
    0x3, 0x80, 0x1c, 0x0, 0xe0, 0xf, 0x0, 0x78,
    0xf, 0xf0, 0x0,

    /* U+0407 "Ї" */
    0x6, 0xc, 0x1c, 0x70, 0x60, 0xc0, 0x0, 0x0,
    0x0, 0x1f, 0xe0, 0x1c, 0x0, 0x70, 0x1, 0xc0,
    0xe, 0x0, 0x38, 0x0, 0xe0, 0x3, 0x80, 0x1c,
    0x0, 0x70, 0x1, 0xc0, 0xf, 0x0, 0x38, 0x0,
    0xe0, 0x3, 0x80, 0x1c, 0x0, 0x70, 0x1, 0xc0,
    0xf, 0x0, 0x3c, 0x3, 0xfc, 0x0,

    /* U+0408 "Ј" */
    0x0, 0xff, 0x0, 0x3c, 0x0, 0x38, 0x0, 0x38,
    0x0, 0x38, 0x0, 0x78, 0x0, 0x70, 0x0, 0x70,
    0x0, 0xf0, 0x0, 0xe0, 0x0, 0xe0, 0x0, 0xe0,
    0x1, 0xe0, 0x1, 0xc0, 0x1, 0xc0, 0x3, 0xc0,
    0x3, 0x80, 0xe3, 0x80, 0xe3, 0x0, 0xe6, 0x0,
    0x7c, 0x0,

    /* U+0409 "Љ" */
    0x0, 0x3f, 0xff, 0xe0, 0x0, 0x1f, 0xfe, 0x0,
    0x0, 0x30, 0x38, 0x0, 0x0, 0x40, 0x70, 0x0,
    0x0, 0x81, 0xe0, 0x0, 0x3, 0x3, 0x80, 0x0,
    0x6, 0x7, 0x0, 0x0, 0x8, 0xe, 0x0, 0x0,
    0x10, 0x38, 0x0, 0x0, 0x60, 0x7f, 0xc0, 0x0,
    0x80, 0xe1, 0xe0, 0x1, 0x3, 0x80, 0xe0, 0x6,
    0x7, 0x1, 0xe0, 0x8, 0xe, 0x3, 0xc0, 0x10,
    0x1c, 0x7, 0x80, 0x40, 0x70, 0xe, 0x0, 0x80,
    0xe0, 0x3c, 0x82, 0x1, 0xc0, 0x73, 0x88, 0x7,
    0x81, 0xc7, 0x30, 0xe, 0xf, 0x7, 0x80, 0x7f,
    0xf0, 0x0,

    /* U+040A "Њ" */
    0xf, 0xf8, 0x7f, 0x80, 0xf, 0x80, 0x78, 0x0,
    0x1c, 0x1, 0xc0, 0x0, 0xf0, 0x7, 0x0, 0x3,
    0x80, 0x3c, 0x0, 0xe, 0x0, 0xe0, 0x0, 0x38,
    0x3, 0x80, 0x1, 0xc0, 0x1e, 0x0, 0x7, 0x0,
    0x70, 0x0, 0x1f, 0xff, 0xff, 0x0, 0xe0, 0x7,
    0x7, 0x3, 0x80, 0x3c, 0xe, 0xe, 0x0, 0xe0,
    0x3c, 0x38, 0x3, 0x80, 0xf1, 0xc0, 0x1e, 0x3,
    0xc7, 0x0, 0x70, 0xe, 0x1c, 0x1, 0xc0, 0x38,
    0x70, 0x7, 0x1, 0xc3, 0x80, 0x3c, 0xf, 0xe,
    0x0, 0xe0, 0xf0, 0xfe, 0xf, 0xff, 0x0,

    /* U+040B "Ћ" */
    0x7f, 0xff, 0xc7, 0xe, 0x1c, 0x40, 0xe0, 0xc8,
    0x1e, 0x8, 0x81, 0xc0, 0x80, 0x1c, 0x0, 0x1,
    0xc0, 0x0, 0x3c, 0x0, 0x3, 0x80, 0x0, 0x39,
    0xf8, 0x7, 0xe1, 0xc0, 0x78, 0xe, 0x7, 0x0,
    0xe0, 0x70, 0xe, 0xf, 0x0, 0xe0, 0xe0, 0x1e,
    0xe, 0x1, 0xc0, 0xe0, 0x1c, 0x1e, 0x1, 0xc1,
    0xe0, 0x3c, 0x7f, 0x8f, 0xf0,

    /* U+040C "Ќ" */
    0x0, 0x0, 0x0, 0x0, 0x1, 0xc0, 0x0, 0xf,
    0x0, 0x0, 0x70, 0x0, 0x3, 0x0, 0x0, 0x18,
    0x0, 0x0, 0x0, 0x0, 0x0, 0x0, 0x7, 0xf0,
    0x3c, 0x7, 0x1, 0xf0, 0x1c, 0x9, 0xc0, 0xe0,
    0x60, 0x3, 0x81, 0x0, 0xe, 0x8, 0x0, 0x78,
    0x20, 0x1, 0xc1, 0x0, 0x7, 0x18, 0x0, 0x1f,
    0xc0, 0x0, 0xe3, 0x80, 0x3, 0x87, 0x0, 0xe,
    0x1e, 0x0, 0x38, 0x38, 0x1, 0xc0, 0xe0, 0x7,
    0x3, 0xc0, 0x1c, 0x7, 0x0, 0xf0, 0x1c, 0x3,
    0x80, 0x78, 0x1f, 0x1, 0xe0, 0xff, 0x3, 0xe0,

    /* U+040D "Ѝ" */
    0x0, 0x6, 0x0, 0x0, 0x7, 0x80, 0x0, 0x1,
    0xc0, 0x0, 0x0, 0x70, 0x0, 0x0, 0x18, 0x0,
    0x0, 0x6, 0x0, 0x0, 0x0, 0x0, 0x1f, 0xe0,
    0xff, 0x1, 0xc0, 0x1c, 0x0, 0xe0, 0xe, 0x0,
    0xe0, 0xf, 0x0, 0x70, 0xf, 0x0, 0x38, 0xf,
    0x80, 0x1c, 0xd, 0xc0, 0x1c, 0xd, 0xe0, 0xe,
    0xc, 0xe0, 0x7, 0xc, 0x70, 0x7, 0x8c, 0x38,
    0x3, 0x8c, 0x3c, 0x1, 0xcc, 0x1c, 0x0, 0xec,
    0xe, 0x0, 0xe4, 0x7, 0x0, 0x74, 0x7, 0x0,
    0x3c, 0x3, 0x80, 0x1c, 0x1, 0xc0, 0x1c, 0x1,
    0xe0, 0xe, 0x0, 0xf0, 0x1f, 0xe1, 0xfe, 0x0,

    /* U+040E "Ў" */
    0x0, 0xc0, 0x0, 0x3, 0x4, 0x0, 0xc, 0x20,
    0x0, 0x1f, 0x0, 0x0, 0x0, 0x0, 0x0, 0x0,
    0xf, 0xf8, 0x3f, 0xcf, 0x80, 0x38, 0x3c, 0x0,
    0x40, 0x70, 0x3, 0x1, 0xe0, 0x8, 0x3, 0x80,
    0x40, 0xe, 0x1, 0x0, 0x3c, 0x8, 0x0, 0x70,
    0x40, 0x1, 0xc1, 0x0, 0x7, 0x88, 0x0, 0xe,
    0x40, 0x0, 0x39, 0x0, 0x0, 0xf8, 0x0, 0x1,
    0xe0, 0x0, 0x7, 0x0, 0x0, 0x18, 0x0, 0x18,
    0x60, 0x0, 0x71, 0x0, 0x1, 0xc8, 0x0, 0x3,
    0xc0, 0x0, 0x0,

    /* U+040F "Џ" */
    0xf, 0xfc, 0x7f, 0x81, 0xf0, 0xf, 0x0, 0x70,
    0x7, 0x0, 0x38, 0x3, 0x80, 0x38, 0x1, 0xc0,
    0x1c, 0x1, 0xc0, 0xe, 0x0, 0xe0, 0xf, 0x0,
    0x70, 0x7, 0x0, 0x78, 0x3, 0x80, 0x38, 0x1,
    0xc0, 0x1c, 0x1, 0xc0, 0xe, 0x0, 0xe0, 0xf,
    0x0, 0x70, 0x7, 0x0, 0x38, 0x3, 0x80, 0x38,
    0x3, 0xc0, 0x1c, 0x1, 0xc0, 0xe, 0x0, 0xe0,
    0xf, 0x0, 0x70, 0x7, 0x0, 0x78, 0xf, 0xff,
    0xff, 0x0, 0xf, 0x80, 0x0, 0x3, 0x80, 0x0,
    0x1, 0x80, 0x0, 0x0, 0x80, 0x0, 0x0, 0x40,
    0x0, 0x0, 0x20, 0x0, 0x0,

    /* U+0410 "А" */
    0x0, 0x4, 0x0, 0x0, 0x40, 0x0, 0xe, 0x0,
    0x1, 0xe0, 0x0, 0x1e, 0x0, 0x3, 0xe0, 0x0,
    0x2e, 0x0, 0x4, 0x60, 0x0, 0xc7, 0x0, 0x8,
    0x70, 0x1, 0x87, 0x0, 0x10, 0x70, 0x3, 0x7,
    0x0, 0x7f, 0xf8, 0x4, 0x3, 0x80, 0xc0, 0x38,
    0x8, 0x3, 0x81, 0x80, 0x38, 0x30, 0x3, 0x83,
    0x0, 0x3c, 0xfc, 0xf, 0xf0,

    /* U+0411 "Б" */
    0xf, 0xff, 0xe0, 0x38, 0xc, 0x7, 0x0, 0x81,
    0xe0, 0x10, 0x38, 0x0, 0x7, 0x0, 0x0, 0xe0,
    0x0, 0x3c, 0x0, 0x7, 0x0, 0x0, 0xff, 0x80,
    0x3c, 0x3c, 0x7, 0x1, 0xc0, 0xe0, 0x38, 0x1c,
    0x7, 0x7, 0x80, 0xe0, 0xe0, 0x1c, 0x1c, 0x7,
    0x83, 0x80, 0xe0, 0xf0, 0x38, 0x1c, 0x1e, 0xf,
    0xfe, 0x0,

    /* U+0412 "В" */
    0xf, 0xff, 0x0, 0x38, 0x78, 0x7, 0x7, 0x80,
    0xe0, 0x70, 0x3c, 0xe, 0x7, 0x1, 0xc0, 0xe0,
    0x78, 0x1c, 0xe, 0x7, 0x7, 0x0, 0xff, 0x80,
    0x1c, 0x3c, 0x7, 0x3, 0xc0, 0xe0, 0x38, 0x1c,
    0x7, 0x3, 0x80, 0xf0, 0xe0, 0x1c, 0x1c, 0x3,
    0x83, 0x80, 0xf0, 0xf0, 0x3c, 0x1e, 0xf, 0xf,
    0xff, 0x80,

    /* U+0413 "Г" */
    0xf, 0xff, 0xf0, 0x1c, 0x7, 0x1, 0xc0, 0x30,
    0x3c, 0x2, 0x3, 0x80, 0x20, 0x38, 0x0, 0x3,
    0x80, 0x0, 0x70, 0x0, 0x7, 0x0, 0x0, 0x70,
    0x0, 0xf, 0x0, 0x0, 0xe0, 0x0, 0xe, 0x0,
    0x0, 0xe0, 0x0, 0x1c, 0x0, 0x1, 0xc0, 0x0,
    0x1c, 0x0, 0x1, 0xc0, 0x0, 0x38, 0x0, 0x3,
    0x80, 0x0, 0xff, 0x0, 0x0,

    /* U+0414 "Д" */
    0x0, 0x1f, 0xff, 0xc0, 0x1, 0x81, 0xc0, 0x0,
    0x60, 0x70, 0x0, 0x10, 0x38, 0x0, 0x4, 0xe,
    0x0, 0x3, 0x3, 0x80, 0x0, 0x81, 0xe0, 0x0,
    0x20, 0x70, 0x0, 0x18, 0x1c, 0x0, 0x4, 0x7,
    0x0, 0x1, 0x3, 0x80, 0x0, 0x80, 0xe0, 0x0,
    0x20, 0x38, 0x0, 0x18, 0xe, 0x0, 0x4, 0x7,
    0x0, 0x2, 0x1, 0xc0, 0x0, 0x80, 0x70, 0x0,
    0x40, 0x38, 0x0, 0x30, 0xe, 0x0, 0x18, 0x7,
    0xc0, 0x3f, 0xff, 0xfc, 0xe, 0x0, 0xe, 0x2,
    0x0, 0x1, 0x81, 0x0, 0x0, 0x60, 0x40, 0x0,
    0x8, 0x20, 0x0, 0x4, 0x0,

    /* U+0415 "Е" */
    0xf, 0xff, 0xf0, 0x1c, 0x7, 0x1, 0xc0, 0x10,
    0x1c, 0x1, 0x3, 0xc0, 0x20, 0x38, 0x0, 0x3,
    0x80, 0x0, 0x38, 0x20, 0x7, 0x82, 0x0, 0x70,
    0x60, 0x7, 0xfe, 0x0, 0xf0, 0x40, 0xe, 0x4,
    0x0, 0xe0, 0x40, 0xe, 0x0, 0x1, 0xe0, 0x0,
    0x1c, 0x0, 0x41, 0xc0, 0xc, 0x3c, 0x1, 0x83,
    0xc0, 0x78, 0xff, 0xff, 0x0,

    /* U+0416 "Ж" */
    0x1, 0xe0, 0xff, 0x7, 0x80, 0xfc, 0xf, 0x3,
    0xf0, 0x19, 0x83, 0xc1, 0x18, 0x0, 0x20, 0xe0,
    0x40, 0x0, 0x8, 0x38, 0x20, 0x0, 0x2, 0xe,
    0x8, 0x0, 0x0, 0x87, 0x4, 0x0, 0x0, 0x31,
    0xc2, 0x0, 0x0, 0x4, 0x73, 0x0, 0x0, 0x1,
    0xff, 0x80, 0x0, 0x1, 0xce, 0x78, 0x0, 0x1,
    0xc3, 0x8f, 0x0, 0x0, 0xf0, 0xe1, 0xc0, 0x0,
    0x78, 0x70, 0x70, 0x0, 0x1c, 0x1c, 0x1e, 0x0,
    0xf, 0x7, 0x3, 0x80, 0x7, 0x83, 0xc0, 0xe0,
    0x3, 0xc0, 0xe0, 0x3c, 0x1, 0xf0, 0x38, 0xf,
    0x0, 0xf8, 0x1f, 0x1, 0xe0, 0xfc, 0xf, 0xe0,
    0x7c, 0x0,

    /* U+0417 "З" */
    0x4, 0xfe, 0x3, 0xe1, 0xe0, 0xe0, 0x3c, 0x30,
    0x7, 0x18, 0x1, 0xc4, 0x0, 0x70, 0x0, 0x3c,
    0x0, 0xe, 0x0, 0xe, 0x0, 0x3c, 0x0, 0x3,
    0xc0, 0x0, 0x38, 0x0, 0xf, 0x0, 0x1, 0xc0,
    0x0, 0x70, 0x0, 0x1c, 0x0, 0xf, 0x10, 0x3,
    0xc2, 0x1, 0xe0, 0x60, 0xf0, 0x7, 0xf0, 0x0,

    /* U+0418 "И" */
    0xf, 0xf0, 0x7f, 0x80, 0xe0, 0xe, 0x0, 0x70,
    0x7, 0x0, 0x70, 0x7, 0x80, 0x38, 0x7, 0x80,
    0x1c, 0x7, 0xc0, 0xe, 0x6, 0xe0, 0xe, 0x6,
    0xf0, 0x7, 0x6, 0x70, 0x3, 0x86, 0x38, 0x3,
    0xc6, 0x1c, 0x1, 0xc6, 0x1e, 0x0, 0xe6, 0xe,
    0x0, 0x76, 0x7, 0x0, 0x72, 0x3, 0x80, 0x3a,
    0x3, 0x80, 0x1e, 0x1, 0xc0, 0xe, 0x0, 0xe0,
    0xe, 0x0, 0xf0, 0x7, 0x0, 0x78, 0xf, 0xf0,
    0xff, 0x0,

    /* U+0419 "Й" */
    0x0, 0x0, 0x0, 0x0, 0x6, 0x8, 0x0, 0x3,
    0x4, 0x0, 0x1, 0x84, 0x0, 0x0, 0x7c, 0x0,
    0x0, 0x0, 0x0, 0x3f, 0xc1, 0xfe, 0x3, 0x80,
    0x38, 0x1, 0xc0, 0x1c, 0x1, 0xc0, 0x1e, 0x0,
    0xe0, 0x1e, 0x0, 0x70, 0x1f, 0x0, 0x38, 0x1b,
    0x80, 0x38, 0x1b, 0xc0, 0x1c, 0x19, 0xc0, 0xe,
    0x18, 0xe0, 0xf, 0x18, 0x70, 0x7, 0x18, 0x78,
    0x3, 0x98, 0x38, 0x1, 0xd8, 0x1c, 0x1, 0xc8,
    0xe, 0x0, 0xe8, 0xe, 0x0, 0x78, 0x7, 0x0,
    0x38, 0x3, 0x80, 0x38, 0x3, 0xc0, 0x1c, 0x1,
    0xe0, 0x3f, 0xc3, 0xfc, 0x0,

    /* U+041A "К" */
    0x7, 0xf0, 0x3c, 0x7, 0x1, 0xf0, 0x1c, 0x9,
    0xc0, 0xe0, 0x60, 0x3, 0x81, 0x0, 0xe, 0x8,
    0x0, 0x78, 0x20, 0x1, 0xc1, 0x0, 0x7, 0x18,
    0x0, 0x1f, 0xc0, 0x0, 0xe3, 0x80, 0x3, 0x87,
    0x0, 0xe, 0x1e, 0x0, 0x38, 0x38, 0x1, 0xc0,
    0xe0, 0x7, 0x3, 0xc0, 0x1c, 0x7, 0x0, 0xf0,
    0x1c, 0x3, 0x80, 0x78, 0x1f, 0x1, 0xe0, 0xff,
    0x3, 0xe0,

    /* U+041B "Л" */
    0x0, 0x3f, 0xff, 0x80, 0x6, 0x7, 0x0, 0x3,
    0x3, 0x80, 0x1, 0x3, 0xc0, 0x0, 0x81, 0xc0,
    0x0, 0xc0, 0xe0, 0x0, 0x40, 0x70, 0x0, 0x20,
    0x78, 0x0, 0x30, 0x38, 0x0, 0x10, 0x1c, 0x0,
    0x8, 0xe, 0x0, 0x4, 0xe, 0x0, 0x4, 0x7,
    0x0, 0x2, 0x3, 0x80, 0x3, 0x3, 0xc0, 0x1,
    0x1, 0xc0, 0x1, 0x80, 0xe0, 0x0, 0x80, 0x70,
    0x38, 0x80, 0x78, 0x1c, 0x80, 0x38, 0x7, 0x80,
    0x7f, 0x0,

    /* U+041C "М" */
    0x7, 0xe0, 0x1, 0xf8, 0xf, 0x0, 0x1f, 0x0,
    0x78, 0x1, 0xf0, 0x3, 0xc0, 0xf, 0x80, 0x1e,
    0x0, 0xfc, 0x1, 0xf0, 0xd, 0xc0, 0xb, 0x80,
    0x6e, 0x0, 0x4c, 0x6, 0x70, 0x6, 0x70, 0x67,
    0x0, 0x33, 0x82, 0x38, 0x1, 0x1c, 0x31, 0xc0,
    0x8, 0xe3, 0x1e, 0x0, 0xc7, 0x10, 0xe0, 0x4,
    0x39, 0x87, 0x0, 0x21, 0xd8, 0x38, 0x3, 0xe,
    0x83, 0x80, 0x18, 0x3c, 0x1c, 0x0, 0x81, 0xc0,
    0xe0, 0xc, 0xc, 0xf, 0x0, 0x60, 0x60, 0x78,
    0xf, 0xc2, 0x1f, 0xf0, 0x0,

    /* U+041D "Н" */
    0xf, 0xf8, 0x7f, 0x80, 0xf0, 0xf, 0x0, 0x70,
    0x7, 0x0, 0x38, 0x3, 0x80, 0x3c, 0x1, 0xc0,
    0x1c, 0x1, 0xe0, 0xe, 0x0, 0xe0, 0x7, 0x0,
    0x70, 0x7, 0x0, 0x78, 0x3, 0xff, 0xf8, 0x1,
    0xc0, 0x1c, 0x1, 0xc0, 0xe, 0x0, 0xe0, 0xf,
    0x0, 0x70, 0x7, 0x0, 0x38, 0x3, 0x80, 0x38,
    0x3, 0xc0, 0x1c, 0x1, 0xc0, 0xe, 0x0, 0xe0,
    0xf, 0x0, 0x70, 0x7, 0x80, 0x78, 0xf, 0xf0,
    0xff, 0x0,

    /* U+041E "О" */
    0x0, 0x1f, 0x0, 0x7, 0xe, 0x0, 0x60, 0x38,
    0xe, 0x0, 0xe0, 0xe0, 0x7, 0xe, 0x0, 0x38,
    0x70, 0x1, 0xe7, 0x0, 0xf, 0x78, 0x0, 0x7b,
    0xc0, 0x3, 0x9c, 0x0, 0x3d, 0xe0, 0x1, 0xef,
    0x0, 0xe, 0x78, 0x0, 0xf3, 0xc0, 0x7, 0x1e,
    0x0, 0x70, 0x70, 0x3, 0x83, 0x80, 0x38, 0xe,
    0x3, 0x0, 0x38, 0x70, 0x0, 0xfc, 0x0, 0x0,

    /* U+041F "П" */
    0xf, 0xff, 0xff, 0x80, 0xf0, 0x1f, 0x0, 0x70,
    0x7, 0x0, 0x78, 0x3, 0x80, 0x38, 0x3, 0xc0,
    0x1c, 0x1, 0xc0, 0xe, 0x0, 0xe0, 0xe, 0x0,
    0x70, 0x7, 0x0, 0x70, 0x3, 0x80, 0x38, 0x3,
    0x80, 0x1c, 0x1, 0xc0, 0x1e, 0x0, 0xe0, 0xe,
    0x0, 0x70, 0x7, 0x0, 0x70, 0x3, 0x80, 0x38,
    0x3, 0x80, 0x1c, 0x1, 0xc0, 0xe, 0x0, 0xe0,
    0xe, 0x0, 0xf0, 0x7, 0x0, 0x78, 0xf, 0xf1,
    0xff, 0x0,

    /* U+0420 "Р" */
    0xf, 0xff, 0x0, 0x38, 0x78, 0x7, 0x7, 0x80,
    0xe0, 0x70, 0x3c, 0xe, 0x7, 0x1, 0xc0, 0xe0,
    0x38, 0x1c, 0x7, 0x7, 0x1, 0xc0, 0xe0, 0xf0,
    0x1f, 0xf8, 0x7, 0x80, 0x0, 0xe0, 0x0, 0x1c,
    0x0, 0x3, 0x80, 0x0, 0xe0, 0x0, 0x1c, 0x0,
    0x3, 0x80, 0x0, 0xf0, 0x0, 0x1e, 0x0, 0xf,
    0xf0, 0x0,

    /* U+0421 "С" */
    0x0, 0x3f, 0xf0, 0xe, 0xf, 0x3, 0x80, 0x70,
    0x70, 0x3, 0xe, 0x0, 0x21, 0xc0, 0x2, 0x3c,
    0x0, 0x3, 0x80, 0x0, 0x78, 0x0, 0x7, 0x80,
    0x0, 0x70, 0x0, 0xf, 0x0, 0x0, 0xf0, 0x0,
    0xf, 0x0, 0x0, 0xf0, 0x0, 0x7, 0x0, 0x0,
    0x70, 0x0, 0x3, 0x80, 0x8, 0x3c, 0x3, 0x0,
    0xe0, 0xc0, 0x7, 0xf0, 0x0,

    /* U+0422 "Т" */
    0x7f, 0xff, 0xdc, 0x38, 0x74, 0xe, 0xe, 0x7,
    0x82, 0x81, 0xc0, 0x80, 0x70, 0x0, 0x1c, 0x0,
    0xf, 0x0, 0x3, 0x80, 0x0, 0xe0, 0x0, 0x38,
    0x0, 0x1e, 0x0, 0x7, 0x0, 0x1, 0xc0, 0x0,
    0xf0, 0x0, 0x38, 0x0, 0xe, 0x0, 0x3, 0x80,
    0x1, 0xe0, 0x0, 0x78, 0x0, 0xff, 0x80, 0x0,

    /* U+0423 "У" */
    0xff, 0x83, 0xfc, 0xf8, 0x3, 0x83, 0xc0, 0x4,
    0x7, 0x0, 0x30, 0x1e, 0x0, 0x80, 0x38, 0x4,
    0x0, 0xe0, 0x10, 0x3, 0xc0, 0x80, 0x7, 0x4,
    0x0, 0x1c, 0x10, 0x0, 0x78, 0x80, 0x0, 0xe4,
    0x0, 0x3, 0x90, 0x0, 0xf, 0x80, 0x0, 0x1e,
    0x0, 0x0, 0x70, 0x0, 0x1, 0x80, 0x1, 0x86,
    0x0, 0x7, 0x10, 0x0, 0x1c, 0x80, 0x0, 0x3c,
    0x0, 0x0,

    /* U+0424 "Ф" */
    0x0, 0x7f, 0x80, 0x0, 0x78, 0x0, 0x1, 0xe0,
    0x0, 0x7f, 0xf0, 0xf, 0x1c, 0x70, 0x70, 0x70,
    0xe3, 0x83, 0x81, 0xdc, 0xe, 0x7, 0xf0, 0x38,
    0x1f, 0x81, 0xe0, 0x7e, 0x7, 0x1, 0xf8, 0x1c,
    0xf, 0xe0, 0x70, 0x3b, 0x83, 0x81, 0xc7, 0xe,
    0xe, 0xe, 0x38, 0xf0, 0xf, 0xfe, 0x0, 0x7,
    0x0, 0x0, 0x1c, 0x0, 0x0, 0xf0, 0x0, 0x7,
    0xf0, 0x0,

    /* U+0425 "Х" */
    0x1f, 0xf1, 0xfc, 0xf, 0x1, 0xc0, 0x3c, 0x6,
    0x0, 0x70, 0x30, 0x1, 0xc1, 0x80, 0x3, 0x8c,
    0x0, 0xe, 0x60, 0x0, 0x3f, 0x0, 0x0, 0x78,
    0x0, 0x1, 0xe0, 0x0, 0x3, 0x80, 0x0, 0x1e,
    0x0, 0x0, 0xfc, 0x0, 0x6, 0x70, 0x0, 0x31,
    0xc0, 0x1, 0x83, 0x80, 0x4, 0xe, 0x0, 0x20,
    0x1c, 0x1, 0x80, 0x70, 0x1e, 0x1, 0xe0, 0xfe,
    0x3f, 0xe0,

    /* U+0426 "Ц" */
    0xf, 0xf0, 0x7f, 0x80, 0xe0, 0xe, 0x0, 0x70,
    0x7, 0x0, 0x78, 0x3, 0x80, 0x38, 0x3, 0x80,
    0x1c, 0x1, 0xc0, 0x1e, 0x0, 0xe0, 0xe, 0x0,
    0x70, 0x7, 0x0, 0x70, 0x3, 0x80, 0x38, 0x3,
    0xc0, 0x1c, 0x1, 0xc0, 0x1c, 0x0, 0xe0, 0xe,
    0x0, 0x70, 0x7, 0x0, 0x78, 0x3, 0x80, 0x38,
    0x3, 0x80, 0x1c, 0x1, 0xc0, 0x1e, 0x0, 0xe0,
    0xe, 0x0, 0x70, 0x7, 0x0, 0x78, 0xf, 0xff,
    0xff, 0x0, 0x0, 0x7, 0x80, 0x0, 0x1, 0x80,
    0x0, 0x0, 0x40, 0x0, 0x0, 0x20, 0x0, 0x0,
    0x10, 0x0,

    /* U+0427 "Ч" */
    0xff, 0x1f, 0xe7, 0x0, 0xf0, 0xe0, 0x1c, 0x1c,
    0x3, 0x87, 0x0, 0x70, 0xe0, 0x1c, 0x1c, 0x3,
    0x87, 0x80, 0x70, 0xe0, 0xe, 0xe, 0x3, 0x81,
    0xe1, 0xf0, 0xf, 0x8e, 0x0, 0x3, 0xc0, 0x0,
    0x70, 0x0, 0xe, 0x0, 0x1, 0xc0, 0x0, 0x70,
    0x0, 0xe, 0x0, 0x1, 0xc0, 0x0, 0x78, 0x0,
    0x3f, 0xc0,

    /* U+0428 "Ш" */
    0xf, 0xf1, 0xfe, 0x7f, 0x80, 0xe0, 0x3c, 0x7,
    0x0, 0x70, 0x1c, 0x3, 0x80, 0x70, 0xe, 0x3,
    0xc0, 0x38, 0x7, 0x1, 0xc0, 0x1c, 0x7, 0x80,
    0xe0, 0xe, 0x3, 0x80, 0x70, 0xe, 0x1, 0xc0,
    0x78, 0x7, 0x0, 0xe0, 0x38, 0x3, 0x80, 0xe0,
    0x1c, 0x3, 0xc0, 0x70, 0xe, 0x1, 0xc0, 0x38,
    0xe, 0x0, 0xe0, 0x3c, 0x7, 0x0, 0x70, 0x1c,
    0x3, 0x80, 0x70, 0xe, 0x3, 0xc0, 0x38, 0x7,
    0x1, 0xc0, 0x1c, 0x7, 0x0, 0xe0, 0xe, 0x3,
    0x80, 0x70, 0xe, 0x1, 0xc0, 0x78, 0x7, 0x1,
    0xe0, 0x38, 0xf, 0xff, 0xff, 0xff, 0x0,

    /* U+0429 "Щ" */
    0xf, 0xf1, 0xfe, 0x7f, 0x80, 0xe0, 0x3c, 0x7,
    0x0, 0x70, 0x1c, 0x3, 0x80, 0x70, 0xe, 0x3,
    0xc0, 0x38, 0x7, 0x1, 0xc0, 0x1c, 0x7, 0x80,
    0xe0, 0x1e, 0x3, 0x80, 0x70, 0xe, 0x1, 0xc0,
    0x70, 0x7, 0x0, 0xe0, 0x38, 0x3, 0x80, 0xe0,
    0x1c, 0x3, 0xc0, 0x70, 0xe, 0x1, 0xc0, 0x38,
    0xe, 0x0, 0xe0, 0x3c, 0x7, 0x0, 0x70, 0x1c,
    0x3, 0x80, 0x70, 0xe, 0x3, 0x80, 0x38, 0x7,
    0x1, 0xc0, 0x1c, 0x7, 0x0, 0xe0, 0x1e, 0x3,
    0x80, 0x70, 0xe, 0x1, 0xc0, 0x78, 0x7, 0x1,
    0xe0, 0x3c, 0xf, 0xff, 0xff, 0xff, 0x80, 0x0,
    0x0, 0x3, 0x80, 0x0, 0x0, 0x0, 0xc0, 0x0,
    0x0, 0x0, 0x20, 0x0, 0x0, 0x0, 0x10, 0x0,
    0x0, 0x0, 0x10, 0x0,

    /* U+042A "Ъ" */
    0x7f, 0xfe, 0xf, 0xfe, 0x3, 0x83, 0x80, 0x60,
    0x70, 0x8, 0x1e, 0x0, 0x3, 0x80, 0x0, 0x70,
    0x0, 0xe, 0x0, 0x3, 0xc0, 0x0, 0x7f, 0xe0,
    0xe, 0xe, 0x1, 0xc0, 0xe0, 0x70, 0x1e, 0xe,
    0x3, 0xc1, 0xc0, 0x78, 0x78, 0xf, 0xe, 0x1,
    0xc1, 0xc0, 0x78, 0x38, 0x1e, 0xf, 0xf, 0x7,
    0xff, 0x0,

    /* U+042B "Ы" */
    0xf, 0xf0, 0x3, 0xfc, 0x7, 0x0, 0x3, 0xc0,
    0x1c, 0x0, 0xe, 0x0, 0xe0, 0x0, 0x38, 0x3,
    0x80, 0x0, 0xe0, 0xe, 0x0, 0x3, 0x80, 0x38,
    0x0, 0x1c, 0x1, 0xc0, 0x0, 0x70, 0x7, 0x0,
    0x1, 0xc0, 0x1f, 0xf0, 0xf, 0x0, 0xf0, 0xf0,
    0x38, 0x3, 0x81, 0xe0, 0xe0, 0xe, 0x3, 0x83,
    0x80, 0x38, 0xe, 0x1c, 0x1, 0xc0, 0x38, 0x70,
    0x7, 0x0, 0xe1, 0xc0, 0x1c, 0x7, 0x8f, 0x0,
    0x70, 0x1c, 0x38, 0x3, 0x80, 0xe0, 0xe0, 0xe,
    0xf, 0x3, 0x80, 0xff, 0xe0, 0x3f, 0x80,

    /* U+042C "Ь" */
    0xf, 0xf0, 0x0, 0xe0, 0x0, 0x70, 0x0, 0x70,
    0x0, 0x38, 0x0, 0x1c, 0x0, 0xe, 0x0, 0xe,
    0x0, 0x7, 0x0, 0x3, 0xfe, 0x3, 0xc3, 0xc1,
    0xc0, 0xf0, 0xe0, 0x38, 0x70, 0x1c, 0x70, 0xe,
    0x38, 0x7, 0x1c, 0x7, 0x8e, 0x3, 0x8e, 0x3,
    0x87, 0x7, 0x8f, 0xfe, 0x0,

    /* U+042D "Э" */
    0x4, 0x7e, 0x0, 0xf0, 0x70, 0x38, 0x7, 0x6,
    0x0, 0xe1, 0x80, 0xe, 0x20, 0x1, 0xc0, 0x0,
    0x38, 0x0, 0x7, 0x3, 0x80, 0xe1, 0x9e, 0x3c,
    0x0, 0xff, 0x80, 0x0, 0xf0, 0x0, 0x1e, 0x0,
    0x3, 0x80, 0x0, 0xf0, 0x0, 0x1c, 0x0, 0x7,
    0x88, 0x0, 0xe1, 0x80, 0x38, 0x1c, 0x1c, 0x0,
    0xfe, 0x0,

    /* U+042E "Ю" */
    0xf, 0xf0, 0x3, 0xf0, 0x3, 0xc0, 0x1c, 0x18,
    0x1, 0xc0, 0x38, 0xe, 0x3, 0x80, 0xf0, 0xe,
    0x3, 0x81, 0xe0, 0x7, 0x3, 0x83, 0xc0, 0x7,
    0x3, 0x83, 0x80, 0x7, 0x7, 0x7, 0x80, 0x7,
    0x7, 0x7, 0x80, 0xf, 0x7, 0xff, 0x0, 0xf,
    0xe, 0xf, 0x0, 0xf, 0xe, 0xf, 0x0, 0xe,
    0xe, 0xe, 0x0, 0x1e, 0xe, 0xe, 0x0, 0x1c,
    0x1c, 0xe, 0x0, 0x3c, 0x1c, 0xe, 0x0, 0x38,
    0x1c, 0xe, 0x0, 0x70, 0x3c, 0x6, 0x0, 0xe0,
    0x38, 0x7, 0x1, 0xc0, 0x7c, 0x3, 0x87, 0x0,
    0xff, 0x0, 0xfc, 0x0,

    /* U+042F "Я" */
    0x0, 0x7, 0xff, 0x80, 0x1f, 0x7, 0x0, 0x1e,
    0x3, 0x80, 0x1e, 0x3, 0x80, 0xe, 0x1, 0xc0,
    0x7, 0x0, 0xe0, 0x3, 0x80, 0xe0, 0x1, 0xc0,
    0x70, 0x0, 0x70, 0x38, 0x0, 0x1e, 0x1c, 0x0,
    0x1, 0xfc, 0x0, 0x3, 0xce, 0x0, 0x7, 0x87,
    0x0, 0x7, 0x87, 0x0, 0x7, 0x83, 0x80, 0x7,
    0x81, 0xc0, 0x7, 0x81, 0xe0, 0x3, 0xc0, 0xe0,
    0x3, 0xc0, 0x70, 0x7, 0xc0, 0x78, 0xf, 0xc0,
    0x7f, 0x0,

    /* U+0430 "а" */
    0x3, 0xcc, 0x18, 0xf1, 0xc1, 0x8e, 0x6, 0x30,
    0x19, 0xc0, 0xce, 0x3, 0x38, 0xc, 0xe0, 0x73,
    0x1, 0x8c, 0xe, 0x30, 0x59, 0xe2, 0x69, 0xf1,
    0xc0,

    /* U+0431 "б" */
    0x0, 0x0, 0x80, 0x7, 0xc0, 0x7, 0xe0, 0x7,
    0xf0, 0x7, 0x80, 0x3, 0x0, 0x1, 0x80, 0x0,
    0x40, 0x0, 0x21, 0xf0, 0x9, 0x8e, 0x5, 0xc1,
    0xc1, 0xe0, 0x70, 0x70, 0x1c, 0x3c, 0x7, 0xe,
    0x1, 0xc3, 0x80, 0x60, 0xe0, 0x38, 0x38, 0xc,
    0xe, 0x6, 0x3, 0x83, 0x0, 0x71, 0x80, 0xf,
    0x80, 0x0,

    /* U+0432 "в" */
    0x3, 0xf0, 0xe3, 0x1c, 0x33, 0x83, 0x70, 0x67,
    0x18, 0xef, 0xcf, 0x1e, 0xe0, 0xee, 0xe, 0xe0,
    0xce, 0xc, 0x61, 0x83, 0xe0,

    /* U+0433 "г" */
    0x7, 0xc3, 0x1c, 0x83, 0x80, 0x70, 0x1c, 0xf,
    0x3, 0xc0, 0xe0, 0x38, 0xe, 0x3, 0x80, 0x70,
    0x4e, 0x30, 0xf8, 0x0,

    /* U+0434 "д" */
    0x2, 0x0, 0x6, 0x0, 0xe, 0x0, 0x1c, 0x0,
    0x30, 0x0, 0xe0, 0x1, 0x80, 0x7, 0x3, 0xfc,
    0x18, 0xb1, 0xc1, 0xce, 0x7, 0x30, 0x1d, 0xc0,
    0x7e, 0x1, 0xb8, 0xe, 0xe0, 0x3b, 0x80, 0xce,
    0x6, 0x38, 0x30, 0x71, 0x80, 0xf8, 0x0,

    /* U+0435 "е" */
    0x1, 0xe0, 0x63, 0xc, 0x31, 0x83, 0x38, 0x67,
    0xc, 0x73, 0x8e, 0xc0, 0xf0, 0xe, 0x0, 0xe0,
    0xe, 0x4, 0x70, 0x83, 0xf0,

    /* U+0436 "ж" */
    0xf, 0x81, 0x81, 0xf0, 0x87, 0xc, 0x38, 0xc8,
    0x38, 0x63, 0x8e, 0x0, 0xc7, 0x18, 0x20, 0x6,
    0x31, 0xc0, 0x0, 0x31, 0x8c, 0x0, 0x3, 0xff,
    0xe0, 0x0, 0x1c, 0xe7, 0x0, 0x0, 0xc6, 0x38,
    0x0, 0x6, 0x31, 0xc0, 0x38, 0x63, 0x8e, 0x1,
    0xc7, 0x1c, 0x70, 0x4c, 0x70, 0xc1, 0xc4, 0x3e,
    0x6, 0x7, 0xc0,

    /* U+0437 "з" */
    0x1f, 0xe1, 0x87, 0x10, 0x32, 0x3, 0x20, 0x30,
    0x6, 0x3, 0xc0, 0x1c, 0x0, 0xe0, 0x6, 0x0,
    0x68, 0xe, 0x61, 0xc1, 0xf8,

    /* U+0438 "и" */
    0x78, 0x18, 0xe0, 0x63, 0x83, 0x8e, 0xe, 0x30,
    0x70, 0xc1, 0xc7, 0x7, 0x1c, 0x3c, 0x61, 0x61,
    0x8b, 0x8e, 0x2e, 0x39, 0x3a, 0xc8, 0xd3, 0xc3,
    0x80,

    /* U+0439 "й" */
    0x3, 0x0, 0x1c, 0x10, 0x30, 0x80, 0x7c, 0x0,
    0x0, 0x0, 0x7, 0x81, 0x8e, 0x6, 0x38, 0x38,
    0xe0, 0xe3, 0x7, 0xc, 0x1c, 0x70, 0x71, 0xc3,
    0xc6, 0x16, 0x18, 0xb8, 0xe2, 0xe3, 0x93, 0xac,
    0x8d, 0x3c, 0x38,

    /* U+043A "к" */
    0xe, 0x1c, 0xf8, 0x7c, 0x71, 0x30, 0xe2, 0x1,
    0x88, 0x3, 0x20, 0xf, 0xc0, 0x1c, 0xc0, 0x31,
    0xc0, 0x61, 0x81, 0xc3, 0x3, 0x87, 0x16, 0xe,
    0x4c, 0xf, 0x0,

    /* U+043B "л" */
    0x0, 0x3e, 0x0, 0xc6, 0x0, 0x86, 0x1, 0x6,
    0x1, 0x6, 0x1, 0xe, 0x2, 0xc, 0x2, 0xc,
    0x2, 0x1c, 0x4, 0x1c, 0x4, 0x18, 0x4, 0x19,
    0xe8, 0x1a, 0x70, 0x1c,

    /* U+043C "м" */
    0x1, 0xe0, 0x70, 0x17, 0x3, 0x80, 0x38, 0x3c,
    0x1, 0xc1, 0xe0, 0x1e, 0x16, 0x0, 0xf1, 0x30,
    0x9, 0x8b, 0x80, 0x4c, 0x98, 0x2, 0x68, 0xc0,
    0x13, 0x46, 0x1, 0x1c, 0x70, 0x8, 0xe3, 0x2e,
    0x86, 0x1a, 0x78, 0x20, 0xe0,

    /* U+043D "н" */
    0x3e, 0xe, 0x38, 0x18, 0x70, 0x30, 0xe0, 0xe1,
    0x81, 0x83, 0x3, 0xf, 0xfe, 0x18, 0x1c, 0x30,
    0x30, 0x60, 0x61, 0xc1, 0xcb, 0x3, 0xa6, 0x7,
    0x8c, 0xe, 0x0,

    /* U+043E "о" */
    0x1, 0xf0, 0x18, 0xe1, 0xc1, 0xce, 0x7, 0x70,
    0x1d, 0xc0, 0x7e, 0x1, 0xf8, 0xe, 0xe0, 0x3b,
    0x80, 0xcc, 0x6, 0x38, 0x30, 0x61, 0x80, 0xf8,
    0x0,

    /* U+043F "п" */
    0x3e, 0x38, 0x39, 0xb8, 0x74, 0x70, 0xe8, 0xe1,
    0xa1, 0xc3, 0x83, 0xf, 0xe, 0x1c, 0x1c, 0x38,
    0x30, 0x60, 0x61, 0xc1, 0xcb, 0x83, 0xa6, 0x7,
    0x8c, 0xe, 0x0,

    /* U+0440 "р" */
    0xf, 0x9e, 0x1, 0xb3, 0x80, 0xe0, 0xe0, 0xe0,
    0x70, 0x70, 0x38, 0x30, 0x1c, 0x18, 0xe, 0x1c,
    0xe, 0xc, 0x7, 0x6, 0x7, 0x3, 0x3, 0x3,
    0x83, 0x1, 0xc7, 0x0, 0xde, 0x0, 0x60, 0x0,
    0x70, 0x0, 0x30, 0x0, 0x18, 0x0, 0xc, 0x0,
    0xe, 0x0, 0xf, 0xc0, 0x0,

    /* U+0441 "с" */
    0x3, 0xe0, 0xe3, 0x18, 0x33, 0x83, 0x70, 0x6,
    0x0, 0xe0, 0xe, 0x0, 0xe0, 0xe, 0x0, 0xe0,
    0xe, 0x4, 0x70, 0x83, 0xf0,

    /* U+0442 "т" */
    0x3e, 0x38, 0x38, 0x39, 0xb9, 0xb0, 0x74, 0x74,
    0x60, 0xf0, 0xd0, 0xc1, 0xa1, 0xc3, 0x83, 0x87,
    0x87, 0xe, 0xe, 0xc, 0x1c, 0x1c, 0x18, 0x38,
    0x30, 0x70, 0x60, 0xe0, 0xe1, 0xc1, 0xc1, 0x83,
    0x83, 0x3, 0x26, 0x6, 0xe, 0x9c, 0x1c, 0xe,
    0x0,

    /* U+0443 "у" */
    0x3c, 0xc, 0x38, 0x18, 0x70, 0x70, 0xe0, 0xe1,
    0x83, 0x83, 0x7, 0xe, 0xe, 0x1c, 0x38, 0x30,
    0xb0, 0x62, 0xe1, 0xc5, 0xc3, 0x93, 0x6, 0x46,
    0xf, 0x1c, 0x0, 0x30, 0x0, 0x60, 0x1, 0x81,
    0x83, 0x3, 0xc, 0x6, 0x30, 0x7, 0xc0, 0x0,

    /* U+0444 "ф" */
    0x0, 0x1, 0xe0, 0x0, 0x1d, 0xc0, 0x0, 0x67,
    0x0, 0x3, 0x0, 0x0, 0xc, 0x0, 0x0, 0x70,
    0x0, 0x1, 0x80, 0x1, 0xe6, 0x7c, 0xc, 0x5e,
    0x38, 0x60, 0xe0, 0xe3, 0x3, 0x81, 0x9c, 0xc,
    0x6, 0x60, 0x30, 0x3b, 0x81, 0xc0, 0xee, 0x7,
    0x3, 0xb8, 0x18, 0xe, 0xc0, 0x60, 0x73, 0x3,
    0x81, 0x8e, 0xe, 0xe, 0x38, 0xf4, 0x70, 0x7c,
    0xcf, 0x0, 0x3, 0x0, 0x0, 0x1c, 0x0, 0x0,
    0x60, 0x0, 0x11, 0x80, 0x0, 0xe4, 0x0, 0x3,
    0x30, 0x0, 0x7, 0x80, 0x0,

    /* U+0445 "х" */
    0xf, 0xe, 0x26, 0x3c, 0xe, 0x80, 0x1e, 0x0,
    0x1c, 0x0, 0x30, 0x0, 0x60, 0x0, 0xe0, 0x2,
    0xc0, 0xd, 0x80, 0x13, 0x80, 0x47, 0x2f, 0x7,
    0x9c, 0xe, 0x0,

    /* U+0446 "ц" */
    0x78, 0x18, 0xe0, 0x63, 0x83, 0x8e, 0xe, 0x30,
    0x70, 0xc1, 0xc7, 0x7, 0x1c, 0x3c, 0x61, 0x61,
    0x8b, 0x8e, 0x2e, 0x39, 0x3a, 0xc8, 0xcb, 0xc3,
    0xc0, 0x1, 0x0, 0x6, 0x0, 0x18, 0x0, 0x40,
    0x2, 0x0, 0x0,

    /* U+0447 "ч" */
    0xf8, 0x18, 0xe0, 0xe3, 0x83, 0x8e, 0x1e, 0x30,
    0xb1, 0xc2, 0xc7, 0x17, 0x1c, 0x9c, 0x3c, 0x60,
    0x1, 0x80, 0xe, 0x40, 0x3a, 0x0, 0xd0, 0x3,
    0x80,

    /* U+0448 "ш" */
    0x78, 0x18, 0x18, 0xe0, 0x60, 0x63, 0x83, 0x83,
    0x8e, 0xe, 0xe, 0x30, 0x70, 0x70, 0xc1, 0xc1,
    0xc7, 0x7, 0x7, 0x1c, 0x3c, 0x3c, 0x61, 0x61,
    0x61, 0x8b, 0x8b, 0x8e, 0x2e, 0x2e, 0x39, 0x39,
    0x3a, 0xc8, 0xc8, 0xd3, 0xc3, 0xc3, 0x80,

    /* U+0449 "щ" */
    0x78, 0x18, 0x18, 0xe0, 0x60, 0x63, 0x83, 0x83,
    0x8e, 0xe, 0xe, 0x30, 0x70, 0x70, 0xc1, 0xc1,
    0xc7, 0x7, 0x7, 0x1c, 0x3c, 0x3c, 0x61, 0x61,
    0x61, 0x8b, 0x8b, 0x8e, 0x2e, 0x2e, 0x39, 0x39,
    0x3a, 0xc8, 0xc8, 0xcb, 0xc3, 0xc3, 0xc0, 0x0,
    0x1, 0x0, 0x0, 0x6, 0x0, 0x0, 0x18, 0x0,
    0x0, 0x40, 0x0, 0x2, 0x0, 0x0, 0x0,

    /* U+044A "ъ" */
    0x3f, 0x70, 0xcf, 0xc3, 0x3, 0x7, 0xc, 0x0,
    0x30, 0x0, 0x6f, 0x81, 0xa3, 0x83, 0x83, 0xe,
    0x6, 0x1c, 0xc, 0x30, 0x38, 0x70, 0x60, 0x61,
    0x80, 0x7c, 0x0,

    /* U+044B "ы" */
    0x7c, 0x3, 0xe3, 0x80, 0xe, 0x38, 0x0, 0xe3,
    0x80, 0xe, 0x30, 0x0, 0xc3, 0x3e, 0xc, 0x7c,
    0x71, 0xc7, 0x7, 0x18, 0x60, 0x71, 0x86, 0x7,
    0x38, 0x60, 0x63, 0x96, 0xe, 0x32, 0x71, 0xc3,
    0xc3, 0xf0, 0x38,

    /* U+044C "ь" */
    0x0, 0xf, 0x80, 0x38, 0x3, 0x80, 0x38, 0x3,
    0x0, 0x33, 0xe7, 0xc7, 0x70, 0x76, 0x7, 0x60,
    0x76, 0x6, 0x60, 0xe7, 0x1c, 0x3f, 0x0,

    /* U+044D "э" */
    0x1f, 0xc0, 0xc3, 0xc, 0xc, 0x40, 0x70, 0x3,
    0x8f, 0x1c, 0xf, 0xe0, 0x7, 0x0, 0x70, 0x3,
    0xa0, 0x18, 0x81, 0xc6, 0x1c, 0xf, 0x80,

    /* U+044E "ю" */
    0x6, 0x3, 0xe3, 0xe0, 0x71, 0x87, 0xe, 0xe,
    0x38, 0xe0, 0x31, 0x87, 0x1, 0x8c, 0x70, 0x1c,
    0xff, 0x80, 0xe6, 0x38, 0x7, 0x31, 0xc0, 0x71,
    0x8e, 0x3, 0x1c, 0x70, 0x38, 0xc1, 0x83, 0x86,
    0xe, 0x30, 0x30, 0x1f, 0x0,

    /* U+044F "я" */
    0x3, 0xfe, 0xf, 0x6, 0xe, 0x6, 0xe, 0xe,
    0xe, 0xc, 0x7, 0xc, 0x0, 0xfc, 0x1, 0x9c,
    0x7, 0x18, 0xe, 0x18, 0xe, 0x39, 0x1c, 0x3a,
    0x98, 0x3c, 0x70, 0x38,

    /* U+0450 "ѐ" */
    0x3, 0x0, 0x38, 0x3, 0x80, 0x1c, 0x0, 0x40,
    0x0, 0x0, 0x0, 0x1e, 0x6, 0x30, 0xc3, 0x18,
    0x33, 0x86, 0x70, 0xc7, 0x38, 0xec, 0xf, 0x0,
    0xe0, 0xe, 0x0, 0xe0, 0x47, 0x8, 0x3f, 0x0,

    /* U+0451 "ё" */
    0xc, 0x18, 0x71, 0xc3, 0x86, 0x0, 0x0, 0x0,
    0x0, 0x0, 0x7, 0x80, 0xc6, 0xc, 0x30, 0xc1,
    0x8e, 0x18, 0xe1, 0x87, 0x38, 0x76, 0x3, 0xc0,
    0x1c, 0x0, 0xe0, 0x7, 0x2, 0x1c, 0x20, 0x7e,
    0x0,

    /* U+0452 "ђ" */
    0x1f, 0x0, 0x1c, 0x0, 0x60, 0x1, 0x80, 0x3f,
    0xe0, 0x38, 0x0, 0xc0, 0x3, 0xe, 0x1c, 0xdc,
    0x64, 0x71, 0xa0, 0xc7, 0x3, 0x38, 0xc, 0xe0,
    0x73, 0x1, 0xdc, 0x7, 0x70, 0x1d, 0x80, 0x66,
    0x3, 0xb8, 0xe, 0xc0, 0x30, 0x1, 0xc0, 0x6,
    0x8, 0x38, 0x70, 0xc1, 0x86, 0x6, 0x30, 0xf,
    0x0,

    /* U+0453 "ѓ" */
    0x0, 0x30, 0x7, 0x0, 0xe0, 0x18, 0x3, 0x0,
    0x0, 0x0, 0x0, 0x7c, 0x18, 0xe2, 0xe, 0x0,
    0xe0, 0x1c, 0x7, 0x80, 0xf0, 0x1c, 0x3, 0x80,
    0x70, 0xe, 0x0, 0xe0, 0x8e, 0x30, 0x7c, 0x0,

    /* U+0454 "є" */
    0x3, 0xf8, 0x61, 0x86, 0x4, 0x60, 0x27, 0x0,
    0x37, 0x3, 0xcf, 0x1c, 0x0, 0xe0, 0x7, 0x0,
    0x38, 0x9, 0xc0, 0x87, 0x18, 0x1f, 0x0,

    /* U+0455 "ѕ" */
    0x7, 0xe3, 0x8c, 0x60, 0x8e, 0x11, 0xc0, 0x1c,
    0x3, 0xc0, 0x38, 0x3, 0x90, 0x33, 0x6, 0x60,
    0xce, 0x31, 0x3c, 0x0,

    /* U+0456 "і" */
    0xe, 0x1c, 0x38, 0x0, 0x0, 0x0, 0x3e, 0x18,
    0x30, 0xe1, 0xc3, 0x6, 0x1c, 0x38, 0x61, 0xcb,
    0xa7, 0xc6, 0x0,

    /* U+0457 "ї" */
    0xc1, 0xf1, 0xf0, 0x60, 0x0, 0x0, 0x3, 0xe0,
    0x70, 0x30, 0x18, 0x1c, 0xe, 0x6, 0x3, 0x3,
    0x81, 0xc0, 0xc8, 0x64, 0x3c, 0x1c, 0x0,

    /* U+0458 "ј" */
    0x0, 0x30, 0x7, 0x0, 0x30, 0x0, 0x0, 0x0,
    0x0, 0x0, 0x0, 0x6, 0x3, 0xe0, 0xe, 0x0,
    0xe0, 0xc, 0x0, 0xc0, 0xc, 0x1, 0xc0, 0x18,
    0x1, 0x80, 0x38, 0x3, 0x80, 0x30, 0x3, 0x0,
    0x70, 0x7, 0x0, 0x60, 0x6, 0xc, 0xc0, 0xd8,
    0x7, 0x0,

    /* U+0459 "љ" */
    0x0, 0x3e, 0x0, 0x1, 0x8c, 0x0, 0x2, 0x18,
    0x0, 0x8, 0x30, 0x0, 0x10, 0x60, 0x0, 0x21,
    0xcf, 0x0, 0x83, 0x67, 0x1, 0x7, 0x7, 0x2,
    0x1c, 0xe, 0x4, 0x38, 0x18, 0x10, 0x70, 0x30,
    0x20, 0xe0, 0xce, 0x80, 0xc3, 0x1e, 0x0, 0xf8,
    0x0,

    /* U+045A "њ" */
    0x1e, 0xe, 0x1, 0xe0, 0x60, 0x3, 0x3, 0x0,
    0x38, 0x38, 0x1, 0x81, 0x80, 0xc, 0xc, 0xf8,
    0xff, 0xe8, 0xe6, 0x7, 0x83, 0x30, 0x38, 0x19,
    0x81, 0x80, 0xdc, 0xc, 0xe, 0xc0, 0x70, 0x66,
    0x1, 0x8e, 0x30, 0x7, 0xc0,

    /* U+045B "ћ" */
    0x3, 0x0, 0x78, 0x0, 0x60, 0x3, 0x80, 0x7f,
    0xe0, 0x30, 0x0, 0xc0, 0x7, 0x0, 0x18, 0x78,
    0x62, 0x61, 0x91, 0x8e, 0x86, 0x34, 0x38, 0xe0,
    0xe3, 0x83, 0x1c, 0x1c, 0x70, 0x71, 0x81, 0x8e,
    0x6, 0x38, 0x39, 0xc0, 0xeb, 0x3, 0xc0,

    /* U+045C "ќ" */
    0x0, 0xc, 0x0, 0x38, 0x0, 0xe0, 0x3, 0x0,
    0x8, 0x0, 0x0, 0x0, 0x0, 0x7, 0xe, 0x7c,
    0x3e, 0x38, 0x98, 0x71, 0x0, 0xc4, 0x1, 0x90,
    0x7, 0xe0, 0xe, 0x60, 0x18, 0xe0, 0x30, 0xc0,
    0xe1, 0x81, 0xc3, 0x8b, 0x7, 0x26, 0x7, 0x80,

    /* U+045D "ѝ" */
    0x6, 0x0, 0x1c, 0x0, 0x38, 0x0, 0x60, 0x0,
    0xc0, 0x0, 0x0, 0x0, 0x1e, 0x6, 0x38, 0x18,
    0xe0, 0xe3, 0x83, 0x8c, 0x1c, 0x30, 0x71, 0xc1,
    0xc7, 0xf, 0x18, 0x58, 0x62, 0xe3, 0x8b, 0x8e,
    0x4e, 0xb2, 0x34, 0xf0, 0xe0,

    /* U+045E "ў" */
    0x0, 0x0, 0x7, 0x4, 0x6, 0x10, 0xc, 0x20,
    0xf, 0x80, 0x0, 0xf, 0x3, 0xe, 0x6, 0x1c,
    0x1c, 0x38, 0x38, 0x60, 0xe0, 0xc1, 0xc3, 0x83,
    0x87, 0xe, 0xc, 0x2c, 0x18, 0xb8, 0x71, 0x70,
    0xe4, 0xc1, 0x91, 0x83, 0xc7, 0x0, 0xc, 0x0,
    0x18, 0x0, 0x60, 0x60, 0xc0, 0xc3, 0x1, 0x8c,
    0x1, 0xf0, 0x0,

    /* U+045F "џ" */
    0x78, 0x1c, 0x60, 0x63, 0x83, 0x8e, 0xe, 0x38,
    0x38, 0xc1, 0xc7, 0x7, 0x1c, 0x3c, 0x71, 0x71,
    0x85, 0x8e, 0x2e, 0x39, 0x3b, 0xe8, 0xe9, 0xcb,
    0xc0, 0x60, 0x1, 0x80, 0x6, 0x0, 0x18, 0x0,
    0x40, 0x2, 0x0,

    /* U+0460 "Ѡ" */
    0x0, 0xfc, 0xf, 0x80, 0x1c, 0x30, 0xc7, 0x1,
    0xc3, 0xce, 0x1c, 0x1c, 0x1e, 0x70, 0x71, 0xc0,
    0x21, 0x3, 0x9c, 0x0, 0x0, 0x1c, 0xe0, 0x0,
    0x0, 0xef, 0x0, 0x0, 0x7, 0x70, 0x0, 0x0,
    0x3b, 0x80, 0x0, 0x1, 0xfc, 0x7, 0xf0, 0x1f,
    0xe0, 0x1f, 0x0, 0xff, 0x0, 0xf0, 0x7, 0x78,
    0x7, 0x0, 0x3b, 0xc0, 0x38, 0x3, 0xde, 0x1,
    0xc0, 0x1c, 0x70, 0x1e, 0x1, 0xc3, 0x80, 0xf0,
    0xc, 0xc, 0xc, 0x80, 0xc0, 0x38, 0xc2, 0x1c,
    0x0, 0xfc, 0xf, 0x80, 0x0,

    /* U+0461 "ѡ" */
    0x7, 0x83, 0xc0, 0xcc, 0x66, 0x38, 0xc6, 0x73,
    0x0, 0x67, 0x70, 0x0, 0x76, 0x6, 0x7, 0xe0,
    0x70, 0x7e, 0x6, 0x7, 0xe0, 0x60, 0xee, 0xc,
    0xe, 0xe0, 0xc1, 0xc6, 0x14, 0x18, 0x63, 0x43,
    0x3, 0xc3, 0xe0,

    /* U+0462 "Ѣ" */
    0x3, 0xfc, 0x0, 0x1e, 0x0, 0x3, 0xc0, 0x3f,
    0xff, 0xf6, 0xe, 0xe, 0x81, 0xc0, 0xa0, 0x70,
    0x10, 0xe, 0x0, 0x1, 0xc0, 0x0, 0x3f, 0xe0,
    0xe, 0xf, 0x1, 0xc0, 0xf0, 0x38, 0xe, 0xe,
    0x1, 0xc1, 0xc0, 0x78, 0x38, 0xf, 0xf, 0x1,
    0xc1, 0xc0, 0x78, 0x38, 0x1e, 0xf, 0xf, 0x3,
    0xff, 0x80,

    /* U+0463 "ѣ" */
    0x3e, 0x3c, 0x0, 0xe6, 0xe0, 0x7, 0x47, 0x0,
    0x3a, 0x38, 0x1, 0xa1, 0x80, 0xe, 0xc, 0xf8,
    0xf0, 0xf8, 0xe7, 0x7, 0x7, 0x38, 0x30, 0x39,
    0x81, 0x81, 0xdc, 0xc, 0xc, 0xe0, 0x60, 0xe6,
    0x3, 0x8e, 0x30, 0xf, 0xc0,

    /* U+0464 "Ѥ" */
    0x7, 0xf0, 0x7, 0xff, 0x1, 0xc0, 0x1e, 0xf,
    0x3, 0xc0, 0x78, 0x6, 0x3, 0x80, 0xe0, 0x2,
    0x3, 0x81, 0xc0, 0x2, 0x3, 0x83, 0xc0, 0x2,
    0x7, 0x83, 0x80, 0x0, 0x7, 0x7, 0x80, 0x0,
    0x7, 0x7, 0x78, 0x0, 0x7, 0xff, 0x8e, 0x20,
    0xe, 0xf, 0x3, 0xc0, 0xe, 0xf, 0x0, 0x0,
    0xe, 0xf, 0x0, 0x0, 0xe, 0xf, 0x0, 0x0,
    0x1c, 0xf, 0x0, 0x0, 0x1c, 0xf, 0x0, 0x0,
    0x1c, 0x7, 0x0, 0x8, 0x3c, 0x7, 0x80, 0x10,
    0x38, 0x3, 0x80, 0x20, 0x38, 0x1, 0xe0, 0xc0,
    0xff, 0x0, 0x7f, 0x0,

    /* U+0465 "ѥ" */
    0xe, 0x7, 0xf7, 0xc1, 0xc3, 0x1c, 0x30, 0x11,
    0xc7, 0x2, 0x18, 0xe0, 0x1, 0x8f, 0xc4, 0x3f,
    0xe3, 0x83, 0x1c, 0x0, 0x31, 0xc0, 0x3, 0x1c,
    0x0, 0x70, 0xc0, 0x46, 0xe, 0x8, 0x60, 0xe1,
    0x6, 0x3, 0xe0,

    /* U+0466 "Ѧ" */
    0x0, 0x0, 0xc0, 0x0, 0x0, 0x30, 0x0, 0x0,
    0x1c, 0x0, 0x0, 0xf, 0x80, 0x0, 0x2, 0xe0,
    0x0, 0x1, 0x38, 0x0, 0x0, 0xce, 0x0, 0x0,
    0x23, 0xc0, 0x0, 0x10, 0x70, 0x0, 0xc, 0x1c,
    0x0, 0x6, 0x7, 0x0, 0x1, 0x1, 0xe0, 0x0,
    0xc0, 0x38, 0x0, 0x7f, 0xfe, 0x0, 0x10, 0xe3,
    0x80, 0x8, 0x78, 0xf0, 0x6, 0x1c, 0x1c, 0x3,
    0x7, 0x7, 0x0, 0x81, 0xc1, 0xe0, 0xe0, 0xf0,
    0x7c, 0xfe, 0xff, 0x7f, 0xc0,

    /* U+0467 "ѧ" */
    0x0, 0x3c, 0x0, 0x0, 0xc0, 0x0, 0x1e, 0x0,
    0x2, 0xe0, 0x0, 0x46, 0x0, 0x8, 0x60, 0x1,
    0x7, 0x0, 0x18, 0xf0, 0x2, 0xfb, 0x0, 0x26,
    0x30, 0x2, 0x63, 0x0, 0x44, 0x39, 0xe8, 0x41,
    0xaf, 0x8, 0x1c,

    /* U+0468 "Ѩ" */
    0xf, 0xf0, 0x0, 0x40, 0x0, 0x70, 0x0, 0x30,
    0x0, 0x1c, 0x0, 0x1c, 0x0, 0xf, 0x0, 0x7,
    0x80, 0x3, 0x80, 0x2, 0xe0, 0x0, 0xe0, 0x1,
    0x38, 0x0, 0x78, 0x0, 0xc6, 0x0, 0x1c, 0x0,
    0x21, 0xc0, 0x7, 0x0, 0x10, 0x70, 0x1, 0xc0,
    0xc, 0x1c, 0x0, 0xf0, 0x2, 0x7, 0x0, 0x38,
    0x1, 0x80, 0xe0, 0xe, 0x0, 0xc0, 0x38, 0x3,
    0xff, 0xff, 0xfe, 0x1, 0xe0, 0x10, 0xe3, 0xc0,
    0x70, 0xc, 0x38, 0x70, 0x1c, 0x6, 0x1c, 0x1c,
    0xf, 0x1, 0x7, 0x7, 0x3, 0x80, 0xc1, 0xc1,
    0xe1, 0xf0, 0xe0, 0xf0, 0x7c, 0xff, 0x7e, 0xff,
    0x7f, 0xc0,

    /* U+0469 "ѩ" */
    0x1e, 0x1, 0xe0, 0x1e, 0x0, 0x70, 0x7, 0x0,
    0x58, 0x3, 0x80, 0x4c, 0x1, 0x80, 0x46, 0x0,
    0xc0, 0x43, 0x80, 0xe0, 0x20, 0xc0, 0x7f, 0xf9,
    0xe0, 0x30, 0x17, 0xb0, 0x18, 0x13, 0x9c, 0x1c,
    0x9, 0x86, 0xe, 0x8, 0xc3, 0x26, 0x64, 0x41,
    0xe3, 0x3c, 0x20, 0x60,

    /* U+046A "Ѫ" */
    0x0, 0x7, 0xff, 0xe0, 0x0, 0xe, 0x1, 0x0,
    0x0, 0x38, 0x8, 0x0, 0x0, 0xe0, 0x60, 0x0,
    0x1, 0xc1, 0x0, 0x0, 0x7, 0x8, 0x0, 0x0,
    0x1c, 0x40, 0x0, 0x0, 0x3a, 0x0, 0x0, 0x0,
    0xe8, 0x0, 0x0, 0x1f, 0xfc, 0x0, 0x3, 0xce,
    0x38, 0x0, 0x1c, 0x38, 0xf0, 0x0, 0xf0, 0xe1,
    0xc0, 0x7, 0x87, 0x7, 0x0, 0x1c, 0x1c, 0x1e,
    0x0, 0xf0, 0x70, 0x38, 0x7, 0x83, 0xc0, 0xe0,
    0x3c, 0xe, 0x3, 0xc1, 0xf0, 0x38, 0xf, 0xf,
    0x81, 0xe0, 0x1e, 0xfc, 0xf, 0xe0, 0x7c,

    /* U+046B "ѫ" */
    0x0, 0x7f, 0xe0, 0x0, 0x60, 0x80, 0x0, 0xc2,
    0x0, 0x0, 0xc8, 0x0, 0x1, 0xa0, 0x0, 0x3,
    0x40, 0x0, 0x3f, 0xe0, 0x1, 0xce, 0xe0, 0x3,
    0x1c, 0xc0, 0xe, 0x31, 0xc0, 0x38, 0x63, 0x80,
    0x71, 0xc7, 0x19, 0xc3, 0x6, 0x4f, 0x6, 0x7,
    0x0,

    /* U+046C "Ѭ" */
    0xf, 0xf0, 0x3, 0xff, 0xe0, 0x3, 0x80, 0x7,
    0x0, 0xc0, 0x7, 0x0, 0xf, 0x1, 0x0, 0x1c,
    0x0, 0xe, 0x4, 0x0, 0x38, 0x0, 0x1c, 0x10,
    0x0, 0x70, 0x0, 0x1c, 0x60, 0x1, 0xe0, 0x0,
    0x38, 0x80, 0x3, 0x80, 0x0, 0x72, 0x0, 0x7,
    0x0, 0x0, 0x78, 0x0, 0xf, 0xff, 0xff, 0xfe,
    0x0, 0x38, 0x0, 0x71, 0xce, 0x0, 0x70, 0x3,
    0xc7, 0xe, 0x0, 0xe0, 0x7, 0xe, 0x1e, 0x1,
    0xc0, 0x1c, 0x1c, 0x3c, 0x7, 0x0, 0x78, 0x78,
    0x38, 0xe, 0x1, 0xe0, 0xe0, 0x78, 0x1c, 0x7,
    0x81, 0xc0, 0xf0, 0x78, 0xf, 0x3, 0x80, 0xe0,
    0xe0, 0x3c, 0xf, 0x1, 0xe3, 0xe0, 0xf0, 0x1e,
    0x3, 0xcf, 0xf7, 0xe0, 0xff, 0x7, 0xe0,

    /* U+046D "ѭ" */
    0x1e, 0x3, 0xfe, 0x3, 0xc0, 0x30, 0x20, 0xc,
    0x1, 0x84, 0x1, 0xc0, 0x18, 0x80, 0x1c, 0x0,
    0xd0, 0x1, 0x80, 0xe, 0x0, 0x3f, 0xff, 0xf8,
    0x3, 0x81, 0xce, 0xe0, 0x30, 0x38, 0xc6, 0x3,
    0x3, 0xc, 0x60, 0x70, 0x71, 0xc6, 0x7, 0xe,
    0x18, 0x71, 0x60, 0xe1, 0x83, 0x26, 0x7c, 0x38,
    0x3c,

    /* U+046E "Ѯ" */
    0x0, 0x70, 0x38, 0x3, 0x87, 0xc0, 0xc, 0x7c,
    0x0, 0x74, 0x0, 0x1, 0xc0, 0x0, 0x3f, 0x80,
    0x7, 0xe, 0x0, 0x60, 0x38, 0x7, 0x1, 0xe0,
    0x38, 0xf, 0x1, 0xc0, 0x78, 0x0, 0x3, 0x80,
    0x0, 0x1c, 0x0, 0x1, 0xc0, 0x0, 0x38, 0x0,
    0x7f, 0x0, 0x3, 0xe, 0x0, 0x30, 0x38, 0x1,
    0x1, 0xe0, 0x10, 0xf, 0x0, 0x0, 0x78, 0x0,
    0x3, 0xc0, 0x0, 0x3c, 0x0, 0x3, 0xe0, 0x1f,
    0xfe, 0x3, 0xff, 0x80, 0x10, 0x0, 0x1, 0x80,
    0x0, 0x8, 0x0, 0x0, 0x40, 0x3c, 0x1, 0x3,
    0xe0, 0xc, 0x3e, 0x0, 0x1f, 0xc0, 0x0,

    /* U+046F "ѯ" */
    0x6, 0x1c, 0x18, 0xf0, 0x34, 0x0, 0xe0, 0xf,
    0xc0, 0x61, 0xc3, 0x3, 0xc, 0xc, 0x0, 0x70,
    0x3, 0x81, 0xf8, 0x6, 0x30, 0x10, 0xe0, 0x3,
    0x80, 0xe, 0x0, 0x78, 0x7, 0xc0, 0xfe, 0xf,
    0xc0, 0x30, 0x0, 0x80, 0x2, 0xc, 0x8, 0xf0,
    0x1f, 0x0,

    /* U+0470 "Ѱ" */
    0x0, 0x7f, 0xc3, 0xff, 0x87, 0xc1, 0x77, 0x81,
    0xe0, 0x8c, 0xe0, 0x70, 0x40, 0x38, 0x1c, 0x10,
    0xe, 0x7, 0x8, 0x3, 0x83, 0xc2, 0x0, 0xe0,
    0xf1, 0x0, 0x1c, 0x38, 0x40, 0x7, 0xe, 0x30,
    0x1, 0xc3, 0x88, 0x0, 0x71, 0xe2, 0x0, 0x1c,
    0x79, 0x0, 0x7, 0x1c, 0x40, 0xf, 0xff, 0xfe,
    0x0, 0x1, 0xc0, 0x0, 0x0, 0xf0, 0x0, 0x0,
    0x38, 0x0, 0x0, 0xe, 0x0, 0x0, 0xf, 0xc0,
    0x0, 0xf, 0xfc, 0x0, 0x0,

    /* U+0471 "ѱ" */
    0x0, 0x0, 0x0, 0x0, 0xe0, 0x0, 0x1f, 0x0,
    0x0, 0x30, 0x0, 0x1, 0x80, 0x0, 0x1c, 0x0,
    0x0, 0xe0, 0x0, 0x7, 0x0, 0xfe, 0x30, 0x39,
    0xc3, 0x83, 0xce, 0x1c, 0x36, 0x70, 0xe3, 0x3,
    0x87, 0x10, 0xc, 0x31, 0x80, 0x63, 0x88, 0x3,
    0x1c, 0x40, 0x18, 0xe6, 0x0, 0xc6, 0x20, 0x6,
    0x31, 0x0, 0x33, 0x90, 0x3, 0x9c, 0x80, 0x7f,
    0xff, 0x0, 0x6, 0x0, 0x0, 0x70, 0x0, 0x3,
    0x80, 0x0, 0x1c, 0x0, 0x0, 0xc0, 0x0, 0xf,
    0x0, 0x1, 0xfc, 0x0, 0x0,

    /* U+0472 "Ѳ" */
    0x0, 0x3f, 0x0, 0xc, 0x1c, 0x3, 0x80, 0xe0,
    0x70, 0x6, 0xe, 0x0, 0x71, 0xc0, 0x7, 0x38,
    0x0, 0x73, 0x80, 0x7, 0x73, 0xc0, 0x77, 0xce,
    0x7, 0xf0, 0x70, 0xff, 0x1, 0xff, 0xe0, 0x0,
    0xee, 0x0, 0x1e, 0xe0, 0x1, 0xce, 0x0, 0x38,
    0xe0, 0x7, 0x7, 0x0, 0x60, 0x70, 0x1c, 0x3,
    0x83, 0x80, 0xf, 0xc0, 0x0,

    /* U+0473 "ѳ" */
    0x1, 0xf0, 0x18, 0xe1, 0xc1, 0xce, 0x7, 0x30,
    0x1d, 0xc0, 0x7e, 0xf3, 0xfc, 0xfe, 0xe0, 0x3b,
    0x80, 0xce, 0x6, 0x38, 0x30, 0x71, 0x80, 0xf8,
    0x0,

    /* U+0474 "Ѵ" */
    0x7f, 0x0, 0x1e, 0x3c, 0x0, 0x7f, 0x1c, 0x0,
    0x4e, 0x1c, 0x0, 0x80, 0x1c, 0x1, 0x0, 0x1c,
    0x1, 0x0, 0x1c, 0x2, 0x0, 0x1c, 0x6, 0x0,
    0xe, 0x4, 0x0, 0xe, 0x8, 0x0, 0xe, 0x18,
    0x0, 0xe, 0x10, 0x0, 0xe, 0x30, 0x0, 0xe,
    0x20, 0x0, 0x7, 0x40, 0x0, 0x7, 0xc0, 0x0,
    0x7, 0x80, 0x0, 0x7, 0x0, 0x0, 0x7, 0x0,
    0x0, 0x6, 0x0, 0x0, 0x2, 0x0, 0x0,

    /* U+0475 "ѵ" */
    0x70, 0x7, 0x5c, 0x7, 0xce, 0x4, 0xc7, 0x2,
    0x3, 0x82, 0x0, 0xc2, 0x0, 0x71, 0x0, 0x39,
    0x0, 0x1c, 0x80, 0xe, 0x80, 0x3, 0x80, 0x1,
    0xc0, 0x0, 0xc0, 0x0, 0x60, 0x0,

    /* U+0476 "Ѷ" */
    0x0, 0x0, 0x0, 0x1, 0x8e, 0x0, 0x1, 0xce,
    0x0, 0x0, 0xe6, 0x0, 0x0, 0x63, 0x0, 0x0,
    0x11, 0x0, 0x0, 0x0, 0x0, 0x0, 0x0, 0x0,
    0x7f, 0x0, 0x1e, 0x3c, 0x0, 0x7f, 0x1c, 0x0,
    0x4e, 0x1c, 0x0, 0x80, 0x1c, 0x1, 0x0, 0x1c,
    0x1, 0x0, 0x1c, 0x2, 0x0, 0x1c, 0x6, 0x0,
    0xe, 0x4, 0x0, 0xe, 0x8, 0x0, 0xe, 0x18,
    0x0, 0xe, 0x10, 0x0, 0xe, 0x30, 0x0, 0xe,
    0x20, 0x0, 0x7, 0x40, 0x0, 0x7, 0xc0, 0x0,
    0x7, 0x80, 0x0, 0x7, 0x0, 0x0, 0x7, 0x0,
    0x0, 0x6, 0x0, 0x0, 0x2, 0x0, 0x0,

    /* U+0477 "ѷ" */
    0x0, 0x0, 0x6, 0x38, 0x3, 0x9c, 0x0, 0xc6,
    0x0, 0x31, 0x0, 0xc, 0xc0, 0x0, 0x0, 0x0,
    0x0, 0x0, 0x0, 0x38, 0x3, 0xae, 0x3, 0xe7,
    0x2, 0x63, 0x81, 0x1, 0xc1, 0x0, 0x61, 0x0,
    0x38, 0x80, 0x1c, 0x80, 0xe, 0x40, 0x7, 0x40,
    0x1, 0xc0, 0x0, 0xe0, 0x0, 0x60, 0x0, 0x30,
    0x0,

    /* U+0478 "Ѹ" */
    0x0, 0x7e, 0x0, 0x0, 0x0, 0xe1, 0x80, 0x0,
    0x0, 0xc0, 0x60, 0x0, 0x0, 0xc0, 0x38, 0x0,
    0x0, 0xc0, 0xc, 0x0, 0x0, 0xe0, 0x7, 0x0,
    0x0, 0xe0, 0x3, 0x80, 0x0, 0xf0, 0x3, 0xde,
    0x7, 0x70, 0x1, 0xe7, 0x3, 0x38, 0x0, 0xe3,
    0x83, 0xbc, 0x0, 0x71, 0xc1, 0xdc, 0x0, 0x38,
    0xc0, 0xce, 0x0, 0x38, 0x60, 0xe7, 0x0, 0x1c,
    0x70, 0x73, 0x80, 0x1c, 0x38, 0x79, 0xc0, 0xe,
    0x18, 0x58, 0xe0, 0xe, 0xc, 0x2c, 0x30, 0xe,
    0xe, 0x2e, 0x1c, 0xe, 0x7, 0x27, 0x7, 0xe,
    0x3, 0xa3, 0x0, 0xf8, 0x0, 0xe1, 0x80, 0x0,
    0x0, 0x1, 0xc0, 0x0, 0x0, 0x0, 0xc0, 0x0,
    0x0, 0x0, 0x60, 0x0, 0x0, 0x30, 0x60, 0x0,
    0x0, 0x18, 0x60, 0x0, 0x0, 0xc, 0x60, 0x0,
    0x0, 0x3, 0xe0, 0x0,

    /* U+0479 "ѹ" */
    0x3, 0xe0, 0x60, 0x61, 0xc6, 0x7c, 0x1c, 0x60,
    0xe3, 0x83, 0x9c, 0x1c, 0x60, 0x67, 0x3, 0x8c,
    0x1c, 0xc0, 0x73, 0x83, 0xb8, 0xe, 0x70, 0xf7,
    0x1, 0x8c, 0x1c, 0xc0, 0x71, 0x85, 0x98, 0xc,
    0x71, 0x73, 0x3, 0x8e, 0x2c, 0x60, 0x61, 0x89,
    0x86, 0x30, 0x32, 0x70, 0x7c, 0x7, 0x8c, 0x0,
    0x0, 0x1, 0x80, 0x0, 0x0, 0x30, 0x0, 0x0,
    0xc, 0x0, 0x0, 0xc1, 0x80, 0x0, 0x18, 0x60,
    0x0, 0x3, 0x18, 0x0, 0x0, 0x3c, 0x0,

    /* U+047A "Ѻ" */
    0x0, 0x1, 0x80, 0x0, 0x0, 0x70, 0x0, 0x1,
    0xff, 0x80, 0x3, 0xc6, 0x38, 0x3, 0x80, 0x7,
    0x1, 0xc0, 0x0, 0xe0, 0xe0, 0x0, 0x38, 0x70,
    0x0, 0x7, 0x38, 0x0, 0x1, 0xde, 0x0, 0x0,
    0x77, 0x0, 0x0, 0x1d, 0xc0, 0x0, 0x7, 0xf0,
    0x0, 0x3, 0xfc, 0x0, 0x0, 0xfe, 0x0, 0x0,
    0x3b, 0x80, 0x0, 0x1e, 0xe0, 0x0, 0x7, 0x3c,
    0x0, 0x3, 0xc7, 0x0, 0x1, 0xe1, 0xc0, 0x0,
    0xf0, 0x38, 0x30, 0x70, 0x7, 0x9c, 0x70, 0x0,
    0x7f, 0xf0, 0x0, 0x1, 0xc0, 0x0,

    /* U+047B "ѻ" */
    0x0, 0x30, 0x0, 0x7f, 0x0, 0x62, 0x70, 0x70,
    0xe, 0x38, 0x1, 0x9c, 0x0, 0x66, 0x0, 0x1f,
    0x80, 0x6, 0xe0, 0x3, 0xb8, 0x0, 0xee, 0x0,
    0x73, 0x80, 0x1c, 0x70, 0xe, 0xe, 0xce, 0x1,
    0xfe, 0x0, 0xc, 0x0,

    /* U+047C "Ѽ" */
    0x0, 0x0, 0xfc, 0x0, 0x0, 0x18, 0x70, 0x0,
    0x1, 0x99, 0xc0, 0x0, 0x19, 0x27, 0x0, 0x0,
    0xd1, 0x38, 0x0, 0x6, 0x88, 0xf0, 0x0, 0x0,
    0x80, 0x0, 0x0, 0x0, 0x0, 0x0, 0xfc, 0xf,
    0x80, 0x1c, 0x30, 0xc7, 0x1, 0xc3, 0xce, 0x1c,
    0x1c, 0x1e, 0x70, 0x71, 0xc0, 0x21, 0x3, 0x9c,
    0x0, 0x0, 0x1c, 0xe0, 0x0, 0x0, 0xef, 0x0,
    0x0, 0x7, 0x70, 0x0, 0x0, 0x3b, 0x80, 0x0,
    0x1, 0xfc, 0x7, 0xf0, 0x1f, 0xe0, 0x1f, 0x0,
    0xff, 0x0, 0xf0, 0x7, 0x78, 0x7, 0x0, 0x3b,
    0xc0, 0x38, 0x3, 0xde, 0x1, 0xc0, 0x1c, 0x70,
    0x1e, 0x1, 0xc3, 0x80, 0xf0, 0xc, 0xc, 0xc,
    0x80, 0xc0, 0x38, 0xc2, 0x1c, 0x0, 0xfc, 0xf,
    0x80, 0x0,

    /* U+047D "ѽ" */
    0x0, 0x3f, 0x80, 0x1, 0x87, 0x0, 0x1d, 0xce,
    0x0, 0x69, 0x9c, 0x1, 0xa2, 0x3c, 0x0, 0x8,
    0x0, 0x0, 0x40, 0x1, 0xe0, 0xf0, 0xc, 0xc6,
    0x60, 0xe3, 0x19, 0xc3, 0x0, 0x67, 0x1c, 0x0,
    0x1c, 0x60, 0x60, 0x73, 0x81, 0xc1, 0xce, 0x6,
    0x7, 0x38, 0x18, 0x38, 0xe0, 0xc0, 0xe3, 0x83,
    0x7, 0xe, 0x14, 0x18, 0x18, 0x90, 0xc0, 0x3c,
    0x3c, 0x0,

    /* U+047E "Ѿ" */
    0x0, 0x3f, 0xff, 0xc0, 0x1, 0x83, 0x86, 0x0,
    0x8, 0x18, 0x10, 0x0, 0x81, 0xc0, 0x80, 0x4,
    0xe, 0x8, 0x0, 0x0, 0x0, 0x0, 0x3, 0xf0,
    0x3e, 0x0, 0x70, 0xc3, 0x1c, 0x7, 0xf, 0x38,
    0x70, 0x70, 0x79, 0xc1, 0xc7, 0x0, 0x84, 0xe,
    0x70, 0x0, 0x0, 0x73, 0x80, 0x0, 0x3, 0xbc,
    0x0, 0x0, 0x1d, 0xc0, 0x0, 0x0, 0xee, 0x0,
    0x0, 0x7, 0xf0, 0x1f, 0xc0, 0x7f, 0x80, 0x7c,
    0x3, 0xfc, 0x3, 0xc0, 0x1d, 0xe0, 0x1c, 0x0,
    0xef, 0x0, 0xe0, 0xf, 0x78, 0x7, 0x0, 0x71,
    0xc0, 0x78, 0x7, 0xe, 0x3, 0xc0, 0x30, 0x30,
    0x32, 0x3, 0x0, 0xe3, 0x8, 0x70, 0x3, 0xf0,
    0x3e, 0x0,

    /* U+047F "ѿ" */
    0x7, 0xff, 0xf8, 0x30, 0x60, 0xc1, 0x7, 0x2,
    0x10, 0x38, 0x20, 0x81, 0xc1, 0x0, 0x0, 0x0,
    0x1e, 0xf, 0x1, 0x98, 0xcc, 0x38, 0xc6, 0x71,
    0x80, 0x33, 0x9c, 0x0, 0x1c, 0xc0, 0xc0, 0xee,
    0x7, 0x7, 0x70, 0x30, 0x3b, 0x81, 0x83, 0x9c,
    0x18, 0x1c, 0xe0, 0xc1, 0xc3, 0xa, 0xc, 0x18,
    0xd0, 0xc0, 0x78, 0x7c, 0x0,

    /* U+0480 "Ҁ" */
    0x1, 0xf8, 0xe, 0xe, 0x1c, 0xf, 0x38, 0x7,
    0x70, 0x7, 0x70, 0x7, 0xf0, 0x0, 0xe0, 0x0,
    0xe0, 0x0, 0xf0, 0x0, 0x70, 0x0, 0x38, 0x0,
    0xf, 0xc0, 0x3, 0x80, 0x3, 0x80, 0x3, 0x80,
    0x7, 0x80, 0x7, 0x0, 0x7, 0x0, 0xf, 0x0,
    0x3f, 0xc0,

    /* U+0481 "ҁ" */
    0x3, 0xe0, 0x71, 0x87, 0xe, 0x70, 0x67, 0x0,
    0x38, 0x3, 0x80, 0x1c, 0x0, 0xe0, 0x7, 0x0,
    0x38, 0x1, 0xc0, 0xc7, 0xc, 0x1f, 0xa0, 0x1,
    0x0, 0x18, 0x1, 0x80, 0x1c, 0x0, 0xc0,

    /* U+0482 "҂" */
    0x0, 0x11, 0xc7, 0x3, 0x87, 0x21, 0x81, 0xb0,
    0xc0, 0xe0, 0x70, 0x38, 0x0,

    /* U+0483 "҃" */
    0x0, 0x7e, 0x1f, 0x3f, 0x60, 0x0,

    /* U+0484 "҄" */
    0x7, 0xc1, 0xfe, 0x30, 0x34, 0x1, 0x80, 0x10,
    0x1,

    /* U+0485 "҅" */
    0x3d, 0xfc, 0x20, 0xc1, 0xe0,

    /* U+0486 "҆" */
    0x79, 0xf0, 0xc3, 0x8, 0x6e, 0x0,

    /* U+0487 "҇" */
    0x0, 0xff, 0x0, 0x38, 0x3e, 0xe, 0x0, 0x7c,
    0x80, 0x1, 0xf8, 0x0, 0x3, 0x0,

    /* U+0488 "҈" */
    0x0, 0x1, 0x80, 0x0, 0x0, 0x1, 0x20, 0x0,
    0x0, 0x0, 0x0, 0x0, 0x0, 0x0, 0x0, 0x0,
    0x0, 0x60, 0x0, 0x7, 0x0, 0x50, 0x0, 0x2,
    0x80, 0x0, 0x0, 0x0, 0x0, 0x0, 0x0, 0x0,
    0x0, 0x0, 0x0, 0x0, 0x0, 0x0, 0x0, 0x0,
    0x0, 0x0, 0x0, 0x0, 0x0, 0x0, 0x0, 0x0,
    0x0, 0x0, 0x0, 0x0, 0x0, 0x0, 0x0, 0x0,
    0x0, 0x3, 0x80, 0x0, 0x0, 0xd, 0x40, 0x0,
    0x0, 0x9, 0x0, 0x0, 0x0, 0x0, 0x0, 0x0,
    0x0, 0x0, 0x0, 0x0, 0x0, 0x0, 0x0, 0x0,
    0x0, 0x0, 0x0, 0x0, 0x0, 0x0, 0x0, 0x0,
    0x0, 0x0, 0x0, 0x0, 0x0, 0x0, 0x0, 0x0,
    0x0, 0x0, 0x0, 0x0, 0x0, 0x0, 0x0, 0x3,
    0x0, 0x0, 0x18, 0x2, 0x80, 0x0, 0x14, 0x0,
    0x0, 0x0, 0x0, 0x0, 0x0, 0x0, 0x0, 0x0,
    0x0, 0xc, 0x0, 0x0, 0x0, 0x9, 0x0, 0x0,

    /* U+0489 "҉" */
    0x0, 0x0, 0x10, 0x0, 0x0, 0x0, 0x2, 0x0,
    0x0, 0x0, 0x0, 0x40, 0x0, 0x0, 0x0, 0x6,
    0x0, 0x0, 0x2, 0x0, 0x60, 0x0, 0x0, 0x20,
    0x0, 0x0, 0x0, 0x2, 0x0, 0x0, 0xf, 0x0,
    0x38, 0x0, 0x1, 0x80, 0x1, 0x80, 0x0, 0x18,
    0x0, 0x0, 0x0, 0x0, 0x0, 0x0, 0x0, 0x0,
    0x0, 0x0, 0x0, 0x0, 0x0, 0x0, 0x0, 0x0,
    0x0, 0x0, 0x0, 0x0, 0x0, 0x0, 0x0, 0x0,
    0x0, 0x0, 0x0, 0x0, 0x0, 0x0, 0x0, 0x0,
    0x0, 0x0, 0x0, 0x0, 0x9, 0x80, 0x0, 0x0,
    0x1c, 0x78, 0x0, 0x0, 0x1, 0xb0, 0x0, 0x0,
    0x0, 0x0, 0x0, 0x0, 0x0, 0x0, 0x0, 0x0,
    0x0, 0x0, 0x0, 0x0, 0x0, 0x0, 0x0, 0x0,
    0x0, 0x0, 0x0, 0x0, 0x0, 0x0, 0x0, 0x0,
    0x0, 0x0, 0x0, 0x0, 0x0, 0x0, 0x0, 0x0,
    0x0, 0x0, 0x18, 0x0, 0x1, 0x80, 0x1, 0x80,
    0x0, 0x1c, 0x0, 0xf8, 0x0, 0x0, 0x40, 0x0,
    0x0, 0x0, 0x4, 0x0, 0x0, 0x6, 0x0, 0x40,
    0x0, 0x0, 0x70, 0x0, 0x0, 0x0, 0x2, 0x0,
    0x0, 0x0, 0x0, 0x40, 0x0, 0x0, 0x0, 0x8,
    0x0, 0x0,

    /* U+048A "Ҋ" */
    0x0, 0x0, 0x0, 0x0, 0x6, 0x8, 0x0, 0x3,
    0x4, 0x0, 0x1, 0x84, 0x0, 0x0, 0x7c, 0x0,
    0x0, 0x0, 0x0, 0x3f, 0xc1, 0xfe, 0x3, 0x80,
    0x38, 0x1, 0xc0, 0x1c, 0x1, 0xc0, 0x1e, 0x0,
    0xe0, 0x1e, 0x0, 0x70, 0x1f, 0x0, 0x38, 0x1b,
    0x80, 0x38, 0x1b, 0xc0, 0x1c, 0x19, 0xc0, 0xe,
    0x18, 0xe0, 0xf, 0x18, 0x70, 0x7, 0x18, 0x78,
    0x3, 0x98, 0x38, 0x1, 0xd8, 0x1c, 0x1, 0xc8,
    0xe, 0x0, 0xe8, 0xe, 0x0, 0x78, 0x7, 0x0,
    0x38, 0x3, 0x80, 0x38, 0x3, 0xc0, 0x1c, 0x1,
    0xe0, 0x3f, 0xc3, 0xfc, 0x0, 0x0, 0xc, 0x0,
    0x0, 0xe, 0x0, 0x0, 0xe, 0x0, 0x0, 0x6,
    0x0, 0x0, 0x0, 0x0,

    /* U+048B "ҋ" */
    0x3, 0x0, 0x1c, 0x10, 0x30, 0x80, 0x7c, 0x0,
    0x0, 0x0, 0x7, 0xc1, 0xc6, 0x7, 0x18, 0x18,
    0xe0, 0xe3, 0x83, 0x8c, 0x1c, 0x30, 0x71, 0xc3,
    0xc7, 0x17, 0x18, 0x58, 0x62, 0x63, 0x93, 0x9e,
    0x8e, 0x9c, 0x1c, 0x0, 0xe0, 0x7, 0x0, 0x38,
    0x0, 0xc0,

    /* U+048C "Ҍ" */
    0x1, 0xe0, 0x0, 0xe0, 0x0, 0x70, 0x0, 0x78,
    0x1, 0xff, 0x0, 0x1c, 0x0, 0x1e, 0x0, 0xe,
    0x0, 0x7, 0x0, 0x3, 0xfe, 0x3, 0xc3, 0xc1,
    0xc0, 0x70, 0xe0, 0x38, 0x70, 0x1c, 0x78, 0xe,
    0x38, 0x7, 0x1c, 0x7, 0x8e, 0x3, 0x8f, 0x3,
    0x87, 0x7, 0x8f, 0xfe, 0x0,

    /* U+048D "ҍ" */
    0x2, 0x3, 0xe0, 0x7, 0x0, 0x38, 0x7, 0xf0,
    0xc, 0x0, 0xe7, 0xc7, 0xc6, 0x38, 0x39, 0x81,
    0xcc, 0xe, 0x60, 0x63, 0x7, 0x1c, 0x70, 0x7e,
    0x0,

    /* U+048E "Ҏ" */
    0x7, 0xff, 0x0, 0x38, 0x78, 0x7, 0x3, 0x80,
    0xe0, 0x70, 0x3c, 0xe, 0x7, 0x1, 0xc0, 0xe6,
    0x38, 0x1c, 0x6f, 0x7, 0xd, 0xc0, 0xe0, 0xf0,
    0x1f, 0xfc, 0x7, 0x81, 0x80, 0xe0, 0x18, 0x1c,
    0x2, 0x3, 0x80, 0x0, 0xe0, 0x0, 0x1c, 0x0,
    0x3, 0x80, 0x0, 0xf0, 0x0, 0x1e, 0x0, 0xf,
    0xf0, 0x0,

    /* U+048F "ҏ" */
    0xf, 0x9e, 0x1, 0xb3, 0x80, 0xe0, 0xe0, 0xe0,
    0x70, 0x70, 0x38, 0x30, 0x1c, 0x18, 0xe, 0x1c,
    0xe, 0xc, 0x37, 0x6, 0x1f, 0x3, 0x7, 0x3,
    0x83, 0x1, 0xc6, 0xc0, 0xde, 0x30, 0x60, 0x0,
    0x70, 0x0, 0x38, 0x0, 0x18, 0x0, 0xc, 0x0,
    0xe, 0x0, 0xf, 0xc0, 0x0,

    /* U+0490 "Ґ" */
    0x0, 0x0, 0x8, 0x0, 0x0, 0xc0, 0x0, 0xc,
    0x1f, 0xff, 0xe0, 0x3f, 0xff, 0x0, 0xe0, 0x0,
    0xf, 0x0, 0x0, 0x70, 0x0, 0x3, 0x80, 0x0,
    0x1c, 0x0, 0x1, 0xe0, 0x0, 0xe, 0x0, 0x0,
    0x70, 0x0, 0x7, 0x80, 0x0, 0x38, 0x0, 0x1,
    0xc0, 0x0, 0xe, 0x0, 0x0, 0xf0, 0x0, 0x7,
    0x0, 0x0, 0x38, 0x0, 0x1, 0xc0, 0x0, 0x1c,
    0x0, 0x0, 0xe0, 0x0, 0x1f, 0xe0, 0x0,

    /* U+0491 "ґ" */
    0x0, 0x2, 0x0, 0x4, 0x0, 0x11, 0xff, 0xe0,
    0xff, 0xc1, 0x80, 0x7, 0x0, 0xe, 0x0, 0x18,
    0x0, 0x30, 0x0, 0xe0, 0x1, 0x80, 0x3, 0x0,
    0xe, 0x0, 0x1c, 0x0, 0x30, 0x0, 0x60, 0x0,

    /* U+0492 "Ғ" */
    0xf, 0xff, 0xf0, 0x1c, 0xf, 0x1, 0xc0, 0x30,
    0x3c, 0x2, 0x3, 0x80, 0x20, 0x38, 0x0, 0x7,
    0x80, 0x0, 0x70, 0x0, 0x7, 0x0, 0x3, 0xff,
    0x80, 0xe, 0x0, 0x0, 0xe0, 0x0, 0xe, 0x0,
    0x0, 0xe0, 0x0, 0x1c, 0x0, 0x1, 0xc0, 0x0,
    0x1c, 0x0, 0x3, 0xc0, 0x0, 0x38, 0x0, 0x3,
    0x80, 0x0, 0xff, 0x0, 0x0,

    /* U+0493 "ғ" */
    0x3f, 0xfc, 0x7f, 0xe0, 0xc0, 0x87, 0x2, 0x1c,
    0x8, 0x60, 0x1, 0x80, 0x3f, 0xe0, 0x38, 0x0,
    0xc0, 0x3, 0x0, 0x1c, 0x0, 0x60, 0x1, 0x80,
    0x0,

    /* U+0494 "Ҕ" */
    0x7, 0xff, 0xf8, 0xf, 0x1, 0x80, 0x70, 0x4,
    0x3, 0x80, 0x20, 0x1c, 0x1, 0x1, 0xe0, 0x0,
    0xe, 0x0, 0x0, 0x70, 0x0, 0x3, 0xbe, 0x0,
    0x3e, 0x38, 0x1, 0xc0, 0xe0, 0xe, 0x3, 0x0,
    0xf0, 0x1c, 0x7, 0x0, 0x60, 0x38, 0x3, 0x1,
    0xc0, 0x1c, 0x1c, 0x0, 0xe0, 0xe0, 0x6, 0x7,
    0x0, 0x30, 0x78, 0x3, 0x8f, 0xf0, 0x1c, 0x0,
    0x0, 0xe0, 0x0, 0xe, 0x0, 0x0, 0x70, 0x0,
    0x7, 0x0, 0x10, 0x30, 0x1, 0xc3, 0x0, 0x7,
    0x30, 0x0, 0x1f, 0x0, 0x0,

    /* U+0495 "ҕ" */
    0x3f, 0xfc, 0x7f, 0xe0, 0xc0, 0x87, 0x2, 0x1d,
    0xe0, 0x6f, 0xc1, 0xc7, 0xe, 0x1c, 0x30, 0x30,
    0xc0, 0xc7, 0x3, 0x1c, 0xc, 0x60, 0x71, 0x81,
    0xc0, 0x6, 0x0, 0x18, 0x0, 0xe0, 0x3, 0x3,
    0x18, 0x1e, 0x40, 0x3c, 0x0,

    /* U+0496 "Җ" */
    0x1, 0xe0, 0xfe, 0x7, 0x81, 0xf8, 0x1e, 0x7,
    0xc0, 0xe4, 0xe, 0x4, 0xe0, 0x3, 0x7, 0x4,
    0x0, 0x1, 0x87, 0x82, 0x0, 0x0, 0x43, 0x82,
    0x0, 0x0, 0x21, 0xc3, 0x0, 0x0, 0x10, 0xe3,
    0x0, 0x0, 0xc, 0xf3, 0x0, 0x0, 0x3, 0xff,
    0x0, 0x0, 0xe, 0x39, 0xc0, 0x0, 0xe, 0x1c,
    0x70, 0x0, 0xe, 0x1c, 0x3c, 0x0, 0xf, 0xe,
    0xe, 0x0, 0xf, 0x7, 0x7, 0x0, 0xf, 0x7,
    0x83, 0xc0, 0x7, 0x83, 0x81, 0xe0, 0x7, 0x81,
    0xc0, 0x70, 0x7, 0x81, 0xe0, 0x3c, 0x7, 0xc0,
    0xf0, 0x1f, 0xf, 0xc1, 0xfe, 0x7, 0xe0, 0x0,
    0x0, 0x0, 0x70, 0x0, 0x0, 0x0, 0x10, 0x0,
    0x0, 0x0, 0x8, 0x0, 0x0, 0x0, 0x4, 0x0,
    0x0, 0x0, 0x2, 0x0,

    /* U+0497 "җ" */
    0xf, 0x81, 0x81, 0xf0, 0x87, 0xc, 0x38, 0xc8,
    0x38, 0x63, 0x8e, 0x0, 0xc7, 0x18, 0x20, 0x6,
    0x31, 0xc0, 0x0, 0x31, 0x8c, 0x0, 0x3, 0xff,
    0xe0, 0x0, 0x1c, 0xe7, 0x0, 0x0, 0xc6, 0x38,
    0x0, 0x6, 0x31, 0xc0, 0x38, 0x63, 0x8e, 0x1,
    0xc7, 0x1c, 0x70, 0x4c, 0x70, 0xc1, 0xc4, 0x3e,
    0x6, 0x7, 0xe0, 0x0, 0x0, 0x1, 0x0, 0x0,
    0x0, 0x18, 0x0, 0x0, 0x0, 0xc0, 0x0, 0x0,
    0x6, 0x0, 0x0, 0x0, 0x20, 0x0, 0x0, 0x0,
    0x0,

    /* U+0498 "Ҙ" */
    0x4, 0xfe, 0x3, 0xe1, 0xe0, 0xe0, 0x3c, 0x30,
    0x7, 0x8, 0x1, 0xc4, 0x0, 0x70, 0x0, 0x1c,
    0x0, 0xe, 0x0, 0x7, 0x80, 0x7, 0x80, 0xf,
    0x0, 0x0, 0xf0, 0x0, 0xe, 0x0, 0x3, 0xc0,
    0x0, 0x70, 0x0, 0x1c, 0x0, 0xf, 0x10, 0x3,
    0xc6, 0x1, 0xe0, 0xe0, 0xf0, 0xf, 0xf0, 0x0,
    0xe0, 0x0, 0xc, 0x0, 0x3, 0x0, 0x0, 0xc0,
    0x6, 0x30, 0x0, 0xfc, 0x0, 0x1e, 0x0,

    /* U+0499 "ҙ" */
    0x1f, 0xc1, 0x87, 0x30, 0x32, 0x3, 0x0, 0x70,
    0x6, 0x3, 0x80, 0x1c, 0x0, 0xe0, 0x6, 0x0,
    0xe8, 0xe, 0x61, 0xc3, 0xf0, 0x4, 0x0, 0x60,
    0x6, 0x4, 0x60, 0x3c, 0x0,

    /* U+049A "Қ" */
    0x7, 0xf0, 0x3c, 0x7, 0x1, 0xf0, 0x3c, 0x9,
    0xc0, 0xe0, 0x60, 0x3, 0x81, 0x0, 0xe, 0x8,
    0x0, 0x78, 0x60, 0x1, 0xc3, 0x0, 0x7, 0x18,
    0x0, 0x1f, 0xc0, 0x0, 0xe3, 0x80, 0x3, 0x87,
    0x0, 0xe, 0x1c, 0x0, 0x38, 0x38, 0x1, 0xc0,
    0xe0, 0x7, 0x3, 0xc0, 0x1c, 0x7, 0x0, 0xf0,
    0x1c, 0x3, 0x80, 0x78, 0xf, 0x1, 0xf0, 0xff,
    0x3, 0xf0, 0x0, 0x1, 0xc0, 0x0, 0x2, 0x0,
    0x0, 0x8, 0x0, 0x0, 0x20, 0x0, 0x0, 0x80,

    /* U+049B "қ" */
    0xe, 0x1c, 0x78, 0x7c, 0x31, 0xb8, 0xe2, 0x1,
    0xc8, 0x3, 0x20, 0x7, 0xc0, 0x1c, 0xc0, 0x31,
    0xc0, 0x61, 0x81, 0xc3, 0x83, 0x87, 0x16, 0x6,
    0x4c, 0xf, 0x80, 0x1, 0x0, 0x6, 0x0, 0xc,
    0x0, 0x18, 0x0, 0x20, 0x0, 0x80,

    /* U+049C "Ҝ" */
    0x7, 0xf0, 0x1e, 0x1, 0xc0, 0x3e, 0x1, 0xc0,
    0x4e, 0x3, 0x80, 0x40, 0x3, 0x98, 0x80, 0x3,
    0x91, 0x80, 0x7, 0x91, 0x0, 0x7, 0x32, 0x0,
    0x7, 0x3c, 0x0, 0x7, 0xf8, 0x0, 0xe, 0x2c,
    0x0, 0xe, 0x6e, 0x0, 0xe, 0x4f, 0x0, 0xe,
    0x47, 0x0, 0x1c, 0xc7, 0x0, 0x1c, 0x7, 0x80,
    0x1c, 0x3, 0x80, 0x3c, 0x3, 0xc0, 0x38, 0x3,
    0xc0, 0x7c, 0x1, 0xe0, 0xff, 0x1, 0xf0,

    /* U+049D "ҝ" */
    0xe, 0x7, 0x3c, 0x1f, 0xc, 0x13, 0x1d, 0x20,
    0x1d, 0x40, 0x19, 0xc0, 0x1f, 0x80, 0x3a, 0xe0,
    0x32, 0x60, 0x34, 0x70, 0x70, 0x70, 0x70, 0x71,
    0x60, 0x3a, 0x60, 0x1c,

    /* U+049E "Ҟ" */
    0x7, 0xf0, 0x3c, 0x7, 0x1, 0xf0, 0x1c, 0x9,
    0xc0, 0xf0, 0x60, 0x1f, 0xf1, 0x0, 0xe, 0x8,
    0x0, 0x78, 0x20, 0x1, 0xc1, 0x0, 0x7, 0x18,
    0x0, 0x1f, 0xc0, 0x0, 0xe3, 0x80, 0x3, 0x87,
    0x0, 0xe, 0x1e, 0x0, 0x78, 0x38, 0x1, 0xc0,
    0xe0, 0x7, 0x3, 0xc0, 0x1c, 0x7, 0x0, 0xf0,
    0x1c, 0x3, 0x80, 0x78, 0x1f, 0x1, 0xe0, 0xff,
    0x3, 0xe0,

    /* U+049F "ҟ" */
    0xe, 0x1c, 0x78, 0x7d, 0xfd, 0xb8, 0xe2, 0x1,
    0x88, 0x3, 0x20, 0xf, 0xc0, 0x1c, 0xc0, 0x31,
    0xc0, 0x61, 0x81, 0xc3, 0x83, 0x87, 0x16, 0x6,
    0x4c, 0xf, 0x0,

    /* U+04A0 "Ҡ" */
    0x7f, 0xfc, 0xe, 0x70, 0xf0, 0x3f, 0x40, 0xe0,
    0x27, 0xc0, 0xe0, 0x40, 0x80, 0xe0, 0xc0, 0x1,
    0xc0, 0x80, 0x1, 0xc1, 0x0, 0x1, 0xc3, 0x0,
    0x3, 0xc4, 0x0, 0x3, 0xfc, 0x0, 0x3, 0x8e,
    0x0, 0x3, 0x87, 0x0, 0x7, 0x7, 0x0, 0x7,
    0x7, 0x0, 0x7, 0x7, 0x80, 0x7, 0x3, 0x80,
    0xe, 0x3, 0xc0, 0xe, 0x3, 0xc0, 0xe, 0x1,
    0xe0, 0x1e, 0x1, 0xe0, 0x7f, 0x81, 0xf8,

    /* U+04A1 "ҡ" */
    0x3f, 0xf0, 0x76, 0x7, 0xf, 0xc0, 0x61, 0x3e,
    0x6, 0x20, 0x40, 0xe4, 0x0, 0xe, 0xc0, 0x0,
    0xf8, 0x0, 0x1c, 0xe0, 0x1, 0xc6, 0x0, 0x1c,
    0x70, 0x1, 0x87, 0x0, 0x38, 0x71, 0x3, 0x83,
    0xa0, 0x30, 0x1c,

    /* U+04A2 "Ң" */
    0xf, 0xf8, 0x7f, 0x81, 0xf0, 0xf, 0x0, 0x70,
    0x7, 0x0, 0x78, 0x3, 0x80, 0x38, 0x3, 0xc0,
    0x1c, 0x1, 0xc0, 0xe, 0x0, 0xe0, 0xe, 0x0,
    0xf0, 0x7, 0x0, 0x70, 0x3, 0xff, 0xf8, 0x3,
    0x80, 0x1c, 0x1, 0xc0, 0x1e, 0x0, 0xe0, 0xe,
    0x0, 0x70, 0x7, 0x0, 0x70, 0x7, 0x80, 0x38,
    0x3, 0x80, 0x1c, 0x1, 0xc0, 0x1e, 0x0, 0xe0,
    0xe, 0x0, 0xf0, 0x7, 0x80, 0x78, 0xf, 0xf1,
    0xff, 0x0, 0x0, 0x3, 0x80, 0x0, 0x0, 0x80,
    0x0, 0x0, 0x40, 0x0, 0x0, 0x20, 0x0, 0x0,
    0x10, 0x0,

    /* U+04A3 "ң" */
    0x3e, 0xe, 0x38, 0x18, 0x30, 0x30, 0xe0, 0xe1,
    0x81, 0xc3, 0x3, 0xf, 0xfe, 0x1c, 0x1c, 0x30,
    0x38, 0x60, 0x61, 0xc1, 0xcb, 0x83, 0x96, 0x7,
    0x4c, 0xf, 0x80, 0x3, 0x0, 0x6, 0x0, 0xc,
    0x0, 0x18, 0x0, 0x20, 0x0, 0x80,

    /* U+04A4 "Ҥ" */
    0xf, 0xf8, 0x7f, 0xfe, 0x7, 0xc0, 0x38, 0xc,
    0x7, 0x0, 0x70, 0x8, 0x1e, 0x0, 0xe0, 0x10,
    0x38, 0x3, 0x80, 0x20, 0x70, 0x7, 0x0, 0x0,
    0xe0, 0xe, 0x0, 0x3, 0x80, 0x3c, 0x0, 0x7,
    0x0, 0x70, 0x0, 0xf, 0xff, 0xe0, 0x0, 0x38,
    0x1, 0xc0, 0x0, 0x70, 0x7, 0x80, 0x0, 0xe0,
    0xe, 0x0, 0x1, 0xc0, 0x1c, 0x0, 0x7, 0x0,
    0x78, 0x0, 0xe, 0x0, 0xe0, 0x0, 0x1c, 0x1,
    0xc0, 0x0, 0x38, 0x3, 0x80, 0x0, 0xe0, 0xf,
    0x0, 0x1, 0xc0, 0x1e, 0x0, 0xf, 0xf1, 0xff,
    0x0, 0x0,

    /* U+04A5 "ҥ" */
    0x3e, 0xf, 0xf8, 0xe0, 0x60, 0x47, 0x3, 0x2,
    0x38, 0x38, 0x1, 0x81, 0xc0, 0xc, 0xc, 0x0,
    0xff, 0xe0, 0x7, 0x7, 0x0, 0x30, 0x30, 0x1,
    0x81, 0x80, 0x1c, 0x1c, 0x80, 0xe0, 0xe8, 0x6,
    0x7, 0xc0, 0x30, 0x38, 0x0,

    /* U+04A6 "Ҧ" */
    0xf, 0xff, 0xff, 0x80, 0x7, 0x80, 0x78, 0x0,
    0x1c, 0x1, 0xc0, 0x0, 0x70, 0x7, 0x0, 0x3,
    0xc0, 0x1c, 0x0, 0xe, 0x0, 0xf0, 0x0, 0x38,
    0x3, 0x80, 0x0, 0xe0, 0xe, 0x0, 0x7, 0x0,
    0x3b, 0xc0, 0x1c, 0x1, 0xf1, 0xc0, 0x70, 0x7,
    0x3, 0x83, 0xc0, 0x1c, 0x6, 0xe, 0x0, 0xf0,
    0x1c, 0x38, 0x3, 0x80, 0x30, 0xe0, 0xe, 0x0,
    0xc7, 0x0, 0x38, 0x3, 0x1c, 0x1, 0xc0, 0xc,
    0x70, 0x7, 0x0, 0x31, 0xc0, 0x1c, 0x0, 0xcf,
    0x0, 0xf0, 0x7, 0xff, 0xf, 0xf0, 0x1c, 0x0,
    0x0, 0x0, 0x60, 0x0, 0x0, 0x3, 0x80, 0x0,
    0x0, 0xe, 0x0, 0x0, 0x0, 0x70, 0x0, 0x0,
    0x81, 0x80, 0x0, 0x7, 0xc, 0x0, 0x0, 0xe,
    0x60, 0x0, 0x0, 0x1f, 0x0,

    /* U+04A7 "ҧ" */
    0x3e, 0x3c, 0x0, 0xe2, 0xe0, 0x7, 0x67, 0x0,
    0x3a, 0x38, 0x1, 0xa1, 0xde, 0xe, 0xd, 0xf8,
    0xf0, 0x71, 0xc7, 0x7, 0x7, 0x38, 0x38, 0x39,
    0x81, 0x81, 0xdc, 0x1c, 0xe, 0xe0, 0xe8, 0x76,
    0x7, 0x43, 0x30, 0x3c, 0x18, 0x0, 0x1, 0xc0,
    0x0, 0xc, 0x0, 0x0, 0x60, 0x0, 0x6, 0x0,
    0xc, 0x30, 0x0, 0x72, 0x0, 0x1, 0xe0, 0x0,

    /* U+04A8 "Ҩ" */
    0x0, 0x1c, 0x0, 0x3, 0xc7, 0xc0, 0x3c, 0x73,
    0x81, 0xc3, 0x87, 0xe, 0x1c, 0x1c, 0x70, 0xe0,
    0x73, 0xc3, 0x81, 0xde, 0x1e, 0x7, 0x78, 0x70,
    0x3f, 0xc3, 0xc0, 0xff, 0xf, 0x3, 0xfc, 0x3c,
    0xe, 0xe0, 0xf0, 0x7b, 0x83, 0x81, 0xce, 0xe,
    0xf, 0x38, 0x3c, 0x38, 0xe0, 0xf1, 0xc1, 0xc1,
    0xce, 0x7, 0x83, 0xf1, 0xf, 0xf, 0x8, 0xf,
    0xef, 0xc0,

    /* U+04A9 "ҩ" */
    0x1, 0xc0, 0xc, 0x78, 0x71, 0x99, 0xc6, 0x37,
    0x18, 0x6e, 0x70, 0xf8, 0xe3, 0xf1, 0x87, 0xe7,
    0xd, 0xce, 0x3b, 0x9c, 0x67, 0x19, 0x8f, 0x36,
    0xe, 0x39, 0x7, 0xfc, 0x0,

    /* U+04AA "Ҫ" */
    0x0, 0x3f, 0xf0, 0x1e, 0xf, 0x3, 0x80, 0x70,
    0x70, 0x2, 0xe, 0x0, 0x21, 0xc0, 0x2, 0x38,
    0x0, 0x3, 0x80, 0x0, 0x78, 0x0, 0x7, 0x0,
    0x0, 0xf0, 0x0, 0xf, 0x0, 0x0, 0xf0, 0x0,
    0xf, 0x0, 0x0, 0xf0, 0x0, 0xf, 0x0, 0x0,
    0x70, 0x0, 0x87, 0x80, 0x10, 0x38, 0x2, 0x3,
    0xe0, 0xc0, 0xf, 0xf0, 0x0, 0x30, 0x0, 0x1,
    0x80, 0x0, 0x18, 0x0, 0x1, 0x80, 0x3, 0x18,
    0x0, 0x1f, 0x80, 0x0, 0xf0, 0x0,

    /* U+04AB "ҫ" */
    0x3, 0xe0, 0xe3, 0x18, 0x33, 0x83, 0x70, 0x6,
    0x0, 0xe0, 0xe, 0x0, 0xe0, 0xe, 0x0, 0xe0,
    0xe, 0x4, 0xf1, 0x87, 0xe0, 0x18, 0x0, 0xc0,
    0xc, 0x8, 0xc0, 0x78, 0x0,

    /* U+04AC "Ҭ" */
    0x7f, 0xff, 0xdc, 0x38, 0x74, 0xe, 0xe, 0x7,
    0x82, 0x81, 0xc0, 0x80, 0x70, 0x0, 0x1c, 0x0,
    0xf, 0x0, 0x3, 0x80, 0x0, 0xe0, 0x0, 0x38,
    0x0, 0x1e, 0x0, 0x7, 0x0, 0x1, 0xc0, 0x0,
    0x70, 0x0, 0x38, 0x0, 0xe, 0x0, 0x3, 0x80,
    0x1, 0xe0, 0x0, 0x78, 0x0, 0x3e, 0x0, 0x10,
    0x60, 0x0, 0x18, 0x0, 0x2, 0x0, 0x1, 0x0,
    0x0,

    /* U+04AD "ҭ" */
    0x3e, 0x38, 0x38, 0x39, 0xb9, 0xb0, 0x74, 0x74,
    0x60, 0xf0, 0xd0, 0xc1, 0xa1, 0xc3, 0x83, 0x87,
    0x87, 0xe, 0xe, 0xc, 0x1c, 0x1c, 0x18, 0x38,
    0x30, 0x70, 0x60, 0xe0, 0xe1, 0xc1, 0xc1, 0x8b,
    0x83, 0x3, 0x26, 0x6, 0xe, 0x9c, 0x1c, 0xf,
    0x0, 0x0, 0x2, 0x0, 0x0, 0xc, 0x0, 0x0,
    0x18, 0x0, 0x0, 0x30, 0x0, 0x0, 0x40, 0x0,
    0x1, 0x0,

    /* U+04AE "Ү" */
    0xff, 0x1f, 0x9c, 0x1, 0x8e, 0x1, 0x83, 0x81,
    0x81, 0xc0, 0x80, 0xe0, 0xc0, 0x38, 0xc0, 0x1c,
    0xc0, 0xe, 0xc0, 0x7, 0x40, 0x1, 0xc0, 0x0,
    0xe0, 0x0, 0xf0, 0x0, 0x70, 0x0, 0x38, 0x0,
    0x1c, 0x0, 0x1e, 0x0, 0xe, 0x0, 0x7, 0x0,
    0x7, 0x80, 0xf, 0xf8, 0x0,

    /* U+04AF "ү" */
    0x78, 0x3, 0xae, 0x1, 0xf1, 0x80, 0x5c, 0x70,
    0x20, 0x1c, 0x10, 0x7, 0x4, 0x1, 0xc2, 0x0,
    0x70, 0x80, 0xc, 0x40, 0x3, 0x10, 0x0, 0xe8,
    0x0, 0x3c, 0x0, 0xf, 0x0, 0x3, 0x80, 0x0,
    0xe0, 0x0, 0x30, 0x0, 0xc, 0x0, 0x7, 0x0,
    0x1, 0xc0, 0x0, 0x70, 0x0, 0xff, 0x0, 0x0,

    /* U+04B0 "Ұ" */
    0x7f, 0x8f, 0xc7, 0x0, 0xe1, 0xc0, 0x30, 0x38,
    0x18, 0xe, 0x4, 0x3, 0x83, 0x0, 0xe1, 0x80,
    0x1c, 0xc0, 0x7, 0x60, 0x1, 0xd0, 0x0, 0x38,
    0x3, 0xff, 0xf0, 0x7, 0x0, 0x1, 0xc0, 0x0,
    0x70, 0x0, 0x3c, 0x0, 0xe, 0x0, 0x3, 0x80,
    0x0, 0xe0, 0x0, 0x78, 0x0, 0xff, 0xc0, 0x0,

    /* U+04B1 "ұ" */
    0x78, 0x3, 0xae, 0x1, 0xf1, 0x80, 0x5c, 0x70,
    0x20, 0x1c, 0x10, 0x7, 0x4, 0x1, 0xc2, 0x0,
    0x71, 0x0, 0xc, 0x40, 0x3, 0xa0, 0x0, 0xe8,
    0x0, 0x3c, 0x0, 0xe, 0x0, 0x3f, 0xf8, 0x0,
    0xe0, 0x0, 0x30, 0x0, 0xc, 0x0, 0x7, 0x0,
    0x1, 0xc0, 0x0, 0xf0, 0x0, 0xff, 0x0, 0x0,

    /* U+04B2 "Ҳ" */
    0x1f, 0xf1, 0xfc, 0xe, 0x1, 0xc0, 0x38, 0x6,
    0x0, 0xf0, 0x30, 0x1, 0xc1, 0x80, 0x7, 0x8c,
    0x0, 0xe, 0x60, 0x0, 0x3b, 0x0, 0x0, 0x78,
    0x0, 0x1, 0xc0, 0x0, 0x7, 0x80, 0x0, 0x1e,
    0x0, 0x0, 0xf8, 0x0, 0x6, 0x70, 0x0, 0x31,
    0xc0, 0x1, 0x87, 0x80, 0xc, 0xe, 0x0, 0x60,
    0x38, 0x1, 0x80, 0xf0, 0x1e, 0x3, 0xe0, 0xfe,
    0x3f, 0xe0, 0x0, 0x3, 0x80, 0x0, 0xc, 0x0,
    0x0, 0x10, 0x0, 0x0, 0x40, 0x0, 0x1, 0x0,

    /* U+04B3 "ҳ" */
    0xf, 0xe, 0x6, 0x3c, 0xe, 0x80, 0x1d, 0x0,
    0x1c, 0x0, 0x30, 0x0, 0x70, 0x0, 0xe0, 0x2,
    0xc0, 0x5, 0x80, 0x13, 0x0, 0x47, 0x2d, 0x6,
    0x9c, 0xf, 0x0, 0x2, 0x0, 0x4, 0x0, 0x18,
    0x0, 0x30, 0x0, 0x40, 0x0, 0x0,

    /* U+04B4 "Ҵ" */
    0x7f, 0xff, 0xcf, 0xe6, 0xe, 0x1c, 0x38, 0x40,
    0xe0, 0xc3, 0x88, 0x1e, 0x8, 0x38, 0x81, 0xc0,
    0x87, 0x0, 0x1c, 0x0, 0x70, 0x1, 0xc0, 0x7,
    0x0, 0x38, 0x0, 0xf0, 0x3, 0x80, 0xe, 0x0,
    0x38, 0x0, 0xe0, 0x7, 0x80, 0xe, 0x0, 0x70,
    0x1, 0xc0, 0x7, 0x0, 0x1c, 0x0, 0x70, 0x1,
    0xc0, 0xf, 0x0, 0x3c, 0x0, 0xe0, 0x3, 0x80,
    0xe, 0x0, 0x38, 0x0, 0xe0, 0x3, 0x80, 0x1e,
    0x0, 0x78, 0x3, 0xe0, 0x7, 0x80, 0xff, 0xff,
    0xfe, 0x0, 0x0, 0x0, 0xe0, 0x0, 0x0, 0x4,
    0x0, 0x0, 0x0, 0x40, 0x0, 0x0, 0x4, 0x0,

    /* U+04B5 "ҵ" */
    0x7f, 0xe6, 0xce, 0x26, 0x8e, 0x2e, 0x8c, 0xe,
    0xc, 0x1c, 0x1c, 0x1c, 0x1c, 0x1c, 0x18, 0x3c,
    0x18, 0x58, 0x38, 0xb8, 0x38, 0xb8, 0x39, 0x3a,
    0x32, 0x32, 0x38, 0x3c, 0x0, 0x4, 0x0, 0x6,
    0x0, 0x6, 0x0, 0x4, 0x0, 0x8, 0x0, 0x0,

    /* U+04B6 "Ҷ" */
    0xff, 0x1f, 0xe7, 0x0, 0xf0, 0xe0, 0x1c, 0x1c,
    0x3, 0x87, 0x0, 0x70, 0xe0, 0x1c, 0x1c, 0x3,
    0x87, 0x80, 0x70, 0xe0, 0xe, 0xe, 0x3, 0x81,
    0xe1, 0xf0, 0xf, 0x8e, 0x0, 0x3, 0xc0, 0x0,
    0x70, 0x0, 0xe, 0x0, 0x1, 0xc0, 0x0, 0x70,
    0x0, 0xe, 0x0, 0x1, 0xc0, 0x0, 0x78, 0x0,
    0x3f, 0xc0, 0x0, 0x38, 0x0, 0x3, 0x0, 0x0,
    0x40, 0x0, 0x8, 0x0, 0x1, 0x0,

    /* U+04B7 "ҷ" */
    0xf8, 0x39, 0x81, 0x8c, 0x1c, 0xe1, 0xe7, 0xf,
    0x30, 0xb1, 0x89, 0x8c, 0x9c, 0x78, 0xe0, 0x6,
    0x0, 0x32, 0x3, 0xa0, 0x1d, 0x0, 0x78, 0x0,
    0xc0, 0x6, 0x0, 0x30, 0x1, 0x80, 0x8, 0x0,
    0x80,

    /* U+04B8 "Ҹ" */
    0xff, 0xf, 0xf3, 0x80, 0x38, 0x38, 0x3, 0x83,
    0x80, 0x38, 0x70, 0x7, 0x7, 0x0, 0x70, 0x71,
    0x87, 0xf, 0x18, 0x70, 0xe1, 0xe, 0xf, 0x10,
    0xe0, 0x7b, 0x3e, 0x3, 0xfd, 0xe0, 0x2, 0x1c,
    0x0, 0x21, 0xc0, 0x6, 0x1c, 0x0, 0x43, 0x80,
    0x4, 0x38, 0x0, 0x3, 0x80, 0x0, 0x78, 0x0,
    0x7, 0x80, 0x1, 0xfe, 0x0,

    /* U+04B9 "ҹ" */
    0xf8, 0x18, 0xc0, 0xe3, 0x3, 0x9c, 0x1c, 0x70,
    0xb1, 0x93, 0xc6, 0x97, 0x1a, 0x98, 0x7c, 0x60,
    0x23, 0x81, 0xe, 0x84, 0x32, 0x0, 0xd0, 0x3,
    0x80,

    /* U+04BA "Һ" */
    0xf, 0xf0, 0x0, 0x78, 0x0, 0x7, 0x0, 0x1,
    0xe0, 0x0, 0x38, 0x0, 0x7, 0x0, 0x0, 0xe0,
    0x0, 0x38, 0x0, 0x7, 0x0, 0x0, 0xe7, 0xe0,
    0x3f, 0xe, 0x7, 0x80, 0xe0, 0xe0, 0x1c, 0x1c,
    0x3, 0x87, 0x0, 0x70, 0xe0, 0x1e, 0x1c, 0x3,
    0x83, 0x80, 0x70, 0xe0, 0x1e, 0x1c, 0x3, 0xcf,
    0xf1, 0xfe,

    /* U+04BB "һ" */
    0x3, 0x0, 0x78, 0x0, 0x60, 0x3, 0x80, 0xe,
    0x0, 0x30, 0x0, 0xc0, 0x7, 0x0, 0x1c, 0x78,
    0x62, 0x61, 0x91, 0x8e, 0x8e, 0x34, 0x38, 0xe0,
    0xe3, 0x83, 0x1c, 0x1c, 0x70, 0x71, 0x81, 0x86,
    0x6, 0x38, 0x39, 0xc0, 0xeb, 0x1, 0xc0,

    /* U+04BC "Ҽ" */
    0x0, 0x0, 0x7c, 0x0, 0x3, 0x8f, 0x0, 0x7,
    0x7, 0x0, 0x1e, 0x7, 0x0, 0x3c, 0xf, 0x0,
    0x78, 0xe, 0xe0, 0xf0, 0x1e, 0xf0, 0xf0, 0x3c,
    0xf1, 0xe0, 0x78, 0xc3, 0xc1, 0xe0, 0xc3, 0xcf,
    0x80, 0x7f, 0xf8, 0x0, 0x3, 0x80, 0x0, 0x3,
    0x80, 0x0, 0x7, 0x80, 0x0, 0x3, 0x80, 0x4,
    0x3, 0x80, 0x8, 0x3, 0xc0, 0x30, 0x1, 0xe0,
    0xe0, 0x0, 0xff, 0x80, 0x0, 0x7e, 0x0,

    /* U+04BD "ҽ" */
    0x0, 0x1e, 0x0, 0x63, 0x0, 0xc3, 0xe3, 0x83,
    0xe3, 0x86, 0xc7, 0xc, 0xc7, 0x18, 0x7e, 0xe0,
    0xf, 0x0, 0xe, 0x0, 0xe, 0x0, 0xe, 0x4,
    0x7, 0x8, 0x3, 0xf0,

    /* U+04BE "Ҿ" */
    0x0, 0x0, 0x7c, 0x0, 0x3, 0x8e, 0x0, 0x7,
    0x7, 0x0, 0xe, 0x7, 0x0, 0x1c, 0xf, 0x0,
    0x38, 0xf, 0x0, 0x70, 0x1e, 0xe0, 0xf0, 0x3c,
    0xf1, 0xe0, 0x78, 0xf1, 0xc1, 0xf0, 0xc3, 0xcf,
    0xc0, 0xc3, 0xff, 0x0, 0x7f, 0x80, 0x0, 0x3,
    0x80, 0x0, 0x3, 0x80, 0x0, 0x7, 0x80, 0x0,
    0x3, 0x80, 0x4, 0x3, 0xc0, 0x8, 0x3, 0xc0,
    0x30, 0x1, 0xe0, 0xe0, 0x0, 0xff, 0x80, 0x0,
    0x3c, 0x0, 0x0, 0x18, 0x0, 0x0, 0x18, 0x0,
    0x0, 0x10, 0x0,

    /* U+04BF "ҿ" */
    0x0, 0x1e, 0x0, 0x63, 0x0, 0xc3, 0xe1, 0x83,
    0xe3, 0x86, 0xe7, 0xe, 0x87, 0x18, 0xce, 0xe0,
    0x7f, 0x0, 0xe, 0x0, 0xe, 0x0, 0xe, 0x2,
    0xe, 0x4, 0x7, 0xb8, 0x3, 0xe0, 0x1, 0x80,
    0x1, 0x80, 0x1, 0x0, 0x1, 0x0,

    /* U+04C0 "Ӏ" */
    0x7, 0xf8, 0xe, 0x0, 0x70, 0x3, 0x80, 0x38,
    0x1, 0xc0, 0xe, 0x0, 0x70, 0x7, 0x0, 0x38,
    0x1, 0xc0, 0x1e, 0x0, 0xe0, 0x7, 0x0, 0x38,
    0x3, 0x80, 0x1c, 0x0, 0xe0, 0xf, 0x0, 0x78,
    0xf, 0xf0, 0x0,

    /* U+04C1 "Ӂ" */
    0x0, 0x0, 0x0, 0x0, 0x0, 0x0, 0x18, 0x20,
    0x0, 0x0, 0x6, 0x8, 0x0, 0x0, 0x1, 0xc4,
    0x0, 0x0, 0x0, 0x3e, 0x0, 0x0, 0x0, 0x0,
    0x0, 0x0, 0x1e, 0xf, 0xf0, 0x78, 0xf, 0xc0,
    0xf0, 0x3f, 0x1, 0x98, 0x3c, 0x11, 0x80, 0x2,
    0xe, 0x4, 0x0, 0x0, 0x83, 0x82, 0x0, 0x0,
    0x20, 0xe0, 0x80, 0x0, 0x8, 0x70, 0x40, 0x0,
    0x3, 0x1c, 0x20, 0x0, 0x0, 0x47, 0x30, 0x0,
    0x0, 0x1f, 0xf8, 0x0, 0x0, 0x1c, 0xe7, 0x80,
    0x0, 0x1c, 0x38, 0xf0, 0x0, 0xf, 0xe, 0x1c,
    0x0, 0x7, 0x87, 0x7, 0x0, 0x1, 0xc1, 0xc1,
    0xe0, 0x0, 0xf0, 0x70, 0x38, 0x0, 0x78, 0x3c,
    0xe, 0x0, 0x3c, 0xe, 0x3, 0xc0, 0x1f, 0x3,
    0x80, 0xf0, 0xf, 0x81, 0xf0, 0x1e, 0xf, 0xc0,
    0xfe, 0x7, 0xc0,

    /* U+04C2 "ӂ" */
    0x0, 0x7, 0x0, 0x0, 0x0, 0x38, 0x40, 0x0,
    0x1, 0xc4, 0x0, 0x0, 0x7, 0xc0, 0x0, 0x0,
    0x0, 0x0, 0x0, 0x0, 0x0, 0x0, 0x3e, 0x6,
    0x7, 0xc2, 0x1c, 0x30, 0xe3, 0x20, 0xe1, 0x8e,
    0x38, 0x3, 0x1c, 0x60, 0x80, 0x18, 0xc7, 0x0,
    0x0, 0xc6, 0x30, 0x0, 0xf, 0xff, 0x80, 0x0,
    0x73, 0x9c, 0x0, 0x3, 0x18, 0xe0, 0x0, 0x18,
    0xc7, 0x0, 0xe1, 0x8e, 0x38, 0x7, 0x1c, 0x71,
    0xc1, 0x31, 0xc3, 0x7, 0x10, 0xf8, 0x18, 0x1f,
    0x0,

    /* U+04C3 "Ӄ" */
    0x7, 0xf0, 0x3c, 0x7, 0x1, 0xf0, 0x1c, 0x9,
    0xc0, 0xe0, 0x60, 0x3, 0x81, 0x0, 0xe, 0x8,
    0x0, 0x38, 0x20, 0x1, 0xc1, 0x0, 0x7, 0x18,
    0x0, 0x1f, 0xc0, 0x0, 0xe3, 0xc0, 0x3, 0x87,
    0x80, 0xe, 0xe, 0x0, 0x38, 0x3c, 0x1, 0xc0,
    0x70, 0x7, 0x1, 0xe0, 0x1c, 0x7, 0x80, 0xf0,
    0x1e, 0x3, 0x80, 0x78, 0xe, 0x1, 0xe0, 0xff,
    0x7, 0x0, 0x0, 0x3c, 0x0, 0x0, 0xe0, 0x0,
    0x3, 0x80, 0x0, 0x1c, 0x0, 0x30, 0x70, 0x0,
    0xc3, 0x80, 0x3, 0x9c, 0x0, 0x7, 0xc0, 0x0,

    /* U+04C4 "ӄ" */
    0xe, 0x1c, 0x78, 0x7c, 0x31, 0xb8, 0xe2, 0x1,
    0xc8, 0x3, 0x20, 0x7, 0xc0, 0x1c, 0xc0, 0x31,
    0xc0, 0x61, 0x81, 0xc3, 0x83, 0x87, 0x6, 0xe,
    0xc, 0x1c, 0x0, 0x38, 0x0, 0x70, 0x0, 0xc0,
    0x1, 0x80, 0xc6, 0x1, 0xc8, 0x3, 0xe0, 0x0,

    /* U+04C5 "Ӆ" */
    0x0, 0x3f, 0xff, 0x80, 0x6, 0x7, 0x0, 0x3,
    0x3, 0x80, 0x1, 0x3, 0xc0, 0x0, 0x81, 0xc0,
    0x0, 0xc0, 0xe0, 0x0, 0x40, 0x70, 0x0, 0x20,
    0x78, 0x0, 0x30, 0x38, 0x0, 0x10, 0x1c, 0x0,
    0x8, 0xe, 0x0, 0x4, 0xe, 0x0, 0x4, 0x7,
    0x0, 0x2, 0x3, 0x80, 0x3, 0x3, 0xc0, 0x1,
    0x1, 0xc0, 0x1, 0x80, 0xe0, 0x0, 0x80, 0x70,
    0x38, 0x80, 0x78, 0x1c, 0x80, 0x38, 0x7, 0x80,
    0x7f, 0x0, 0x0, 0x1, 0x80, 0x0, 0x1, 0x80,
    0x0, 0x1, 0x80, 0x0, 0x0, 0xc0, 0x0,

    /* U+04C6 "ӆ" */
    0x0, 0x7c, 0x0, 0x8e, 0x1, 0xe, 0x1, 0xe,
    0x2, 0xc, 0x2, 0xc, 0x2, 0x1c, 0x4, 0x18,
    0x4, 0x18, 0x4, 0x38, 0x8, 0x38, 0x8, 0x32,
    0xd0, 0x34, 0xe0, 0x38, 0x0, 0x30, 0x0, 0x60,
    0x0, 0xc0, 0x0, 0xc0,

    /* U+04C7 "Ӈ" */
    0xf, 0xf8, 0x7f, 0x81, 0xf0, 0xf, 0x0, 0x70,
    0x7, 0x0, 0x78, 0x3, 0x80, 0x38, 0x3, 0xc0,
    0x1c, 0x1, 0xc0, 0xe, 0x0, 0xe0, 0xe, 0x0,
    0xf0, 0x7, 0x0, 0x78, 0x3, 0xff, 0xf8, 0x3,
    0x80, 0x1c, 0x1, 0xc0, 0x1e, 0x0, 0xe0, 0xe,
    0x0, 0x70, 0x7, 0x0, 0x70, 0x7, 0x80, 0x38,
    0x3, 0xc0, 0x1c, 0x1, 0xc0, 0xe, 0x0, 0xe0,
    0xe, 0x0, 0xf0, 0x7, 0x0, 0x70, 0xf, 0xf0,
    0x38, 0x0, 0x0, 0x3c, 0x0, 0x0, 0x1c, 0x0,
    0x0, 0xe, 0x0, 0x0, 0xe, 0x0, 0x2, 0x7,
    0x0, 0x3, 0x87, 0x0, 0x0, 0xe7, 0x0, 0x0,
    0x3e, 0x0, 0x0,

    /* U+04C8 "ӈ" */
    0x1e, 0xe, 0x78, 0x18, 0x30, 0x30, 0xe0, 0x61,
    0xc1, 0xc3, 0x3, 0xe, 0x6, 0x1f, 0xfc, 0x38,
    0x30, 0x60, 0x61, 0xc0, 0xc3, 0x83, 0x86, 0x6,
    0xc, 0xc, 0x0, 0x38, 0x0, 0x60, 0x0, 0xc0,
    0x3, 0x0, 0xc4, 0x3, 0x90, 0x3, 0xc0, 0x0,

    /* U+04C9 "Ӊ" */
    0xf, 0xf8, 0x7f, 0x81, 0xf0, 0xf, 0x0, 0x70,
    0x7, 0x0, 0x78, 0x3, 0x80, 0x38, 0x3, 0xc0,
    0x1c, 0x1, 0xc0, 0xe, 0x0, 0xe0, 0xe, 0x0,
    0xf0, 0x7, 0x0, 0x70, 0x3, 0xff, 0xf8, 0x3,
    0x80, 0x1c, 0x1, 0xc0, 0x1e, 0x0, 0xe0, 0xe,
    0x0, 0x70, 0x7, 0x0, 0x70, 0x7, 0x80, 0x38,
    0x3, 0xc0, 0x1c, 0x1, 0xc0, 0xe, 0x0, 0xe0,
    0xe, 0x0, 0xf0, 0x7, 0x0, 0x78, 0xf, 0xf1,
    0xff, 0x0, 0x0, 0x3, 0x80, 0x0, 0x1, 0x80,
    0x0, 0x1, 0x80, 0x0, 0x1, 0x80, 0x0, 0x0,
    0x0, 0x0,

    /* U+04CA "ӊ" */
    0x1e, 0xe, 0x78, 0x18, 0x30, 0x30, 0xe0, 0x61,
    0xc1, 0xc3, 0x3, 0xe, 0x6, 0x1f, 0xfc, 0x38,
    0x38, 0x60, 0x61, 0xc0, 0xc3, 0x83, 0x96, 0x7,
    0x4c, 0xf, 0x0, 0x1c, 0x0, 0x70, 0x0, 0xc0,
    0x3, 0x0, 0x0, 0x0,

    /* U+04CB "Ӌ" */
    0xff, 0x1f, 0xe7, 0x0, 0xf0, 0xe0, 0x1c, 0x1c,
    0x3, 0x87, 0x0, 0x70, 0xe0, 0x1c, 0x1c, 0x3,
    0x87, 0x80, 0x70, 0xe0, 0xe, 0xe, 0x3, 0x81,
    0xe1, 0xf0, 0xf, 0x8e, 0x0, 0x3, 0xc0, 0x0,
    0x70, 0x0, 0xe, 0x0, 0x1, 0xc0, 0x0, 0x70,
    0x0, 0xe, 0x0, 0x1, 0xc0, 0x0, 0x78, 0x0,
    0x7f, 0xc0, 0xe, 0x0, 0x1, 0x80, 0x0, 0x20,
    0x0, 0xc, 0x0, 0x1, 0x0, 0x0, 0x20, 0x0,
    0x0,

    /* U+04CC "ӌ" */
    0xf8, 0x39, 0x81, 0x8c, 0x1c, 0xe1, 0xe7, 0xf,
    0x30, 0xb1, 0x89, 0x8c, 0x9c, 0x78, 0xe0, 0x6,
    0x0, 0x32, 0x3, 0xa0, 0x1e, 0x1, 0xe0, 0xc,
    0x0, 0x40, 0x6, 0x0, 0x30, 0x0, 0x80, 0x4,
    0x0,

    /* U+04CD "Ӎ" */
    0x7, 0xe0, 0x1, 0xf8, 0xf, 0x0, 0xf, 0x0,
    0x38, 0x0, 0xf8, 0x3, 0xc0, 0xf, 0x80, 0x17,
    0x0, 0x5c, 0x0, 0xb8, 0x7, 0xe0, 0xd, 0xc0,
    0x6e, 0x0, 0x6e, 0x2, 0x70, 0x2, 0x70, 0x33,
    0x80, 0x13, 0x83, 0x3c, 0x1, 0x9c, 0x11, 0xc0,
    0x8, 0xe1, 0x8e, 0x0, 0x43, 0x18, 0x70, 0x6,
    0x1d, 0x87, 0x0, 0x30, 0xe8, 0x38, 0x1, 0x7,
    0xc1, 0xc0, 0x8, 0x3c, 0x1e, 0x0, 0xc1, 0xc0,
    0xe0, 0x6, 0xe, 0x7, 0x0, 0x70, 0x60, 0x78,
    0xf, 0xe2, 0xf, 0xf0, 0x0, 0x0, 0x1, 0x80,
    0x0, 0x0, 0x18, 0x0, 0x0, 0x1, 0x80, 0x0,
    0x0, 0x1c, 0x0, 0x0, 0x0, 0x40, 0x0,

    /* U+04CE "ӎ" */
    0x3, 0xc0, 0x70, 0x1c, 0xe, 0x1, 0xc0, 0xe0,
    0x1c, 0x1e, 0x2, 0xc2, 0xe0, 0x2c, 0x2c, 0x2,
    0xc4, 0xc0, 0x4c, 0x9c, 0x4, 0xc9, 0xc0, 0x4f,
    0x18, 0x8, 0xf1, 0x80, 0x8e, 0x39, 0xd0, 0xc3,
    0xae, 0xc, 0x3c, 0x0, 0x3, 0x0, 0x0, 0x70,
    0x0, 0xe, 0x0, 0x0, 0x40,

    /* U+04CF "ӏ" */
    0x7, 0xf8, 0xe, 0x0, 0x70, 0x3, 0x80, 0x38,
    0x1, 0xc0, 0xe, 0x0, 0x70, 0x7, 0x0, 0x38,
    0x1, 0xc0, 0x1e, 0x0, 0xe0, 0x7, 0x0, 0x38,
    0x3, 0x80, 0x1c, 0x0, 0xe0, 0xf, 0x0, 0x78,
    0xf, 0xf0, 0x0,

    /* U+04D0 "Ӑ" */
    0x0, 0x0, 0x0, 0x6, 0x8, 0x0, 0x61, 0x0,
    0x6, 0x10, 0x0, 0x3e, 0x0, 0x0, 0x0, 0x0,
    0x4, 0x0, 0x0, 0x40, 0x0, 0xe, 0x0, 0x1,
    0xe0, 0x0, 0x1e, 0x0, 0x3, 0xe0, 0x0, 0x2e,
    0x0, 0x4, 0x60, 0x0, 0xc7, 0x0, 0x8, 0x70,
    0x1, 0x87, 0x0, 0x10, 0x70, 0x3, 0x7, 0x0,
    0x7f, 0xf8, 0x4, 0x3, 0x80, 0xc0, 0x38, 0x8,
    0x3, 0x81, 0x80, 0x38, 0x30, 0x3, 0x83, 0x0,
    0x3c, 0xfc, 0xf, 0xf0,

    /* U+04D1 "ӑ" */
    0x6, 0x0, 0x1c, 0x20, 0x71, 0x0, 0xf8, 0x0,
    0x0, 0x0, 0x0, 0x3c, 0xc1, 0x8f, 0x1c, 0x18,
    0xe0, 0x63, 0x1, 0x9c, 0xc, 0xe0, 0x33, 0x80,
    0xce, 0x7, 0x30, 0x18, 0xc0, 0xe3, 0x5, 0x9e,
    0x26, 0x9f, 0x1c,

    /* U+04D2 "Ӓ" */
    0x0, 0x61, 0x80, 0xe, 0x1c, 0x0, 0x61, 0x80,
    0x0, 0x0, 0x0, 0x0, 0x0, 0x0, 0x0, 0x0,
    0x4, 0x0, 0x0, 0x40, 0x0, 0xe, 0x0, 0x1,
    0xe0, 0x0, 0x1e, 0x0, 0x3, 0xe0, 0x0, 0x2e,
    0x0, 0x4, 0x60, 0x0, 0xc7, 0x0, 0x8, 0x70,
    0x1, 0x87, 0x0, 0x10, 0x70, 0x3, 0x7, 0x0,
    0x7f, 0xf8, 0x4, 0x3, 0x80, 0xc0, 0x38, 0x8,
    0x3, 0x81, 0x80, 0x38, 0x30, 0x3, 0x83, 0x0,
    0x3c, 0xfc, 0xf, 0xf0,

    /* U+04D3 "ӓ" */
    0x6, 0x1c, 0x1c, 0x70, 0x61, 0xc0, 0x0, 0x0,
    0x0, 0xf, 0x30, 0x63, 0xc7, 0x6, 0x38, 0x18,
    0xc0, 0x67, 0x3, 0x38, 0xc, 0xe0, 0x33, 0x81,
    0xcc, 0x6, 0x30, 0x38, 0xc1, 0x67, 0x89, 0xa7,
    0xc7, 0x0,

    /* U+04D4 "Ӕ" */
    0x0, 0x3, 0xff, 0xfc, 0x0, 0x3, 0xe0, 0x70,
    0x0, 0x17, 0x0, 0xc0, 0x0, 0xdc, 0x2, 0x0,
    0x6, 0x70, 0x8, 0x0, 0x13, 0xc0, 0x0, 0x0,
    0x8e, 0x0, 0x0, 0x4, 0x38, 0x20, 0x0, 0x31,
    0xe0, 0x80, 0x1, 0x87, 0x86, 0x0, 0x4, 0x1f,
    0xf0, 0x0, 0x20, 0x70, 0x40, 0x1, 0xff, 0xc1,
    0x0, 0xc, 0xe, 0x0, 0x0, 0x20, 0x38, 0x0,
    0x1, 0x1, 0xe0, 0x4, 0x8, 0x7, 0x80, 0x30,
    0x60, 0x1c, 0x0, 0x83, 0x0, 0x70, 0x6, 0xc,
    0x3, 0xc0, 0x70, 0xfc, 0x3f, 0xff, 0xc0,

    /* U+04D5 "ӕ" */
    0x3, 0xd9, 0xc0, 0xc7, 0x4c, 0x30, 0xf1, 0x8c,
    0x1c, 0x33, 0x3, 0xc, 0xe0, 0xe3, 0x18, 0x1d,
    0x87, 0x3, 0xc0, 0xe0, 0xe0, 0x18, 0x1c, 0x3,
    0x7, 0x80, 0x61, 0x70, 0x4e, 0x47, 0x10, 0xf0,
    0x7c, 0x0,

    /* U+04D6 "Ӗ" */
    0x0, 0x20, 0x0, 0x7, 0x4, 0x0, 0x70, 0x80,
    0x3, 0x10, 0x0, 0x1e, 0x0, 0x0, 0x0, 0xf,
    0xff, 0xf0, 0x1c, 0x7, 0x1, 0xc0, 0x10, 0x1c,
    0x1, 0x3, 0xc0, 0x20, 0x38, 0x0, 0x3, 0x80,
    0x0, 0x38, 0x20, 0x7, 0x82, 0x0, 0x70, 0x60,
    0x7, 0xfe, 0x0, 0xf0, 0x40, 0xe, 0x4, 0x0,
    0xe0, 0x40, 0xe, 0x0, 0x1, 0xe0, 0x0, 0x1c,
    0x0, 0x41, 0xc0, 0xc, 0x3c, 0x1, 0x83, 0xc0,
    0x78, 0xff, 0xff, 0x0,

    /* U+04D7 "ӗ" */
    0x3, 0x0, 0xc, 0x10, 0x30, 0x80, 0x7c, 0x0,
    0x0, 0x0, 0x0, 0x1e, 0x1, 0x8c, 0xc, 0x30,
    0xe0, 0xc3, 0x86, 0x1c, 0x30, 0xf3, 0x83, 0xb0,
    0xf, 0x0, 0x38, 0x0, 0xe0, 0x3, 0x81, 0x7,
    0x8, 0xf, 0xc0,

    /* U+04D8 "Ә" */
    0x0, 0x7e, 0x0, 0x3f, 0xe0, 0x1c, 0x1e, 0x6,
    0x1, 0xe1, 0x0, 0x1c, 0x0, 0x3, 0x80, 0x0,
    0x78, 0x0, 0xe, 0x0, 0x1, 0xc0, 0x3, 0xf8,
    0x7, 0xcf, 0x3, 0xc1, 0xc1, 0xe0, 0x78, 0x78,
    0x1e, 0x1e, 0x3, 0x83, 0x80, 0xf0, 0xf0, 0x3c,
    0x1c, 0xf, 0x3, 0x83, 0x80, 0x78, 0xe0, 0x3,
    0xe0, 0x0,

    /* U+04D9 "ә" */
    0x7, 0xc1, 0x8e, 0x20, 0x70, 0x7, 0x0, 0x70,
    0x7, 0x3, 0xf1, 0xce, 0x30, 0xe6, 0x1c, 0xc1,
    0x8c, 0x30, 0xce, 0x7, 0x80,

    /* U+04DA "Ӛ" */
    0x0, 0x18, 0x60, 0x3, 0x87, 0x0, 0x18, 0x60,
    0x0, 0x0, 0x0, 0x0, 0x0, 0x0, 0x0, 0x0,
    0x7e, 0x0, 0x1f, 0xf0, 0x7, 0x7, 0x80, 0xc0,
    0x3c, 0x10, 0x1, 0xc0, 0x0, 0x1c, 0x0, 0x1,
    0xe0, 0x0, 0x1c, 0x0, 0x1, 0xc0, 0x1, 0xfc,
    0x1, 0xf3, 0xc0, 0x78, 0x38, 0x1e, 0x7, 0x83,
    0xc0, 0xf0, 0x78, 0xe, 0x7, 0x1, 0xe0, 0xf0,
    0x3c, 0xe, 0x7, 0x80, 0xe0, 0xe0, 0xf, 0x1c,
    0x0, 0x3e, 0x0, 0x0,

    /* U+04DB "ӛ" */
    0xe, 0x18, 0x38, 0xf0, 0xe1, 0x80, 0x0, 0x0,
    0x0, 0x0, 0x0, 0x7c, 0x6, 0x38, 0x20, 0x70,
    0x1, 0xc0, 0x7, 0x0, 0x1c, 0x3, 0xf0, 0x73,
    0x83, 0xe, 0x18, 0x70, 0xc1, 0x83, 0xc, 0xc,
    0xe0, 0x1e, 0x0,

    /* U+04DC "Ӝ" */
    0x0, 0x0, 0x61, 0x80, 0x0, 0x0, 0x38, 0x70,
    0x0, 0x0, 0x6, 0x18, 0x0, 0x0, 0x0, 0x0,
    0x0, 0x0, 0x0, 0x0, 0x0, 0x0, 0x0, 0x0,
    0x0, 0x0, 0x1e, 0xf, 0xf0, 0x78, 0xf, 0xc0,
    0xf0, 0x3f, 0x1, 0x98, 0x3c, 0x11, 0x80, 0x2,
    0xe, 0x4, 0x0, 0x0, 0x83, 0x82, 0x0, 0x0,
    0x20, 0xe0, 0x80, 0x0, 0x8, 0x70, 0x40, 0x0,
    0x3, 0x1c, 0x20, 0x0, 0x0, 0x47, 0x30, 0x0,
    0x0, 0x1f, 0xf8, 0x0, 0x0, 0x1c, 0xe7, 0x80,
    0x0, 0x1c, 0x38, 0xf0, 0x0, 0xf, 0xe, 0x1c,
    0x0, 0x7, 0x87, 0x7, 0x0, 0x1, 0xc1, 0xc1,
    0xe0, 0x0, 0xf0, 0x70, 0x38, 0x0, 0x78, 0x3c,
    0xe, 0x0, 0x3c, 0xe, 0x3, 0xc0, 0x1f, 0x3,
    0x80, 0xf0, 0xf, 0x81, 0xf0, 0x1e, 0xf, 0xc0,
    0xfe, 0x7, 0xc0,

    /* U+04DD "ӝ" */
    0x0, 0x6, 0x18, 0x0, 0x0, 0x70, 0xe0, 0x0,
    0x1, 0x86, 0x0, 0x0, 0x0, 0x0, 0x0, 0x0,
    0x0, 0x0, 0x0, 0x0, 0x0, 0x0, 0x3e, 0x6,
    0x7, 0xc2, 0x1c, 0x30, 0xe3, 0x20, 0xe1, 0x8e,
    0x38, 0x3, 0x1c, 0x60, 0x80, 0x18, 0xc7, 0x0,
    0x0, 0xc6, 0x30, 0x0, 0xf, 0xff, 0x80, 0x0,
    0x73, 0x9c, 0x0, 0x3, 0x18, 0xe0, 0x0, 0x18,
    0xc7, 0x0, 0xe1, 0x8e, 0x38, 0x7, 0x1c, 0x71,
    0xc1, 0x31, 0xc3, 0x7, 0x10, 0xf8, 0x18, 0x1f,
    0x0,

    /* U+04DE "Ӟ" */
    0x0, 0xc3, 0x80, 0x38, 0xe0, 0xc, 0x38, 0x0,
    0x0, 0x0, 0x0, 0x0, 0x0, 0x0, 0x4f, 0xe0,
    0x3e, 0x1e, 0xe, 0x3, 0xc3, 0x0, 0x71, 0x80,
    0x1c, 0x40, 0x7, 0x0, 0x3, 0xc0, 0x0, 0xe0,
    0x0, 0xe0, 0x3, 0xc0, 0x0, 0x3c, 0x0, 0x3,
    0x80, 0x0, 0xf0, 0x0, 0x1c, 0x0, 0x7, 0x0,
    0x1, 0xc0, 0x0, 0xf1, 0x0, 0x3c, 0x20, 0x1e,
    0x6, 0xf, 0x0, 0x7f, 0x0,

    /* U+04DF "ӟ" */
    0xe, 0x18, 0x38, 0xf0, 0xe1, 0x80, 0x0, 0x0,
    0x0, 0x7f, 0x81, 0x87, 0x4, 0xc, 0x20, 0x30,
    0x80, 0xc0, 0x6, 0x0, 0xf0, 0x1, 0xc0, 0x3,
    0x80, 0x6, 0x0, 0x18, 0x80, 0xe1, 0x87, 0x1,
    0xf8, 0x0,

    /* U+04E0 "Ӡ" */
    0x1, 0xff, 0xf0, 0x18, 0xe, 0x3, 0x1, 0xc0,
    0x20, 0x38, 0x2, 0x7, 0x80, 0x40, 0x70, 0x0,
    0xe, 0x0, 0x1, 0xc0, 0x0, 0x38, 0x0, 0x3,
    0xf0, 0x0, 0x1f, 0x0, 0x0, 0x78, 0x0, 0x7,
    0x80, 0x0, 0x78, 0x0, 0x7, 0x0, 0x0, 0x70,
    0x0, 0xe, 0xc, 0x0, 0xe0, 0x60, 0x1c, 0x3,
    0x3, 0x80, 0xf, 0xe0, 0x0,

    /* U+04E1 "ӡ" */
    0x7, 0xfc, 0x1f, 0xe0, 0x81, 0x2, 0x4, 0x0,
    0x20, 0x1, 0x0, 0x8, 0x0, 0x60, 0x1, 0xe0,
    0x3, 0xc0, 0x7, 0x80, 0xe, 0x0, 0x38, 0x0,
    0xe0, 0x3, 0x80, 0xc, 0x0, 0x30, 0x0, 0x86,
    0x4, 0x1e, 0x20, 0x7f, 0x0,

    /* U+04E2 "Ӣ" */
    0x0, 0x1f, 0xf0, 0x0, 0x0, 0x0, 0x0, 0x0,
    0x0, 0x0, 0x0, 0x0, 0x0, 0xff, 0x7, 0xf8,
    0xe, 0x0, 0xe0, 0x7, 0x0, 0x70, 0x7, 0x0,
    0x78, 0x3, 0x80, 0x78, 0x1, 0xc0, 0x7c, 0x0,
    0xe0, 0x6e, 0x0, 0xe0, 0x6f, 0x0, 0x70, 0x67,
    0x0, 0x38, 0x63, 0x80, 0x3c, 0x61, 0xc0, 0x1c,
    0x61, 0xe0, 0xe, 0x60, 0xe0, 0x7, 0x60, 0x70,
    0x7, 0x20, 0x38, 0x3, 0xa0, 0x38, 0x1, 0xe0,
    0x1c, 0x0, 0xe0, 0xe, 0x0, 0xe0, 0xf, 0x0,
    0x70, 0x7, 0x80, 0xff, 0xf, 0xf0, 0x0,

    /* U+04E3 "ӣ" */
    0x7, 0xfc, 0x0, 0x0, 0x0, 0x0, 0x0, 0x78,
    0x18, 0xe0, 0x63, 0x83, 0x8e, 0xe, 0x30, 0x70,
    0xc1, 0xc7, 0x7, 0x1c, 0x3c, 0x61, 0x61, 0x8b,
    0x8e, 0x2e, 0x39, 0x3a, 0xc8, 0xd3, 0xc3, 0x80,

    /* U+04E4 "Ӥ" */
    0x0, 0x18, 0x30, 0x0, 0xe, 0x38, 0x0, 0x7,
    0xc, 0x0, 0x0, 0x0, 0x0, 0x0, 0x0, 0x0,
    0x0, 0x0, 0x0, 0x3f, 0xc1, 0xfe, 0x3, 0x80,
    0x38, 0x1, 0xc0, 0x1c, 0x1, 0xc0, 0x1e, 0x0,
    0xe0, 0x1e, 0x0, 0x70, 0x1f, 0x0, 0x38, 0x1b,
    0x80, 0x38, 0x1b, 0xc0, 0x1c, 0x19, 0xc0, 0xe,
    0x18, 0xe0, 0xf, 0x18, 0x70, 0x7, 0x18, 0x78,
    0x3, 0x98, 0x38, 0x1, 0xd8, 0x1c, 0x1, 0xc8,
    0xe, 0x0, 0xe8, 0xe, 0x0, 0x78, 0x7, 0x0,
    0x38, 0x3, 0x80, 0x38, 0x3, 0xc0, 0x1c, 0x1,
    0xe0, 0x3f, 0xc3, 0xfc, 0x0,

    /* U+04E5 "ӥ" */
    0x6, 0x1c, 0x1c, 0x70, 0x61, 0xc0, 0x0, 0x0,
    0x1, 0xe0, 0x63, 0x81, 0x8e, 0xe, 0x38, 0x38,
    0xc1, 0xc3, 0x7, 0x1c, 0x1c, 0x70, 0xf1, 0x85,
    0x86, 0x2e, 0x38, 0xb8, 0xe4, 0xeb, 0x23, 0x4f,
    0xe, 0x0,

    /* U+04E6 "Ӧ" */
    0x0, 0x18, 0x70, 0x0, 0xe3, 0x80, 0x6, 0x1c,
    0x0, 0x0, 0x0, 0x0, 0x0, 0x0, 0x0, 0x0,
    0x0, 0x0, 0x0, 0x3, 0xe0, 0x0, 0xe1, 0xc0,
    0xc, 0x7, 0x1, 0xc0, 0x1c, 0x1c, 0x0, 0xe1,
    0xc0, 0x7, 0xe, 0x0, 0x3c, 0xe0, 0x1, 0xef,
    0x0, 0xf, 0x78, 0x0, 0x73, 0x80, 0x7, 0xbc,
    0x0, 0x3d, 0xe0, 0x1, 0xcf, 0x0, 0x1e, 0x78,
    0x0, 0xe3, 0xc0, 0xe, 0xe, 0x0, 0x70, 0x70,
    0x7, 0x1, 0xc0, 0x60, 0x7, 0xe, 0x0, 0x1f,
    0x80, 0x0,

    /* U+04E7 "ӧ" */
    0x3, 0xe, 0x7, 0x1c, 0xc, 0x38, 0x0, 0x0,
    0x0, 0x0, 0x0, 0x0, 0x7c, 0x3, 0x1c, 0x1c,
    0x1c, 0x70, 0x39, 0xc0, 0x73, 0x80, 0xee, 0x1,
    0xdc, 0x7, 0x38, 0xe, 0x70, 0x18, 0xc0, 0x61,
    0xc1, 0x81, 0x86, 0x1, 0xf0, 0x0,

    /* U+04E8 "Ө" */
    0x0, 0x3f, 0x0, 0x7, 0xe, 0x0, 0x60, 0x38,
    0xe, 0x0, 0xe0, 0xe0, 0x7, 0xf, 0x0, 0x3c,
    0x70, 0x1, 0xe7, 0x0, 0xf, 0x78, 0x0, 0x7b,
    0xff, 0xff, 0x9c, 0x0, 0x3d, 0xe0, 0x1, 0xef,
    0x0, 0xe, 0x78, 0x0, 0xf3, 0xc0, 0x7, 0x1e,
    0x0, 0x78, 0x70, 0x3, 0x83, 0x80, 0x38, 0xe,
    0x3, 0x0, 0x38, 0x70, 0x0, 0xfe, 0x0, 0x0,

    /* U+04E9 "ө" */
    0x1, 0xf0, 0x18, 0xe1, 0xc1, 0xce, 0x7, 0x30,
    0x1d, 0xc0, 0x7f, 0xff, 0xf8, 0xe, 0xe0, 0x3b,
    0x81, 0xce, 0x6, 0x38, 0x30, 0x71, 0x80, 0xf8,
    0x0,

    /* U+04EA "Ӫ" */
    0x0, 0x18, 0x70, 0x0, 0xe3, 0x80, 0x6, 0x1c,
    0x0, 0x0, 0x0, 0x0, 0x0, 0x0, 0x0, 0x0,
    0x0, 0x0, 0x0, 0x7, 0xe0, 0x0, 0xe1, 0xc0,
    0xc, 0x7, 0x1, 0xc0, 0x1c, 0x1c, 0x0, 0xe1,
    0xe0, 0x7, 0x8e, 0x0, 0x3c, 0xe0, 0x1, 0xef,
    0x0, 0xf, 0x7f, 0xff, 0xf3, 0x80, 0x7, 0xbc,
    0x0, 0x3d, 0xe0, 0x1, 0xcf, 0x0, 0x1e, 0x78,
    0x0, 0xe3, 0xc0, 0xf, 0xe, 0x0, 0x70, 0x70,
    0x7, 0x1, 0xc0, 0x60, 0x7, 0xe, 0x0, 0x1f,
    0xc0, 0x0,

    /* U+04EB "ӫ" */
    0x3, 0xe, 0x7, 0x1c, 0xc, 0x38, 0x0, 0x0,
    0x0, 0x0, 0x0, 0x0, 0x7c, 0x3, 0x1c, 0x1c,
    0x1c, 0x70, 0x38, 0xc0, 0x73, 0x80, 0xef, 0xff,
    0xdc, 0x7, 0x38, 0xe, 0x70, 0x38, 0xe0, 0x61,
    0xc1, 0x81, 0xc6, 0x1, 0xf0, 0x0,

    /* U+04EC "Ӭ" */
    0x0, 0xe1, 0x80, 0x1c, 0x38, 0x1, 0x86, 0x0,
    0x0, 0x0, 0x0, 0x0, 0x0, 0x0, 0x1, 0x1f,
    0x80, 0x3c, 0x1c, 0xe, 0x1, 0xc1, 0x80, 0x38,
    0x60, 0x3, 0x88, 0x0, 0x70, 0x0, 0xe, 0x0,
    0x1, 0xc0, 0xe0, 0x38, 0x67, 0x8f, 0x0, 0x3f,
    0xe0, 0x0, 0x3c, 0x0, 0x7, 0x80, 0x0, 0xe0,
    0x0, 0x3c, 0x0, 0x7, 0x0, 0x1, 0xe2, 0x0,
    0x38, 0x60, 0xe, 0x7, 0x7, 0x0, 0x3f, 0x80,
    0x0,

    /* U+04ED "ӭ" */
    0xe, 0x18, 0x38, 0xf0, 0xe1, 0x80, 0x0, 0x0,
    0x0, 0x0, 0x1, 0xfc, 0x6, 0x18, 0x30, 0x30,
    0x80, 0xe0, 0x3, 0x87, 0x8e, 0x3, 0xf8, 0x0,
    0xe0, 0x7, 0x0, 0x1c, 0x80, 0x61, 0x3, 0x86,
    0x1c, 0x7, 0xc0,

    /* U+04EE "Ӯ" */
    0x1, 0xff, 0x0, 0x0, 0x0, 0x0, 0x0, 0x0,
    0x0, 0x0, 0x0, 0x0, 0x0, 0x3, 0xfe, 0xf,
    0xf3, 0xe0, 0xe, 0xf, 0x0, 0x10, 0x1c, 0x0,
    0xc0, 0x78, 0x2, 0x0, 0xe0, 0x10, 0x3, 0x80,
    0x40, 0xf, 0x2, 0x0, 0x1c, 0x10, 0x0, 0x70,
    0x40, 0x1, 0xe2, 0x0, 0x3, 0x90, 0x0, 0xe,
    0x40, 0x0, 0x3e, 0x0, 0x0, 0x78, 0x0, 0x1,
    0xc0, 0x0, 0x6, 0x0, 0x6, 0x18, 0x0, 0x1c,
    0x40, 0x0, 0x72, 0x0, 0x0, 0xf0, 0x0, 0x0,

    /* U+04EF "ӯ" */
    0x7, 0xfe, 0x0, 0x0, 0x0, 0x0, 0x0, 0x3,
    0xc0, 0xc3, 0x81, 0x87, 0x7, 0xe, 0xe, 0x18,
    0x38, 0x30, 0x70, 0xe0, 0xe1, 0xc3, 0x83, 0xb,
    0x6, 0x2e, 0x1c, 0x5c, 0x39, 0x30, 0x64, 0x60,
    0xf1, 0xc0, 0x3, 0x0, 0x6, 0x0, 0x18, 0x18,
    0x30, 0x30, 0xc0, 0x63, 0x0, 0x7c, 0x0,

    /* U+04F0 "Ӱ" */
    0x1, 0xc3, 0x0, 0x7, 0x1c, 0x0, 0x1c, 0x30,
    0x0, 0x0, 0x0, 0x0, 0x0, 0x0, 0x0, 0x0,
    0x0, 0x0, 0x0, 0x3f, 0xe0, 0xff, 0x3e, 0x0,
    0xe0, 0xf0, 0x1, 0x1, 0xc0, 0xc, 0x7, 0x80,
    0x20, 0xe, 0x1, 0x0, 0x38, 0x4, 0x0, 0xf0,
    0x20, 0x1, 0xc1, 0x0, 0x7, 0x4, 0x0, 0x1e,
    0x20, 0x0, 0x39, 0x0, 0x0, 0xe4, 0x0, 0x3,
    0xe0, 0x0, 0x7, 0x80, 0x0, 0x1c, 0x0, 0x0,
    0x60, 0x0, 0x61, 0x80, 0x1, 0xc4, 0x0, 0x7,
    0x20, 0x0, 0xf, 0x0, 0x0,

    /* U+04F1 "ӱ" */
    0x3, 0xe, 0xf, 0x1c, 0xc, 0x38, 0x0, 0x0,
    0x0, 0x7, 0x81, 0x87, 0x3, 0xe, 0xe, 0x1c,
    0x1c, 0x30, 0x70, 0x60, 0xe1, 0xc1, 0xc3, 0x87,
    0x6, 0x16, 0xc, 0x5c, 0x38, 0xb8, 0x72, 0x60,
    0xc8, 0xc1, 0xe3, 0x80, 0x6, 0x0, 0xc, 0x0,
    0x30, 0x30, 0x60, 0x61, 0x80, 0xc6, 0x0, 0xf8,
    0x0,

    /* U+04F2 "Ӳ" */
    0x0, 0x31, 0x80, 0x1, 0xce, 0x0, 0x6, 0x60,
    0x0, 0x31, 0x0, 0x0, 0x88, 0x0, 0x0, 0x0,
    0x0, 0x0, 0x0, 0x3f, 0xe0, 0xff, 0x3e, 0x0,
    0xe0, 0xf0, 0x1, 0x1, 0xc0, 0xc, 0x7, 0x80,
    0x20, 0xe, 0x1, 0x0, 0x38, 0x4, 0x0, 0xf0,
    0x20, 0x1, 0xc1, 0x0, 0x7, 0x4, 0x0, 0x1e,
    0x20, 0x0, 0x39, 0x0, 0x0, 0xe4, 0x0, 0x3,
    0xe0, 0x0, 0x7, 0x80, 0x0, 0x1c, 0x0, 0x0,
    0x60, 0x0, 0x61, 0x80, 0x1, 0xc4, 0x0, 0x7,
    0x20, 0x0, 0xf, 0x0, 0x0,

    /* U+04F3 "ӳ" */
    0x0, 0xc6, 0x1, 0x9c, 0x6, 0x30, 0x8, 0xc0,
    0x23, 0x0, 0x0, 0x0, 0x0, 0x1e, 0x6, 0x1c,
    0xc, 0x38, 0x38, 0x70, 0x70, 0xc1, 0xc1, 0x83,
    0x87, 0x7, 0xe, 0x1c, 0x18, 0x58, 0x31, 0x70,
    0xe2, 0xe1, 0xc9, 0x83, 0x23, 0x7, 0x8e, 0x0,
    0x18, 0x0, 0x30, 0x0, 0xc0, 0xc1, 0x81, 0x86,
    0x3, 0x18, 0x3, 0xe0, 0x0,

    /* U+04F4 "Ӵ" */
    0x3, 0xe, 0x0, 0x71, 0xc0, 0xc, 0x38, 0x0,
    0x0, 0x0, 0x0, 0x0, 0x0, 0x0, 0x3f, 0xc7,
    0xf9, 0xc0, 0x3c, 0x38, 0x7, 0x7, 0x0, 0xe1,
    0xc0, 0x1c, 0x38, 0x7, 0x7, 0x0, 0xe1, 0xe0,
    0x1c, 0x38, 0x3, 0x83, 0x80, 0xe0, 0x78, 0x7c,
    0x3, 0xe3, 0x80, 0x0, 0xf0, 0x0, 0x1c, 0x0,
    0x3, 0x80, 0x0, 0x70, 0x0, 0x1c, 0x0, 0x3,
    0x80, 0x0, 0x70, 0x0, 0x1e, 0x0, 0xf, 0xf0,
    0x0,

    /* U+04F5 "ӵ" */
    0xe, 0x18, 0x38, 0xe0, 0xe1, 0x80, 0x0, 0x0,
    0x3, 0xe0, 0x63, 0x83, 0x8e, 0xe, 0x38, 0x78,
    0xc2, 0xc7, 0xb, 0x1c, 0x5c, 0x72, 0x70, 0xf1,
    0x80, 0x6, 0x0, 0x39, 0x0, 0xe8, 0x3, 0x40,
    0xe, 0x0,

    /* U+04F6 "Ӷ" */
    0x7, 0xff, 0xf8, 0xf, 0x1, 0x80, 0x70, 0x4,
    0x3, 0x80, 0x20, 0x1c, 0x1, 0x1, 0xe0, 0x0,
    0xe, 0x0, 0x0, 0x70, 0x0, 0x7, 0x80, 0x0,
    0x38, 0x0, 0x1, 0xc0, 0x0, 0xe, 0x0, 0x0,
    0xf0, 0x0, 0x7, 0x0, 0x0, 0x38, 0x0, 0x1,
    0xc0, 0x0, 0x1c, 0x0, 0x0, 0xe0, 0x0, 0x7,
    0x0, 0x0, 0x78, 0x0, 0xf, 0xf0, 0x0, 0x3,
    0x80, 0x0, 0xc, 0x0, 0x0, 0x40, 0x0, 0x2,
    0x0, 0x0, 0x10, 0x0, 0x0,

    /* U+04F7 "ӷ" */
    0x3f, 0xfc, 0x7f, 0xe0, 0xc0, 0x87, 0x2, 0x1c,
    0x0, 0x60, 0x1, 0x80, 0xe, 0x0, 0x30, 0x0,
    0xc0, 0x7, 0x0, 0x1c, 0x0, 0x60, 0x1, 0x80,
    0x2, 0x0, 0x18, 0x0, 0x60, 0x1, 0x80, 0x4,
    0x0, 0x20, 0x0,

    /* U+04F8 "Ӹ" */
    0x0, 0x3, 0xc, 0x0, 0x0, 0x1e, 0x38, 0x0,
    0x0, 0x30, 0xe0, 0x0, 0x0, 0x0, 0x0, 0x0,
    0x0, 0x0, 0x0, 0x0, 0x0, 0x0, 0x0, 0xff,
    0x0, 0x3f, 0xc0, 0x70, 0x0, 0x3c, 0x1, 0xc0,
    0x0, 0xe0, 0xe, 0x0, 0x3, 0x80, 0x38, 0x0,
    0xe, 0x0, 0xe0, 0x0, 0x38, 0x3, 0x80, 0x1,
    0xc0, 0x1c, 0x0, 0x7, 0x0, 0x70, 0x0, 0x1c,
    0x1, 0xff, 0x0, 0xf0, 0xf, 0xf, 0x3, 0x80,
    0x38, 0x1e, 0xe, 0x0, 0xe0, 0x38, 0x38, 0x3,
    0x80, 0xe1, 0xc0, 0x1c, 0x3, 0x87, 0x0, 0x70,
    0xe, 0x1c, 0x1, 0xc0, 0x78, 0xf0, 0x7, 0x1,
    0xc3, 0x80, 0x38, 0xe, 0xe, 0x0, 0xe0, 0xf0,
    0x38, 0xf, 0xfe, 0x3, 0xf8, 0x0,

    /* U+04F9 "ӹ" */
    0x0, 0xc3, 0x0, 0x1c, 0x38, 0x0, 0xc3, 0x0,
    0x0, 0x0, 0x0, 0x0, 0x0, 0x40, 0x3, 0xf8,
    0x3, 0xe3, 0x80, 0xe, 0x38, 0x0, 0xe3, 0x80,
    0xe, 0x30, 0x0, 0xc3, 0x3e, 0x1c, 0x7c, 0x71,
    0xc7, 0x7, 0x18, 0x60, 0x71, 0x86, 0x7, 0x38,
    0x60, 0x63, 0x96, 0xe, 0x32, 0x71, 0xc3, 0xc3,
    0xf0, 0x38,

    /* U+0510 "Ԑ" */
    0x0, 0xff, 0xc0, 0xe0, 0xe0, 0x70, 0x18, 0x38,
    0x2, 0xe, 0x0, 0x87, 0x80, 0x1, 0xe0, 0x0,
    0x38, 0x0, 0xf, 0x80, 0x0, 0xfc, 0x0, 0xf0,
    0x0, 0xf8, 0x0, 0x3c, 0x0, 0x1e, 0x0, 0x7,
    0x80, 0x3, 0xe0, 0x0, 0xf0, 0x0, 0x1e, 0x1,
    0x7, 0x80, 0x80, 0xf0, 0x40, 0xf, 0xe0, 0x0,

    /* U+0511 "ԑ" */
    0x7, 0xc0, 0xe1, 0xce, 0x6, 0x70, 0x23, 0x81,
    0xc, 0x0, 0x1c, 0x7, 0x0, 0x70, 0x7, 0x0,
    0x38, 0x1, 0xc0, 0xe, 0x2, 0x78, 0x60, 0xfc,
    0x0,

    /* U+0512 "Ԓ" */
    0x0, 0x3f, 0xff, 0x80, 0x6, 0x7, 0x0, 0x3,
    0x3, 0x80, 0x1, 0x3, 0xc0, 0x0, 0x81, 0xc0,
    0x0, 0xc0, 0xe0, 0x0, 0x40, 0x70, 0x0, 0x20,
    0x70, 0x0, 0x30, 0x38, 0x0, 0x10, 0x1c, 0x0,
    0x8, 0x1e, 0x0, 0x4, 0xe, 0x0, 0x4, 0x7,
    0x0, 0x2, 0x3, 0x80, 0x3, 0x3, 0x80, 0x1,
    0x1, 0xc0, 0x1, 0x80, 0xe0, 0x0, 0x80, 0xf0,
    0x38, 0x80, 0x70, 0x1c, 0x80, 0x38, 0x7, 0x80,
    0x3c, 0x0, 0x0, 0x1c, 0x0, 0x0, 0xe, 0x0,
    0x0, 0xe, 0x0, 0x0, 0x7, 0x0, 0x3, 0x87,
    0x0, 0x1, 0xc7, 0x0, 0x0, 0x3e, 0x0, 0x0,

    /* U+0513 "ԓ" */
    0x0, 0x7c, 0x1, 0x1c, 0x4, 0x38, 0x8, 0x60,
    0x20, 0xc0, 0x41, 0x80, 0x87, 0x2, 0xc, 0x4,
    0x18, 0x8, 0x30, 0x20, 0xe0, 0x41, 0x8d, 0x3,
    0x1c, 0xe, 0x0, 0x18, 0x0, 0x30, 0x0, 0xc0,
    0x1, 0x80, 0xc6, 0x1, 0xc8, 0x3, 0xc0, 0x0,

    /* U+051A "Ԛ" */
    0x0, 0x3f, 0x0, 0x7, 0xe, 0x0, 0x60, 0x38,
    0xe, 0x0, 0xe0, 0xe0, 0x7, 0xe, 0x0, 0x38,
    0x70, 0x1, 0xe7, 0x0, 0xf, 0x78, 0x0, 0x7b,
    0xc0, 0x3, 0x9c, 0x0, 0x3d, 0xe0, 0x1, 0xef,
    0x0, 0xe, 0x78, 0x0, 0xf3, 0xc0, 0x7, 0x1e,
    0x0, 0x78, 0x70, 0x3, 0x83, 0x80, 0x38, 0xe,
    0x3, 0x80, 0x38, 0x70, 0x0, 0xfe, 0x0, 0x3,
    0x0, 0x0, 0x30, 0x0, 0x83, 0xf8, 0x8, 0x7f,
    0xff, 0x84, 0x7, 0xf0, 0x0,

    /* U+051B "ԛ" */
    0x1, 0xec, 0x1c, 0xb0, 0xc1, 0xc6, 0x6, 0x38,
    0x19, 0xc0, 0x66, 0x3, 0x38, 0xc, 0xe0, 0x73,
    0x1, 0xcc, 0xe, 0x30, 0x58, 0xe2, 0x61, 0xf3,
    0x80, 0xc, 0x0, 0x30, 0x1, 0xc0, 0x6, 0x0,
    0x18, 0x0, 0xe0, 0xf, 0xe0,

    /* U+051C "Ԝ" */
    0xff, 0x3f, 0x87, 0xe7, 0x81, 0xc0, 0x38, 0xe0,
    0x38, 0x6, 0x1c, 0x7, 0x0, 0x81, 0xc0, 0xe0,
    0x30, 0x38, 0x1c, 0x4, 0x7, 0x7, 0x81, 0x80,
    0xe0, 0xb8, 0x20, 0x1c, 0x37, 0xc, 0x3, 0x84,
    0xe3, 0x0, 0x71, 0x9c, 0x40, 0xe, 0x23, 0x98,
    0x0, 0xcc, 0x72, 0x0, 0x1d, 0xe, 0xc0, 0x3,
    0xe1, 0xd0, 0x0, 0x78, 0x3e, 0x0, 0xf, 0x3,
    0x80, 0x1, 0xc0, 0x70, 0x0, 0x38, 0xc, 0x0,
    0x6, 0x1, 0x80, 0x0, 0x80, 0x20, 0x0,

    /* U+051D "ԝ" */
    0x38, 0x8, 0x33, 0xc0, 0xc1, 0x86, 0x6, 0x4,
    0x30, 0x70, 0x21, 0x85, 0x82, 0xc, 0x4c, 0x10,
    0x72, 0x61, 0x3, 0xa3, 0x8, 0x1d, 0x18, 0x80,
    0xf0, 0xe8, 0x3, 0x87, 0x80, 0x18, 0x3c, 0x0,
    0x80, 0xc0, 0x4, 0x4, 0x0,

    /* U+051E "Ԟ" */
    0x7, 0xf0, 0x3c, 0x7, 0x1, 0xf0, 0x1c, 0xc9,
    0xc0, 0xe1, 0xe0, 0x3, 0x87, 0x0, 0xe, 0xc,
    0x0, 0x78, 0x78, 0x1, 0xc3, 0x30, 0x7, 0x18,
    0xe0, 0x1f, 0xc0, 0x0, 0xe3, 0x80, 0x3, 0x87,
    0x0, 0xe, 0x1e, 0x0, 0x38, 0x38, 0x1, 0xc0,
    0xe0, 0x7, 0x3, 0xc0, 0x1c, 0x7, 0x0, 0xf0,
    0x1c, 0x3, 0x80, 0x78, 0x1f, 0x1, 0xe0, 0xff,
    0x3, 0xe0,

    /* U+051F "ԟ" */
    0xe, 0x1c, 0x7b, 0x7c, 0x33, 0xb8, 0xe2, 0x1,
    0xce, 0x3, 0x26, 0x7, 0xc0, 0x1c, 0xc0, 0x31,
    0xc0, 0x61, 0x81, 0xc3, 0x83, 0x87, 0x16, 0x6,
    0x4c, 0xf, 0x0
};


/*---------------------
 *  GLYPH DESCRIPTION
 *--------------------*/

static const lv_font_fmt_txt_glyph_dsc_t glyph_dsc[] = {
    {.bitmap_index = 0, .adv_w = 0, .box_w = 0, .box_h = 0, .ofs_x = 0, .ofs_y = 0} /* id = 0 reserved */,
    {.bitmap_index = 0, .adv_w = 128, .box_w = 1, .box_h = 1, .ofs_x = 0, .ofs_y = 0},
    {.bitmap_index = 1, .adv_w = 170, .box_w = 9, .box_h = 21, .ofs_x = 1, .ofs_y = 0},
    {.bitmap_index = 25, .adv_w = 170, .box_w = 9, .box_h = 8, .ofs_x = 4, .ofs_y = 13},
    {.bitmap_index = 34, .adv_w = 256, .box_w = 17, .box_h = 21, .ofs_x = 0, .ofs_y = 0},
    {.bitmap_index = 79, .adv_w = 256, .box_w = 15, .box_h = 26, .ofs_x = 1, .ofs_y = -3},
    {.bitmap_index = 128, .adv_w = 426, .box_w = 22, .box_h = 21, .ofs_x = 3, .ofs_y = 0},
    {.bitmap_index = 186, .adv_w = 398, .box_w = 21, .box_h = 22, .ofs_x = 2, .ofs_y = -1},
    {.bitmap_index = 244, .adv_w = 102, .box_w = 4, .box_h = 8, .ofs_x = 4, .ofs_y = 13},
    {.bitmap_index = 248, .adv_w = 170, .box_w = 9, .box_h = 27, .ofs_x = 1, .ofs_y = -6},
    {.bitmap_index = 279, .adv_w = 170, .box_w = 8, .box_h = 27, .ofs_x = 1, .ofs_y = -6},
    {.bitmap_index = 306, .adv_w = 256, .box_w = 12, .box_h = 13, .ofs_x = 4, .ofs_y = 8},
    {.bitmap_index = 326, .adv_w = 346, .box_w = 16, .box_h = 16, .ofs_x = 3, .ofs_y = 0},
    {.bitmap_index = 358, .adv_w = 128, .box_w = 4, .box_h = 7, .ofs_x = 0, .ofs_y = -4},
    {.bitmap_index = 362, .adv_w = 170, .box_w = 7, .box_h = 2, .ofs_x = 2, .ofs_y = 6},
    {.bitmap_index = 364, .adv_w = 128, .box_w = 3, .box_h = 3, .ofs_x = 1, .ofs_y = 0},
    {.bitmap_index = 366, .adv_w = 152, .box_w = 14, .box_h = 22, .ofs_x = 0, .ofs_y = -1},
    {.bitmap_index = 405, .adv_w = 256, .box_w = 15, .box_h = 21, .ofs_x = 1, .ofs_y = 0},
    {.bitmap_index = 445, .adv_w = 256, .box_w = 11, .box_h = 22, .ofs_x = 2, .ofs_y = 0},
    {.bitmap_index = 476, .adv_w = 256, .box_w = 14, .box_h = 21, .ofs_x = 0, .ofs_y = 0},
    {.bitmap_index = 513, .adv_w = 256, .box_w = 15, .box_h = 21, .ofs_x = 0, .ofs_y = 0},
    {.bitmap_index = 553, .adv_w = 256, .box_w = 15, .box_h = 21, .ofs_x = 0, .ofs_y = 0},
    {.bitmap_index = 593, .adv_w = 256, .box_w = 16, .box_h = 21, .ofs_x = 0, .ofs_y = 0},
    {.bitmap_index = 635, .adv_w = 256, .box_w = 16, .box_h = 22, .ofs_x = 1, .ofs_y = 0},
    {.bitmap_index = 679, .adv_w = 256, .box_w = 15, .box_h = 21, .ofs_x = 2, .ofs_y = 0},
    {.bitmap_index = 719, .adv_w = 256, .box_w = 15, .box_h = 21, .ofs_x = 1, .ofs_y = 0},
    {.bitmap_index = 759, .adv_w = 256, .box_w = 15, .box_h = 22, .ofs_x = 1, .ofs_y = -1},
    {.bitmap_index = 801, .adv_w = 128, .box_w = 6, .box_h = 14, .ofs_x = 2, .ofs_y = 0},
    {.bitmap_index = 812, .adv_w = 128, .box_w = 7, .box_h = 18, .ofs_x = 1, .ofs_y = -4},
    {.bitmap_index = 828, .adv_w = 292, .box_w = 16, .box_h = 16, .ofs_x = 2, .ofs_y = 0},
    {.bitmap_index = 860, .adv_w = 340, .box_w = 16, .box_h = 8, .ofs_x = 3, .ofs_y = 4},
    {.bitmap_index = 876, .adv_w = 292, .box_w = 16, .box_h = 16, .ofs_x = 2, .ofs_y = 0},
    {.bitmap_index = 908, .adv_w = 227, .box_w = 11, .box_h = 21, .ofs_x = 4, .ofs_y = 0},
    {.bitmap_index = 937, .adv_w = 399, .box_w = 22, .box_h = 22, .ofs_x = 2, .ofs_y = -1},
    {.bitmap_index = 998, .adv_w = 333, .box_w = 20, .box_h = 21, .ofs_x = 0, .ofs_y = 0},
    {.bitmap_index = 1051, .adv_w = 303, .box_w = 19, .box_h = 21, .ofs_x = 0, .ofs_y = 0},
    {.bitmap_index = 1101, .adv_w = 313, .box_w = 20, .box_h = 22, .ofs_x = 1, .ofs_y = -1},
    {.bitmap_index = 1156, .adv_w = 359, .box_w = 23, .box_h = 21, .ofs_x = 0, .ofs_y = 0},
    {.bitmap_index = 1217, .adv_w = 294, .box_w = 20, .box_h = 21, .ofs_x = 0, .ofs_y = 0},
    {.bitmap_index = 1270, .adv_w = 295, .box_w = 20, .box_h = 21, .ofs_x = 0, .ofs_y = 0},
    {.bitmap_index = 1323, .adv_w = 353, .box_w = 22, .box_h = 22, .ofs_x = 1, .ofs_y = -1},
    {.bitmap_index = 1384, .adv_w = 361, .box_w = 25, .box_h = 21, .ofs_x = 0, .ofs_y = 0},
    {.bitmap_index = 1450, .adv_w = 165, .box_w = 13, .box_h = 21, .ofs_x = 0, .ofs_y = 0},
    {.bitmap_index = 1485, .adv_w = 219, .box_w = 16, .box_h = 22, .ofs_x = 0, .ofs_y = -1},
    {.bitmap_index = 1529, .adv_w = 328, .box_w = 23, .box_h = 21, .ofs_x = 0, .ofs_y = 0},
    {.bitmap_index = 1590, .adv_w = 291, .box_w = 18, .box_h = 21, .ofs_x = 0, .ofs_y = 0},
    {.bitmap_index = 1638, .adv_w = 420, .box_w = 29, .box_h = 21, .ofs_x = 0, .ofs_y = 0},
    {.bitmap_index = 1715, .adv_w = 347, .box_w = 24, .box_h = 21, .ofs_x = 0, .ofs_y = 0},
    {.bitmap_index = 1778, .adv_w = 336, .box_w = 21, .box_h = 22, .ofs_x = 1, .ofs_y = -1},
    {.bitmap_index = 1836, .adv_w = 290, .box_w = 19, .box_h = 21, .ofs_x = 0, .ofs_y = 0},
    {.bitmap_index = 1886, .adv_w = 336, .box_w = 21, .box_h = 26, .ofs_x = 1, .ofs_y = -5},
    {.bitmap_index = 1955, .adv_w = 315, .box_w = 19, .box_h = 21, .ofs_x = 0, .ofs_y = 0},
    {.bitmap_index = 2005, .adv_w = 232, .box_w = 16, .box_h = 22, .ofs_x = 0, .ofs_y = -1},
    {.bitmap_index = 2049, .adv_w = 302, .box_w = 18, .box_h = 21, .ofs_x = 3, .ofs_y = 0},
    {.bitmap_index = 2097, .adv_w = 361, .box_w = 21, .box_h = 22, .ofs_x = 4, .ofs_y = -1},
    {.bitmap_index = 2155, .adv_w = 339, .box_w = 20, .box_h = 22, .ofs_x = 4, .ofs_y = -1},
    {.bitmap_index = 2210, .adv_w = 455, .box_w = 27, .box_h = 22, .ofs_x = 4, .ofs_y = -1},
    {.bitmap_index = 2285, .adv_w = 340, .box_w = 22, .box_h = 21, .ofs_x = 0, .ofs_y = 0},
    {.bitmap_index = 2343, .adv_w = 304, .box_w = 17, .box_h = 21, .ofs_x = 4, .ofs_y = 0},
    {.bitmap_index = 2388, .adv_w = 288, .box_w = 20, .box_h = 21, .ofs_x = 0, .ofs_y = 0},
    {.bitmap_index = 2441, .adv_w = 199, .box_w = 12, .box_h = 26, .ofs_x = 1, .ofs_y = -5},
    {.bitmap_index = 2480, .adv_w = 251, .box_w = 12, .box_h = 22, .ofs_x = 3, .ofs_y = -1},
    {.bitmap_index = 2513, .adv_w = 199, .box_w = 12, .box_h = 26, .ofs_x = 0, .ofs_y = -5},
    {.bitmap_index = 2552, .adv_w = 216, .box_w = 14, .box_h = 12, .ofs_x = 0, .ofs_y = 10},
    {.bitmap_index = 2573, .adv_w = 256, .box_w = 16, .box_h = 1, .ofs_x = 0, .ofs_y = -4},
    {.bitmap_index = 2575, .adv_w = 128, .box_w = 6, .box_h = 6, .ofs_x = 4, .ofs_y = 16},
    {.bitmap_index = 2580, .adv_w = 255, .box_w = 14, .box_h = 14, .ofs_x = 1, .ofs_y = 0},
    {.bitmap_index = 2605, .adv_w = 244, .box_w = 14, .box_h = 22, .ofs_x = 1, .ofs_y = 0},
    {.bitmap_index = 2644, .adv_w = 206, .box_w = 12, .box_h = 14, .ofs_x = 1, .ofs_y = 0},
    {.bitmap_index = 2665, .adv_w = 256, .box_w = 16, .box_h = 22, .ofs_x = 1, .ofs_y = 0},
    {.bitmap_index = 2709, .adv_w = 208, .box_w = 12, .box_h = 14, .ofs_x = 1, .ofs_y = 0},
    {.bitmap_index = 2730, .adv_w = 217, .box_w = 18, .box_h = 28, .ofs_x = -2, .ofs_y = -7},
    {.bitmap_index = 2793, .adv_w = 225, .box_w = 15, .box_h = 21, .ofs_x = -1, .ofs_y = -7},
    {.bitmap_index = 2833, .adv_w = 255, .box_w = 14, .box_h = 22, .ofs_x = 1, .ofs_y = 0},
    {.bitmap_index = 2872, .adv_w = 126, .box_w = 7, .box_h = 21, .ofs_x = 1, .ofs_y = 0},
    {.bitmap_index = 2891, .adv_w = 146, .box_w = 12, .box_h = 28, .ofs_x = -2, .ofs_y = -7},
    {.bitmap_index = 2933, .adv_w = 232, .box_w = 14, .box_h = 22, .ofs_x = 1, .ofs_y = 0},
    {.bitmap_index = 2972, .adv_w = 129, .box_w = 8, .box_h = 22, .ofs_x = 1, .ofs_y = 0},
    {.bitmap_index = 2994, .adv_w = 371, .box_w = 23, .box_h = 14, .ofs_x = 0, .ofs_y = 0},
    {.bitmap_index = 3035, .adv_w = 252, .box_w = 15, .box_h = 14, .ofs_x = 0, .ofs_y = 0},
    {.bitmap_index = 3062, .adv_w = 242, .box_w = 14, .box_h = 14, .ofs_x = 1, .ofs_y = 0},
    {.bitmap_index = 3087, .adv_w = 240, .box_w = 17, .box_h = 21, .ofs_x = -2, .ofs_y = -7},
    {.bitmap_index = 3132, .adv_w = 247, .box_w = 14, .box_h = 21, .ofs_x = 1, .ofs_y = -7},
    {.bitmap_index = 3169, .adv_w = 187, .box_w = 11, .box_h = 14, .ofs_x = 1, .ofs_y = 0},
    {.bitmap_index = 3189, .adv_w = 177, .box_w = 11, .box_h = 14, .ofs_x = 0, .ofs_y = 0},
    {.bitmap_index = 3209, .adv_w = 122, .box_w = 8, .box_h = 18, .ofs_x = 1, .ofs_y = 0},
    {.bitmap_index = 3227, .adv_w = 248, .box_w = 14, .box_h = 14, .ofs_x = 1, .ofs_y = 0},
    {.bitmap_index = 3252, .adv_w = 233, .box_w = 13, .box_h = 15, .ofs_x = 2, .ofs_y = -1},
    {.bitmap_index = 3277, .adv_w = 350, .box_w = 20, .box_h = 15, .ofs_x = 2, .ofs_y = -1},
    {.bitmap_index = 3315, .adv_w = 223, .box_w = 15, .box_h = 14, .ofs_x = -1, .ofs_y = 0},
    {.bitmap_index = 3342, .adv_w = 237, .box_w = 15, .box_h = 21, .ofs_x = 0, .ofs_y = -7},
    {.bitmap_index = 3382, .adv_w = 199, .box_w = 12, .box_h = 17, .ofs_x = 0, .ofs_y = -3},
    {.bitmap_index = 3408, .adv_w = 205, .box_w = 11, .box_h = 28, .ofs_x = 2, .ofs_y = -6},
    {.bitmap_index = 3447, .adv_w = 141, .box_w = 2, .box_h = 22, .ofs_x = 3, .ofs_y = -1},
    {.bitmap_index = 3453, .adv_w = 205, .box_w = 11, .box_h = 28, .ofs_x = 0, .ofs_y = -6},
    {.bitmap_index = 3492, .adv_w = 277, .box_w = 15, .box_h = 4, .ofs_x = 1, .ofs_y = 6},
    {.bitmap_index = 3500, .adv_w = 128, .box_w = 1, .box_h = 1, .ofs_x = 0, .ofs_y = 0},
    {.bitmap_index = 3501, .adv_w = 170, .box_w = 8, .box_h = 21, .ofs_x = 2, .ofs_y = -7},
    {.bitmap_index = 3522, .adv_w = 256, .box_w = 13, .box_h = 22, .ofs_x = 2, .ofs_y = -4},
    {.bitmap_index = 3558, .adv_w = 256, .box_w = 17, .box_h = 21, .ofs_x = 0, .ofs_y = 0},
    {.bitmap_index = 3603, .adv_w = 256, .box_w = 18, .box_h = 18, .ofs_x = -1, .ofs_y = 2},
    {.bitmap_index = 3644, .adv_w = 256, .box_w = 18, .box_h = 21, .ofs_x = 1, .ofs_y = 0},
    {.bitmap_index = 3692, .adv_w = 141, .box_w = 2, .box_h = 22, .ofs_x = 3, .ofs_y = -1},
    {.bitmap_index = 3698, .adv_w = 256, .box_w = 13, .box_h = 27, .ofs_x = 2, .ofs_y = -6},
    {.bitmap_index = 3742, .adv_w = 170, .box_w = 10, .box_h = 3, .ofs_x = 3, .ofs_y = 16},
    {.bitmap_index = 3746, .adv_w = 389, .box_w = 23, .box_h = 23, .ofs_x = 1, .ofs_y = 0},
    {.bitmap_index = 3813, .adv_w = 141, .box_w = 10, .box_h = 13, .ofs_x = 1, .ofs_y = 9},
    {.bitmap_index = 3830, .adv_w = 227, .box_w = 12, .box_h = 12, .ofs_x = 2, .ofs_y = 1},
    {.bitmap_index = 3848, .adv_w = 346, .box_w = 16, .box_h = 9, .ofs_x = 3, .ofs_y = 3},
    {.bitmap_index = 3866, .adv_w = 170, .box_w = 7, .box_h = 2, .ofs_x = 2, .ofs_y = 6},
    {.bitmap_index = 3868, .adv_w = 389, .box_w = 23, .box_h = 23, .ofs_x = 1, .ofs_y = 0},
    {.bitmap_index = 3935, .adv_w = 170, .box_w = 10, .box_h = 1, .ofs_x = 3, .ofs_y = 17},
    {.bitmap_index = 3937, .adv_w = 205, .box_w = 9, .box_h = 9, .ofs_x = 3, .ofs_y = 12},
    {.bitmap_index = 3948, .adv_w = 346, .box_w = 16, .box_h = 18, .ofs_x = 3, .ofs_y = 0},
    {.bitmap_index = 3984, .adv_w = 154, .box_w = 10, .box_h = 13, .ofs_x = 4, .ofs_y = 13},
    {.bitmap_index = 4001, .adv_w = 154, .box_w = 10, .box_h = 13, .ofs_x = 4, .ofs_y = 13},
    {.bitmap_index = 4018, .adv_w = 128, .box_w = 7, .box_h = 6, .ofs_x = 3, .ofs_y = 16},
    {.bitmap_index = 4024, .adv_w = 256, .box_w = 17, .box_h = 21, .ofs_x = -1, .ofs_y = -7},
    {.bitmap_index = 4069, .adv_w = 268, .box_w = 18, .box_h = 25, .ofs_x = 2, .ofs_y = -4},
    {.bitmap_index = 4126, .adv_w = 128, .box_w = 3, .box_h = 3, .ofs_x = 5, .ofs_y = 6},
    {.bitmap_index = 4128, .adv_w = 128, .box_w = 7, .box_h = 7, .ofs_x = -1, .ofs_y = -7},
    {.bitmap_index = 4135, .adv_w = 128, .box_w = 8, .box_h = 13, .ofs_x = 4, .ofs_y = 13},
    {.bitmap_index = 4148, .adv_w = 159, .box_w = 11, .box_h = 13, .ofs_x = 1, .ofs_y = 9},
    {.bitmap_index = 4166, .adv_w = 227, .box_w = 12, .box_h = 12, .ofs_x = 1, .ofs_y = 1},
    {.bitmap_index = 4184, .adv_w = 384, .box_w = 23, .box_h = 22, .ofs_x = 3, .ofs_y = -1},
    {.bitmap_index = 4248, .adv_w = 379, .box_w = 22, .box_h = 23, .ofs_x = 3, .ofs_y = -1},
    {.bitmap_index = 4312, .adv_w = 384, .box_w = 23, .box_h = 22, .ofs_x = 3, .ofs_y = -1},
    {.bitmap_index = 4376, .adv_w = 256, .box_w = 11, .box_h = 21, .ofs_x = 1, .ofs_y = -7},
    {.bitmap_index = 4405, .adv_w = 333, .box_w = 20, .box_h = 28, .ofs_x = 0, .ofs_y = 0},
    {.bitmap_index = 4475, .adv_w = 333, .box_w = 20, .box_h = 28, .ofs_x = 0, .ofs_y = 0},
    {.bitmap_index = 4545, .adv_w = 333, .box_w = 20, .box_h = 28, .ofs_x = 0, .ofs_y = 0},
    {.bitmap_index = 4615, .adv_w = 333, .box_w = 20, .box_h = 26, .ofs_x = 0, .ofs_y = 0},
    {.bitmap_index = 4680, .adv_w = 333, .box_w = 20, .box_h = 25, .ofs_x = 0, .ofs_y = 0},
    {.bitmap_index = 4743, .adv_w = 333, .box_w = 20, .box_h = 29, .ofs_x = 0, .ofs_y = 0},
    {.bitmap_index = 4816, .adv_w = 449, .box_w = 30, .box_h = 21, .ofs_x = 0, .ofs_y = 0},
    {.bitmap_index = 4895, .adv_w = 313, .box_w = 20, .box_h = 28, .ofs_x = 1, .ofs_y = -7},
    {.bitmap_index = 4965, .adv_w = 313, .box_w = 20, .box_h = 28, .ofs_x = 0, .ofs_y = 0},
    {.bitmap_index = 5035, .adv_w = 313, .box_w = 20, .box_h = 28, .ofs_x = 0, .ofs_y = 0},
    {.bitmap_index = 5105, .adv_w = 313, .box_w = 20, .box_h = 28, .ofs_x = 0, .ofs_y = 0},
    {.bitmap_index = 5175, .adv_w = 313, .box_w = 20, .box_h = 25, .ofs_x = 0, .ofs_y = 0},
    {.bitmap_index = 5238, .adv_w = 165, .box_w = 13, .box_h = 28, .ofs_x = 0, .ofs_y = 0},
    {.bitmap_index = 5284, .adv_w = 165, .box_w = 14, .box_h = 28, .ofs_x = 0, .ofs_y = 0},
    {.bitmap_index = 5333, .adv_w = 165, .box_w = 14, .box_h = 28, .ofs_x = 0, .ofs_y = 0},
    {.bitmap_index = 5382, .adv_w = 165, .box_w = 14, .box_h = 26, .ofs_x = 0, .ofs_y = 0},
    {.bitmap_index = 5428, .adv_w = 359, .box_w = 23, .box_h = 21, .ofs_x = 0, .ofs_y = 0},
    {.bitmap_index = 5489, .adv_w = 347, .box_w = 24, .box_h = 27, .ofs_x = 0, .ofs_y = 0},
    {.bitmap_index = 5570, .adv_w = 336, .box_w = 21, .box_h = 29, .ofs_x = 1, .ofs_y = -1},
    {.bitmap_index = 5647, .adv_w = 336, .box_w = 21, .box_h = 29, .ofs_x = 1, .ofs_y = -1},
    {.bitmap_index = 5724, .adv_w = 336, .box_w = 21, .box_h = 29, .ofs_x = 1, .ofs_y = -1},
    {.bitmap_index = 5801, .adv_w = 336, .box_w = 21, .box_h = 27, .ofs_x = 1, .ofs_y = -1},
    {.bitmap_index = 5872, .adv_w = 336, .box_w = 21, .box_h = 26, .ofs_x = 1, .ofs_y = -1},
    {.bitmap_index = 5941, .adv_w = 346, .box_w = 16, .box_h = 16, .ofs_x = 3, .ofs_y = 0},
    {.bitmap_index = 5973, .adv_w = 336, .box_w = 21, .box_h = 26, .ofs_x = 1, .ofs_y = -3},
    {.bitmap_index = 6042, .adv_w = 361, .box_w = 21, .box_h = 29, .ofs_x = 4, .ofs_y = -1},
    {.bitmap_index = 6119, .adv_w = 361, .box_w = 21, .box_h = 29, .ofs_x = 4, .ofs_y = -1},
    {.bitmap_index = 6196, .adv_w = 361, .box_w = 21, .box_h = 29, .ofs_x = 4, .ofs_y = -1},
    {.bitmap_index = 6273, .adv_w = 361, .box_w = 21, .box_h = 26, .ofs_x = 4, .ofs_y = -1},
    {.bitmap_index = 6342, .adv_w = 304, .box_w = 17, .box_h = 28, .ofs_x = 4, .ofs_y = 0},
    {.bitmap_index = 6402, .adv_w = 275, .box_w = 18, .box_h = 21, .ofs_x = -1, .ofs_y = 0},
    {.bitmap_index = 6450, .adv_w = 291, .box_w = 21, .box_h = 28, .ofs_x = -2, .ofs_y = -7},
    {.bitmap_index = 6524, .adv_w = 255, .box_w = 14, .box_h = 21, .ofs_x = 1, .ofs_y = 0},
    {.bitmap_index = 6561, .adv_w = 255, .box_w = 14, .box_h = 21, .ofs_x = 1, .ofs_y = 0},
    {.bitmap_index = 6598, .adv_w = 255, .box_w = 14, .box_h = 21, .ofs_x = 1, .ofs_y = 0},
    {.bitmap_index = 6635, .adv_w = 255, .box_w = 15, .box_h = 20, .ofs_x = 1, .ofs_y = 0},
    {.bitmap_index = 6673, .adv_w = 255, .box_w = 15, .box_h = 19, .ofs_x = 1, .ofs_y = 0},
    {.bitmap_index = 6709, .adv_w = 255, .box_w = 14, .box_h = 23, .ofs_x = 1, .ofs_y = 0},
    {.bitmap_index = 6750, .adv_w = 325, .box_w = 19, .box_h = 14, .ofs_x = 1, .ofs_y = 0},
    {.bitmap_index = 6784, .adv_w = 206, .box_w = 12, .box_h = 21, .ofs_x = 1, .ofs_y = -7},
    {.bitmap_index = 6816, .adv_w = 208, .box_w = 12, .box_h = 21, .ofs_x = 1, .ofs_y = 0},
    {.bitmap_index = 6848, .adv_w = 208, .box_w = 14, .box_h = 21, .ofs_x = 1, .ofs_y = 0},
    {.bitmap_index = 6885, .adv_w = 208, .box_w = 14, .box_h = 21, .ofs_x = 1, .ofs_y = 0},
    {.bitmap_index = 6922, .adv_w = 208, .box_w = 13, .box_h = 19, .ofs_x = 1, .ofs_y = 0},
    {.bitmap_index = 6953, .adv_w = 142, .box_w = 7, .box_h = 21, .ofs_x = 2, .ofs_y = 0},
    {.bitmap_index = 6972, .adv_w = 142, .box_w = 8, .box_h = 21, .ofs_x = 2, .ofs_y = 0},
    {.bitmap_index = 6993, .adv_w = 142, .box_w = 10, .box_h = 21, .ofs_x = 2, .ofs_y = 0},
    {.bitmap_index = 7020, .adv_w = 142, .box_w = 9, .box_h = 19, .ofs_x = 2, .ofs_y = 0},
    {.bitmap_index = 7042, .adv_w = 233, .box_w = 14, .box_h = 22, .ofs_x = 1, .ofs_y = 0},
    {.bitmap_index = 7081, .adv_w = 252, .box_w = 16, .box_h = 20, .ofs_x = 0, .ofs_y = 0},
    {.bitmap_index = 7121, .adv_w = 242, .box_w = 14, .box_h = 21, .ofs_x = 1, .ofs_y = 0},
    {.bitmap_index = 7158, .adv_w = 242, .box_w = 14, .box_h = 21, .ofs_x = 1, .ofs_y = 0},
    {.bitmap_index = 7195, .adv_w = 242, .box_w = 15, .box_h = 21, .ofs_x = 1, .ofs_y = 0},
    {.bitmap_index = 7235, .adv_w = 242, .box_w = 16, .box_h = 20, .ofs_x = 1, .ofs_y = 0},
    {.bitmap_index = 7275, .adv_w = 242, .box_w = 15, .box_h = 19, .ofs_x = 1, .ofs_y = 0},
    {.bitmap_index = 7311, .adv_w = 346, .box_w = 16, .box_h = 17, .ofs_x = 3, .ofs_y = 0},
    {.bitmap_index = 7345, .adv_w = 243, .box_w = 14, .box_h = 22, .ofs_x = 1, .ofs_y = -4},
    {.bitmap_index = 7384, .adv_w = 248, .box_w = 14, .box_h = 21, .ofs_x = 1, .ofs_y = 0},
    {.bitmap_index = 7421, .adv_w = 248, .box_w = 14, .box_h = 21, .ofs_x = 1, .ofs_y = 0},
    {.bitmap_index = 7458, .adv_w = 248, .box_w = 14, .box_h = 21, .ofs_x = 1, .ofs_y = 0},
    {.bitmap_index = 7495, .adv_w = 248, .box_w = 14, .box_h = 19, .ofs_x = 1, .ofs_y = 0},
    {.bitmap_index = 7529, .adv_w = 237, .box_w = 15, .box_h = 28, .ofs_x = 0, .ofs_y = -7},
    {.bitmap_index = 7582, .adv_w = 241, .box_w = 17, .box_h = 28, .ofs_x = -2, .ofs_y = -7},
    {.bitmap_index = 7642, .adv_w = 237, .box_w = 15, .box_h = 26, .ofs_x = 0, .ofs_y = -7},
    {.bitmap_index = 7691, .adv_w = 333, .box_w = 20, .box_h = 25, .ofs_x = 0, .ofs_y = 0},
    {.bitmap_index = 7754, .adv_w = 255, .box_w = 15, .box_h = 19, .ofs_x = 1, .ofs_y = 0},
    {.bitmap_index = 7790, .adv_w = 333, .box_w = 20, .box_h = 28, .ofs_x = 0, .ofs_y = 0},
    {.bitmap_index = 7860, .adv_w = 255, .box_w = 15, .box_h = 21, .ofs_x = 1, .ofs_y = 0},
    {.bitmap_index = 7900, .adv_w = 313, .box_w = 25, .box_h = 26, .ofs_x = -2, .ofs_y = -5},
    {.bitmap_index = 7982, .adv_w = 256, .box_w = 15, .box_h = 19, .ofs_x = 1, .ofs_y = -5},
    {.bitmap_index = 8018, .adv_w = 313, .box_w = 20, .box_h = 29, .ofs_x = 1, .ofs_y = -1},
    {.bitmap_index = 8091, .adv_w = 206, .box_w = 14, .box_h = 21, .ofs_x = 1, .ofs_y = 0},
    {.bitmap_index = 8128, .adv_w = 313, .box_w = 20, .box_h = 29, .ofs_x = 1, .ofs_y = -1},
    {.bitmap_index = 8201, .adv_w = 206, .box_w = 14, .box_h = 21, .ofs_x = 1, .ofs_y = 0},
    {.bitmap_index = 8238, .adv_w = 313, .box_w = 20, .box_h = 27, .ofs_x = 1, .ofs_y = -1},
    {.bitmap_index = 8306, .adv_w = 206, .box_w = 12, .box_h = 19, .ofs_x = 1, .ofs_y = 0},
    {.bitmap_index = 8335, .adv_w = 313, .box_w = 20, .box_h = 29, .ofs_x = 1, .ofs_y = -1},
    {.bitmap_index = 8408, .adv_w = 206, .box_w = 15, .box_h = 21, .ofs_x = 1, .ofs_y = 0},
    {.bitmap_index = 8448, .adv_w = 359, .box_w = 23, .box_h = 28, .ofs_x = 0, .ofs_y = 0},
    {.bitmap_index = 8529, .adv_w = 320, .box_w = 22, .box_h = 22, .ofs_x = 1, .ofs_y = 0},
    {.bitmap_index = 8590, .adv_w = 359, .box_w = 23, .box_h = 21, .ofs_x = 0, .ofs_y = 0},
    {.bitmap_index = 8651, .adv_w = 256, .box_w = 17, .box_h = 22, .ofs_x = 1, .ofs_y = 0},
    {.bitmap_index = 8698, .adv_w = 313, .box_w = 20, .box_h = 25, .ofs_x = 0, .ofs_y = 0},
    {.bitmap_index = 8761, .adv_w = 208, .box_w = 14, .box_h = 18, .ofs_x = 1, .ofs_y = 0},
    {.bitmap_index = 8793, .adv_w = 313, .box_w = 20, .box_h = 28, .ofs_x = 0, .ofs_y = 0},
    {.bitmap_index = 8863, .adv_w = 208, .box_w = 15, .box_h = 21, .ofs_x = 1, .ofs_y = 0},
    {.bitmap_index = 8903, .adv_w = 313, .box_w = 20, .box_h = 25, .ofs_x = 0, .ofs_y = 0},
    {.bitmap_index = 8966, .adv_w = 208, .box_w = 12, .box_h = 19, .ofs_x = 1, .ofs_y = 0},
    {.bitmap_index = 8995, .adv_w = 313, .box_w = 21, .box_h = 26, .ofs_x = 0, .ofs_y = -5},
    {.bitmap_index = 9064, .adv_w = 208, .box_w = 13, .box_h = 19, .ofs_x = 1, .ofs_y = -5},
    {.bitmap_index = 9095, .adv_w = 313, .box_w = 20, .box_h = 28, .ofs_x = 0, .ofs_y = 0},
    {.bitmap_index = 9165, .adv_w = 208, .box_w = 16, .box_h = 21, .ofs_x = 1, .ofs_y = 0},
    {.bitmap_index = 9207, .adv_w = 353, .box_w = 22, .box_h = 29, .ofs_x = 1, .ofs_y = -1},
    {.bitmap_index = 9287, .adv_w = 225, .box_w = 16, .box_h = 28, .ofs_x = -1, .ofs_y = -7},
    {.bitmap_index = 9343, .adv_w = 353, .box_w = 22, .box_h = 29, .ofs_x = 1, .ofs_y = -1},
    {.bitmap_index = 9423, .adv_w = 225, .box_w = 16, .box_h = 28, .ofs_x = -1, .ofs_y = -7},
    {.bitmap_index = 9479, .adv_w = 353, .box_w = 22, .box_h = 27, .ofs_x = 1, .ofs_y = -1},
    {.bitmap_index = 9554, .adv_w = 225, .box_w = 15, .box_h = 26, .ofs_x = -1, .ofs_y = -7},
    {.bitmap_index = 9603, .adv_w = 353, .box_w = 22, .box_h = 30, .ofs_x = 1, .ofs_y = -9},
    {.bitmap_index = 9686, .adv_w = 225, .box_w = 15, .box_h = 30, .ofs_x = -1, .ofs_y = -7},
    {.bitmap_index = 9743, .adv_w = 361, .box_w = 25, .box_h = 28, .ofs_x = 0, .ofs_y = 0},
    {.bitmap_index = 9831, .adv_w = 255, .box_w = 18, .box_h = 28, .ofs_x = 1, .ofs_y = 0},
    {.bitmap_index = 9894, .adv_w = 370, .box_w = 25, .box_h = 21, .ofs_x = 0, .ofs_y = 0},
    {.bitmap_index = 9960, .adv_w = 256, .box_w = 14, .box_h = 22, .ofs_x = 1, .ofs_y = 0},
    {.bitmap_index = 9999, .adv_w = 170, .box_w = 15, .box_h = 26, .ofs_x = 0, .ofs_y = 0},
    {.bitmap_index = 10048, .adv_w = 142, .box_w = 12, .box_h = 20, .ofs_x = 1, .ofs_y = 0},
    {.bitmap_index = 10078, .adv_w = 170, .box_w = 14, .box_h = 25, .ofs_x = 0, .ofs_y = 0},
    {.bitmap_index = 10122, .adv_w = 142, .box_w = 10, .box_h = 19, .ofs_x = 2, .ofs_y = 0},
    {.bitmap_index = 10146, .adv_w = 170, .box_w = 15, .box_h = 28, .ofs_x = 0, .ofs_y = 0},
    {.bitmap_index = 10199, .adv_w = 142, .box_w = 11, .box_h = 21, .ofs_x = 2, .ofs_y = 0},
    {.bitmap_index = 10228, .adv_w = 176, .box_w = 13, .box_h = 26, .ofs_x = 0, .ofs_y = -5},
    {.bitmap_index = 10271, .adv_w = 142, .box_w = 7, .box_h = 26, .ofs_x = 2, .ofs_y = -5},
    {.bitmap_index = 10294, .adv_w = 170, .box_w = 13, .box_h = 26, .ofs_x = 0, .ofs_y = 0},
    {.bitmap_index = 10337, .adv_w = 142, .box_w = 6, .box_h = 14, .ofs_x = 2, .ofs_y = 0},
    {.bitmap_index = 10348, .adv_w = 362, .box_w = 24, .box_h = 22, .ofs_x = 0, .ofs_y = -1},
    {.bitmap_index = 10414, .adv_w = 231, .box_w = 15, .box_h = 28, .ofs_x = 1, .ofs_y = -7},
    {.bitmap_index = 10467, .adv_w = 219, .box_w = 16, .box_h = 29, .ofs_x = 0, .ofs_y = -1},
    {.bitmap_index = 10525, .adv_w = 168, .box_w = 15, .box_h = 28, .ofs_x = -2, .ofs_y = -7},
    {.bitmap_index = 10578, .adv_w = 342, .box_w = 23, .box_h = 30, .ofs_x = 0, .ofs_y = -9},
    {.bitmap_index = 10665, .adv_w = 232, .box_w = 14, .box_h = 31, .ofs_x = 1, .ofs_y = -9},
    {.bitmap_index = 10720, .adv_w = 232, .box_w = 14, .box_h = 15, .ofs_x = 1, .ofs_y = 0},
    {.bitmap_index = 10747, .adv_w = 291, .box_w = 18, .box_h = 28, .ofs_x = 0, .ofs_y = 0},
    {.bitmap_index = 10810, .adv_w = 129, .box_w = 10, .box_h = 28, .ofs_x = 1, .ofs_y = 0},
    {.bitmap_index = 10845, .adv_w = 291, .box_w = 18, .box_h = 30, .ofs_x = 0, .ofs_y = -9},
    {.bitmap_index = 10913, .adv_w = 129, .box_w = 8, .box_h = 31, .ofs_x = 1, .ofs_y = -9},
    {.bitmap_index = 10944, .adv_w = 291, .box_w = 19, .box_h = 21, .ofs_x = 0, .ofs_y = 0},
    {.bitmap_index = 10994, .adv_w = 193, .box_w = 14, .box_h = 22, .ofs_x = 1, .ofs_y = 0},
    {.bitmap_index = 11033, .adv_w = 291, .box_w = 18, .box_h = 21, .ofs_x = 0, .ofs_y = 0},
    {.bitmap_index = 11081, .adv_w = 176, .box_w = 10, .box_h = 22, .ofs_x = 1, .ofs_y = 0},
    {.bitmap_index = 11109, .adv_w = 289, .box_w = 18, .box_h = 21, .ofs_x = 0, .ofs_y = 0},
    {.bitmap_index = 11157, .adv_w = 142, .box_w = 9, .box_h = 22, .ofs_x = 1, .ofs_y = 0},
    {.bitmap_index = 11182, .adv_w = 347, .box_w = 24, .box_h = 29, .ofs_x = 0, .ofs_y = 0},
    {.bitmap_index = 11269, .adv_w = 252, .box_w = 15, .box_h = 21, .ofs_x = 0, .ofs_y = 0},
    {.bitmap_index = 11309, .adv_w = 347, .box_w = 24, .box_h = 30, .ofs_x = 0, .ofs_y = -9},
    {.bitmap_index = 11399, .adv_w = 252, .box_w = 15, .box_h = 23, .ofs_x = 0, .ofs_y = -9},
    {.bitmap_index = 11443, .adv_w = 347, .box_w = 24, .box_h = 29, .ofs_x = 0, .ofs_y = 0},
    {.bitmap_index = 11530, .adv_w = 252, .box_w = 17, .box_h = 21, .ofs_x = 0, .ofs_y = 0},
    {.bitmap_index = 11575, .adv_w = 278, .box_w = 15, .box_h = 21, .ofs_x = 2, .ofs_y = 0},
    {.bitmap_index = 11615, .adv_w = 356, .box_w = 24, .box_h = 22, .ofs_x = 0, .ofs_y = -1},
    {.bitmap_index = 11681, .adv_w = 256, .box_w = 14, .box_h = 21, .ofs_x = 0, .ofs_y = -7},
    {.bitmap_index = 11718, .adv_w = 336, .box_w = 21, .box_h = 26, .ofs_x = 1, .ofs_y = -1},
    {.bitmap_index = 11787, .adv_w = 242, .box_w = 15, .box_h = 18, .ofs_x = 1, .ofs_y = 0},
    {.bitmap_index = 11821, .adv_w = 336, .box_w = 21, .box_h = 29, .ofs_x = 1, .ofs_y = -1},
    {.bitmap_index = 11898, .adv_w = 242, .box_w = 16, .box_h = 21, .ofs_x = 1, .ofs_y = 0},
    {.bitmap_index = 11940, .adv_w = 336, .box_w = 21, .box_h = 29, .ofs_x = 1, .ofs_y = -1},
    {.bitmap_index = 12017, .adv_w = 242, .box_w = 16, .box_h = 21, .ofs_x = 1, .ofs_y = 0},
    {.bitmap_index = 12059, .adv_w = 456, .box_w = 29, .box_h = 21, .ofs_x = 1, .ofs_y = 0},
    {.bitmap_index = 12136, .adv_w = 334, .box_w = 20, .box_h = 14, .ofs_x = 1, .ofs_y = 0},
    {.bitmap_index = 12171, .adv_w = 315, .box_w = 19, .box_h = 28, .ofs_x = 0, .ofs_y = 0},
    {.bitmap_index = 12238, .adv_w = 187, .box_w = 12, .box_h = 21, .ofs_x = 1, .ofs_y = 0},
    {.bitmap_index = 12270, .adv_w = 315, .box_w = 19, .box_h = 30, .ofs_x = 0, .ofs_y = -9},
    {.bitmap_index = 12342, .adv_w = 187, .box_w = 12, .box_h = 23, .ofs_x = 0, .ofs_y = -9},
    {.bitmap_index = 12377, .adv_w = 315, .box_w = 19, .box_h = 28, .ofs_x = 0, .ofs_y = 0},
    {.bitmap_index = 12444, .adv_w = 187, .box_w = 14, .box_h = 21, .ofs_x = 1, .ofs_y = 0},
    {.bitmap_index = 12481, .adv_w = 232, .box_w = 16, .box_h = 29, .ofs_x = 0, .ofs_y = -1},
    {.bitmap_index = 12539, .adv_w = 177, .box_w = 13, .box_h = 21, .ofs_x = 0, .ofs_y = 0},
    {.bitmap_index = 12574, .adv_w = 232, .box_w = 16, .box_h = 29, .ofs_x = 0, .ofs_y = -1},
    {.bitmap_index = 12632, .adv_w = 177, .box_w = 13, .box_h = 21, .ofs_x = 0, .ofs_y = 0},
    {.bitmap_index = 12667, .adv_w = 238, .box_w = 16, .box_h = 28, .ofs_x = 0, .ofs_y = -7},
    {.bitmap_index = 12723, .adv_w = 177, .box_w = 12, .box_h = 21, .ofs_x = -1, .ofs_y = -7},
    {.bitmap_index = 12755, .adv_w = 232, .box_w = 18, .box_h = 29, .ofs_x = 0, .ofs_y = -1},
    {.bitmap_index = 12821, .adv_w = 177, .box_w = 15, .box_h = 21, .ofs_x = 0, .ofs_y = 0},
    {.bitmap_index = 12861, .adv_w = 285, .box_w = 18, .box_h = 28, .ofs_x = 2, .ofs_y = -7},
    {.bitmap_index = 12924, .adv_w = 122, .box_w = 11, .box_h = 25, .ofs_x = -2, .ofs_y = -7},
    {.bitmap_index = 12959, .adv_w = 302, .box_w = 18, .box_h = 28, .ofs_x = 3, .ofs_y = 0},
    {.bitmap_index = 13022, .adv_w = 186, .box_w = 14, .box_h = 21, .ofs_x = 1, .ofs_y = 0},
    {.bitmap_index = 13059, .adv_w = 285, .box_w = 18, .box_h = 21, .ofs_x = 2, .ofs_y = 0},
    {.bitmap_index = 13107, .adv_w = 127, .box_w = 9, .box_h = 18, .ofs_x = 0, .ofs_y = 0},
    {.bitmap_index = 13128, .adv_w = 361, .box_w = 21, .box_h = 27, .ofs_x = 4, .ofs_y = -1},
    {.bitmap_index = 13199, .adv_w = 248, .box_w = 15, .box_h = 20, .ofs_x = 1, .ofs_y = 0},
    {.bitmap_index = 13237, .adv_w = 361, .box_w = 21, .box_h = 26, .ofs_x = 4, .ofs_y = -1},
    {.bitmap_index = 13306, .adv_w = 248, .box_w = 14, .box_h = 18, .ofs_x = 1, .ofs_y = 0},
    {.bitmap_index = 13338, .adv_w = 361, .box_w = 21, .box_h = 29, .ofs_x = 4, .ofs_y = -1},
    {.bitmap_index = 13415, .adv_w = 248, .box_w = 14, .box_h = 21, .ofs_x = 1, .ofs_y = 0},
    {.bitmap_index = 13452, .adv_w = 361, .box_w = 21, .box_h = 30, .ofs_x = 4, .ofs_y = -1},
    {.bitmap_index = 13531, .adv_w = 248, .box_w = 14, .box_h = 23, .ofs_x = 1, .ofs_y = 0},
    {.bitmap_index = 13572, .adv_w = 361, .box_w = 21, .box_h = 29, .ofs_x = 4, .ofs_y = -1},
    {.bitmap_index = 13649, .adv_w = 248, .box_w = 14, .box_h = 21, .ofs_x = 1, .ofs_y = 0},
    {.bitmap_index = 13686, .adv_w = 357, .box_w = 21, .box_h = 26, .ofs_x = 3, .ofs_y = -5},
    {.bitmap_index = 13755, .adv_w = 248, .box_w = 15, .box_h = 19, .ofs_x = 1, .ofs_y = -5},
    {.bitmap_index = 13791, .adv_w = 455, .box_w = 27, .box_h = 29, .ofs_x = 4, .ofs_y = -1},
    {.bitmap_index = 13889, .adv_w = 350, .box_w = 20, .box_h = 22, .ofs_x = 2, .ofs_y = -1},
    {.bitmap_index = 13944, .adv_w = 304, .box_w = 17, .box_h = 28, .ofs_x = 4, .ofs_y = 0},
    {.bitmap_index = 14004, .adv_w = 237, .box_w = 15, .box_h = 28, .ofs_x = 0, .ofs_y = -7},
    {.bitmap_index = 14057, .adv_w = 304, .box_w = 17, .box_h = 25, .ofs_x = 4, .ofs_y = 0},
    {.bitmap_index = 14111, .adv_w = 288, .box_w = 20, .box_h = 28, .ofs_x = 0, .ofs_y = 0},
    {.bitmap_index = 14181, .adv_w = 199, .box_w = 12, .box_h = 24, .ofs_x = 0, .ofs_y = -3},
    {.bitmap_index = 14217, .adv_w = 288, .box_w = 20, .box_h = 26, .ofs_x = 0, .ofs_y = 0},
    {.bitmap_index = 14282, .adv_w = 199, .box_w = 12, .box_h = 22, .ofs_x = 0, .ofs_y = -3},
    {.bitmap_index = 14315, .adv_w = 288, .box_w = 20, .box_h = 28, .ofs_x = 0, .ofs_y = 0},
    {.bitmap_index = 14385, .adv_w = 199, .box_w = 14, .box_h = 24, .ofs_x = 0, .ofs_y = -3},
    {.bitmap_index = 14427, .adv_w = 238, .box_w = 18, .box_h = 28, .ofs_x = -2, .ofs_y = -7},
    {.bitmap_index = 14490, .adv_w = 245, .box_w = 14, .box_h = 22, .ofs_x = 1, .ofs_y = 0},
    {.bitmap_index = 14529, .adv_w = 378, .box_w = 21, .box_h = 21, .ofs_x = 3, .ofs_y = 0},
    {.bitmap_index = 14585, .adv_w = 298, .box_w = 19, .box_h = 21, .ofs_x = 0, .ofs_y = 0},
    {.bitmap_index = 14635, .adv_w = 246, .box_w = 15, .box_h = 21, .ofs_x = 1, .ofs_y = 0},
    {.bitmap_index = 14675, .adv_w = 300, .box_w = 17, .box_h = 21, .ofs_x = 0, .ofs_y = 0},
    {.bitmap_index = 14720, .adv_w = 261, .box_w = 14, .box_h = 21, .ofs_x = 2, .ofs_y = 0},
    {.bitmap_index = 14757, .adv_w = 321, .box_w = 22, .box_h = 21, .ofs_x = -1, .ofs_y = 0},
    {.bitmap_index = 14815, .adv_w = 437, .box_w = 29, .box_h = 21, .ofs_x = 1, .ofs_y = 0},
    {.bitmap_index = 14892, .adv_w = 296, .box_w = 20, .box_h = 21, .ofs_x = 1, .ofs_y = 0},
    {.bitmap_index = 14945, .adv_w = 359, .box_w = 23, .box_h = 21, .ofs_x = 0, .ofs_y = 0},
    {.bitmap_index = 15006, .adv_w = 457, .box_w = 24, .box_h = 21, .ofs_x = 4, .ofs_y = 0},
    {.bitmap_index = 15069, .adv_w = 343, .box_w = 24, .box_h = 21, .ofs_x = 0, .ofs_y = 0},
    {.bitmap_index = 15132, .adv_w = 276, .box_w = 16, .box_h = 21, .ofs_x = 1, .ofs_y = 0},
    {.bitmap_index = 15174, .adv_w = 242, .box_w = 15, .box_h = 22, .ofs_x = 0, .ofs_y = -8},
    {.bitmap_index = 15216, .adv_w = 313, .box_w = 22, .box_h = 21, .ofs_x = 0, .ofs_y = 0},
    {.bitmap_index = 15274, .adv_w = 300, .box_w = 19, .box_h = 22, .ofs_x = 1, .ofs_y = -1},
    {.bitmap_index = 15327, .adv_w = 265, .box_w = 18, .box_h = 23, .ofs_x = 0, .ofs_y = -1},
    {.bitmap_index = 15379, .adv_w = 313, .box_w = 24, .box_h = 28, .ofs_x = -2, .ofs_y = -7},
    {.bitmap_index = 15463, .adv_w = 238, .box_w = 18, .box_h = 28, .ofs_x = -2, .ofs_y = -7},
    {.bitmap_index = 15526, .adv_w = 442, .box_w = 29, .box_h = 22, .ofs_x = 1, .ofs_y = -1},
    {.bitmap_index = 15606, .adv_w = 334, .box_w = 20, .box_h = 22, .ofs_x = 3, .ofs_y = -1},
    {.bitmap_index = 15661, .adv_w = 362, .box_w = 22, .box_h = 22, .ofs_x = 1, .ofs_y = 0},
    {.bitmap_index = 15722, .adv_w = 142, .box_w = 8, .box_h = 22, .ofs_x = 1, .ofs_y = 0},
    {.bitmap_index = 15744, .adv_w = 170, .box_w = 12, .box_h = 21, .ofs_x = 0, .ofs_y = 0},
    {.bitmap_index = 15776, .adv_w = 406, .box_w = 27, .box_h = 21, .ofs_x = 0, .ofs_y = 0},
    {.bitmap_index = 15847, .adv_w = 227, .box_w = 15, .box_h = 21, .ofs_x = 0, .ofs_y = 0},
    {.bitmap_index = 15887, .adv_w = 134, .box_w = 8, .box_h = 22, .ofs_x = 1, .ofs_y = 0},
    {.bitmap_index = 15909, .adv_w = 246, .box_w = 14, .box_h = 21, .ofs_x = 0, .ofs_y = 0},
    {.bitmap_index = 15946, .adv_w = 461, .box_w = 28, .box_h = 21, .ofs_x = 3, .ofs_y = 0},
    {.bitmap_index = 16020, .adv_w = 393, .box_w = 29, .box_h = 28, .ofs_x = -2, .ofs_y = -7},
    {.bitmap_index = 16122, .adv_w = 256, .box_w = 14, .box_h = 21, .ofs_x = 0, .ofs_y = -7},
    {.bitmap_index = 16159, .adv_w = 338, .box_w = 21, .box_h = 22, .ofs_x = 1, .ofs_y = -1},
    {.bitmap_index = 16217, .adv_w = 395, .box_w = 26, .box_h = 23, .ofs_x = 1, .ofs_y = -1},
    {.bitmap_index = 16292, .adv_w = 295, .box_w = 19, .box_h = 17, .ofs_x = 1, .ofs_y = 0},
    {.bitmap_index = 16333, .adv_w = 465, .box_w = 29, .box_h = 22, .ofs_x = 1, .ofs_y = -1},
    {.bitmap_index = 16413, .adv_w = 370, .box_w = 20, .box_h = 21, .ofs_x = 1, .ofs_y = -7},
    {.bitmap_index = 16466, .adv_w = 357, .box_w = 21, .box_h = 21, .ofs_x = 3, .ofs_y = 0},
    {.bitmap_index = 16522, .adv_w = 247, .box_w = 17, .box_h = 28, .ofs_x = -2, .ofs_y = -7},
    {.bitmap_index = 16582, .adv_w = 313, .box_w = 19, .box_h = 27, .ofs_x = 0, .ofs_y = -6},
    {.bitmap_index = 16647, .adv_w = 256, .box_w = 14, .box_h = 22, .ofs_x = 2, .ofs_y = -1},
    {.bitmap_index = 16686, .adv_w = 189, .box_w = 9, .box_h = 14, .ofs_x = 2, .ofs_y = 0},
    {.bitmap_index = 16702, .adv_w = 334, .box_w = 23, .box_h = 21, .ofs_x = -1, .ofs_y = 0},
    {.bitmap_index = 16763, .adv_w = 236, .box_w = 9, .box_h = 28, .ofs_x = 4, .ofs_y = -7},
    {.bitmap_index = 16795, .adv_w = 160, .box_w = 13, .box_h = 22, .ofs_x = -2, .ofs_y = -4},
    {.bitmap_index = 16831, .adv_w = 285, .box_w = 19, .box_h = 21, .ofs_x = 1, .ofs_y = 0},
    {.bitmap_index = 16881, .adv_w = 172, .box_w = 12, .box_h = 21, .ofs_x = 2, .ofs_y = 0},
    {.bitmap_index = 16913, .adv_w = 285, .box_w = 18, .box_h = 28, .ofs_x = 2, .ofs_y = -7},
    {.bitmap_index = 16976, .adv_w = 410, .box_w = 25, .box_h = 23, .ofs_x = 3, .ofs_y = -1},
    {.bitmap_index = 17048, .adv_w = 310, .box_w = 20, .box_h = 17, .ofs_x = 1, .ofs_y = 0},
    {.bitmap_index = 17091, .adv_w = 382, .box_w = 24, .box_h = 22, .ofs_x = 1, .ofs_y = -1},
    {.bitmap_index = 17157, .adv_w = 354, .box_w = 21, .box_h = 21, .ofs_x = 2, .ofs_y = 0},
    {.bitmap_index = 17213, .adv_w = 339, .box_w = 21, .box_h = 21, .ofs_x = 3, .ofs_y = 0},
    {.bitmap_index = 17269, .adv_w = 296, .box_w = 19, .box_h = 28, .ofs_x = 0, .ofs_y = -7},
    {.bitmap_index = 17336, .adv_w = 285, .box_w = 19, .box_h = 21, .ofs_x = 0, .ofs_y = 0},
    {.bitmap_index = 17386, .adv_w = 199, .box_w = 12, .box_h = 17, .ofs_x = 0, .ofs_y = -3},
    {.bitmap_index = 17412, .adv_w = 265, .box_w = 20, .box_h = 21, .ofs_x = -1, .ofs_y = 0},
    {.bitmap_index = 17465, .adv_w = 286, .box_w = 17, .box_h = 21, .ofs_x = 1, .ofs_y = 0},
    {.bitmap_index = 17510, .adv_w = 222, .box_w = 16, .box_h = 21, .ofs_x = -1, .ofs_y = -7},
    {.bitmap_index = 17552, .adv_w = 213, .box_w = 16, .box_h = 21, .ofs_x = -1, .ofs_y = -7},
    {.bitmap_index = 17594, .adv_w = 256, .box_w = 16, .box_h = 21, .ofs_x = 1, .ofs_y = 0},
    {.bitmap_index = 17636, .adv_w = 315, .box_w = 20, .box_h = 21, .ofs_x = 0, .ofs_y = 0},
    {.bitmap_index = 17689, .adv_w = 225, .box_w = 15, .box_h = 21, .ofs_x = -1, .ofs_y = -7},
    {.bitmap_index = 17729, .adv_w = 199, .box_w = 9, .box_h = 18, .ofs_x = 1, .ofs_y = 0},
    {.bitmap_index = 17750, .adv_w = 242, .box_w = 17, .box_h = 21, .ofs_x = -2, .ofs_y = -7},
    {.bitmap_index = 17795, .adv_w = 120, .box_w = 7, .box_h = 23, .ofs_x = 2, .ofs_y = 0},
    {.bitmap_index = 17816, .adv_w = 184, .box_w = 11, .box_h = 23, .ofs_x = 2, .ofs_y = 0},
    {.bitmap_index = 17848, .adv_w = 307, .box_w = 18, .box_h = 24, .ofs_x = 2, .ofs_y = -1},
    {.bitmap_index = 17902, .adv_w = 170, .box_w = 9, .box_h = 21, .ofs_x = 1, .ofs_y = 0},
    {.bitmap_index = 17926, .adv_w = 649, .box_w = 42, .box_h = 28, .ofs_x = 0, .ofs_y = 0},
    {.bitmap_index = 18073, .adv_w = 559, .box_w = 36, .box_h = 24, .ofs_x = 0, .ofs_y = -3},
    {.bitmap_index = 18181, .adv_w = 445, .box_w = 28, .box_h = 23, .ofs_x = 1, .ofs_y = -2},
    {.bitmap_index = 18262, .adv_w = 512, .box_w = 34, .box_h = 22, .ofs_x = 0, .ofs_y = -1},
    {.bitmap_index = 18356, .adv_w = 422, .box_w = 26, .box_h = 28, .ofs_x = 0, .ofs_y = -7},
    {.bitmap_index = 18447, .adv_w = 259, .box_w = 15, .box_h = 29, .ofs_x = 1, .ofs_y = -7},
    {.bitmap_index = 18502, .adv_w = 529, .box_w = 35, .box_h = 22, .ofs_x = 0, .ofs_y = -1},
    {.bitmap_index = 18599, .adv_w = 458, .box_w = 29, .box_h = 28, .ofs_x = 0, .ofs_y = -7},
    {.bitmap_index = 18701, .adv_w = 383, .box_w = 24, .box_h = 28, .ofs_x = 0, .ofs_y = -7},
    {.bitmap_index = 18785, .adv_w = 333, .box_w = 20, .box_h = 29, .ofs_x = 0, .ofs_y = 0},
    {.bitmap_index = 18858, .adv_w = 255, .box_w = 15, .box_h = 21, .ofs_x = 1, .ofs_y = 0},
    {.bitmap_index = 18898, .adv_w = 165, .box_w = 15, .box_h = 28, .ofs_x = 0, .ofs_y = 0},
    {.bitmap_index = 18951, .adv_w = 142, .box_w = 11, .box_h = 21, .ofs_x = 2, .ofs_y = 0},
    {.bitmap_index = 18980, .adv_w = 336, .box_w = 21, .box_h = 29, .ofs_x = 1, .ofs_y = -1},
    {.bitmap_index = 19057, .adv_w = 242, .box_w = 16, .box_h = 21, .ofs_x = 1, .ofs_y = 0},
    {.bitmap_index = 19099, .adv_w = 361, .box_w = 21, .box_h = 29, .ofs_x = 4, .ofs_y = -1},
    {.bitmap_index = 19176, .adv_w = 248, .box_w = 15, .box_h = 21, .ofs_x = 1, .ofs_y = 0},
    {.bitmap_index = 19216, .adv_w = 361, .box_w = 21, .box_h = 29, .ofs_x = 4, .ofs_y = -1},
    {.bitmap_index = 19293, .adv_w = 248, .box_w = 16, .box_h = 23, .ofs_x = 1, .ofs_y = 0},
    {.bitmap_index = 19339, .adv_w = 357, .box_w = 22, .box_h = 30, .ofs_x = 2, .ofs_y = -1},
    {.bitmap_index = 19422, .adv_w = 248, .box_w = 15, .box_h = 26, .ofs_x = 1, .ofs_y = 0},
    {.bitmap_index = 19471, .adv_w = 357, .box_w = 22, .box_h = 30, .ofs_x = 2, .ofs_y = -1},
    {.bitmap_index = 19554, .adv_w = 248, .box_w = 16, .box_h = 27, .ofs_x = 1, .ofs_y = 0},
    {.bitmap_index = 19608, .adv_w = 357, .box_w = 22, .box_h = 30, .ofs_x = 2, .ofs_y = -1},
    {.bitmap_index = 19691, .adv_w = 248, .box_w = 14, .box_h = 25, .ofs_x = 1, .ofs_y = 0},
    {.bitmap_index = 19735, .adv_w = 208, .box_w = 12, .box_h = 14, .ofs_x = 1, .ofs_y = 0},
    {.bitmap_index = 19756, .adv_w = 333, .box_w = 20, .box_h = 28, .ofs_x = 0, .ofs_y = 0},
    {.bitmap_index = 19826, .adv_w = 255, .box_w = 16, .box_h = 23, .ofs_x = 1, .ofs_y = 0},
    {.bitmap_index = 19872, .adv_w = 333, .box_w = 20, .box_h = 28, .ofs_x = 0, .ofs_y = 0},
    {.bitmap_index = 19942, .adv_w = 255, .box_w = 15, .box_h = 23, .ofs_x = 1, .ofs_y = 0},
    {.bitmap_index = 19986, .adv_w = 449, .box_w = 30, .box_h = 25, .ofs_x = 0, .ofs_y = 0},
    {.bitmap_index = 20080, .adv_w = 325, .box_w = 19, .box_h = 18, .ofs_x = 1, .ofs_y = 0},
    {.bitmap_index = 20123, .adv_w = 365, .box_w = 22, .box_h = 22, .ofs_x = 1, .ofs_y = -1},
    {.bitmap_index = 20184, .adv_w = 251, .box_w = 16, .box_h = 21, .ofs_x = -1, .ofs_y = -7},
    {.bitmap_index = 20226, .adv_w = 353, .box_w = 22, .box_h = 29, .ofs_x = 1, .ofs_y = -1},
    {.bitmap_index = 20306, .adv_w = 225, .box_w = 16, .box_h = 28, .ofs_x = -1, .ofs_y = -7},
    {.bitmap_index = 20362, .adv_w = 328, .box_w = 23, .box_h = 28, .ofs_x = 0, .ofs_y = 0},
    {.bitmap_index = 20443, .adv_w = 232, .box_w = 17, .box_h = 28, .ofs_x = 1, .ofs_y = 0},
    {.bitmap_index = 20503, .adv_w = 343, .box_w = 20, .box_h = 28, .ofs_x = 2, .ofs_y = -7},
    {.bitmap_index = 20573, .adv_w = 242, .box_w = 14, .box_h = 21, .ofs_x = 1, .ofs_y = -7},
    {.bitmap_index = 20610, .adv_w = 343, .box_w = 20, .box_h = 31, .ofs_x = 2, .ofs_y = -7},
    {.bitmap_index = 20688, .adv_w = 242, .box_w = 15, .box_h = 24, .ofs_x = 1, .ofs_y = -7},
    {.bitmap_index = 20733, .adv_w = 265, .box_w = 20, .box_h = 29, .ofs_x = -1, .ofs_y = 0},
    {.bitmap_index = 20806, .adv_w = 228, .box_w = 16, .box_h = 28, .ofs_x = -2, .ofs_y = -7},
    {.bitmap_index = 20862, .adv_w = 142, .box_w = 16, .box_h = 29, .ofs_x = -4, .ofs_y = -7},
    {.bitmap_index = 20920, .adv_w = 644, .box_w = 42, .box_h = 21, .ofs_x = 0, .ofs_y = 0},
    {.bitmap_index = 21031, .adv_w = 559, .box_w = 35, .box_h = 24, .ofs_x = 0, .ofs_y = -3},
    {.bitmap_index = 21136, .adv_w = 440, .box_w = 26, .box_h = 24, .ofs_x = 1, .ofs_y = -2},
    {.bitmap_index = 21214, .adv_w = 353, .box_w = 22, .box_h = 29, .ofs_x = 1, .ofs_y = -1},
    {.bitmap_index = 21294, .adv_w = 225, .box_w = 15, .box_h = 28, .ofs_x = -1, .ofs_y = -7},
    {.bitmap_index = 21347, .adv_w = 479, .box_w = 30, .box_h = 21, .ofs_x = 0, .ofs_y = 0},
    {.bitmap_index = 21426, .adv_w = 275, .box_w = 19, .box_h = 21, .ofs_x = 0, .ofs_y = 0},
    {.bitmap_index = 21476, .adv_w = 347, .box_w = 24, .box_h = 29, .ofs_x = 0, .ofs_y = 0},
    {.bitmap_index = 21563, .adv_w = 252, .box_w = 15, .box_h = 21, .ofs_x = 0, .ofs_y = 0},
    {.bitmap_index = 21603, .adv_w = 313, .box_w = 22, .box_h = 29, .ofs_x = -1, .ofs_y = 0},
    {.bitmap_index = 21683, .adv_w = 255, .box_w = 15, .box_h = 29, .ofs_x = 1, .ofs_y = 0},
    {.bitmap_index = 21738, .adv_w = 449, .box_w = 30, .box_h = 28, .ofs_x = 0, .ofs_y = 0},
    {.bitmap_index = 21843, .adv_w = 325, .box_w = 19, .box_h = 21, .ofs_x = 1, .ofs_y = 0},
    {.bitmap_index = 21893, .adv_w = 336, .box_w = 21, .box_h = 32, .ofs_x = 1, .ofs_y = -3},
    {.bitmap_index = 21977, .adv_w = 243, .box_w = 14, .box_h = 29, .ofs_x = 1, .ofs_y = -4},
    {.bitmap_index = 22028, .adv_w = 333, .box_w = 20, .box_h = 27, .ofs_x = 0, .ofs_y = 0},
    {.bitmap_index = 22096, .adv_w = 255, .box_w = 14, .box_h = 21, .ofs_x = 1, .ofs_y = 0},
    {.bitmap_index = 22133, .adv_w = 333, .box_w = 20, .box_h = 27, .ofs_x = 0, .ofs_y = 0},
    {.bitmap_index = 22201, .adv_w = 255, .box_w = 14, .box_h = 21, .ofs_x = 1, .ofs_y = 0},
    {.bitmap_index = 22238, .adv_w = 294, .box_w = 20, .box_h = 27, .ofs_x = 0, .ofs_y = 0},
    {.bitmap_index = 22306, .adv_w = 208, .box_w = 13, .box_h = 21, .ofs_x = 1, .ofs_y = 0},
    {.bitmap_index = 22341, .adv_w = 294, .box_w = 20, .box_h = 27, .ofs_x = 0, .ofs_y = 0},
    {.bitmap_index = 22409, .adv_w = 208, .box_w = 14, .box_h = 21, .ofs_x = 1, .ofs_y = 0},
    {.bitmap_index = 22446, .adv_w = 165, .box_w = 13, .box_h = 27, .ofs_x = 0, .ofs_y = 0},
    {.bitmap_index = 22490, .adv_w = 142, .box_w = 10, .box_h = 21, .ofs_x = 0, .ofs_y = 0},
    {.bitmap_index = 22517, .adv_w = 165, .box_w = 14, .box_h = 27, .ofs_x = 0, .ofs_y = 0},
    {.bitmap_index = 22565, .adv_w = 142, .box_w = 9, .box_h = 21, .ofs_x = 2, .ofs_y = 0},
    {.bitmap_index = 22589, .adv_w = 336, .box_w = 21, .box_h = 28, .ofs_x = 1, .ofs_y = -1},
    {.bitmap_index = 22663, .adv_w = 242, .box_w = 14, .box_h = 21, .ofs_x = 1, .ofs_y = 0},
    {.bitmap_index = 22700, .adv_w = 336, .box_w = 21, .box_h = 28, .ofs_x = 1, .ofs_y = -1},
    {.bitmap_index = 22774, .adv_w = 242, .box_w = 14, .box_h = 21, .ofs_x = 1, .ofs_y = 0},
    {.bitmap_index = 22811, .adv_w = 315, .box_w = 19, .box_h = 27, .ofs_x = 0, .ofs_y = 0},
    {.bitmap_index = 22876, .adv_w = 187, .box_w = 11, .box_h = 21, .ofs_x = 1, .ofs_y = 0},
    {.bitmap_index = 22905, .adv_w = 315, .box_w = 19, .box_h = 27, .ofs_x = 0, .ofs_y = 0},
    {.bitmap_index = 22970, .adv_w = 187, .box_w = 12, .box_h = 21, .ofs_x = 1, .ofs_y = 0},
    {.bitmap_index = 23002, .adv_w = 361, .box_w = 21, .box_h = 28, .ofs_x = 4, .ofs_y = -1},
    {.bitmap_index = 23076, .adv_w = 248, .box_w = 14, .box_h = 21, .ofs_x = 1, .ofs_y = 0},
    {.bitmap_index = 23113, .adv_w = 361, .box_w = 21, .box_h = 28, .ofs_x = 4, .ofs_y = -1},
    {.bitmap_index = 23187, .adv_w = 248, .box_w = 14, .box_h = 21, .ofs_x = 1, .ofs_y = 0},
    {.bitmap_index = 23224, .adv_w = 232, .box_w = 16, .box_h = 30, .ofs_x = 0, .ofs_y = -9},
    {.bitmap_index = 23284, .adv_w = 177, .box_w = 11, .box_h = 23, .ofs_x = 0, .ofs_y = -9},
    {.bitmap_index = 23316, .adv_w = 302, .box_w = 18, .box_h = 30, .ofs_x = 3, .ofs_y = -9},
    {.bitmap_index = 23384, .adv_w = 122, .box_w = 10, .box_h = 27, .ofs_x = -1, .ofs_y = -9},
    {.bitmap_index = 23418, .adv_w = 222, .box_w = 13, .box_h = 21, .ofs_x = 1, .ofs_y = 0},
    {.bitmap_index = 23453, .adv_w = 238, .box_w = 13, .box_h = 20, .ofs_x = 0, .ofs_y = -6},
    {.bitmap_index = 23486, .adv_w = 361, .box_w = 25, .box_h = 28, .ofs_x = 0, .ofs_y = 0},
    {.bitmap_index = 23574, .adv_w = 255, .box_w = 18, .box_h = 28, .ofs_x = 1, .ofs_y = 0},
    {.bitmap_index = 23637, .adv_w = 357, .box_w = 21, .box_h = 29, .ofs_x = 0, .ofs_y = -7},
    {.bitmap_index = 23714, .adv_w = 286, .box_w = 16, .box_h = 29, .ofs_x = 1, .ofs_y = -7},
    {.bitmap_index = 23772, .adv_w = 276, .box_w = 18, .box_h = 22, .ofs_x = 1, .ofs_y = -1},
    {.bitmap_index = 23822, .adv_w = 260, .box_w = 18, .box_h = 22, .ofs_x = 1, .ofs_y = 0},
    {.bitmap_index = 23872, .adv_w = 303, .box_w = 20, .box_h = 28, .ofs_x = 0, .ofs_y = -7},
    {.bitmap_index = 23942, .adv_w = 207, .box_w = 12, .box_h = 21, .ofs_x = 0, .ofs_y = -7},
    {.bitmap_index = 23974, .adv_w = 333, .box_w = 20, .box_h = 25, .ofs_x = 0, .ofs_y = 0},
    {.bitmap_index = 24037, .adv_w = 255, .box_w = 14, .box_h = 19, .ofs_x = 1, .ofs_y = 0},
    {.bitmap_index = 24071, .adv_w = 295, .box_w = 20, .box_h = 28, .ofs_x = 0, .ofs_y = -7},
    {.bitmap_index = 24141, .adv_w = 208, .box_w = 13, .box_h = 21, .ofs_x = 0, .ofs_y = -7},
    {.bitmap_index = 24176, .adv_w = 336, .box_w = 21, .box_h = 29, .ofs_x = 1, .ofs_y = -1},
    {.bitmap_index = 24253, .adv_w = 242, .box_w = 16, .box_h = 23, .ofs_x = 1, .ofs_y = 0},
    {.bitmap_index = 24299, .adv_w = 336, .box_w = 21, .box_h = 29, .ofs_x = 1, .ofs_y = -1},
    {.bitmap_index = 24376, .adv_w = 242, .box_w = 16, .box_h = 23, .ofs_x = 1, .ofs_y = 0},
    {.bitmap_index = 24422, .adv_w = 336, .box_w = 21, .box_h = 27, .ofs_x = 1, .ofs_y = -1},
    {.bitmap_index = 24493, .adv_w = 242, .box_w = 14, .box_h = 19, .ofs_x = 1, .ofs_y = 0},
    {.bitmap_index = 24527, .adv_w = 336, .box_w = 21, .box_h = 29, .ofs_x = 1, .ofs_y = -1},
    {.bitmap_index = 24604, .adv_w = 242, .box_w = 16, .box_h = 23, .ofs_x = 1, .ofs_y = 0},
    {.bitmap_index = 24650, .adv_w = 304, .box_w = 17, .box_h = 25, .ofs_x = 4, .ofs_y = 0},
    {.bitmap_index = 24704, .adv_w = 237, .box_w = 15, .box_h = 25, .ofs_x = 0, .ofs_y = -7},
    {.bitmap_index = 24751, .adv_w = 171, .box_w = 12, .box_h = 31, .ofs_x = -3, .ofs_y = -9},
    {.bitmap_index = 24798, .adv_w = 270, .box_w = 16, .box_h = 21, .ofs_x = 0, .ofs_y = -7},
    {.bitmap_index = 24840, .adv_w = 193, .box_w = 13, .box_h = 27, .ofs_x = -2, .ofs_y = -9},
    {.bitmap_index = 24884, .adv_w = 142, .box_w = 12, .box_h = 21, .ofs_x = -4, .ofs_y = -7},
    {.bitmap_index = 24916, .adv_w = 399, .box_w = 23, .box_h = 22, .ofs_x = 1, .ofs_y = 0},
    {.bitmap_index = 24980, .adv_w = 393, .box_w = 23, .box_h = 22, .ofs_x = 1, .ofs_y = -7},
    {.bitmap_index = 25044, .adv_w = 333, .box_w = 22, .box_h = 26, .ofs_x = -1, .ofs_y = -3},
    {.bitmap_index = 25116, .adv_w = 313, .box_w = 21, .box_h = 26, .ofs_x = 0, .ofs_y = -3},
    {.bitmap_index = 25185, .adv_w = 208, .box_w = 16, .box_h = 18, .ofs_x = -1, .ofs_y = -2},
    {.bitmap_index = 25221, .adv_w = 289, .box_w = 18, .box_h = 21, .ofs_x = 0, .ofs_y = 0},
    {.bitmap_index = 25269, .adv_w = 285, .box_w = 22, .box_h = 25, .ofs_x = -1, .ofs_y = -2},
    {.bitmap_index = 25338, .adv_w = 179, .box_w = 11, .box_h = 21, .ofs_x = 0, .ofs_y = -7},
    {.bitmap_index = 25367, .adv_w = 212, .box_w = 15, .box_h = 21, .ofs_x = 0, .ofs_y = -7},
    {.bitmap_index = 25407, .adv_w = 223, .box_w = 12, .box_h = 21, .ofs_x = 3, .ofs_y = 0},
    {.bitmap_index = 25439, .adv_w = 227, .box_w = 12, .box_h = 15, .ofs_x = 2, .ofs_y = 0},
    {.bitmap_index = 25462, .adv_w = 301, .box_w = 19, .box_h = 21, .ofs_x = 0, .ofs_y = 0},
    {.bitmap_index = 25512, .adv_w = 370, .box_w = 22, .box_h = 22, .ofs_x = 2, .ofs_y = -1},
    {.bitmap_index = 25573, .adv_w = 336, .box_w = 19, .box_h = 21, .ofs_x = 0, .ofs_y = 0},
    {.bitmap_index = 25623, .adv_w = 309, .box_w = 20, .box_h = 26, .ofs_x = 0, .ofs_y = -3},
    {.bitmap_index = 25688, .adv_w = 208, .box_w = 14, .box_h = 19, .ofs_x = -1, .ofs_y = -2},
    {.bitmap_index = 25722, .adv_w = 227, .box_w = 16, .box_h = 22, .ofs_x = 0, .ofs_y = -1},
    {.bitmap_index = 25766, .adv_w = 178, .box_w = 13, .box_h = 28, .ofs_x = -2, .ofs_y = -7},
    {.bitmap_index = 25812, .adv_w = 372, .box_w = 22, .box_h = 28, .ofs_x = 1, .ofs_y = -7},
    {.bitmap_index = 25889, .adv_w = 282, .box_w = 16, .box_h = 22, .ofs_x = 1, .ofs_y = -7},
    {.bitmap_index = 25933, .adv_w = 315, .box_w = 19, .box_h = 21, .ofs_x = 0, .ofs_y = 0},
    {.bitmap_index = 25983, .adv_w = 170, .box_w = 12, .box_h = 14, .ofs_x = 1, .ofs_y = 0},
    {.bitmap_index = 26004, .adv_w = 285, .box_w = 18, .box_h = 21, .ofs_x = 3, .ofs_y = 0},
    {.bitmap_index = 26052, .adv_w = 241, .box_w = 16, .box_h = 21, .ofs_x = 0, .ofs_y = -7},
    {.bitmap_index = 26094, .adv_w = 264, .box_w = 15, .box_h = 14, .ofs_x = 2, .ofs_y = 0},
    {.bitmap_index = 26121, .adv_w = 289, .box_w = 17, .box_h = 14, .ofs_x = 1, .ofs_y = 0},
    {.bitmap_index = 26151, .adv_w = 289, .box_w = 17, .box_h = 14, .ofs_x = 1, .ofs_y = 0},
    {.bitmap_index = 26181, .adv_w = 256, .box_w = 14, .box_h = 21, .ofs_x = 1, .ofs_y = 0},
    {.bitmap_index = 26218, .adv_w = 206, .box_w = 13, .box_h = 14, .ofs_x = 0, .ofs_y = 0},
    {.bitmap_index = 26241, .adv_w = 208, .box_w = 12, .box_h = 17, .ofs_x = 1, .ofs_y = -3},
    {.bitmap_index = 26267, .adv_w = 268, .box_w = 16, .box_h = 29, .ofs_x = 1, .ofs_y = -7},
    {.bitmap_index = 26325, .adv_w = 331, .box_w = 22, .box_h = 21, .ofs_x = 0, .ofs_y = 0},
    {.bitmap_index = 26383, .adv_w = 208, .box_w = 12, .box_h = 14, .ofs_x = 0, .ofs_y = 0},
    {.bitmap_index = 26404, .adv_w = 208, .box_w = 12, .box_h = 14, .ofs_x = 1, .ofs_y = 0},
    {.bitmap_index = 26425, .adv_w = 370, .box_w = 23, .box_h = 18, .ofs_x = 1, .ofs_y = 0},
    {.bitmap_index = 26477, .adv_w = 221, .box_w = 13, .box_h = 14, .ofs_x = 0, .ofs_y = 0},
    {.bitmap_index = 26500, .adv_w = 223, .box_w = 14, .box_h = 14, .ofs_x = 0, .ofs_y = 0},
    {.bitmap_index = 26525, .adv_w = 340, .box_w = 22, .box_h = 18, .ofs_x = 0, .ofs_y = 0},
    {.bitmap_index = 26575, .adv_w = 237, .box_w = 14, .box_h = 14, .ofs_x = 0, .ofs_y = 0},
    {.bitmap_index = 26600, .adv_w = 181, .box_w = 11, .box_h = 21, .ofs_x = -2, .ofs_y = -7},
    {.bitmap_index = 26629, .adv_w = 333, .box_w = 22, .box_h = 28, .ofs_x = 0, .ofs_y = -7},
    {.bitmap_index = 26706, .adv_w = 246, .box_w = 16, .box_h = 21, .ofs_x = -1, .ofs_y = -7},
    {.bitmap_index = 26748, .adv_w = 247, .box_w = 14, .box_h = 14, .ofs_x = 1, .ofs_y = 0},
    {.bitmap_index = 26773, .adv_w = 251, .box_w = 17, .box_h = 21, .ofs_x = 1, .ofs_y = -7},
    {.bitmap_index = 26818, .adv_w = 308, .box_w = 17, .box_h = 14, .ofs_x = 2, .ofs_y = 0},
    {.bitmap_index = 26848, .adv_w = 255, .box_w = 15, .box_h = 22, .ofs_x = 2, .ofs_y = -8},
    {.bitmap_index = 26890, .adv_w = 254, .box_w = 14, .box_h = 21, .ofs_x = 1, .ofs_y = 0},
    {.bitmap_index = 26927, .adv_w = 248, .box_w = 13, .box_h = 28, .ofs_x = 1, .ofs_y = -7},
    {.bitmap_index = 26973, .adv_w = 142, .box_w = 8, .box_h = 21, .ofs_x = 1, .ofs_y = 0},
    {.bitmap_index = 26994, .adv_w = 142, .box_w = 6, .box_h = 14, .ofs_x = 2, .ofs_y = 0},
    {.bitmap_index = 27005, .adv_w = 142, .box_w = 9, .box_h = 14, .ofs_x = 0, .ofs_y = 0},
    {.bitmap_index = 27021, .adv_w = 194, .box_w = 12, .box_h = 22, .ofs_x = 1, .ofs_y = 0},
    {.bitmap_index = 27054, .adv_w = 193, .box_w = 9, .box_h = 22, .ofs_x = 2, .ofs_y = 0},
    {.bitmap_index = 27079, .adv_w = 186, .box_w = 8, .box_h = 29, .ofs_x = 1, .ofs_y = -7},
    {.bitmap_index = 27108, .adv_w = 315, .box_w = 16, .box_h = 28, .ofs_x = 3, .ofs_y = -7},
    {.bitmap_index = 27164, .adv_w = 390, .box_w = 22, .box_h = 14, .ofs_x = 2, .ofs_y = 0},
    {.bitmap_index = 27203, .adv_w = 392, .box_w = 22, .box_h = 19, .ofs_x = 2, .ofs_y = -5},
    {.bitmap_index = 27256, .adv_w = 393, .box_w = 21, .box_h = 21, .ofs_x = 2, .ofs_y = -7},
    {.bitmap_index = 27312, .adv_w = 302, .box_w = 20, .box_h = 21, .ofs_x = -2, .ofs_y = -7},
    {.bitmap_index = 27365, .adv_w = 291, .box_w = 16, .box_h = 21, .ofs_x = 0, .ofs_y = -7},
    {.bitmap_index = 27407, .adv_w = 271, .box_w = 19, .box_h = 14, .ofs_x = 0, .ofs_y = 0},
    {.bitmap_index = 27441, .adv_w = 256, .box_w = 14, .box_h = 14, .ofs_x = 1, .ofs_y = 0},
    {.bitmap_index = 27466, .adv_w = 342, .box_w = 20, .box_h = 14, .ofs_x = 1, .ofs_y = 0},
    {.bitmap_index = 27501, .adv_w = 358, .box_w = 20, .box_h = 14, .ofs_x = 1, .ofs_y = 0},
    {.bitmap_index = 27536, .adv_w = 324, .box_w = 18, .box_h = 28, .ofs_x = 1, .ofs_y = -7},
    {.bitmap_index = 27599, .adv_w = 187, .box_w = 12, .box_h = 14, .ofs_x = 0, .ofs_y = 0},
    {.bitmap_index = 27620, .adv_w = 199, .box_w = 14, .box_h = 21, .ofs_x = 0, .ofs_y = 0},
    {.bitmap_index = 27657, .adv_w = 227, .box_w = 13, .box_h = 21, .ofs_x = 0, .ofs_y = -7},
    {.bitmap_index = 27692, .adv_w = 199, .box_w = 13, .box_h = 21, .ofs_x = 0, .ofs_y = -7},
    {.bitmap_index = 27727, .adv_w = 201, .box_w = 12, .box_h = 21, .ofs_x = 1, .ofs_y = -7},
    {.bitmap_index = 27759, .adv_w = 212, .box_w = 14, .box_h = 14, .ofs_x = 0, .ofs_y = 0},
    {.bitmap_index = 27784, .adv_w = 196, .box_w = 9, .box_h = 21, .ofs_x = 1, .ofs_y = -7},
    {.bitmap_index = 27808, .adv_w = 222, .box_w = 13, .box_h = 14, .ofs_x = 0, .ofs_y = 0},
    {.bitmap_index = 27831, .adv_w = 233, .box_w = 16, .box_h = 14, .ofs_x = 0, .ofs_y = 0},
    {.bitmap_index = 27859, .adv_w = 181, .box_w = 12, .box_h = 21, .ofs_x = 0, .ofs_y = -7},
    {.bitmap_index = 27891, .adv_w = 238, .box_w = 18, .box_h = 28, .ofs_x = -2, .ofs_y = -7},
    {.bitmap_index = 27954, .adv_w = 274, .box_w = 20, .box_h = 28, .ofs_x = -2, .ofs_y = -7},
    {.bitmap_index = 28024, .adv_w = 254, .box_w = 11, .box_h = 22, .ofs_x = 3, .ofs_y = -7},
    {.bitmap_index = 28055, .adv_w = 300, .box_w = 21, .box_h = 30, .ofs_x = -1, .ofs_y = -9},
    {.bitmap_index = 28134, .adv_w = 122, .box_w = 8, .box_h = 18, .ofs_x = 2, .ofs_y = 0},
    {.bitmap_index = 28152, .adv_w = 142, .box_w = 10, .box_h = 24, .ofs_x = -1, .ofs_y = -7},
    {.bitmap_index = 28182, .adv_w = 261, .box_w = 15, .box_h = 14, .ofs_x = 1, .ofs_y = 0},
    {.bitmap_index = 28209, .adv_w = 281, .box_w = 16, .box_h = 15, .ofs_x = 1, .ofs_y = -1},
    {.bitmap_index = 28239, .adv_w = 238, .box_w = 14, .box_h = 15, .ofs_x = 1, .ofs_y = -1},
    {.bitmap_index = 28266, .adv_w = 233, .box_w = 13, .box_h = 15, .ofs_x = 0, .ofs_y = -1},
    {.bitmap_index = 28291, .adv_w = 350, .box_w = 21, .box_h = 15, .ofs_x = -1, .ofs_y = -1},
    {.bitmap_index = 28331, .adv_w = 224, .box_w = 15, .box_h = 21, .ofs_x = -1, .ofs_y = -1},
    {.bitmap_index = 28371, .adv_w = 251, .box_w = 15, .box_h = 14, .ofs_x = 3, .ofs_y = 0},
    {.bitmap_index = 28398, .adv_w = 261, .box_w = 16, .box_h = 21, .ofs_x = 0, .ofs_y = -7},
    {.bitmap_index = 28440, .adv_w = 252, .box_w = 13, .box_h = 18, .ofs_x = 0, .ofs_y = -4},
    {.bitmap_index = 28470, .adv_w = 228, .box_w = 14, .box_h = 21, .ofs_x = -2, .ofs_y = -7},
    {.bitmap_index = 28507, .adv_w = 245, .box_w = 12, .box_h = 23, .ofs_x = 1, .ofs_y = -9},
    {.bitmap_index = 28542, .adv_w = 223, .box_w = 12, .box_h = 21, .ofs_x = 3, .ofs_y = 0},
    {.bitmap_index = 28574, .adv_w = 224, .box_w = 13, .box_h = 21, .ofs_x = 3, .ofs_y = 0},
    {.bitmap_index = 28609, .adv_w = 224, .box_w = 14, .box_h = 21, .ofs_x = 0, .ofs_y = 0},
    {.bitmap_index = 28646, .adv_w = 232, .box_w = 16, .box_h = 26, .ofs_x = 1, .ofs_y = -5},
    {.bitmap_index = 28698, .adv_w = 336, .box_w = 21, .box_h = 22, .ofs_x = 1, .ofs_y = -1},
    {.bitmap_index = 28756, .adv_w = 206, .box_w = 13, .box_h = 14, .ofs_x = 0, .ofs_y = 0},
    {.bitmap_index = 28779, .adv_w = 237, .box_w = 14, .box_h = 14, .ofs_x = 0, .ofs_y = 0},
    {.bitmap_index = 28804, .adv_w = 356, .box_w = 22, .box_h = 21, .ofs_x = 1, .ofs_y = 0},
    {.bitmap_index = 28862, .adv_w = 244, .box_w = 16, .box_h = 14, .ofs_x = 0, .ofs_y = 0},
    {.bitmap_index = 28890, .adv_w = 157, .box_w = 13, .box_h = 28, .ofs_x = -2, .ofs_y = -7},
    {.bitmap_index = 28936, .adv_w = 232, .box_w = 14, .box_h = 22, .ofs_x = 1, .ofs_y = -8},
    {.bitmap_index = 28975, .adv_w = 196, .box_w = 12, .box_h = 14, .ofs_x = 0, .ofs_y = 0},
    {.bitmap_index = 28996, .adv_w = 334, .box_w = 22, .box_h = 28, .ofs_x = 0, .ofs_y = -7},
    {.bitmap_index = 29073, .adv_w = 212, .box_w = 14, .box_h = 21, .ofs_x = 1, .ofs_y = 0},
    {.bitmap_index = 29110, .adv_w = 207, .box_w = 13, .box_h = 21, .ofs_x = 3, .ofs_y = 0},
    {.bitmap_index = 29145, .adv_w = 381, .box_w = 23, .box_h = 24, .ofs_x = 0, .ofs_y = -2},
    {.bitmap_index = 29214, .adv_w = 390, .box_w = 23, .box_h = 28, .ofs_x = 0, .ofs_y = -7},
    {.bitmap_index = 29295, .adv_w = 409, .box_w = 24, .box_h = 26, .ofs_x = 0, .ofs_y = -4},
    {.bitmap_index = 29373, .adv_w = 282, .box_w = 17, .box_h = 18, .ofs_x = 1, .ofs_y = 0},
    {.bitmap_index = 29412, .adv_w = 278, .box_w = 19, .box_h = 28, .ofs_x = 1, .ofs_y = -7},
    {.bitmap_index = 29479, .adv_w = 330, .box_w = 19, .box_h = 21, .ofs_x = 1, .ofs_y = -3},
    {.bitmap_index = 29529, .adv_w = 387, .box_w = 26, .box_h = 28, .ofs_x = -2, .ofs_y = -7},
    {.bitmap_index = 29620, .adv_w = 259, .box_w = 15, .box_h = 22, .ofs_x = 1, .ofs_y = 0},
    {.bitmap_index = 29662, .adv_w = 246, .box_w = 14, .box_h = 24, .ofs_x = 1, .ofs_y = -2},
    {.bitmap_index = 29704, .adv_w = 256, .box_w = 16, .box_h = 21, .ofs_x = 3, .ofs_y = 0},
    {.bitmap_index = 29746, .adv_w = 256, .box_w = 17, .box_h = 18, .ofs_x = 2, .ofs_y = 3},
    {.bitmap_index = 29785, .adv_w = 313, .box_w = 19, .box_h = 22, .ofs_x = 3, .ofs_y = -7},
    {.bitmap_index = 29838, .adv_w = 367, .box_w = 19, .box_h = 22, .ofs_x = 3, .ofs_y = -7},
    {.bitmap_index = 29891, .adv_w = 169, .box_w = 10, .box_h = 14, .ofs_x = 2, .ofs_y = 13},
    {.bitmap_index = 29909, .adv_w = 169, .box_w = 10, .box_h = 13, .ofs_x = 2, .ofs_y = 13},
    {.bitmap_index = 29926, .adv_w = 91, .box_w = 8, .box_h = 17, .ofs_x = 2, .ofs_y = 9},
    {.bitmap_index = 29943, .adv_w = 127, .box_w = 8, .box_h = 9, .ofs_x = 3, .ofs_y = 13},
    {.bitmap_index = 29952, .adv_w = 127, .box_w = 8, .box_h = 9, .ofs_x = 3, .ofs_y = 13},
    {.bitmap_index = 29961, .adv_w = 158, .box_w = 8, .box_h = 13, .ofs_x = 3, .ofs_y = 9},
    {.bitmap_index = 29974, .adv_w = 157, .box_w = 10, .box_h = 9, .ofs_x = 3, .ofs_y = 13},
    {.bitmap_index = 29986, .adv_w = 207, .box_w = 12, .box_h = 9, .ofs_x = 4, .ofs_y = 13},
    {.bitmap_index = 30000, .adv_w = 133, .box_w = 9, .box_h = 13, .ofs_x = 3, .ofs_y = 9},
    {.bitmap_index = 30015, .adv_w = 128, .box_w = 8, .box_h = 9, .ofs_x = 4, .ofs_y = 15},
    {.bitmap_index = 30024, .adv_w = 205, .box_w = 14, .box_h = 9, .ofs_x = 3, .ofs_y = 15},
    {.bitmap_index = 30040, .adv_w = 102, .box_w = 5, .box_h = 7, .ofs_x = 5, .ofs_y = 16},
    {.bitmap_index = 30045, .adv_w = 102, .box_w = 5, .box_h = 7, .ofs_x = 4, .ofs_y = 14},
    {.bitmap_index = 30050, .adv_w = 102, .box_w = 4, .box_h = 7, .ofs_x = 5, .ofs_y = 14},
    {.bitmap_index = 30054, .adv_w = 128, .box_w = 4, .box_h = 6, .ofs_x = 8, .ofs_y = 16},
    {.bitmap_index = 30057, .adv_w = 128, .box_w = 4, .box_h = 6, .ofs_x = 7, .ofs_y = 16},
    {.bitmap_index = 30060, .adv_w = 128, .box_w = 6, .box_h = 12, .ofs_x = 5, .ofs_y = 10},
    {.bitmap_index = 30069, .adv_w = 128, .box_w = 8, .box_h = 12, .ofs_x = 4, .ofs_y = 10},
    {.bitmap_index = 30081, .adv_w = 170, .box_w = 9, .box_h = 6, .ofs_x = 6, .ofs_y = 18},
    {.bitmap_index = 30088, .adv_w = 170, .box_w = 9, .box_h = 7, .ofs_x = 6, .ofs_y = 17},
    {.bitmap_index = 30096, .adv_w = 170, .box_w = 9, .box_h = 6, .ofs_x = 5, .ofs_y = 16},
    {.bitmap_index = 30103, .adv_w = 170, .box_w = 8, .box_h = 6, .ofs_x = 7, .ofs_y = 16},
    {.bitmap_index = 30109, .adv_w = 170, .box_w = 10, .box_h = 6, .ofs_x = 5, .ofs_y = 16},
    {.bitmap_index = 30117, .adv_w = 170, .box_w = 10, .box_h = 6, .ofs_x = 6, .ofs_y = 16},
    {.bitmap_index = 30125, .adv_w = 128, .box_w = 4, .box_h = 7, .ofs_x = 8, .ofs_y = 16},
    {.bitmap_index = 30129, .adv_w = 170, .box_w = 10, .box_h = 1, .ofs_x = 3, .ofs_y = 17},
    {.bitmap_index = 30131, .adv_w = 128, .box_w = 7, .box_h = 6, .ofs_x = 3, .ofs_y = 16},
    {.bitmap_index = 30137, .adv_w = 128, .box_w = 6, .box_h = 6, .ofs_x = 4, .ofs_y = 16},
    {.bitmap_index = 30142, .adv_w = 128, .box_w = 3, .box_h = 6, .ofs_x = 1, .ofs_y = -8},
    {.bitmap_index = 30145, .adv_w = 170, .box_w = 10, .box_h = 1, .ofs_x = -1, .ofs_y = -5},
    {.bitmap_index = 30147, .adv_w = 128, .box_w = 6, .box_h = 6, .ofs_x = -1, .ofs_y = -8},
    {.bitmap_index = 30152, .adv_w = 128, .box_w = 7, .box_h = 6, .ofs_x = -1, .ofs_y = -8},
    {.bitmap_index = 30158, .adv_w = 128, .box_w = 6, .box_h = 15, .ofs_x = 3, .ofs_y = 0},
    {.bitmap_index = 30170, .adv_w = 128, .box_w = 3, .box_h = 3, .ofs_x = 6, .ofs_y = 12},
    {.bitmap_index = 30172, .adv_w = 128, .box_w = 4, .box_h = 6, .ofs_x = 4, .ofs_y = 0},
    {.bitmap_index = 30175, .adv_w = 128, .box_w = 4, .box_h = 6, .ofs_x = 3, .ofs_y = 0},
    {.bitmap_index = 30178, .adv_w = 170, .box_w = 10, .box_h = 8, .ofs_x = 1, .ofs_y = 2},
    {.bitmap_index = 30188, .adv_w = 170, .box_w = 10, .box_h = 7, .ofs_x = 2, .ofs_y = 2},
    {.bitmap_index = 30197, .adv_w = 170, .box_w = 9, .box_h = 8, .ofs_x = 2, .ofs_y = 2},
    {.bitmap_index = 30206, .adv_w = 170, .box_w = 11, .box_h = 1, .ofs_x = 1, .ofs_y = 5},
    {.bitmap_index = 30208, .adv_w = 170, .box_w = 9, .box_h = 5, .ofs_x = 7, .ofs_y = 16},
    {.bitmap_index = 30214, .adv_w = 170, .box_w = 3, .box_h = 3, .ofs_x = 9, .ofs_y = 17},
    {.bitmap_index = 30216, .adv_w = 170, .box_w = 7, .box_h = 6, .ofs_x = 7, .ofs_y = 16},
    {.bitmap_index = 30222, .adv_w = 170, .box_w = 6, .box_h = 5, .ofs_x = 1, .ofs_y = -5},
    {.bitmap_index = 30226, .adv_w = 170, .box_w = 12, .box_h = 4, .ofs_x = 4, .ofs_y = 17},
    {.bitmap_index = 30232, .adv_w = 170, .box_w = 9, .box_h = 5, .ofs_x = 5, .ofs_y = 16},
    {.bitmap_index = 30238, .adv_w = 205, .box_w = 10, .box_h = 9, .ofs_x = 3, .ofs_y = 9},
    {.bitmap_index = 30250, .adv_w = 170, .box_w = 12, .box_h = 8, .ofs_x = 4, .ofs_y = 17},
    {.bitmap_index = 30262, .adv_w = 159, .box_w = 9, .box_h = 14, .ofs_x = 5, .ofs_y = 8},
    {.bitmap_index = 30278, .adv_w = 102, .box_w = 6, .box_h = 13, .ofs_x = 3, .ofs_y = 13},
    {.bitmap_index = 30288, .adv_w = 124, .box_w = 7, .box_h = 9, .ofs_x = 3, .ofs_y = 13},
    {.bitmap_index = 30296, .adv_w = 168, .box_w = 10, .box_h = 9, .ofs_x = 3, .ofs_y = 13},
    {.bitmap_index = 30308, .adv_w = 154, .box_w = 8, .box_h = 13, .ofs_x = 5, .ofs_y = 13},
    {.bitmap_index = 30321, .adv_w = 256, .box_w = 13, .box_h = 25, .ofs_x = 6, .ofs_y = 0},
    {.bitmap_index = 30362, .adv_w = 256, .box_w = 14, .box_h = 26, .ofs_x = 5, .ofs_y = 0},
    {.bitmap_index = 30408, .adv_w = 256, .box_w = 16, .box_h = 26, .ofs_x = 3, .ofs_y = 0},
    {.bitmap_index = 30460, .adv_w = 256, .box_w = 17, .box_h = 26, .ofs_x = 2, .ofs_y = 0},
    {.bitmap_index = 30516, .adv_w = 256, .box_w = 18, .box_h = 26, .ofs_x = 1, .ofs_y = 0},
    {.bitmap_index = 30575, .adv_w = 256, .box_w = 13, .box_h = 17, .ofs_x = 2, .ofs_y = 0},
    {.bitmap_index = 30603, .adv_w = 256, .box_w = 14, .box_h = 15, .ofs_x = 2, .ofs_y = 0},
    {.bitmap_index = 30630, .adv_w = 170, .box_w = 10, .box_h = 6, .ofs_x = 0, .ofs_y = -6},
    {.bitmap_index = 30638, .adv_w = 170, .box_w = 11, .box_h = 5, .ofs_x = 6, .ofs_y = 20},
    {.bitmap_index = 30645, .adv_w = 170, .box_w = 11, .box_h = 7, .ofs_x = 3, .ofs_y = 14},
    {.bitmap_index = 30655, .adv_w = 170, .box_w = 8, .box_h = 6, .ofs_x = 1, .ofs_y = -8},
    {.bitmap_index = 30661, .adv_w = 170, .box_w = 9, .box_h = 6, .ofs_x = 0, .ofs_y = -8},
    {.bitmap_index = 30668, .adv_w = 170, .box_w = 9, .box_h = 6, .ofs_x = 0, .ofs_y = -7},
    {.bitmap_index = 30675, .adv_w = 170, .box_w = 9, .box_h = 6, .ofs_x = -1, .ofs_y = -7},
    {.bitmap_index = 30682, .adv_w = 170, .box_w = 7, .box_h = 6, .ofs_x = 1, .ofs_y = -7},
    {.bitmap_index = 30688, .adv_w = 128, .box_w = 5, .box_h = 6, .ofs_x = 6, .ofs_y = 16},
    {.bitmap_index = 30692, .adv_w = 170, .box_w = 10, .box_h = 6, .ofs_x = 5, .ofs_y = 16},
    {.bitmap_index = 30700, .adv_w = 170, .box_w = 9, .box_h = 5, .ofs_x = 5, .ofs_y = 16},
    {.bitmap_index = 30706, .adv_w = 170, .box_w = 13, .box_h = 4, .ofs_x = -2, .ofs_y = -6},
    {.bitmap_index = 30713, .adv_w = 128, .box_w = 7, .box_h = 14, .ofs_x = 4, .ofs_y = 7},
    {.bitmap_index = 30726, .adv_w = 102, .box_w = 6, .box_h = 7, .ofs_x = 4, .ofs_y = 16},
    {.bitmap_index = 30732, .adv_w = 102, .box_w = 5, .box_h = 7, .ofs_x = 5, .ofs_y = 16},
    {.bitmap_index = 30737, .adv_w = 102, .box_w = 5, .box_h = 8, .ofs_x = 0, .ofs_y = -1},
    {.bitmap_index = 30742, .adv_w = 102, .box_w = 7, .box_h = 8, .ofs_x = 0, .ofs_y = -1},
    {.bitmap_index = 30749, .adv_w = 170, .box_w = 11, .box_h = 6, .ofs_x = -1, .ofs_y = -6},
    {.bitmap_index = 30758, .adv_w = 170, .box_w = 10, .box_h = 6, .ofs_x = -1, .ofs_y = -6},
    {.bitmap_index = 30766, .adv_w = 170, .box_w = 10, .box_h = 7, .ofs_x = -1, .ofs_y = -8},
    {.bitmap_index = 30775, .adv_w = 0, .box_w = 5, .box_h = 6, .ofs_x = -4, .ofs_y = 16},
    {.bitmap_index = 30779, .adv_w = 0, .box_w = 7, .box_h = 6, .ofs_x = -1, .ofs_y = 16},
    {.bitmap_index = 30785, .adv_w = 0, .box_w = 10, .box_h = 6, .ofs_x = -5, .ofs_y = 16},
    {.bitmap_index = 30793, .adv_w = 0, .box_w = 12, .box_h = 4, .ofs_x = -5, .ofs_y = 17},
    {.bitmap_index = 30799, .adv_w = 0, .box_w = 10, .box_h = 1, .ofs_x = -5, .ofs_y = 17},
    {.bitmap_index = 30801, .adv_w = 0, .box_w = 15, .box_h = 1, .ofs_x = -7, .ofs_y = 18},
    {.bitmap_index = 30803, .adv_w = 0, .box_w = 9, .box_h = 5, .ofs_x = -3, .ofs_y = 16},
    {.bitmap_index = 30809, .adv_w = 0, .box_w = 3, .box_h = 3, .ofs_x = -1, .ofs_y = 17},
    {.bitmap_index = 30811, .adv_w = 0, .box_w = 9, .box_h = 3, .ofs_x = -4, .ofs_y = 17},
    {.bitmap_index = 30815, .adv_w = 0, .box_w = 6, .box_h = 6, .ofs_x = -2, .ofs_y = 16},
    {.bitmap_index = 30820, .adv_w = 0, .box_w = 7, .box_h = 6, .ofs_x = -2, .ofs_y = 16},
    {.bitmap_index = 30826, .adv_w = 0, .box_w = 10, .box_h = 5, .ofs_x = -9, .ofs_y = 16},
    {.bitmap_index = 30833, .adv_w = 0, .box_w = 10, .box_h = 6, .ofs_x = -3, .ofs_y = 16},
    {.bitmap_index = 30841, .adv_w = 0, .box_w = 3, .box_h = 6, .ofs_x = -1, .ofs_y = 16},
    {.bitmap_index = 30844, .adv_w = 0, .box_w = 6, .box_h = 6, .ofs_x = -2, .ofs_y = 16},
    {.bitmap_index = 30849, .adv_w = 0, .box_w = 10, .box_h = 6, .ofs_x = -13, .ofs_y = 16},
    {.bitmap_index = 30857, .adv_w = 0, .box_w = 9, .box_h = 7, .ofs_x = -3, .ofs_y = 16},
    {.bitmap_index = 30865, .adv_w = 0, .box_w = 9, .box_h = 5, .ofs_x = -4, .ofs_y = 16},
    {.bitmap_index = 30871, .adv_w = 0, .box_w = 4, .box_h = 7, .ofs_x = -1, .ofs_y = 15},
    {.bitmap_index = 30875, .adv_w = 0, .box_w = 4, .box_h = 7, .ofs_x = -1, .ofs_y = 15},
    {.bitmap_index = 30879, .adv_w = 0, .box_w = 4, .box_h = 7, .ofs_x = 0, .ofs_y = 15},
    {.bitmap_index = 30883, .adv_w = 0, .box_w = 5, .box_h = 7, .ofs_x = 3, .ofs_y = 14},
    {.bitmap_index = 30888, .adv_w = 0, .box_w = 6, .box_h = 6, .ofs_x = -12, .ofs_y = -8},
    {.bitmap_index = 30893, .adv_w = 0, .box_w = 7, .box_h = 6, .ofs_x = -11, .ofs_y = -8},
    {.bitmap_index = 30899, .adv_w = 0, .box_w = 9, .box_h = 8, .ofs_x = -11, .ofs_y = -8},
    {.bitmap_index = 30908, .adv_w = 0, .box_w = 9, .box_h = 8, .ofs_x = -11, .ofs_y = -8},
    {.bitmap_index = 30917, .adv_w = 0, .box_w = 7, .box_h = 7, .ofs_x = 1, .ofs_y = 16},
    {.bitmap_index = 30924, .adv_w = 0, .box_w = 7, .box_h = 7, .ofs_x = 3, .ofs_y = 11},
    {.bitmap_index = 30931, .adv_w = 0, .box_w = 4, .box_h = 6, .ofs_x = -11, .ofs_y = -8},
    {.bitmap_index = 30934, .adv_w = 0, .box_w = 10, .box_h = 8, .ofs_x = -14, .ofs_y = -9},
    {.bitmap_index = 30944, .adv_w = 0, .box_w = 10, .box_h = 7, .ofs_x = -12, .ofs_y = -9},
    {.bitmap_index = 30953, .adv_w = 0, .box_w = 9, .box_h = 8, .ofs_x = -11, .ofs_y = -9},
    {.bitmap_index = 30962, .adv_w = 0, .box_w = 10, .box_h = 1, .ofs_x = -12, .ofs_y = -4},
    {.bitmap_index = 30964, .adv_w = 0, .box_w = 7, .box_h = 9, .ofs_x = -8, .ofs_y = -7},
    {.bitmap_index = 30972, .adv_w = 0, .box_w = 6, .box_h = 9, .ofs_x = -5, .ofs_y = -7},
    {.bitmap_index = 30979, .adv_w = 0, .box_w = 3, .box_h = 3, .ofs_x = -10, .ofs_y = -5},
    {.bitmap_index = 30981, .adv_w = 0, .box_w = 10, .box_h = 3, .ofs_x = -12, .ofs_y = -5},
    {.bitmap_index = 30985, .adv_w = 0, .box_w = 6, .box_h = 6, .ofs_x = -12, .ofs_y = -8},
    {.bitmap_index = 30990, .adv_w = 0, .box_w = 4, .box_h = 7, .ofs_x = -8, .ofs_y = -9},
    {.bitmap_index = 30994, .adv_w = 0, .box_w = 7, .box_h = 7, .ofs_x = -10, .ofs_y = -7},
    {.bitmap_index = 31001, .adv_w = 0, .box_w = 6, .box_h = 5, .ofs_x = -9, .ofs_y = -5},
    {.bitmap_index = 31005, .adv_w = 0, .box_w = 3, .box_h = 6, .ofs_x = -9, .ofs_y = -8},
    {.bitmap_index = 31008, .adv_w = 0, .box_w = 12, .box_h = 5, .ofs_x = -13, .ofs_y = -7},
    {.bitmap_index = 31016, .adv_w = 0, .box_w = 10, .box_h = 4, .ofs_x = -11, .ofs_y = -5},
    {.bitmap_index = 31021, .adv_w = 0, .box_w = 10, .box_h = 6, .ofs_x = -11, .ofs_y = -8},
    {.bitmap_index = 31029, .adv_w = 0, .box_w = 10, .box_h = 6, .ofs_x = -12, .ofs_y = -7},
    {.bitmap_index = 31037, .adv_w = 0, .box_w = 10, .box_h = 5, .ofs_x = -11, .ofs_y = -7},
    {.bitmap_index = 31044, .adv_w = 0, .box_w = 9, .box_h = 5, .ofs_x = -12, .ofs_y = -7},
    {.bitmap_index = 31050, .adv_w = 0, .box_w = 12, .box_h = 4, .ofs_x = -13, .ofs_y = -6},
    {.bitmap_index = 31056, .adv_w = 0, .box_w = 10, .box_h = 1, .ofs_x = -12, .ofs_y = -5},
    {.bitmap_index = 31058, .adv_w = 0, .box_w = 16, .box_h = 1, .ofs_x = -16, .ofs_y = -4},
    {.bitmap_index = 31060, .adv_w = 0, .box_w = 16, .box_h = 4, .ofs_x = -16, .ofs_y = -6},
    {.bitmap_index = 31068, .adv_w = 0, .box_w = 12, .box_h = 4, .ofs_x = -8, .ofs_y = 7},
    {.bitmap_index = 31074, .adv_w = 0, .box_w = 7, .box_h = 1, .ofs_x = -5, .ofs_y = 7},
    {.bitmap_index = 31075, .adv_w = 0, .box_w = 14, .box_h = 1, .ofs_x = -10, .ofs_y = 7},
    {.bitmap_index = 31077, .adv_w = 0, .box_w = 16, .box_h = 8, .ofs_x = -12, .ofs_y = 3},
    {.bitmap_index = 31093, .adv_w = 0, .box_w = 19, .box_h = 23, .ofs_x = -12, .ofs_y = -4},
    {.bitmap_index = 31148, .adv_w = 0, .box_w = 4, .box_h = 6, .ofs_x = -10, .ofs_y = -8},
    {.bitmap_index = 31151, .adv_w = 0, .box_w = 12, .box_h = 6, .ofs_x = -15, .ofs_y = -6},
    {.bitmap_index = 31160, .adv_w = 0, .box_w = 11, .box_h = 8, .ofs_x = -14, .ofs_y = -10},
    {.bitmap_index = 31171, .adv_w = 0, .box_w = 10, .box_h = 6, .ofs_x = -13, .ofs_y = -8},
    {.bitmap_index = 31179, .adv_w = 0, .box_w = 11, .box_h = 8, .ofs_x = -5, .ofs_y = 16},
    {.bitmap_index = 31190, .adv_w = 0, .box_w = 5, .box_h = 8, .ofs_x = 0, .ofs_y = 16},
    {.bitmap_index = 31195, .adv_w = 0, .box_w = 16, .box_h = 4, .ofs_x = -9, .ofs_y = 17},
    {.bitmap_index = 31203, .adv_w = 0, .box_w = 5, .box_h = 6, .ofs_x = -4, .ofs_y = 16},
    {.bitmap_index = 31207, .adv_w = 0, .box_w = 7, .box_h = 6, .ofs_x = -2, .ofs_y = 16},
    {.bitmap_index = 31213, .adv_w = 0, .box_w = 12, .box_h = 4, .ofs_x = -5, .ofs_y = 17},
    {.bitmap_index = 31219, .adv_w = 0, .box_w = 6, .box_h = 7, .ofs_x = -2, .ofs_y = 16},
    {.bitmap_index = 31225, .adv_w = 0, .box_w = 9, .box_h = 8, .ofs_x = -4, .ofs_y = 17},
    {.bitmap_index = 31234, .adv_w = 0, .box_w = 6, .box_h = 6, .ofs_x = -8, .ofs_y = -7},
    {.bitmap_index = 31239, .adv_w = 0, .box_w = 11, .box_h = 5, .ofs_x = -5, .ofs_y = 16},
    {.bitmap_index = 31246, .adv_w = 0, .box_w = 11, .box_h = 5, .ofs_x = -14, .ofs_y = -6},
    {.bitmap_index = 31253, .adv_w = 0, .box_w = 8, .box_h = 6, .ofs_x = -10, .ofs_y = -8},
    {.bitmap_index = 31259, .adv_w = 0, .box_w = 5, .box_h = 5, .ofs_x = -10, .ofs_y = -7},
    {.bitmap_index = 31263, .adv_w = 0, .box_w = 11, .box_h = 7, .ofs_x = -8, .ofs_y = 15},
    {.bitmap_index = 31273, .adv_w = 0, .box_w = 12, .box_h = 10, .ofs_x = -4, .ofs_y = 16},
    {.bitmap_index = 31288, .adv_w = 0, .box_w = 13, .box_h = 8, .ofs_x = -5, .ofs_y = 17},
    {.bitmap_index = 31301, .adv_w = 0, .box_w = 14, .box_h = 7, .ofs_x = -15, .ofs_y = -8},
    {.bitmap_index = 31314, .adv_w = 0, .box_w = 6, .box_h = 9, .ofs_x = -10, .ofs_y = -9},
    {.bitmap_index = 31321, .adv_w = 0, .box_w = 1, .box_h = 1, .ofs_x = 0, .ofs_y = 0},
    {.bitmap_index = 31322, .adv_w = 0, .box_w = 9, .box_h = 6, .ofs_x = -3, .ofs_y = 16},
    {.bitmap_index = 31329, .adv_w = 0, .box_w = 4, .box_h = 6, .ofs_x = -1, .ofs_y = 16},
    {.bitmap_index = 31332, .adv_w = 0, .box_w = 9, .box_h = 7, .ofs_x = -4, .ofs_y = 16},
    {.bitmap_index = 31340, .adv_w = 0, .box_w = 12, .box_h = 8, .ofs_x = -15, .ofs_y = -9},
    {.bitmap_index = 31352, .adv_w = 0, .box_w = 9, .box_h = 6, .ofs_x = -11, .ofs_y = -7},
    {.bitmap_index = 31359, .adv_w = 0, .box_w = 9, .box_h = 6, .ofs_x = -12, .ofs_y = -7},
    {.bitmap_index = 31366, .adv_w = 0, .box_w = 16, .box_h = 6, .ofs_x = -18, .ofs_y = -7},
    {.bitmap_index = 31378, .adv_w = 0, .box_w = 4, .box_h = 6, .ofs_x = -2, .ofs_y = 15},
    {.bitmap_index = 31381, .adv_w = 0, .box_w = 3, .box_h = 3, .ofs_x = -4, .ofs_y = 17},
    {.bitmap_index = 31383, .adv_w = 0, .box_w = 7, .box_h = 7, .ofs_x = -12, .ofs_y = -8},
    {.bitmap_index = 31390, .adv_w = 0, .box_w = 13, .box_h = 6, .ofs_x = -15, .ofs_y = -8},
    {.bitmap_index = 31400, .adv_w = 0, .box_w = 8, .box_h = 8, .ofs_x = -7, .ofs_y = 16},
    {.bitmap_index = 31408, .adv_w = 0, .box_w = 19, .box_h = 5, .ofs_x = -10, .ofs_y = -6},
    {.bitmap_index = 31420, .adv_w = 0, .box_w = 18, .box_h = 5, .ofs_x = -4, .ofs_y = 17},
    {.bitmap_index = 31432, .adv_w = 0, .box_w = 18, .box_h = 1, .ofs_x = -5, .ofs_y = 18},
    {.bitmap_index = 31435, .adv_w = 0, .box_w = 19, .box_h = 1, .ofs_x = -10, .ofs_y = -4},
    {.bitmap_index = 31438, .adv_w = 0, .box_w = 19, .box_h = 4, .ofs_x = -4, .ofs_y = 18},
    {.bitmap_index = 31448, .adv_w = 0, .box_w = 18, .box_h = 5, .ofs_x = -4, .ofs_y = 16},
    {.bitmap_index = 31460, .adv_w = 0, .box_w = 18, .box_h = 7, .ofs_x = -10, .ofs_y = -8},
    {.bitmap_index = 31476, .adv_w = 0, .box_w = 7, .box_h = 7, .ofs_x = -10, .ofs_y = 16},
    {.bitmap_index = 31483, .adv_w = 0, .box_w = 5, .box_h = 7, .ofs_x = -8, .ofs_y = 16},
    {.bitmap_index = 31488, .adv_w = 0, .box_w = 3, .box_h = 9, .ofs_x = -7, .ofs_y = 16},
    {.bitmap_index = 31492, .adv_w = 0, .box_w = 6, .box_h = 7, .ofs_x = -9, .ofs_y = 16},
    {.bitmap_index = 31498, .adv_w = 0, .box_w = 6, .box_h = 6, .ofs_x = -9, .ofs_y = 16},
    {.bitmap_index = 31503, .adv_w = 0, .box_w = 5, .box_h = 7, .ofs_x = -9, .ofs_y = 16},
    {.bitmap_index = 31508, .adv_w = 0, .box_w = 7, .box_h = 10, .ofs_x = -9, .ofs_y = 16},
    {.bitmap_index = 31517, .adv_w = 0, .box_w = 7, .box_h = 10, .ofs_x = -9, .ofs_y = 15},
    {.bitmap_index = 31526, .adv_w = 0, .box_w = 9, .box_h = 7, .ofs_x = -10, .ofs_y = 15},
    {.bitmap_index = 31534, .adv_w = 0, .box_w = 6, .box_h = 6, .ofs_x = -8, .ofs_y = 16},
    {.bitmap_index = 31539, .adv_w = 0, .box_w = 4, .box_h = 9, .ofs_x = -8, .ofs_y = 15},
    {.bitmap_index = 31544, .adv_w = 0, .box_w = 6, .box_h = 6, .ofs_x = -9, .ofs_y = 16},
    {.bitmap_index = 31549, .adv_w = 0, .box_w = 6, .box_h = 6, .ofs_x = -10, .ofs_y = 16},
    {.bitmap_index = 31554, .adv_w = 102, .box_w = 6, .box_h = 7, .ofs_x = 1, .ofs_y = 18},
    {.bitmap_index = 31560, .adv_w = 102, .box_w = 6, .box_h = 7, .ofs_x = 0, .ofs_y = -7},
    {.bitmap_index = 31566, .adv_w = 170, .box_w = 6, .box_h = 5, .ofs_x = 0, .ofs_y = -6},
    {.bitmap_index = 31570, .adv_w = 170, .box_w = 7, .box_h = 17, .ofs_x = 1, .ofs_y = -3},
    {.bitmap_index = 31585, .adv_w = 132, .box_w = 5, .box_h = 7, .ofs_x = 2, .ofs_y = 17},
    {.bitmap_index = 31590, .adv_w = 170, .box_w = 10, .box_h = 8, .ofs_x = 5, .ofs_y = 16},
    {.bitmap_index = 31600, .adv_w = 338, .box_w = 20, .box_h = 22, .ofs_x = 0, .ofs_y = 0},
    {.bitmap_index = 31655, .adv_w = 128, .box_w = 4, .box_h = 3, .ofs_x = 5, .ofs_y = 11},
    {.bitmap_index = 31657, .adv_w = 407, .box_w = 22, .box_h = 22, .ofs_x = 5, .ofs_y = 0},
    {.bitmap_index = 31718, .adv_w = 463, .box_w = 26, .box_h = 22, .ofs_x = 4, .ofs_y = 0},
    {.bitmap_index = 31790, .adv_w = 268, .box_w = 14, .box_h = 22, .ofs_x = 5, .ofs_y = 0},
    {.bitmap_index = 31829, .adv_w = 417, .box_w = 21, .box_h = 21, .ofs_x = 5, .ofs_y = 0},
    {.bitmap_index = 31885, .adv_w = 429, .box_w = 24, .box_h = 22, .ofs_x = 5, .ofs_y = 0},
    {.bitmap_index = 31951, .adv_w = 450, .box_w = 25, .box_h = 22, .ofs_x = 4, .ofs_y = 0},
    {.bitmap_index = 32020, .adv_w = 138, .box_w = 11, .box_h = 25, .ofs_x = 0, .ofs_y = 0},
    {.bitmap_index = 32055, .adv_w = 338, .box_w = 20, .box_h = 21, .ofs_x = 0, .ofs_y = 0},
    {.bitmap_index = 32108, .adv_w = 297, .box_w = 19, .box_h = 21, .ofs_x = 0, .ofs_y = 0},
    {.bitmap_index = 32158, .adv_w = 304, .box_w = 20, .box_h = 21, .ofs_x = 0, .ofs_y = 0},
    {.bitmap_index = 32211, .adv_w = 338, .box_w = 20, .box_h = 21, .ofs_x = 0, .ofs_y = 0},
    {.bitmap_index = 32264, .adv_w = 313, .box_w = 20, .box_h = 21, .ofs_x = 0, .ofs_y = 0},
    {.bitmap_index = 32317, .adv_w = 310, .box_w = 20, .box_h = 21, .ofs_x = 0, .ofs_y = 0},
    {.bitmap_index = 32370, .adv_w = 361, .box_w = 25, .box_h = 21, .ofs_x = 0, .ofs_y = 0},
    {.bitmap_index = 32436, .adv_w = 338, .box_w = 21, .box_h = 21, .ofs_x = 1, .ofs_y = 0},
    {.bitmap_index = 32492, .adv_w = 170, .box_w = 13, .box_h = 21, .ofs_x = 0, .ofs_y = 0},
    {.bitmap_index = 32527, .adv_w = 328, .box_w = 23, .box_h = 21, .ofs_x = 0, .ofs_y = 0},
    {.bitmap_index = 32588, .adv_w = 338, .box_w = 19, .box_h = 21, .ofs_x = 0, .ofs_y = 0},
    {.bitmap_index = 32638, .adv_w = 420, .box_w = 29, .box_h = 21, .ofs_x = 0, .ofs_y = 0},
    {.bitmap_index = 32715, .adv_w = 347, .box_w = 24, .box_h = 21, .ofs_x = 0, .ofs_y = 0},
    {.bitmap_index = 32778, .adv_w = 347, .box_w = 22, .box_h = 21, .ofs_x = 0, .ofs_y = 0},
    {.bitmap_index = 32836, .adv_w = 336, .box_w = 21, .box_h = 21, .ofs_x = 1, .ofs_y = 0},
    {.bitmap_index = 32892, .adv_w = 357, .box_w = 25, .box_h = 21, .ofs_x = 0, .ofs_y = 0},
    {.bitmap_index = 32958, .adv_w = 290, .box_w = 19, .box_h = 21, .ofs_x = 0, .ofs_y = 0},
    {.bitmap_index = 33008, .adv_w = 334, .box_w = 23, .box_h = 21, .ofs_x = -1, .ofs_y = 0},
    {.bitmap_index = 33069, .adv_w = 305, .box_w = 19, .box_h = 21, .ofs_x = 3, .ofs_y = 0},
    {.bitmap_index = 33119, .adv_w = 348, .box_w = 19, .box_h = 21, .ofs_x = 3, .ofs_y = 0},
    {.bitmap_index = 33169, .adv_w = 385, .box_w = 22, .box_h = 21, .ofs_x = 2, .ofs_y = 0},
    {.bitmap_index = 33227, .adv_w = 340, .box_w = 22, .box_h = 21, .ofs_x = 0, .ofs_y = 0},
    {.bitmap_index = 33285, .adv_w = 420, .box_w = 26, .box_h = 21, .ofs_x = 3, .ofs_y = 0},
    {.bitmap_index = 33354, .adv_w = 393, .box_w = 25, .box_h = 21, .ofs_x = 0, .ofs_y = 0},
    {.bitmap_index = 33420, .adv_w = 170, .box_w = 14, .box_h = 26, .ofs_x = 0, .ofs_y = 0},
    {.bitmap_index = 33466, .adv_w = 356, .box_w = 19, .box_h = 26, .ofs_x = 3, .ofs_y = 0},
    {.bitmap_index = 33528, .adv_w = 289, .box_w = 17, .box_h = 22, .ofs_x = 0, .ofs_y = 0},
    {.bitmap_index = 33575, .adv_w = 221, .box_w = 13, .box_h = 22, .ofs_x = 0, .ofs_y = 0},
    {.bitmap_index = 33611, .adv_w = 276, .box_w = 14, .box_h = 29, .ofs_x = 2, .ofs_y = -7},
    {.bitmap_index = 33662, .adv_w = 138, .box_w = 10, .box_h = 22, .ofs_x = 0, .ofs_y = 0},
    {.bitmap_index = 33690, .adv_w = 276, .box_w = 14, .box_h = 25, .ofs_x = 2, .ofs_y = 0},
    {.bitmap_index = 33734, .adv_w = 289, .box_w = 17, .box_h = 14, .ofs_x = 0, .ofs_y = 0},
    {.bitmap_index = 33764, .adv_w = 261, .box_w = 17, .box_h = 28, .ofs_x = -1, .ofs_y = -7},
    {.bitmap_index = 33824, .adv_w = 254, .box_w = 14, .box_h = 21, .ofs_x = 1, .ofs_y = -7},
    {.bitmap_index = 33861, .adv_w = 265, .box_w = 15, .box_h = 21, .ofs_x = 1, .ofs_y = 0},
    {.bitmap_index = 33901, .adv_w = 221, .box_w = 13, .box_h = 14, .ofs_x = 0, .ofs_y = 0},
    {.bitmap_index = 33924, .adv_w = 209, .box_w = 13, .box_h = 27, .ofs_x = 1, .ofs_y = -6},
    {.bitmap_index = 33968, .adv_w = 276, .box_w = 14, .box_h = 21, .ofs_x = 2, .ofs_y = -7},
    {.bitmap_index = 34005, .adv_w = 268, .box_w = 15, .box_h = 21, .ofs_x = 1, .ofs_y = 0},
    {.bitmap_index = 34045, .adv_w = 138, .box_w = 7, .box_h = 14, .ofs_x = 0, .ofs_y = 0},
    {.bitmap_index = 34058, .adv_w = 251, .box_w = 15, .box_h = 14, .ofs_x = 0, .ofs_y = 0},
    {.bitmap_index = 34085, .adv_w = 250, .box_w = 14, .box_h = 21, .ofs_x = 0, .ofs_y = 0},
    {.bitmap_index = 34122, .adv_w = 257, .box_w = 16, .box_h = 21, .ofs_x = -2, .ofs_y = -7},
    {.bitmap_index = 34164, .adv_w = 264, .box_w = 14, .box_h = 14, .ofs_x = 2, .ofs_y = 0},
    {.bitmap_index = 34189, .adv_w = 225, .box_w = 14, .box_h = 27, .ofs_x = 0, .ofs_y = -6},
    {.bitmap_index = 34237, .adv_w = 268, .box_w = 14, .box_h = 14, .ofs_x = 1, .ofs_y = 0},
    {.bitmap_index = 34262, .adv_w = 311, .box_w = 20, .box_h = 14, .ofs_x = -1, .ofs_y = 0},
    {.bitmap_index = 34297, .adv_w = 259, .box_w = 14, .box_h = 21, .ofs_x = 0, .ofs_y = -7},
    {.bitmap_index = 34334, .adv_w = 217, .box_w = 13, .box_h = 20, .ofs_x = 0, .ofs_y = -6},
    {.bitmap_index = 34367, .adv_w = 272, .box_w = 16, .box_h = 14, .ofs_x = 1, .ofs_y = 0},
    {.bitmap_index = 34395, .adv_w = 244, .box_w = 13, .box_h = 14, .ofs_x = 2, .ofs_y = 0},
    {.bitmap_index = 34418, .adv_w = 276, .box_w = 14, .box_h = 14, .ofs_x = 2, .ofs_y = 0},
    {.bitmap_index = 34443, .adv_w = 322, .box_w = 18, .box_h = 21, .ofs_x = 1, .ofs_y = -7},
    {.bitmap_index = 34491, .adv_w = 256, .box_w = 18, .box_h = 21, .ofs_x = -2, .ofs_y = -7},
    {.bitmap_index = 34539, .adv_w = 373, .box_w = 20, .box_h = 25, .ofs_x = 2, .ofs_y = -7},
    {.bitmap_index = 34602, .adv_w = 359, .box_w = 20, .box_h = 14, .ofs_x = 1, .ofs_y = 0},
    {.bitmap_index = 34637, .adv_w = 159, .box_w = 10, .box_h = 19, .ofs_x = 1, .ofs_y = 0},
    {.bitmap_index = 34661, .adv_w = 276, .box_w = 14, .box_h = 19, .ofs_x = 2, .ofs_y = 0},
    {.bitmap_index = 34695, .adv_w = 268, .box_w = 14, .box_h = 22, .ofs_x = 1, .ofs_y = 0},
    {.bitmap_index = 34734, .adv_w = 276, .box_w = 14, .box_h = 22, .ofs_x = 2, .ofs_y = 0},
    {.bitmap_index = 34773, .adv_w = 359, .box_w = 20, .box_h = 22, .ofs_x = 1, .ofs_y = 0},
    {.bitmap_index = 34828, .adv_w = 275, .box_w = 16, .box_h = 23, .ofs_x = 1, .ofs_y = 0},
    {.bitmap_index = 34874, .adv_w = 324, .box_w = 18, .box_h = 23, .ofs_x = 2, .ofs_y = 0},
    {.bitmap_index = 34926, .adv_w = 323, .box_w = 18, .box_h = 21, .ofs_x = 4, .ofs_y = 0},
    {.bitmap_index = 34974, .adv_w = 420, .box_w = 24, .box_h = 22, .ofs_x = 4, .ofs_y = 0},
    {.bitmap_index = 35040, .adv_w = 348, .box_w = 19, .box_h = 26, .ofs_x = 5, .ofs_y = 0},
    {.bitmap_index = 35102, .adv_w = 313, .box_w = 18, .box_h = 28, .ofs_x = 1, .ofs_y = -7},
    {.bitmap_index = 35165, .adv_w = 360, .box_w = 22, .box_h = 16, .ofs_x = 1, .ofs_y = 0},
    {.bitmap_index = 35209, .adv_w = 271, .box_w = 15, .box_h = 19, .ofs_x = 1, .ofs_y = -5},
    {.bitmap_index = 35245, .adv_w = 284, .box_w = 18, .box_h = 21, .ofs_x = 3, .ofs_y = 0},
    {.bitmap_index = 35293, .adv_w = 281, .box_w = 15, .box_h = 21, .ofs_x = 1, .ofs_y = -7},
    {.bitmap_index = 35333, .adv_w = 301, .box_w = 16, .box_h = 21, .ofs_x = 3, .ofs_y = 0},
    {.bitmap_index = 35375, .adv_w = 255, .box_w = 16, .box_h = 20, .ofs_x = 0, .ofs_y = -6},
    {.bitmap_index = 35415, .adv_w = 312, .box_w = 21, .box_h = 21, .ofs_x = 0, .ofs_y = 0},
    {.bitmap_index = 35471, .adv_w = 245, .box_w = 18, .box_h = 21, .ofs_x = -2, .ofs_y = -7},
    {.bitmap_index = 35519, .adv_w = 334, .box_w = 18, .box_h = 21, .ofs_x = 2, .ofs_y = 0},
    {.bitmap_index = 35567, .adv_w = 210, .box_w = 11, .box_h = 27, .ofs_x = 0, .ofs_y = -6},
    {.bitmap_index = 35605, .adv_w = 368, .box_w = 23, .box_h = 21, .ofs_x = -1, .ofs_y = 0},
    {.bitmap_index = 35666, .adv_w = 279, .box_w = 16, .box_h = 28, .ofs_x = 0, .ofs_y = -7},
    {.bitmap_index = 35722, .adv_w = 288, .box_w = 15, .box_h = 14, .ofs_x = 1, .ofs_y = 0},
    {.bitmap_index = 35749, .adv_w = 280, .box_w = 15, .box_h = 21, .ofs_x = 0, .ofs_y = -7},
    {.bitmap_index = 35789, .adv_w = 253, .box_w = 14, .box_h = 14, .ofs_x = 1, .ofs_y = 0},
    {.bitmap_index = 35814, .adv_w = 146, .box_w = 12, .box_h = 28, .ofs_x = -2, .ofs_y = -7},
    {.bitmap_index = 35856, .adv_w = 338, .box_w = 21, .box_h = 21, .ofs_x = 1, .ofs_y = 0},
    {.bitmap_index = 35912, .adv_w = 143, .box_w = 10, .box_h = 14, .ofs_x = 0, .ofs_y = 0},
    {.bitmap_index = 35930, .adv_w = 143, .box_w = 8, .box_h = 14, .ofs_x = 1, .ofs_y = 0},
    {.bitmap_index = 35944, .adv_w = 276, .box_w = 18, .box_h = 21, .ofs_x = -1, .ofs_y = 0},
    {.bitmap_index = 35992, .adv_w = 256, .box_w = 16, .box_h = 28, .ofs_x = -1, .ofs_y = -7},
    {.bitmap_index = 36048, .adv_w = 360, .box_w = 20, .box_h = 21, .ofs_x = 2, .ofs_y = 0},
    {.bitmap_index = 36101, .adv_w = 426, .box_w = 29, .box_h = 21, .ofs_x = -1, .ofs_y = 0},
    {.bitmap_index = 36178, .adv_w = 360, .box_w = 22, .box_h = 21, .ofs_x = -1, .ofs_y = -7},
    {.bitmap_index = 36236, .adv_w = 273, .box_w = 18, .box_h = 21, .ofs_x = -4, .ofs_y = -7},
    {.bitmap_index = 36284, .adv_w = 360, .box_w = 20, .box_h = 21, .ofs_x = 2, .ofs_y = 0},
    {.bitmap_index = 36337, .adv_w = 360, .box_w = 20, .box_h = 21, .ofs_x = 2, .ofs_y = 0},
    {.bitmap_index = 36390, .adv_w = 360, .box_w = 20, .box_h = 21, .ofs_x = 2, .ofs_y = 0},
    {.bitmap_index = 36443, .adv_w = 294, .box_w = 20, .box_h = 28, .ofs_x = 0, .ofs_y = 0},
    {.bitmap_index = 36513, .adv_w = 294, .box_w = 20, .box_h = 27, .ofs_x = 0, .ofs_y = 0},
    {.bitmap_index = 36581, .adv_w = 342, .box_w = 19, .box_h = 21, .ofs_x = 2, .ofs_y = 0},
    {.bitmap_index = 36631, .adv_w = 304, .box_w = 20, .box_h = 29, .ofs_x = 0, .ofs_y = 0},
    {.bitmap_index = 36704, .adv_w = 325, .box_w = 20, .box_h = 21, .ofs_x = 2, .ofs_y = 0},
    {.bitmap_index = 36757, .adv_w = 232, .box_w = 16, .box_h = 21, .ofs_x = 0, .ofs_y = 0},
    {.bitmap_index = 36799, .adv_w = 165, .box_w = 13, .box_h = 21, .ofs_x = 0, .ofs_y = 0},
    {.bitmap_index = 36834, .adv_w = 165, .box_w = 14, .box_h = 26, .ofs_x = 0, .ofs_y = 0},
    {.bitmap_index = 36880, .adv_w = 219, .box_w = 16, .box_h = 21, .ofs_x = 0, .ofs_y = 0},
    {.bitmap_index = 36922, .adv_w = 508, .box_w = 31, .box_h = 21, .ofs_x = 0, .ofs_y = 0},
    {.bitmap_index = 37004, .adv_w = 493, .box_w = 30, .box_h = 21, .ofs_x = 0, .ofs_y = 0},
    {.bitmap_index = 37083, .adv_w = 360, .box_w = 20, .box_h = 21, .ofs_x = 2, .ofs_y = 0},
    {.bitmap_index = 37136, .adv_w = 330, .box_w = 22, .box_h = 29, .ofs_x = 0, .ofs_y = 0},
    {.bitmap_index = 37216, .adv_w = 369, .box_w = 25, .box_h = 28, .ofs_x = 0, .ofs_y = 0},
    {.bitmap_index = 37304, .adv_w = 378, .box_w = 22, .box_h = 27, .ofs_x = 4, .ofs_y = 0},
    {.bitmap_index = 37379, .adv_w = 373, .box_w = 25, .box_h = 27, .ofs_x = 0, .ofs_y = -6},
    {.bitmap_index = 37464, .adv_w = 333, .box_w = 20, .box_h = 21, .ofs_x = 0, .ofs_y = 0},
    {.bitmap_index = 37517, .adv_w = 298, .box_w = 19, .box_h = 21, .ofs_x = 0, .ofs_y = 0},
    {.bitmap_index = 37567, .adv_w = 303, .box_w = 19, .box_h = 21, .ofs_x = 0, .ofs_y = 0},
    {.bitmap_index = 37617, .adv_w = 304, .box_w = 20, .box_h = 21, .ofs_x = 0, .ofs_y = 0},
    {.bitmap_index = 37670, .adv_w = 342, .box_w = 26, .box_h = 26, .ofs_x = -3, .ofs_y = -5},
    {.bitmap_index = 37755, .adv_w = 294, .box_w = 20, .box_h = 21, .ofs_x = 0, .ofs_y = 0},
    {.bitmap_index = 37808, .adv_w = 505, .box_w = 34, .box_h = 21, .ofs_x = -1, .ofs_y = 0},
    {.bitmap_index = 37898, .adv_w = 303, .box_w = 18, .box_h = 21, .ofs_x = 0, .ofs_y = 0},
    {.bitmap_index = 37946, .adv_w = 369, .box_w = 25, .box_h = 21, .ofs_x = 0, .ofs_y = 0},
    {.bitmap_index = 38012, .adv_w = 369, .box_w = 25, .box_h = 27, .ofs_x = 0, .ofs_y = 0},
    {.bitmap_index = 38097, .adv_w = 330, .box_w = 22, .box_h = 21, .ofs_x = 0, .ofs_y = 0},
    {.bitmap_index = 38155, .adv_w = 356, .box_w = 25, .box_h = 21, .ofs_x = -1, .ofs_y = 0},
    {.bitmap_index = 38221, .adv_w = 420, .box_w = 29, .box_h = 21, .ofs_x = 0, .ofs_y = 0},
    {.bitmap_index = 38298, .adv_w = 361, .box_w = 25, .box_h = 21, .ofs_x = 0, .ofs_y = 0},
    {.bitmap_index = 38364, .adv_w = 336, .box_w = 21, .box_h = 21, .ofs_x = 1, .ofs_y = 0},
    {.bitmap_index = 38420, .adv_w = 357, .box_w = 25, .box_h = 21, .ofs_x = 0, .ofs_y = 0},
    {.bitmap_index = 38486, .adv_w = 290, .box_w = 19, .box_h = 21, .ofs_x = 0, .ofs_y = 0},
    {.bitmap_index = 38536, .adv_w = 313, .box_w = 20, .box_h = 21, .ofs_x = 1, .ofs_y = 0},
    {.bitmap_index = 38589, .adv_w = 302, .box_w = 18, .box_h = 21, .ofs_x = 3, .ofs_y = 0},
    {.bitmap_index = 38637, .adv_w = 378, .box_w = 22, .box_h = 21, .ofs_x = 4, .ofs_y = 0},
    {.bitmap_index = 38695, .adv_w = 385, .box_w = 22, .box_h = 21, .ofs_x = 2, .ofs_y = 0},
    {.bitmap_index = 38753, .adv_w = 340, .box_w = 22, .box_h = 21, .ofs_x = 0, .ofs_y = 0},
    {.bitmap_index = 38811, .adv_w = 356, .box_w = 25, .box_h = 26, .ofs_x = 0, .ofs_y = -5},
    {.bitmap_index = 38893, .adv_w = 329, .box_w = 19, .box_h = 21, .ofs_x = 4, .ofs_y = 0},
    {.bitmap_index = 38943, .adv_w = 498, .box_w = 33, .box_h = 21, .ofs_x = 0, .ofs_y = 0},
    {.bitmap_index = 39030, .adv_w = 503, .box_w = 33, .box_h = 26, .ofs_x = 0, .ofs_y = -5},
    {.bitmap_index = 39138, .adv_w = 367, .box_w = 19, .box_h = 21, .ofs_x = 3, .ofs_y = 0},
    {.bitmap_index = 39188, .adv_w = 449, .box_w = 30, .box_h = 21, .ofs_x = 0, .ofs_y = 0},
    {.bitmap_index = 39267, .adv_w = 297, .box_w = 17, .box_h = 21, .ofs_x = 0, .ofs_y = 0},
    {.bitmap_index = 39312, .adv_w = 304, .box_w = 19, .box_h = 21, .ofs_x = 0, .ofs_y = 0},
    {.bitmap_index = 39362, .adv_w = 504, .box_w = 32, .box_h = 21, .ofs_x = 0, .ofs_y = 0},
    {.bitmap_index = 39446, .adv_w = 350, .box_w = 25, .box_h = 21, .ofs_x = -1, .ofs_y = 0},
    {.bitmap_index = 39512, .adv_w = 255, .box_w = 14, .box_h = 14, .ofs_x = 1, .ofs_y = 0},
    {.bitmap_index = 39537, .adv_w = 243, .box_w = 18, .box_h = 22, .ofs_x = 1, .ofs_y = 0},
    {.bitmap_index = 39587, .adv_w = 214, .box_w = 12, .box_h = 14, .ofs_x = 1, .ofs_y = 0},
    {.bitmap_index = 39608, .adv_w = 181, .box_w = 11, .box_h = 14, .ofs_x = 0, .ofs_y = 0},
    {.bitmap_index = 39628, .adv_w = 252, .box_w = 14, .box_h = 22, .ofs_x = 1, .ofs_y = 0},
    {.bitmap_index = 39667, .adv_w = 208, .box_w = 12, .box_h = 14, .ofs_x = 1, .ofs_y = 0},
    {.bitmap_index = 39688, .adv_w = 468, .box_w = 29, .box_h = 14, .ofs_x = 0, .ofs_y = 0},
    {.bitmap_index = 39739, .adv_w = 211, .box_w = 12, .box_h = 14, .ofs_x = 0, .ofs_y = 0},
    {.bitmap_index = 39760, .adv_w = 248, .box_w = 14, .box_h = 14, .ofs_x = 1, .ofs_y = 0},
    {.bitmap_index = 39785, .adv_w = 248, .box_w = 14, .box_h = 20, .ofs_x = 1, .ofs_y = 0},
    {.bitmap_index = 39820, .adv_w = 247, .box_w = 15, .box_h = 14, .ofs_x = 0, .ofs_y = 0},
    {.bitmap_index = 39847, .adv_w = 258, .box_w = 16, .box_h = 14, .ofs_x = -1, .ofs_y = 0},
    {.bitmap_index = 39875, .adv_w = 328, .box_w = 21, .box_h = 14, .ofs_x = -1, .ofs_y = 0},
    {.bitmap_index = 39912, .adv_w = 252, .box_w = 15, .box_h = 14, .ofs_x = 0, .ofs_y = 0},
    {.bitmap_index = 39939, .adv_w = 242, .box_w = 14, .box_h = 14, .ofs_x = 1, .ofs_y = 0},
    {.bitmap_index = 39964, .adv_w = 252, .box_w = 15, .box_h = 14, .ofs_x = 0, .ofs_y = 0},
    {.bitmap_index = 39991, .adv_w = 240, .box_w = 17, .box_h = 21, .ofs_x = -2, .ofs_y = -7},
    {.bitmap_index = 40036, .adv_w = 223, .box_w = 12, .box_h = 14, .ofs_x = 1, .ofs_y = 0},
    {.bitmap_index = 40057, .adv_w = 371, .box_w = 23, .box_h = 14, .ofs_x = 0, .ofs_y = 0},
    {.bitmap_index = 40098, .adv_w = 245, .box_w = 15, .box_h = 21, .ofs_x = 0, .ofs_y = -7},
    {.bitmap_index = 40138, .adv_w = 376, .box_w = 22, .box_h = 28, .ofs_x = 1, .ofs_y = -7},
    {.bitmap_index = 40215, .adv_w = 223, .box_w = 15, .box_h = 14, .ofs_x = -1, .ofs_y = 0},
    {.bitmap_index = 40242, .adv_w = 248, .box_w = 14, .box_h = 20, .ofs_x = 1, .ofs_y = -6},
    {.bitmap_index = 40277, .adv_w = 248, .box_w = 14, .box_h = 14, .ofs_x = 1, .ofs_y = 0},
    {.bitmap_index = 40302, .adv_w = 376, .box_w = 22, .box_h = 14, .ofs_x = 1, .ofs_y = 0},
    {.bitmap_index = 40341, .adv_w = 376, .box_w = 22, .box_h = 20, .ofs_x = 1, .ofs_y = -6},
    {.bitmap_index = 40396, .adv_w = 279, .box_w = 15, .box_h = 14, .ofs_x = 1, .ofs_y = 0},
    {.bitmap_index = 40423, .adv_w = 347, .box_w = 20, .box_h = 14, .ofs_x = 1, .ofs_y = 0},
    {.bitmap_index = 40458, .adv_w = 224, .box_w = 12, .box_h = 15, .ofs_x = 1, .ofs_y = 0},
    {.bitmap_index = 40481, .adv_w = 221, .box_w = 13, .box_h = 14, .ofs_x = 0, .ofs_y = 0},
    {.bitmap_index = 40504, .adv_w = 344, .box_w = 21, .box_h = 14, .ofs_x = 0, .ofs_y = 0},
    {.bitmap_index = 40541, .adv_w = 266, .box_w = 16, .box_h = 14, .ofs_x = 0, .ofs_y = 0},
    {.bitmap_index = 40569, .adv_w = 208, .box_w = 12, .box_h = 21, .ofs_x = 1, .ofs_y = 0},
    {.bitmap_index = 40601, .adv_w = 208, .box_w = 13, .box_h = 20, .ofs_x = 1, .ofs_y = 0},
    {.bitmap_index = 40634, .adv_w = 261, .box_w = 14, .box_h = 28, .ofs_x = 1, .ofs_y = -7},
    {.bitmap_index = 40683, .adv_w = 181, .box_w = 12, .box_h = 21, .ofs_x = 0, .ofs_y = 0},
    {.bitmap_index = 40715, .adv_w = 226, .box_w = 13, .box_h = 14, .ofs_x = 1, .ofs_y = 0},
    {.bitmap_index = 40738, .adv_w = 177, .box_w = 11, .box_h = 14, .ofs_x = 0, .ofs_y = 0},
    {.bitmap_index = 40758, .adv_w = 126, .box_w = 7, .box_h = 21, .ofs_x = 1, .ofs_y = 0},
    {.bitmap_index = 40777, .adv_w = 142, .box_w = 9, .box_h = 20, .ofs_x = 2, .ofs_y = 0},
    {.bitmap_index = 40800, .adv_w = 146, .box_w = 12, .box_h = 28, .ofs_x = -2, .ofs_y = -7},
    {.bitmap_index = 40842, .adv_w = 362, .box_w = 23, .box_h = 14, .ofs_x = -1, .ofs_y = 0},
    {.bitmap_index = 40883, .adv_w = 356, .box_w = 21, .box_h = 14, .ofs_x = 0, .ofs_y = 0},
    {.bitmap_index = 40920, .adv_w = 255, .box_w = 14, .box_h = 22, .ofs_x = 1, .ofs_y = 0},
    {.bitmap_index = 40959, .adv_w = 247, .box_w = 15, .box_h = 21, .ofs_x = 0, .ofs_y = 0},
    {.bitmap_index = 40999, .adv_w = 248, .box_w = 14, .box_h = 21, .ofs_x = 1, .ofs_y = 0},
    {.bitmap_index = 41036, .adv_w = 245, .box_w = 15, .box_h = 27, .ofs_x = 0, .ofs_y = -7},
    {.bitmap_index = 41087, .adv_w = 251, .box_w = 14, .box_h = 20, .ofs_x = 1, .ofs_y = -6},
    {.bitmap_index = 41122, .adv_w = 494, .box_w = 29, .box_h = 21, .ofs_x = 1, .ofs_y = 0},
    {.bitmap_index = 41199, .adv_w = 348, .box_w = 20, .box_h = 14, .ofs_x = 1, .ofs_y = 0},
    {.bitmap_index = 41234, .adv_w = 362, .box_w = 19, .box_h = 21, .ofs_x = 2, .ofs_y = 0},
    {.bitmap_index = 41284, .adv_w = 352, .box_w = 21, .box_h = 14, .ofs_x = 0, .ofs_y = 0},
    {.bitmap_index = 41321, .adv_w = 499, .box_w = 32, .box_h = 21, .ofs_x = 0, .ofs_y = 0},
    {.bitmap_index = 41405, .adv_w = 330, .box_w = 20, .box_h = 14, .ofs_x = 0, .ofs_y = 0},
    {.bitmap_index = 41440, .adv_w = 416, .box_w = 26, .box_h = 21, .ofs_x = -1, .ofs_y = 0},
    {.bitmap_index = 41509, .adv_w = 319, .box_w = 20, .box_h = 14, .ofs_x = -1, .ofs_y = 0},
    {.bitmap_index = 41544, .adv_w = 561, .box_w = 34, .box_h = 21, .ofs_x = 0, .ofs_y = 0},
    {.bitmap_index = 41634, .adv_w = 405, .box_w = 25, .box_h = 14, .ofs_x = 0, .ofs_y = 0},
    {.bitmap_index = 41678, .adv_w = 494, .box_w = 30, .box_h = 21, .ofs_x = -1, .ofs_y = 0},
    {.bitmap_index = 41757, .adv_w = 378, .box_w = 23, .box_h = 14, .ofs_x = 0, .ofs_y = 0},
    {.bitmap_index = 41798, .adv_w = 645, .box_w = 39, .box_h = 21, .ofs_x = 0, .ofs_y = 0},
    {.bitmap_index = 41901, .adv_w = 454, .box_w = 28, .box_h = 14, .ofs_x = 0, .ofs_y = 0},
    {.bitmap_index = 41950, .adv_w = 294, .box_w = 21, .box_h = 33, .ofs_x = -1, .ofs_y = -7},
    {.bitmap_index = 42037, .adv_w = 205, .box_w = 14, .box_h = 24, .ofs_x = 0, .ofs_y = -6},
    {.bitmap_index = 42079, .adv_w = 416, .box_w = 26, .box_h = 21, .ofs_x = 5, .ofs_y = 0},
    {.bitmap_index = 42148, .adv_w = 355, .box_w = 21, .box_h = 29, .ofs_x = 3, .ofs_y = -7},
    {.bitmap_index = 42225, .adv_w = 369, .box_w = 20, .box_h = 21, .ofs_x = 2, .ofs_y = 0},
    {.bitmap_index = 42278, .adv_w = 256, .box_w = 14, .box_h = 14, .ofs_x = 1, .ofs_y = 0},
    {.bitmap_index = 42303, .adv_w = 381, .box_w = 24, .box_h = 21, .ofs_x = 2, .ofs_y = 0},
    {.bitmap_index = 42366, .adv_w = 273, .box_w = 17, .box_h = 14, .ofs_x = 1, .ofs_y = 0},
    {.bitmap_index = 42396, .adv_w = 381, .box_w = 24, .box_h = 29, .ofs_x = 2, .ofs_y = 0},
    {.bitmap_index = 42483, .adv_w = 273, .box_w = 17, .box_h = 23, .ofs_x = 1, .ofs_y = 0},
    {.bitmap_index = 42532, .adv_w = 567, .box_w = 33, .box_h = 28, .ofs_x = 2, .ofs_y = -7},
    {.bitmap_index = 42648, .adv_w = 465, .box_w = 27, .box_h = 21, .ofs_x = 1, .ofs_y = -7},
    {.bitmap_index = 42719, .adv_w = 444, .box_w = 26, .box_h = 24, .ofs_x = 1, .ofs_y = -1},
    {.bitmap_index = 42797, .adv_w = 308, .box_w = 18, .box_h = 16, .ofs_x = 1, .ofs_y = -1},
    {.bitmap_index = 42833, .adv_w = 494, .box_w = 29, .box_h = 29, .ofs_x = 1, .ofs_y = 0},
    {.bitmap_index = 42939, .adv_w = 350, .box_w = 22, .box_h = 21, .ofs_x = 1, .ofs_y = 0},
    {.bitmap_index = 42997, .adv_w = 494, .box_w = 29, .box_h = 27, .ofs_x = 1, .ofs_y = 0},
    {.bitmap_index = 43095, .adv_w = 348, .box_w = 21, .box_h = 20, .ofs_x = 1, .ofs_y = 0},
    {.bitmap_index = 43148, .adv_w = 301, .box_w = 16, .box_h = 21, .ofs_x = 3, .ofs_y = 0},
    {.bitmap_index = 43190, .adv_w = 227, .box_w = 13, .box_h = 19, .ofs_x = 1, .ofs_y = -5},
    {.bitmap_index = 43221, .adv_w = 164, .box_w = 9, .box_h = 11, .ofs_x = 0, .ofs_y = -7},
    {.bitmap_index = 43234, .adv_w = 0, .box_w = 11, .box_h = 4, .ofs_x = -6, .ofs_y = 16},
    {.bitmap_index = 43240, .adv_w = 0, .box_w = 12, .box_h = 6, .ofs_x = -8, .ofs_y = 15},
    {.bitmap_index = 43249, .adv_w = 0, .box_w = 6, .box_h = 6, .ofs_x = -1, .ofs_y = 17},
    {.bitmap_index = 43254, .adv_w = 0, .box_w = 6, .box_h = 7, .ofs_x = -1, .ofs_y = 17},
    {.bitmap_index = 43260, .adv_w = 0, .box_w = 21, .box_h = 5, .ofs_x = -13, .ofs_y = 17},
    {.bitmap_index = 43274, .adv_w = 0, .box_w = 33, .box_h = 31, .ofs_x = -24, .ofs_y = -4},
    {.bitmap_index = 43402, .adv_w = 0, .box_w = 36, .box_h = 36, .ofs_x = -25, .ofs_y = -8},
    {.bitmap_index = 43564, .adv_w = 369, .box_w = 25, .box_h = 32, .ofs_x = 0, .ofs_y = -5},
    {.bitmap_index = 43664, .adv_w = 256, .box_w = 14, .box_h = 24, .ofs_x = 1, .ofs_y = -4},
    {.bitmap_index = 43706, .adv_w = 308, .box_w = 17, .box_h = 21, .ofs_x = 0, .ofs_y = 0},
    {.bitmap_index = 43751, .adv_w = 222, .box_w = 13, .box_h = 15, .ofs_x = 0, .ofs_y = 0},
    {.bitmap_index = 43776, .adv_w = 313, .box_w = 19, .box_h = 21, .ofs_x = 0, .ofs_y = 0},
    {.bitmap_index = 43826, .adv_w = 256, .box_w = 17, .box_h = 21, .ofs_x = -2, .ofs_y = -7},
    {.bitmap_index = 43871, .adv_w = 283, .box_w = 21, .box_h = 24, .ofs_x = 0, .ofs_y = 0},
    {.bitmap_index = 43934, .adv_w = 217, .box_w = 15, .box_h = 17, .ofs_x = 0, .ofs_y = 0},
    {.bitmap_index = 43966, .adv_w = 304, .box_w = 20, .box_h = 21, .ofs_x = 0, .ofs_y = 0},
    {.bitmap_index = 44019, .adv_w = 217, .box_w = 14, .box_h = 14, .ofs_x = 0, .ofs_y = 0},
    {.bitmap_index = 44044, .adv_w = 313, .box_w = 21, .box_h = 29, .ofs_x = 0, .ofs_y = -8},
    {.bitmap_index = 44121, .adv_w = 221, .box_w = 14, .box_h = 21, .ofs_x = 0, .ofs_y = -7},
    {.bitmap_index = 44158, .adv_w = 508, .box_w = 33, .box_h = 26, .ofs_x = -1, .ofs_y = -5},
    {.bitmap_index = 44266, .adv_w = 477, .box_w = 29, .box_h = 20, .ofs_x = 0, .ofs_y = -6},
    {.bitmap_index = 44339, .adv_w = 303, .box_w = 18, .box_h = 28, .ofs_x = 0, .ofs_y = -7},
    {.bitmap_index = 44402, .adv_w = 203, .box_w = 12, .box_h = 19, .ofs_x = 0, .ofs_y = -5},
    {.bitmap_index = 44431, .adv_w = 349, .box_w = 22, .box_h = 26, .ofs_x = 0, .ofs_y = -5},
    {.bitmap_index = 44503, .adv_w = 251, .box_w = 15, .box_h = 20, .ofs_x = 0, .ofs_y = -6},
    {.bitmap_index = 44541, .adv_w = 358, .box_w = 24, .box_h = 21, .ofs_x = 0, .ofs_y = 0},
    {.bitmap_index = 44604, .adv_w = 272, .box_w = 16, .box_h = 14, .ofs_x = 0, .ofs_y = 0},
    {.bitmap_index = 44632, .adv_w = 340, .box_w = 22, .box_h = 21, .ofs_x = 0, .ofs_y = 0},
    {.bitmap_index = 44690, .adv_w = 251, .box_w = 15, .box_h = 14, .ofs_x = 0, .ofs_y = 0},
    {.bitmap_index = 44717, .adv_w = 397, .box_w = 24, .box_h = 21, .ofs_x = 2, .ofs_y = 0},
    {.bitmap_index = 44780, .adv_w = 353, .box_w = 20, .box_h = 14, .ofs_x = 1, .ofs_y = 0},
    {.bitmap_index = 44815, .adv_w = 373, .box_w = 25, .box_h = 26, .ofs_x = 0, .ofs_y = -5},
    {.bitmap_index = 44897, .adv_w = 256, .box_w = 15, .box_h = 20, .ofs_x = 0, .ofs_y = -6},
    {.bitmap_index = 44935, .adv_w = 465, .box_w = 31, .box_h = 21, .ofs_x = 0, .ofs_y = 0},
    {.bitmap_index = 45017, .adv_w = 338, .box_w = 21, .box_h = 14, .ofs_x = 0, .ofs_y = 0},
    {.bitmap_index = 45054, .adv_w = 529, .box_w = 30, .box_h = 29, .ofs_x = 0, .ofs_y = -8},
    {.bitmap_index = 45163, .adv_w = 355, .box_w = 21, .box_h = 21, .ofs_x = 0, .ofs_y = -7},
    {.bitmap_index = 45219, .adv_w = 374, .box_w = 22, .box_h = 21, .ofs_x = 1, .ofs_y = 0},
    {.bitmap_index = 45277, .adv_w = 278, .box_w = 15, .box_h = 15, .ofs_x = 1, .ofs_y = 0},
    {.bitmap_index = 45306, .adv_w = 341, .box_w = 20, .box_h = 28, .ofs_x = 2, .ofs_y = -7},
    {.bitmap_index = 45376, .adv_w = 206, .box_w = 12, .box_h = 19, .ofs_x = 1, .ofs_y = -5},
    {.bitmap_index = 45405, .adv_w = 285, .box_w = 18, .box_h = 25, .ofs_x = 2, .ofs_y = -4},
    {.bitmap_index = 45462, .adv_w = 397, .box_w = 23, .box_h = 20, .ofs_x = 0, .ofs_y = -6},
    {.bitmap_index = 45520, .adv_w = 304, .box_w = 17, .box_h = 21, .ofs_x = 4, .ofs_y = 0},
    {.bitmap_index = 45565, .adv_w = 294, .box_w = 18, .box_h = 21, .ofs_x = 1, .ofs_y = -7},
    {.bitmap_index = 45613, .adv_w = 284, .box_w = 18, .box_h = 21, .ofs_x = 2, .ofs_y = 0},
    {.bitmap_index = 45661, .adv_w = 294, .box_w = 18, .box_h = 21, .ofs_x = 1, .ofs_y = -7},
    {.bitmap_index = 45709, .adv_w = 338, .box_w = 22, .box_h = 26, .ofs_x = 0, .ofs_y = -5},
    {.bitmap_index = 45781, .adv_w = 227, .box_w = 15, .box_h = 20, .ofs_x = -1, .ofs_y = -6},
    {.bitmap_index = 45819, .adv_w = 409, .box_w = 28, .box_h = 25, .ofs_x = 2, .ofs_y = -4},
    {.bitmap_index = 45907, .adv_w = 297, .box_w = 16, .box_h = 20, .ofs_x = 2, .ofs_y = -6},
    {.bitmap_index = 45947, .adv_w = 345, .box_w = 19, .box_h = 26, .ofs_x = 4, .ofs_y = -5},
    {.bitmap_index = 46009, .adv_w = 256, .box_w = 13, .box_h = 20, .ofs_x = 2, .ofs_y = -6},
    {.bitmap_index = 46042, .adv_w = 353, .box_w = 20, .box_h = 21, .ofs_x = 4, .ofs_y = 0},
    {.bitmap_index = 46095, .adv_w = 264, .box_w = 14, .box_h = 14, .ofs_x = 2, .ofs_y = 0},
    {.bitmap_index = 46120, .adv_w = 328, .box_w = 19, .box_h = 21, .ofs_x = 0, .ofs_y = 0},
    {.bitmap_index = 46170, .adv_w = 255, .box_w = 14, .box_h = 22, .ofs_x = 1, .ofs_y = 0},
    {.bitmap_index = 46209, .adv_w = 402, .box_w = 24, .box_h = 21, .ofs_x = 1, .ofs_y = 0},
    {.bitmap_index = 46272, .adv_w = 291, .box_w = 16, .box_h = 14, .ofs_x = 2, .ofs_y = 0},
    {.bitmap_index = 46300, .adv_w = 402, .box_w = 24, .box_h = 25, .ofs_x = 1, .ofs_y = -4},
    {.bitmap_index = 46375, .adv_w = 291, .box_w = 16, .box_h = 19, .ofs_x = 2, .ofs_y = -5},
    {.bitmap_index = 46413, .adv_w = 165, .box_w = 13, .box_h = 21, .ofs_x = 0, .ofs_y = 0},
    {.bitmap_index = 46448, .adv_w = 505, .box_w = 34, .box_h = 27, .ofs_x = -1, .ofs_y = 0},
    {.bitmap_index = 46563, .adv_w = 468, .box_w = 29, .box_h = 20, .ofs_x = 0, .ofs_y = 0},
    {.bitmap_index = 46636, .adv_w = 340, .box_w = 22, .box_h = 29, .ofs_x = 0, .ofs_y = -8},
    {.bitmap_index = 46716, .adv_w = 251, .box_w = 15, .box_h = 21, .ofs_x = 0, .ofs_y = -7},
    {.bitmap_index = 46756, .adv_w = 368, .box_w = 25, .box_h = 25, .ofs_x = -1, .ofs_y = -4},
    {.bitmap_index = 46835, .adv_w = 249, .box_w = 16, .box_h = 18, .ofs_x = -1, .ofs_y = -4},
    {.bitmap_index = 46871, .adv_w = 370, .box_w = 25, .box_h = 29, .ofs_x = 0, .ofs_y = -8},
    {.bitmap_index = 46962, .adv_w = 256, .box_w = 15, .box_h = 21, .ofs_x = 0, .ofs_y = -7},
    {.bitmap_index = 47002, .adv_w = 370, .box_w = 25, .box_h = 26, .ofs_x = 0, .ofs_y = -5},
    {.bitmap_index = 47084, .adv_w = 256, .box_w = 15, .box_h = 19, .ofs_x = 0, .ofs_y = -5},
    {.bitmap_index = 47120, .adv_w = 341, .box_w = 19, .box_h = 27, .ofs_x = 4, .ofs_y = -6},
    {.bitmap_index = 47185, .adv_w = 256, .box_w = 13, .box_h = 20, .ofs_x = 2, .ofs_y = -6},
    {.bitmap_index = 47218, .adv_w = 424, .box_w = 29, .box_h = 26, .ofs_x = -1, .ofs_y = -5},
    {.bitmap_index = 47313, .adv_w = 319, .box_w = 20, .box_h = 18, .ofs_x = -1, .ofs_y = -4},
    {.bitmap_index = 47358, .adv_w = 165, .box_w = 13, .box_h = 21, .ofs_x = 0, .ofs_y = 0},
    {.bitmap_index = 47393, .adv_w = 333, .box_w = 20, .box_h = 27, .ofs_x = 0, .ofs_y = 0},
    {.bitmap_index = 47461, .adv_w = 255, .box_w = 14, .box_h = 20, .ofs_x = 1, .ofs_y = 0},
    {.bitmap_index = 47496, .adv_w = 333, .box_w = 20, .box_h = 27, .ofs_x = 0, .ofs_y = 0},
    {.bitmap_index = 47564, .adv_w = 255, .box_w = 14, .box_h = 19, .ofs_x = 1, .ofs_y = 0},
    {.bitmap_index = 47598, .adv_w = 449, .box_w = 30, .box_h = 21, .ofs_x = 0, .ofs_y = 0},
    {.bitmap_index = 47677, .adv_w = 325, .box_w = 19, .box_h = 14, .ofs_x = 1, .ofs_y = 0},
    {.bitmap_index = 47711, .adv_w = 294, .box_w = 20, .box_h = 27, .ofs_x = 0, .ofs_y = 0},
    {.bitmap_index = 47779, .adv_w = 208, .box_w = 14, .box_h = 20, .ofs_x = 1, .ofs_y = 0},
    {.bitmap_index = 47814, .adv_w = 300, .box_w = 19, .box_h = 21, .ofs_x = 1, .ofs_y = 0},
    {.bitmap_index = 47864, .adv_w = 208, .box_w = 12, .box_h = 14, .ofs_x = 1, .ofs_y = 0},
    {.bitmap_index = 47885, .adv_w = 300, .box_w = 20, .box_h = 27, .ofs_x = 1, .ofs_y = 0},
    {.bitmap_index = 47953, .adv_w = 208, .box_w = 14, .box_h = 20, .ofs_x = 1, .ofs_y = 0},
    {.bitmap_index = 47988, .adv_w = 505, .box_w = 34, .box_h = 27, .ofs_x = -1, .ofs_y = 0},
    {.bitmap_index = 48103, .adv_w = 468, .box_w = 29, .box_h = 20, .ofs_x = 0, .ofs_y = 0},
    {.bitmap_index = 48176, .adv_w = 303, .box_w = 18, .box_h = 27, .ofs_x = 0, .ofs_y = 0},
    {.bitmap_index = 48237, .adv_w = 211, .box_w = 14, .box_h = 19, .ofs_x = 0, .ofs_y = 0},
    {.bitmap_index = 48271, .adv_w = 265, .box_w = 20, .box_h = 21, .ofs_x = -1, .ofs_y = 0},
    {.bitmap_index = 48324, .adv_w = 228, .box_w = 14, .box_h = 21, .ofs_x = -2, .ofs_y = -7},
    {.bitmap_index = 48361, .adv_w = 369, .box_w = 25, .box_h = 25, .ofs_x = 0, .ofs_y = 0},
    {.bitmap_index = 48440, .adv_w = 248, .box_w = 14, .box_h = 18, .ofs_x = 1, .ofs_y = 0},
    {.bitmap_index = 48472, .adv_w = 369, .box_w = 25, .box_h = 27, .ofs_x = 0, .ofs_y = 0},
    {.bitmap_index = 48557, .adv_w = 248, .box_w = 14, .box_h = 19, .ofs_x = 1, .ofs_y = 0},
    {.bitmap_index = 48591, .adv_w = 336, .box_w = 21, .box_h = 28, .ofs_x = 1, .ofs_y = 0},
    {.bitmap_index = 48665, .adv_w = 242, .box_w = 15, .box_h = 20, .ofs_x = 1, .ofs_y = 0},
    {.bitmap_index = 48703, .adv_w = 338, .box_w = 21, .box_h = 21, .ofs_x = 1, .ofs_y = 0},
    {.bitmap_index = 48759, .adv_w = 256, .box_w = 14, .box_h = 14, .ofs_x = 1, .ofs_y = 0},
    {.bitmap_index = 48784, .adv_w = 338, .box_w = 21, .box_h = 28, .ofs_x = 1, .ofs_y = 0},
    {.bitmap_index = 48858, .adv_w = 256, .box_w = 15, .box_h = 20, .ofs_x = 1, .ofs_y = 0},
    {.bitmap_index = 48896, .adv_w = 304, .box_w = 19, .box_h = 27, .ofs_x = 0, .ofs_y = 0},
    {.bitmap_index = 48961, .adv_w = 221, .box_w = 14, .box_h = 20, .ofs_x = 0, .ofs_y = 0},
    {.bitmap_index = 48996, .adv_w = 378, .box_w = 22, .box_h = 26, .ofs_x = 4, .ofs_y = 0},
    {.bitmap_index = 49068, .adv_w = 245, .box_w = 15, .box_h = 25, .ofs_x = 0, .ofs_y = -7},
    {.bitmap_index = 49115, .adv_w = 378, .box_w = 22, .box_h = 28, .ofs_x = 4, .ofs_y = 0},
    {.bitmap_index = 49192, .adv_w = 245, .box_w = 15, .box_h = 26, .ofs_x = 0, .ofs_y = -7},
    {.bitmap_index = 49241, .adv_w = 378, .box_w = 22, .box_h = 28, .ofs_x = 4, .ofs_y = 0},
    {.bitmap_index = 49318, .adv_w = 245, .box_w = 15, .box_h = 28, .ofs_x = 0, .ofs_y = -7},
    {.bitmap_index = 49371, .adv_w = 329, .box_w = 19, .box_h = 27, .ofs_x = 4, .ofs_y = 0},
    {.bitmap_index = 49436, .adv_w = 248, .box_w = 14, .box_h = 19, .ofs_x = 1, .ofs_y = 0},
    {.bitmap_index = 49470, .adv_w = 313, .box_w = 21, .box_h = 26, .ofs_x = 0, .ofs_y = -5},
    {.bitmap_index = 49539, .adv_w = 217, .box_w = 14, .box_h = 20, .ofs_x = 0, .ofs_y = -6},
    {.bitmap_index = 49574, .adv_w = 449, .box_w = 30, .box_h = 27, .ofs_x = 0, .ofs_y = 0},
    {.bitmap_index = 49676, .adv_w = 347, .box_w = 20, .box_h = 20, .ofs_x = 1, .ofs_y = 0},
    {.bitmap_index = 49726, .adv_w = 272, .box_w = 18, .box_h = 21, .ofs_x = 2, .ofs_y = 0},
    {.bitmap_index = 49774, .adv_w = 209, .box_w = 13, .box_h = 15, .ofs_x = 2, .ofs_y = 0},
    {.bitmap_index = 49799, .adv_w = 368, .box_w = 25, .box_h = 28, .ofs_x = -1, .ofs_y = -7},
    {.bitmap_index = 49887, .adv_w = 249, .box_w = 15, .box_h = 21, .ofs_x = -1, .ofs_y = -7},
    {.bitmap_index = 49927, .adv_w = 336, .box_w = 21, .box_h = 26, .ofs_x = 1, .ofs_y = -5},
    {.bitmap_index = 49996, .adv_w = 247, .box_w = 14, .box_h = 21, .ofs_x = 1, .ofs_y = -7},
    {.bitmap_index = 50033, .adv_w = 455, .box_w = 27, .box_h = 21, .ofs_x = 4, .ofs_y = 0},
    {.bitmap_index = 50104, .adv_w = 336, .box_w = 21, .box_h = 14, .ofs_x = 1, .ofs_y = 0},
    {.bitmap_index = 50141, .adv_w = 340, .box_w = 22, .box_h = 21, .ofs_x = 0, .ofs_y = 0},
    {.bitmap_index = 50199, .adv_w = 251, .box_w = 15, .box_h = 14, .ofs_x = 0, .ofs_y = 0}
};

/*---------------------
 *  CHARACTER MAPPING
 *--------------------*/

static const uint16_t unicode_list_4[] = {
    0x0, 0x1, 0x6, 0xa, 0x10, 0x11, 0x12, 0x13,
    0x14, 0x15, 0x16, 0x18
};

static const uint8_t glyph_id_ofs_list_10[] = {
    0, 1, 2, 3, 0, 0, 0, 0,
    0, 0, 4, 5, 6, 7, 8, 9
};

/*Collect the unicode lists and glyph_id offsets*/
static const lv_font_fmt_txt_cmap_t cmaps[] =
{
    {
        .range_start = 32, .range_length = 95, .glyph_id_start = 1,
        .unicode_list = NULL, .glyph_id_ofs_list = NULL, .list_length = 0, .type = LV_FONT_FMT_TXT_CMAP_FORMAT0_TINY
    },
    {
        .range_start = 160, .range_length = 208, .glyph_id_start = 96,
        .unicode_list = NULL, .glyph_id_ofs_list = NULL, .list_length = 0, .type = LV_FONT_FMT_TXT_CMAP_FORMAT0_TINY
    },
    {
        .range_start = 368, .range_length = 256, .glyph_id_start = 304,
        .unicode_list = NULL, .glyph_id_ofs_list = NULL, .list_length = 0, .type = LV_FONT_FMT_TXT_CMAP_FORMAT0_TINY
    },
    {
        .range_start = 624, .range_length = 256, .glyph_id_start = 560,
        .unicode_list = NULL, .glyph_id_ofs_list = NULL, .list_length = 0, .type = LV_FONT_FMT_TXT_CMAP_FORMAT0_TINY
    },
    {
        .range_start = 884, .range_length = 25, .glyph_id_start = 816,
        .unicode_list = unicode_list_4, .glyph_id_ofs_list = NULL, .list_length = 12, .type = LV_FONT_FMT_TXT_CMAP_SPARSE_TINY
    },
    {
        .range_start = 910, .range_length = 20, .glyph_id_start = 828,
        .unicode_list = NULL, .glyph_id_ofs_list = NULL, .list_length = 0, .type = LV_FONT_FMT_TXT_CMAP_FORMAT0_TINY
    },
    {
        .range_start = 931, .range_length = 44, .glyph_id_start = 848,
        .unicode_list = NULL, .glyph_id_ofs_list = NULL, .list_length = 0, .type = LV_FONT_FMT_TXT_CMAP_FORMAT0_TINY
    },
    {
        .range_start = 976, .range_length = 18, .glyph_id_start = 892,
        .unicode_list = NULL, .glyph_id_ofs_list = NULL, .list_length = 0, .type = LV_FONT_FMT_TXT_CMAP_FORMAT0_TINY
    },
    {
        .range_start = 1008, .range_length = 10, .glyph_id_start = 910,
        .unicode_list = NULL, .glyph_id_ofs_list = NULL, .list_length = 0, .type = LV_FONT_FMT_TXT_CMAP_FORMAT0_TINY
    },
    {
        .range_start = 1018, .range_length = 256, .glyph_id_start = 920,
        .unicode_list = NULL, .glyph_id_ofs_list = NULL, .list_length = 0, .type = LV_FONT_FMT_TXT_CMAP_FORMAT0_TINY
    },
    {
        .range_start = 1296, .range_length = 16, .glyph_id_start = 1176,
        .unicode_list = NULL, .glyph_id_ofs_list = glyph_id_ofs_list_10, .list_length = 16, .type = LV_FONT_FMT_TXT_CMAP_FORMAT0_FULL
    }
};



/*--------------------
 *  ALL CUSTOM DATA
 *--------------------*/

static lv_font_fmt_txt_dsc_t font_dsc = {
    .glyph_bitmap = glyph_bitmap,
    .glyph_dsc = glyph_dsc,
    .cmaps = cmaps,
    .kern_dsc = NULL,
    .kern_scale = 0,
    .cmap_num = 11,
    .bpp = 1,
    .kern_classes = 0,
    .bitmap_format = 0,
};

/*-----------------
 *  PUBLIC FONT
 *----------------*/

/*Initialize a public general font descriptor*/
lv_font_t FreeSerifItalic_32 = {
    .name = "FreeSerifItalic_32",
    .line_height = 39,          /*The maximum line height required by the font*/
    .base_line = 10,             /*Baseline measured from the bottom of the line*/
    .dsc = &font_dsc,          /*The custom font data. Will be accessed by `get_glyph_bitmap/dsc` */
};

REGISTER_FONT(FreeSerifItalic_32);

#endif /*#if FREESERIFITALIC_32*/
