/*******************************************************************************
 * Size: 20 px
 * Bpp: 1
 * Opts: --bpp 1 --size 20 --no-compress --stride 1 --align 1 --font FreeSerifItalic.ttf --range 32-1327 --format lvgl -o FreeSerifItalic_20.c
 ******************************************************************************/

#include "../fontsdef.h"

 // Range:  0x20-0x52F
 // 0x20 -0x7E  Basic Latin
 // 0xA0 -0xFF  Latin Supplement
 // 0x100-0x17F Latin Extended A
 // 0x38E-0x3CE Greek
 // 0x400-0x45D Cyrillic

#if TFT_FONT == 2 // FREE SERIF ITALIC

/*-----------------
 *    BITMAPS
 *----------------*/

/*Store the image of the glyphs*/
static LV_ATTRIBUTE_LARGE_CONST const uint8_t glyph_bitmap[] = {
    /* U+0020 " " */
    0x0,

    /* U+0021 "!" */
    0x18, 0xc6, 0x23, 0x10, 0x84, 0x42, 0x1, 0x8c,
    0x0,

    /* U+0022 "\"" */
    0xce, 0x67, 0x29, 0x0,

    /* U+0023 "#" */
    0x6, 0x40, 0x88, 0x13, 0x6, 0x40, 0x88, 0x7f,
    0xc6, 0x40, 0x88, 0x13, 0x1f, 0xf0, 0x88, 0x32,
    0x4, 0x40, 0x98, 0x0,

    /* U+0024 "$" */
    0x2, 0xf, 0x89, 0x64, 0x96, 0x41, 0xa0, 0xe0,
    0x38, 0xe, 0x7, 0x84, 0xd2, 0x29, 0x34, 0x91,
    0xb0, 0x60, 0x20, 0x0,

    /* U+0025 "%" */
    0x0, 0x20, 0xff, 0x6, 0x44, 0x31, 0x20, 0x84,
    0x82, 0x24, 0x8, 0xa3, 0x9c, 0x99, 0x4, 0xc4,
    0x12, 0x10, 0x98, 0x82, 0x62, 0x10, 0x90, 0x43,
    0x80,

    /* U+0026 "&" */
    0x3, 0x80, 0x4c, 0x4, 0x80, 0xd0, 0x6, 0x0,
    0x67, 0x3e, 0x24, 0x64, 0xc3, 0x48, 0x38, 0xc1,
    0x8c, 0x3c, 0x7c, 0xf0,

    /* U+0027 "'" */
    0xfa, 0x80,

    /* U+0028 "(" */
    0x0, 0x44, 0x46, 0x23, 0x18, 0xc4, 0x21, 0x8,
    0x42, 0x8, 0x40, 0x0,

    /* U+0029 ")" */
    0x10, 0x40, 0x82, 0x8, 0x30, 0xc3, 0xc, 0x30,
    0x82, 0x18, 0x43, 0x8, 0x42, 0x0,

    /* U+002A "*" */
    0x10, 0x22, 0x5b, 0x43, 0x1d, 0xe4, 0x98, 0x0,

    /* U+002B "+" */
    0x8, 0x2, 0x0, 0x80, 0x20, 0x8, 0x3f, 0xf0,
    0x80, 0x20, 0x8, 0x2, 0x0, 0x80,

    /* U+002C "," */
    0x4d, 0x28,

    /* U+002D "-" */
    0xf8,

    /* U+002E "." */
    0xf0,

    /* U+002F "/" */
    0x1, 0x80, 0x80, 0xc0, 0x40, 0x60, 0x60, 0x20,
    0x30, 0x10, 0x18, 0x8, 0xc, 0x4, 0x6, 0x0,

    /* U+0030 "0" */
    0xe, 0x8, 0x88, 0x6c, 0x34, 0x1e, 0xf, 0x7,
    0x83, 0x81, 0x41, 0xa0, 0x90, 0xcc, 0x43, 0xc0,

    /* U+0031 "1" */
    0xe, 0xc, 0x18, 0x20, 0xc1, 0x83, 0x4, 0x18,
    0x30, 0x41, 0x83, 0xf, 0x0,

    /* U+0032 "2" */
    0xe, 0xf, 0x88, 0x60, 0x30, 0x18, 0x8, 0xc,
    0x4, 0x4, 0x4, 0x4, 0x4, 0x7, 0xf7, 0xf8,

    /* U+0033 "3" */
    0x7, 0xc, 0xc0, 0x20, 0x30, 0x10, 0x30, 0x78,
    0x6, 0x3, 0x0, 0x80, 0xc0, 0x4c, 0x23, 0xe0,

    /* U+0034 "4" */
    0x0, 0x80, 0x60, 0x38, 0x16, 0x9, 0x4, 0x41,
    0x30, 0x8c, 0x42, 0x3f, 0xe0, 0x60, 0x10, 0x4,
    0x3, 0x0,

    /* U+0035 "5" */
    0xf, 0xc2, 0x1, 0x0, 0x60, 0x1e, 0x1, 0xc0,
    0x30, 0x4, 0x1, 0x0, 0x40, 0x10, 0x8, 0xc4,
    0x1e, 0x0,

    /* U+0036 "6" */
    0x1, 0x83, 0x6, 0x6, 0x7, 0x3, 0xf3, 0xd,
    0x86, 0x83, 0x41, 0xa0, 0xd0, 0x48, 0x63, 0xc0,

    /* U+0037 "7" */
    0x3f, 0xdf, 0xe0, 0x10, 0x4, 0x2, 0x0, 0x80,
    0x40, 0x30, 0x8, 0x6, 0x1, 0x0, 0x80, 0x60,
    0x10, 0x0,

    /* U+0038 "8" */
    0x1e, 0x18, 0x88, 0x64, 0x33, 0x10, 0xd0, 0x70,
    0xcc, 0xc6, 0x41, 0xa0, 0xd0, 0x6c, 0x23, 0xe0,

    /* U+0039 "9" */
    0xf, 0x4, 0x23, 0xc, 0x83, 0x60, 0xd8, 0x36,
    0xc, 0xc6, 0x1f, 0x80, 0xc0, 0x60, 0x10, 0x18,
    0x18, 0x0,

    /* U+003A ":" */
    0x33, 0x0, 0x0, 0xc, 0xc0,

    /* U+003B ";" */
    0x33, 0x0, 0x0, 0xc, 0x44, 0x80,

    /* U+003C "<" */
    0x0, 0x0, 0x30, 0x38, 0x38, 0x78, 0x38, 0xe,
    0x0, 0xe0, 0xf, 0x0, 0x70, 0x4,

    /* U+003D "=" */
    0xff, 0xc0, 0x0, 0x0, 0x0, 0xff, 0xc0,

    /* U+003E ">" */
    0x0, 0x38, 0x7, 0x80, 0x38, 0x3, 0x80, 0x30,
    0x1c, 0x1c, 0x1c, 0x1c, 0xc, 0x0,

    /* U+003F "?" */
    0x39, 0x14, 0x41, 0x8, 0x42, 0x10, 0x40, 0x0,
    0x30, 0xc0,

    /* U+0040 "@" */
    0x7, 0xc0, 0x60, 0xc2, 0x1a, 0x98, 0x99, 0x46,
    0x67, 0x11, 0x9c, 0xc4, 0x73, 0x11, 0x44, 0xc9,
    0x9d, 0xc3, 0x0, 0x6, 0x4, 0x7, 0xe0,

    /* U+0041 "A" */
    0x0, 0x80, 0x8, 0x1, 0x80, 0x28, 0x2, 0xc0,
    0x4c, 0x4, 0xc0, 0x8c, 0x8, 0xc1, 0xfc, 0x10,
    0x62, 0x6, 0x60, 0x66, 0xf,

    /* U+0042 "B" */
    0xf, 0xe0, 0xc3, 0xc, 0x30, 0xc3, 0x18, 0x61,
    0xf8, 0x18, 0xc1, 0x86, 0x30, 0x63, 0x6, 0x30,
    0xe3, 0xc, 0xff, 0x0,

    /* U+0043 "C" */
    0x7, 0xf1, 0xc3, 0x30, 0x17, 0x1, 0x60, 0xe,
    0x0, 0xc0, 0xc, 0x0, 0xc0, 0xc, 0x0, 0xe0,
    0x47, 0x8, 0x1f, 0x0,

    /* U+0044 "D" */
    0xf, 0xe0, 0x30, 0x60, 0xc1, 0x83, 0x3, 0x1c,
    0xc, 0x60, 0x31, 0x80, 0xc6, 0x3, 0x30, 0x18,
    0xc0, 0x63, 0x3, 0xc, 0x38, 0xff, 0x80,

    /* U+0045 "E" */
    0xf, 0xf8, 0x60, 0x83, 0x0, 0x18, 0x81, 0x84,
    0xf, 0xc0, 0x62, 0x3, 0x10, 0x30, 0x1, 0x80,
    0xc, 0x8, 0x60, 0xcf, 0xfc, 0x0,

    /* U+0046 "F" */
    0xf, 0xf8, 0x60, 0x83, 0x0, 0x18, 0x1, 0x84,
    0xf, 0xc0, 0x62, 0x3, 0x10, 0x30, 0x1, 0x80,
    0xc, 0x0, 0x60, 0x7, 0x0, 0x0,

    /* U+0047 "G" */
    0x7, 0xf8, 0xc0, 0xcc, 0x4, 0xc0, 0x6, 0x0,
    0x70, 0x3, 0x3, 0xf8, 0xe, 0xc0, 0x66, 0x3,
    0x18, 0x18, 0xc1, 0x81, 0xf8, 0x0,

    /* U+0048 "H" */
    0xf, 0x1e, 0xc, 0xc, 0xc, 0xc, 0xc, 0x18,
    0x18, 0x18, 0x1f, 0xf8, 0x18, 0x38, 0x18, 0x30,
    0x30, 0x30, 0x30, 0x30, 0x30, 0x60, 0x30, 0x60,
    0xf0, 0xf0,

    /* U+0049 "I" */
    0xe, 0xc, 0xc, 0xc, 0x18, 0x18, 0x18, 0x18,
    0x30, 0x30, 0x30, 0x30, 0x70,

    /* U+004A "J" */
    0x3, 0x80, 0xc0, 0x30, 0xc, 0x3, 0x1, 0x80,
    0x60, 0x18, 0xc, 0x3, 0xc, 0xc3, 0x60, 0x70,
    0x0,

    /* U+004B "K" */
    0xf, 0x1c, 0x30, 0x40, 0xc2, 0x3, 0x30, 0x9,
    0x0, 0x78, 0x1, 0xe0, 0x6, 0xc0, 0x33, 0x80,
    0xc6, 0x3, 0xc, 0xc, 0x30, 0x70, 0xe0,

    /* U+004C "L" */
    0xf, 0x1, 0x80, 0x30, 0x6, 0x1, 0x80, 0x30,
    0x6, 0x0, 0xc0, 0x30, 0x6, 0x0, 0xc0, 0x98,
    0x3f, 0xfc,

    /* U+004D "M" */
    0xe, 0x3, 0x83, 0x81, 0xc0, 0xe0, 0x70, 0x38,
    0x2c, 0x16, 0x16, 0x5, 0x85, 0x81, 0x22, 0x60,
    0x4d, 0x18, 0x23, 0x4c, 0x8, 0xe3, 0x2, 0x30,
    0xc1, 0x8c, 0x70, 0x62, 0x3c, 0x0,

    /* U+004E "N" */
    0x1c, 0xc, 0x1c, 0x10, 0x38, 0x20, 0x50, 0x41,
    0x30, 0x82, 0x62, 0x4, 0x64, 0x8, 0xc8, 0x20,
    0xa0, 0x41, 0xc0, 0x81, 0x83, 0x2, 0x6, 0x4,
    0x0,

    /* U+004F "O" */
    0x3, 0xc0, 0x61, 0x4, 0xc, 0x60, 0x66, 0x3,
    0xf0, 0x1b, 0x0, 0xd8, 0x6, 0xc0, 0x66, 0x3,
    0x30, 0x30, 0xc3, 0x3, 0xe0, 0x0,

    /* U+0050 "P" */
    0xf, 0xe0, 0xc3, 0xc, 0x30, 0xc3, 0x18, 0x31,
    0x86, 0x1f, 0x81, 0x80, 0x30, 0x3, 0x0, 0x30,
    0x3, 0x0, 0xf0, 0x0,

    /* U+0051 "Q" */
    0x3, 0xc0, 0x61, 0x4, 0xc, 0x60, 0x66, 0x3,
    0xf0, 0x1b, 0x0, 0xd8, 0x6, 0xc0, 0x66, 0x3,
    0x30, 0x30, 0x83, 0x3, 0xe0, 0x8, 0x0, 0x80,
    0x8f, 0xec, 0x8f, 0x80,

    /* U+0052 "R" */
    0xf, 0xe0, 0xc3, 0xc, 0x30, 0xc3, 0x18, 0x71,
    0x8c, 0x1f, 0x1, 0x98, 0x31, 0x83, 0x18, 0x30,
    0xc3, 0xc, 0xf0, 0xe0,

    /* U+0053 "S" */
    0xf, 0xc4, 0x33, 0x8, 0xc0, 0x18, 0x7, 0x0,
    0xe0, 0x1c, 0x3, 0x0, 0x48, 0x33, 0xc, 0xfc,
    0x0,

    /* U+0054 "T" */
    0x7f, 0xf0, 0xc6, 0x38, 0x86, 0x0, 0xc0, 0x18,
    0x6, 0x0, 0xc0, 0x18, 0x3, 0x0, 0xc0, 0x18,
    0x7, 0x80,

    /* U+0055 "U" */
    0x38, 0x38, 0xc0, 0x43, 0x1, 0xc, 0x8, 0x60,
    0x21, 0x80, 0x86, 0x4, 0x18, 0x10, 0xc0, 0x43,
    0x1, 0xc, 0x8, 0x18, 0x40, 0x3e, 0x0,

    /* U+0056 "V" */
    0xf0, 0x66, 0x4, 0x60, 0x46, 0x8, 0x60, 0x82,
    0x10, 0x32, 0x3, 0x20, 0x34, 0x3, 0x80, 0x38,
    0x1, 0x0, 0x10, 0x0,

    /* U+0057 "W" */
    0xf3, 0xc7, 0x61, 0x82, 0x61, 0x84, 0x61, 0x84,
    0x63, 0x88, 0x63, 0x88, 0x24, 0x90, 0x24, 0x90,
    0x38, 0xe0, 0x38, 0xe0, 0x30, 0xc0, 0x30, 0xc0,
    0x20, 0x80,

    /* U+0058 "X" */
    0x1e, 0x38, 0x30, 0x40, 0xc2, 0x1, 0x90, 0x6,
    0x80, 0xc, 0x0, 0x30, 0x1, 0xc0, 0x5, 0x80,
    0x26, 0x1, 0xc, 0x8, 0x30, 0xe1, 0xe0,

    /* U+0059 "Y" */
    0x70, 0x66, 0x8, 0xc2, 0x8, 0x81, 0x90, 0x34,
    0x7, 0x0, 0xc0, 0x18, 0x3, 0x0, 0x60, 0x18,
    0x7, 0x80,

    /* U+005A "Z" */
    0x3f, 0xf2, 0x6, 0x40, 0xc0, 0x1c, 0x1, 0x80,
    0x30, 0x6, 0x0, 0xc0, 0x1c, 0x1, 0x80, 0x30,
    0x26, 0x6, 0xff, 0xc0,

    /* U+005B "[" */
    0xf, 0x8, 0x8, 0x8, 0x18, 0x18, 0x10, 0x10,
    0x30, 0x30, 0x20, 0x20, 0x60, 0x60, 0x40, 0x40,
    0xf0,

    /* U+005C "\\" */
    0xc0, 0x81, 0x81, 0x2, 0x6, 0x4, 0xc, 0x8,
    0x18, 0x10, 0x20, 0x60, 0x40,

    /* U+005D "]" */
    0xf, 0x2, 0x2, 0x6, 0x6, 0x4, 0x4, 0xc,
    0xc, 0x8, 0x8, 0x18, 0x18, 0x10, 0x10, 0x10,
    0xf0,

    /* U+005E "^" */
    0x8, 0x18, 0x1c, 0x34, 0x26, 0x62, 0x43, 0xc1,

    /* U+005F "_" */
    0xff, 0xc0,

    /* U+0060 "`" */
    0x1b, 0x10,

    /* U+0061 "a" */
    0xe, 0x84, 0x62, 0x19, 0x84, 0x41, 0x30, 0xcc,
    0x73, 0x2a, 0x73, 0x0,

    /* U+0062 "b" */
    0x38, 0x6, 0x1, 0x80, 0x40, 0x10, 0xc, 0xe3,
    0xd8, 0xc3, 0x30, 0x98, 0x66, 0x19, 0xc, 0x46,
    0x1e, 0x0,

    /* U+0063 "c" */
    0xf, 0x11, 0x21, 0x60, 0x40, 0xc0, 0x40, 0x62,
    0x3c,

    /* U+0064 "d" */
    0x1, 0xc0, 0x8, 0x3, 0x0, 0x60, 0x8, 0x1d,
    0x4, 0x61, 0x8c, 0x61, 0xc, 0x23, 0xc, 0x63,
    0x8c, 0xa8, 0xe6, 0x0,

    /* U+0065 "e" */
    0xf, 0x11, 0x33, 0x66, 0x78, 0x40, 0xc0, 0x62,
    0x7c,

    /* U+0066 "f" */
    0x0, 0x70, 0xb, 0x1, 0x0, 0x10, 0x3, 0x0,
    0xfc, 0x2, 0x0, 0x20, 0x6, 0x0, 0x60, 0x4,
    0x0, 0x40, 0xc, 0x0, 0xc0, 0x8, 0x0, 0x80,
    0xd0, 0x7, 0x0,

    /* U+0067 "g" */
    0x1f, 0x99, 0x98, 0xcc, 0x62, 0x60, 0xc0, 0x80,
    0xf0, 0x5c, 0x43, 0x20, 0x90, 0x47, 0xc0,

    /* U+0068 "h" */
    0x38, 0x6, 0x1, 0x80, 0x60, 0x10, 0xc, 0xe3,
    0x58, 0xe6, 0x31, 0x98, 0x46, 0x31, 0x8c, 0x42,
    0x30, 0xe0,

    /* U+0069 "i" */
    0x33, 0x0, 0x26, 0x64, 0x4c, 0xca, 0xc0,

    /* U+006A "j" */
    0x2, 0x2, 0x0, 0x0, 0x1e, 0x6, 0x4, 0xc,
    0xc, 0xc, 0x8, 0x18, 0x18, 0x10, 0x10, 0xb0,
    0xe0,

    /* U+006B "k" */
    0x38, 0xc, 0x6, 0x2, 0x1, 0x1, 0x9c, 0xc8,
    0x48, 0x28, 0x3c, 0x1b, 0x9, 0x84, 0x76, 0x18,

    /* U+006C "l" */
    0x73, 0x32, 0x26, 0x64, 0x4c, 0xc9, 0xac,

    /* U+006D "m" */
    0x33, 0x18, 0xd6, 0xa3, 0x94, 0x8c, 0x66, 0x63,
    0x19, 0x8c, 0x46, 0x21, 0x10, 0x8f, 0xc6, 0x30,

    /* U+006E "n" */
    0x33, 0xba, 0xca, 0x66, 0x26, 0x13, 0x19, 0xc,
    0x85, 0xc3, 0x0,

    /* U+006F "o" */
    0xf, 0x8, 0x4c, 0x2c, 0x16, 0x1a, 0xf, 0xc,
    0x84, 0x38, 0x0,

    /* U+0070 "p" */
    0x1d, 0xe1, 0xcc, 0x30, 0x84, 0x30, 0x86, 0x30,
    0x86, 0x30, 0x84, 0x1b, 0x6, 0x80, 0xc0, 0x10,
    0x7, 0x0,

    /* U+0071 "q" */
    0xe, 0x84, 0x63, 0x19, 0x86, 0x41, 0x30, 0xcc,
    0x73, 0x28, 0x72, 0x1, 0x80, 0x60, 0x10, 0xe,
    0x0,

    /* U+0072 "r" */
    0x73, 0x3f, 0x38, 0x30, 0x20, 0x60, 0x60, 0x40,
    0x40,

    /* U+0073 "s" */
    0x1e, 0x44, 0xc1, 0x81, 0x81, 0xa3, 0x46, 0xf8,

    /* U+0074 "t" */
    0x1, 0x19, 0xf6, 0x21, 0x18, 0xc4, 0x29, 0x80,

    /* U+0075 "u" */
    0xe3, 0x63, 0x42, 0x46, 0xc6, 0xce, 0x94, 0xa5,
    0xc6,

    /* U+0076 "v" */
    0xe3, 0x21, 0x21, 0x22, 0x32, 0x34, 0x38, 0x30,
    0x20,

    /* U+0077 "w" */
    0xe1, 0x1b, 0x18, 0xc9, 0x44, 0x4a, 0x22, 0x92,
    0x14, 0xa0, 0xc5, 0x6, 0x30, 0x21, 0x0,

    /* U+0078 "x" */
    0x18, 0xc3, 0x40, 0xe0, 0x10, 0x4, 0x3, 0x81,
    0x60, 0x8a, 0xc3, 0x0,

    /* U+0079 "y" */
    0x71, 0x8c, 0x46, 0x21, 0x10, 0x90, 0x68, 0x38,
    0x8, 0x4, 0x4, 0x4, 0x2, 0xe, 0x0,

    /* U+007A "z" */
    0x3e, 0x42, 0x4, 0x8, 0x10, 0x20, 0x20, 0x40,
    0xf2, 0x32, 0xc,

    /* U+007B "{" */
    0x4, 0x10, 0x60, 0xc1, 0x2, 0xc, 0x18, 0x40,
    0xc1, 0x83, 0x4, 0x18, 0x30, 0x60, 0xc0, 0x40,

    /* U+007C "|" */
    0xff, 0xfc,

    /* U+007D "}" */
    0x6, 0xc, 0x18, 0x30, 0x40, 0x83, 0x6, 0x4,
    0x10, 0x60, 0x81, 0x6, 0xc, 0x10, 0x60, 0x0,

    /* U+007E "~" */
    0x78, 0xc7, 0x80,

    /* U+00A0 " " */
    0x0,

    /* U+00A1 "¡" */
    0x18, 0xc0, 0x1, 0x8, 0x84, 0x23, 0x19, 0x8c,
    0x60,

    /* U+00A2 "¢" */
    0x0, 0x8, 0x21, 0xf6, 0xba, 0x34, 0x48, 0xa1,
    0x43, 0x93, 0xc4, 0x8, 0x0, 0x0,

    /* U+00A3 "£" */
    0x1, 0xc0, 0x90, 0x40, 0x30, 0xc, 0x3, 0x3,
    0xf0, 0x20, 0x8, 0x6, 0x1, 0x1, 0xc0, 0x9f,
    0xb9, 0xc0,

    /* U+00A4 "¤" */
    0x80, 0x77, 0xb7, 0x39, 0x86, 0x40, 0x90, 0x24,
    0x9, 0x86, 0xde, 0xe0, 0x10,

    /* U+00A5 "¥" */
    0x70, 0xe6, 0x18, 0xc2, 0x18, 0x81, 0x20, 0x38,
    0x3f, 0xe0, 0xc0, 0xff, 0x2, 0x0, 0xc0, 0x18,
    0x7, 0x80,

    /* U+00A6 "¦" */
    0xfc, 0xfc,

    /* U+00A7 "§" */
    0xe, 0x11, 0x13, 0x10, 0x18, 0x3c, 0x46, 0x42,
    0x43, 0x61, 0x32, 0x1c, 0x8, 0xc, 0xc4, 0x88,
    0x70,

    /* U+00A8 "¨" */
    0xcf, 0x30,

    /* U+00A9 "©" */
    0x7, 0x80, 0x61, 0x82, 0x1, 0x10, 0xea, 0x8c,
    0x46, 0x60, 0x19, 0x0, 0x6c, 0x1, 0xb0, 0x6,
    0xc0, 0x19, 0x8, 0x53, 0xc2, 0x20, 0x10, 0x40,
    0x80, 0xfc, 0x0,

    /* U+00AA "ª" */
    0x3d, 0x3c, 0xa2, 0x9b, 0xa0, 0x3c,

    /* U+00AB "«" */
    0x9, 0x12, 0x64, 0xd8, 0x48, 0x44, 0x24,

    /* U+00AC "¬" */
    0xff, 0xc0, 0x30, 0xc, 0x3, 0x0, 0xc0, 0x30,

    /* U+00AD "­" */
    0xf8,

    /* U+00AE "®" */
    0x7, 0x80, 0x61, 0x82, 0x1, 0x13, 0xe2, 0x86,
    0x66, 0x11, 0x98, 0x44, 0x63, 0xe1, 0x8d, 0x6,
    0x22, 0x18, 0x88, 0x57, 0x32, 0x20, 0x10, 0x40,
    0x80, 0xfc, 0x0,

    /* U+00AF "¯" */
    0xfc,

    /* U+00B0 "°" */
    0x33, 0x28, 0x61, 0x89, 0xc0,

    /* U+00B1 "±" */
    0x8, 0x2, 0x0, 0x80, 0x20, 0x8, 0x3f, 0xf0,
    0x80, 0x20, 0x8, 0x2, 0x0, 0x3, 0xff,

    /* U+00B2 "²" */
    0x39, 0x20, 0xc2, 0x18, 0x42, 0x10, 0xf8,

    /* U+00B3 "³" */
    0x38, 0x30, 0x84, 0x38, 0x60, 0x84, 0xe0,

    /* U+00B4 "´" */
    0x3, 0x64,

    /* U+00B5 "µ" */
    0x18, 0x63, 0xc, 0x61, 0xc, 0x61, 0xc, 0x61,
    0x8c, 0x21, 0x9c, 0x5c, 0xc8, 0x1, 0x0, 0x60,
    0xc, 0x0,

    /* U+00B6 "¶" */
    0xf, 0xe6, 0xd1, 0x9a, 0x32, 0xc4, 0x58, 0x9a,
    0x1b, 0x40, 0xd8, 0xa, 0x3, 0x40, 0x48, 0xb,
    0x1, 0x40, 0x68, 0x9, 0x7, 0x70,

    /* U+00B7 "·" */
    0xf0,

    /* U+00B8 "¸" */
    0x1, 0x4, 0x37, 0x0,

    /* U+00B9 "¹" */
    0x30, 0x8c, 0x62, 0x11, 0x88, 0xc0,

    /* U+00BA "º" */
    0x1d, 0x94, 0x73, 0xc9, 0xc0, 0x3c,

    /* U+00BB "»" */
    0x24, 0x12, 0x13, 0x1b, 0x36, 0x4c, 0x90,

    /* U+00BC "¼" */
    0x8, 0x10, 0x40, 0x81, 0x2, 0xc, 0x10, 0x30,
    0x40, 0x82, 0x16, 0x10, 0xd8, 0x46, 0xe2, 0x28,
    0x11, 0x60, 0x49, 0x2, 0x3e, 0x10, 0x10, 0x40,
    0xc0,

    /* U+00BD "½" */
    0x18, 0x20, 0x61, 0x81, 0x4, 0x4, 0x20, 0x31,
    0x80, 0x84, 0x2, 0x23, 0x98, 0x93, 0xf4, 0xc,
    0x20, 0x20, 0x81, 0x4, 0x8, 0x20, 0x40, 0x83,
    0xe0,

    /* U+00BE "¾" */
    0x18, 0x10, 0xb0, 0x80, 0x82, 0x4, 0x10, 0x38,
    0x80, 0x62, 0x0, 0x90, 0x44, 0x87, 0xe2, 0x28,
    0x11, 0x20, 0x49, 0x82, 0x3e, 0x10, 0x10, 0x40,
    0x40,

    /* U+00BF "¿" */
    0xc, 0x30, 0x0, 0x0, 0x21, 0xc, 0x63, 0x8,
    0x22, 0x89, 0xc0,

    /* U+00C0 "À" */
    0x3, 0x0, 0x10, 0x0, 0x80, 0x4, 0x0, 0x80,
    0x8, 0x1, 0x80, 0x28, 0x2, 0xc0, 0x4c, 0x4,
    0xc0, 0x8c, 0x8, 0xc1, 0xfc, 0x10, 0x62, 0x6,
    0x60, 0x66, 0xf,

    /* U+00C1 "Á" */
    0x0, 0x30, 0x6, 0x0, 0xc0, 0x10, 0x0, 0x80,
    0x8, 0x1, 0x80, 0x28, 0x2, 0xc0, 0x4c, 0x4,
    0xc0, 0x8c, 0x8, 0xc1, 0xfc, 0x10, 0x62, 0x6,
    0x60, 0x66, 0xf,

    /* U+00C2 "Â" */
    0x0, 0xc0, 0x1e, 0x2, 0x20, 0x41, 0x0, 0x80,
    0x8, 0x1, 0x80, 0x28, 0x2, 0xc0, 0x4c, 0x4,
    0xc0, 0x8c, 0x8, 0xc1, 0xfc, 0x10, 0x62, 0x6,
    0x60, 0x66, 0xf,

    /* U+00C3 "Ã" */
    0x0, 0x0, 0x39, 0x4, 0xe0, 0x8, 0x0, 0x80,
    0x18, 0x2, 0x80, 0x2c, 0x4, 0xc0, 0x4c, 0x8,
    0xc0, 0x8c, 0x1f, 0xc1, 0x6, 0x20, 0x66, 0x6,
    0x60, 0xf0,

    /* U+00C4 "Ä" */
    0x3, 0x30, 0x33, 0x0, 0x80, 0x8, 0x1, 0x80,
    0x28, 0x2, 0xc0, 0x4c, 0x4, 0xc0, 0x8c, 0x8,
    0xc1, 0xfc, 0x10, 0x62, 0x6, 0x60, 0x66, 0xf,

    /* U+00C5 "Å" */
    0x0, 0x60, 0x1a, 0x1, 0x20, 0x12, 0x0, 0xc0,
    0x8, 0x0, 0x80, 0x18, 0x2, 0x80, 0x2c, 0x4,
    0xc0, 0x4c, 0x8, 0xc0, 0x8c, 0x1f, 0xc1, 0x6,
    0x20, 0x66, 0x6, 0x60, 0xf0,

    /* U+00C6 "Æ" */
    0x0, 0x7f, 0xe0, 0xb, 0x8, 0x1, 0xc0, 0x0,
    0x58, 0x0, 0x13, 0x10, 0x4, 0xfc, 0x1, 0x18,
    0x80, 0x3f, 0x10, 0x8, 0x60, 0x2, 0x18, 0x0,
    0x83, 0x2, 0x30, 0x60, 0xce, 0x1f, 0xf0,

    /* U+00C7 "Ç" */
    0x7, 0xf1, 0xc3, 0x30, 0x17, 0x1, 0x60, 0xe,
    0x0, 0xc0, 0xc, 0x0, 0xc0, 0xc, 0x0, 0x60,
    0x47, 0x8, 0x1f, 0x1, 0x0, 0x38, 0x0, 0xc0,
    0x78, 0x0,

    /* U+00C8 "È" */
    0x3, 0x0, 0xc, 0x0, 0x20, 0x0, 0x80, 0x0,
    0x7, 0xfc, 0x30, 0x41, 0x80, 0xc, 0x40, 0xc2,
    0x7, 0xe0, 0x31, 0x1, 0x88, 0x18, 0x0, 0xc0,
    0x6, 0x4, 0x30, 0x67, 0xfe, 0x0,

    /* U+00C9 "É" */
    0x0, 0x20, 0x3, 0x0, 0x20, 0x2, 0x0, 0x0,
    0x7, 0xfc, 0x30, 0x41, 0x80, 0xc, 0x40, 0xc2,
    0x7, 0xe0, 0x31, 0x1, 0x88, 0x18, 0x0, 0xc0,
    0x6, 0x4, 0x30, 0x67, 0xfe, 0x0,

    /* U+00CA "Ê" */
    0x0, 0xc0, 0xf, 0x0, 0xc8, 0x8, 0x20, 0x0,
    0x7, 0xfc, 0x30, 0x41, 0x80, 0xc, 0x40, 0xc2,
    0x7, 0xe0, 0x31, 0x1, 0x88, 0x18, 0x0, 0xc0,
    0x6, 0x4, 0x30, 0x67, 0xfe, 0x0,

    /* U+00CB "Ë" */
    0x2, 0x20, 0x11, 0x0, 0x0, 0x1f, 0xf0, 0xc1,
    0x6, 0x0, 0x31, 0x3, 0x8, 0x1f, 0x80, 0xc4,
    0x6, 0x20, 0x60, 0x3, 0x0, 0x18, 0x10, 0xc1,
    0x9f, 0xf8,

    /* U+00CC "Ì" */
    0xc, 0xc, 0x6, 0x0, 0x0, 0xe, 0xc, 0xc,
    0xc, 0x18, 0x18, 0x18, 0x18, 0x30, 0x30, 0x30,
    0x30, 0x70,

    /* U+00CD "Í" */
    0x1, 0x3, 0x4, 0x8, 0x0, 0xe, 0xc, 0xc,
    0xc, 0x18, 0x18, 0x18, 0x18, 0x30, 0x30, 0x30,
    0x30, 0x70,

    /* U+00CE "Î" */
    0x6, 0x7, 0x82, 0x42, 0x10, 0x0, 0x70, 0x30,
    0x18, 0xc, 0xc, 0x6, 0x3, 0x1, 0x81, 0x80,
    0xc0, 0x60, 0x30, 0x38, 0x0,

    /* U+00CF "Ï" */
    0x19, 0x8c, 0xc0, 0x0, 0x0, 0xe0, 0x60, 0x30,
    0x18, 0x18, 0xc, 0x6, 0x3, 0x3, 0x1, 0x80,
    0xc0, 0x60, 0x70, 0x0,

    /* U+00D0 "Ð" */
    0xf, 0xe0, 0x30, 0x60, 0xc1, 0x83, 0x3, 0x18,
    0xd, 0xfc, 0x31, 0x80, 0xc6, 0x3, 0x30, 0x18,
    0xc0, 0x63, 0x3, 0x1c, 0x38, 0xff, 0x80,

    /* U+00D1 "Ñ" */
    0x0, 0x8, 0x3, 0xa0, 0xb, 0xc0, 0x0, 0x0,
    0x0, 0x3, 0x81, 0x83, 0x82, 0x7, 0x4, 0xa,
    0x8, 0x26, 0x10, 0x4c, 0x40, 0x8c, 0x81, 0x19,
    0x4, 0x14, 0x8, 0x38, 0x10, 0x30, 0x60, 0x40,
    0xc0, 0x80,

    /* U+00D2 "Ò" */
    0x0, 0x0, 0x18, 0x0, 0x60, 0x1, 0x0, 0x0,
    0x0, 0x0, 0xf, 0x1, 0x84, 0x10, 0x31, 0x81,
    0x98, 0xf, 0xc0, 0x6c, 0x3, 0x60, 0x1b, 0x1,
    0x98, 0xc, 0xc0, 0xc3, 0xc, 0xf, 0x80,

    /* U+00D3 "Ó" */
    0x0, 0x20, 0x3, 0x0, 0x30, 0x2, 0x0, 0x0,
    0x0, 0x0, 0xf, 0x1, 0x84, 0x10, 0x31, 0x81,
    0x98, 0xf, 0xc0, 0x6c, 0x3, 0x60, 0x1b, 0x1,
    0x98, 0xc, 0xc0, 0xc3, 0xc, 0xf, 0x80,

    /* U+00D4 "Ô" */
    0x0, 0xc0, 0xb, 0x0, 0x88, 0x0, 0x0, 0x0,
    0x1, 0xe0, 0x30, 0x82, 0x6, 0x30, 0x33, 0x1,
    0xf8, 0xd, 0x80, 0x6c, 0x3, 0x60, 0x33, 0x1,
    0x98, 0x18, 0x61, 0x81, 0xf0, 0x0,

    /* U+00D5 "Õ" */
    0x3, 0x80, 0x27, 0x0, 0x0, 0x0, 0x0, 0x3c,
    0x6, 0x10, 0x40, 0xc6, 0x6, 0x60, 0x3f, 0x1,
    0xb0, 0xd, 0x80, 0x6c, 0x6, 0x60, 0x33, 0x3,
    0xc, 0x30, 0x3e, 0x0,

    /* U+00D6 "Ö" */
    0x6, 0x60, 0x11, 0x0, 0x0, 0x0, 0x0, 0x3c,
    0x6, 0x10, 0x40, 0xc6, 0x6, 0x60, 0x3f, 0x1,
    0xb0, 0xd, 0x80, 0x6c, 0x6, 0x60, 0x33, 0x3,
    0xc, 0x30, 0x3e, 0x0,

    /* U+00D7 "×" */
    0x80, 0xb0, 0x66, 0x30, 0xd8, 0x1c, 0x7, 0x3,
    0x61, 0x8c, 0xc1, 0xa0, 0x20,

    /* U+00D8 "Ø" */
    0x0, 0x10, 0x1, 0x0, 0xf8, 0x18, 0xc1, 0xb,
    0x18, 0x99, 0x84, 0xfc, 0x46, 0xc4, 0x36, 0x23,
    0xb2, 0x19, 0xa1, 0xcd, 0xc, 0x30, 0xc1, 0xf8,
    0x8, 0x0, 0x80, 0x0,

    /* U+00D9 "Ù" */
    0x0, 0x0, 0xc, 0x0, 0x10, 0x0, 0x20, 0x0,
    0x0, 0x0, 0x3, 0x83, 0x8c, 0x4, 0x30, 0x10,
    0xc0, 0x86, 0x2, 0x18, 0x8, 0x60, 0x41, 0x81,
    0xc, 0x4, 0x30, 0x10, 0xc0, 0x81, 0x84, 0x3,
    0xe0, 0x0,

    /* U+00DA "Ú" */
    0x0, 0x0, 0x1, 0x80, 0x8, 0x0, 0x40, 0x0,
    0x0, 0x0, 0x3, 0x83, 0x8c, 0x4, 0x30, 0x10,
    0xc0, 0x86, 0x2, 0x18, 0x8, 0x60, 0x41, 0x81,
    0xc, 0x4, 0x30, 0x10, 0xc0, 0x81, 0x84, 0x3,
    0xe0, 0x0,

    /* U+00DB "Û" */
    0x1, 0x80, 0xb, 0x0, 0x44, 0x0, 0x0, 0x0,
    0x0, 0xe0, 0xe3, 0x1, 0xc, 0x4, 0x30, 0x21,
    0x80, 0x86, 0x2, 0x18, 0x10, 0x60, 0x43, 0x1,
    0xc, 0x4, 0x30, 0x20, 0x61, 0x0, 0xf8, 0x0,

    /* U+00DC "Ü" */
    0x6, 0x60, 0x19, 0x80, 0x0, 0x0, 0x0, 0x38,
    0x38, 0xc0, 0x43, 0x1, 0xc, 0x8, 0x60, 0x21,
    0x80, 0x86, 0x4, 0x18, 0x10, 0xc0, 0x43, 0x1,
    0xc, 0x8, 0x18, 0x40, 0x3e, 0x0,

    /* U+00DD "Ý" */
    0x0, 0x80, 0x30, 0x8, 0x2, 0x0, 0x0, 0xe0,
    0xcc, 0x11, 0x84, 0x11, 0x3, 0x20, 0x68, 0xe,
    0x1, 0x80, 0x30, 0x6, 0x0, 0xc0, 0x30, 0xf,
    0x0,

    /* U+00DE "Þ" */
    0xe, 0x0, 0x60, 0xf, 0xc0, 0xc6, 0xc, 0x30,
    0xc3, 0x18, 0x31, 0x86, 0x18, 0xe1, 0xf8, 0x30,
    0x3, 0x0, 0x70, 0x0,

    /* U+00DF "ß" */
    0x0, 0x78, 0x2, 0x30, 0x18, 0xc0, 0x42, 0x1,
    0x18, 0xd, 0x80, 0x33, 0x0, 0x86, 0x6, 0x18,
    0x18, 0x60, 0x61, 0x81, 0x4, 0x5, 0xb0, 0x37,
    0x0, 0x80, 0x2, 0x0, 0x50, 0x1, 0xc0, 0x0,

    /* U+00E0 "à" */
    0xc, 0x3, 0x0, 0x20, 0x0, 0xe, 0x84, 0x62,
    0x19, 0x84, 0x41, 0x30, 0xcc, 0x73, 0x2a, 0x73,
    0x0,

    /* U+00E1 "á" */
    0x0, 0x80, 0x60, 0x20, 0x0, 0xe, 0x84, 0x62,
    0x19, 0x84, 0x41, 0x30, 0xcc, 0x73, 0x2a, 0x73,
    0x0,

    /* U+00E2 "â" */
    0x3, 0x1, 0xe0, 0x88, 0x41, 0x0, 0x3, 0xa1,
    0x18, 0x86, 0x61, 0x10, 0x4c, 0x33, 0x1c, 0xca,
    0x9c, 0xc0,

    /* U+00E3 "ã" */
    0xe, 0x44, 0xe0, 0x0, 0x0, 0xe, 0x84, 0x62,
    0x19, 0x84, 0x41, 0x30, 0xcc, 0x73, 0x2a, 0x73,
    0x0,

    /* U+00E4 "ä" */
    0xc, 0xc3, 0x30, 0x0, 0x3a, 0x11, 0x88, 0x66,
    0x11, 0x4, 0xc3, 0x31, 0xcc, 0xa9, 0xcc,

    /* U+00E5 "å" */
    0x3, 0x1, 0x20, 0x88, 0x18, 0x0, 0x0, 0x0,
    0xe8, 0x46, 0x21, 0x98, 0x44, 0x13, 0xc, 0xc7,
    0x32, 0xa7, 0x30,

    /* U+00E6 "æ" */
    0xf, 0xb0, 0x8e, 0xc8, 0x44, 0xc6, 0x46, 0x3c,
    0x21, 0x3, 0x38, 0x19, 0x64, 0x71, 0xc0,

    /* U+00E7 "ç" */
    0xf, 0x11, 0x21, 0x60, 0x40, 0xc0, 0x40, 0x62,
    0x3c, 0x20, 0x30, 0x18, 0xf0,

    /* U+00E8 "è" */
    0xc, 0x4, 0x2, 0x0, 0xf, 0x11, 0x33, 0x66,
    0x78, 0x40, 0xc0, 0x62, 0x7c,

    /* U+00E9 "é" */
    0x0, 0x80, 0x81, 0x80, 0x0, 0xf0, 0x88, 0xcc,
    0xcc, 0x78, 0x20, 0x30, 0xc, 0x47, 0xc0,

    /* U+00EA "ê" */
    0x3, 0x2, 0x82, 0x22, 0x10, 0x0, 0x78, 0x44,
    0x66, 0x66, 0x3c, 0x10, 0x18, 0x6, 0x23, 0xe0,

    /* U+00EB "ë" */
    0x19, 0x8c, 0xc0, 0x0, 0x0, 0xf0, 0x88, 0xcc,
    0xcc, 0x78, 0x20, 0x30, 0xc, 0x47, 0xc0,

    /* U+00EC "ì" */
    0x61, 0x84, 0x3, 0x31, 0x8c, 0x42, 0x31, 0xcc,
    0x0,

    /* U+00ED "í" */
    0x8, 0xc8, 0x83, 0x31, 0x8c, 0x46, 0x31, 0xcc,
    0x0,

    /* U+00EE "î" */
    0x18, 0xa4, 0x40, 0x3, 0x86, 0x18, 0x61, 0xc,
    0x34, 0xe3, 0x0,

    /* U+00EF "ï" */
    0xcf, 0x30, 0x4, 0x61, 0x86, 0x18, 0x43, 0xd,
    0x38, 0xc0,

    /* U+00F0 "ð" */
    0xc, 0x0, 0xe0, 0xf0, 0x6, 0x0, 0x83, 0xa1,
    0x8, 0x82, 0x60, 0x98, 0x64, 0x13, 0xc, 0x42,
    0xe, 0x0,

    /* U+00F1 "ñ" */
    0xe, 0x44, 0xe0, 0x0, 0x0, 0x33, 0x9d, 0x62,
    0x98, 0xc4, 0x61, 0x18, 0xc4, 0x31, 0xa, 0xc3,
    0x0,

    /* U+00F2 "ò" */
    0x4, 0x3, 0x0, 0xc0, 0x0, 0xf0, 0x84, 0xc2,
    0xc1, 0x61, 0xa0, 0xf0, 0xc8, 0x43, 0x80,

    /* U+00F3 "ó" */
    0x0, 0x80, 0x81, 0x80, 0x0, 0xf0, 0x84, 0xc2,
    0xc1, 0x61, 0xa0, 0xf0, 0xc8, 0x43, 0x80,

    /* U+00F4 "ô" */
    0x3, 0x0, 0xe0, 0x48, 0x21, 0x0, 0x3, 0xc1,
    0x8, 0xc2, 0x60, 0x98, 0x64, 0x1b, 0xc, 0x42,
    0xe, 0x0,

    /* U+00F5 "õ" */
    0x6, 0x23, 0x78, 0x0, 0x0, 0x0, 0xf0, 0x21,
    0xc, 0x23, 0x4, 0x61, 0x88, 0x33, 0xc, 0x21,
    0x3, 0x80,

    /* U+00F6 "ö" */
    0xc, 0xc3, 0x30, 0x0, 0x3c, 0x10, 0x8c, 0x26,
    0x9, 0x86, 0x41, 0xb0, 0xc4, 0x20, 0xe0,

    /* U+00F7 "÷" */
    0xc, 0x3, 0x0, 0x0, 0x0, 0x0, 0x3f, 0xf0,
    0x0, 0x0, 0x0, 0x3, 0x0, 0xc0,

    /* U+00F8 "ø" */
    0x0, 0x80, 0x80, 0x41, 0xe1, 0x29, 0xa5, 0x92,
    0xd3, 0x49, 0xa9, 0x94, 0x85, 0x3, 0x2, 0x1,
    0x0,

    /* U+00F9 "ù" */
    0x10, 0x18, 0x4, 0x0, 0xe3, 0x63, 0x42, 0x46,
    0xc6, 0xce, 0x94, 0xa5, 0xc6,

    /* U+00FA "ú" */
    0x1, 0x2, 0xc, 0x0, 0xe3, 0x63, 0x42, 0x46,
    0xc6, 0xce, 0x94, 0xa5, 0xc6,

    /* U+00FB "û" */
    0xc, 0xe, 0x12, 0x20, 0x0, 0xe3, 0x63, 0x42,
    0x46, 0xc6, 0xce, 0x94, 0xa5, 0xc6,

    /* U+00FC "ü" */
    0x11, 0x8, 0x80, 0x1c, 0x66, 0x32, 0x11, 0x19,
    0x8c, 0xce, 0x4a, 0x29, 0x58, 0xc0,

    /* U+00FD "ý" */
    0x1, 0x81, 0x81, 0x0, 0x7, 0x18, 0xc4, 0x62,
    0x11, 0x9, 0x6, 0x83, 0x80, 0x80, 0x40, 0x40,
    0x40, 0x20, 0xe0, 0x0,

    /* U+00FE "þ" */
    0xe, 0x0, 0x40, 0x18, 0x3, 0x0, 0x40, 0xb,
    0xc3, 0x98, 0x61, 0xc, 0x61, 0xc, 0x61, 0x8c,
    0x61, 0x8, 0x36, 0xd, 0x1, 0x80, 0x20, 0xe,
    0x0,

    /* U+00FF "ÿ" */
    0x19, 0x8c, 0xc0, 0xe, 0x31, 0x88, 0xc4, 0x22,
    0x12, 0xd, 0x7, 0x1, 0x0, 0x80, 0x80, 0x80,
    0x41, 0xc0,

    /* U+0100 "Ā" */
    0x7, 0xe0, 0x0, 0x0, 0x80, 0x8, 0x1, 0x80,
    0x28, 0x2, 0xc0, 0x4c, 0x4, 0xc0, 0x8c, 0x8,
    0xc1, 0xfc, 0x10, 0x62, 0x6, 0x60, 0x66, 0xf,

    /* U+0101 "ā" */
    0xf, 0xc0, 0x0, 0x0, 0x3a, 0x11, 0x88, 0x66,
    0x11, 0x4, 0xc3, 0x31, 0xcc, 0xa9, 0xcc,

    /* U+0102 "Ă" */
    0x4, 0x20, 0x22, 0x3, 0xc0, 0x0, 0x0, 0x80,
    0x8, 0x1, 0x80, 0x28, 0x2, 0xc0, 0x4c, 0x4,
    0xc0, 0x8c, 0x8, 0xc1, 0xfc, 0x10, 0x62, 0x6,
    0x60, 0x66, 0xf,

    /* U+0103 "ă" */
    0x8, 0x42, 0x20, 0x70, 0x0, 0x0, 0x3, 0xa1,
    0x18, 0x86, 0x61, 0x10, 0x4c, 0x33, 0x1c, 0xca,
    0x9c, 0xc0,

    /* U+0104 "Ą" */
    0x0, 0x80, 0x1, 0x0, 0x6, 0x0, 0x14, 0x0,
    0x2c, 0x0, 0x98, 0x1, 0x30, 0x4, 0x60, 0x8,
    0xc0, 0x3f, 0x80, 0x41, 0x81, 0x3, 0x6, 0x6,
    0x1c, 0x1e, 0x0, 0x4, 0x0, 0x8, 0x0, 0x1e,

    /* U+0105 "ą" */
    0xe, 0x84, 0x62, 0x19, 0x84, 0x41, 0x30, 0xcc,
    0x73, 0x2a, 0x73, 0x0, 0x80, 0x24, 0xe,

    /* U+0106 "Ć" */
    0x0, 0x0, 0x3, 0x0, 0x40, 0x8, 0x0, 0x0,
    0x0, 0x7, 0xf1, 0xc3, 0x30, 0x17, 0x1, 0x60,
    0xe, 0x0, 0xc0, 0xc, 0x0, 0xc0, 0xc, 0x0,
    0xe0, 0x47, 0x8, 0x1f, 0x0,

    /* U+0107 "ć" */
    0x0, 0x81, 0x81, 0x0, 0x0, 0xf0, 0x88, 0x84,
    0xc0, 0x40, 0x60, 0x10, 0xc, 0x43, 0xc0,

    /* U+0108 "Ĉ" */
    0x0, 0xc0, 0x14, 0x2, 0x20, 0x0, 0x0, 0x0,
    0x7f, 0x1c, 0x33, 0x1, 0x70, 0x16, 0x0, 0xe0,
    0xc, 0x0, 0xc0, 0xc, 0x0, 0xc0, 0xe, 0x4,
    0x70, 0x81, 0xf0,

    /* U+0109 "ĉ" */
    0x3, 0x1, 0xc0, 0x88, 0x40, 0x0, 0x3, 0xc1,
    0x10, 0x84, 0x60, 0x10, 0xc, 0x1, 0x0, 0x62,
    0xf, 0x0,

    /* U+010A "Ċ" */
    0x0, 0x80, 0x8, 0x0, 0x0, 0x0, 0x7, 0xf1,
    0xc3, 0x30, 0x17, 0x1, 0x60, 0xe, 0x0, 0xc0,
    0xc, 0x0, 0xc0, 0xc, 0x0, 0xe0, 0x47, 0x8,
    0x1f, 0x0,

    /* U+010B "ċ" */
    0x2, 0x2, 0x0, 0xf, 0x11, 0x21, 0x60, 0x40,
    0xc0, 0x40, 0x62, 0x3c,

    /* U+010C "Č" */
    0x0, 0x10, 0x22, 0x1, 0x40, 0x18, 0x0, 0x0,
    0x0, 0x7, 0xf1, 0xc3, 0x30, 0x17, 0x1, 0x60,
    0xe, 0x0, 0xc0, 0xc, 0x0, 0xc0, 0xc, 0x0,
    0xe0, 0x47, 0x8, 0x1f, 0x0,

    /* U+010D "č" */
    0x8, 0x41, 0x20, 0x70, 0x8, 0x0, 0x3, 0xc1,
    0x10, 0x84, 0x60, 0x10, 0xc, 0x1, 0x0, 0x62,
    0xf, 0x0,

    /* U+010E "Ď" */
    0x2, 0x10, 0x5, 0x80, 0x1c, 0x0, 0x20, 0x0,
    0x0, 0x3f, 0x80, 0xc1, 0x83, 0x6, 0xc, 0xc,
    0x70, 0x31, 0x80, 0xc6, 0x3, 0x18, 0xc, 0xc0,
    0x63, 0x1, 0x8c, 0xc, 0x30, 0xe3, 0xfe, 0x0,

    /* U+010F "ď" */
    0x0, 0xcc, 0x1, 0x10, 0xc, 0x40, 0x32, 0xe,
    0x80, 0x46, 0x3, 0x18, 0x18, 0x40, 0x61, 0x3,
    0xc, 0xc, 0x70, 0x32, 0xa0, 0x73, 0x0,

    /* U+0110 "Đ" */
    0xf, 0xe0, 0x30, 0x60, 0xc1, 0x83, 0x3, 0x18,
    0xd, 0xfc, 0x31, 0x80, 0xc6, 0x3, 0x30, 0x18,
    0xc0, 0x63, 0x3, 0x1c, 0x38, 0xff, 0x80,

    /* U+0111 "đ" */
    0x1, 0xc0, 0x8, 0x1f, 0x80, 0x60, 0xc, 0x1d,
    0x4, 0x61, 0x8c, 0x61, 0xc, 0x23, 0xc, 0x63,
    0x8c, 0xa8, 0xe6, 0x0,

    /* U+0112 "Ē" */
    0x3, 0xf0, 0x0, 0x0, 0x0, 0x1f, 0xf0, 0xc1,
    0x6, 0x0, 0x31, 0x3, 0x8, 0x1f, 0x80, 0xc4,
    0x6, 0x20, 0x60, 0x3, 0x0, 0x18, 0x10, 0xc1,
    0x9f, 0xf8,

    /* U+0113 "ē" */
    0x1f, 0x80, 0x0, 0x1, 0xe1, 0x11, 0x99, 0x98,
    0xf0, 0x40, 0x60, 0x18, 0x8f, 0x80,

    /* U+0114 "Ĕ" */
    0x2, 0x10, 0x8, 0x80, 0x78, 0x0, 0x0, 0x0,
    0x7, 0xfc, 0x30, 0x41, 0x80, 0xc, 0x40, 0xc2,
    0x7, 0xe0, 0x31, 0x1, 0x88, 0x18, 0x0, 0xc0,
    0x6, 0x4, 0x30, 0x67, 0xfe, 0x0,

    /* U+0115 "ĕ" */
    0x8, 0x42, 0x20, 0x78, 0x0, 0x0, 0x3, 0xc1,
    0x10, 0xcc, 0x66, 0x1e, 0x4, 0x3, 0x0, 0x62,
    0x1f, 0x0,

    /* U+0116 "Ė" */
    0x0, 0xc0, 0x6, 0x0, 0x0, 0x1f, 0xf0, 0xc1,
    0x6, 0x0, 0x31, 0x3, 0x8, 0x1f, 0x80, 0xc4,
    0x6, 0x20, 0x60, 0x3, 0x0, 0x18, 0x10, 0xc1,
    0x9f, 0xf8,

    /* U+0117 "ė" */
    0x3, 0x3, 0x0, 0x0, 0xf, 0x11, 0x33, 0x66,
    0x78, 0x40, 0xc0, 0x62, 0x7c,

    /* U+0118 "Ę" */
    0xf, 0xf8, 0x60, 0x83, 0x0, 0x18, 0x81, 0x88,
    0xf, 0xc0, 0x62, 0x2, 0x10, 0x30, 0x1, 0x80,
    0xc, 0x8, 0xe0, 0xcf, 0xfc, 0x0, 0x20, 0x1,
    0x20, 0xe,

    /* U+0119 "ę" */
    0xf, 0x8, 0x8c, 0xcc, 0xc7, 0x82, 0x3, 0x0,
    0xc4, 0x3c, 0x6, 0x3, 0x20, 0xe0,

    /* U+011A "Ě" */
    0x1, 0x10, 0xd, 0x0, 0x30, 0x1, 0x80, 0x0,
    0x7, 0xfc, 0x30, 0x41, 0x80, 0xc, 0x40, 0xc2,
    0x7, 0xe0, 0x31, 0x1, 0x88, 0x18, 0x0, 0xc0,
    0x6, 0x4, 0x30, 0x67, 0xfe, 0x0,

    /* U+011B "ě" */
    0x8, 0x41, 0x20, 0x70, 0x8, 0x0, 0x3, 0xc1,
    0x10, 0xcc, 0x66, 0x1e, 0x4, 0x3, 0x0, 0x62,
    0x1f, 0x0,

    /* U+011C "Ĝ" */
    0x0, 0xc0, 0xa, 0x0, 0x88, 0x0, 0x0, 0x0,
    0x3, 0xfc, 0x60, 0x66, 0x2, 0x60, 0x3, 0x0,
    0x38, 0x1, 0x81, 0xfc, 0x7, 0x60, 0x33, 0x1,
    0x8c, 0xc, 0x60, 0xc0, 0xfc, 0x0,

    /* U+011D "ĝ" */
    0x3, 0x3, 0x82, 0x62, 0x10, 0x0, 0xfc, 0xcc,
    0xc6, 0x63, 0x13, 0x6, 0x4, 0x7, 0x82, 0xe2,
    0x19, 0x4, 0x82, 0x3e, 0x0,

    /* U+011E "Ğ" */
    0x2, 0x10, 0x10, 0x80, 0x88, 0x3, 0x80, 0x0,
    0x0, 0x0, 0x1f, 0xe3, 0x3, 0x30, 0x13, 0x0,
    0x18, 0x1, 0xc0, 0xc, 0xf, 0xe0, 0x3b, 0x1,
    0x98, 0xc, 0x60, 0x63, 0x6, 0x7, 0xe0,

    /* U+011F "ğ" */
    0x10, 0x84, 0x43, 0xc0, 0x0, 0x0, 0xfc, 0xcc,
    0xc6, 0x63, 0x13, 0x6, 0x4, 0x7, 0x82, 0xe2,
    0x19, 0x4, 0x82, 0x3e, 0x0,

    /* U+0120 "Ġ" */
    0x0, 0x80, 0x4, 0x0, 0x0, 0x0, 0x0, 0x7f,
    0x8c, 0xc, 0xc0, 0x4c, 0x0, 0x60, 0x7, 0x0,
    0x30, 0x3f, 0x80, 0xec, 0x6, 0x60, 0x31, 0x81,
    0x8c, 0x18, 0x1f, 0x80,

    /* U+0121 "ġ" */
    0x6, 0x3, 0x0, 0x3, 0xf3, 0x33, 0x19, 0x8c,
    0x4c, 0x18, 0x10, 0x1e, 0xb, 0x88, 0x64, 0x12,
    0x8, 0xf8,

    /* U+0122 "Ģ" */
    0x7, 0xf8, 0xc0, 0xcc, 0x4, 0xc0, 0x6, 0x0,
    0x70, 0x3, 0x3, 0xf8, 0xe, 0xc0, 0x66, 0x3,
    0x18, 0x18, 0xc1, 0x81, 0xf8, 0x0, 0x0, 0x30,
    0x1, 0x80, 0x4, 0x0, 0x40, 0x4, 0x0,

    /* U+0123 "ģ" */
    0x2, 0x1, 0x1, 0x80, 0xc0, 0x0, 0x0, 0x7e,
    0x66, 0x63, 0x31, 0x89, 0x83, 0x2, 0x3, 0xc1,
    0x71, 0xc, 0x82, 0x41, 0x1f, 0x0,

    /* U+0124 "Ĥ" */
    0x0, 0x60, 0x0, 0xe0, 0x1, 0x10, 0x2, 0x0,
    0x0, 0x0, 0xf, 0x1e, 0xc, 0xc, 0xc, 0xc,
    0xc, 0x18, 0x18, 0x18, 0x1f, 0xf8, 0x18, 0x38,
    0x18, 0x30, 0x30, 0x30, 0x30, 0x30, 0x30, 0x60,
    0x30, 0x60, 0xf0, 0xf0,

    /* U+0125 "ĥ" */
    0x0, 0xc0, 0x1e, 0x3, 0x20, 0x41, 0x38, 0x1,
    0x80, 0x18, 0x1, 0x80, 0x10, 0x3, 0x38, 0x35,
    0x83, 0x98, 0x31, 0x86, 0x10, 0x63, 0x6, 0x30,
    0x42, 0xc, 0x38,

    /* U+0126 "Ħ" */
    0xe, 0x1c, 0x7f, 0xfc, 0x30, 0x60, 0xc0, 0xc1,
    0x81, 0x83, 0xff, 0x6, 0xc, 0x18, 0x18, 0x30,
    0x30, 0x60, 0x60, 0xc1, 0x83, 0x3, 0xf, 0xf,
    0x0,

    /* U+0127 "ħ" */
    0x38, 0x6, 0x3, 0xf8, 0x60, 0x10, 0x4, 0xe3,
    0x58, 0xe6, 0x31, 0x98, 0x46, 0x31, 0x8c, 0x42,
    0x30, 0xe0,

    /* U+0128 "Ĩ" */
    0xc, 0x4d, 0xe0, 0x0, 0x0, 0xe, 0x3, 0x0,
    0xc0, 0x30, 0x18, 0x6, 0x1, 0x80, 0x60, 0x30,
    0xc, 0x3, 0x0, 0xc0, 0x70, 0x0,

    /* U+0129 "ĩ" */
    0x1, 0x3a, 0x5e, 0x0, 0x30, 0x10, 0x30, 0x30,
    0x20, 0x60, 0x60, 0x70, 0x60,

    /* U+012A "Ī" */
    0x1f, 0x80, 0x0, 0x1, 0xc0, 0xc0, 0x60, 0x30,
    0x30, 0x18, 0xc, 0x6, 0x6, 0x3, 0x1, 0x80,
    0xc0, 0xe0,

    /* U+012B "ī" */
    0x7e, 0x0, 0x7, 0x2, 0xc, 0x18, 0x20, 0xc1,
    0x83, 0x86, 0x0,

    /* U+012C "Ĭ" */
    0x10, 0x84, 0x43, 0xc0, 0x0, 0x0, 0x70, 0x30,
    0x18, 0xc, 0xc, 0x6, 0x3, 0x1, 0x81, 0x80,
    0xc0, 0x60, 0x30, 0x38, 0x0,

    /* U+012D "ĭ" */
    0x42, 0x88, 0xe0, 0x0, 0xc, 0x18, 0x30, 0x60,
    0x83, 0x6, 0x8e, 0x18, 0x0,

    /* U+012E "Į" */
    0xe, 0xc, 0xc, 0xc, 0x18, 0x18, 0x18, 0x18,
    0x30, 0x30, 0x30, 0x30, 0x70, 0x8, 0x19, 0xe,

    /* U+012F "į" */
    0x31, 0x80, 0x1, 0x31, 0x8c, 0x62, 0x31, 0xae,
    0x62, 0x18, 0x70,

    /* U+0130 "İ" */
    0x6, 0x6, 0x0, 0x0, 0xe, 0xc, 0xc, 0xc,
    0x18, 0x18, 0x18, 0x18, 0x30, 0x30, 0x30, 0x30,
    0x70,

    /* U+0131 "ı" */
    0xe6, 0x66, 0x4c, 0xde, 0xc0,

    /* U+0132 "Ĳ" */
    0xe, 0x1e, 0x18, 0x18, 0x30, 0x60, 0x60, 0xc1,
    0x81, 0x83, 0x6, 0x6, 0xc, 0xc, 0x18, 0x30,
    0x30, 0x60, 0xc0, 0xc9, 0x83, 0xb2, 0xf, 0xb8,
    0x0,

    /* U+0133 "ĳ" */
    0x31, 0x98, 0xc0, 0x0, 0x6, 0x33, 0x19, 0xc,
    0x8c, 0xca, 0x67, 0x25, 0x94, 0x8c, 0x40, 0x60,
    0x20, 0x90, 0x70, 0x0,

    /* U+0134 "Ĵ" */
    0x1, 0x80, 0xa0, 0x44, 0x0, 0x0, 0x0, 0xe0,
    0x30, 0xc, 0x3, 0x0, 0xc0, 0x60, 0x18, 0x6,
    0x3, 0x0, 0xc3, 0x30, 0xd8, 0x1c, 0x0,

    /* U+0135 "ĵ" */
    0x3, 0x2, 0x82, 0x22, 0x0, 0x0, 0xf0, 0x18,
    0x8, 0xc, 0x6, 0x3, 0x1, 0x1, 0x80, 0xc0,
    0x40, 0x20, 0xb0, 0x70, 0x0,

    /* U+0136 "Ķ" */
    0xf, 0x1c, 0x30, 0x40, 0xc2, 0x3, 0x30, 0x9,
    0x0, 0x78, 0x1, 0xe0, 0x6, 0xc0, 0x33, 0x80,
    0xc6, 0x3, 0xc, 0xc, 0x30, 0x70, 0xe0, 0x0,
    0x0, 0x0, 0x3, 0x0, 0xc, 0x0, 0x10, 0x0,
    0x80, 0x0,

    /* U+0137 "ķ" */
    0x38, 0xc, 0x6, 0x2, 0x1, 0x1, 0x9c, 0xc8,
    0x48, 0x28, 0x3c, 0x1b, 0x9, 0x84, 0x76, 0x18,
    0x0, 0x60, 0x30, 0x8, 0x8, 0x8, 0x0,

    /* U+0138 "ĸ" */
    0x0, 0x19, 0xcc, 0x86, 0x82, 0x83, 0xc1, 0xb0,
    0xd8, 0x46, 0x61, 0x80,

    /* U+0139 "Ĺ" */
    0x0, 0x20, 0x8, 0x2, 0x0, 0x80, 0x0, 0x1e,
    0x3, 0x0, 0x60, 0xc, 0x3, 0x0, 0x60, 0xc,
    0x1, 0x80, 0x60, 0xc, 0x1, 0x81, 0x30, 0x7f,
    0xf8,

    /* U+013A "ĺ" */
    0x4, 0x31, 0x8, 0x70, 0xc3, 0xc, 0x21, 0x86,
    0x18, 0x43, 0xc, 0x24, 0xa3, 0x0,

    /* U+013B "Ļ" */
    0xf, 0x1, 0x80, 0x30, 0x6, 0x1, 0x80, 0x30,
    0x6, 0x0, 0xc0, 0x30, 0x6, 0x0, 0xc0, 0x98,
    0x3f, 0xfc, 0x0, 0x0, 0x0, 0x60, 0xc, 0x1,
    0x0, 0x40, 0x0,

    /* U+013C "ļ" */
    0x38, 0xc6, 0x21, 0x18, 0xc4, 0x23, 0x18, 0x95,
    0x30, 0xc, 0x61, 0x11, 0x0,

    /* U+013D "Ľ" */
    0xf, 0x30, 0xc3, 0xc, 0x10, 0xc2, 0x18, 0x1,
    0x80, 0x18, 0x1, 0x80, 0x30, 0x3, 0x0, 0x30,
    0x23, 0x6, 0xff, 0xc0,

    /* U+013E "ľ" */
    0x73, 0x18, 0x8c, 0x44, 0x42, 0x3, 0x1, 0x80,
    0x80, 0xc0, 0x60, 0x34, 0x14, 0xc, 0x0,

    /* U+013F "Ŀ" */
    0xf, 0x1, 0x80, 0x30, 0x6, 0x1, 0x80, 0x30,
    0x6, 0x30, 0xc6, 0x30, 0x6, 0x0, 0xc0, 0x98,
    0x3f, 0xfc,

    /* U+0140 "ŀ" */
    0x70, 0xc3, 0x8, 0x21, 0x86, 0x10, 0x4f, 0x3c,
    0x24, 0xa3, 0x0,

    /* U+0141 "Ł" */
    0xf, 0x1, 0x80, 0x30, 0x6, 0x1, 0x90, 0x3c,
    0x6, 0x3, 0xc0, 0x30, 0x6, 0x0, 0xc0, 0x98,
    0x3f, 0xfc,

    /* U+0142 "ł" */
    0x70, 0x8c, 0x62, 0x1d, 0x9c, 0x42, 0x31, 0xaa,
    0x60,

    /* U+0143 "Ń" */
    0x0, 0x10, 0x0, 0x60, 0x1, 0x0, 0x4, 0x0,
    0x0, 0x3, 0x81, 0x83, 0x82, 0x7, 0x4, 0xa,
    0x8, 0x26, 0x10, 0x4c, 0x40, 0x8c, 0x81, 0x19,
    0x4, 0x14, 0x8, 0x38, 0x10, 0x30, 0x60, 0x40,
    0xc0, 0x80,

    /* U+0144 "ń" */
    0x0, 0x80, 0x80, 0x80, 0x3, 0x3b, 0xac, 0xa6,
    0x62, 0x61, 0x31, 0x90, 0xc8, 0x5c, 0x30,

    /* U+0145 "Ņ" */
    0x1c, 0xc, 0x1c, 0x10, 0x38, 0x20, 0x50, 0x41,
    0x30, 0x82, 0x62, 0x4, 0x64, 0x8, 0xc8, 0x20,
    0xa0, 0x41, 0xc0, 0x81, 0x83, 0x2, 0x6, 0x4,
    0x0, 0x0, 0x3, 0x0, 0x6, 0x0, 0x4, 0x0,
    0x10, 0x0, 0x40, 0x0,

    /* U+0146 "ņ" */
    0x33, 0xba, 0xca, 0x66, 0x26, 0x13, 0x19, 0xc,
    0x85, 0xc3, 0x0, 0x4, 0x3, 0x1, 0x0, 0x80,
    0x80,

    /* U+0147 "Ň" */
    0x0, 0x8, 0x2, 0x20, 0x2, 0x80, 0x6, 0x0,
    0x0, 0x0, 0x0, 0x7, 0x3, 0x7, 0x4, 0xe,
    0x8, 0x14, 0x10, 0x4c, 0x20, 0x98, 0x81, 0x19,
    0x2, 0x32, 0x8, 0x28, 0x10, 0x70, 0x20, 0x60,
    0xc0, 0x81, 0x81, 0x0,

    /* U+0148 "ň" */
    0x8, 0x41, 0x20, 0x70, 0x8, 0x0, 0xc, 0xe7,
    0x58, 0xa6, 0x31, 0x18, 0x46, 0x31, 0xc, 0x42,
    0xb0, 0xc0,

    /* U+0149 "ŉ" */
    0x60, 0x18, 0x8, 0x8, 0x3, 0x3b, 0xac, 0xa6,
    0x62, 0x61, 0x31, 0x90, 0xc8, 0x5c, 0x30,

    /* U+014A "Ŋ" */
    0x6, 0x7c, 0x3d, 0x1c, 0x3c, 0x18, 0x60, 0x30,
    0xc0, 0x61, 0x81, 0x86, 0x3, 0xc, 0x6, 0x18,
    0x8, 0x60, 0x30, 0xc0, 0x41, 0x99, 0xf, 0x9c,
    0x0,

    /* U+014B "ŋ" */
    0x33, 0xba, 0xce, 0x66, 0x26, 0x13, 0x19, 0x8c,
    0x84, 0xc6, 0x3, 0x1, 0x5, 0x83, 0x80,

    /* U+014C "Ō" */
    0x3, 0xf0, 0x0, 0x0, 0x0, 0x0, 0x0, 0x3c,
    0x6, 0x10, 0x40, 0xc6, 0x6, 0x60, 0x3f, 0x1,
    0xb0, 0xd, 0x80, 0x6c, 0x6, 0x60, 0x33, 0x3,
    0xc, 0x30, 0x3e, 0x0,

    /* U+014D "ō" */
    0xf, 0xc0, 0x0, 0x0, 0x3c, 0x10, 0x8c, 0x26,
    0x9, 0x86, 0x41, 0xb0, 0xc4, 0x20, 0xe0,

    /* U+014E "Ŏ" */
    0x2, 0x10, 0x10, 0x80, 0xc8, 0x3, 0x80, 0x0,
    0x0, 0x0, 0xf, 0x1, 0x84, 0x10, 0x31, 0x81,
    0x98, 0xf, 0xc0, 0x6c, 0x3, 0x60, 0x1b, 0x1,
    0x98, 0xc, 0xc0, 0xc3, 0xc, 0xf, 0x80,

    /* U+014F "ŏ" */
    0x8, 0x41, 0x10, 0x78, 0x0, 0x0, 0x3, 0xc1,
    0x8, 0xc2, 0x60, 0x98, 0x64, 0x1b, 0xc, 0x42,
    0xe, 0x0,

    /* U+0150 "Ő" */
    0x1, 0xb0, 0x9, 0x0, 0x90, 0x0, 0x0, 0x0,
    0x1, 0xe0, 0x30, 0x82, 0x6, 0x30, 0x33, 0x1,
    0xf8, 0xd, 0x80, 0x6c, 0x3, 0x60, 0x33, 0x1,
    0x98, 0x18, 0x61, 0x81, 0xf0, 0x0,

    /* U+0151 "ő" */
    0x2, 0x60, 0x48, 0x12, 0x0, 0x0, 0xf0, 0x21,
    0xc, 0x23, 0x4, 0x61, 0x88, 0x33, 0xc, 0x21,
    0x3, 0x80,

    /* U+0152 "Œ" */
    0x7, 0xff, 0xc6, 0xc, 0x13, 0x3, 0x1, 0x81,
    0x80, 0x60, 0x62, 0x38, 0x1f, 0x8c, 0x4, 0x43,
    0x3, 0x10, 0xc0, 0xc0, 0x30, 0x30, 0x2c, 0x18,
    0x11, 0x86, 0xc, 0x3f, 0xff, 0x0,

    /* U+0153 "œ" */
    0xe, 0x38, 0x8e, 0x48, 0x66, 0xc2, 0x66, 0x3c,
    0x21, 0x81, 0xc, 0x8, 0xe4, 0x39, 0xc0,

    /* U+0154 "Ŕ" */
    0x0, 0x60, 0xc, 0x1, 0x80, 0x20, 0x0, 0x0,
    0xfe, 0xc, 0x30, 0xc3, 0xc, 0x31, 0x87, 0x18,
    0xc1, 0xf0, 0x19, 0x83, 0x18, 0x31, 0x83, 0xc,
    0x30, 0xcf, 0xe,

    /* U+0155 "ŕ" */
    0x1, 0x6, 0x8, 0x0, 0x73, 0x3f, 0x38, 0x30,
    0x20, 0x60, 0x60, 0x40, 0x40,

    /* U+0156 "Ŗ" */
    0xf, 0xe0, 0xc3, 0xc, 0x30, 0xc3, 0x18, 0x71,
    0x8c, 0x1f, 0x1, 0x98, 0x31, 0x83, 0x18, 0x30,
    0xc3, 0xc, 0xf0, 0xe0, 0x0, 0x0, 0x0, 0xc0,
    0xc, 0x0, 0x80, 0x10, 0x0,

    /* U+0157 "ŗ" */
    0x73, 0x3f, 0x38, 0x30, 0x20, 0x60, 0x60, 0x40,
    0x40, 0x0, 0x0, 0x60, 0x60, 0x40, 0x80,

    /* U+0158 "Ř" */
    0x2, 0x20, 0x36, 0x1, 0xc0, 0x18, 0x0, 0x0,
    0xfe, 0xc, 0x30, 0xc3, 0xc, 0x31, 0x87, 0x18,
    0xc1, 0xf0, 0x19, 0x83, 0x18, 0x31, 0x83, 0xc,
    0x30, 0xcf, 0xe,

    /* U+0159 "ř" */
    0x10, 0x84, 0x83, 0x80, 0x80, 0x3, 0x98, 0xfc,
    0x70, 0x30, 0x10, 0x18, 0xc, 0x4, 0x2, 0x0,

    /* U+015A "Ś" */
    0x0, 0x0, 0x30, 0x10, 0x8, 0x0, 0x0, 0x0,
    0xfc, 0x43, 0x30, 0x8c, 0x1, 0x80, 0x70, 0xe,
    0x1, 0xc0, 0x30, 0x4, 0x83, 0x30, 0xcf, 0xc0,

    /* U+015B "ś" */
    0x3, 0x6, 0x8, 0x0, 0x1e, 0x22, 0x30, 0x30,
    0x18, 0xc, 0x8c, 0x8c, 0xf8,

    /* U+015C "Ŝ" */
    0x3, 0x1, 0x60, 0x88, 0x0, 0x0, 0x3, 0xf1,
    0xc, 0xc2, 0x30, 0x6, 0x1, 0xc0, 0x38, 0x7,
    0x0, 0xc0, 0x12, 0xc, 0xc3, 0x3f, 0x0,

    /* U+015D "ŝ" */
    0x4, 0xe, 0x12, 0x21, 0x0, 0x1e, 0x22, 0x30,
    0x30, 0x18, 0xc, 0x8c, 0x8c, 0xf8,

    /* U+015E "Ş" */
    0xf, 0xc6, 0x31, 0x4, 0xc0, 0x18, 0x7, 0x0,
    0xe0, 0xc, 0x3, 0x0, 0x48, 0x13, 0xc, 0xfe,
    0x8, 0x3, 0x80, 0x20, 0x78, 0x0,

    /* U+015F "ş" */
    0x1e, 0x44, 0xc1, 0x81, 0x81, 0xa3, 0x46, 0xd8,
    0xc1, 0xc1, 0x8e, 0x0,

    /* U+0160 "Š" */
    0x0, 0x20, 0x88, 0xa, 0x1, 0x80, 0x0, 0x0,
    0x3, 0xf0, 0x86, 0x30, 0x86, 0x0, 0x60, 0xe,
    0x0, 0xe0, 0xe, 0x0, 0xc0, 0x8, 0x83, 0x18,
    0x63, 0xf0, 0x0,

    /* U+0161 "š" */
    0x10, 0x84, 0x83, 0x80, 0x80, 0x0, 0xf0, 0x88,
    0x60, 0x30, 0xc, 0x3, 0x11, 0x88, 0xc7, 0xc0,

    /* U+0162 "Ţ" */
    0x7f, 0xf4, 0x62, 0x86, 0x20, 0x60, 0xc, 0x0,
    0xc0, 0xc, 0x1, 0x80, 0x18, 0x1, 0x80, 0x18,
    0x3, 0x0, 0x78, 0x2, 0x0, 0x30, 0x1, 0x80,
    0x70, 0x0,

    /* U+0163 "ţ" */
    0x4, 0x10, 0x61, 0xf1, 0x82, 0x4, 0x18, 0x30,
    0x40, 0xe1, 0x4, 0xe, 0x4, 0x78,

    /* U+0164 "Ť" */
    0x8, 0x40, 0xb0, 0x1c, 0x1, 0x0, 0x0, 0xff,
    0xe1, 0x8c, 0x71, 0xc, 0x1, 0x80, 0x30, 0xc,
    0x1, 0x80, 0x30, 0x6, 0x1, 0x80, 0x30, 0xf,
    0x0,

    /* U+0165 "ť" */
    0x3, 0x3, 0x11, 0x22, 0xf8, 0x60, 0x40, 0x40,
    0xc0, 0xc0, 0x80, 0xa0, 0xc0,

    /* U+0166 "Ŧ" */
    0x7f, 0xf4, 0x62, 0x86, 0x20, 0x60, 0xc, 0x0,
    0xc0, 0x3f, 0x1, 0x80, 0x18, 0x1, 0x80, 0x18,
    0x3, 0x0, 0x78, 0x0,

    /* U+0167 "ŧ" */
    0x0, 0x21, 0x1f, 0x30, 0xcf, 0x88, 0x61, 0x85,
    0x18,

    /* U+0168 "Ũ" */
    0x7, 0x20, 0x27, 0x0, 0x0, 0x0, 0x0, 0x38,
    0x38, 0xc0, 0x43, 0x1, 0xc, 0x8, 0x60, 0x21,
    0x80, 0x86, 0x4, 0x18, 0x10, 0xc0, 0x43, 0x1,
    0xc, 0x8, 0x18, 0x40, 0x3e, 0x0,

    /* U+0169 "ũ" */
    0x0, 0xe, 0x49, 0xc0, 0xe, 0x33, 0x19, 0x8,
    0x8c, 0xc6, 0x67, 0x25, 0x14, 0xac, 0x60,

    /* U+016A "Ū" */
    0x7, 0xe0, 0x0, 0x0, 0x0, 0x0, 0x0, 0x38,
    0x38, 0xc0, 0x43, 0x1, 0xc, 0x8, 0x60, 0x21,
    0x80, 0x86, 0x4, 0x18, 0x10, 0xc0, 0x43, 0x1,
    0xc, 0x8, 0x18, 0x40, 0x3e, 0x0,

    /* U+016B "ū" */
    0x3f, 0x80, 0x0, 0x1c, 0x66, 0x32, 0x11, 0x19,
    0x8c, 0xce, 0x4a, 0x29, 0x58, 0xc0,

    /* U+016C "Ŭ" */
    0x4, 0x20, 0x10, 0x80, 0x64, 0x0, 0xe0, 0x0,
    0x0, 0x0, 0x3, 0x83, 0x8c, 0x4, 0x30, 0x10,
    0xc0, 0x86, 0x2, 0x18, 0x8, 0x60, 0x41, 0x81,
    0xc, 0x4, 0x30, 0x10, 0xc0, 0x81, 0x84, 0x3,
    0xe0, 0x0,

    /* U+016D "ŭ" */
    0x11, 0x8, 0x87, 0x80, 0x0, 0x7, 0x19, 0x8c,
    0x84, 0x46, 0x63, 0x33, 0x92, 0x8a, 0x56, 0x30,

    /* U+016E "Ů" */
    0x1, 0x80, 0x9, 0x0, 0x24, 0x0, 0x60, 0x0,
    0x0, 0x0, 0x3, 0x83, 0x8c, 0x4, 0x30, 0x10,
    0xc0, 0x86, 0x2, 0x18, 0x8, 0x60, 0x41, 0x81,
    0xc, 0x4, 0x30, 0x10, 0xc0, 0x81, 0x84, 0x3,
    0xe0, 0x0,

    /* U+016F "ů" */
    0x6, 0x9, 0x11, 0xa, 0xc, 0x0, 0xe3, 0x63,
    0x42, 0x46, 0xc6, 0xce, 0x94, 0xa5, 0xc6,

    /* U+0170 "Ű" */
    0x3, 0x60, 0x9, 0x0, 0x48, 0x0, 0x0, 0x0,
    0x0, 0xe0, 0xe3, 0x1, 0xc, 0x4, 0x30, 0x21,
    0x80, 0x86, 0x2, 0x18, 0x10, 0x60, 0x43, 0x1,
    0xc, 0x4, 0x30, 0x20, 0x61, 0x0, 0xf8, 0x0,

    /* U+0171 "ű" */
    0x9, 0x1b, 0x12, 0x4, 0xe3, 0x63, 0x42, 0x46,
    0xc6, 0xce, 0x94, 0xa5, 0xc6,

    /* U+0172 "Ų" */
    0x38, 0x39, 0x80, 0x8c, 0x8, 0x40, 0x46, 0x2,
    0x30, 0x11, 0x81, 0x18, 0x8, 0xc0, 0x46, 0x4,
    0x30, 0x20, 0xc2, 0x3, 0xf0, 0x1, 0x0, 0xc,
    0x0, 0x38,

    /* U+0173 "ų" */
    0xe3, 0x31, 0x90, 0x88, 0xcc, 0x66, 0x72, 0x51,
    0x4a, 0xc6, 0x2, 0x3, 0x20, 0xe0,

    /* U+0174 "Ŵ" */
    0x1, 0x80, 0x2, 0xc0, 0x4, 0x40, 0x0, 0x0,
    0x0, 0x0, 0xf3, 0xc7, 0x61, 0x82, 0x61, 0x84,
    0x61, 0x84, 0x63, 0x88, 0x63, 0x88, 0x24, 0x90,
    0x24, 0x90, 0x38, 0xe0, 0x38, 0xe0, 0x30, 0xc0,
    0x30, 0xc0, 0x20, 0x80,

    /* U+0175 "ŵ" */
    0x1, 0x80, 0x14, 0x1, 0x10, 0x10, 0x80, 0x0,
    0x70, 0x8d, 0x8c, 0x64, 0xa2, 0x25, 0x11, 0x49,
    0xa, 0x50, 0x62, 0x83, 0x18, 0x10, 0x80,

    /* U+0176 "Ŷ" */
    0x3, 0x0, 0xa0, 0x22, 0x8, 0x0, 0x0, 0xe0,
    0xcc, 0x11, 0x84, 0x11, 0x3, 0x20, 0x68, 0xe,
    0x1, 0x80, 0x30, 0x6, 0x0, 0xc0, 0x30, 0xf,
    0x0,

    /* U+0177 "ŷ" */
    0x6, 0x7, 0x82, 0x42, 0x10, 0x3, 0x8c, 0x62,
    0x31, 0x8, 0x84, 0x83, 0x41, 0xc0, 0x40, 0x20,
    0x20, 0x20, 0x10, 0x70, 0x0,

    /* U+0178 "Ÿ" */
    0x8, 0x81, 0x10, 0x0, 0x38, 0x33, 0x4, 0x61,
    0x4, 0x40, 0xc8, 0x1a, 0x3, 0x80, 0x60, 0xc,
    0x1, 0x80, 0x30, 0xc, 0x3, 0xc0,

    /* U+0179 "Ź" */
    0x0, 0x40, 0xc, 0x1, 0x0, 0x20, 0x0, 0x3,
    0xff, 0x20, 0x64, 0xc, 0x1, 0xc0, 0x18, 0x3,
    0x0, 0x60, 0xc, 0x1, 0xc0, 0x18, 0x3, 0x2,
    0x60, 0x6f, 0xfc,

    /* U+017A "ź" */
    0x3, 0x6, 0x8, 0x0, 0x3e, 0x42, 0x4, 0x8,
    0x10, 0x20, 0x20, 0x40, 0xf2, 0x32, 0xc,

    /* U+017B "Ż" */
    0x3, 0x0, 0x10, 0x0, 0x0, 0x0, 0x3f, 0xf2,
    0x6, 0x40, 0xc0, 0x1c, 0x1, 0x80, 0x30, 0x6,
    0x0, 0xc0, 0x1c, 0x1, 0x80, 0x30, 0x26, 0x6,
    0xff, 0xc0,

    /* U+017C "ż" */
    0xc, 0xc, 0x0, 0x3e, 0x42, 0x4, 0x8, 0x10,
    0x20, 0x20, 0x40, 0xf2, 0x32, 0xc,

    /* U+017D "Ž" */
    0x4, 0x40, 0x6c, 0x3, 0x80, 0x30, 0x0, 0x3,
    0xff, 0x20, 0x64, 0xc, 0x1, 0xc0, 0x18, 0x3,
    0x0, 0x60, 0xc, 0x1, 0xc0, 0x18, 0x3, 0x2,
    0x60, 0x6f, 0xfc,

    /* U+017E "ž" */
    0x11, 0xd, 0x3, 0x0, 0x0, 0x1, 0xf1, 0x8,
    0x8, 0x8, 0x8, 0x8, 0x4, 0x4, 0x7, 0x90,
    0xc8, 0x18,

    /* U+017F "ſ" */
    0x0, 0x70, 0xb, 0x1, 0x0, 0x10, 0x3, 0x0,
    0xf0, 0x2, 0x0, 0x20, 0x6, 0x0, 0x60, 0x4,
    0x0, 0x40, 0xc, 0x0, 0xc0, 0x8, 0x0, 0x80,
    0xd0, 0x7, 0x0,

    /* U+0180 "ƀ" */
    0x38, 0xc, 0x1f, 0x2, 0x1, 0x1, 0x9c, 0xf6,
    0x61, 0x30, 0xb0, 0xd8, 0x48, 0x64, 0x63, 0xc0,

    /* U+0181 "Ɓ" */
    0x1f, 0xe3, 0x31, 0xa1, 0x87, 0x8c, 0x38, 0xc3,
    0x7, 0xe0, 0x31, 0x83, 0x6, 0x18, 0x30, 0xc1,
    0x86, 0x18, 0x61, 0xc7, 0xf8, 0x0,

    /* U+0182 "Ƃ" */
    0x1f, 0xf0, 0xc1, 0xc, 0x10, 0xc0, 0x18, 0x1,
    0xf8, 0x18, 0xc3, 0x6, 0x30, 0x63, 0x6, 0x30,
    0xc6, 0x18, 0xfe, 0x0,

    /* U+0183 "ƃ" */
    0x1f, 0xc6, 0x21, 0x80, 0x40, 0x13, 0x8f, 0x63,
    0xc, 0xc2, 0x61, 0x98, 0x64, 0x31, 0x18, 0x78,
    0x0,

    /* U+0184 "Ƅ" */
    0x4, 0x0, 0x80, 0x30, 0xc, 0x1, 0x80, 0x3e,
    0x6, 0x30, 0x83, 0x30, 0x66, 0xc, 0xc3, 0x30,
    0xef, 0xf0,

    /* U+0185 "ƅ" */
    0x8, 0xc, 0xc, 0xe, 0x7, 0x1, 0xb8, 0xa6,
    0xe3, 0x61, 0xb0, 0xd0, 0xd8, 0x4c, 0x43, 0xc0,

    /* U+0186 "Ɔ" */
    0x3, 0xe0, 0x30, 0xe1, 0x1, 0x80, 0x7, 0x0,
    0xc, 0x0, 0x30, 0x1, 0xc0, 0x7, 0x0, 0x18,
    0x0, 0xe4, 0x3, 0x10, 0x18, 0x60, 0xc3, 0xfc,
    0x0,

    /* U+0187 "Ƈ" */
    0x7, 0xc3, 0x8c, 0x16, 0x4c, 0x6, 0xc, 0x2,
    0x6, 0x0, 0x7, 0x0, 0x3, 0x0, 0x1, 0x80,
    0x0, 0xc0, 0x0, 0x60, 0x0, 0x38, 0x0, 0xe,
    0xc, 0x1, 0xf8, 0x0,

    /* U+0188 "ƈ" */
    0x0, 0x70, 0xb, 0x1, 0x0, 0x10, 0x1, 0x1,
    0xf0, 0x22, 0x4, 0x20, 0xc0, 0x8, 0x0, 0x80,
    0x8, 0x0, 0xc4, 0x7, 0x80,

    /* U+0189 "Ɖ" */
    0xf, 0xe0, 0x30, 0x60, 0xc1, 0x83, 0x3, 0x18,
    0xd, 0xfc, 0x31, 0x80, 0xc6, 0x3, 0x30, 0x18,
    0xc0, 0x63, 0x3, 0x1c, 0x38, 0xff, 0x80,

    /* U+018A "Ɗ" */
    0x1f, 0xf0, 0xc6, 0x1a, 0x18, 0x1e, 0x30, 0x3c,
    0x60, 0x61, 0x80, 0xc3, 0x1, 0x86, 0x3, 0xc,
    0xe, 0x30, 0x18, 0x60, 0x60, 0xc1, 0x83, 0xfc,
    0x0,

    /* U+018B "Ƌ" */
    0xf, 0xfc, 0x10, 0x70, 0x40, 0xc0, 0x1, 0x80,
    0x3, 0x1, 0xfc, 0xe, 0x18, 0x38, 0x30, 0x60,
    0xc1, 0xc1, 0x83, 0x3, 0x7, 0xc, 0x7, 0xfc,
    0x0,

    /* U+018C "ƌ" */
    0xf, 0xc2, 0x30, 0xc, 0x3, 0xe, 0x84, 0x63,
    0x19, 0x84, 0x61, 0x30, 0xcc, 0x73, 0x2a, 0x73,
    0x0,

    /* U+018D "ƍ" */
    0xf, 0x18, 0xc8, 0x6c, 0x34, 0x1a, 0xd, 0x4,
    0xc4, 0x7c, 0x18, 0x6, 0x3, 0x9, 0x83, 0x0,

    /* U+018E "Ǝ" */
    0xf, 0xf8, 0x20, 0xc0, 0x3, 0x0, 0xc, 0x4,
    0x60, 0x1f, 0x80, 0x86, 0x2, 0x38, 0x0, 0xc0,
    0x3, 0x8, 0xc, 0x30, 0x60, 0xff, 0xc0,

    /* U+018F "Ə" */
    0x7, 0x83, 0x38, 0x83, 0xa0, 0x30, 0x6, 0x0,
    0xc0, 0xf8, 0xe6, 0x70, 0xdc, 0x33, 0xe, 0x61,
    0x8c, 0x41, 0xf0, 0x0,

    /* U+0190 "Ɛ" */
    0x3, 0x80, 0xc6, 0x18, 0x21, 0x82, 0x38, 0x23,
    0x80, 0x18, 0x0, 0xf0, 0x38, 0x6, 0x0, 0x60,
    0xe, 0x0, 0xe0, 0x6, 0x18, 0x3c, 0x0,

    /* U+0191 "Ƒ" */
    0x1, 0xff, 0x1, 0x82, 0x1, 0x80, 0x1, 0x80,
    0x3, 0x8, 0x3, 0xf0, 0x3, 0x10, 0x2, 0x10,
    0x6, 0x0, 0x6, 0x0, 0x6, 0x0, 0x4, 0x0,
    0xc, 0x0, 0xc, 0x0, 0x8, 0x0, 0xd8, 0x0,
    0x70, 0x0,

    /* U+0192 "ƒ" */
    0x0, 0x70, 0xb, 0x1, 0x0, 0x10, 0x3, 0x0,
    0xfc, 0x2, 0x0, 0x20, 0x6, 0x0, 0x60, 0x4,
    0x0, 0x40, 0xc, 0x0, 0xc0, 0x8, 0x0, 0x80,
    0xd0, 0x6, 0x0,

    /* U+0193 "Ɠ" */
    0x0, 0x3, 0x83, 0xf2, 0x46, 0x6, 0x6, 0x3,
    0x6, 0x1, 0x3, 0x0, 0x3, 0x80, 0x1, 0x81,
    0xf0, 0xc0, 0x70, 0x60, 0x30, 0x30, 0x18, 0x1c,
    0xc, 0x6, 0xc, 0x0, 0xfc, 0x0,

    /* U+0194 "Ɣ" */
    0xf8, 0x73, 0x82, 0xc, 0x20, 0x62, 0x1, 0xa0,
    0xe, 0x0, 0x30, 0x3, 0x80, 0x2c, 0x2, 0x30,
    0x11, 0x0, 0x98, 0x7, 0x80, 0x0,

    /* U+0195 "ƕ" */
    0x38, 0x0, 0x60, 0x1, 0x80, 0x6, 0x0, 0x10,
    0x0, 0xce, 0x33, 0x58, 0x4e, 0x61, 0x31, 0x85,
    0x84, 0x16, 0x30, 0x98, 0xc4, 0x43, 0x13, 0xf,
    0x80,

    /* U+0196 "Ɩ" */
    0x70, 0x8c, 0x62, 0x11, 0x8c, 0x42, 0x31, 0xaa,
    0x60,

    /* U+0197 "Ɨ" */
    0xe, 0xc, 0xc, 0xc, 0x18, 0x18, 0x7e, 0x30,
    0x30, 0x30, 0x30, 0x60, 0xf0,

    /* U+0198 "Ƙ" */
    0x1f, 0x7, 0x6, 0xc, 0xc3, 0x8, 0x61, 0x98,
    0x1, 0x90, 0x0, 0xf0, 0x0, 0x78, 0x0, 0x26,
    0x0, 0x33, 0x0, 0x18, 0xc0, 0xc, 0x60, 0xc,
    0x18, 0xf, 0xe, 0x0,

    /* U+0199 "ƙ" */
    0x7, 0x4, 0x86, 0x2, 0x1, 0x1, 0x9c, 0xc8,
    0x48, 0x28, 0x3c, 0x1a, 0x9, 0x84, 0x46, 0x18,

    /* U+019A "ƚ" */
    0x38, 0x21, 0x86, 0x10, 0x43, 0x3e, 0x20, 0x86,
    0x1a, 0x51, 0x80,

    /* U+019B "ƛ" */
    0x1c, 0xe, 0x1, 0x60, 0xc1, 0xc0, 0x20, 0x30,
    0x18, 0x1c, 0xa, 0xd, 0xc, 0x96, 0x3e, 0x18,

    /* U+019C "Ɯ" */
    0x3d, 0xe7, 0x8c, 0x61, 0xc, 0x31, 0x86, 0x18,
    0xc3, 0x18, 0x61, 0x8c, 0x61, 0x86, 0x30, 0xc6,
    0x18, 0x63, 0x18, 0x63, 0x9c, 0x32, 0x96, 0x1a,
    0xd3, 0xe, 0x33, 0x80,

    /* U+019D "Ɲ" */
    0x1, 0xc1, 0xc0, 0x18, 0x10, 0x3, 0x82, 0x0,
    0xb0, 0x80, 0x12, 0x10, 0x2, 0x62, 0x0, 0x8c,
    0x40, 0x10, 0xd0, 0x2, 0x1a, 0x0, 0x41, 0xc0,
    0x10, 0x30, 0x2, 0x2, 0x0, 0x40, 0x40, 0x8,
    0x0, 0x2, 0x0, 0x6, 0x40, 0x0, 0x70, 0x0,
    0x0,

    /* U+019E "ƞ" */
    0x33, 0x9a, 0xce, 0x66, 0x22, 0x13, 0x19, 0x8c,
    0x84, 0xc6, 0x3, 0x1, 0x80, 0xa0, 0x60,

    /* U+019F "Ɵ" */
    0x3, 0xc0, 0x61, 0x4, 0xc, 0x40, 0x66, 0x3,
    0xff, 0xff, 0x0, 0xd8, 0xe, 0xc0, 0x66, 0x7,
    0x30, 0x30, 0xc3, 0x3, 0xe0, 0x0,

    /* U+01A0 "Ơ" */
    0x0, 0x2, 0x0, 0x3, 0x3, 0xc1, 0xc, 0x32,
    0x10, 0x3c, 0x30, 0x30, 0x60, 0x38, 0xe0, 0x30,
    0xc0, 0x30, 0xc0, 0x30, 0xc0, 0x60, 0xc0, 0x40,
    0xc0, 0xc0, 0x61, 0x0, 0x3e, 0x0,

    /* U+01A1 "ơ" */
    0x0, 0x0, 0x3, 0x0, 0x10, 0xf1, 0x10, 0xe3,
    0x8, 0x61, 0x86, 0x18, 0x41, 0x4, 0x30, 0x42,
    0x3, 0xc0,

    /* U+01A2 "Ƣ" */
    0x0, 0x1, 0xc0, 0xf0, 0xb0, 0xc3, 0x4c, 0x40,
    0xe2, 0x30, 0x39, 0x98, 0xe, 0x6e, 0x3, 0x1b,
    0x0, 0xcc, 0xc0, 0x33, 0x30, 0x18, 0xcc, 0x6,
    0x33, 0x3, 0x18, 0x41, 0x6, 0xf, 0x83, 0xc0,

    /* U+01A3 "ƣ" */
    0x1e, 0x32, 0x1d, 0x61, 0x1c, 0x13, 0xc3, 0x38,
    0x32, 0x86, 0x28, 0x46, 0x58, 0x62, 0x4, 0x0,
    0x40, 0xf, 0x0, 0xc0,

    /* U+01A4 "Ƥ" */
    0x1f, 0xe3, 0x31, 0xa1, 0x87, 0x18, 0x38, 0xc3,
    0x6, 0x38, 0x3f, 0x3, 0x0, 0x18, 0x0, 0xc0,
    0xc, 0x0, 0x60, 0x7, 0x80, 0x0,

    /* U+01A5 "ƥ" */
    0x1, 0xc0, 0x4c, 0x8, 0x3, 0x0, 0x40, 0xb,
    0xc3, 0x98, 0x61, 0xc, 0x61, 0xc, 0x61, 0x8c,
    0x61, 0x8, 0x36, 0xd, 0x1, 0x80, 0x20, 0xe,
    0x0,

    /* U+01A6 "Ʀ" */
    0xe, 0x0, 0xc0, 0xf, 0x80, 0xc6, 0x18, 0x61,
    0x86, 0x18, 0x61, 0x6, 0x31, 0xc3, 0xf0, 0x31,
    0x86, 0x18, 0xf1, 0x80, 0x18, 0x1, 0x90, 0x1a,
    0x1, 0xc0,

    /* U+01A7 "Ƨ" */
    0x3f, 0x10, 0xc8, 0x60, 0x60, 0x70, 0x70, 0x60,
    0xe0, 0x60, 0x60, 0x30, 0x58, 0x67, 0xe0,

    /* U+01A8 "ƨ" */
    0x7a, 0x29, 0x8c, 0x61, 0xc, 0x62, 0x78,

    /* U+01A9 "Ʃ" */
    0x1f, 0xfc, 0x30, 0x30, 0x60, 0x40, 0xc0, 0x1,
    0x80, 0x7, 0x0, 0x8, 0x0, 0x40, 0x6, 0x0,
    0x20, 0x41, 0x1, 0xf, 0xf8, 0xff, 0xe0,

    /* U+01AA "ƪ" */
    0x39, 0x18, 0x61, 0x44, 0xf0, 0xc2, 0x18, 0x61,
    0x4, 0x30, 0xc2, 0x8, 0x24, 0x70,

    /* U+01AB "ƫ" */
    0x0, 0x4, 0xc, 0x1f, 0xc, 0x8, 0x8, 0x18,
    0x18, 0x10, 0x14, 0x3c, 0x8, 0xd0, 0xe0,

    /* U+01AC "Ƭ" */
    0x1f, 0xf6, 0x62, 0x86, 0x28, 0x60, 0xcc, 0x0,
    0xc0, 0xc, 0x1, 0x80, 0x18, 0x1, 0x80, 0x18,
    0x3, 0x0, 0x78, 0x0,

    /* U+01AD "ƭ" */
    0x7, 0xb, 0x10, 0x10, 0x30, 0x78, 0x20, 0x20,
    0x60, 0x60, 0x40, 0x40, 0xe0, 0xc0,

    /* U+01AE "Ʈ" */
    0x7f, 0xf4, 0x62, 0x86, 0x20, 0x60, 0xc, 0x0,
    0xc0, 0xc, 0x1, 0x80, 0x18, 0x1, 0x80, 0x18,
    0x3, 0x0, 0x30, 0x3, 0x0, 0x20, 0x2, 0xc0,
    0x1c, 0x0,

    /* U+01AF "Ư" */
    0x0, 0x2, 0x0, 0x3, 0x38, 0x31, 0x30, 0x12,
    0x30, 0x2c, 0x20, 0x20, 0x60, 0x20, 0x60, 0x40,
    0x60, 0x40, 0xc0, 0x40, 0xc0, 0x40, 0xc0, 0x80,
    0xc0, 0x80, 0x61, 0x0, 0x3e, 0x0,

    /* U+01B0 "ư" */
    0x0, 0x20, 0x3, 0x0, 0x1e, 0x31, 0x63, 0xe4,
    0x20, 0x46, 0xc, 0x60, 0xd6, 0x9, 0x40, 0xa5,
    0xc, 0x60,

    /* U+01B1 "Ʊ" */
    0x7e, 0x7e, 0xfc, 0xf9, 0xa, 0x10, 0xe3, 0x83,
    0x3, 0x8c, 0x3, 0x30, 0x7, 0x60, 0xe, 0xc0,
    0x19, 0x80, 0x33, 0x0, 0xc3, 0x3, 0x3, 0xf8,
    0x0,

    /* U+01B2 "Ʋ" */
    0x38, 0x0, 0xc3, 0x8c, 0x1c, 0x60, 0x33, 0x0,
    0x98, 0x5, 0x80, 0x2c, 0x1, 0x60, 0xb, 0x0,
    0xb8, 0x8, 0xc0, 0xc6, 0x8, 0x1f, 0x80,

    /* U+01B3 "Ƴ" */
    0xf0, 0x6, 0xc1, 0x83, 0x8, 0x18, 0xc0, 0xc4,
    0x3, 0x40, 0x1c, 0x0, 0xc0, 0x6, 0x0, 0x30,
    0x3, 0x0, 0x18, 0x0, 0xc0, 0xf, 0x0,

    /* U+01B4 "ƴ" */
    0x0, 0x70, 0x9, 0x0, 0x80, 0x10, 0x1, 0x7,
    0x10, 0x11, 0x1, 0xa0, 0x1a, 0x0, 0xa0, 0xc,
    0x0, 0xc0, 0xc, 0x0, 0x80, 0x8, 0x1, 0x0,
    0xb0, 0xc, 0x0,

    /* U+01B5 "Ƶ" */
    0x3f, 0xf2, 0x6, 0x0, 0xc0, 0x18, 0x3, 0x1,
    0xf8, 0xe, 0x0, 0xc0, 0x18, 0x3, 0x0, 0x70,
    0x26, 0x4, 0xff, 0xc0,

    /* U+01B6 "ƶ" */
    0x3e, 0x42, 0x44, 0x8, 0x3e, 0x10, 0x20, 0x40,
    0xf2, 0x32, 0xc,

    /* U+01B7 "Ʒ" */
    0xf, 0xf1, 0x86, 0x10, 0xc0, 0x18, 0x1, 0x0,
    0x38, 0x3, 0xc0, 0xc, 0x0, 0xc0, 0x18, 0x1,
    0x88, 0x30, 0x7c, 0x0,

    /* U+01B8 "Ƹ" */
    0x1f, 0xe3, 0x4, 0x30, 0x86, 0x10, 0xc0, 0x18,
    0xf, 0x3, 0x0, 0x60, 0x18, 0x3, 0x1, 0x30,
    0xc3, 0xc0,

    /* U+01B9 "ƹ" */
    0xf, 0x88, 0x42, 0x1, 0x0, 0x81, 0xe1, 0x81,
    0x80, 0x80, 0x40, 0x20, 0x11, 0x87, 0x80,

    /* U+01BA "ƺ" */
    0xf, 0xc2, 0x20, 0x30, 0x10, 0xf, 0x4, 0xc0,
    0x30, 0x38, 0x1c, 0x1c, 0x4, 0x3, 0x30, 0x78,
    0x0,

    /* U+01BB "ƻ" */
    0xf, 0x7, 0xe2, 0x19, 0x6, 0x1, 0x80, 0x60,
    0x10, 0x3f, 0x4, 0x2, 0x1, 0x0, 0x82, 0x7f,
    0x3f, 0xc0,

    /* U+01BC "Ƽ" */
    0x7, 0xf8, 0x18, 0x81, 0x80, 0xc, 0x0, 0x7c,
    0x0, 0x30, 0x1, 0xc0, 0xe, 0x0, 0x70, 0x3,
    0x20, 0x38, 0xc3, 0x83, 0xf0, 0x0,

    /* U+01BD "ƽ" */
    0x7, 0xc2, 0x1, 0x0, 0x60, 0x1e, 0x1, 0xc0,
    0x10, 0x4, 0x1, 0x0, 0x40, 0x11, 0x8, 0x7c,
    0x0,

    /* U+01BE "ƾ" */
    0x0, 0x43, 0x1e, 0x30, 0xc1, 0x86, 0xc, 0x38,
    0xfe,

    /* U+01BF "ƿ" */
    0x1d, 0xe1, 0xcc, 0x30, 0x86, 0x30, 0x86, 0x30,
    0xc6, 0x30, 0x84, 0x11, 0x6, 0xc0, 0xe0, 0x10,
    0x7, 0x0,

    /* U+01C0 "ǀ" */
    0x8, 0x84, 0x21, 0x10, 0x84, 0x22, 0x10, 0x84,
    0x22, 0x0,

    /* U+01C1 "ǁ" */
    0xa, 0x24, 0x48, 0x91, 0x44, 0x89, 0x12, 0x28,
    0x91, 0x22, 0x45, 0xa, 0x24, 0x0,

    /* U+01C2 "ǂ" */
    0x1, 0x0, 0x10, 0x1, 0x0, 0x30, 0x2, 0x7,
    0xff, 0x2, 0x0, 0x20, 0x4, 0xf, 0xfe, 0x4,
    0x0, 0x40, 0x8, 0x0, 0x80, 0x8, 0x0,

    /* U+01C3 "ǃ" */
    0x18, 0xc6, 0x23, 0x10, 0x84, 0x42, 0x1, 0x8c,
    0x0,

    /* U+01C4 "Ǆ" */
    0x0, 0x0, 0x10, 0x80, 0x0, 0x2, 0xc0, 0x0,
    0x0, 0xe0, 0x0, 0x0, 0x10, 0x0, 0x0, 0x0,
    0x3, 0xf8, 0x1f, 0xf0, 0xc1, 0x88, 0x1c, 0x30,
    0x64, 0xe, 0xc, 0xc, 0x3, 0x7, 0x3, 0x1,
    0x81, 0x80, 0xc0, 0xc0, 0x60, 0x30, 0x60, 0x18,
    0xc, 0x38, 0xc, 0x6, 0xc, 0x3, 0x1, 0x86,
    0x0, 0xc0, 0xc3, 0x2, 0x30, 0xe1, 0x80, 0xbf,
    0xe0, 0xff, 0xe0,

    /* U+01C5 "ǅ" */
    0x0, 0x0, 0x44, 0x1f, 0xc0, 0x90, 0x30, 0x60,
    0xe0, 0x60, 0xc1, 0x80, 0xc0, 0xc0, 0x3, 0x81,
    0x9f, 0x6, 0x3, 0x42, 0xc, 0x6, 0x8, 0x18,
    0xc, 0x20, 0x60, 0x30, 0x80, 0xc0, 0x62, 0x1,
    0x81, 0x84, 0x3, 0xe, 0x10, 0xf, 0xf0, 0x79,
    0x0, 0x0, 0x12, 0x0, 0x0, 0x18,

    /* U+01C6 "ǆ" */
    0x1, 0xc8, 0x40, 0x11, 0x20, 0xc, 0x70, 0x3,
    0x8, 0x0, 0x80, 0x3, 0xa7, 0xe1, 0x19, 0x10,
    0xc6, 0x8, 0x61, 0x2, 0x18, 0x41, 0xc, 0x30,
    0x83, 0x1c, 0x40, 0xca, 0x90, 0x1c, 0xce, 0x20,
    0x0, 0xc8, 0x0, 0xc,

    /* U+01C7 "Ǉ" */
    0xf, 0x0, 0x78, 0x60, 0x3, 0x83, 0x0, 0x18,
    0x18, 0x0, 0xc1, 0x80, 0x6, 0xc, 0x0, 0x60,
    0x60, 0x3, 0x3, 0x0, 0x18, 0x30, 0x1, 0x81,
    0x80, 0xc, 0xc, 0x8, 0x60, 0xe0, 0xf2, 0xf,
    0xfc, 0xe0, 0x0,

    /* U+01C8 "ǈ" */
    0x1f, 0x1, 0xc, 0x1, 0xc, 0x0, 0xc, 0x0,
    0x18, 0xf, 0x18, 0x2, 0x18, 0x2, 0x18, 0x6,
    0x30, 0x6, 0x30, 0x4, 0x30, 0x24, 0x30, 0x6c,
    0xff, 0xcc, 0x0, 0x8, 0x0, 0x8, 0x0, 0xd0,
    0x0, 0x70,

    /* U+01C9 "ǉ" */
    0x0, 0x18, 0xcc, 0x66, 0x2, 0x1, 0x39, 0x8c,
    0xc6, 0x43, 0x61, 0x30, 0x9a, 0xca, 0x66, 0x20,
    0x10, 0x18, 0x68, 0x38, 0x0,

    /* U+01CA "Ǌ" */
    0x1c, 0xc, 0x38, 0x38, 0x20, 0xe0, 0xe0, 0x83,
    0x2, 0x82, 0xc, 0x13, 0x8, 0x30, 0x4c, 0x41,
    0x81, 0x19, 0x6, 0x4, 0x64, 0x18, 0x20, 0xe0,
    0xe0, 0x83, 0x83, 0x2, 0x6, 0xcc, 0x18, 0x13,
    0x20, 0xf0, 0x47, 0x0,

    /* U+01CB "ǋ" */
    0x1c, 0xc, 0xc3, 0x82, 0x30, 0xe0, 0x80, 0x38,
    0x20, 0x13, 0xb, 0x84, 0xc4, 0x61, 0x19, 0x18,
    0x46, 0x44, 0x20, 0xe1, 0x8, 0x38, 0xc2, 0x6,
    0x31, 0x81, 0x8, 0x60, 0x42, 0x0, 0x1, 0x80,
    0x0, 0x40, 0x0, 0x90, 0x0, 0x38, 0x0,

    /* U+01CC "ǌ" */
    0x0, 0x6, 0x0, 0xc, 0x0, 0x0, 0x0, 0x7,
    0x39, 0xc6, 0xb1, 0x8a, 0x63, 0x18, 0x84, 0x61,
    0x8, 0xc6, 0x31, 0xc, 0x62, 0x14, 0x8c, 0x31,
    0x0, 0x6, 0x0, 0xc, 0x0, 0xd0, 0x1, 0xc0,

    /* U+01CD "Ǎ" */
    0x2, 0x10, 0x22, 0x1, 0x40, 0x18, 0x0, 0x0,
    0x8, 0x0, 0x80, 0x18, 0x2, 0x80, 0x2c, 0x4,
    0xc0, 0x4c, 0x8, 0xc0, 0x8c, 0x1f, 0xc1, 0x6,
    0x20, 0x66, 0x6, 0x60, 0xf0,

    /* U+01CE "ǎ" */
    0x8, 0x43, 0x60, 0x70, 0x18, 0x0, 0x3, 0xa1,
    0x18, 0x86, 0x61, 0x10, 0x4c, 0x33, 0x1c, 0xca,
    0x9c, 0xc0,

    /* U+01CF "Ǐ" */
    0x8, 0x82, 0x40, 0x60, 0x10, 0x0, 0x3, 0x80,
    0xc0, 0x30, 0xc, 0x6, 0x1, 0x80, 0x60, 0x18,
    0xc, 0x3, 0x0, 0xc0, 0x30, 0x1c, 0x0,

    /* U+01D0 "ǐ" */
    0x44, 0xd8, 0xe0, 0x0, 0x1c, 0x18, 0x30, 0x60,
    0x83, 0x6, 0x8e, 0x18, 0x0,

    /* U+01D1 "Ǒ" */
    0x0, 0x10, 0x11, 0x0, 0x50, 0x3, 0x0, 0x0,
    0x0, 0x0, 0xf, 0x1, 0x84, 0x10, 0x31, 0x81,
    0x98, 0xf, 0xc0, 0x6c, 0x3, 0x60, 0x1b, 0x1,
    0x98, 0xc, 0xc0, 0xc3, 0xc, 0xf, 0x80,

    /* U+01D2 "ǒ" */
    0x8, 0x40, 0x90, 0x1c, 0x1, 0x80, 0x0, 0x1e,
    0x4, 0x21, 0x84, 0x60, 0x8c, 0x31, 0x6, 0x61,
    0x84, 0x20, 0x70, 0x0,

    /* U+01D3 "Ǔ" */
    0x4, 0x0, 0x9, 0x80, 0x3c, 0x0, 0x60, 0x0,
    0x0, 0x0, 0x3, 0x83, 0x8c, 0x4, 0x30, 0x10,
    0xc0, 0x86, 0x2, 0x18, 0x8, 0x60, 0x41, 0x81,
    0xc, 0x4, 0x30, 0x10, 0xc0, 0x81, 0x84, 0x3,
    0xe0, 0x0,

    /* U+01D4 "ǔ" */
    0x10, 0x85, 0x83, 0x80, 0x80, 0x7, 0x19, 0x8c,
    0x84, 0x46, 0x63, 0x33, 0x92, 0x8a, 0x56, 0x30,

    /* U+01D5 "Ǖ" */
    0x7, 0xf0, 0x0, 0x0, 0x66, 0x1, 0x98, 0x0,
    0x0, 0x0, 0x3, 0x83, 0x8c, 0x4, 0x30, 0x10,
    0xc0, 0x86, 0x2, 0x18, 0x8, 0x60, 0x41, 0x81,
    0xc, 0x4, 0x30, 0x10, 0xc0, 0x81, 0x84, 0x3,
    0xe0, 0x0,

    /* U+01D6 "ǖ" */
    0x1f, 0x80, 0x0, 0x2, 0x21, 0x10, 0x3, 0x8c,
    0xc6, 0x42, 0x23, 0x31, 0x99, 0xc9, 0x45, 0x2b,
    0x18,

    /* U+01D7 "Ǘ" */
    0x0, 0x0, 0x3, 0x0, 0x20, 0x2, 0x0, 0xcc,
    0x6, 0x60, 0x0, 0x1f, 0x8f, 0x30, 0x23, 0x1,
    0x18, 0x8, 0xc0, 0x8c, 0x4, 0x60, 0x23, 0x2,
    0x10, 0x10, 0x81, 0x6, 0x8, 0x1f, 0x80,

    /* U+01D8 "ǘ" */
    0x0, 0x0, 0xc0, 0xc0, 0x80, 0x0, 0x88, 0x44,
    0x0, 0xe3, 0x31, 0x90, 0x88, 0xcc, 0x66, 0x72,
    0x51, 0x4a, 0xc6, 0x0,

    /* U+01D9 "Ǚ" */
    0x0, 0x20, 0x22, 0x0, 0xe0, 0x6, 0x0, 0xcc,
    0x6, 0x60, 0x0, 0x1f, 0x8f, 0x30, 0x23, 0x1,
    0x18, 0x8, 0xc0, 0x8c, 0x4, 0x60, 0x23, 0x2,
    0x10, 0x10, 0x81, 0x6, 0x8, 0x1f, 0x80,

    /* U+01DA "ǚ" */
    0x8, 0x83, 0x40, 0x60, 0x18, 0x0, 0x4, 0x41,
    0x10, 0x0, 0xe3, 0x18, 0xc4, 0x21, 0x18, 0xc6,
    0x33, 0x89, 0x42, 0x94, 0xc6, 0x0,

    /* U+01DB "Ǜ" */
    0x0, 0x0, 0x30, 0x1, 0x80, 0x2, 0x0, 0xcc,
    0x6, 0x60, 0x0, 0x1f, 0x8f, 0x30, 0x23, 0x1,
    0x18, 0x8, 0xc0, 0x8c, 0x4, 0x60, 0x23, 0x2,
    0x10, 0x10, 0x81, 0x6, 0x8, 0x1f, 0x80,

    /* U+01DC "ǜ" */
    0x18, 0xc, 0x1, 0x0, 0x1, 0x10, 0x88, 0x1,
    0xc6, 0x63, 0x21, 0x11, 0x98, 0xcc, 0xe4, 0xa2,
    0x95, 0x8c,

    /* U+01DD "ǝ" */
    0x1e, 0x23, 0x3, 0x3, 0xf, 0x32, 0x46, 0xcc,
    0x70,

    /* U+01DE "Ǟ" */
    0x3, 0xf0, 0x0, 0x3, 0x30, 0x33, 0x0, 0x80,
    0x8, 0x1, 0x80, 0x28, 0x2, 0xc0, 0x4c, 0x4,
    0xc0, 0x8c, 0x8, 0xc1, 0xfc, 0x10, 0x62, 0x6,
    0x60, 0x66, 0xf,

    /* U+01DF "ǟ" */
    0xf, 0xe0, 0x0, 0x0, 0x6, 0x60, 0xcc, 0x0,
    0x3, 0xa0, 0x8c, 0x21, 0x8c, 0x21, 0x4, 0x61,
    0x8c, 0x71, 0x95, 0x1c, 0xc0,

    /* U+01E0 "Ǡ" */
    0x3, 0xf0, 0x0, 0x0, 0xc0, 0xc, 0x0, 0x80,
    0x8, 0x1, 0x80, 0x28, 0x2, 0xc0, 0x4c, 0x4,
    0xc0, 0x8c, 0x8, 0xc1, 0xfc, 0x10, 0x62, 0x6,
    0x60, 0x66, 0xf,

    /* U+01E1 "ǡ" */
    0xf, 0xc0, 0x0, 0x0, 0x8, 0x2, 0x0, 0x0,
    0xe8, 0x46, 0x21, 0x98, 0x44, 0x13, 0xc, 0xc7,
    0x32, 0xa7, 0x30,

    /* U+01E2 "Ǣ" */
    0x0, 0x7f, 0x0, 0x0, 0x0, 0x0, 0x0, 0x0,
    0x3f, 0xf0, 0x5, 0x84, 0x0, 0xe0, 0x0, 0x2c,
    0x0, 0x9, 0x88, 0x2, 0x7e, 0x0, 0x8c, 0x40,
    0x1f, 0x88, 0x4, 0x30, 0x1, 0xc, 0x0, 0x41,
    0x81, 0x18, 0x30, 0x67, 0xf, 0xf8,

    /* U+01E3 "ǣ" */
    0x3, 0xf0, 0x0, 0x0, 0x0, 0x1f, 0x61, 0x1d,
    0x90, 0x89, 0x8c, 0x8c, 0x78, 0x42, 0x6, 0x70,
    0x32, 0xc8, 0xe3, 0x80,

    /* U+01E4 "Ǥ" */
    0x7, 0xf8, 0xc0, 0xcc, 0x4, 0xc0, 0x6, 0x0,
    0x70, 0x3, 0x3, 0xf8, 0xe, 0xc0, 0x66, 0xf,
    0xf8, 0x18, 0xc1, 0x81, 0xf8, 0x0,

    /* U+01E5 "ǥ" */
    0x7, 0xc2, 0x31, 0x8c, 0x42, 0x19, 0x83, 0x81,
    0x0, 0x70, 0x27, 0x8, 0x67, 0xf9, 0x4, 0x3e,
    0x0,

    /* U+01E6 "Ǧ" */
    0x2, 0x10, 0x19, 0x0, 0x50, 0x3, 0x0, 0x0,
    0x0, 0x0, 0x1f, 0xe3, 0x3, 0x30, 0x13, 0x0,
    0x18, 0x1, 0xc0, 0xc, 0xf, 0xe0, 0x3b, 0x1,
    0x98, 0xc, 0x60, 0x63, 0x6, 0x7, 0xe0,

    /* U+01E7 "ǧ" */
    0x10, 0x82, 0x40, 0xe0, 0x18, 0x0, 0x7, 0xe3,
    0x31, 0x8c, 0x63, 0x9, 0x81, 0x80, 0x80, 0x78,
    0x17, 0x8, 0x62, 0x8, 0x82, 0x1f, 0x0,

    /* U+01E8 "Ǩ" */
    0x1, 0x10, 0x4, 0x80, 0xc, 0x0, 0x20, 0x0,
    0x0, 0x3c, 0x70, 0xc1, 0x3, 0x8, 0xc, 0xc0,
    0x24, 0x1, 0xe0, 0x7, 0x80, 0x1b, 0x0, 0xce,
    0x3, 0x18, 0xc, 0x30, 0x30, 0xc1, 0xc3, 0x80,

    /* U+01E9 "ǩ" */
    0x4, 0x20, 0x58, 0xe, 0x0, 0x83, 0x80, 0x30,
    0x6, 0x0, 0x80, 0x10, 0x6, 0x70, 0xc8, 0x12,
    0x2, 0x80, 0xf0, 0x1b, 0x2, 0x60, 0x47, 0x18,
    0x60,

    /* U+01EA "Ǫ" */
    0x3, 0xc0, 0x61, 0x86, 0x4, 0x60, 0x36, 0x1,
    0xb0, 0x1f, 0x80, 0xd8, 0x6, 0xc0, 0x76, 0x3,
    0x30, 0x30, 0xc3, 0x3, 0xe0, 0x8, 0x0, 0x40,
    0x3, 0x40, 0xc, 0x0,

    /* U+01EB "ǫ" */
    0xf, 0x8, 0x4c, 0x2c, 0x16, 0x1a, 0xf, 0xc,
    0x84, 0x38, 0x10, 0x8, 0x6, 0x81, 0x80,

    /* U+01EC "Ǭ" */
    0x3, 0xf0, 0x0, 0x0, 0x0, 0x7, 0x80, 0xc3,
    0xc, 0x8, 0xc0, 0x6c, 0x3, 0x60, 0x3f, 0x1,
    0xb0, 0xd, 0x80, 0xec, 0x6, 0x60, 0x61, 0x86,
    0x7, 0xc0, 0x10, 0x0, 0x80, 0x6, 0x80, 0x18,
    0x0,

    /* U+01ED "ǭ" */
    0xf, 0xc0, 0x0, 0x0, 0x3c, 0x10, 0x8c, 0x26,
    0x9, 0x86, 0x41, 0xb0, 0xc4, 0x20, 0xe0, 0x20,
    0x8, 0x3, 0x40, 0x60,

    /* U+01EE "Ǯ" */
    0x4, 0x10, 0x26, 0x1, 0x80, 0x10, 0x0, 0x0,
    0x0, 0xf, 0xf1, 0x86, 0x10, 0xc0, 0x18, 0x1,
    0x0, 0x38, 0x3, 0xc0, 0xc, 0x0, 0xc0, 0x18,
    0x1, 0x88, 0x30, 0x7c, 0x0,

    /* U+01EF "ǯ" */
    0x8, 0x83, 0x60, 0x70, 0x18, 0x0, 0x7, 0xc2,
    0x10, 0x8, 0x4, 0x2, 0x0, 0xe0, 0xc, 0x3,
    0x0, 0xc0, 0x30, 0x8, 0xc4, 0x3e, 0x0,

    /* U+01F0 "ǰ" */
    0x8, 0x83, 0x40, 0x60, 0x0, 0x0, 0x7, 0x80,
    0x60, 0x10, 0xc, 0x3, 0x0, 0xc0, 0x20, 0x18,
    0x6, 0x1, 0x0, 0x40, 0xb0, 0x38, 0x0,

    /* U+01F1 "Ǳ" */
    0xf, 0xe0, 0xff, 0xc3, 0x6, 0x20, 0x60, 0xc1,
    0x90, 0x38, 0x30, 0x30, 0x1c, 0x1c, 0xc, 0x6,
    0x6, 0x3, 0x3, 0x1, 0x80, 0xc1, 0x80, 0x60,
    0x30, 0xc0, 0x30, 0x18, 0x70, 0xc, 0x6, 0x18,
    0x3, 0x3, 0xc, 0x8, 0xc3, 0x86, 0x6, 0xff,
    0x83, 0xff, 0x0,

    /* U+01F2 "ǲ" */
    0xf, 0xe0, 0x0, 0x30, 0x60, 0x0, 0xc1, 0x80,
    0x3, 0x3, 0x0, 0x1c, 0xc, 0xf8, 0x60, 0x34,
    0x21, 0x80, 0xc1, 0x6, 0x3, 0x8, 0x30, 0x18,
    0x40, 0xc0, 0x62, 0x3, 0x3, 0x8, 0xc, 0x38,
    0x40, 0x7f, 0x83, 0xc8, 0x0, 0x1, 0x20, 0x0,
    0x3, 0x0,

    /* U+01F3 "ǳ" */
    0x1, 0xc0, 0x0, 0x20, 0x0, 0x30, 0x0, 0x18,
    0x0, 0x8, 0x0, 0x74, 0xfc, 0x46, 0x44, 0x63,
    0x4, 0x61, 0x4, 0x30, 0x82, 0x30, 0xc2, 0x18,
    0xe2, 0xc, 0xab, 0x3, 0x99, 0xcc, 0x0, 0x36,
    0x0, 0x6,

    /* U+01F4 "Ǵ" */
    0x0, 0x0, 0x3, 0x0, 0x30, 0x2, 0x0, 0x0,
    0x0, 0x0, 0x1f, 0xe3, 0x3, 0x30, 0x13, 0x0,
    0x18, 0x1, 0xc0, 0xc, 0xf, 0xe0, 0x3b, 0x1,
    0x98, 0xc, 0x60, 0x63, 0x6, 0x7, 0xe0,

    /* U+01F5 "ǵ" */
    0x1, 0x1, 0x1, 0x0, 0x1, 0xf9, 0x99, 0x8c,
    0xc6, 0x26, 0xc, 0x8, 0xf, 0x5, 0xc4, 0x32,
    0x9, 0x4, 0x7c, 0x0,

    /* U+01F6 "Ƕ" */
    0x1e, 0x1e, 0x1, 0x81, 0x80, 0x30, 0x70, 0x4,
    0xc, 0x1, 0x81, 0x8e, 0x3f, 0xf0, 0xc6, 0xc,
    0x11, 0x81, 0x86, 0x30, 0x30, 0xc6, 0x6, 0x18,
    0xc0, 0xc2, 0x30, 0x18, 0xcf, 0x81, 0xe0,

    /* U+01F7 "Ƿ" */
    0xd, 0xe1, 0xe3, 0xc, 0x31, 0xc3, 0x18, 0x61,
    0x84, 0x18, 0x81, 0x90, 0x32, 0x3, 0x40, 0x30,
    0x3, 0x0, 0xf8, 0x0,

    /* U+01F8 "Ǹ" */
    0x0, 0x0, 0x6, 0x0, 0x6, 0x0, 0x4, 0x0,
    0x0, 0x0, 0x0, 0x7, 0x3, 0x7, 0x4, 0xe,
    0x8, 0x14, 0x10, 0x4c, 0x20, 0x98, 0x81, 0x19,
    0x2, 0x32, 0x8, 0x28, 0x10, 0x70, 0x20, 0x60,
    0xc0, 0x81, 0x81, 0x0,

    /* U+01F9 "ǹ" */
    0xc, 0x3, 0x0, 0x80, 0x3, 0x3b, 0xac, 0xa6,
    0x62, 0x61, 0x31, 0x90, 0xc8, 0x5c, 0x30,

    /* U+01FA "Ǻ" */
    0x0, 0x0, 0x0, 0xc0, 0xc, 0x0, 0x80, 0xc,
    0x0, 0x90, 0x4, 0x80, 0x28, 0x0, 0x80, 0x4,
    0x0, 0x60, 0x7, 0x0, 0x58, 0x2, 0x60, 0x23,
    0x3, 0xf8, 0x20, 0xc3, 0x2, 0x30, 0x38,

    /* U+01FB "ǻ" */
    0x0, 0x0, 0x30, 0x18, 0x8, 0x0, 0x0, 0xc0,
    0x48, 0x24, 0x7, 0x0, 0x0, 0xe8, 0x46, 0x21,
    0x98, 0x44, 0x13, 0xc, 0xc7, 0x32, 0xa7, 0x30,

    /* U+01FC "Ǽ" */
    0x0, 0x0, 0x0, 0x0, 0xc0, 0x0, 0x30, 0x0,
    0x8, 0x0, 0x0, 0x0, 0x0, 0xff, 0xc0, 0x16,
    0x10, 0x3, 0x80, 0x0, 0xb0, 0x0, 0x26, 0x20,
    0x9, 0xf8, 0x2, 0x31, 0x0, 0x7e, 0x20, 0x10,
    0xc0, 0x4, 0x30, 0x1, 0x6, 0x4, 0x60, 0xc1,
    0x9c, 0x3f, 0xe0,

    /* U+01FD "ǽ" */
    0x0, 0x30, 0x3, 0x0, 0x20, 0x0, 0x0, 0xfb,
    0x8, 0xec, 0x84, 0x4c, 0x64, 0x63, 0xc2, 0x10,
    0x33, 0x81, 0x96, 0x47, 0x1c, 0x0,

    /* U+01FE "Ǿ" */
    0x0, 0x0, 0x3, 0x0, 0x30, 0x2, 0x0, 0x1,
    0x0, 0x10, 0xf, 0x81, 0x8c, 0x10, 0xb1, 0x89,
    0x98, 0x4f, 0xc4, 0x6c, 0x43, 0x62, 0x3b, 0x21,
    0x9a, 0x1c, 0xd0, 0xc3, 0xc, 0x1f, 0x80, 0x80,
    0x8, 0x0, 0x0,

    /* U+01FF "ǿ" */
    0x0, 0xc0, 0x60, 0x20, 0x10, 0x0, 0x80, 0x40,
    0x10, 0x3c, 0x12, 0x8d, 0x26, 0x49, 0xa6, 0x49,
    0x94, 0xc5, 0x20, 0xa0, 0x30, 0x10, 0x4, 0x0,

    /* U+0200 "Ȁ" */
    0x0, 0x0, 0x6c, 0x2, 0x40, 0x12, 0x0, 0x80,
    0x8, 0x1, 0x80, 0x28, 0x2, 0xc0, 0x4c, 0x4,
    0xc0, 0x8c, 0x8, 0xc1, 0xfc, 0x10, 0x62, 0x6,
    0x60, 0x66, 0xf,

    /* U+0201 "ȁ" */
    0x19, 0x2, 0x40, 0x48, 0x0, 0xe, 0x84, 0x62,
    0x19, 0x84, 0x41, 0x30, 0xcc, 0x73, 0x2a, 0x73,
    0x0,

    /* U+0202 "Ȃ" */
    0x1, 0xe0, 0x22, 0x4, 0x20, 0x8, 0x0, 0x80,
    0x18, 0x2, 0x80, 0x2c, 0x4, 0xc0, 0x4c, 0x8,
    0xc0, 0x8c, 0x1f, 0xc1, 0x6, 0x20, 0x66, 0x6,
    0x60, 0xf0,

    /* U+0203 "ȃ" */
    0x7, 0x3, 0x21, 0x8, 0x0, 0xe, 0x84, 0x62,
    0x19, 0x84, 0x41, 0x30, 0xcc, 0x73, 0x2a, 0x73,
    0x0,

    /* U+0204 "Ȅ" */
    0x0, 0x0, 0x36, 0x0, 0x90, 0x2, 0x40, 0x0,
    0x7, 0xfc, 0x30, 0x41, 0x80, 0xc, 0x40, 0xc2,
    0x7, 0xe0, 0x31, 0x1, 0x88, 0x18, 0x0, 0xc0,
    0x6, 0x4, 0x30, 0x67, 0xfe, 0x0,

    /* U+0205 "ȅ" */
    0x13, 0xc, 0x81, 0x40, 0x0, 0xf0, 0x88, 0xcc,
    0xcc, 0x78, 0x20, 0x30, 0xc, 0x47, 0xc0,

    /* U+0206 "Ȇ" */
    0x0, 0xe0, 0x19, 0x0, 0x88, 0x0, 0x0, 0xff,
    0x86, 0x8, 0x30, 0x1, 0x88, 0x18, 0x40, 0xfc,
    0x6, 0x20, 0x31, 0x3, 0x0, 0x18, 0x0, 0xc0,
    0x86, 0xc, 0xff, 0xc0,

    /* U+0207 "ȇ" */
    0x7, 0x86, 0x44, 0x20, 0x0, 0xf0, 0x88, 0xcc,
    0xcc, 0x78, 0x20, 0x30, 0xc, 0x47, 0xc0,

    /* U+0208 "Ȉ" */
    0x0, 0x36, 0x1a, 0x9, 0x0, 0xe, 0xc, 0xc,
    0xc, 0x18, 0x18, 0x18, 0x18, 0x30, 0x30, 0x30,
    0x30, 0x70,

    /* U+0209 "ȉ" */
    0xc9, 0x32, 0x40, 0x18, 0xc3, 0xc, 0x20, 0x86,
    0x1c, 0x60,

    /* U+020A "Ȋ" */
    0x7, 0x19, 0x11, 0x0, 0xe, 0xc, 0xc, 0xc,
    0x18, 0x18, 0x18, 0x18, 0x30, 0x30, 0x30, 0x30,
    0x70,

    /* U+020B "ȋ" */
    0x39, 0x98, 0x40, 0xe0, 0x86, 0x18, 0x43, 0xc,
    0x38, 0xc0,

    /* U+020C "Ȍ" */
    0xc, 0x80, 0x36, 0x0, 0x90, 0x2, 0x80, 0x0,
    0x1, 0xe0, 0x30, 0x82, 0x6, 0x30, 0x33, 0x1,
    0xf8, 0xd, 0x80, 0x6c, 0x3, 0x60, 0x33, 0x1,
    0x98, 0x18, 0x61, 0x81, 0xf0, 0x0,

    /* U+020D "ȍ" */
    0x19, 0x4, 0x81, 0x20, 0x0, 0xf0, 0x84, 0xc2,
    0xc1, 0x61, 0xa0, 0xf0, 0xc8, 0x43, 0x80,

    /* U+020E "Ȏ" */
    0x1, 0xc0, 0x1b, 0x0, 0x88, 0x8, 0x40, 0x0,
    0x1, 0xe0, 0x30, 0x82, 0x6, 0x30, 0x33, 0x1,
    0xf8, 0xd, 0x80, 0x6c, 0x3, 0x60, 0x33, 0x1,
    0x98, 0x18, 0x61, 0x81, 0xf0, 0x0,

    /* U+020F "ȏ" */
    0x3, 0x86, 0x42, 0x20, 0x0, 0xf0, 0x84, 0xc2,
    0xc1, 0x61, 0xa0, 0xf0, 0xc8, 0x43, 0x80,

    /* U+0210 "Ȑ" */
    0x0, 0x0, 0xc8, 0x6, 0xc0, 0x24, 0x0, 0x0,
    0xfe, 0xc, 0x30, 0xc3, 0xc, 0x31, 0x87, 0x18,
    0xc1, 0xf0, 0x19, 0x83, 0x18, 0x31, 0x83, 0xc,
    0x30, 0xcf, 0xe,

    /* U+0211 "ȑ" */
    0x36, 0x32, 0xa, 0x0, 0x73, 0x3f, 0x38, 0x30,
    0x20, 0x60, 0x60, 0x40, 0x40,

    /* U+0212 "Ȓ" */
    0x1, 0xc0, 0x32, 0x4, 0x20, 0x0, 0xf, 0xe0,
    0xc3, 0xc, 0x30, 0xc3, 0x18, 0x71, 0x8c, 0x1f,
    0x1, 0x98, 0x31, 0x83, 0x18, 0x30, 0xc3, 0xc,
    0xf0, 0xe0,

    /* U+0213 "ȓ" */
    0xf, 0x19, 0x21, 0x0, 0x73, 0x3f, 0x38, 0x30,
    0x20, 0x60, 0x60, 0x40, 0x40,

    /* U+0214 "Ȕ" */
    0xc, 0x80, 0x1b, 0x0, 0x24, 0x0, 0x50, 0x0,
    0x0, 0xe0, 0xe3, 0x1, 0xc, 0x4, 0x30, 0x21,
    0x80, 0x86, 0x2, 0x18, 0x10, 0x60, 0x43, 0x1,
    0xc, 0x4, 0x30, 0x20, 0x61, 0x0, 0xf8, 0x0,

    /* U+0215 "ȕ" */
    0x32, 0x12, 0x9, 0x0, 0xe3, 0x63, 0x42, 0x46,
    0xc6, 0xce, 0x94, 0xa5, 0xc6,

    /* U+0216 "Ȗ" */
    0x1, 0xc0, 0x9, 0x0, 0x44, 0x0, 0x0, 0x0,
    0x0, 0xe0, 0xe3, 0x1, 0xc, 0x4, 0x30, 0x21,
    0x80, 0x86, 0x2, 0x18, 0x10, 0x60, 0x43, 0x1,
    0xc, 0x4, 0x30, 0x20, 0x61, 0x0, 0xf8, 0x0,

    /* U+0217 "ȗ" */
    0xe, 0x19, 0x21, 0x0, 0xe3, 0x63, 0x42, 0x46,
    0xc6, 0xce, 0x94, 0xa5, 0xc6,

    /* U+0218 "Ș" */
    0xf, 0xc4, 0x33, 0x8, 0xc0, 0x18, 0x7, 0x0,
    0xe0, 0x1c, 0x3, 0x0, 0x48, 0x33, 0xc, 0xfc,
    0x0, 0x1, 0x80, 0x60, 0x8, 0x4, 0x2, 0x0,

    /* U+0219 "ș" */
    0x1e, 0x44, 0xc1, 0x81, 0x81, 0xa3, 0x46, 0xd8,
    0x41, 0x81, 0x82, 0x8, 0x0, 0x0,

    /* U+021A "Ț" */
    0x7f, 0xf0, 0xc6, 0x38, 0x86, 0x0, 0xc0, 0x18,
    0x6, 0x0, 0xc0, 0x18, 0x3, 0x0, 0xc0, 0x18,
    0x7, 0x80, 0x0, 0x0, 0x3, 0x0, 0x60, 0x8,
    0x2, 0x0, 0x0,

    /* U+021B "ț" */
    0x0, 0x43, 0x1f, 0x30, 0x82, 0x18, 0x61, 0x5,
    0x18, 0x3, 0xc, 0x10, 0x80, 0x0,

    /* U+021C "Ȝ" */
    0x40, 0x5e, 0x67, 0x43, 0x43, 0x6, 0x6, 0xc,
    0x1c, 0x66, 0x6, 0x6, 0xc, 0x18, 0xe0,

    /* U+021D "ȝ" */
    0x5e, 0x23, 0x3, 0x2, 0x6, 0xc, 0x32, 0x3,
    0x3, 0x6, 0x4, 0x18, 0x60,

    /* U+021E "Ȟ" */
    0x1, 0x8, 0x0, 0x90, 0x0, 0xe0, 0x0, 0x40,
    0x0, 0x0, 0xf, 0x1e, 0xc, 0xc, 0xc, 0xc,
    0xc, 0x18, 0x18, 0x18, 0x1f, 0xf8, 0x18, 0x38,
    0x18, 0x30, 0x30, 0x30, 0x30, 0x30, 0x30, 0x60,
    0x30, 0x60, 0xf0, 0xf0,

    /* U+021F "ȟ" */
    0x2, 0x20, 0x24, 0x1, 0x80, 0x10, 0x38, 0x1,
    0x80, 0x18, 0x1, 0x80, 0x10, 0x3, 0x38, 0x35,
    0x83, 0x98, 0x31, 0x86, 0x10, 0x63, 0x6, 0x30,
    0x42, 0xc, 0x38,

    /* U+0220 "Ƞ" */
    0x1c, 0x70, 0x6c, 0xc3, 0x86, 0x18, 0x31, 0x81,
    0x8c, 0xc, 0x60, 0x66, 0x6, 0x30, 0x31, 0x81,
    0x8c, 0x18, 0xc0, 0xcf, 0x6, 0x0, 0x30, 0x3,
    0x0, 0x18, 0x1, 0xc0,

    /* U+0221 "ȡ" */
    0x0, 0x40, 0xf0, 0x8, 0x2, 0x1, 0x80, 0x61,
    0xf8, 0x84, 0x41, 0x30, 0xcc, 0x33, 0x8, 0xc2,
    0x31, 0x87, 0xf0, 0x7a, 0x64, 0x81, 0x20, 0x70,

    /* U+0222 "Ȣ" */
    0x18, 0x66, 0x5, 0xc0, 0x98, 0x23, 0x98, 0x1c,
    0xc, 0xc2, 0xc, 0xc1, 0x98, 0x33, 0x4, 0x61,
    0x7, 0xc0,

    /* U+0223 "ȣ" */
    0x8, 0xc6, 0xc, 0x81, 0x10, 0x23, 0x8, 0x36,
    0x3, 0x81, 0xb0, 0x43, 0x18, 0x62, 0xc, 0x41,
    0x8, 0x40, 0xf0, 0x0,

    /* U+0224 "Ȥ" */
    0x1f, 0xf2, 0x6, 0x40, 0xe0, 0xc, 0x1, 0x80,
    0x30, 0x6, 0x0, 0xe0, 0xc, 0x1, 0x80, 0x30,
    0x6, 0x0, 0xff, 0xc0, 0x6, 0x0, 0x40, 0x4,
    0x1, 0x80,

    /* U+0225 "ȥ" */
    0x3f, 0x42, 0x4, 0x8, 0x10, 0x10, 0x20, 0x40,
    0x7c, 0x2, 0x2, 0x4, 0x8,

    /* U+0226 "Ȧ" */
    0x0, 0xc0, 0xc, 0x0, 0x80, 0x8, 0x1, 0x80,
    0x28, 0x2, 0xc0, 0x4c, 0x4, 0xc0, 0x8c, 0x8,
    0xc1, 0xfc, 0x10, 0x62, 0x6, 0x60, 0x66, 0xf,

    /* U+0227 "ȧ" */
    0x2, 0x0, 0x80, 0x0, 0x3a, 0x11, 0x88, 0x66,
    0x11, 0x4, 0xc3, 0x31, 0xcc, 0xa9, 0xcc,

    /* U+0228 "Ȩ" */
    0x1f, 0xf0, 0x60, 0x83, 0x4, 0x10, 0x1, 0x88,
    0xf, 0xc0, 0x62, 0x6, 0x20, 0x30, 0x1, 0x80,
    0xc, 0x8, 0xc0, 0xcf, 0xfc, 0x8, 0x0, 0x60,
    0x1, 0x80, 0x38, 0x0,

    /* U+0229 "ȩ" */
    0xf, 0x11, 0x33, 0x66, 0x78, 0x40, 0xc0, 0x62,
    0x3c, 0x20, 0x70, 0x10, 0xf0,

    /* U+022A "Ȫ" */
    0x3, 0xf0, 0x0, 0x1, 0x98, 0x4, 0x40, 0x0,
    0x0, 0x0, 0xf, 0x1, 0x84, 0x10, 0x31, 0x81,
    0x98, 0xf, 0xc0, 0x6c, 0x3, 0x60, 0x1b, 0x1,
    0x98, 0xc, 0xc0, 0xc3, 0xc, 0xf, 0x80,

    /* U+022B "ȫ" */
    0xf, 0xc0, 0x0, 0x0, 0x33, 0xc, 0xc0, 0x0,
    0xf0, 0x42, 0x30, 0x98, 0x26, 0x19, 0x6, 0xc3,
    0x10, 0x83, 0x80,

    /* U+022C "Ȭ" */
    0x3, 0xf0, 0x0, 0x0, 0xe4, 0x9, 0xc0, 0x0,
    0x0, 0x0, 0xf, 0x1, 0x84, 0x10, 0x31, 0x81,
    0x98, 0xf, 0xc0, 0x6c, 0x3, 0x60, 0x1b, 0x1,
    0x98, 0xc, 0xc0, 0xc3, 0xc, 0xf, 0x80,

    /* U+022D "ȭ" */
    0xf, 0xe0, 0x0, 0x19, 0xd, 0xc0, 0x0, 0x0,
    0x3, 0xc0, 0x84, 0x30, 0x8c, 0x11, 0x86, 0x20,
    0xcc, 0x30, 0x84, 0xe, 0x0,

    /* U+022E "Ȯ" */
    0x1, 0x80, 0xc, 0x0, 0x0, 0x0, 0x0, 0x3c,
    0x6, 0x10, 0x40, 0xc6, 0x6, 0x60, 0x3f, 0x1,
    0xb0, 0xd, 0x80, 0x6c, 0x6, 0x60, 0x33, 0x3,
    0xc, 0x30, 0x3e, 0x0,

    /* U+022F "ȯ" */
    0x2, 0x1, 0x80, 0x1, 0xe1, 0x9, 0x85, 0x82,
    0xc3, 0x41, 0xe1, 0x90, 0x87, 0x0,

    /* U+0230 "Ȱ" */
    0x3, 0xf0, 0x0, 0x0, 0x60, 0x3, 0x0, 0x0,
    0x0, 0x0, 0xf, 0x1, 0x84, 0x10, 0x31, 0x81,
    0x98, 0xf, 0xc0, 0x6c, 0x3, 0x60, 0x1b, 0x1,
    0x98, 0xc, 0xc0, 0xc3, 0xc, 0xf, 0x80,

    /* U+0231 "ȱ" */
    0xf, 0xc0, 0x0, 0x0, 0x8, 0x3, 0x0, 0x0,
    0xf0, 0x42, 0x30, 0x98, 0x26, 0x19, 0x6, 0xc3,
    0x10, 0x83, 0x80,

    /* U+0232 "Ȳ" */
    0x1f, 0x80, 0x0, 0x0, 0x38, 0x33, 0x4, 0x61,
    0x4, 0x40, 0xc8, 0x1a, 0x3, 0x80, 0x60, 0xc,
    0x1, 0x80, 0x30, 0xc, 0x3, 0xc0,

    /* U+0233 "ȳ" */
    0x1f, 0x80, 0x0, 0xe, 0x31, 0x88, 0xc4, 0x22,
    0x12, 0xd, 0x7, 0x1, 0x0, 0x80, 0x80, 0x80,
    0x41, 0xc0,

    /* U+0234 "ȴ" */
    0x3, 0x6, 0x6, 0x6, 0x6, 0x4, 0xc, 0xc,
    0xc, 0x8, 0x18, 0x18, 0x18, 0x10, 0x30, 0x3f,
    0x31, 0x21, 0x5e, 0x80,

    /* U+0235 "ȵ" */
    0x33, 0x9d, 0x63, 0x98, 0xc4, 0x61, 0x18, 0xc6,
    0x21, 0x8, 0xc7, 0x3, 0xb3, 0x65, 0x1a, 0x7,
    0x80,

    /* U+0236 "ȶ" */
    0x2, 0x4, 0xc, 0x1f, 0xc, 0x8, 0x8, 0x18,
    0x18, 0x18, 0x10, 0x30, 0x3f, 0x31, 0x31, 0xde,
    0x80,

    /* U+0237 "ȷ" */
    0x1e, 0xc, 0x10, 0x60, 0xc1, 0x82, 0xc, 0x18,
    0x20, 0x45, 0x8e, 0x0,

    /* U+0238 "ȸ" */
    0x1, 0xc0, 0x2, 0x0, 0x18, 0x0, 0x60, 0x1,
    0x80, 0x76, 0xe2, 0x3d, 0xd0, 0xc3, 0xc3, 0xf,
    0xc, 0x38, 0x30, 0xf0, 0x82, 0xc6, 0x11, 0xef,
    0x80,

    /* U+0239 "ȹ" */
    0x1e, 0xb8, 0x87, 0x34, 0x10, 0xf0, 0xc3, 0xc3,
    0xe, 0xc, 0x3c, 0x20, 0xb1, 0x84, 0xff, 0xe0,
    0x18, 0x0, 0x60, 0x1, 0x0, 0x1e, 0x0,

    /* U+023A "Ⱥ" */
    0x0, 0x8, 0x4, 0x80, 0x64, 0x3, 0x40, 0x3c,
    0x1, 0xc0, 0x16, 0x1, 0xb8, 0x9, 0xc0, 0xd6,
    0x7, 0xf0, 0x49, 0x82, 0x8c, 0x28, 0x33, 0x83,
    0x88, 0x0, 0x40, 0x0,

    /* U+023B "Ȼ" */
    0x0, 0x10, 0x0, 0x80, 0xfe, 0x1c, 0x71, 0x84,
    0x9c, 0x44, 0xc4, 0xe, 0x20, 0x62, 0x3, 0x20,
    0x1a, 0x0, 0xd0, 0x7, 0x2, 0x1c, 0x21, 0x3e,
    0x8, 0x0,

    /* U+023C "ȼ" */
    0x0, 0x20, 0x8, 0x1e, 0x4, 0xc1, 0x18, 0x64,
    0x9, 0x1, 0x40, 0x30, 0x6, 0x20, 0xf8, 0x20,
    0x0,

    /* U+023D "Ƚ" */
    0xf, 0x1, 0x80, 0x30, 0x6, 0x1, 0x80, 0xfe,
    0x6, 0x0, 0x80, 0x30, 0x6, 0x0, 0xc0, 0xb8,
    0x3f, 0xfc,

    /* U+023E "Ⱦ" */
    0x0, 0x4, 0x0, 0x11, 0xff, 0xc4, 0x66, 0x21,
    0xa8, 0x7, 0x0, 0x38, 0x0, 0xc0, 0x3, 0x0,
    0x18, 0x0, 0x60, 0x3, 0x80, 0x16, 0x0, 0xb0,
    0x5, 0xe0, 0x10, 0x0,

    /* U+023F "ȿ" */
    0x1e, 0x44, 0xc1, 0x81, 0x81, 0xa3, 0x46, 0xf8,
    0x81, 0x2, 0x43, 0x80,

    /* U+0240 "ɀ" */
    0x1f, 0x88, 0xc0, 0x30, 0x18, 0xc, 0x6, 0x3,
    0x1, 0x80, 0xe0, 0x4, 0x1, 0x0, 0x28, 0x6,
    0x0,

    /* U+0241 "Ɂ" */
    0x3d, 0x87, 0x8, 0x10, 0x60, 0xc3, 0x3c, 0x40,
    0x83, 0x6, 0xc, 0x0,

    /* U+0242 "ɂ" */
    0x3c, 0x62, 0x3, 0x3, 0x6, 0x3c, 0x20, 0x60,
    0x60,

    /* U+0243 "Ƀ" */
    0xf, 0xc0, 0xc6, 0xc, 0x30, 0xc3, 0x18, 0x61,
    0xf8, 0x18, 0xc7, 0xee, 0x30, 0x63, 0x6, 0x30,
    0xc6, 0x1c, 0xff, 0x0,

    /* U+0244 "Ʉ" */
    0x1c, 0x1c, 0x60, 0x21, 0x81, 0xc, 0x4, 0x30,
    0x13, 0xff, 0xe3, 0x2, 0x18, 0x8, 0x60, 0x21,
    0x81, 0x6, 0x4, 0xc, 0x20, 0x1f, 0x0,

    /* U+0245 "Ʌ" */
    0x0, 0x20, 0x2, 0x0, 0x60, 0xe, 0x1, 0x60,
    0x16, 0x2, 0x60, 0x46, 0x8, 0x60, 0x86, 0x10,
    0x62, 0x6, 0x40, 0x6e, 0xe,

    /* U+0246 "Ɇ" */
    0x0, 0x10, 0x1, 0x7, 0xfc, 0x18, 0xa0, 0xc9,
    0x4, 0x40, 0x66, 0x3, 0xf0, 0x1a, 0x81, 0xa8,
    0xf, 0x0, 0x70, 0x3, 0x2, 0x38, 0x33, 0xff,
    0x4, 0x0, 0x40, 0x0,

    /* U+0247 "ɇ" */
    0x1, 0x2, 0xf, 0x15, 0x37, 0x6e, 0x78, 0xd0,
    0xe0, 0x62, 0x7c, 0x80,

    /* U+0248 "Ɉ" */
    0x3, 0x80, 0xc0, 0x30, 0xc, 0x6, 0x7, 0xe0,
    0x60, 0x30, 0xc, 0x3, 0xc, 0xc3, 0x60, 0x70,
    0x0,

    /* U+0249 "ɉ" */
    0x1, 0x0, 0x80, 0x0, 0x0, 0xf0, 0x10, 0x8,
    0x3f, 0x6, 0x2, 0x1, 0x1, 0x80, 0xc0, 0x40,
    0x21, 0xa0, 0x60, 0x0,

    /* U+024A "Ɋ" */
    0x7, 0xc8, 0x20, 0xc1, 0x3, 0x8, 0xc, 0x60,
    0x31, 0x0, 0xcc, 0x6, 0x30, 0x18, 0xc0, 0x63,
    0x1, 0x8c, 0xe, 0x38, 0x30, 0xff, 0xc1, 0xf3,
    0x0, 0xc, 0x0, 0x30, 0x0, 0xc8, 0x1, 0xe0,

    /* U+024B "ɋ" */
    0x1e, 0x88, 0x44, 0x13, 0xc, 0xc3, 0x20, 0xcc,
    0x23, 0x18, 0xfe, 0x1, 0x80, 0x40, 0x13, 0x3,
    0x80,

    /* U+024C "Ɍ" */
    0xf, 0xc0, 0xc7, 0xc, 0x31, 0xc3, 0x18, 0x63,
    0xfe, 0x1b, 0x3, 0x18, 0x31, 0x83, 0x18, 0x30,
    0xc6, 0xc, 0xf0, 0xe0,

    /* U+024D "ɍ" */
    0x76, 0x54, 0xc7, 0xe6, 0x8, 0x10, 0x60, 0xc0,

    /* U+024E "Ɏ" */
    0x70, 0xe6, 0x18, 0xc2, 0x7f, 0xf1, 0xa0, 0x38,
    0x6, 0x0, 0xc0, 0x18, 0x3, 0x0, 0xc0, 0x18,
    0x7, 0x80,

    /* U+024F "ɏ" */
    0x71, 0x86, 0x21, 0x89, 0xff, 0x9, 0x3, 0x80,
    0xe0, 0x10, 0x4, 0x2, 0x1, 0x2, 0x80, 0xc0,
    0x0,

    /* U+0250 "ɐ" */
    0x33, 0xfe, 0xcc, 0x26, 0x32, 0x1b, 0x9, 0xc,
    0x8c, 0xf8, 0x0,

    /* U+0251 "ɑ" */
    0x1c, 0xc8, 0xa4, 0x3b, 0xc, 0xc3, 0x20, 0x88,
    0x66, 0x1e, 0x79, 0x80,

    /* U+0252 "ɒ" */
    0x67, 0xba, 0x39, 0xc, 0xc3, 0x20, 0xd8, 0x26,
    0x1b, 0x84, 0x9e, 0x0,

    /* U+0253 "ɓ" */
    0x7, 0x4, 0x86, 0x2, 0x1, 0x1, 0x9c, 0xf6,
    0x61, 0x30, 0xb0, 0xd8, 0x48, 0x64, 0x63, 0xc0,

    /* U+0254 "ɔ" */
    0x1e, 0x63, 0x3, 0x3, 0x3, 0x2, 0x6, 0xcc,
    0x70,

    /* U+0255 "ɕ" */
    0xf, 0x11, 0x21, 0x60, 0x40, 0xc3, 0xcd, 0x72,
    0x3c, 0x40, 0x0,

    /* U+0256 "ɖ" */
    0x1, 0xc0, 0x8, 0x3, 0x0, 0x60, 0x8, 0x1d,
    0x4, 0x61, 0x8c, 0x61, 0xc, 0x23, 0xc, 0x61,
    0x8c, 0xe0, 0xe4, 0x1, 0x80, 0x30, 0x6, 0x40,
    0x78,

    /* U+0257 "ɗ" */
    0x0, 0x38, 0x1, 0x30, 0x4, 0x0, 0x30, 0x0,
    0x80, 0x3a, 0x1, 0x18, 0x8, 0x40, 0x61, 0x1,
    0xc, 0xc, 0x30, 0x31, 0x80, 0xca, 0x81, 0xcc,
    0x0,

    /* U+0258 "ɘ" */
    0x1c, 0x22, 0x23, 0x33, 0x1b, 0x6, 0x6, 0x8c,
    0x78,

    /* U+0259 "ə" */
    0x1e, 0x23, 0x3, 0x3, 0xf, 0x32, 0x46, 0xcc,
    0x70,

    /* U+025A "ɚ" */
    0x0, 0x0, 0x1, 0xc0, 0xa, 0x7, 0x48, 0x7f,
    0x2e, 0xc, 0x60, 0xf0, 0x4, 0x80, 0x22, 0x1,
    0x18, 0x8, 0x40, 0x3e, 0x0,

    /* U+025B "ɛ" */
    0x1e, 0x23, 0x61, 0x20, 0x1c, 0x60, 0xc0, 0xc2,
    0x7c,

    /* U+025C "ɜ" */
    0xf, 0x18, 0xc0, 0x60, 0x61, 0xc0, 0x10, 0x9,
    0xc, 0x7c, 0x0,

    /* U+025D "ɝ" */
    0x0, 0x0, 0x1, 0xc0, 0xa, 0x3, 0xe8, 0x31,
    0xa8, 0x6, 0x60, 0x30, 0x7, 0x0, 0x2, 0x0,
    0x8, 0x8, 0x60, 0x1f, 0x0,

    /* U+025E "ɞ" */
    0xf, 0x18, 0xd0, 0x70, 0x69, 0xc4, 0x12, 0x9,
    0xc, 0x78, 0x0,

    /* U+025F "ɟ" */
    0xf, 0x2, 0x2, 0x6, 0x6, 0x6, 0x4, 0xc,
    0x3e, 0x8, 0x8, 0xd8, 0x70,

    /* U+0260 "ɠ" */
    0x0, 0x38, 0x1, 0xb0, 0x4, 0x0, 0x30, 0x0,
    0x80, 0x3a, 0x1, 0x18, 0x8, 0x60, 0x61, 0x81,
    0x4, 0xc, 0x30, 0x31, 0xc0, 0xcb, 0x1, 0xc8,
    0x0, 0x20, 0x0, 0x80, 0x34, 0x0, 0xe0, 0x0,

    /* U+0261 "ɡ" */
    0x7, 0x42, 0x31, 0xc, 0xc2, 0x20, 0x98, 0x66,
    0x39, 0x94, 0x39, 0x0, 0xc0, 0x21, 0x10, 0x78,
    0x0,

    /* U+0262 "ɢ" */
    0x1f, 0x61, 0x40, 0xc0, 0x87, 0x82, 0x82, 0xc6,
    0x7c,

    /* U+0263 "ɣ" */
    0x61, 0xcc, 0x63, 0x10, 0x48, 0x14, 0x7, 0x1,
    0x80, 0x60, 0x28, 0x12, 0x4, 0x81, 0x20, 0x48,
    0x1c, 0x0,

    /* U+0264 "ɤ" */
    0x1f, 0x87, 0xcb, 0x4c, 0x89, 0x82, 0x30, 0x44,
    0x8, 0x81, 0x20, 0x18, 0x0,

    /* U+0265 "ɥ" */
    0x30, 0xb8, 0xcc, 0x64, 0x26, 0x33, 0x19, 0xbc,
    0x94, 0x72, 0x3, 0x1, 0x80, 0x80, 0x40, 0x70,

    /* U+0266 "ɦ" */
    0x7, 0x2, 0x41, 0x0, 0x40, 0x30, 0xc, 0xe3,
    0x58, 0xa6, 0x31, 0x18, 0x46, 0x31, 0x8c, 0x42,
    0x30, 0xe0,

    /* U+0267 "ɧ" */
    0x7, 0x4, 0x86, 0x2, 0x3, 0x1, 0xb8, 0xe6,
    0x43, 0x21, 0xb0, 0x98, 0xcc, 0x64, 0x36, 0x18,
    0x8, 0xc, 0x24, 0x1c, 0x0,

    /* U+0268 "ɨ" */
    0x18, 0x60, 0x0, 0x70, 0x43, 0x1e, 0x21, 0x86,
    0x9c, 0x60,

    /* U+0269 "ɩ" */
    0xe6, 0x66, 0x4c, 0xde, 0xc0,

    /* U+026A "ɪ" */
    0x18, 0x84, 0x62, 0x10, 0x8c, 0x60,

    /* U+026B "ɫ" */
    0x1c, 0x10, 0x60, 0xc1, 0x8e, 0x6f, 0x18, 0x30,
    0x41, 0x83, 0x47, 0xc, 0x0,

    /* U+026C "ɬ" */
    0x18, 0x61, 0x86, 0x11, 0x4b, 0x1f, 0x30, 0x82,
    0x18, 0x79, 0xc0,

    /* U+026D "ɭ" */
    0x38, 0x21, 0x86, 0x10, 0x43, 0xc, 0x20, 0x86,
    0x18, 0x41, 0xc, 0x30, 0x49, 0xe0,

    /* U+026E "ɮ" */
    0x70, 0x4, 0x3, 0x0, 0xc0, 0x30, 0xf, 0xe6,
    0x9, 0x84, 0x62, 0x11, 0xc, 0x63, 0xc, 0xa1,
    0x30, 0x40, 0x10, 0x4, 0x62, 0x1f, 0x0,

    /* U+026F "ɯ" */
    0x31, 0x8f, 0xc6, 0x3b, 0x10, 0x88, 0x46, 0x23,
    0x19, 0x9c, 0xe6, 0xa5, 0x16, 0xa4, 0x63, 0x38,

    /* U+0270 "ɰ" */
    0x30, 0x85, 0x46, 0x33, 0x18, 0xcc, 0x42, 0x23,
    0x18, 0x8c, 0xe6, 0xf5, 0x1a, 0xa4, 0x73, 0x30,
    0x0, 0xc0, 0x2, 0x0, 0x1e,

    /* U+0271 "ɱ" */
    0x33, 0x98, 0xd6, 0xb3, 0x9c, 0x8c, 0x62, 0x31,
    0x19, 0x8c, 0x66, 0x31, 0x10, 0x84, 0x42, 0x30,
    0x0, 0xc0, 0x2, 0x0, 0xc8, 0x3, 0xc0,

    /* U+0272 "ɲ" */
    0x6, 0x70, 0x6b, 0x5, 0x30, 0x62, 0xc, 0x60,
    0xc6, 0x8, 0x41, 0x85, 0x18, 0x61, 0x0, 0x30,
    0xb, 0x0, 0xe0, 0x0,

    /* U+0273 "ɳ" */
    0x33, 0x9d, 0x63, 0x98, 0xc4, 0x61, 0x18, 0xc6,
    0x21, 0x8, 0xc6, 0x1, 0x80, 0x40, 0x11, 0x3,
    0xc0,

    /* U+0274 "ɴ" */
    0x18, 0x71, 0x84, 0x2c, 0x42, 0x64, 0x26, 0x82,
    0x38, 0x23, 0x84, 0x18, 0x61, 0x0,

    /* U+0275 "ɵ" */
    0x1e, 0x21, 0x61, 0xc1, 0xff, 0x83, 0x86, 0x84,
    0x78,

    /* U+0276 "ɶ" */
    0x1f, 0xf6, 0x31, 0x42, 0xc, 0x62, 0xc7, 0xe8,
    0x60, 0x86, 0xc, 0x42, 0x7f, 0xe0,

    /* U+0277 "ɷ" */
    0xf, 0xc3, 0x2, 0x46, 0x3c, 0x63, 0xc4, 0x38,
    0x43, 0x84, 0x28, 0xc4, 0x73, 0x80,

    /* U+0278 "ɸ" */
    0x1, 0x80, 0x18, 0x1, 0x80, 0x10, 0x1, 0x0,
    0xfc, 0x13, 0x26, 0x23, 0x62, 0x34, 0x63, 0xc6,
    0x2c, 0x46, 0x64, 0xc3, 0xd0, 0xe, 0x0, 0x80,
    0x18, 0x3, 0x80,

    /* U+0279 "ɹ" */
    0x2, 0xc, 0x18, 0x20, 0xc1, 0x87, 0x74, 0xce,

    /* U+027A "ɺ" */
    0x1, 0x0, 0x80, 0xc0, 0x60, 0x20, 0x30, 0x18,
    0xc, 0xc, 0xa, 0x7, 0x1d, 0x8c, 0xe0,

    /* U+027B "ɻ" */
    0x2, 0x6, 0x6, 0x4, 0xc, 0xc, 0x1c, 0xe8,
    0xc8, 0x18, 0x18, 0x9, 0xf,

    /* U+027C "ɼ" */
    0x3b, 0x15, 0x18, 0x30, 0x30, 0x30, 0x20, 0x60,
    0x60, 0x40, 0x40, 0xc0, 0xc0,

    /* U+027D "ɽ" */
    0x76, 0x54, 0xc3, 0x6, 0xc, 0x10, 0x60, 0xc1,
    0x2, 0x4, 0x8f, 0x0,

    /* U+027E "ɾ" */
    0x7, 0x4, 0xc6, 0x2, 0x3, 0x1, 0x80, 0xc0,
    0x40, 0x70, 0x0,

    /* U+027F "ɿ" */
    0x3d, 0x90, 0x43, 0xc, 0x30, 0x86, 0x18, 0x61,
    0xc, 0x78,

    /* U+0280 "ʀ" */
    0x1f, 0x11, 0x31, 0x33, 0x3c, 0x24, 0x64, 0x66,
    0x62,

    /* U+0281 "ʁ" */
    0x31, 0x8c, 0x42, 0x20, 0x90, 0x3c, 0x19, 0x84,
    0x61, 0x18, 0xf8, 0x0,

    /* U+0282 "ʂ" */
    0x1e, 0x64, 0xc1, 0x81, 0x81, 0xa3, 0x46, 0xf9,
    0x2, 0x5, 0x8e, 0x0,

    /* U+0283 "ʃ" */
    0x0, 0x60, 0xb, 0x1, 0x0, 0x10, 0x3, 0x0,
    0x20, 0x2, 0x0, 0x20, 0x6, 0x0, 0x60, 0x4,
    0x0, 0x40, 0xc, 0x0, 0xc0, 0x8, 0x0, 0x80,
    0xd0, 0x6, 0x0,

    /* U+0284 "ʄ" */
    0x0, 0x38, 0x4, 0x40, 0x20, 0x3, 0x0, 0x18,
    0x0, 0xc0, 0x4, 0x0, 0x60, 0x3, 0x0, 0x18,
    0x0, 0xc0, 0x4, 0x0, 0x60, 0x7, 0xc0, 0x18,
    0x0, 0x80, 0x4, 0x6, 0x40, 0x1c, 0x0,

    /* U+0285 "ʅ" */
    0xf1, 0x90, 0x20, 0xc1, 0x83, 0x4, 0x8, 0x30,
    0x60, 0xc1, 0x31, 0xc0,

    /* U+0286 "ʆ" */
    0x0, 0x38, 0x6, 0x40, 0x20, 0x3, 0x0, 0x18,
    0x0, 0xc0, 0x4, 0x0, 0x60, 0x3, 0x0, 0x18,
    0x0, 0x80, 0x4, 0x0, 0x60, 0x3, 0x1, 0xf8,
    0x10, 0x80, 0x8c, 0x3, 0x90, 0x0, 0x80,

    /* U+0287 "ʇ" */
    0x1, 0xc6, 0x31, 0x8, 0xc6, 0x27, 0xd8, 0x80,

    /* U+0288 "ʈ" */
    0x0, 0x21, 0x1f, 0x30, 0xc2, 0x8, 0x61, 0x84,
    0x10, 0xc3, 0xa, 0x30,

    /* U+0289 "ʉ" */
    0x70, 0x8c, 0x63, 0x19, 0xff, 0x23, 0x19, 0xc6,
    0xb1, 0x4a, 0x63, 0x0,

    /* U+028A "ʊ" */
    0x3d, 0xe1, 0x40, 0x6c, 0x10, 0x44, 0xc, 0x81,
    0xb0, 0x22, 0xc, 0x3e, 0x0,

    /* U+028B "ʋ" */
    0xe1, 0x30, 0xd0, 0x48, 0x2c, 0x16, 0x12, 0x11,
    0x10, 0xf0, 0x0,

    /* U+028C "ʌ" */
    0x4, 0xc, 0x3c, 0x2c, 0x4c, 0x8c, 0x84, 0x84,
    0xc7,

    /* U+028D "ʍ" */
    0x8, 0x41, 0x84, 0x28, 0xc2, 0x94, 0x4d, 0x48,
    0xe4, 0x8c, 0x68, 0xc6, 0x88, 0x70,

    /* U+028E "ʎ" */
    0x3, 0x2, 0x82, 0x2, 0x1, 0x1, 0x81, 0x40,
    0xb0, 0x98, 0x44, 0x22, 0x11, 0x88, 0x70,

    /* U+028F "ʏ" */
    0xe3, 0xb1, 0x9, 0x7, 0x1, 0x80, 0x80, 0xc0,
    0x60, 0x70, 0x0,

    /* U+0290 "ʐ" */
    0x3e, 0x10, 0x80, 0x40, 0x20, 0x10, 0x8, 0x2,
    0x1, 0x0, 0xf2, 0x3, 0x80, 0x20, 0x9, 0x1,
    0xc0,

    /* U+0291 "ʑ" */
    0x3e, 0x42, 0x4, 0x8, 0x10, 0x21, 0x47, 0x49,
    0xea, 0x3c, 0x20, 0x20,

    /* U+0292 "ʒ" */
    0x1f, 0x10, 0x80, 0x80, 0x80, 0x80, 0x70, 0xc,
    0x6, 0x3, 0x1, 0x80, 0x98, 0x8f, 0x80,

    /* U+0293 "ʓ" */
    0x3e, 0x42, 0x44, 0x8, 0x10, 0x1c, 0x6, 0x3,
    0x3, 0x7f, 0x82, 0x86, 0x7a, 0x2, 0x2,

    /* U+0294 "ʔ" */
    0x3d, 0x87, 0x8, 0x10, 0x60, 0xc3, 0x3c, 0x40,
    0x83, 0x6, 0xc, 0x0,

    /* U+0295 "ʕ" */
    0x1e, 0x23, 0x43, 0xc0, 0xc0, 0xc0, 0xc0, 0xe0,
    0x70, 0x10, 0x30, 0x30, 0x20,

    /* U+0296 "ʖ" */
    0x4, 0x4, 0xc, 0xc, 0xe, 0x7, 0x3, 0x1,
    0x1, 0x3, 0x42, 0xc6, 0x78,

    /* U+0297 "ʗ" */
    0x3, 0xc1, 0x8c, 0x21, 0x8, 0x1, 0x0, 0x60,
    0xc, 0x1, 0x0, 0x20, 0xc, 0x1, 0x80, 0x20,
    0x4, 0x1, 0x80, 0x30, 0x43, 0x10, 0x7c, 0x0,

    /* U+0298 "ʘ" */
    0x3, 0xc0, 0x61, 0x4, 0xc, 0x60, 0x66, 0x3,
    0xf1, 0x1b, 0x8, 0xd8, 0x6, 0xc0, 0x66, 0x3,
    0x30, 0x30, 0xc3, 0x3, 0xe0, 0x0,

    /* U+0299 "ʙ" */
    0x1e, 0x13, 0x33, 0x32, 0x3c, 0x22, 0x62, 0x46,
    0x7c,

    /* U+029A "ʚ" */
    0xf, 0x18, 0x8c, 0x24, 0x11, 0xeb, 0xb, 0x5,
    0x84, 0x7c, 0x0,

    /* U+029B "ʛ" */
    0x0, 0x38, 0x1, 0x20, 0xc, 0x0, 0x20, 0x1,
    0x80, 0x7e, 0x2, 0x8, 0x18, 0x0, 0xc7, 0x83,
    0xc, 0xc, 0x30, 0x30, 0xc0, 0xc3, 0x1, 0xf0,
    0x0,

    /* U+029C "ʜ" */
    0x18, 0x84, 0x23, 0x8, 0xc6, 0x3f, 0x8, 0x46,
    0x31, 0xc, 0x43, 0x0,

    /* U+029D "ʝ" */
    0x3, 0x3, 0x0, 0x0, 0x0, 0xe, 0x6, 0x6,
    0x4, 0xc, 0xc, 0xc, 0xc, 0x1e, 0xd8, 0x98,
    0x90, 0x60,

    /* U+029E "ʞ" */
    0x30, 0xac, 0xc2, 0x61, 0xa0, 0xf0, 0x38, 0x2c,
    0x64, 0x62, 0x3, 0x1, 0x80, 0x80, 0x40, 0x78,

    /* U+029F "ʟ" */
    0x18, 0x20, 0xc1, 0x2, 0x4, 0x18, 0x21, 0x7e,

    /* U+02A0 "ʠ" */
    0x0, 0x38, 0x1, 0x30, 0x4, 0x0, 0x30, 0x0,
    0x80, 0x3a, 0x1, 0x18, 0x8, 0x60, 0x61, 0x1,
    0xc, 0xc, 0x30, 0x31, 0xc0, 0xca, 0x1, 0xd8,
    0x0, 0x60, 0x1, 0x0, 0x4, 0x0, 0x30, 0x0,

    /* U+02A1 "ʡ" */
    0xf, 0x18, 0xcc, 0x20, 0x10, 0x8, 0xc, 0x6,
    0xe, 0x1e, 0x8, 0x4, 0xf, 0x83, 0x1, 0x80,

    /* U+02A2 "ʢ" */
    0x1e, 0x23, 0x43, 0xc0, 0xc0, 0xc0, 0xc0, 0xf8,
    0x70, 0x10, 0xfc, 0x30, 0x20,

    /* U+02A3 "ʣ" */
    0x1, 0xc0, 0x1, 0x80, 0x3, 0x0, 0x6, 0x0,
    0x8, 0x1, 0xdf, 0xc4, 0x61, 0x10, 0xc4, 0x61,
    0x10, 0x86, 0x43, 0xd, 0x6, 0x32, 0xc, 0xa8,
    0xe, 0x78, 0x80, 0x19, 0x0, 0xc,

    /* U+02A4 "ʤ" */
    0x1, 0xc0, 0x0, 0x80, 0x3, 0x0, 0x6, 0x0,
    0x8, 0x1, 0xdf, 0xc4, 0x61, 0x10, 0xc4, 0x61,
    0x10, 0x82, 0x43, 0xc, 0xe6, 0x30, 0xec, 0xa8,
    0xce, 0x61, 0x80, 0x2, 0x0, 0x4, 0x3, 0x10,
    0x7, 0xc0,

    /* U+02A5 "ʥ" */
    0x1, 0xc0, 0x0, 0x80, 0x3, 0x0, 0x6, 0x0,
    0x8, 0x1, 0xdf, 0xc4, 0x61, 0x10, 0xc4, 0x61,
    0x10, 0xc2, 0x43, 0xd, 0xe, 0x32, 0x7c, 0xa9,
    0x2e, 0x7a, 0x80, 0x1e, 0x0, 0x20, 0x0, 0x0,

    /* U+02A6 "ʦ" */
    0x10, 0x8, 0xf, 0xbd, 0x91, 0x66, 0x11, 0x84,
    0x33, 0x6, 0xc1, 0xa0, 0x6f, 0xf0,

    /* U+02A7 "ʧ" */
    0x0, 0xe0, 0x24, 0xc, 0x9, 0x2, 0x21, 0xfc,
    0x19, 0x83, 0x20, 0x44, 0x9, 0x83, 0x30, 0x66,
    0x9, 0x81, 0xd0, 0x6, 0x0, 0x80, 0x90, 0x1c,
    0x0,

    /* U+02A8 "ʨ" */
    0x0, 0x1, 0x0, 0x20, 0xf, 0x9e, 0x62, 0x36,
    0x40, 0x4c, 0x4, 0xc0, 0xcc, 0x6d, 0xda, 0xae,
    0x4c, 0x78, 0x4, 0x0, 0x80,

    /* U+02A9 "ʩ" */
    0x0, 0x60, 0x0, 0x58, 0x0, 0x40, 0x0, 0x20,
    0x0, 0x30, 0x0, 0x7f, 0x9c, 0x8, 0xd6, 0x4,
    0x73, 0x6, 0x31, 0x83, 0x18, 0x81, 0x18, 0x40,
    0x8c, 0x60, 0xc4, 0x30, 0x62, 0x10, 0x20, 0x8,
    0x10, 0x8, 0xd0, 0x24, 0x38, 0x1c, 0x0,

    /* U+02AA "ʪ" */
    0x18, 0x18, 0xc, 0x6, 0x3, 0x1, 0x3d, 0xa2,
    0xd8, 0x4c, 0x23, 0x30, 0xd8, 0x68, 0x37, 0xf0,

    /* U+02AB "ʫ" */
    0x70, 0x8, 0xc, 0x6, 0x2, 0x1, 0xf9, 0x84,
    0xc4, 0x44, 0x24, 0x32, 0x1a, 0xe, 0x7, 0xc8,
    0x24, 0xc,

    /* U+02AC "ʬ" */
    0x7e, 0xc9, 0x22, 0x70, 0xac, 0x12, 0x0, 0x80,
    0x0, 0x0, 0xd9, 0x22, 0x8d, 0xa1, 0xb0, 0x4c,
    0x12, 0x0,

    /* U+02AD "ʭ" */
    0x3f, 0xe4, 0xc, 0x81, 0x0, 0x0, 0x0, 0x0,
    0x0, 0x0, 0x0, 0x7f, 0x98, 0x12, 0x2, 0x0,

    /* U+02AE "ʮ" */
    0xe0, 0x9, 0xe, 0x10, 0xc1, 0xc, 0x10, 0xc3,
    0xc, 0x30, 0x83, 0x18, 0x33, 0x81, 0xd8, 0x1,
    0x80, 0x10, 0x3, 0x0, 0x38, 0x2, 0x0,

    /* U+02AF "ʯ" */
    0xe0, 0x9, 0xe, 0x10, 0xc1, 0xc, 0x10, 0xc3,
    0xc, 0x30, 0x83, 0x18, 0x33, 0x81, 0xd8, 0x1,
    0x80, 0x10, 0x1, 0x0, 0x13, 0x0, 0xe0,

    /* U+02B0 "ʰ" */
    0x0, 0xc2, 0xb, 0x34, 0x92, 0x51, 0xec,

    /* U+02B1 "ʱ" */
    0x1c, 0x42, 0xb, 0x34, 0x96, 0x51, 0xec,

    /* U+02B2 "ʲ" */
    0x8, 0x0, 0x31, 0x8, 0x42, 0x21, 0x10,

    /* U+02B3 "ʳ" */
    0x7b, 0x10, 0x84, 0x60,

    /* U+02B4 "ʴ" */
    0x38, 0x8c, 0x42, 0x70,

    /* U+02B5 "ʵ" */
    0x30, 0x88, 0x42, 0x70, 0x86,

    /* U+02B6 "ʶ" */
    0x74, 0xa5, 0x1c, 0x4b, 0xc0,

    /* U+02B7 "ʷ" */
    0x41, 0x49, 0x5a, 0x6a, 0x2c, 0x8,

    /* U+02B8 "ʸ" */
    0x68, 0xa2, 0x8c, 0x10, 0x82, 0x30,

    /* U+02B9 "ʹ" */
    0x0, 0xcc, 0x44, 0x40,

    /* U+02BA "ʺ" */
    0x1, 0x1b, 0x33, 0x66, 0x4c, 0x88,

    /* U+02BB "ʻ" */
    0x2a, 0x7e,

    /* U+02BC "ʼ" */
    0xf6, 0x0,

    /* U+02BD "ʽ" */
    0x7e, 0x40,

    /* U+02BE "ʾ" */
    0x56,

    /* U+02BF "ʿ" */
    0x6a,

    /* U+02C0 "ˀ" */
    0x69, 0x11, 0x3e, 0x88,

    /* U+02C1 "ˁ" */
    0x26, 0xe1, 0x8, 0x61, 0x8,

    /* U+02C2 "˂" */
    0x1f, 0x18, 0x30,

    /* U+02C3 "˃" */
    0x41, 0xcd, 0x80,

    /* U+02C4 "˄" */
    0x10, 0xa4, 0x92,

    /* U+02C5 "˅" */
    0x8c, 0x94, 0x40,

    /* U+02C6 "ˆ" */
    0x18, 0xe6, 0xe1,

    /* U+02C7 "ˇ" */
    0x87, 0x27, 0x8,

    /* U+02C8 "ˈ" */
    0x4a, 0x40,

    /* U+02C9 "ˉ" */
    0xfc,

    /* U+02CA "ˊ" */
    0x3, 0x64,

    /* U+02CB "ˋ" */
    0x1b, 0x10,

    /* U+02CC "ˌ" */
    0x6a,

    /* U+02CD "ˍ" */
    0x7e,

    /* U+02CE "ˎ" */
    0x4, 0x63,

    /* U+02CF "ˏ" */
    0x0, 0xc8, 0x80,

    /* U+02D0 "ː" */
    0x32, 0x0, 0x0, 0x0, 0x8c,

    /* U+02D1 "ˑ" */
    0xa0,

    /* U+02D2 "˒" */
    0x44, 0xe0,

    /* U+02D3 "˓" */
    0x69,

    /* U+02D4 "˔" */
    0x8, 0x10, 0x20, 0x87, 0xe0,

    /* U+02D5 "˕" */
    0xfe, 0x20, 0xc1, 0x2, 0x0,

    /* U+02D6 "˖" */
    0x10, 0x47, 0xc8, 0x20,

    /* U+02D7 "˗" */
    0xfc,

    /* U+02D8 "˘" */
    0x86, 0x27, 0x0,

    /* U+02D9 "˙" */
    0x50,

    /* U+02DA "˚" */
    0x69, 0x9c,

    /* U+02DB "˛" */
    0xc9, 0xe0,

    /* U+02DC "˜" */
    0x73, 0x38,

    /* U+02DD "˝" */
    0x6d, 0x69, 0x0,

    /* U+02DE "˞" */
    0x10, 0xc5, 0x29, 0x2c, 0x20,

    /* U+02DF "˟" */
    0x42, 0xd8, 0x43, 0x48, 0x40,

    /* U+02E0 "ˠ" */
    0xcd, 0x45, 0x18, 0x62, 0x8a, 0x30,

    /* U+02E1 "ˡ" */
    0x32, 0x22, 0x26, 0x44,

    /* U+02E2 "ˢ" */
    0x74, 0x63, 0x9e,

    /* U+02E3 "ˣ" */
    0x6c, 0xc1, 0xc, 0x5b, 0x20,

    /* U+02E4 "ˤ" */
    0x3a, 0x61, 0x8, 0x70, 0x84, 0x60,

    /* U+02E5 "˥" */
    0xfe, 0x2, 0x2, 0x2, 0x2, 0x4, 0x4, 0x4,
    0x4, 0x4, 0x8, 0x8, 0x8, 0x8, 0x8, 0x10,

    /* U+02E6 "˦" */
    0x1, 0x0, 0x80, 0x5f, 0xe0, 0x10, 0x10, 0x8,
    0x4, 0x2, 0x1, 0x1, 0x0, 0x80, 0x40, 0x20,
    0x10, 0x10,

    /* U+02E7 "˧" */
    0x0, 0x80, 0x20, 0x8, 0x2, 0x0, 0x80, 0x40,
    0x13, 0xfc, 0x1, 0x0, 0x40, 0x20, 0x8, 0x2,
    0x0, 0x80, 0x20, 0x10,

    /* U+02E8 "˨" */
    0x0, 0x20, 0x8, 0x1, 0x0, 0x20, 0x4, 0x0,
    0x80, 0x20, 0x4, 0x0, 0x80, 0x10, 0x2, 0x0,
    0x8f, 0xf0, 0x2, 0x0, 0x40, 0x8, 0x2, 0x0,

    /* U+02E9 "˩" */
    0x0, 0x10, 0x2, 0x0, 0x20, 0x2, 0x0, 0x20,
    0x2, 0x0, 0x40, 0x4, 0x0, 0x40, 0x4, 0x0,
    0x40, 0x8, 0x0, 0x80, 0x8, 0x0, 0x80, 0x8,
    0xff, 0x0,

    /* U+02EA "˪" */
    0x20, 0x20, 0x20, 0x20, 0x40, 0x40, 0x40, 0x40,
    0x80, 0x80, 0xff,

    /* U+02EB "˫" */
    0x20, 0x10, 0x8, 0x8, 0x4, 0x3, 0xfd, 0x0,
    0x80, 0x80, 0x40, 0x0,

    /* U+02EC "ˬ" */
    0x82, 0x35, 0x18,

    /* U+02ED "˭" */
    0xfc, 0x3, 0xf0,

    /* U+02EE "ˮ" */
    0x6c, 0xdd, 0x92, 0x28, 0x80,

    /* U+02EF "˯" */
    0x8a, 0x46, 0x10,

    /* U+02F0 "˰" */
    0x11, 0x53, 0x10,

    /* U+02F1 "˱" */
    0x1f, 0x18, 0x30,

    /* U+02F2 "˲" */
    0x30, 0x33, 0xb0,

    /* U+02F3 "˳" */
    0x69, 0x9e,

    /* U+02F4 "˴" */
    0x19, 0x10,

    /* U+02F5 "˵" */
    0x3, 0x36, 0xc9,

    /* U+02F6 "˶" */
    0x6d, 0x69, 0x0,

    /* U+02F7 "˷" */
    0x39, 0xde,

    /* U+02F8 "˸" */
    0x33, 0x0, 0x0, 0xc, 0xc0,

    /* U+02F9 "˹" */
    0x74, 0x44, 0x80,

    /* U+02FA "˺" */
    0xe4, 0x94,

    /* U+02FB "˻" */
    0x49, 0x4e,

    /* U+02FC "˼" */
    0x11, 0x32, 0xe0,

    /* U+02FD "˽" */
    0x42, 0x87, 0xf8,

    /* U+02FE "˾" */
    0x40, 0x83, 0xf8,

    /* U+02FF "˿" */
    0x0, 0xc3, 0xfa, 0x0, 0x0,

    /* U+0300 "̀" */
    0xc, 0x62,

    /* U+0301 "́" */
    0x0, 0xc8, 0x80,

    /* U+0302 "̂" */
    0x10, 0xe6, 0xa1,

    /* U+0303 "̃" */
    0x70, 0x9e,

    /* U+0304 "̄" */
    0xfc,

    /* U+0305 "̅" */
    0xff, 0x80,

    /* U+0306 "̆" */
    0x86, 0x2f, 0x0,

    /* U+0307 "̇" */
    0x50,

    /* U+0308 "̈" */
    0xcf, 0x30,

    /* U+0309 "̉" */
    0x74, 0xa0,

    /* U+030A "̊" */
    0x69, 0x9e,

    /* U+030B "̋" */
    0x4b, 0x4a, 0x0,

    /* U+030C "̌" */
    0x86, 0x25, 0x18,

    /* U+030D "̍" */
    0xf0,

    /* U+030E "̎" */
    0x4a, 0x94, 0xa0,

    /* U+030F "̏" */
    0x3, 0x26, 0xc9,

    /* U+0310 "̐" */
    0x32, 0xd8, 0x9c,

    /* U+0311 "̑" */
    0x3d, 0x98, 0x40,

    /* U+0312 "̒" */
    0x2a, 0x6c,

    /* U+0313 "̓" */
    0x6c, 0xa8,

    /* U+0314 "̔" */
    0xfa, 0x80,

    /* U+0315 "̕" */
    0x6c, 0xa8,

    /* U+0316 "̖" */
    0x19, 0x10,

    /* U+0317 "̗" */
    0x3, 0x68,

    /* U+0318 "̘" */
    0xc, 0x2f, 0x82, 0x8,

    /* U+0319 "̙" */
    0x41, 0x7, 0xd0, 0xc0,

    /* U+031A "̚" */
    0xf8, 0x46, 0x21, 0x0,

    /* U+031B "̛" */
    0x37, 0x11, 0xe0,

    /* U+031C "̜" */
    0x3a, 0x20,

    /* U+031D "̝" */
    0x8, 0x10, 0x60, 0x8f, 0xc0,

    /* U+031E "̞" */
    0xfc, 0x82, 0x10, 0x40,

    /* U+031F "̟" */
    0x10, 0xcf, 0x88, 0x20,

    /* U+0320 "̠" */
    0xfc,

    /* U+0321 "̡" */
    0x31, 0x1e, 0xe4,

    /* U+0322 "̢" */
    0x72, 0x5a, 0x80,

    /* U+0323 "̣" */
    0xa0,

    /* U+0324 "̤" */
    0x8c, 0x40,

    /* U+0325 "̥" */
    0x36, 0xa4, 0xc0,

    /* U+0326 "̦" */
    0xcd, 0x40,

    /* U+0327 "̧" */
    0x24, 0x31, 0xe0,

    /* U+0328 "̨" */
    0x44, 0x60,

    /* U+0329 "̩" */
    0xf0,

    /* U+032A "̪" */
    0x7e, 0x87, 0xc, 0x20,

    /* U+032B "̫" */
    0x97, 0xe0,

    /* U+032C "̬" */
    0x81, 0x37, 0xc,

    /* U+032D "̭" */
    0x8, 0x30, 0x92, 0x20,

    /* U+032E "̮" */
    0x86, 0x37, 0x80,

    /* U+032F "̯" */
    0x7e, 0x62,

    /* U+0330 "̰" */
    0x70, 0x9e,

    /* U+0331 "̱" */
    0xfc,

    /* U+0332 "̲" */
    0xff, 0xc0,

    /* U+0333 "̳" */
    0xff, 0xc0, 0xf, 0xfc,

    /* U+0334 "̴" */
    0x73, 0x38,

    /* U+0335 "̵" */
    0xf0,

    /* U+0336 "̶" */
    0xff,

    /* U+0337 "̷" */
    0x0, 0x40, 0x60, 0xe0, 0xc0, 0xc0, 0x0,

    /* U+0338 "̸" */
    0x0, 0x10, 0x2, 0x0, 0x40, 0x8, 0x0, 0x80,
    0x10, 0x2, 0x0, 0x40, 0x8, 0x0, 0x80, 0x10,
    0x2, 0x0, 0x40, 0x8, 0x0,

    /* U+0339 "̹" */
    0x56,

    /* U+033A "̺" */
    0x43, 0xf, 0xf0,

    /* U+033B "̻" */
    0x3e, 0x8d, 0x12, 0x2f, 0xc0,

    /* U+033C "̼" */
    0x6e, 0xc2, 0x8,

    /* U+033D "̽" */
    0x46, 0x50, 0xc2, 0x48, 0x40,

    /* U+033E "̾" */
    0x69, 0x28,

    /* U+033F "̿" */
    0xff, 0xc0, 0xf, 0xfc,

    /* U+0340 "̀" */
    0xc, 0x62,

    /* U+0341 "́" */
    0x3, 0x68,

    /* U+0342 "͂" */
    0x73, 0x38,

    /* U+0343 "̓" */
    0x7, 0x12, 0xc0,

    /* U+0344 "̈́" */
    0xc, 0x21, 0x5, 0xc4,

    /* U+0345 "ͅ" */
    0xcc, 0xce,

    /* U+0346 "͆" */
    0x7f, 0xe, 0x14, 0x20,

    /* U+0347 "͇" */
    0x7e, 0x3, 0xf0,

    /* U+0348 "͈" */
    0x59, 0x99,

    /* U+0349 "͉" */
    0xe5, 0x80,

    /* U+034A "͊" */
    0x8, 0xf6, 0xf1, 0x0,

    /* U+034B "͋" */
    0xc, 0x4, 0x32, 0xdc, 0x20, 0x20,

    /* U+034C "͌" */
    0x39, 0x4e, 0x0, 0x32, 0xdc,

    /* U+034D "͍" */
    0x0, 0x41, 0xff, 0x82, 0x0,

    /* U+034E "͎" */
    0x6, 0xd4, 0x48,

    /* U+034F "͏" */
    0x0,

    /* U+0350 "͐" */
    0x20, 0x71, 0x38,

    /* U+0351 "͑" */
    0x3a, 0x20,

    /* U+0352 "͒" */
    0x39, 0x93, 0x4c,

    /* U+0353 "͓" */
    0x46, 0x50, 0xc2, 0x48, 0x40,

    /* U+0354 "͔" */
    0x1b, 0x87, 0x2,

    /* U+0355 "͕" */
    0x30, 0x33, 0xb0,

    /* U+0356 "͖" */
    0x41, 0x8e, 0xa1, 0x2b, 0x91,

    /* U+0357 "͗" */
    0x56,

    /* U+0358 "͘" */
    0xa0,

    /* U+0359 "͙" */
    0x4a, 0xe4,

    /* U+035A "͚" */
    0x67, 0x36, 0x4f, 0x20,

    /* U+035B "͛" */
    0x42, 0x3c, 0x22, 0x0,

    /* U+035C "͜" */
    0x80, 0x28, 0x18, 0xfe, 0x0,

    /* U+035D "͝" */
    0x0, 0x38, 0x18, 0xfc, 0x0,

    /* U+035E "͞" */
    0xff, 0xe0,

    /* U+035F "͟" */
    0xff, 0xe0,

    /* U+0360 "͠" */
    0x3c, 0x2c, 0x7c,

    /* U+0361 "͡" */
    0xf, 0xc3, 0x86, 0xc0, 0x10,

    /* U+0362 "͢" */
    0x0, 0x0, 0xb, 0xff, 0x80, 0x20, 0x0,

    /* U+0363 "ͣ" */
    0x3d, 0xaa, 0xc0,

    /* U+0364 "ͤ" */
    0x3f, 0x4c,

    /* U+0365 "ͥ" */
    0x4a, 0xa0,

    /* U+0366 "ͦ" */
    0x2d, 0x9a, 0x40,

    /* U+0367 "ͧ" */
    0x5a, 0xea,

    /* U+0368 "ͨ" */
    0x2c, 0x88, 0x40,

    /* U+0369 "ͩ" */
    0x8, 0x8c, 0xaa, 0x53, 0x0,

    /* U+036A "ͪ" */
    0x48, 0xae, 0xaa,

    /* U+036B "ͫ" */
    0xab, 0xea, 0xaa,

    /* U+036C "ͬ" */
    0x6a, 0x40,

    /* U+036D "ͭ" */
    0x3a, 0x80,

    /* U+036E "ͮ" */
    0xb7, 0x40,

    /* U+036F "ͯ" */
    0x64, 0xca,

    /* U+0374 "ʹ" */
    0x36, 0x48, 0x0,

    /* U+0375 "͵" */
    0x3, 0x6c, 0xc0,

    /* U+037A "ͺ" */
    0xcd, 0xe0,

    /* U+037E ";" */
    0x33, 0x0, 0x0, 0xc, 0x44, 0x80,

    /* U+0384 "΄" */
    0xd, 0x48,

    /* U+0385 "΅" */
    0x8, 0x21, 0x8, 0xc4,

    /* U+0386 "Ά" */
    0x4, 0x80, 0x64, 0x2, 0x60, 0x23, 0x80, 0x2c,
    0x1, 0x60, 0x13, 0x1, 0x98, 0x8, 0xc0, 0xff,
    0x4, 0x18, 0x40, 0xc2, 0x6, 0x30, 0x38,

    /* U+0387 "·" */
    0xf0,

    /* U+0388 "Έ" */
    0x20, 0x1, 0x9f, 0xf4, 0x60, 0xa1, 0x82, 0x6,
    0x0, 0x30, 0x80, 0xc4, 0x3, 0xf0, 0xc, 0x40,
    0x60, 0x1, 0x80, 0x6, 0x4, 0x38, 0x31, 0xff,
    0x80,

    /* U+0389 "Ή" */
    0x0, 0x0, 0x60, 0x0, 0xcf, 0xf, 0x86, 0xc,
    0x4, 0xc, 0xc, 0xc, 0xc, 0xc, 0xf, 0xf8,
    0x18, 0x18, 0x18, 0x18, 0x18, 0x38, 0x18, 0x30,
    0x30, 0x30, 0x30, 0x30, 0x78, 0xf0,

    /* U+038A "Ί" */
    0x20, 0x33, 0xd1, 0xd0, 0xc0, 0x60, 0x30, 0x30,
    0x18, 0xc, 0x6, 0x6, 0x3, 0x1, 0x81, 0xc0,

    /* U+038C "Ό" */
    0x23, 0xe3, 0x61, 0x96, 0x7, 0x60, 0x33, 0x1,
    0xb0, 0xd, 0x80, 0x7c, 0x6, 0xe0, 0x37, 0x3,
    0x18, 0x10, 0xc3, 0x1, 0xe0, 0x0,

    /* U+038E "Ύ" */
    0x20, 0x0, 0xdc, 0x1d, 0x6c, 0x6c, 0x9, 0x8,
    0xa, 0x0, 0x18, 0x0, 0x30, 0x0, 0xc0, 0x1,
    0x80, 0x3, 0x0, 0x4, 0x0, 0x18, 0x0, 0x30,
    0x0, 0xe0, 0x0,

    /* U+038F "Ώ" */
    0x10, 0x0, 0x30, 0xf8, 0x23, 0x6, 0x4e, 0x7,
    0x4c, 0x3, 0x18, 0x3, 0x18, 0x3, 0x18, 0x7,
    0x18, 0x6, 0x18, 0xc, 0xc, 0x18, 0x42, 0x62,
    0x7c, 0x7e, 0x7c, 0x7c,

    /* U+0390 "ΐ" */
    0x4, 0x18, 0x20, 0x86, 0x60, 0x0, 0x10, 0x20,
    0xc1, 0x82, 0xc, 0x1a, 0x34, 0x70,

    /* U+0391 "Α" */
    0x0, 0x80, 0x4, 0x0, 0x60, 0x3, 0x80, 0x2c,
    0x1, 0x60, 0x13, 0x1, 0x98, 0x8, 0xc0, 0xff,
    0x4, 0x18, 0x40, 0xc2, 0x6, 0x30, 0x38,

    /* U+0392 "Β" */
    0xf, 0xe0, 0xc3, 0xc, 0x30, 0xc3, 0x18, 0x61,
    0xf8, 0x18, 0xc1, 0x86, 0x30, 0x63, 0x6, 0x30,
    0xe3, 0xc, 0xff, 0x0,

    /* U+0393 "Γ" */
    0xf, 0xf0, 0x60, 0x83, 0x4, 0x18, 0x1, 0x80,
    0xc, 0x0, 0x60, 0x6, 0x0, 0x30, 0x1, 0x80,
    0xc, 0x0, 0xc0, 0xf, 0x0, 0x0,

    /* U+0394 "Δ" */
    0x0, 0x40, 0xc, 0x0, 0xc0, 0x1c, 0x2, 0xc0,
    0x2e, 0x4, 0x60, 0x86, 0x8, 0x61, 0x6, 0x20,
    0x74, 0x3, 0x40, 0x3f, 0xff,

    /* U+0395 "Ε" */
    0xf, 0xf8, 0x60, 0x83, 0x4, 0x18, 0x1, 0x84,
    0xc, 0x40, 0x7e, 0x3, 0x10, 0x30, 0x1, 0x80,
    0xc, 0x8, 0xe0, 0xcf, 0xfc, 0x0,

    /* U+0396 "Ζ" */
    0x3f, 0xf2, 0x6, 0x40, 0xc0, 0x1c, 0x1, 0x80,
    0x30, 0x6, 0x0, 0xc0, 0x1c, 0x1, 0x80, 0x30,
    0x26, 0x6, 0xff, 0xc0,

    /* U+0397 "Η" */
    0xf, 0x1e, 0xc, 0xc, 0xc, 0xc, 0xc, 0x18,
    0x18, 0x18, 0x1f, 0xf8, 0x18, 0x38, 0x18, 0x30,
    0x30, 0x30, 0x30, 0x30, 0x30, 0x60, 0x30, 0x60,
    0xf0, 0xf0,

    /* U+0398 "Θ" */
    0x3, 0xc0, 0x61, 0x84, 0xc, 0x60, 0x67, 0xb,
    0xff, 0xdf, 0x42, 0xd8, 0x16, 0xc0, 0x66, 0x3,
    0x30, 0x30, 0xc3, 0x3, 0xe0, 0x0,

    /* U+0399 "Ι" */
    0xe, 0xc, 0xc, 0xc, 0x18, 0x18, 0x18, 0x18,
    0x30, 0x30, 0x30, 0x30, 0x70,

    /* U+039A "Κ" */
    0xf, 0x1c, 0x30, 0x40, 0xc2, 0x3, 0x30, 0xd,
    0x0, 0x78, 0x1, 0xe0, 0x6, 0xc0, 0x33, 0x80,
    0xc6, 0x3, 0xc, 0xc, 0x30, 0x70, 0xe0,

    /* U+039B "Λ" */
    0x0, 0x80, 0x18, 0x1, 0x80, 0x38, 0x2, 0x80,
    0x4c, 0x4, 0xc0, 0x8c, 0x10, 0xc1, 0xc, 0x20,
    0x42, 0x6, 0x40, 0x6e, 0xe,

    /* U+039C "Μ" */
    0xe, 0x3, 0x83, 0x81, 0xc0, 0xe0, 0x70, 0x38,
    0x2c, 0x16, 0x16, 0x5, 0x85, 0x81, 0x22, 0x60,
    0x4d, 0x18, 0x23, 0x4c, 0x8, 0xe3, 0x2, 0x30,
    0xc1, 0x8c, 0x70, 0x62, 0x3c, 0x0,

    /* U+039D "Ν" */
    0x1c, 0xc, 0x1c, 0x10, 0x38, 0x20, 0x70, 0x41,
    0x31, 0x2, 0x62, 0x4, 0x64, 0x8, 0xc8, 0x20,
    0xa0, 0x41, 0xc0, 0x81, 0x83, 0x2, 0x6, 0x4,
    0x0,

    /* U+039E "Ξ" */
    0x1f, 0xfc, 0x7f, 0xe0, 0x0, 0x0, 0x0, 0x8,
    0x20, 0x3f, 0x0, 0xfc, 0x4, 0x10, 0x0, 0x0,
    0x0, 0x8, 0x2, 0x1f, 0xf8, 0xff, 0xe0,

    /* U+039F "Ο" */
    0x3, 0xc0, 0x61, 0x4, 0xc, 0x60, 0x66, 0x3,
    0xf0, 0x1b, 0x0, 0xd8, 0x6, 0xc0, 0x66, 0x3,
    0x30, 0x30, 0xc3, 0x3, 0xe0, 0x0,

    /* U+03A0 "Π" */
    0xf, 0xfe, 0x18, 0x18, 0x30, 0x30, 0x60, 0xc1,
    0x81, 0x83, 0x3, 0x6, 0xc, 0x18, 0x18, 0x30,
    0x30, 0x60, 0x60, 0xc1, 0x83, 0x3, 0xf, 0xf,
    0x0,

    /* U+03A1 "Ρ" */
    0xf, 0xe0, 0xc3, 0xc, 0x30, 0xc3, 0x18, 0x31,
    0x86, 0x1f, 0x81, 0x80, 0x30, 0x3, 0x0, 0x30,
    0x3, 0x0, 0x70, 0x0,

    /* U+03A3 "Σ" */
    0x1f, 0xfc, 0x30, 0x30, 0x60, 0x40, 0xc0, 0x1,
    0x80, 0x7, 0x0, 0x8, 0x0, 0x40, 0x6, 0x0,
    0x20, 0x41, 0x1, 0xf, 0xf8, 0xff, 0xe0,

    /* U+03A4 "Τ" */
    0x7f, 0xec, 0x62, 0x86, 0x20, 0xc0, 0xc, 0x0,
    0xc0, 0xc, 0x1, 0x80, 0x18, 0x1, 0x80, 0x30,
    0x3, 0x0, 0x78, 0x0,

    /* U+03A5 "Υ" */
    0x70, 0x7d, 0x8d, 0x9, 0x0, 0xa0, 0xa, 0x0,
    0xc0, 0xc, 0x0, 0xc0, 0x18, 0x1, 0x80, 0x18,
    0x1, 0x80, 0x38, 0x0,

    /* U+03A6 "Φ" */
    0x1, 0xe0, 0x6, 0x0, 0xff, 0xc, 0x66, 0x61,
    0x8d, 0x8c, 0x3c, 0x30, 0xf0, 0xc3, 0xc6, 0x19,
    0x98, 0xc1, 0xfc, 0x1, 0x80, 0xe, 0x0,

    /* U+03A7 "Χ" */
    0x1e, 0x38, 0x30, 0x40, 0xc2, 0x1, 0x90, 0x6,
    0x80, 0xc, 0x0, 0x30, 0x1, 0xc0, 0x5, 0x80,
    0x26, 0x1, 0xc, 0x8, 0x30, 0xe1, 0xe0,

    /* U+03A8 "Ψ" */
    0xe3, 0xc7, 0xe1, 0x8f, 0x21, 0x88, 0x23, 0x8,
    0x43, 0x8, 0xc3, 0x18, 0xc2, 0x18, 0x46, 0x30,
    0x3f, 0xc0, 0x6, 0x0, 0xc, 0x0, 0xc, 0x0,
    0x1e, 0x0,

    /* U+03A9 "Ω" */
    0x1, 0xf8, 0xc, 0x18, 0x30, 0x18, 0xc0, 0x31,
    0x80, 0x67, 0x0, 0xce, 0x1, 0x98, 0x6, 0x18,
    0x8, 0x30, 0x62, 0x11, 0x17, 0xe3, 0xef, 0x8f,
    0xc0,

    /* U+03AA "Ϊ" */
    0x19, 0x8c, 0xc0, 0x0, 0x0, 0xe0, 0x60, 0x30,
    0x18, 0x18, 0xc, 0x6, 0x3, 0x3, 0x1, 0x80,
    0xc0, 0x60, 0x70, 0x0,

    /* U+03AB "Ϋ" */
    0x8, 0x80, 0x88, 0x0, 0x0, 0x0, 0x70, 0x7d,
    0x8d, 0x9, 0x0, 0xa0, 0xa, 0x0, 0xc0, 0xc,
    0x0, 0xc0, 0x18, 0x1, 0x80, 0x18, 0x1, 0x80,
    0x38, 0x0,

    /* U+03AC "ά" */
    0x1, 0x80, 0x20, 0x8, 0x1, 0x0, 0x0, 0x3c,
    0x8c, 0xb3, 0xc, 0x41, 0x98, 0x23, 0xc, 0x61,
    0x84, 0x54, 0xf3, 0x0,

    /* U+03AD "έ" */
    0x3, 0x2, 0x6, 0x4, 0x0, 0x1e, 0x23, 0x61,
    0x20, 0x1c, 0x60, 0xc0, 0xc2, 0x7c,

    /* U+03AE "ή" */
    0x3, 0x1, 0x1, 0x80, 0x80, 0x3, 0xba, 0xe3,
    0x61, 0x31, 0x90, 0x98, 0x4c, 0x64, 0x32, 0x10,
    0x18, 0xc, 0x6, 0x2, 0x0,

    /* U+03AF "ί" */
    0x4, 0x30, 0x84, 0x0, 0x82, 0x18, 0x61, 0xc,
    0x34, 0xd3, 0x80,

    /* U+03B0 "ΰ" */
    0x1, 0x1, 0x80, 0x82, 0x81, 0x18, 0x0, 0x0,
    0xe3, 0xb1, 0xd8, 0xcc, 0x44, 0x26, 0x13, 0x11,
    0x88, 0x78,

    /* U+03B1 "α" */
    0x1e, 0x46, 0x59, 0x86, 0x20, 0xcc, 0x11, 0x86,
    0x30, 0xc2, 0x2a, 0x79, 0x80,

    /* U+03B2 "β" */
    0x3, 0xc0, 0x8c, 0x21, 0x84, 0x31, 0x4, 0x2f,
    0x4, 0x20, 0x86, 0x30, 0xc6, 0x18, 0x83, 0x10,
    0x46, 0x18, 0xde, 0x18, 0x3, 0x0, 0xc0, 0x18,
    0x0,

    /* U+03B3 "γ" */
    0xe1, 0xe3, 0x21, 0x23, 0x22, 0x2c, 0x30, 0x20,
    0x20, 0x20, 0x60, 0x60, 0x40,

    /* U+03B4 "δ" */
    0xf, 0x4, 0x82, 0x1, 0x80, 0x61, 0xf1, 0x8d,
    0x86, 0xc3, 0x41, 0xa0, 0x90, 0x48, 0x43, 0xc0,

    /* U+03B5 "ε" */
    0x1e, 0x23, 0x61, 0x20, 0x1c, 0x60, 0xc0, 0xc2,
    0x7c,

    /* U+03B6 "ζ" */
    0x30, 0x11, 0xc5, 0xc3, 0x2, 0x1, 0x1, 0x0,
    0x80, 0x80, 0x40, 0x20, 0x10, 0x7, 0x83, 0xf0,
    0x8, 0x4, 0x44, 0x3c, 0x0,

    /* U+03B7 "η" */
    0x77, 0x5c, 0x6c, 0x26, 0x32, 0x13, 0x9, 0x8c,
    0x86, 0x42, 0x3, 0x1, 0x80, 0xc0, 0x40,

    /* U+03B8 "θ" */
    0x7, 0x82, 0x21, 0xc, 0xc3, 0x20, 0xdf, 0xf6,
    0xd, 0x6, 0x41, 0xb0, 0x44, 0x31, 0x18, 0x38,
    0x0,

    /* U+03B9 "ι" */
    0x21, 0x18, 0xc4, 0x63, 0x5a, 0xe0,

    /* U+03BA "κ" */
    0x31, 0x99, 0x49, 0x7, 0x6, 0xc3, 0x21, 0x18,
    0x8d, 0xc3, 0x0,

    /* U+03BB "λ" */
    0x1c, 0xe, 0x1, 0x0, 0x80, 0x40, 0x20, 0x30,
    0x18, 0x1c, 0xa, 0xd, 0xc, 0x96, 0x3e, 0x18,

    /* U+03BC "μ" */
    0x10, 0xc4, 0x23, 0x8, 0xc6, 0x21, 0x98, 0xc6,
    0x35, 0x9d, 0xb9, 0xa0, 0x8, 0x3, 0x0, 0xc0,
    0x0,

    /* U+03BD "ν" */
    0x71, 0xd8, 0xec, 0x62, 0x31, 0x10, 0x90, 0x50,
    0x38, 0x10, 0x0,

    /* U+03BE "ξ" */
    0x30, 0x10, 0xc7, 0xc2, 0x2, 0x1, 0x0, 0x98,
    0x3c, 0x60, 0x20, 0x20, 0x10, 0xf, 0xc3, 0xf8,
    0x4, 0x4, 0x62, 0x1e, 0x0,

    /* U+03BF "ο" */
    0xf, 0xc, 0x26, 0xd, 0x3, 0xc0, 0xb0, 0x6c,
    0x19, 0x8c, 0x3c, 0x0,

    /* U+03C0 "π" */
    0x1f, 0xf2, 0x98, 0x9, 0x81, 0x10, 0x11, 0x1,
    0x30, 0x23, 0xa, 0x34, 0xc3, 0x80,

    /* U+03C1 "ρ" */
    0xf, 0x18, 0xd8, 0x68, 0x3c, 0x1e, 0xb, 0xd,
    0x84, 0xac, 0x48, 0x3c, 0xf, 0x0, 0x80,

    /* U+03C2 "ς" */
    0x1e, 0x23, 0x43, 0x80, 0x80, 0x80, 0xc0, 0xf0,
    0x7c, 0xc, 0x4, 0x88, 0x70,

    /* U+03C3 "σ" */
    0xf, 0xe6, 0x61, 0x86, 0x20, 0xcc, 0x19, 0x83,
    0x30, 0xc2, 0x10, 0x3c, 0x0,

    /* U+03C4 "τ" */
    0x3f, 0x2c, 0x6, 0x2, 0x1, 0x1, 0x80, 0xc0,
    0x48, 0x38, 0x0,

    /* U+03C5 "υ" */
    0x71, 0xd8, 0xec, 0x66, 0x22, 0x13, 0x9, 0x88,
    0xc4, 0x3c, 0x0,

    /* U+03C6 "φ" */
    0x1c, 0xe2, 0x11, 0x63, 0x16, 0x21, 0x42, 0x2c,
    0x62, 0x46, 0x44, 0x44, 0x3f, 0x80, 0xc0, 0x8,
    0x0, 0x80, 0x18, 0x0,

    /* U+03C7 "χ" */
    0x18, 0x67, 0x18, 0x96, 0x2, 0x80, 0x70, 0xc,
    0x1, 0x0, 0x60, 0x1c, 0x6, 0x80, 0xd0, 0x31,
    0xcc, 0x30,

    /* U+03C8 "ψ" */
    0x0, 0x80, 0x4, 0x0, 0x40, 0x62, 0x39, 0x11,
    0xc8, 0x8c, 0xc4, 0x46, 0x42, 0x22, 0x21, 0x11,
    0x9, 0x90, 0x3f, 0x0, 0x40, 0x2, 0x0, 0x30,
    0x1, 0x80,

    /* U+03C9 "ω" */
    0x8, 0x31, 0x88, 0xd8, 0xc6, 0xc6, 0x34, 0x21,
    0xe1, 0xb, 0x8, 0xc8, 0xc4, 0x79, 0xc0,

    /* U+03CA "ϊ" */
    0xcf, 0x30, 0x8, 0x61, 0x84, 0x10, 0xc3, 0x49,
    0x38,

    /* U+03CB "ϋ" */
    0x33, 0x19, 0x80, 0xe, 0x3b, 0x1d, 0x8c, 0xc4,
    0x42, 0x61, 0x31, 0x18, 0x87, 0x80,

    /* U+03CC "ό" */
    0x1, 0x80, 0x40, 0x30, 0x8, 0x0, 0x3, 0xc3,
    0x9, 0x83, 0x40, 0xf0, 0x2c, 0x1b, 0x6, 0x63,
    0xf, 0x0,

    /* U+03CD "ύ" */
    0x3, 0x1, 0x1, 0x0, 0x80, 0x3, 0x8e, 0xc7,
    0x63, 0x31, 0x10, 0x98, 0x4c, 0x46, 0x21, 0xe0,

    /* U+03CE "ώ" */
    0x0, 0x40, 0x6, 0x0, 0x20, 0x2, 0x0, 0x10,
    0x4, 0x18, 0xc4, 0x6c, 0x63, 0x63, 0x1a, 0x10,
    0xf0, 0x85, 0x84, 0x64, 0x62, 0x3c, 0xe0,

    /* U+03D0 "ϐ" */
    0x1, 0xc0, 0xc4, 0x21, 0x8, 0xc1, 0xe0, 0x40,
    0x13, 0xc2, 0x8c, 0x60, 0xc8, 0x1b, 0x6, 0x60,
    0xc4, 0x10, 0x84, 0xf, 0x0,

    /* U+03D1 "ϑ" */
    0x3, 0x80, 0x88, 0x31, 0x6, 0x20, 0xcc, 0x9,
    0x9c, 0xfc, 0x87, 0xb0, 0xc6, 0x30, 0x86, 0x10,
    0x86, 0x10, 0x44, 0xf, 0x0,

    /* U+03D2 "ϒ" */
    0xf0, 0x71, 0x9b, 0xd, 0x70, 0xe0, 0xe, 0x0,
    0xc0, 0xc, 0x0, 0xc0, 0x18, 0x1, 0x80, 0x18,
    0x1, 0x80, 0x38, 0x0,

    /* U+03D3 "ϓ" */
    0x20, 0x0, 0x6e, 0xe, 0x43, 0x93, 0x41, 0xa6,
    0x80, 0xa0, 0x0, 0xc0, 0x0, 0xc0, 0x1, 0xc0,
    0x1, 0x80, 0x1, 0x80, 0x1, 0x80, 0x3, 0x0,
    0x3, 0x0, 0x7, 0x80,

    /* U+03D4 "ϔ" */
    0x19, 0x81, 0x98, 0x0, 0x0, 0x0, 0x70, 0x71,
    0x8b, 0xd, 0x30, 0xe2, 0xe, 0x0, 0xc0, 0xc,
    0x0, 0xc0, 0x18, 0x1, 0x80, 0x18, 0x1, 0x80,
    0x38, 0x0,

    /* U+03D5 "ϕ" */
    0x1, 0x0, 0x10, 0x1, 0x0, 0x10, 0xf, 0xc1,
    0x22, 0x22, 0x36, 0x23, 0x42, 0x3c, 0x42, 0xc4,
    0x66, 0x4c, 0x3f, 0x0, 0x80, 0x8, 0x0, 0x80,
    0x18, 0x0,

    /* U+03D6 "ϖ" */
    0x1f, 0xf9, 0xff, 0xea, 0x2, 0x18, 0x84, 0xc6,
    0x13, 0x18, 0xcc, 0x43, 0x21, 0xc, 0x84, 0x62,
    0x31, 0x7, 0x38, 0x0,

    /* U+03D7 "ϗ" */
    0x61, 0xf9, 0xa4, 0xc4, 0xc3, 0xc1, 0xa1, 0x15,
    0x8e, 0x87, 0x1, 0x4, 0x81, 0x80,

    /* U+03D8 "Ϙ" */
    0x3f, 0xcc, 0x33, 0x6, 0x61, 0x8c, 0x31, 0x86,
    0xf, 0xc0, 0x30, 0x6, 0x0, 0xc0, 0x30, 0x6,
    0x1, 0xe0,

    /* U+03D9 "ϙ" */
    0xf, 0x8c, 0x36, 0xd, 0x83, 0x40, 0xf0, 0x24,
    0x19, 0x8c, 0x1c, 0x6, 0x1, 0x0, 0xc0, 0x30,
    0x0,

    /* U+03DA "Ϛ" */
    0x1f, 0x8c, 0x36, 0xf, 0x3, 0xc0, 0x30, 0x4,
    0x0, 0xf0, 0xc, 0x6, 0x1, 0x80, 0x60, 0x38,
    0x0,

    /* U+03DB "ϛ" */
    0x1f, 0xcc, 0x4, 0x1, 0x0, 0x80, 0x20, 0x8,
    0x3, 0xe0, 0x7c, 0x1, 0x80, 0x43, 0x10, 0x78,
    0x0,

    /* U+03DC "Ϝ" */
    0xf, 0xf8, 0x70, 0x43, 0x4, 0x18, 0x0, 0xc0,
    0xc, 0x0, 0x7e, 0x3, 0x10, 0x18, 0x81, 0x80,
    0xc, 0x0, 0x60, 0x7, 0x0, 0x0,

    /* U+03DD "ϝ" */
    0x3, 0xf0, 0x60, 0x8, 0x0, 0x80, 0x10, 0x1,
    0x0, 0x1f, 0x1, 0x0, 0x20, 0x2, 0x0, 0x20,
    0x6, 0x0, 0x40, 0x0,

    /* U+03DE "Ϟ" */
    0x60, 0xe, 0x0, 0x40, 0x8, 0x12, 0xe, 0x47,
    0x8f, 0xd3, 0xe4, 0x70, 0x88, 0x10, 0x4, 0x0,
    0x60, 0xc,

    /* U+03DF "ϟ" */
    0x18, 0x30, 0x20, 0x81, 0x4, 0x10, 0x3f, 0x2,
    0x8, 0x20, 0xc1, 0x6, 0x18, 0x60, 0xc0,

    /* U+03E0 "Ϡ" */
    0x0, 0x80, 0xc, 0x0, 0x60, 0x5, 0x0, 0x2c,
    0x2, 0x60, 0x13, 0x1, 0x1c, 0x10, 0xe0, 0x8b,
    0x8, 0x5c, 0x44, 0x64, 0x23, 0x77, 0x3c,

    /* U+03E1 "ϡ" */
    0xc, 0x7, 0x0, 0x20, 0x8, 0x2, 0x1, 0x80,
    0xe0, 0x38, 0x1a, 0x4, 0x83, 0x71, 0xb4, 0x6d,
    0xf6, 0x63, 0x0, 0xc0, 0x60, 0x18, 0x0,

    /* U+03F0 "ϰ" */
    0x70, 0xb8, 0xe4, 0xc4, 0xc1, 0xc1, 0xa1, 0x13,
    0x8e, 0x87, 0x0,

    /* U+03F1 "ϱ" */
    0xf, 0x4, 0x62, 0xd, 0x83, 0x40, 0xb0, 0x6c,
    0x13, 0x8c, 0xbc, 0x20, 0xf, 0x1, 0xf0, 0x4,
    0x0,

    /* U+03F2 "ϲ" */
    0xf, 0x18, 0x48, 0xc, 0x6, 0x7, 0x3, 0x0,
    0xc0, 0x3e, 0x0,

    /* U+03F3 "ϳ" */
    0x2, 0x2, 0x0, 0x0, 0x1e, 0x6, 0x4, 0xc,
    0xc, 0xc, 0x8, 0x8, 0x18, 0x10, 0x10, 0xb0,
    0xe0,

    /* U+03F4 "ϴ" */
    0x3, 0xc0, 0x61, 0x84, 0xc, 0x40, 0x66, 0x3,
    0xff, 0xff, 0x0, 0xd8, 0xe, 0xc0, 0x66, 0x7,
    0x30, 0x30, 0xc3, 0x3, 0xe0, 0x0,

    /* U+03F5 "ϵ" */
    0xc, 0xc6, 0x18, 0xfb, 0xc, 0x10, 0x70,

    /* U+03F6 "϶" */
    0x60, 0x86, 0x3f, 0x88, 0xc4, 0xc0,

    /* U+03F7 "Ϸ" */
    0xe, 0x0, 0x60, 0xf, 0xc0, 0xc6, 0xc, 0x30,
    0xc3, 0x18, 0x31, 0x86, 0x18, 0xe1, 0xf8, 0x30,
    0x3, 0x0, 0x70, 0x0,

    /* U+03F8 "ϸ" */
    0x1c, 0x9, 0x0, 0xc0, 0x30, 0xc, 0x2, 0xf1,
    0xcc, 0x61, 0x18, 0xc4, 0x33, 0xc, 0xc6, 0x21,
    0xd, 0x86, 0x81, 0x80, 0x40, 0x10, 0x0,

    /* U+03F9 "Ϲ" */
    0x3, 0xc0, 0xc1, 0x18, 0x3, 0x0, 0x60, 0x6,
    0x0, 0xe0, 0xe, 0x0, 0xe0, 0x6, 0x0, 0x60,
    0x23, 0xc, 0x1f, 0x0,

    /* U+03FA "Ϻ" */
    0xc, 0x3, 0x87, 0x3, 0x83, 0x82, 0xc2, 0xc2,
    0xc1, 0x32, 0x60, 0x9a, 0x30, 0x4e, 0x18, 0x43,
    0x18, 0x21, 0xc, 0x10, 0x6, 0x10, 0x6, 0x8,
    0x3, 0xe, 0x3, 0xc0,

    /* U+03FB "ϻ" */
    0xe, 0x78, 0x46, 0x21, 0x18, 0x8c, 0x46, 0x21,
    0x18, 0x8c, 0x42, 0x33, 0x18, 0xcd, 0x60, 0x19,
    0x80, 0x6, 0x0, 0x30, 0x0, 0xc0, 0x0,

    /* U+03FC "ϼ" */
    0x1, 0xe0, 0x63, 0xc, 0x30, 0x83, 0x18, 0x31,
    0x82, 0x28, 0x62, 0x84, 0x25, 0x83, 0x20, 0x3c,
    0xf, 0x0, 0x10, 0x0,

    /* U+03FD "Ͻ" */
    0x7, 0xc1, 0x86, 0x20, 0x30, 0x3, 0x0, 0x30,
    0x3, 0x0, 0x30, 0x3, 0x0, 0x70, 0x6, 0x0,
    0xc4, 0x18, 0x3e, 0x0,

    /* U+03FE "Ͼ" */
    0x3, 0xe0, 0xc1, 0x18, 0x3, 0x0, 0x60, 0x6,
    0x30, 0xe3, 0xe, 0x0, 0xe0, 0x6, 0x0, 0x60,
    0x23, 0x8, 0x1f, 0x0,

    /* U+03FF "Ͽ" */
    0x7, 0xc1, 0x86, 0x20, 0x30, 0x3, 0x0, 0x30,
    0x63, 0x6, 0x30, 0x3, 0x0, 0x70, 0x6, 0x0,
    0xc4, 0x18, 0x3e, 0x0,

    /* U+0400 "Ѐ" */
    0x3, 0x0, 0x18, 0x0, 0x60, 0x0, 0x0, 0x0,
    0x7, 0xfc, 0x30, 0x41, 0x80, 0xc, 0x40, 0xc2,
    0x7, 0xe0, 0x31, 0x1, 0x88, 0x18, 0x0, 0xc0,
    0x6, 0x4, 0x30, 0x67, 0xfe, 0x0,

    /* U+0401 "Ё" */
    0x3, 0x30, 0x19, 0x80, 0x0, 0x0, 0x0, 0xff,
    0x86, 0x8, 0x30, 0x1, 0x88, 0x18, 0x40, 0xfc,
    0x6, 0x20, 0x31, 0x3, 0x0, 0x18, 0x0, 0xc0,
    0x86, 0xc, 0xff, 0xc0,

    /* U+0402 "Ђ" */
    0x7f, 0xf4, 0x62, 0x86, 0x20, 0x40, 0xc, 0x0,
    0xde, 0xe, 0x31, 0x83, 0x18, 0x31, 0x83, 0x18,
    0x33, 0x66, 0x73, 0xc0,

    /* U+0403 "Ѓ" */
    0x0, 0x0, 0x1, 0x80, 0x10, 0x1, 0x0, 0x0,
    0x0, 0x0, 0x3f, 0xc1, 0x82, 0xc, 0x10, 0x60,
    0x6, 0x0, 0x30, 0x1, 0x80, 0x18, 0x0, 0xc0,
    0x6, 0x0, 0x30, 0x3, 0x0, 0x3c, 0x0,

    /* U+0404 "Є" */
    0x3, 0xf8, 0x60, 0x84, 0x4, 0x60, 0x7, 0xc0,
    0x33, 0x23, 0x86, 0x1c, 0x0, 0xe0, 0x3, 0x0,
    0x18, 0x8, 0x61, 0x81, 0xf0, 0x0,

    /* U+0405 "Ѕ" */
    0xf, 0xc4, 0x33, 0x8, 0xc0, 0x18, 0x7, 0x0,
    0xe0, 0x1c, 0x3, 0x20, 0x48, 0x33, 0xc, 0xbc,
    0x0,

    /* U+0406 "І" */
    0xe, 0xc, 0xc, 0xc, 0x18, 0x18, 0x18, 0x18,
    0x30, 0x30, 0x30, 0x30, 0x70,

    /* U+0407 "Ї" */
    0x19, 0x8c, 0xc0, 0x0, 0x0, 0xe0, 0x60, 0x30,
    0x18, 0x18, 0xc, 0x6, 0x3, 0x3, 0x1, 0x80,
    0xc0, 0x60, 0x70, 0x0,

    /* U+0408 "Ј" */
    0x3, 0x80, 0xc0, 0x30, 0xc, 0x3, 0x1, 0x80,
    0x60, 0x18, 0xc, 0x3, 0xc, 0xc3, 0x60, 0x70,
    0x0,

    /* U+0409 "Љ" */
    0x1, 0xff, 0x0, 0x11, 0x80, 0x4, 0x30, 0x0,
    0x86, 0x0, 0x10, 0x80, 0x4, 0x3f, 0x0, 0x86,
    0x38, 0x10, 0xc3, 0x4, 0x30, 0x60, 0x86, 0xc,
    0x20, 0xc3, 0xec, 0x18, 0xee, 0x7, 0xf0,

    /* U+040A "Њ" */
    0x1f, 0x1e, 0x1, 0x81, 0x80, 0x30, 0x60, 0x4,
    0xc, 0x1, 0x81, 0x80, 0x3f, 0xff, 0x6, 0xc,
    0x31, 0x81, 0x87, 0x30, 0x30, 0xe6, 0xe, 0x18,
    0xc1, 0x83, 0x30, 0x30, 0xcf, 0xf, 0xe0,

    /* U+040B "Ћ" */
    0x7f, 0xf2, 0x31, 0x21, 0x88, 0x8, 0x0, 0xc0,
    0x6, 0xf0, 0x38, 0xc3, 0x6, 0x18, 0x30, 0xc1,
    0x86, 0xc, 0x60, 0xc7, 0x8f, 0x0,

    /* U+040C "Ќ" */
    0x0, 0x0, 0x0, 0xc0, 0x6, 0x0, 0x10, 0x0,
    0x0, 0x0, 0x1, 0xe1, 0xc3, 0xf, 0xc, 0x40,
    0x21, 0x1, 0x88, 0x7, 0xc0, 0x19, 0x80, 0xc6,
    0x3, 0x18, 0xc, 0x30, 0x30, 0xc1, 0x83, 0x8f,
    0xe, 0x0,

    /* U+040D "Ѝ" */
    0x0, 0x80, 0x1, 0x80, 0x1, 0x80, 0x1, 0x0,
    0x0, 0x3, 0xc3, 0xc3, 0x3, 0x6, 0xc, 0xc,
    0x38, 0x30, 0xb0, 0x62, 0x60, 0xc9, 0x83, 0x23,
    0x6, 0x86, 0xe, 0xc, 0x18, 0x30, 0x60, 0x61,
    0xe1, 0xc0,

    /* U+040E "Ў" */
    0x0, 0x0, 0x19, 0x0, 0x38, 0x0, 0x0, 0x0,
    0x1, 0xe0, 0xf3, 0x1, 0x6, 0x8, 0x18, 0x20,
    0x61, 0x0, 0xc8, 0x3, 0x20, 0xd, 0x0, 0x18,
    0x0, 0x60, 0x11, 0x0, 0x68, 0x1, 0xc0, 0x0,

    /* U+040F "Џ" */
    0x1f, 0x1e, 0x18, 0x18, 0x30, 0x30, 0x60, 0xc1,
    0x81, 0x83, 0x3, 0x6, 0xc, 0xc, 0x18, 0x30,
    0x30, 0x60, 0x60, 0xc1, 0x83, 0x3, 0x7, 0xff,
    0x0, 0xc0, 0x1, 0x0, 0x2, 0x0, 0x0, 0x0,

    /* U+0410 "А" */
    0x0, 0x80, 0x18, 0x1, 0x80, 0x2c, 0x2, 0xc0,
    0x4c, 0x8, 0xc0, 0x8c, 0x1f, 0xc1, 0x6, 0x20,
    0x66, 0x6, 0x60, 0xf0,

    /* U+0411 "Б" */
    0x1f, 0xf0, 0xc1, 0xc, 0x10, 0xc0, 0x18, 0x1,
    0xf8, 0x18, 0xc3, 0x6, 0x30, 0x63, 0x6, 0x30,
    0xc6, 0x18, 0xfe, 0x0,

    /* U+0412 "В" */
    0xf, 0xe0, 0xc3, 0xc, 0x30, 0xc3, 0x18, 0x61,
    0xf8, 0x18, 0xc1, 0x86, 0x30, 0x63, 0x6, 0x30,
    0xe3, 0xc, 0xff, 0x0,

    /* U+0413 "Г" */
    0xf, 0xf0, 0x60, 0x83, 0x4, 0x18, 0x1, 0x80,
    0xc, 0x0, 0x60, 0x6, 0x0, 0x30, 0x1, 0x80,
    0xc, 0x0, 0xc0, 0xf, 0x0, 0x0,

    /* U+0414 "Д" */
    0x1, 0xff, 0x0, 0x43, 0x0, 0x21, 0x80, 0x11,
    0x80, 0x10, 0xc0, 0x8, 0x60, 0x4, 0x30, 0x4,
    0x30, 0x2, 0x18, 0x2, 0xc, 0x2, 0xe, 0x1,
    0x6, 0x3, 0xff, 0x3, 0x0, 0x61, 0x0, 0x21,
    0x0, 0x10, 0x80, 0x8, 0x0,

    /* U+0415 "Е" */
    0xf, 0xf8, 0x60, 0x83, 0x0, 0x18, 0x81, 0x84,
    0xf, 0xc0, 0x62, 0x3, 0x10, 0x30, 0x1, 0x80,
    0xc, 0x8, 0x60, 0xcf, 0xfc, 0x0,

    /* U+0416 "Ж" */
    0xe, 0x3c, 0x71, 0xe1, 0x8f, 0x1, 0x18, 0x80,
    0x13, 0x10, 0x1, 0x32, 0x0, 0xf, 0xc0, 0x6,
    0x66, 0x0, 0xe6, 0x70, 0xc, 0x63, 0x1, 0x86,
    0x30, 0x38, 0xc3, 0x83, 0xc, 0x18, 0xe1, 0xe1,
    0xc0,

    /* U+0417 "З" */
    0x1f, 0xc6, 0xc, 0x81, 0x80, 0x30, 0xc, 0xe,
    0x0, 0x60, 0x6, 0x0, 0xc0, 0x1a, 0x3, 0x30,
    0xc1, 0xf0,

    /* U+0418 "И" */
    0x1e, 0x1e, 0x18, 0x18, 0x30, 0x60, 0x61, 0xc1,
    0x85, 0x83, 0x13, 0x6, 0x4c, 0x19, 0x18, 0x34,
    0x30, 0x70, 0x60, 0xc1, 0x83, 0x3, 0xf, 0xe,
    0x0,

    /* U+0419 "Й" */
    0x1, 0x88, 0x3, 0x20, 0x3, 0x80, 0x0, 0x1,
    0xe1, 0xe1, 0x81, 0x83, 0x6, 0x6, 0x1c, 0x18,
    0x58, 0x31, 0x30, 0x64, 0xc1, 0x91, 0x83, 0x43,
    0x7, 0x6, 0xc, 0x18, 0x30, 0x30, 0xf0, 0xe0,

    /* U+041A "К" */
    0x1e, 0x1c, 0x30, 0xf0, 0xc4, 0x2, 0x10, 0x18,
    0x80, 0x7c, 0x1, 0x98, 0xc, 0x60, 0x31, 0x80,
    0xc3, 0x3, 0xc, 0x18, 0x38, 0xf0, 0xe0,

    /* U+041B "Л" */
    0x1, 0xfe, 0x0, 0x86, 0x0, 0x8c, 0x1, 0xc,
    0x1, 0xc, 0x1, 0xc, 0x2, 0x18, 0x2, 0x18,
    0x2, 0x18, 0x4, 0x30, 0x44, 0x30, 0xc8, 0x30,
    0x70, 0x78,

    /* U+041C "М" */
    0xe, 0x3, 0x83, 0x81, 0xc0, 0xe0, 0x70, 0x38,
    0x2c, 0x16, 0x16, 0x5, 0x85, 0x81, 0x22, 0x60,
    0x4d, 0x18, 0x23, 0x4c, 0x8, 0xe3, 0x2, 0x30,
    0xc1, 0x8c, 0x70, 0x62, 0x3c, 0x0,

    /* U+041D "Н" */
    0xf, 0x1e, 0xc, 0xc, 0xc, 0xc, 0xc, 0x18,
    0x18, 0x18, 0x1f, 0xf8, 0x18, 0x38, 0x18, 0x30,
    0x30, 0x30, 0x30, 0x30, 0x30, 0x60, 0x30, 0x60,
    0xf0, 0xf0,

    /* U+041E "О" */
    0x3, 0xc0, 0x61, 0x4, 0xc, 0x60, 0x66, 0x3,
    0xf0, 0x1b, 0x0, 0xd8, 0x6, 0xc0, 0x66, 0x3,
    0x30, 0x30, 0xc3, 0x3, 0xe0, 0x0,

    /* U+041F "П" */
    0xf, 0xfe, 0x18, 0x18, 0x30, 0x30, 0x60, 0xc1,
    0x81, 0x83, 0x3, 0x6, 0xc, 0x18, 0x18, 0x30,
    0x30, 0x60, 0x60, 0xc1, 0x83, 0x3, 0xf, 0xf,
    0x0,

    /* U+0420 "Р" */
    0xf, 0xe0, 0xc3, 0xc, 0x30, 0xc3, 0x18, 0x31,
    0x86, 0x1f, 0x81, 0x80, 0x30, 0x3, 0x0, 0x30,
    0x3, 0x0, 0xf0, 0x0,

    /* U+0421 "С" */
    0x7, 0xf1, 0xc3, 0x30, 0x17, 0x1, 0x60, 0xe,
    0x0, 0xc0, 0xc, 0x0, 0xc0, 0xc, 0x0, 0xe0,
    0x47, 0x8, 0x1f, 0x0,

    /* U+0422 "Т" */
    0x7f, 0xf0, 0xc6, 0x38, 0x86, 0x0, 0xc0, 0x18,
    0x6, 0x0, 0xc0, 0x18, 0x3, 0x0, 0xc0, 0x18,
    0x7, 0x80,

    /* U+0423 "У" */
    0x78, 0x3c, 0xc0, 0x41, 0x82, 0x6, 0x8, 0x18,
    0x40, 0x32, 0x0, 0xc8, 0x3, 0x40, 0x6, 0x0,
    0x18, 0x4, 0x40, 0x1a, 0x0, 0x70, 0x0,

    /* U+0424 "Ф" */
    0x1, 0xc0, 0x1f, 0xc3, 0x99, 0x98, 0x63, 0x63,
    0xf, 0xc, 0x3c, 0x30, 0xf0, 0xc6, 0xc6, 0x19,
    0x98, 0xc1, 0xf8, 0x1, 0x80, 0xe, 0x0,

    /* U+0425 "Х" */
    0x1e, 0x38, 0x30, 0x40, 0xc2, 0x1, 0x90, 0x6,
    0x80, 0xc, 0x0, 0x30, 0x1, 0xc0, 0x5, 0x80,
    0x26, 0x1, 0xc, 0x8, 0x30, 0xe1, 0xe0,

    /* U+0426 "Ц" */
    0x1e, 0x1e, 0x18, 0x18, 0x30, 0x30, 0x60, 0xc1,
    0x81, 0x83, 0x3, 0x6, 0xc, 0x8, 0x18, 0x30,
    0x30, 0x60, 0x60, 0xc1, 0x83, 0x3, 0x7, 0xfe,
    0x0, 0x6, 0x0, 0x4, 0x0, 0x8, 0x0, 0x10,

    /* U+0427 "Ч" */
    0x78, 0xf3, 0x6, 0x60, 0xc6, 0xc, 0x60, 0xc6,
    0x1c, 0x3f, 0x80, 0x18, 0x1, 0x80, 0x30, 0x3,
    0x0, 0x30, 0x7, 0x80,

    /* U+0428 "Ш" */
    0x1e, 0x3c, 0x70, 0x60, 0xc3, 0x3, 0xc, 0x18,
    0x18, 0x60, 0xc1, 0x83, 0xc, 0xc, 0x18, 0x60,
    0x61, 0x83, 0x6, 0xc, 0x18, 0x30, 0x61, 0x81,
    0x82, 0xc, 0xc, 0x30, 0x60, 0xc1, 0x83, 0xf,
    0xff, 0xf8, 0x0,

    /* U+0429 "Щ" */
    0x1e, 0x3c, 0x70, 0x60, 0xc3, 0x3, 0x4, 0x18,
    0x18, 0x60, 0xc1, 0x83, 0xe, 0xc, 0x18, 0x60,
    0x61, 0x83, 0x2, 0xc, 0x18, 0x30, 0x61, 0x81,
    0x82, 0xc, 0xc, 0x30, 0x60, 0xc1, 0x83, 0x7,
    0xff, 0xf8, 0x0, 0x0, 0x60, 0x0, 0x1, 0x0,
    0x0, 0x10, 0x0, 0x0, 0x0,

    /* U+042A "Ъ" */
    0xff, 0x8, 0x60, 0x86, 0x0, 0xc0, 0xc, 0x0,
    0xfc, 0x18, 0x61, 0x87, 0x18, 0x71, 0x86, 0x30,
    0x63, 0xc, 0x7f, 0x0,

    /* U+042B "Ы" */
    0xe, 0x1, 0xc1, 0x80, 0x30, 0x30, 0x6, 0x6,
    0x0, 0xc1, 0x80, 0x30, 0x3f, 0x6, 0x6, 0x30,
    0xc1, 0x83, 0x18, 0x30, 0x66, 0x6, 0x1c, 0xc0,
    0xc3, 0x18, 0x30, 0xc6, 0xf, 0xe1, 0xe0,

    /* U+042C "Ь" */
    0xe, 0x1, 0x80, 0x30, 0x6, 0x1, 0x80, 0x3f,
    0x6, 0x31, 0x83, 0x30, 0x66, 0x1c, 0xc3, 0x30,
    0xcf, 0xe0,

    /* U+042D "Э" */
    0x1f, 0xc1, 0x86, 0x20, 0x30, 0x3, 0x0, 0x31,
    0xc3, 0x3, 0xf0, 0x7, 0x0, 0x60, 0x6, 0x80,
    0xc4, 0x18, 0x3e, 0x0,

    /* U+042E "Ю" */
    0x1f, 0x7, 0xc0, 0xc1, 0x86, 0xc, 0x30, 0x30,
    0x86, 0x3, 0x18, 0xe0, 0x31, 0xfc, 0x3, 0x19,
    0xc0, 0x73, 0x1c, 0x6, 0x31, 0x80, 0x63, 0x18,
    0xc, 0x20, 0xc1, 0x86, 0xc, 0x30, 0xf8, 0x3c,
    0x0,

    /* U+042F "Я" */
    0x1, 0xfe, 0xe, 0x18, 0x38, 0x60, 0x60, 0xc0,
    0xc1, 0x80, 0xc6, 0x0, 0x7c, 0x1, 0x98, 0xe,
    0x30, 0x18, 0xc0, 0x61, 0x81, 0x83, 0xe, 0xe,
    0x0,

    /* U+0430 "а" */
    0xe, 0x84, 0x62, 0x19, 0x84, 0x41, 0x30, 0xcc,
    0x73, 0x2a, 0x73, 0x0,

    /* U+0431 "б" */
    0x0, 0x20, 0x38, 0x3e, 0xc, 0x2, 0x0, 0x80,
    0x17, 0x85, 0x8, 0xe1, 0x18, 0x23, 0xc, 0x41,
    0x88, 0x61, 0x8, 0x1e, 0x0,

    /* U+0432 "в" */
    0x1e, 0x45, 0x9e, 0x6f, 0x90, 0xa1, 0x46, 0x78,

    /* U+0433 "г" */
    0x1c, 0xcc, 0x18, 0x63, 0xc, 0x30, 0x64, 0x70,

    /* U+0434 "д" */
    0x18, 0x4, 0x2, 0x3, 0x1, 0x1f, 0x21, 0x61,
    0xc1, 0xc3, 0x82, 0x86, 0x84, 0x78,

    /* U+0435 "е" */
    0xf, 0x11, 0x33, 0x66, 0x78, 0x40, 0xc0, 0x62,
    0x3c,

    /* U+0436 "ж" */
    0x1c, 0x63, 0xd9, 0x99, 0x10, 0x64, 0xc0, 0x19,
    0x20, 0x7, 0xf8, 0x1, 0xb6, 0x0, 0x49, 0x83,
    0x22, 0x62, 0x71, 0x8f, 0x0,

    /* U+0437 "з" */
    0x3e, 0x23, 0x43, 0x2, 0xc, 0x6, 0x6, 0x86,
    0x7c,

    /* U+0438 "и" */
    0xe3, 0x63, 0x42, 0x46, 0xc6, 0xce, 0x94, 0xa5,
    0xc6,

    /* U+0439 "й" */
    0x18, 0x19, 0xe, 0x0, 0xe3, 0x63, 0x42, 0x46,
    0xc6, 0xce, 0x94, 0xa5, 0xc6,

    /* U+043A "к" */
    0x31, 0x99, 0x49, 0x7, 0x6, 0xc3, 0x21, 0x18,
    0x8d, 0xc3, 0x0,

    /* U+043B "л" */
    0x7, 0x82, 0x60, 0x98, 0x46, 0x11, 0x4, 0x42,
    0x32, 0x8a, 0xc3, 0x0,

    /* U+043C "м" */
    0x1c, 0x30, 0xc3, 0x14, 0x71, 0x4a, 0x15, 0x61,
    0x56, 0x26, 0x4a, 0x65, 0xc4, 0x60,

    /* U+043D "н" */
    0x70, 0x98, 0xcc, 0x64, 0x27, 0xf3, 0x19, 0xc,
    0x85, 0xc3, 0x0,

    /* U+043E "о" */
    0xf, 0x8, 0x4c, 0x2c, 0x16, 0x1a, 0xf, 0xc,
    0x84, 0x38, 0x0,

    /* U+043F "п" */
    0x33, 0xba, 0xca, 0x66, 0x26, 0x13, 0x19, 0xc,
    0x85, 0xc3, 0x0,

    /* U+0440 "р" */
    0x1d, 0xe1, 0xcc, 0x30, 0x84, 0x30, 0x86, 0x30,
    0x86, 0x30, 0x84, 0x1b, 0x6, 0x80, 0xc0, 0x10,
    0x7, 0x0,

    /* U+0441 "с" */
    0x1e, 0x45, 0xe, 0x8, 0x10, 0x20, 0x62, 0x78,

    /* U+0442 "т" */
    0x33, 0x18, 0xd6, 0xa3, 0x94, 0x8c, 0x66, 0x63,
    0x19, 0x8c, 0x46, 0x21, 0x10, 0x8f, 0xc6, 0x30,

    /* U+0443 "у" */
    0x71, 0x98, 0xc8, 0x44, 0x66, 0x33, 0x39, 0x28,
    0xac, 0x66, 0x2, 0x1, 0x11, 0xf, 0x0,

    /* U+0444 "ф" */
    0x0, 0x38, 0x1, 0x20, 0x8, 0x0, 0x20, 0xf,
    0xb8, 0xc7, 0x32, 0x18, 0xd8, 0x43, 0x43, 0xf,
    0xc, 0x2c, 0x31, 0x91, 0xcc, 0x7a, 0xe0, 0x18,
    0x0, 0x40, 0x9, 0x0, 0x38, 0x0,

    /* U+0445 "х" */
    0x18, 0xc3, 0x40, 0xe0, 0x10, 0x4, 0x3, 0x81,
    0x60, 0x8a, 0xc3, 0x0,

    /* U+0446 "ц" */
    0xe3, 0x63, 0x42, 0x46, 0xc6, 0xce, 0x94, 0xa5,
    0xc6, 0x2, 0x3, 0x2, 0x0,

    /* U+0447 "ч" */
    0xe3, 0x63, 0x46, 0x4a, 0xd6, 0x66, 0x4, 0x5,
    0x6,

    /* U+0448 "ш" */
    0xe3, 0x1b, 0x18, 0xd0, 0x84, 0x8c, 0x6c, 0x63,
    0x67, 0x3a, 0x52, 0x94, 0xa5, 0xc6, 0x30,

    /* U+0449 "щ" */
    0xe3, 0x1b, 0x18, 0xd0, 0x84, 0x8c, 0x6c, 0x63,
    0x67, 0x3a, 0x52, 0x94, 0xa5, 0xc6, 0x30, 0x0,
    0x80, 0x6, 0x0, 0x20, 0x0, 0x0,

    /* U+044A "ъ" */
    0x7e, 0x42, 0x22, 0x2, 0xf1, 0x99, 0x84, 0xc2,
    0x62, 0x1e, 0x0,

    /* U+044B "ы" */
    0xe0, 0x76, 0x2, 0x40, 0x25, 0xc6, 0xe6, 0x6c,
    0x24, 0xc6, 0x4c, 0x4f, 0x78, 0xe0,

    /* U+044C "ь" */
    0xe0, 0xc1, 0x2, 0xee, 0x78, 0x71, 0xe2, 0x78,

    /* U+044D "э" */
    0x3e, 0x43, 0x43, 0x33, 0xf, 0x3, 0x2, 0x86,
    0x78,

    /* U+044E "ю" */
    0x30, 0xf1, 0x88, 0x4c, 0x82, 0x4c, 0x17, 0xe1,
    0xb2, 0xd, 0x30, 0xc8, 0x84, 0xc3, 0x80,

    /* U+044F "я" */
    0x1f, 0xcc, 0x23, 0x8, 0x66, 0x7, 0x86, 0x43,
    0x10, 0xce, 0xe3, 0x0,

    /* U+0450 "ѐ" */
    0xc, 0x4, 0x2, 0x0, 0xf, 0x11, 0x33, 0x66,
    0x78, 0x40, 0xc0, 0x62, 0x3c,

    /* U+0451 "ё" */
    0x19, 0x8c, 0xc0, 0x0, 0x0, 0xf0, 0x88, 0xcc,
    0xcc, 0x78, 0x20, 0x30, 0xc, 0x43, 0xc0,

    /* U+0452 "ђ" */
    0x70, 0x8, 0x1f, 0x86, 0x2, 0x1, 0x39, 0xa6,
    0xe3, 0x61, 0xb0, 0xb0, 0x58, 0x68, 0x34, 0x10,
    0x18, 0x8, 0xc8, 0x38, 0x0,

    /* U+0453 "ѓ" */
    0x3, 0x6, 0x8, 0x0, 0x1c, 0x66, 0x6, 0xc,
    0x30, 0x60, 0xc0, 0xc8, 0x70,

    /* U+0454 "є" */
    0x1e, 0x62, 0x40, 0xf0, 0x8c, 0x80, 0x80, 0xc4,
    0x78,

    /* U+0455 "ѕ" */
    0x1e, 0x44, 0xc1, 0x81, 0x81, 0xa3, 0x46, 0xf8,

    /* U+0456 "і" */
    0x33, 0x0, 0x26, 0x64, 0x4c, 0xca, 0xc0,

    /* U+0457 "ї" */
    0xcf, 0x30, 0x0, 0x61, 0x86, 0x18, 0x43, 0xd,
    0x38, 0xc0,

    /* U+0458 "ј" */
    0x2, 0x2, 0x0, 0x0, 0x1e, 0x6, 0x4, 0xc,
    0xc, 0xc, 0x8, 0x18, 0x18, 0x10, 0x10, 0xb0,
    0xe0,

    /* U+0459 "љ" */
    0x7, 0x80, 0x26, 0x0, 0x98, 0x4, 0x4e, 0x11,
    0xc8, 0x44, 0x32, 0x30, 0xa8, 0x46, 0xc1, 0xe0,

    /* U+045A "њ" */
    0x70, 0x81, 0x8c, 0xc, 0x60, 0x42, 0x77, 0xfd,
    0xb1, 0x85, 0xc, 0x28, 0x62, 0xc1, 0xe0,

    /* U+045B "ћ" */
    0x38, 0x6, 0x3, 0xf0, 0x40, 0x10, 0xc, 0xe3,
    0x58, 0xe6, 0x31, 0x98, 0x46, 0x31, 0x8c, 0x42,
    0xb0, 0xc0,

    /* U+045C "ќ" */
    0x1, 0x81, 0x81, 0x0, 0x3, 0x19, 0x94, 0x90,
    0x70, 0x6c, 0x32, 0x11, 0x88, 0xdc, 0x30,

    /* U+045D "ѝ" */
    0x10, 0x18, 0x4, 0x0, 0xe3, 0x63, 0x42, 0x46,
    0xc6, 0xce, 0x94, 0xa5, 0xc6,

    /* U+045E "ў" */
    0xc, 0x6, 0x41, 0xc0, 0x7, 0x19, 0x8c, 0x84,
    0x46, 0x63, 0x33, 0x92, 0x8a, 0xc6, 0x60, 0x20,
    0x11, 0x10, 0xf0, 0x0,

    /* U+045F "џ" */
    0xe1, 0x63, 0x63, 0x46, 0xc6, 0xce, 0xd6, 0xa5,
    0xd6, 0x10, 0x10, 0x10, 0x20,

    /* U+0460 "Ѡ" */
    0xf, 0x8f, 0x4, 0x66, 0x63, 0x19, 0x8d, 0x80,
    0x3, 0xe0, 0x0, 0xf0, 0x0, 0x3c, 0x3e, 0xf,
    0x7, 0x6, 0xc1, 0x81, 0xb0, 0x60, 0x6c, 0x18,
    0x31, 0x8a, 0x18, 0x3c, 0x78, 0x0,

    /* U+0461 "ѡ" */
    0x1c, 0xe6, 0xc9, 0x40, 0x1c, 0x23, 0xc6, 0x38,
    0x43, 0x84, 0x68, 0xc4, 0x73, 0x80,

    /* U+0462 "Ѣ" */
    0x7, 0x7, 0xff, 0x46, 0x18, 0x61, 0x4, 0x0,
    0xfc, 0xc, 0x70, 0xc3, 0x18, 0x31, 0x83, 0x18,
    0x71, 0x8e, 0x3f, 0x80,

    /* U+0463 "ѣ" */
    0x33, 0x83, 0xac, 0xa, 0x40, 0x62, 0xe6, 0x39,
    0xb1, 0x85, 0xc, 0x68, 0x62, 0xc1, 0xe0,

    /* U+0464 "Ѥ" */
    0x1e, 0x7, 0xf0, 0xc1, 0x83, 0xc, 0x30, 0x20,
    0x86, 0x0, 0x18, 0xd8, 0x1, 0xfe, 0x60, 0x18,
    0xc3, 0x83, 0x1c, 0x0, 0x30, 0xc0, 0x3, 0xc,
    0x0, 0x30, 0xc0, 0x46, 0x6, 0x8, 0xf8, 0x3f,
    0x0,

    /* U+0465 "ѥ" */
    0x70, 0xf1, 0x98, 0x8c, 0x80, 0x4f, 0x7, 0xc6,
    0x32, 0x1, 0x10, 0x8, 0xc4, 0xc3, 0xc0,

    /* U+0466 "Ѧ" */
    0x0, 0x20, 0x0, 0xc0, 0x3, 0x80, 0xb, 0x0,
    0x13, 0x0, 0x46, 0x1, 0xc, 0x2, 0x18, 0xf,
    0xf8, 0x23, 0x30, 0x4c, 0x61, 0x18, 0xce, 0x71,
    0xe0,

    /* U+0467 "ѧ" */
    0x1, 0x80, 0xe, 0x0, 0xb0, 0x8, 0x80, 0x4c,
    0x5, 0xa0, 0x49, 0x8a, 0x4d, 0x64, 0x30,

    /* U+0468 "Ѩ" */
    0x1e, 0x1, 0x0, 0x60, 0x8, 0x3, 0x0, 0xe0,
    0x18, 0xb, 0x1, 0x80, 0x98, 0xc, 0x4, 0x40,
    0x60, 0x43, 0x7, 0x4, 0x18, 0x3f, 0xff, 0xc1,
    0x82, 0x63, 0xc, 0x23, 0x18, 0xc1, 0x18, 0xcf,
    0x39, 0xc7, 0x0,

    /* U+0469 "ѩ" */
    0x70, 0x70, 0x60, 0x60, 0xc3, 0x41, 0x8, 0x87,
    0xfb, 0x8c, 0x5b, 0x10, 0xa2, 0x2a, 0x45, 0xdc,
    0x8c,

    /* U+046A "Ѫ" */
    0x0, 0xff, 0x0, 0x30, 0x80, 0x4, 0x40, 0x1,
    0xa0, 0x0, 0x68, 0x0, 0x7b, 0x0, 0x77, 0x60,
    0x39, 0x8c, 0xc, 0x63, 0x6, 0x18, 0xc3, 0x8c,
    0x38, 0xc3, 0x6, 0xe1, 0xe1, 0xc0,

    /* U+046B "ѫ" */
    0x3, 0xe0, 0xd, 0x0, 0x14, 0x1, 0xd0, 0xd,
    0xa0, 0x64, 0xc1, 0x13, 0xc, 0xcd, 0xe3, 0x18,

    /* U+046C "Ѭ" */
    0x1e, 0x3, 0xfc, 0xc, 0x3, 0x8, 0xc, 0x3,
    0x10, 0x8, 0x1, 0xa0, 0x18, 0x1, 0xa0, 0x1f,
    0xff, 0xb0, 0x18, 0x19, 0xd8, 0x30, 0x39, 0x9c,
    0x30, 0x31, 0x8c, 0x30, 0x61, 0x8c, 0x30, 0xe3,
    0xc, 0x60, 0xc3, 0x6, 0xf3, 0x87, 0x87,

    /* U+046D "ѭ" */
    0x70, 0x7c, 0x18, 0x34, 0x8, 0xa, 0x7, 0xfd,
    0x6, 0x13, 0x43, 0x19, 0x31, 0x8, 0x98, 0x8c,
    0xcd, 0xdc, 0x63, 0x0,

    /* U+046E "Ѯ" */
    0x6, 0x30, 0x67, 0x2, 0x80, 0x28, 0x3, 0x0,
    0xfc, 0x18, 0x63, 0x6, 0x0, 0x60, 0xc, 0x1f,
    0x1, 0x18, 0x21, 0xc2, 0xc, 0x1, 0xc0, 0x1c,
    0x3, 0x8f, 0xe0, 0x80, 0x8, 0x20, 0x86, 0x7,
    0xc0,

    /* U+046F "ѯ" */
    0x11, 0x87, 0xf, 0x8c, 0x46, 0x30, 0x10, 0xf0,
    0x8c, 0x6, 0x3, 0xf, 0x1e, 0x8, 0x4, 0xc3,
    0xc0,

    /* U+0470 "Ѱ" */
    0xf9, 0xe7, 0x30, 0xc4, 0xd8, 0x62, 0xc, 0x32,
    0x3, 0x39, 0x1, 0x99, 0x0, 0xcc, 0x80, 0x66,
    0x80, 0xff, 0xf0, 0x3, 0x0, 0x1, 0x80, 0x0,
    0xc0, 0x1, 0xf0, 0x0,

    /* U+0471 "ѱ" */
    0x3, 0x80, 0x8, 0x0, 0xc0, 0x6, 0x0, 0x30,
    0x79, 0x8d, 0x88, 0xac, 0xc8, 0x66, 0x43, 0x34,
    0x19, 0xa0, 0xc9, 0x6, 0xd0, 0x3f, 0x80, 0x30,
    0x1, 0x0, 0x8, 0x1, 0xc0, 0x0,

    /* U+0472 "Ѳ" */
    0x3, 0xe0, 0x61, 0x86, 0x6, 0x60, 0x36, 0x1,
    0xb7, 0x1f, 0xcf, 0xf8, 0x6, 0xc0, 0x76, 0x3,
    0x10, 0x30, 0xc3, 0x3, 0xe0, 0x0,

    /* U+0473 "ѳ" */
    0x1e, 0x21, 0x61, 0xc1, 0xfb, 0x8f, 0x86, 0x84,
    0x78,

    /* U+0474 "Ѵ" */
    0xf0, 0x1d, 0x80, 0xf6, 0x4, 0x18, 0x20, 0x60,
    0x80, 0x84, 0x3, 0x20, 0xc, 0x80, 0x34, 0x0,
    0xe0, 0x3, 0x80, 0x4, 0x0, 0x10, 0x0,

    /* U+0475 "ѵ" */
    0xe0, 0x66, 0x3c, 0xc4, 0x19, 0x3, 0x20, 0x28,
    0x6, 0x0, 0xc0, 0x10, 0x0,

    /* U+0476 "Ѷ" */
    0x0, 0x0, 0x64, 0x0, 0xd8, 0x1, 0x20, 0x0,
    0x0, 0x0, 0xf, 0x1, 0xd8, 0xf, 0x60, 0x41,
    0x82, 0x6, 0x8, 0x8, 0x40, 0x32, 0x0, 0xc8,
    0x3, 0x40, 0xe, 0x0, 0x38, 0x0, 0x40, 0x1,
    0x0, 0x0,

    /* U+0477 "ѷ" */
    0x1b, 0x3, 0x20, 0x12, 0x0, 0xe, 0x6, 0x63,
    0xcc, 0x41, 0x90, 0x32, 0x2, 0x80, 0x60, 0xc,
    0x1, 0x0,

    /* U+0478 "Ѹ" */
    0x3, 0xc0, 0x0, 0x63, 0x0, 0x4, 0xc, 0x0,
    0x60, 0x60, 0x6, 0x3, 0x61, 0xb0, 0x19, 0xb,
    0x80, 0xd8, 0xd8, 0xc, 0xc6, 0xc0, 0x64, 0x66,
    0x6, 0x25, 0x10, 0x23, 0x58, 0xc2, 0x1a, 0xc3,
    0xe0, 0xe4, 0x0, 0x0, 0x20, 0x0, 0x2, 0x0,
    0x3, 0x10, 0x0, 0xf, 0x0,

    /* U+0479 "ѹ" */
    0xf, 0x30, 0xc4, 0x64, 0x22, 0x1b, 0x19, 0x86,
    0xc6, 0x41, 0x23, 0x30, 0xc9, 0x4c, 0x26, 0x71,
    0x19, 0xac, 0x28, 0x72, 0x4, 0x0, 0x80, 0x0,
    0x40, 0x3, 0x10, 0x0, 0x78, 0x0,

    /* U+047A "Ѻ" */
    0x0, 0x60, 0x0, 0x60, 0x3, 0xf8, 0xc, 0x4,
    0x30, 0x6, 0x60, 0x3, 0x60, 0x3, 0xc0, 0x3,
    0xc0, 0x3, 0xc0, 0x7, 0xc0, 0x6, 0xc0, 0xc,
    0xc0, 0x1c, 0x62, 0x30, 0x1f, 0xc0, 0x6, 0x0,

    /* U+047B "ѻ" */
    0x2, 0x3, 0xf0, 0x83, 0x20, 0x2c, 0x7, 0x0,
    0xa0, 0x34, 0x6, 0xc1, 0x8f, 0xc0, 0x40, 0x0,

    /* U+047C "Ѽ" */
    0x0, 0x38, 0x0, 0x31, 0x0, 0x1b, 0x60, 0x5,
    0x4c, 0x0, 0x10, 0x0, 0x0, 0x0, 0xf8, 0xf0,
    0x46, 0x66, 0x31, 0x98, 0xd8, 0x0, 0x3e, 0x0,
    0xf, 0x0, 0x3, 0xc3, 0xe0, 0xf0, 0x70, 0x6c,
    0x18, 0x1b, 0x6, 0x6, 0xc1, 0x83, 0x18, 0xa1,
    0x83, 0xc7, 0x80,

    /* U+047D "ѽ" */
    0x3, 0xe0, 0x7d, 0x82, 0x26, 0x0, 0x1, 0xce,
    0x36, 0x5b, 0x0, 0xd8, 0x46, 0xc6, 0x34, 0x21,
    0xa1, 0x19, 0x18, 0x87, 0x38, 0x0,

    /* U+047E "Ѿ" */
    0x3, 0xff, 0x0, 0x8c, 0x40, 0x43, 0x10, 0x10,
    0x84, 0x0, 0x0, 0x3, 0xe3, 0xc1, 0x19, 0x98,
    0xc6, 0x63, 0x60, 0x0, 0xf8, 0x0, 0x3c, 0x0,
    0xf, 0xf, 0x83, 0xc1, 0xc1, 0xb0, 0x60, 0x6c,
    0x18, 0x1b, 0x6, 0xc, 0x62, 0x86, 0xf, 0x1e,
    0x0,

    /* U+047F "ѿ" */
    0x1f, 0xf9, 0xc, 0x48, 0x40, 0x0, 0x1, 0xce,
    0x36, 0x49, 0x0, 0x58, 0x46, 0xc6, 0x34, 0x21,
    0xa1, 0x19, 0x18, 0x87, 0x38, 0x0,

    /* U+0480 "Ҁ" */
    0x1f, 0x8c, 0x36, 0xf, 0x3, 0xc0, 0x30, 0x4,
    0x0, 0xf0, 0xc, 0x6, 0x1, 0x80, 0x60, 0x38,
    0x0,

    /* U+0481 "ҁ" */
    0x1e, 0x22, 0x42, 0xc0, 0x80, 0x80, 0x80, 0xc4,
    0x74, 0x4, 0x8, 0x18, 0x0,

    /* U+0482 "҂" */
    0x4, 0xeb, 0x98, 0xc3, 0xc, 0x0,

    /* U+0483 "҃" */
    0x3, 0xef, 0x20,

    /* U+0484 "҄" */
    0x1c, 0x62, 0x81, 0x1,

    /* U+0485 "҅" */
    0x37, 0x88, 0x60,

    /* U+0486 "҆" */
    0x27, 0x11, 0xe0,

    /* U+0487 "҇" */
    0x7, 0x81, 0xc3, 0xb0, 0xe,

    /* U+0488 "҈" */
    0x0, 0x60, 0x0, 0x0, 0x0, 0x0, 0x0, 0x1,
    0x0, 0x8, 0x0, 0x0, 0x0, 0x0, 0x0, 0x0,
    0x0, 0x0, 0x0, 0x0, 0x0, 0x0, 0x0, 0x0,
    0x0, 0xc0, 0x0, 0x10, 0x0, 0x0, 0x0, 0x0,
    0x0, 0x0, 0x0, 0x0, 0x0, 0x0, 0x0, 0x0,
    0x10, 0x0, 0x80, 0x0, 0x0, 0x0, 0x0, 0x0,
    0x6, 0x0, 0x0, 0x0, 0x0,

    /* U+0489 "҉" */
    0x0, 0x8, 0x0, 0x0, 0x20, 0x0, 0x0, 0x40,
    0x0, 0x40, 0x80, 0x0, 0x80, 0x3, 0x1, 0x80,
    0xc, 0x1, 0x0, 0x0, 0x0, 0x0, 0x0, 0x0,
    0x0, 0x0, 0x0, 0x0, 0x0, 0x0, 0x0, 0x0,
    0x0, 0x0, 0x67, 0x0, 0x0, 0xa0, 0x0, 0x0,
    0x0, 0x0, 0x0, 0x0, 0x0, 0x0, 0x0, 0x0,
    0x0, 0x8, 0x0, 0x0, 0x10, 0x1, 0x80, 0xc0,
    0x1, 0x0, 0x1, 0x0, 0x0, 0x3, 0x0, 0x0,
    0x4, 0x0, 0x0, 0x0, 0x0,

    /* U+048A "Ҋ" */
    0x1, 0x88, 0x3, 0x20, 0x3, 0x80, 0x0, 0x1,
    0xe1, 0xe1, 0x81, 0x83, 0x6, 0x6, 0x1c, 0x18,
    0x58, 0x31, 0x30, 0x64, 0xc1, 0x91, 0x83, 0x43,
    0x7, 0x6, 0xc, 0x18, 0x30, 0x30, 0xf0, 0xe0,
    0x0, 0x20, 0x0, 0x80, 0x2, 0x0,

    /* U+048B "ҋ" */
    0x18, 0xc, 0x83, 0x80, 0xe, 0x13, 0x19, 0x8c,
    0x8c, 0x4a, 0x67, 0x35, 0x94, 0xac, 0x60, 0x20,
    0x20, 0x0,

    /* U+048C "Ҍ" */
    0xe, 0x1, 0x80, 0xfc, 0x6, 0x1, 0x80, 0x3f,
    0x6, 0x31, 0x83, 0x30, 0x66, 0xc, 0xc3, 0x30,
    0xcf, 0xe0,

    /* U+048D "ҍ" */
    0x70, 0x30, 0xf8, 0x2e, 0x73, 0x63, 0x43, 0x62,
    0x3c,

    /* U+048E "Ҏ" */
    0xf, 0xe0, 0xc3, 0xc, 0x30, 0xc3, 0x9, 0xb1,
    0x8e, 0x1f, 0xc1, 0x84, 0x30, 0x3, 0x0, 0x30,
    0x3, 0x0, 0x70, 0x0,

    /* U+048F "ҏ" */
    0x1d, 0xe1, 0xcc, 0x30, 0x86, 0x30, 0x86, 0x32,
    0xc6, 0x70, 0x84, 0x1b, 0xc6, 0x80, 0xc0, 0x10,
    0x7, 0x0,

    /* U+0490 "Ґ" */
    0x0, 0x0, 0x0, 0x40, 0x2, 0x3f, 0xe0, 0xc0,
    0x6, 0x0, 0x30, 0x3, 0x0, 0x18, 0x0, 0xc0,
    0xc, 0x0, 0x60, 0x3, 0x0, 0x18, 0x1, 0x80,
    0x1e, 0x0,

    /* U+0491 "ґ" */
    0x0, 0x0, 0x4f, 0xe6, 0x3, 0x1, 0x1, 0x80,
    0xc0, 0x40, 0x20, 0x30, 0x0,

    /* U+0492 "Ғ" */
    0xf, 0xf0, 0x60, 0x83, 0x0, 0x38, 0x1, 0x80,
    0x3f, 0x80, 0x60, 0x6, 0x0, 0x30, 0x1, 0x80,
    0xc, 0x0, 0xc0, 0xf, 0x0, 0x0,

    /* U+0493 "ғ" */
    0x3f, 0x98, 0x8c, 0x4, 0xf, 0x83, 0x1, 0x0,
    0x80, 0xc0, 0x0,

    /* U+0494 "Ҕ" */
    0xf, 0xf8, 0x60, 0x43, 0x0, 0x18, 0x0, 0xf8,
    0xc, 0x60, 0x61, 0x83, 0x4, 0x10, 0x31, 0x81,
    0x8c, 0xc, 0x60, 0x47, 0x6, 0x0, 0x30, 0x1,
    0x0, 0x18, 0x19, 0x80, 0x30, 0x0,

    /* U+0495 "ҕ" */
    0x3f, 0x98, 0xb, 0x86, 0xc6, 0x33, 0x19, 0xc,
    0x86, 0xc2, 0x3, 0x1, 0xc, 0x87, 0x80,

    /* U+0496 "Җ" */
    0xe, 0x1e, 0x38, 0x78, 0x63, 0xc0, 0x46, 0x20,
    0x2, 0x31, 0x0, 0x9, 0x90, 0x0, 0x7f, 0x0,
    0xc, 0xcc, 0x0, 0xc6, 0x60, 0x6, 0x31, 0x80,
    0x63, 0xc, 0x6, 0x18, 0x60, 0x70, 0xc3, 0x87,
    0xf, 0xc, 0x0, 0x0, 0x18, 0x0, 0x0, 0x80,
    0x0, 0x4, 0x0, 0x0, 0x20,

    /* U+0497 "җ" */
    0x1c, 0x63, 0xd9, 0x99, 0x10, 0x64, 0xc0, 0x19,
    0x20, 0x7, 0xf8, 0x1, 0xb6, 0x0, 0x49, 0x83,
    0x22, 0x62, 0x51, 0x8f, 0x8, 0x0, 0x40, 0x0,
    0x18, 0x0, 0x4, 0x0, 0x0, 0x0,

    /* U+0498 "Ҙ" */
    0x1f, 0xc6, 0xc, 0x81, 0x80, 0x30, 0xc, 0xe,
    0x0, 0x60, 0x6, 0x0, 0xc0, 0x1a, 0x3, 0x20,
    0xc3, 0xf0, 0x8, 0x1, 0x1, 0x20, 0x1c, 0x0,

    /* U+0499 "ҙ" */
    0x3e, 0x43, 0x42, 0x6, 0x1c, 0x6, 0x6, 0x86,
    0x7c, 0x10, 0x10, 0x70,

    /* U+049A "Қ" */
    0x1e, 0x1c, 0x30, 0xf0, 0xc4, 0x2, 0x10, 0x18,
    0x80, 0x7c, 0x1, 0x90, 0x4, 0x60, 0x31, 0x80,
    0xc3, 0x3, 0xc, 0x18, 0x30, 0x60, 0xe0, 0x0,
    0xc0, 0x1, 0x0, 0x4, 0x0, 0x10,

    /* U+049B "қ" */
    0x31, 0x99, 0x49, 0x7, 0x6, 0xc3, 0x21, 0x18,
    0x8d, 0xc3, 0x80, 0x40, 0x20, 0x20, 0x0,

    /* U+049C "Ҝ" */
    0x1e, 0xc, 0x18, 0x3c, 0x30, 0x80, 0x4a, 0x1,
    0xa8, 0x3, 0xe0, 0x6, 0xe0, 0x19, 0x60, 0x34,
    0xc0, 0x61, 0xc0, 0xc1, 0x83, 0x3, 0xf, 0x7,
    0x0,

    /* U+049D "ҝ" */
    0x30, 0xcc, 0x72, 0xa0, 0xf0, 0x76, 0x1d, 0x84,
    0x21, 0xd, 0xc1, 0x80,

    /* U+049E "Ҟ" */
    0x1e, 0x1c, 0x30, 0xf3, 0xe4, 0x2, 0x10, 0x18,
    0x80, 0x7c, 0x1, 0x98, 0xc, 0x60, 0x31, 0x80,
    0xc3, 0x3, 0xc, 0x18, 0x38, 0xf0, 0xe0,

    /* U+049F "ҟ" */
    0x31, 0xbd, 0x49, 0x7, 0x6, 0xc3, 0x21, 0x18,
    0x8d, 0xc3, 0x0,

    /* U+04A0 "Ҡ" */
    0x7f, 0xe, 0x8c, 0x3e, 0x18, 0x80, 0x31, 0x0,
    0x44, 0x1, 0xf0, 0x3, 0x30, 0x6, 0x60, 0x18,
    0x60, 0x30, 0xc0, 0x61, 0x80, 0xc3, 0x83, 0x83,
    0x80,

    /* U+04A1 "ҡ" */
    0x7e, 0x38, 0x6d, 0x84, 0x80, 0x70, 0xd, 0x80,
    0xc8, 0x8, 0xc0, 0x8d, 0x18, 0x60,

    /* U+04A2 "Ң" */
    0x1f, 0x1e, 0x18, 0x18, 0x30, 0x70, 0x40, 0xc1,
    0x81, 0x83, 0xff, 0x6, 0xc, 0x8, 0x18, 0x30,
    0x30, 0x60, 0x60, 0xc1, 0x83, 0x3, 0x6, 0x6,
    0x0, 0x16, 0x0, 0x4, 0x0, 0x8, 0x0, 0x10,

    /* U+04A3 "ң" */
    0x70, 0x98, 0xcc, 0x64, 0x27, 0xf3, 0x19, 0xc,
    0x85, 0xc3, 0x80, 0x40, 0x60, 0x20, 0x0,

    /* U+04A4 "Ҥ" */
    0x1f, 0x1f, 0xf0, 0xc0, 0xc2, 0xc, 0x1c, 0x0,
    0x81, 0x80, 0x18, 0x18, 0x1, 0xff, 0x80, 0x18,
    0x30, 0x3, 0x3, 0x0, 0x30, 0x30, 0x3, 0x3,
    0x0, 0x30, 0x60, 0x6, 0x6, 0x0, 0xf0, 0xf0,
    0x0,

    /* U+04A5 "ҥ" */
    0x70, 0xf9, 0x8c, 0x4c, 0x62, 0x42, 0x7, 0xf0,
    0x31, 0x81, 0xc, 0x8, 0x50, 0xc3, 0x0,

    /* U+04A6 "Ҧ" */
    0xf, 0xfe, 0x1, 0x81, 0x80, 0x30, 0x30, 0x6,
    0xc, 0x0, 0x81, 0xf8, 0x30, 0x31, 0x86, 0x4,
    0x10, 0xc1, 0x83, 0x30, 0x30, 0x66, 0x6, 0xc,
    0xc1, 0x81, 0x98, 0x30, 0x3f, 0xf, 0x6, 0x0,
    0x1, 0x80, 0x0, 0x30, 0x0, 0xc, 0x0, 0x19,
    0x0, 0x1, 0xc0,

    /* U+04A7 "ҧ" */
    0x33, 0x83, 0xac, 0xa, 0x7c, 0x63, 0x36, 0x11,
    0xb1, 0x8d, 0x88, 0x68, 0x53, 0xc3, 0x18, 0x0,
    0x80, 0xc, 0x6, 0x40, 0x3c, 0x0,

    /* U+04A8 "Ҩ" */
    0x1, 0xf8, 0xd, 0x98, 0x66, 0x19, 0xcc, 0x73,
    0x30, 0xec, 0x61, 0x98, 0xc3, 0x73, 0x8e, 0xe3,
    0x19, 0xc6, 0x61, 0x8c, 0x83, 0x8e, 0x41, 0xff,
    0x0,

    /* U+04A9 "ҩ" */
    0x1b, 0x12, 0x52, 0x3b, 0x3d, 0x9c, 0xca, 0x69,
    0xbc, 0x7e, 0x0,

    /* U+04AA "Ҫ" */
    0x3, 0xf8, 0x60, 0xc6, 0x4, 0x60, 0x6, 0x0,
    0x30, 0x3, 0x80, 0x1c, 0x0, 0xe0, 0x7, 0x0,
    0x18, 0x8, 0xe1, 0x81, 0xf0, 0x2, 0x0, 0x10,
    0x5, 0x80, 0x18, 0x0,

    /* U+04AB "ҫ" */
    0x1e, 0x45, 0xe, 0x8, 0x10, 0x20, 0x62, 0x78,
    0x40, 0x87, 0x0,

    /* U+04AC "Ҭ" */
    0x7f, 0xf4, 0x62, 0x86, 0x20, 0x60, 0xc, 0x0,
    0xc0, 0xc, 0x1, 0x80, 0x18, 0x1, 0x80, 0x18,
    0x3, 0x0, 0x30, 0x4, 0xc0, 0x4, 0x0, 0x40,

    /* U+04AD "ҭ" */
    0x33, 0x18, 0xd6, 0xa3, 0x94, 0x8c, 0x66, 0x63,
    0x19, 0x8c, 0x46, 0x21, 0x10, 0x8d, 0xc6, 0x38,
    0x0, 0x20, 0x0, 0x80, 0x2, 0x0, 0x0,

    /* U+04AE "Ү" */
    0x70, 0x66, 0x8, 0xc2, 0x8, 0x81, 0x90, 0x34,
    0x7, 0x0, 0xc0, 0x18, 0x3, 0x0, 0x60, 0x18,
    0x7, 0x80,

    /* U+04AF "ү" */
    0x70, 0x73, 0xb, 0x30, 0x81, 0x10, 0x12, 0x1,
    0xa0, 0x1c, 0x1, 0xc0, 0x18, 0x1, 0x80, 0x10,
    0x1, 0x0, 0x38, 0x0,

    /* U+04B0 "Ұ" */
    0x78, 0x63, 0x4, 0x10, 0xc1, 0x88, 0x19, 0x1,
    0xa0, 0xc, 0xf, 0xf8, 0x18, 0x1, 0x80, 0x18,
    0x1, 0x80, 0x78, 0x0,

    /* U+04B1 "ұ" */
    0x70, 0x73, 0xb, 0x30, 0x81, 0x10, 0x12, 0x1,
    0xa0, 0x1c, 0x1, 0xc0, 0x18, 0x3, 0xc0, 0x10,
    0x1, 0x0, 0x38, 0x0,

    /* U+04B2 "Ҳ" */
    0x1e, 0x38, 0x30, 0xc0, 0xc2, 0x1, 0x90, 0x6,
    0x80, 0x1c, 0x0, 0x30, 0x1, 0xc0, 0x5, 0x80,
    0x26, 0x1, 0x18, 0x8, 0x30, 0xe1, 0xc0, 0x0,
    0xc0, 0x3, 0x0, 0x8, 0x0, 0x20,

    /* U+04B3 "ҳ" */
    0x1c, 0xc3, 0x40, 0xe0, 0x10, 0x4, 0x3, 0x81,
    0x60, 0x8a, 0x63, 0x80, 0x20, 0x8, 0x4, 0x0,
    0x0,

    /* U+04B4 "Ҵ" */
    0x7f, 0xf7, 0xa3, 0x11, 0xa1, 0x88, 0xc0, 0xc0,
    0xc0, 0xc0, 0x60, 0x60, 0x30, 0x30, 0x10, 0x30,
    0x18, 0x18, 0xc, 0xc, 0x6, 0x6, 0x6, 0x6,
    0x3, 0x7, 0x83, 0xc0, 0x3e, 0x20, 0x0, 0x10,
    0x0, 0x8,

    /* U+04B5 "ҵ" */
    0x7e, 0xe4, 0xb9, 0x38, 0xc6, 0x31, 0x89, 0xe2,
    0x51, 0xad, 0x31, 0x80, 0x20, 0x8, 0x2, 0x0,
    0x0,

    /* U+04B6 "Ҷ" */
    0x78, 0xf3, 0x6, 0x60, 0xc6, 0xc, 0x60, 0xc6,
    0x1c, 0x3f, 0x80, 0x18, 0x1, 0x80, 0x38, 0x3,
    0x0, 0x30, 0x3, 0x0, 0x58, 0x0, 0x80, 0x8,
    0x0, 0x80,

    /* U+04B7 "ҷ" */
    0xe3, 0x31, 0x99, 0xc9, 0x44, 0xa3, 0xb0, 0x18,
    0xa, 0x7, 0x0, 0x80, 0xc0, 0x40, 0x0,

    /* U+04B8 "Ҹ" */
    0x78, 0x71, 0x83, 0x18, 0x18, 0xc8, 0xc6, 0x4c,
    0x34, 0x60, 0xff, 0x1, 0x30, 0x9, 0x80, 0x8c,
    0x0, 0x60, 0x6, 0x0, 0x78, 0x0,

    /* U+04B9 "ҹ" */
    0xe1, 0x31, 0x98, 0xca, 0xe5, 0xa3, 0x90, 0x9a,
    0x4e, 0x6, 0x0,

    /* U+04BA "Һ" */
    0xe, 0x0, 0xc0, 0xc, 0x0, 0xc0, 0x18, 0x1,
    0xbc, 0x1c, 0x63, 0x6, 0x30, 0x63, 0x6, 0x30,
    0x66, 0xc, 0xf1, 0xe0,

    /* U+04BB "һ" */
    0x38, 0x6, 0x1, 0x80, 0x60, 0x10, 0xc, 0xe3,
    0x58, 0xe6, 0x31, 0x98, 0x46, 0x31, 0x8c, 0x42,
    0x30, 0xe0,

    /* U+04BC "Ҽ" */
    0x0, 0x3e, 0x0, 0xe3, 0x1, 0xc7, 0x3, 0x86,
    0xe7, 0xc, 0xe7, 0x18, 0x3e, 0x60, 0xd, 0x80,
    0xc, 0x0, 0xc, 0x4, 0xe, 0x8, 0x7, 0x30,
    0x3, 0xc0,

    /* U+04BD "ҽ" */
    0x1, 0xc1, 0x9c, 0xc6, 0x62, 0x3b, 0x7, 0x1,
    0x0, 0x62, 0xf, 0x0,

    /* U+04BE "Ҿ" */
    0x0, 0x1e, 0x0, 0x63, 0x1, 0xc7, 0x3, 0x86,
    0x63, 0xe, 0xe7, 0x1c, 0x46, 0x70, 0x3f, 0x0,
    0xc, 0x0, 0xc, 0x0, 0xc, 0x4, 0xe, 0x8,
    0x7, 0xf0, 0x1, 0x80, 0x0, 0x80, 0x1, 0x0,

    /* U+04BF "ҿ" */
    0x1, 0xc1, 0x9c, 0xc7, 0x22, 0x9b, 0xf, 0x1,
    0x0, 0x60, 0x1f, 0x81, 0x0, 0x40,

    /* U+04C0 "Ӏ" */
    0xe, 0xc, 0xc, 0xc, 0x18, 0x18, 0x18, 0x18,
    0x30, 0x30, 0x30, 0x30, 0x70,

    /* U+04C1 "Ӂ" */
    0x0, 0x30, 0x0, 0x3, 0x20, 0x0, 0x1c, 0x0,
    0x0, 0x0, 0xe, 0x3c, 0x71, 0xe1, 0x8f, 0x1,
    0x18, 0x80, 0x13, 0x10, 0x1, 0x32, 0x0, 0xf,
    0xc0, 0x6, 0x66, 0x0, 0xe6, 0x70, 0xc, 0x63,
    0x1, 0x86, 0x30, 0x38, 0xc3, 0x83, 0xc, 0x18,
    0xe1, 0xe1, 0xc0,

    /* U+04C2 "ӂ" */
    0x0, 0xc4, 0x0, 0x32, 0x0, 0x7, 0x0, 0x0,
    0x0, 0x1c, 0x63, 0xd9, 0x99, 0x10, 0x64, 0xc0,
    0x19, 0x20, 0x7, 0xf8, 0x1, 0xb6, 0x0, 0x49,
    0x83, 0x22, 0x62, 0x71, 0x8f, 0x0,

    /* U+04C3 "Ӄ" */
    0x1e, 0x1c, 0x30, 0xf0, 0xc4, 0x2, 0x10, 0x18,
    0x80, 0x7c, 0x1, 0x98, 0xc, 0x70, 0x30, 0xc0,
    0xc3, 0x3, 0xe, 0x18, 0x30, 0xf0, 0xc0, 0x3,
    0x0, 0x18, 0x0, 0x60, 0x33, 0x0, 0x30, 0x0,

    /* U+04C4 "ӄ" */
    0x31, 0x99, 0x49, 0x7, 0x6, 0xc3, 0x21, 0x18,
    0x8c, 0xc6, 0x3, 0x1, 0xd, 0x7, 0x0,

    /* U+04C5 "Ӆ" */
    0x1, 0xfe, 0x0, 0x86, 0x0, 0x8c, 0x1, 0xc,
    0x1, 0xc, 0x1, 0xc, 0x2, 0x18, 0x2, 0x18,
    0x2, 0x18, 0x4, 0x30, 0x44, 0x30, 0xc8, 0x30,
    0x70, 0x78, 0x0, 0x18, 0x0, 0x10, 0x0, 0x20,

    /* U+04C6 "ӆ" */
    0x3, 0x82, 0x30, 0x88, 0x22, 0x9, 0x84, 0x61,
    0x12, 0x85, 0xe1, 0x80, 0xc0, 0x60, 0x0,

    /* U+04C7 "Ӈ" */
    0x1f, 0x1e, 0x18, 0x18, 0x30, 0x70, 0x40, 0xc1,
    0x81, 0x83, 0xff, 0x6, 0xc, 0x18, 0x18, 0x30,
    0x30, 0x60, 0xe0, 0xc1, 0x83, 0x3, 0xf, 0x6,
    0x0, 0x18, 0x0, 0x30, 0x0, 0xc0, 0x11, 0x0,
    0x1c, 0x0,

    /* U+04C8 "ӈ" */
    0x70, 0x98, 0xcc, 0x64, 0x27, 0xf3, 0x19, 0x8,
    0x84, 0xc6, 0x2, 0x1, 0x9, 0x7, 0x0,

    /* U+04C9 "Ӊ" */
    0x1f, 0x1e, 0x18, 0x18, 0x30, 0x70, 0x40, 0xc1,
    0x81, 0x83, 0xff, 0x6, 0xc, 0x18, 0x18, 0x30,
    0x30, 0x60, 0x60, 0xc1, 0x83, 0x3, 0xf, 0xf,
    0x0, 0x2, 0x0, 0x8, 0x0, 0x10,

    /* U+04CA "ӊ" */
    0x70, 0x98, 0xcc, 0x64, 0x27, 0xf3, 0x19, 0xc,
    0x85, 0xc3, 0x1, 0x1, 0x0, 0x0,

    /* U+04CB "Ӌ" */
    0x78, 0xf3, 0x6, 0x60, 0xc6, 0xc, 0x60, 0xc6,
    0x1c, 0x3f, 0x80, 0x18, 0x1, 0x80, 0x30, 0x3,
    0x0, 0x30, 0xf, 0x0, 0x80, 0x10, 0x1, 0x0,
    0x0, 0x0,

    /* U+04CC "ӌ" */
    0xe3, 0x31, 0x99, 0xc9, 0x44, 0xa3, 0xb0, 0x18,
    0xa, 0xe, 0x4, 0x6, 0x2, 0x0, 0x0,

    /* U+04CD "Ӎ" */
    0x1c, 0x3, 0x86, 0x3, 0x83, 0x82, 0xc2, 0xc1,
    0xc1, 0x61, 0x60, 0xb1, 0x30, 0x58, 0x98, 0x4c,
    0x98, 0x26, 0x8c, 0x11, 0x46, 0x10, 0xc6, 0x8,
    0x43, 0xe, 0x23, 0xc0, 0x0, 0x20, 0x0, 0x20,
    0x0, 0x10,

    /* U+04CE "ӎ" */
    0xe, 0x18, 0x31, 0x81, 0x94, 0x1c, 0xe0, 0xeb,
    0xb, 0x90, 0x5c, 0x94, 0x4f, 0xe2, 0x60, 0x2,
    0x0, 0x30, 0x1, 0x0,

    /* U+04CF "ӏ" */
    0xe, 0xc, 0xc, 0xc, 0x18, 0x18, 0x18, 0x18,
    0x30, 0x30, 0x30, 0x30, 0x70,

    /* U+04D0 "Ӑ" */
    0x6, 0x20, 0x64, 0x3, 0x80, 0x0, 0x0, 0x80,
    0x18, 0x1, 0x80, 0x2c, 0x2, 0xc0, 0x4c, 0x8,
    0xc0, 0x8c, 0x1f, 0xc1, 0x6, 0x20, 0x66, 0x6,
    0x60, 0xf0,

    /* U+04D1 "ӑ" */
    0x8, 0x2, 0x20, 0x70, 0x0, 0xe, 0x84, 0x62,
    0x19, 0x84, 0x41, 0x30, 0xcc, 0x73, 0x2a, 0x73,
    0x0,

    /* U+04D2 "Ӓ" */
    0x6, 0x60, 0x66, 0x0, 0x0, 0x0, 0x0, 0x80,
    0x18, 0x1, 0x80, 0x2c, 0x2, 0xc0, 0x4c, 0x8,
    0xc0, 0x8c, 0x1f, 0xc1, 0x6, 0x20, 0x66, 0x6,
    0x60, 0xf0,

    /* U+04D3 "ӓ" */
    0x8, 0x82, 0x20, 0x0, 0x0, 0xe, 0x84, 0x62,
    0x19, 0x84, 0x41, 0x30, 0xcc, 0x73, 0x2a, 0x73,
    0x0,

    /* U+04D4 "Ӕ" */
    0x0, 0x7f, 0xe0, 0xb, 0x8, 0x1, 0xc0, 0x0,
    0x58, 0x0, 0x13, 0x10, 0x4, 0xfc, 0x1, 0x18,
    0x80, 0x3f, 0x10, 0x8, 0x60, 0x2, 0x18, 0x0,
    0x83, 0x2, 0x30, 0x60, 0xce, 0x1f, 0xf0,

    /* U+04D5 "ӕ" */
    0xf, 0xb0, 0x8e, 0xc8, 0x44, 0xc6, 0x46, 0x3c,
    0x21, 0x3, 0x38, 0x19, 0x64, 0x71, 0xc0,

    /* U+04D6 "Ӗ" */
    0x2, 0x0, 0x11, 0x0, 0x70, 0x0, 0x0, 0xff,
    0x86, 0x8, 0x30, 0x1, 0x88, 0x18, 0x40, 0xfc,
    0x6, 0x20, 0x31, 0x3, 0x0, 0x18, 0x0, 0xc0,
    0x86, 0xc, 0xff, 0xc0,

    /* U+04D7 "ӗ" */
    0xc, 0x43, 0x20, 0x70, 0x0, 0xf, 0x4, 0x43,
    0x31, 0x98, 0x78, 0x10, 0xc, 0x1, 0x88, 0x7c,
    0x0,

    /* U+04D8 "Ә" */
    0x7, 0x83, 0x38, 0x81, 0xa0, 0x30, 0x6, 0x0,
    0xc3, 0xf9, 0x86, 0x61, 0xd8, 0x73, 0xc, 0x63,
    0xf, 0x80,

    /* U+04D9 "ә" */
    0x1e, 0x23, 0x3, 0x3, 0xf, 0x32, 0x46, 0xcc,
    0x70,

    /* U+04DA "Ӛ" */
    0x3, 0x30, 0x33, 0x0, 0x0, 0x0, 0x0, 0x0,
    0x78, 0x19, 0xc2, 0x6, 0x40, 0x60, 0x6, 0x0,
    0x60, 0xfe, 0x30, 0xc6, 0x1c, 0xc3, 0x8c, 0x30,
    0xc6, 0xf, 0x80,

    /* U+04DB "ӛ" */
    0x19, 0x8c, 0xc0, 0x0, 0x1, 0xe1, 0x18, 0xc,
    0x6, 0xf, 0x19, 0x11, 0x99, 0x87, 0x0,

    /* U+04DC "Ӝ" */
    0x0, 0x22, 0x0, 0x2, 0x20, 0x0, 0x0, 0x0,
    0x0, 0x0, 0xe, 0x3c, 0x71, 0xe1, 0x8f, 0x1,
    0x18, 0x80, 0x13, 0x10, 0x1, 0x32, 0x0, 0xf,
    0xc0, 0x6, 0x66, 0x0, 0xe6, 0x70, 0xc, 0x63,
    0x1, 0x86, 0x30, 0x38, 0xc3, 0x83, 0xc, 0x18,
    0xe1, 0xe1, 0xc0,

    /* U+04DD "ӝ" */
    0x0, 0x88, 0x0, 0x22, 0x0, 0x0, 0x0, 0x0,
    0x0, 0x1c, 0x63, 0xd9, 0x99, 0x10, 0x64, 0xc0,
    0x19, 0x20, 0x7, 0xf8, 0x1, 0xb6, 0x0, 0x49,
    0x83, 0x22, 0x62, 0x71, 0x8f, 0x0,

    /* U+04DE "Ӟ" */
    0x6, 0x60, 0xcc, 0x0, 0x0, 0x0, 0x0, 0x3f,
    0x8c, 0x19, 0x3, 0x0, 0x60, 0x18, 0x1c, 0x0,
    0xc0, 0xc, 0x1, 0x80, 0x34, 0x6, 0x61, 0x83,
    0xe0,

    /* U+04DF "ӟ" */
    0x11, 0x8, 0x80, 0x0, 0x3, 0xe1, 0x19, 0xc,
    0x4, 0xc, 0x3, 0x1, 0x90, 0xc7, 0xc0,

    /* U+04E0 "Ӡ" */
    0xf, 0xf1, 0x86, 0x10, 0xc0, 0x18, 0x1, 0x0,
    0x38, 0x3, 0xc0, 0xc, 0x0, 0xc0, 0x18, 0x1,
    0x88, 0x30, 0x7c, 0x0,

    /* U+04E1 "ӡ" */
    0x1f, 0x10, 0x80, 0x80, 0x80, 0x80, 0x70, 0xc,
    0x6, 0x3, 0x1, 0x80, 0x98, 0x8f, 0x80,

    /* U+04E2 "Ӣ" */
    0x1, 0xf8, 0x0, 0x0, 0x0, 0x0, 0xf0, 0xf0,
    0xc0, 0xc1, 0x83, 0x3, 0xe, 0xc, 0x2c, 0x18,
    0x98, 0x32, 0x60, 0xc8, 0xc1, 0xa1, 0x83, 0x83,
    0x6, 0xc, 0x18, 0x18, 0x78, 0x70,

    /* U+04E3 "ӣ" */
    0x3f, 0x80, 0x0, 0x1c, 0x66, 0x32, 0x11, 0x19,
    0x8c, 0xce, 0x4a, 0x29, 0x58, 0xc0,

    /* U+04E4 "Ӥ" */
    0x1, 0x98, 0x3, 0x30, 0x0, 0x0, 0x0, 0x1,
    0xe1, 0xe1, 0x81, 0x83, 0x6, 0x6, 0x1c, 0x18,
    0x58, 0x31, 0x30, 0x64, 0xc1, 0x91, 0x83, 0x43,
    0x7, 0x6, 0xc, 0x18, 0x30, 0x30, 0xf0, 0xe0,

    /* U+04E5 "ӥ" */
    0x11, 0x8, 0x80, 0x0, 0xe, 0x33, 0x19, 0x8,
    0x8c, 0xc6, 0x67, 0x25, 0x14, 0xac, 0x60,

    /* U+04E6 "Ӧ" */
    0x3, 0x30, 0x19, 0x80, 0x0, 0x0, 0x0, 0x0,
    0x1, 0xe0, 0x30, 0x82, 0x6, 0x30, 0x33, 0x1,
    0xf8, 0xd, 0x80, 0x6c, 0x3, 0x60, 0x33, 0x1,
    0x98, 0x18, 0x61, 0x81, 0xf0, 0x0,

    /* U+04E7 "ӧ" */
    0xc, 0xc3, 0x30, 0x0, 0x0, 0xf, 0x4, 0x23,
    0x9, 0x82, 0x61, 0x90, 0x6c, 0x31, 0x8, 0x38,
    0x0,

    /* U+04E8 "Ө" */
    0x3, 0xc0, 0x61, 0x4, 0xc, 0x40, 0x66, 0x3,
    0xff, 0xff, 0x0, 0xd8, 0xe, 0xc0, 0x66, 0x7,
    0x30, 0x30, 0xc3, 0x3, 0xe0, 0x0,

    /* U+04E9 "ө" */
    0x1e, 0x21, 0x61, 0xc1, 0xff, 0x83, 0x86, 0x84,
    0x78,

    /* U+04EA "Ӫ" */
    0x3, 0x30, 0x19, 0x80, 0x0, 0x0, 0x0, 0x0,
    0x1, 0xe0, 0x30, 0x82, 0x6, 0x20, 0x33, 0x1,
    0xff, 0xff, 0x80, 0x6c, 0x7, 0x60, 0x33, 0x3,
    0x98, 0x18, 0x61, 0x81, 0xf0, 0x0,

    /* U+04EB "ӫ" */
    0x19, 0x8c, 0xc0, 0x0, 0x1, 0xe1, 0x9, 0x85,
    0x82, 0xff, 0x41, 0xa1, 0x90, 0x87, 0x80,

    /* U+04EC "Ӭ" */
    0x6, 0x60, 0x66, 0x0, 0x0, 0x0, 0x0, 0x1,
    0xfc, 0x18, 0x62, 0x3, 0x0, 0x30, 0x3, 0x1c,
    0x30, 0x3f, 0x0, 0x70, 0x6, 0x0, 0x68, 0xc,
    0x41, 0x83, 0xe0,

    /* U+04ED "ӭ" */
    0x11, 0x11, 0x0, 0x0, 0x3e, 0x43, 0x43, 0x33,
    0xf, 0x3, 0x2, 0x86, 0x78,

    /* U+04EE "Ӯ" */
    0x7, 0xe0, 0x0, 0x0, 0x0, 0x0, 0x0, 0x78,
    0x3c, 0xc0, 0x41, 0x82, 0x6, 0x8, 0x18, 0x40,
    0x32, 0x0, 0xc8, 0x3, 0x40, 0x6, 0x0, 0x18,
    0x4, 0x40, 0x1a, 0x0, 0x70, 0x0,

    /* U+04EF "ӯ" */
    0x1f, 0x80, 0x0, 0x1, 0xc6, 0x31, 0x88, 0x42,
    0x31, 0x8c, 0x67, 0x12, 0x85, 0x61, 0x98, 0x4,
    0x1, 0x8, 0x83, 0xc0,

    /* U+04F0 "Ӱ" */
    0x6, 0x60, 0x19, 0x80, 0x0, 0x0, 0x0, 0x0,
    0x1, 0xe0, 0xf3, 0x1, 0x6, 0x8, 0x18, 0x20,
    0x61, 0x0, 0xc8, 0x3, 0x20, 0xd, 0x0, 0x18,
    0x0, 0x60, 0x11, 0x0, 0x68, 0x1, 0xc0, 0x0,

    /* U+04F1 "ӱ" */
    0x19, 0x84, 0x40, 0x0, 0x7, 0x19, 0x8c, 0x84,
    0x46, 0x63, 0x33, 0x92, 0x8a, 0xc6, 0x60, 0x20,
    0x11, 0x10, 0xf0, 0x0,

    /* U+04F2 "Ӳ" */
    0x3, 0x60, 0x9, 0x0, 0x48, 0x0, 0x0, 0x0,
    0x1, 0xe0, 0xf3, 0x1, 0x6, 0x8, 0x18, 0x20,
    0x61, 0x0, 0xc8, 0x3, 0x20, 0xd, 0x0, 0x18,
    0x0, 0x60, 0x11, 0x0, 0x68, 0x1, 0xc0, 0x0,

    /* U+04F3 "ӳ" */
    0x4, 0xc1, 0x60, 0x90, 0x0, 0x71, 0x8c, 0x62,
    0x10, 0x8c, 0x63, 0x19, 0xc4, 0xa1, 0x58, 0x66,
    0x1, 0x0, 0x42, 0x20, 0xf0, 0x0,

    /* U+04F4 "Ӵ" */
    0xc, 0xc0, 0xcc, 0x0, 0x0, 0x0, 0x78, 0xf3,
    0x6, 0x60, 0xc6, 0xc, 0x60, 0xc6, 0x1c, 0x3f,
    0x80, 0x18, 0x1, 0x80, 0x30, 0x3, 0x0, 0x30,
    0x7, 0x80,

    /* U+04F5 "ӵ" */
    0x33, 0x33, 0x0, 0x0, 0xe3, 0x63, 0x46, 0x4a,
    0xd6, 0x66, 0x4, 0x5, 0x6,

    /* U+04F6 "Ӷ" */
    0xf, 0xf8, 0x70, 0x43, 0x4, 0x18, 0x0, 0xc0,
    0xc, 0x0, 0x60, 0x3, 0x0, 0x18, 0x1, 0x80,
    0xc, 0x0, 0x60, 0x7, 0x0, 0xc, 0x0, 0x20,
    0x1, 0x0, 0x0, 0x0,

    /* U+04F7 "ӷ" */
    0x3f, 0x98, 0x8c, 0x4, 0x6, 0x3, 0x1, 0x0,
    0x80, 0xc0, 0x20, 0x10, 0x8, 0x8, 0x0,

    /* U+04F8 "Ӹ" */
    0x0, 0xcc, 0x0, 0x8, 0x80, 0x0, 0x0, 0x0,
    0x0, 0x0, 0xe0, 0x1c, 0x18, 0x3, 0x3, 0x0,
    0x60, 0x60, 0xc, 0x18, 0x3, 0x3, 0xf0, 0x60,
    0x63, 0xc, 0x18, 0x31, 0x83, 0x6, 0x60, 0x61,
    0xcc, 0xc, 0x31, 0x83, 0xc, 0x60, 0xfe, 0x1e,
    0x0,

    /* U+04F9 "ӹ" */
    0xc, 0xc0, 0xcc, 0x0, 0x0, 0x0, 0xe0, 0x76,
    0x2, 0x40, 0x25, 0xc6, 0xe6, 0x6c, 0x24, 0xc6,
    0x4c, 0x4f, 0x78, 0xe0,

    /* U+0510 "Ԑ" */
    0xf, 0xcc, 0x13, 0x5, 0xc0, 0x30, 0x7, 0x87,
    0x3, 0x80, 0xc0, 0x30, 0xc, 0x13, 0x88, 0x7c,
    0x0,

    /* U+0511 "ԑ" */
    0x1f, 0x61, 0x61, 0x18, 0x60, 0xc0, 0xc0, 0xc2,
    0x7c,

    /* U+0512 "Ԓ" */
    0x1, 0xfe, 0x0, 0x86, 0x0, 0x8c, 0x1, 0xc,
    0x1, 0xc, 0x1, 0xc, 0x2, 0x18, 0x2, 0x18,
    0x2, 0x18, 0x4, 0x30, 0x44, 0x30, 0xc8, 0x30,
    0x70, 0x30, 0x0, 0x60, 0x0, 0x60, 0x0, 0xc0,
    0x8, 0x80, 0x7, 0x0,

    /* U+0513 "ԓ" */
    0x3, 0x82, 0x30, 0x88, 0x22, 0x9, 0x84, 0x61,
    0x12, 0x8c, 0xe3, 0x0, 0x80, 0x60, 0x90, 0x38,
    0x0,

    /* U+051A "Ԛ" */
    0x3, 0xc0, 0x61, 0x4, 0xc, 0x60, 0x66, 0x3,
    0xf0, 0x1b, 0x0, 0xd8, 0x6, 0xc0, 0x66, 0x3,
    0x30, 0x30, 0x83, 0x3, 0xe0, 0x8, 0x0, 0x80,
    0x8f, 0xec, 0x8f, 0x80,

    /* U+051B "ԛ" */
    0xe, 0x84, 0x63, 0x19, 0x86, 0x61, 0x10, 0xcc,
    0x73, 0x28, 0x72, 0x1, 0x80, 0x60, 0x10, 0xe,
    0x0,

    /* U+051C "Ԝ" */
    0xf3, 0xc7, 0x61, 0x82, 0x61, 0x84, 0x61, 0x84,
    0x63, 0x88, 0x63, 0x88, 0x24, 0x90, 0x24, 0x90,
    0x38, 0xe0, 0x38, 0xe0, 0x30, 0xc0, 0x30, 0xc0,
    0x20, 0x80,

    /* U+051D "ԝ" */
    0xe1, 0x16, 0x31, 0x63, 0x12, 0x72, 0x29, 0x23,
    0x14, 0x31, 0x82, 0x18, 0x21, 0x0,

    /* U+051E "Ԟ" */
    0x1e, 0x1c, 0x30, 0xf0, 0xcc, 0x2, 0x10, 0x18,
    0xa0, 0x7c, 0x1, 0x98, 0xc, 0x60, 0x31, 0x80,
    0xc3, 0x3, 0xc, 0x18, 0x38, 0xf0, 0xe0,

    /* U+051F "ԟ" */
    0x31, 0x9b, 0x49, 0x87, 0x6, 0xc3, 0x21, 0x18,
    0x8d, 0xc3, 0x0
};


/*---------------------
 *  GLYPH DESCRIPTION
 *--------------------*/

static const lv_font_fmt_txt_glyph_dsc_t glyph_dsc[] = {
    {.bitmap_index = 0, .adv_w = 0, .box_w = 0, .box_h = 0, .ofs_x = 0, .ofs_y = 0} /* id = 0 reserved */,
    {.bitmap_index = 0, .adv_w = 80, .box_w = 1, .box_h = 1, .ofs_x = 0, .ofs_y = 0},
    {.bitmap_index = 1, .adv_w = 107, .box_w = 5, .box_h = 13, .ofs_x = 1, .ofs_y = 0},
    {.bitmap_index = 10, .adv_w = 107, .box_w = 5, .box_h = 5, .ofs_x = 3, .ofs_y = 8},
    {.bitmap_index = 14, .adv_w = 160, .box_w = 11, .box_h = 14, .ofs_x = 0, .ofs_y = 0},
    {.bitmap_index = 34, .adv_w = 160, .box_w = 9, .box_h = 17, .ofs_x = 1, .ofs_y = -2},
    {.bitmap_index = 54, .adv_w = 267, .box_w = 14, .box_h = 14, .ofs_x = 2, .ofs_y = 0},
    {.bitmap_index = 79, .adv_w = 249, .box_w = 12, .box_h = 13, .ofs_x = 2, .ofs_y = 0},
    {.bitmap_index = 99, .adv_w = 64, .box_w = 2, .box_h = 5, .ofs_x = 3, .ofs_y = 8},
    {.bitmap_index = 101, .adv_w = 107, .box_w = 5, .box_h = 18, .ofs_x = 1, .ofs_y = -4},
    {.bitmap_index = 113, .adv_w = 107, .box_w = 6, .box_h = 18, .ofs_x = 0, .ofs_y = -4},
    {.bitmap_index = 127, .adv_w = 160, .box_w = 7, .box_h = 9, .ofs_x = 3, .ofs_y = 4},
    {.bitmap_index = 135, .adv_w = 216, .box_w = 10, .box_h = 11, .ofs_x = 2, .ofs_y = 0},
    {.bitmap_index = 149, .adv_w = 80, .box_w = 3, .box_h = 5, .ofs_x = 0, .ofs_y = -3},
    {.bitmap_index = 151, .adv_w = 107, .box_w = 5, .box_h = 1, .ofs_x = 1, .ofs_y = 4},
    {.bitmap_index = 152, .adv_w = 80, .box_w = 2, .box_h = 2, .ofs_x = 1, .ofs_y = 0},
    {.bitmap_index = 153, .adv_w = 95, .box_w = 9, .box_h = 14, .ofs_x = 0, .ofs_y = 0},
    {.bitmap_index = 169, .adv_w = 160, .box_w = 9, .box_h = 14, .ofs_x = 1, .ofs_y = 0},
    {.bitmap_index = 185, .adv_w = 160, .box_w = 7, .box_h = 14, .ofs_x = 1, .ofs_y = 0},
    {.bitmap_index = 198, .adv_w = 160, .box_w = 9, .box_h = 14, .ofs_x = 0, .ofs_y = 0},
    {.bitmap_index = 214, .adv_w = 160, .box_w = 9, .box_h = 14, .ofs_x = 0, .ofs_y = 0},
    {.bitmap_index = 230, .adv_w = 160, .box_w = 10, .box_h = 14, .ofs_x = 0, .ofs_y = 0},
    {.bitmap_index = 248, .adv_w = 160, .box_w = 10, .box_h = 14, .ofs_x = 0, .ofs_y = 0},
    {.bitmap_index = 266, .adv_w = 160, .box_w = 9, .box_h = 14, .ofs_x = 1, .ofs_y = 0},
    {.bitmap_index = 282, .adv_w = 160, .box_w = 10, .box_h = 14, .ofs_x = 1, .ofs_y = 0},
    {.bitmap_index = 300, .adv_w = 160, .box_w = 9, .box_h = 14, .ofs_x = 1, .ofs_y = 0},
    {.bitmap_index = 316, .adv_w = 160, .box_w = 10, .box_h = 14, .ofs_x = 0, .ofs_y = 0},
    {.bitmap_index = 334, .adv_w = 80, .box_w = 4, .box_h = 9, .ofs_x = 1, .ofs_y = 0},
    {.bitmap_index = 339, .adv_w = 80, .box_w = 4, .box_h = 11, .ofs_x = 1, .ofs_y = -2},
    {.bitmap_index = 345, .adv_w = 182, .box_w = 10, .box_h = 11, .ofs_x = 1, .ofs_y = 0},
    {.bitmap_index = 359, .adv_w = 212, .box_w = 10, .box_h = 5, .ofs_x = 2, .ofs_y = 3},
    {.bitmap_index = 366, .adv_w = 182, .box_w = 10, .box_h = 11, .ofs_x = 1, .ofs_y = 0},
    {.bitmap_index = 380, .adv_w = 142, .box_w = 6, .box_h = 13, .ofs_x = 3, .ofs_y = 0},
    {.bitmap_index = 390, .adv_w = 250, .box_w = 14, .box_h = 13, .ofs_x = 1, .ofs_y = 0},
    {.bitmap_index = 413, .adv_w = 208, .box_w = 12, .box_h = 14, .ofs_x = 0, .ofs_y = 0},
    {.bitmap_index = 434, .adv_w = 189, .box_w = 12, .box_h = 13, .ofs_x = 0, .ofs_y = 0},
    {.bitmap_index = 454, .adv_w = 196, .box_w = 12, .box_h = 13, .ofs_x = 1, .ofs_y = 0},
    {.bitmap_index = 474, .adv_w = 225, .box_w = 14, .box_h = 13, .ofs_x = 0, .ofs_y = 0},
    {.bitmap_index = 497, .adv_w = 184, .box_w = 13, .box_h = 13, .ofs_x = 0, .ofs_y = 0},
    {.bitmap_index = 519, .adv_w = 184, .box_w = 13, .box_h = 13, .ofs_x = 0, .ofs_y = 0},
    {.bitmap_index = 541, .adv_w = 221, .box_w = 13, .box_h = 13, .ofs_x = 1, .ofs_y = 0},
    {.bitmap_index = 563, .adv_w = 226, .box_w = 16, .box_h = 13, .ofs_x = 0, .ofs_y = 0},
    {.bitmap_index = 589, .adv_w = 103, .box_w = 8, .box_h = 13, .ofs_x = 0, .ofs_y = 0},
    {.bitmap_index = 602, .adv_w = 137, .box_w = 10, .box_h = 13, .ofs_x = 0, .ofs_y = 0},
    {.bitmap_index = 619, .adv_w = 205, .box_w = 14, .box_h = 13, .ofs_x = 0, .ofs_y = 0},
    {.bitmap_index = 642, .adv_w = 182, .box_w = 11, .box_h = 13, .ofs_x = 0, .ofs_y = 0},
    {.bitmap_index = 660, .adv_w = 263, .box_w = 18, .box_h = 13, .ofs_x = 0, .ofs_y = 0},
    {.bitmap_index = 690, .adv_w = 217, .box_w = 15, .box_h = 13, .ofs_x = 0, .ofs_y = 0},
    {.bitmap_index = 715, .adv_w = 210, .box_w = 13, .box_h = 13, .ofs_x = 1, .ofs_y = 0},
    {.bitmap_index = 737, .adv_w = 181, .box_w = 12, .box_h = 13, .ofs_x = 0, .ofs_y = 0},
    {.bitmap_index = 757, .adv_w = 210, .box_w = 13, .box_h = 17, .ofs_x = 1, .ofs_y = -4},
    {.bitmap_index = 785, .adv_w = 197, .box_w = 12, .box_h = 13, .ofs_x = 0, .ofs_y = 0},
    {.bitmap_index = 805, .adv_w = 145, .box_w = 10, .box_h = 13, .ofs_x = 0, .ofs_y = 0},
    {.bitmap_index = 822, .adv_w = 188, .box_w = 11, .box_h = 13, .ofs_x = 2, .ofs_y = 0},
    {.bitmap_index = 840, .adv_w = 226, .box_w = 14, .box_h = 13, .ofs_x = 2, .ofs_y = 0},
    {.bitmap_index = 863, .adv_w = 212, .box_w = 12, .box_h = 13, .ofs_x = 3, .ofs_y = 0},
    {.bitmap_index = 883, .adv_w = 284, .box_w = 16, .box_h = 13, .ofs_x = 3, .ofs_y = 0},
    {.bitmap_index = 909, .adv_w = 213, .box_w = 14, .box_h = 13, .ofs_x = 0, .ofs_y = 0},
    {.bitmap_index = 932, .adv_w = 190, .box_w = 11, .box_h = 13, .ofs_x = 2, .ofs_y = 0},
    {.bitmap_index = 950, .adv_w = 180, .box_w = 12, .box_h = 13, .ofs_x = 0, .ofs_y = 0},
    {.bitmap_index = 970, .adv_w = 124, .box_w = 8, .box_h = 17, .ofs_x = 0, .ofs_y = -3},
    {.bitmap_index = 987, .adv_w = 157, .box_w = 7, .box_h = 14, .ofs_x = 2, .ofs_y = 0},
    {.bitmap_index = 1000, .adv_w = 124, .box_w = 8, .box_h = 17, .ofs_x = 0, .ofs_y = -3},
    {.bitmap_index = 1017, .adv_w = 135, .box_w = 8, .box_h = 8, .ofs_x = 0, .ofs_y = 6},
    {.bitmap_index = 1025, .adv_w = 160, .box_w = 10, .box_h = 1, .ofs_x = 0, .ofs_y = -2},
    {.bitmap_index = 1027, .adv_w = 80, .box_w = 3, .box_h = 4, .ofs_x = 3, .ofs_y = 10},
    {.bitmap_index = 1029, .adv_w = 159, .box_w = 10, .box_h = 9, .ofs_x = 0, .ofs_y = 0},
    {.bitmap_index = 1041, .adv_w = 152, .box_w = 10, .box_h = 14, .ofs_x = 0, .ofs_y = 0},
    {.bitmap_index = 1059, .adv_w = 129, .box_w = 8, .box_h = 9, .ofs_x = 0, .ofs_y = 0},
    {.bitmap_index = 1068, .adv_w = 160, .box_w = 11, .box_h = 14, .ofs_x = 0, .ofs_y = 0},
    {.bitmap_index = 1088, .adv_w = 130, .box_w = 8, .box_h = 9, .ofs_x = 0, .ofs_y = 0},
    {.bitmap_index = 1097, .adv_w = 136, .box_w = 12, .box_h = 18, .ofs_x = -2, .ofs_y = -4},
    {.bitmap_index = 1124, .adv_w = 141, .box_w = 9, .box_h = 13, .ofs_x = 0, .ofs_y = -4},
    {.bitmap_index = 1139, .adv_w = 160, .box_w = 10, .box_h = 14, .ofs_x = 0, .ofs_y = 0},
    {.bitmap_index = 1157, .adv_w = 79, .box_w = 4, .box_h = 13, .ofs_x = 1, .ofs_y = 0},
    {.bitmap_index = 1164, .adv_w = 91, .box_w = 8, .box_h = 17, .ofs_x = -1, .ofs_y = -4},
    {.bitmap_index = 1181, .adv_w = 145, .box_w = 9, .box_h = 14, .ofs_x = 0, .ofs_y = 0},
    {.bitmap_index = 1197, .adv_w = 80, .box_w = 4, .box_h = 14, .ofs_x = 1, .ofs_y = 0},
    {.bitmap_index = 1204, .adv_w = 232, .box_w = 14, .box_h = 9, .ofs_x = 0, .ofs_y = 0},
    {.bitmap_index = 1220, .adv_w = 158, .box_w = 9, .box_h = 9, .ofs_x = 0, .ofs_y = 0},
    {.bitmap_index = 1231, .adv_w = 151, .box_w = 9, .box_h = 9, .ofs_x = 0, .ofs_y = 0},
    {.bitmap_index = 1242, .adv_w = 150, .box_w = 11, .box_h = 13, .ofs_x = -2, .ofs_y = -4},
    {.bitmap_index = 1260, .adv_w = 155, .box_w = 10, .box_h = 13, .ofs_x = 0, .ofs_y = -4},
    {.bitmap_index = 1277, .adv_w = 117, .box_w = 8, .box_h = 9, .ofs_x = 0, .ofs_y = 0},
    {.bitmap_index = 1286, .adv_w = 110, .box_w = 7, .box_h = 9, .ofs_x = 0, .ofs_y = 0},
    {.bitmap_index = 1294, .adv_w = 76, .box_w = 5, .box_h = 12, .ofs_x = 1, .ofs_y = 0},
    {.bitmap_index = 1302, .adv_w = 155, .box_w = 8, .box_h = 9, .ofs_x = 1, .ofs_y = 0},
    {.bitmap_index = 1311, .adv_w = 146, .box_w = 8, .box_h = 9, .ofs_x = 1, .ofs_y = 0},
    {.bitmap_index = 1320, .adv_w = 219, .box_w = 13, .box_h = 9, .ofs_x = 1, .ofs_y = 0},
    {.bitmap_index = 1335, .adv_w = 139, .box_w = 10, .box_h = 9, .ofs_x = -1, .ofs_y = 0},
    {.bitmap_index = 1347, .adv_w = 148, .box_w = 9, .box_h = 13, .ofs_x = 0, .ofs_y = -4},
    {.bitmap_index = 1362, .adv_w = 124, .box_w = 8, .box_h = 11, .ofs_x = 0, .ofs_y = -2},
    {.bitmap_index = 1373, .adv_w = 128, .box_w = 7, .box_h = 18, .ofs_x = 1, .ofs_y = -4},
    {.bitmap_index = 1389, .adv_w = 88, .box_w = 1, .box_h = 14, .ofs_x = 2, .ofs_y = 0},
    {.bitmap_index = 1391, .adv_w = 128, .box_w = 7, .box_h = 18, .ofs_x = 0, .ofs_y = -4},
    {.bitmap_index = 1407, .adv_w = 173, .box_w = 9, .box_h = 2, .ofs_x = 1, .ofs_y = 4},
    {.bitmap_index = 1410, .adv_w = 80, .box_w = 1, .box_h = 1, .ofs_x = 0, .ofs_y = 0},
    {.bitmap_index = 1411, .adv_w = 107, .box_w = 5, .box_h = 14, .ofs_x = 1, .ofs_y = -4},
    {.bitmap_index = 1420, .adv_w = 160, .box_w = 7, .box_h = 15, .ofs_x = 2, .ofs_y = -3},
    {.bitmap_index = 1434, .adv_w = 160, .box_w = 10, .box_h = 14, .ofs_x = 0, .ofs_y = 0},
    {.bitmap_index = 1452, .adv_w = 160, .box_w = 10, .box_h = 10, .ofs_x = 0, .ofs_y = 1},
    {.bitmap_index = 1465, .adv_w = 160, .box_w = 11, .box_h = 13, .ofs_x = 1, .ofs_y = 0},
    {.bitmap_index = 1483, .adv_w = 88, .box_w = 1, .box_h = 14, .ofs_x = 2, .ofs_y = 0},
    {.bitmap_index = 1485, .adv_w = 160, .box_w = 8, .box_h = 17, .ofs_x = 1, .ofs_y = -4},
    {.bitmap_index = 1502, .adv_w = 107, .box_w = 6, .box_h = 2, .ofs_x = 2, .ofs_y = 10},
    {.bitmap_index = 1504, .adv_w = 243, .box_w = 14, .box_h = 15, .ofs_x = 1, .ofs_y = 0},
    {.bitmap_index = 1531, .adv_w = 88, .box_w = 6, .box_h = 8, .ofs_x = 1, .ofs_y = 6},
    {.bitmap_index = 1537, .adv_w = 142, .box_w = 8, .box_h = 7, .ofs_x = 1, .ofs_y = 1},
    {.bitmap_index = 1544, .adv_w = 216, .box_w = 10, .box_h = 6, .ofs_x = 2, .ofs_y = 2},
    {.bitmap_index = 1552, .adv_w = 107, .box_w = 5, .box_h = 1, .ofs_x = 1, .ofs_y = 4},
    {.bitmap_index = 1553, .adv_w = 243, .box_w = 14, .box_h = 15, .ofs_x = 1, .ofs_y = 0},
    {.bitmap_index = 1580, .adv_w = 107, .box_w = 6, .box_h = 1, .ofs_x = 2, .ofs_y = 11},
    {.bitmap_index = 1581, .adv_w = 128, .box_w = 6, .box_h = 6, .ofs_x = 2, .ofs_y = 8},
    {.bitmap_index = 1586, .adv_w = 216, .box_w = 10, .box_h = 12, .ofs_x = 2, .ofs_y = 0},
    {.bitmap_index = 1601, .adv_w = 96, .box_w = 6, .box_h = 9, .ofs_x = 3, .ofs_y = 8},
    {.bitmap_index = 1608, .adv_w = 96, .box_w = 6, .box_h = 9, .ofs_x = 3, .ofs_y = 8},
    {.bitmap_index = 1615, .adv_w = 80, .box_w = 4, .box_h = 4, .ofs_x = 2, .ofs_y = 10},
    {.bitmap_index = 1617, .adv_w = 160, .box_w = 11, .box_h = 13, .ofs_x = -1, .ofs_y = -4},
    {.bitmap_index = 1635, .adv_w = 167, .box_w = 11, .box_h = 16, .ofs_x = 1, .ofs_y = -3},
    {.bitmap_index = 1657, .adv_w = 80, .box_w = 2, .box_h = 2, .ofs_x = 3, .ofs_y = 4},
    {.bitmap_index = 1658, .adv_w = 80, .box_w = 5, .box_h = 5, .ofs_x = -1, .ofs_y = -5},
    {.bitmap_index = 1662, .adv_w = 80, .box_w = 5, .box_h = 9, .ofs_x = 3, .ofs_y = 8},
    {.bitmap_index = 1668, .adv_w = 99, .box_w = 6, .box_h = 8, .ofs_x = 1, .ofs_y = 6},
    {.bitmap_index = 1674, .adv_w = 142, .box_w = 8, .box_h = 7, .ofs_x = 0, .ofs_y = 1},
    {.bitmap_index = 1681, .adv_w = 240, .box_w = 14, .box_h = 14, .ofs_x = 2, .ofs_y = 0},
    {.bitmap_index = 1706, .adv_w = 237, .box_w = 14, .box_h = 14, .ofs_x = 2, .ofs_y = 0},
    {.bitmap_index = 1731, .adv_w = 240, .box_w = 14, .box_h = 14, .ofs_x = 2, .ofs_y = 0},
    {.bitmap_index = 1756, .adv_w = 160, .box_w = 6, .box_h = 14, .ofs_x = 1, .ofs_y = -4},
    {.bitmap_index = 1767, .adv_w = 208, .box_w = 12, .box_h = 18, .ofs_x = 0, .ofs_y = 0},
    {.bitmap_index = 1794, .adv_w = 208, .box_w = 12, .box_h = 18, .ofs_x = 0, .ofs_y = 0},
    {.bitmap_index = 1821, .adv_w = 208, .box_w = 12, .box_h = 18, .ofs_x = 0, .ofs_y = 0},
    {.bitmap_index = 1848, .adv_w = 208, .box_w = 12, .box_h = 17, .ofs_x = 0, .ofs_y = 0},
    {.bitmap_index = 1874, .adv_w = 208, .box_w = 12, .box_h = 16, .ofs_x = 0, .ofs_y = 0},
    {.bitmap_index = 1898, .adv_w = 208, .box_w = 12, .box_h = 19, .ofs_x = 0, .ofs_y = 0},
    {.bitmap_index = 1927, .adv_w = 281, .box_w = 19, .box_h = 13, .ofs_x = 0, .ofs_y = 0},
    {.bitmap_index = 1958, .adv_w = 196, .box_w = 12, .box_h = 17, .ofs_x = 1, .ofs_y = -4},
    {.bitmap_index = 1984, .adv_w = 196, .box_w = 13, .box_h = 18, .ofs_x = 0, .ofs_y = 0},
    {.bitmap_index = 2014, .adv_w = 196, .box_w = 13, .box_h = 18, .ofs_x = 0, .ofs_y = 0},
    {.bitmap_index = 2044, .adv_w = 196, .box_w = 13, .box_h = 18, .ofs_x = 0, .ofs_y = 0},
    {.bitmap_index = 2074, .adv_w = 196, .box_w = 13, .box_h = 16, .ofs_x = 0, .ofs_y = 0},
    {.bitmap_index = 2100, .adv_w = 103, .box_w = 8, .box_h = 18, .ofs_x = 0, .ofs_y = 0},
    {.bitmap_index = 2118, .adv_w = 103, .box_w = 8, .box_h = 18, .ofs_x = 0, .ofs_y = 0},
    {.bitmap_index = 2136, .adv_w = 103, .box_w = 9, .box_h = 18, .ofs_x = 0, .ofs_y = 0},
    {.bitmap_index = 2157, .adv_w = 103, .box_w = 9, .box_h = 17, .ofs_x = 0, .ofs_y = 0},
    {.bitmap_index = 2177, .adv_w = 225, .box_w = 14, .box_h = 13, .ofs_x = 0, .ofs_y = 0},
    {.bitmap_index = 2200, .adv_w = 217, .box_w = 15, .box_h = 18, .ofs_x = 0, .ofs_y = 0},
    {.bitmap_index = 2234, .adv_w = 210, .box_w = 13, .box_h = 19, .ofs_x = 1, .ofs_y = 0},
    {.bitmap_index = 2265, .adv_w = 210, .box_w = 13, .box_h = 19, .ofs_x = 1, .ofs_y = 0},
    {.bitmap_index = 2296, .adv_w = 210, .box_w = 13, .box_h = 18, .ofs_x = 1, .ofs_y = 0},
    {.bitmap_index = 2326, .adv_w = 210, .box_w = 13, .box_h = 17, .ofs_x = 1, .ofs_y = 0},
    {.bitmap_index = 2354, .adv_w = 210, .box_w = 13, .box_h = 17, .ofs_x = 1, .ofs_y = 0},
    {.bitmap_index = 2382, .adv_w = 216, .box_w = 10, .box_h = 10, .ofs_x = 2, .ofs_y = 0},
    {.bitmap_index = 2395, .adv_w = 210, .box_w = 13, .box_h = 17, .ofs_x = 1, .ofs_y = -2},
    {.bitmap_index = 2423, .adv_w = 226, .box_w = 14, .box_h = 19, .ofs_x = 2, .ofs_y = 0},
    {.bitmap_index = 2457, .adv_w = 226, .box_w = 14, .box_h = 19, .ofs_x = 2, .ofs_y = 0},
    {.bitmap_index = 2491, .adv_w = 226, .box_w = 14, .box_h = 18, .ofs_x = 2, .ofs_y = 0},
    {.bitmap_index = 2523, .adv_w = 226, .box_w = 14, .box_h = 17, .ofs_x = 2, .ofs_y = 0},
    {.bitmap_index = 2553, .adv_w = 190, .box_w = 11, .box_h = 18, .ofs_x = 2, .ofs_y = 0},
    {.bitmap_index = 2578, .adv_w = 172, .box_w = 12, .box_h = 13, .ofs_x = -1, .ofs_y = 0},
    {.bitmap_index = 2598, .adv_w = 182, .box_w = 14, .box_h = 18, .ofs_x = -2, .ofs_y = -4},
    {.bitmap_index = 2630, .adv_w = 159, .box_w = 10, .box_h = 13, .ofs_x = 0, .ofs_y = 0},
    {.bitmap_index = 2647, .adv_w = 159, .box_w = 10, .box_h = 13, .ofs_x = 0, .ofs_y = 0},
    {.bitmap_index = 2664, .adv_w = 159, .box_w = 10, .box_h = 14, .ofs_x = 0, .ofs_y = 0},
    {.bitmap_index = 2682, .adv_w = 159, .box_w = 10, .box_h = 13, .ofs_x = 0, .ofs_y = 0},
    {.bitmap_index = 2699, .adv_w = 159, .box_w = 10, .box_h = 12, .ofs_x = 0, .ofs_y = 0},
    {.bitmap_index = 2714, .adv_w = 159, .box_w = 10, .box_h = 15, .ofs_x = 0, .ofs_y = 0},
    {.bitmap_index = 2733, .adv_w = 203, .box_w = 13, .box_h = 9, .ofs_x = 0, .ofs_y = 0},
    {.bitmap_index = 2748, .adv_w = 129, .box_w = 8, .box_h = 13, .ofs_x = 0, .ofs_y = -4},
    {.bitmap_index = 2761, .adv_w = 130, .box_w = 8, .box_h = 13, .ofs_x = 0, .ofs_y = 0},
    {.bitmap_index = 2774, .adv_w = 130, .box_w = 9, .box_h = 13, .ofs_x = 0, .ofs_y = 0},
    {.bitmap_index = 2789, .adv_w = 130, .box_w = 9, .box_h = 14, .ofs_x = 0, .ofs_y = 0},
    {.bitmap_index = 2805, .adv_w = 130, .box_w = 9, .box_h = 13, .ofs_x = 0, .ofs_y = 0},
    {.bitmap_index = 2820, .adv_w = 89, .box_w = 5, .box_h = 13, .ofs_x = 1, .ofs_y = 0},
    {.bitmap_index = 2829, .adv_w = 89, .box_w = 5, .box_h = 13, .ofs_x = 1, .ofs_y = 0},
    {.bitmap_index = 2838, .adv_w = 89, .box_w = 6, .box_h = 14, .ofs_x = 1, .ofs_y = 0},
    {.bitmap_index = 2849, .adv_w = 89, .box_w = 6, .box_h = 13, .ofs_x = 1, .ofs_y = 0},
    {.bitmap_index = 2859, .adv_w = 146, .box_w = 10, .box_h = 14, .ofs_x = 0, .ofs_y = 0},
    {.bitmap_index = 2877, .adv_w = 158, .box_w = 10, .box_h = 13, .ofs_x = 0, .ofs_y = 0},
    {.bitmap_index = 2894, .adv_w = 151, .box_w = 9, .box_h = 13, .ofs_x = 0, .ofs_y = 0},
    {.bitmap_index = 2909, .adv_w = 151, .box_w = 9, .box_h = 13, .ofs_x = 0, .ofs_y = 0},
    {.bitmap_index = 2924, .adv_w = 151, .box_w = 10, .box_h = 14, .ofs_x = 0, .ofs_y = 0},
    {.bitmap_index = 2942, .adv_w = 151, .box_w = 11, .box_h = 13, .ofs_x = 0, .ofs_y = 0},
    {.bitmap_index = 2960, .adv_w = 151, .box_w = 10, .box_h = 12, .ofs_x = 0, .ofs_y = 0},
    {.bitmap_index = 2975, .adv_w = 216, .box_w = 10, .box_h = 11, .ofs_x = 2, .ofs_y = 0},
    {.bitmap_index = 2989, .adv_w = 152, .box_w = 9, .box_h = 15, .ofs_x = 0, .ofs_y = -3},
    {.bitmap_index = 3006, .adv_w = 155, .box_w = 8, .box_h = 13, .ofs_x = 1, .ofs_y = 0},
    {.bitmap_index = 3019, .adv_w = 155, .box_w = 8, .box_h = 13, .ofs_x = 1, .ofs_y = 0},
    {.bitmap_index = 3032, .adv_w = 155, .box_w = 8, .box_h = 14, .ofs_x = 1, .ofs_y = 0},
    {.bitmap_index = 3046, .adv_w = 155, .box_w = 9, .box_h = 12, .ofs_x = 1, .ofs_y = 0},
    {.bitmap_index = 3060, .adv_w = 148, .box_w = 9, .box_h = 17, .ofs_x = 0, .ofs_y = -4},
    {.bitmap_index = 3080, .adv_w = 151, .box_w = 11, .box_h = 18, .ofs_x = -2, .ofs_y = -4},
    {.bitmap_index = 3105, .adv_w = 148, .box_w = 9, .box_h = 16, .ofs_x = 0, .ofs_y = -4},
    {.bitmap_index = 3123, .adv_w = 208, .box_w = 12, .box_h = 16, .ofs_x = 0, .ofs_y = 0},
    {.bitmap_index = 3147, .adv_w = 159, .box_w = 10, .box_h = 12, .ofs_x = 0, .ofs_y = 0},
    {.bitmap_index = 3162, .adv_w = 208, .box_w = 12, .box_h = 18, .ofs_x = 0, .ofs_y = 0},
    {.bitmap_index = 3189, .adv_w = 159, .box_w = 10, .box_h = 14, .ofs_x = 0, .ofs_y = 0},
    {.bitmap_index = 3207, .adv_w = 196, .box_w = 15, .box_h = 17, .ofs_x = -1, .ofs_y = -3},
    {.bitmap_index = 3239, .adv_w = 160, .box_w = 10, .box_h = 12, .ofs_x = 0, .ofs_y = -3},
    {.bitmap_index = 3254, .adv_w = 196, .box_w = 12, .box_h = 19, .ofs_x = 1, .ofs_y = 0},
    {.bitmap_index = 3283, .adv_w = 129, .box_w = 9, .box_h = 13, .ofs_x = 0, .ofs_y = 0},
    {.bitmap_index = 3298, .adv_w = 196, .box_w = 12, .box_h = 18, .ofs_x = 1, .ofs_y = 0},
    {.bitmap_index = 3325, .adv_w = 129, .box_w = 10, .box_h = 14, .ofs_x = 0, .ofs_y = 0},
    {.bitmap_index = 3343, .adv_w = 196, .box_w = 12, .box_h = 17, .ofs_x = 1, .ofs_y = 0},
    {.bitmap_index = 3369, .adv_w = 129, .box_w = 8, .box_h = 12, .ofs_x = 0, .ofs_y = 0},
    {.bitmap_index = 3381, .adv_w = 196, .box_w = 12, .box_h = 19, .ofs_x = 1, .ofs_y = 0},
    {.bitmap_index = 3410, .adv_w = 129, .box_w = 10, .box_h = 14, .ofs_x = 0, .ofs_y = 0},
    {.bitmap_index = 3428, .adv_w = 225, .box_w = 14, .box_h = 18, .ofs_x = 0, .ofs_y = 0},
    {.bitmap_index = 3460, .adv_w = 200, .box_w = 14, .box_h = 13, .ofs_x = 0, .ofs_y = 0},
    {.bitmap_index = 3483, .adv_w = 225, .box_w = 14, .box_h = 13, .ofs_x = 0, .ofs_y = 0},
    {.bitmap_index = 3506, .adv_w = 160, .box_w = 11, .box_h = 14, .ofs_x = 0, .ofs_y = 0},
    {.bitmap_index = 3526, .adv_w = 196, .box_w = 13, .box_h = 16, .ofs_x = 0, .ofs_y = 0},
    {.bitmap_index = 3552, .adv_w = 130, .box_w = 9, .box_h = 12, .ofs_x = 0, .ofs_y = 0},
    {.bitmap_index = 3566, .adv_w = 196, .box_w = 13, .box_h = 18, .ofs_x = 0, .ofs_y = 0},
    {.bitmap_index = 3596, .adv_w = 130, .box_w = 10, .box_h = 14, .ofs_x = 0, .ofs_y = 0},
    {.bitmap_index = 3614, .adv_w = 196, .box_w = 13, .box_h = 16, .ofs_x = 0, .ofs_y = 0},
    {.bitmap_index = 3640, .adv_w = 130, .box_w = 8, .box_h = 13, .ofs_x = 0, .ofs_y = 0},
    {.bitmap_index = 3653, .adv_w = 196, .box_w = 13, .box_h = 16, .ofs_x = 0, .ofs_y = -3},
    {.bitmap_index = 3679, .adv_w = 130, .box_w = 9, .box_h = 12, .ofs_x = 0, .ofs_y = -3},
    {.bitmap_index = 3693, .adv_w = 196, .box_w = 13, .box_h = 18, .ofs_x = 0, .ofs_y = 0},
    {.bitmap_index = 3723, .adv_w = 130, .box_w = 10, .box_h = 14, .ofs_x = 0, .ofs_y = 0},
    {.bitmap_index = 3741, .adv_w = 221, .box_w = 13, .box_h = 18, .ofs_x = 1, .ofs_y = 0},
    {.bitmap_index = 3771, .adv_w = 141, .box_w = 9, .box_h = 18, .ofs_x = 0, .ofs_y = -4},
    {.bitmap_index = 3792, .adv_w = 221, .box_w = 13, .box_h = 19, .ofs_x = 1, .ofs_y = 0},
    {.bitmap_index = 3823, .adv_w = 141, .box_w = 9, .box_h = 18, .ofs_x = 0, .ofs_y = -4},
    {.bitmap_index = 3844, .adv_w = 221, .box_w = 13, .box_h = 17, .ofs_x = 1, .ofs_y = 0},
    {.bitmap_index = 3872, .adv_w = 141, .box_w = 9, .box_h = 16, .ofs_x = 0, .ofs_y = -4},
    {.bitmap_index = 3890, .adv_w = 221, .box_w = 13, .box_h = 19, .ofs_x = 1, .ofs_y = -6},
    {.bitmap_index = 3921, .adv_w = 141, .box_w = 9, .box_h = 19, .ofs_x = 0, .ofs_y = -4},
    {.bitmap_index = 3943, .adv_w = 226, .box_w = 16, .box_h = 18, .ofs_x = 0, .ofs_y = 0},
    {.bitmap_index = 3979, .adv_w = 160, .box_w = 12, .box_h = 18, .ofs_x = 0, .ofs_y = 0},
    {.bitmap_index = 4006, .adv_w = 231, .box_w = 15, .box_h = 13, .ofs_x = 0, .ofs_y = 0},
    {.bitmap_index = 4031, .adv_w = 160, .box_w = 10, .box_h = 14, .ofs_x = 0, .ofs_y = 0},
    {.bitmap_index = 4049, .adv_w = 107, .box_w = 10, .box_h = 17, .ofs_x = 0, .ofs_y = 0},
    {.bitmap_index = 4071, .adv_w = 89, .box_w = 8, .box_h = 13, .ofs_x = 0, .ofs_y = 0},
    {.bitmap_index = 4084, .adv_w = 107, .box_w = 9, .box_h = 16, .ofs_x = 0, .ofs_y = 0},
    {.bitmap_index = 4102, .adv_w = 89, .box_w = 7, .box_h = 12, .ofs_x = 1, .ofs_y = 0},
    {.bitmap_index = 4113, .adv_w = 107, .box_w = 9, .box_h = 18, .ofs_x = 0, .ofs_y = 0},
    {.bitmap_index = 4134, .adv_w = 89, .box_w = 7, .box_h = 14, .ofs_x = 1, .ofs_y = 0},
    {.bitmap_index = 4147, .adv_w = 110, .box_w = 8, .box_h = 16, .ofs_x = 0, .ofs_y = -3},
    {.bitmap_index = 4163, .adv_w = 89, .box_w = 5, .box_h = 17, .ofs_x = 1, .ofs_y = -4},
    {.bitmap_index = 4174, .adv_w = 107, .box_w = 8, .box_h = 17, .ofs_x = 0, .ofs_y = 0},
    {.bitmap_index = 4191, .adv_w = 89, .box_w = 4, .box_h = 9, .ofs_x = 1, .ofs_y = 0},
    {.bitmap_index = 4196, .adv_w = 226, .box_w = 15, .box_h = 13, .ofs_x = 0, .ofs_y = 0},
    {.bitmap_index = 4221, .adv_w = 145, .box_w = 9, .box_h = 17, .ofs_x = 1, .ofs_y = -4},
    {.bitmap_index = 4241, .adv_w = 137, .box_w = 10, .box_h = 18, .ofs_x = 0, .ofs_y = 0},
    {.bitmap_index = 4264, .adv_w = 105, .box_w = 9, .box_h = 18, .ofs_x = -1, .ofs_y = -4},
    {.bitmap_index = 4285, .adv_w = 213, .box_w = 14, .box_h = 19, .ofs_x = 0, .ofs_y = -6},
    {.bitmap_index = 4319, .adv_w = 145, .box_w = 9, .box_h = 20, .ofs_x = 0, .ofs_y = -6},
    {.bitmap_index = 4342, .adv_w = 145, .box_w = 9, .box_h = 10, .ofs_x = 0, .ofs_y = 0},
    {.bitmap_index = 4354, .adv_w = 182, .box_w = 11, .box_h = 18, .ofs_x = 0, .ofs_y = 0},
    {.bitmap_index = 4379, .adv_w = 80, .box_w = 6, .box_h = 18, .ofs_x = 1, .ofs_y = 0},
    {.bitmap_index = 4393, .adv_w = 182, .box_w = 11, .box_h = 19, .ofs_x = 0, .ofs_y = -6},
    {.bitmap_index = 4420, .adv_w = 80, .box_w = 5, .box_h = 20, .ofs_x = 0, .ofs_y = -6},
    {.bitmap_index = 4433, .adv_w = 182, .box_w = 12, .box_h = 13, .ofs_x = 0, .ofs_y = 0},
    {.bitmap_index = 4453, .adv_w = 121, .box_w = 9, .box_h = 13, .ofs_x = 1, .ofs_y = 0},
    {.bitmap_index = 4468, .adv_w = 182, .box_w = 11, .box_h = 13, .ofs_x = 0, .ofs_y = 0},
    {.bitmap_index = 4486, .adv_w = 110, .box_w = 6, .box_h = 14, .ofs_x = 1, .ofs_y = 0},
    {.bitmap_index = 4497, .adv_w = 180, .box_w = 11, .box_h = 13, .ofs_x = 0, .ofs_y = 0},
    {.bitmap_index = 4515, .adv_w = 89, .box_w = 5, .box_h = 14, .ofs_x = 1, .ofs_y = 0},
    {.bitmap_index = 4524, .adv_w = 217, .box_w = 15, .box_h = 18, .ofs_x = 0, .ofs_y = 0},
    {.bitmap_index = 4558, .adv_w = 158, .box_w = 9, .box_h = 13, .ofs_x = 0, .ofs_y = 0},
    {.bitmap_index = 4573, .adv_w = 217, .box_w = 15, .box_h = 19, .ofs_x = 0, .ofs_y = -6},
    {.bitmap_index = 4609, .adv_w = 158, .box_w = 9, .box_h = 15, .ofs_x = 0, .ofs_y = -6},
    {.bitmap_index = 4626, .adv_w = 217, .box_w = 15, .box_h = 19, .ofs_x = 0, .ofs_y = 0},
    {.bitmap_index = 4662, .adv_w = 158, .box_w = 10, .box_h = 14, .ofs_x = 0, .ofs_y = 0},
    {.bitmap_index = 4680, .adv_w = 173, .box_w = 9, .box_h = 13, .ofs_x = 1, .ofs_y = 0},
    {.bitmap_index = 4695, .adv_w = 223, .box_w = 15, .box_h = 13, .ofs_x = 0, .ofs_y = 0},
    {.bitmap_index = 4720, .adv_w = 160, .box_w = 9, .box_h = 13, .ofs_x = 0, .ofs_y = -4},
    {.bitmap_index = 4735, .adv_w = 210, .box_w = 13, .box_h = 17, .ofs_x = 1, .ofs_y = 0},
    {.bitmap_index = 4763, .adv_w = 151, .box_w = 10, .box_h = 12, .ofs_x = 0, .ofs_y = 0},
    {.bitmap_index = 4778, .adv_w = 210, .box_w = 13, .box_h = 19, .ofs_x = 1, .ofs_y = 0},
    {.bitmap_index = 4809, .adv_w = 151, .box_w = 10, .box_h = 14, .ofs_x = 0, .ofs_y = 0},
    {.bitmap_index = 4827, .adv_w = 210, .box_w = 13, .box_h = 18, .ofs_x = 1, .ofs_y = 0},
    {.bitmap_index = 4857, .adv_w = 151, .box_w = 11, .box_h = 13, .ofs_x = 0, .ofs_y = 0},
    {.bitmap_index = 4875, .adv_w = 285, .box_w = 18, .box_h = 13, .ofs_x = 1, .ofs_y = 0},
    {.bitmap_index = 4905, .adv_w = 209, .box_w = 13, .box_h = 9, .ofs_x = 0, .ofs_y = 0},
    {.bitmap_index = 4920, .adv_w = 197, .box_w = 12, .box_h = 18, .ofs_x = 0, .ofs_y = 0},
    {.bitmap_index = 4947, .adv_w = 117, .box_w = 8, .box_h = 13, .ofs_x = 0, .ofs_y = 0},
    {.bitmap_index = 4960, .adv_w = 197, .box_w = 12, .box_h = 19, .ofs_x = 0, .ofs_y = -6},
    {.bitmap_index = 4989, .adv_w = 117, .box_w = 8, .box_h = 15, .ofs_x = 0, .ofs_y = -6},
    {.bitmap_index = 5004, .adv_w = 197, .box_w = 12, .box_h = 18, .ofs_x = 0, .ofs_y = 0},
    {.bitmap_index = 5031, .adv_w = 117, .box_w = 9, .box_h = 14, .ofs_x = 0, .ofs_y = 0},
    {.bitmap_index = 5047, .adv_w = 145, .box_w = 10, .box_h = 19, .ofs_x = 0, .ofs_y = 0},
    {.bitmap_index = 5071, .adv_w = 110, .box_w = 8, .box_h = 13, .ofs_x = 0, .ofs_y = 0},
    {.bitmap_index = 5084, .adv_w = 145, .box_w = 10, .box_h = 18, .ofs_x = 0, .ofs_y = 0},
    {.bitmap_index = 5107, .adv_w = 110, .box_w = 8, .box_h = 14, .ofs_x = 0, .ofs_y = 0},
    {.bitmap_index = 5121, .adv_w = 148, .box_w = 10, .box_h = 17, .ofs_x = 0, .ofs_y = -4},
    {.bitmap_index = 5143, .adv_w = 110, .box_w = 7, .box_h = 13, .ofs_x = 0, .ofs_y = -4},
    {.bitmap_index = 5155, .adv_w = 145, .box_w = 11, .box_h = 19, .ofs_x = 0, .ofs_y = 0},
    {.bitmap_index = 5182, .adv_w = 110, .box_w = 9, .box_h = 14, .ofs_x = 0, .ofs_y = 0},
    {.bitmap_index = 5198, .adv_w = 178, .box_w = 12, .box_h = 17, .ofs_x = 1, .ofs_y = -4},
    {.bitmap_index = 5224, .adv_w = 76, .box_w = 7, .box_h = 16, .ofs_x = -1, .ofs_y = -4},
    {.bitmap_index = 5238, .adv_w = 188, .box_w = 11, .box_h = 18, .ofs_x = 2, .ofs_y = 0},
    {.bitmap_index = 5263, .adv_w = 116, .box_w = 8, .box_h = 13, .ofs_x = 1, .ofs_y = 0},
    {.bitmap_index = 5276, .adv_w = 178, .box_w = 12, .box_h = 13, .ofs_x = 1, .ofs_y = 0},
    {.bitmap_index = 5296, .adv_w = 79, .box_w = 6, .box_h = 12, .ofs_x = 0, .ofs_y = 0},
    {.bitmap_index = 5305, .adv_w = 226, .box_w = 14, .box_h = 17, .ofs_x = 2, .ofs_y = 0},
    {.bitmap_index = 5335, .adv_w = 155, .box_w = 9, .box_h = 13, .ofs_x = 1, .ofs_y = 0},
    {.bitmap_index = 5350, .adv_w = 226, .box_w = 14, .box_h = 17, .ofs_x = 2, .ofs_y = 0},
    {.bitmap_index = 5380, .adv_w = 155, .box_w = 9, .box_h = 12, .ofs_x = 1, .ofs_y = 0},
    {.bitmap_index = 5394, .adv_w = 226, .box_w = 14, .box_h = 19, .ofs_x = 2, .ofs_y = 0},
    {.bitmap_index = 5428, .adv_w = 155, .box_w = 9, .box_h = 14, .ofs_x = 1, .ofs_y = 0},
    {.bitmap_index = 5444, .adv_w = 226, .box_w = 14, .box_h = 19, .ofs_x = 2, .ofs_y = 0},
    {.bitmap_index = 5478, .adv_w = 155, .box_w = 8, .box_h = 15, .ofs_x = 1, .ofs_y = 0},
    {.bitmap_index = 5493, .adv_w = 226, .box_w = 14, .box_h = 18, .ofs_x = 2, .ofs_y = 0},
    {.bitmap_index = 5525, .adv_w = 155, .box_w = 8, .box_h = 13, .ofs_x = 1, .ofs_y = 0},
    {.bitmap_index = 5538, .adv_w = 223, .box_w = 13, .box_h = 16, .ofs_x = 2, .ofs_y = -3},
    {.bitmap_index = 5564, .adv_w = 155, .box_w = 9, .box_h = 12, .ofs_x = 1, .ofs_y = -3},
    {.bitmap_index = 5578, .adv_w = 284, .box_w = 16, .box_h = 18, .ofs_x = 3, .ofs_y = 0},
    {.bitmap_index = 5614, .adv_w = 219, .box_w = 13, .box_h = 14, .ofs_x = 1, .ofs_y = 0},
    {.bitmap_index = 5637, .adv_w = 190, .box_w = 11, .box_h = 18, .ofs_x = 2, .ofs_y = 0},
    {.bitmap_index = 5662, .adv_w = 148, .box_w = 9, .box_h = 18, .ofs_x = 0, .ofs_y = -4},
    {.bitmap_index = 5683, .adv_w = 190, .box_w = 11, .box_h = 16, .ofs_x = 2, .ofs_y = 0},
    {.bitmap_index = 5705, .adv_w = 180, .box_w = 12, .box_h = 18, .ofs_x = 0, .ofs_y = 0},
    {.bitmap_index = 5732, .adv_w = 124, .box_w = 8, .box_h = 15, .ofs_x = 0, .ofs_y = -2},
    {.bitmap_index = 5747, .adv_w = 180, .box_w = 12, .box_h = 17, .ofs_x = 0, .ofs_y = 0},
    {.bitmap_index = 5773, .adv_w = 124, .box_w = 8, .box_h = 14, .ofs_x = 0, .ofs_y = -2},
    {.bitmap_index = 5787, .adv_w = 180, .box_w = 12, .box_h = 18, .ofs_x = 0, .ofs_y = 0},
    {.bitmap_index = 5814, .adv_w = 124, .box_w = 9, .box_h = 16, .ofs_x = 0, .ofs_y = -2},
    {.bitmap_index = 5832, .adv_w = 148, .box_w = 12, .box_h = 18, .ofs_x = -2, .ofs_y = -4},
    {.bitmap_index = 5859, .adv_w = 153, .box_w = 9, .box_h = 14, .ofs_x = 0, .ofs_y = 0},
    {.bitmap_index = 5875, .adv_w = 236, .box_w = 13, .box_h = 13, .ofs_x = 2, .ofs_y = 0},
    {.bitmap_index = 5897, .adv_w = 187, .box_w = 12, .box_h = 13, .ofs_x = 0, .ofs_y = 0},
    {.bitmap_index = 5917, .adv_w = 154, .box_w = 10, .box_h = 13, .ofs_x = 0, .ofs_y = 0},
    {.bitmap_index = 5934, .adv_w = 187, .box_w = 11, .box_h = 13, .ofs_x = 0, .ofs_y = 0},
    {.bitmap_index = 5952, .adv_w = 163, .box_w = 9, .box_h = 14, .ofs_x = 1, .ofs_y = 0},
    {.bitmap_index = 5968, .adv_w = 201, .box_w = 14, .box_h = 14, .ofs_x = -1, .ofs_y = 0},
    {.bitmap_index = 5993, .adv_w = 273, .box_w = 17, .box_h = 13, .ofs_x = 1, .ofs_y = 0},
    {.bitmap_index = 6021, .adv_w = 185, .box_w = 12, .box_h = 14, .ofs_x = 1, .ofs_y = 0},
    {.bitmap_index = 6042, .adv_w = 225, .box_w = 14, .box_h = 13, .ofs_x = 0, .ofs_y = 0},
    {.bitmap_index = 6065, .adv_w = 285, .box_w = 15, .box_h = 13, .ofs_x = 2, .ofs_y = 0},
    {.bitmap_index = 6090, .adv_w = 214, .box_w = 15, .box_h = 13, .ofs_x = 0, .ofs_y = 0},
    {.bitmap_index = 6115, .adv_w = 173, .box_w = 10, .box_h = 13, .ofs_x = 0, .ofs_y = 0},
    {.bitmap_index = 6132, .adv_w = 151, .box_w = 9, .box_h = 14, .ofs_x = 0, .ofs_y = -5},
    {.bitmap_index = 6148, .adv_w = 196, .box_w = 14, .box_h = 13, .ofs_x = 0, .ofs_y = 0},
    {.bitmap_index = 6171, .adv_w = 187, .box_w = 11, .box_h = 14, .ofs_x = 1, .ofs_y = 0},
    {.bitmap_index = 6191, .adv_w = 166, .box_w = 12, .box_h = 15, .ofs_x = 0, .ofs_y = 0},
    {.bitmap_index = 6214, .adv_w = 196, .box_w = 16, .box_h = 17, .ofs_x = -2, .ofs_y = -4},
    {.bitmap_index = 6248, .adv_w = 148, .box_w = 12, .box_h = 18, .ofs_x = -2, .ofs_y = -4},
    {.bitmap_index = 6275, .adv_w = 276, .box_w = 17, .box_h = 14, .ofs_x = 1, .ofs_y = 0},
    {.bitmap_index = 6305, .adv_w = 209, .box_w = 13, .box_h = 13, .ofs_x = 2, .ofs_y = 0},
    {.bitmap_index = 6327, .adv_w = 227, .box_w = 14, .box_h = 14, .ofs_x = 0, .ofs_y = 0},
    {.bitmap_index = 6352, .adv_w = 89, .box_w = 5, .box_h = 14, .ofs_x = 1, .ofs_y = 0},
    {.bitmap_index = 6361, .adv_w = 107, .box_w = 8, .box_h = 13, .ofs_x = 0, .ofs_y = 0},
    {.bitmap_index = 6374, .adv_w = 253, .box_w = 17, .box_h = 13, .ofs_x = 0, .ofs_y = 0},
    {.bitmap_index = 6402, .adv_w = 142, .box_w = 9, .box_h = 14, .ofs_x = 0, .ofs_y = 0},
    {.bitmap_index = 6418, .adv_w = 84, .box_w = 6, .box_h = 14, .ofs_x = 0, .ofs_y = 0},
    {.bitmap_index = 6429, .adv_w = 154, .box_w = 9, .box_h = 14, .ofs_x = 0, .ofs_y = 0},
    {.bitmap_index = 6445, .adv_w = 288, .box_w = 17, .box_h = 13, .ofs_x = 2, .ofs_y = 0},
    {.bitmap_index = 6473, .adv_w = 246, .box_w = 19, .box_h = 17, .ofs_x = -2, .ofs_y = -4},
    {.bitmap_index = 6514, .adv_w = 160, .box_w = 9, .box_h = 13, .ofs_x = 0, .ofs_y = -4},
    {.bitmap_index = 6529, .adv_w = 212, .box_w = 13, .box_h = 13, .ofs_x = 1, .ofs_y = 0},
    {.bitmap_index = 6551, .adv_w = 247, .box_w = 16, .box_h = 15, .ofs_x = 1, .ofs_y = 0},
    {.bitmap_index = 6581, .adv_w = 184, .box_w = 12, .box_h = 12, .ofs_x = 0, .ofs_y = 0},
    {.bitmap_index = 6599, .adv_w = 291, .box_w = 18, .box_h = 14, .ofs_x = 1, .ofs_y = 0},
    {.bitmap_index = 6631, .adv_w = 231, .box_w = 12, .box_h = 13, .ofs_x = 1, .ofs_y = -4},
    {.bitmap_index = 6651, .adv_w = 223, .box_w = 13, .box_h = 13, .ofs_x = 2, .ofs_y = 0},
    {.bitmap_index = 6673, .adv_w = 155, .box_w = 11, .box_h = 18, .ofs_x = -2, .ofs_y = -4},
    {.bitmap_index = 6698, .adv_w = 196, .box_w = 12, .box_h = 17, .ofs_x = 0, .ofs_y = -4},
    {.bitmap_index = 6724, .adv_w = 160, .box_w = 9, .box_h = 13, .ofs_x = 1, .ofs_y = 0},
    {.bitmap_index = 6739, .adv_w = 118, .box_w = 6, .box_h = 9, .ofs_x = 1, .ofs_y = 0},
    {.bitmap_index = 6746, .adv_w = 209, .box_w = 14, .box_h = 13, .ofs_x = 0, .ofs_y = 0},
    {.bitmap_index = 6769, .adv_w = 148, .box_w = 6, .box_h = 18, .ofs_x = 2, .ofs_y = -4},
    {.bitmap_index = 6783, .adv_w = 100, .box_w = 8, .box_h = 15, .ofs_x = -1, .ofs_y = -3},
    {.bitmap_index = 6798, .adv_w = 178, .box_w = 12, .box_h = 13, .ofs_x = 1, .ofs_y = 0},
    {.bitmap_index = 6818, .adv_w = 107, .box_w = 8, .box_h = 14, .ofs_x = 1, .ofs_y = 0},
    {.bitmap_index = 6832, .adv_w = 178, .box_w = 12, .box_h = 17, .ofs_x = 1, .ofs_y = -4},
    {.bitmap_index = 6858, .adv_w = 256, .box_w = 16, .box_h = 15, .ofs_x = 2, .ofs_y = 0},
    {.bitmap_index = 6888, .adv_w = 194, .box_w = 12, .box_h = 12, .ofs_x = 1, .ofs_y = 0},
    {.bitmap_index = 6906, .adv_w = 239, .box_w = 15, .box_h = 13, .ofs_x = 1, .ofs_y = 0},
    {.bitmap_index = 6931, .adv_w = 221, .box_w = 13, .box_h = 14, .ofs_x = 1, .ofs_y = 0},
    {.bitmap_index = 6954, .adv_w = 212, .box_w = 13, .box_h = 14, .ofs_x = 2, .ofs_y = 0},
    {.bitmap_index = 6977, .adv_w = 185, .box_w = 12, .box_h = 18, .ofs_x = 0, .ofs_y = -4},
    {.bitmap_index = 7004, .adv_w = 178, .box_w = 12, .box_h = 13, .ofs_x = 0, .ofs_y = 0},
    {.bitmap_index = 7024, .adv_w = 124, .box_w = 8, .box_h = 11, .ofs_x = 0, .ofs_y = -2},
    {.bitmap_index = 7035, .adv_w = 166, .box_w = 12, .box_h = 13, .ofs_x = 0, .ofs_y = 0},
    {.bitmap_index = 7055, .adv_w = 179, .box_w = 11, .box_h = 13, .ofs_x = 0, .ofs_y = 0},
    {.bitmap_index = 7073, .adv_w = 139, .box_w = 9, .box_h = 13, .ofs_x = 0, .ofs_y = -4},
    {.bitmap_index = 7088, .adv_w = 133, .box_w = 10, .box_h = 13, .ofs_x = -1, .ofs_y = -4},
    {.bitmap_index = 7105, .adv_w = 160, .box_w = 10, .box_h = 14, .ofs_x = 1, .ofs_y = 0},
    {.bitmap_index = 7123, .adv_w = 197, .box_w = 13, .box_h = 13, .ofs_x = 0, .ofs_y = 0},
    {.bitmap_index = 7145, .adv_w = 140, .box_w = 10, .box_h = 13, .ofs_x = -1, .ofs_y = -4},
    {.bitmap_index = 7162, .adv_w = 124, .box_w = 6, .box_h = 12, .ofs_x = 0, .ofs_y = 0},
    {.bitmap_index = 7171, .adv_w = 151, .box_w = 11, .box_h = 13, .ofs_x = -2, .ofs_y = -4},
    {.bitmap_index = 7189, .adv_w = 75, .box_w = 5, .box_h = 15, .ofs_x = 1, .ofs_y = 0},
    {.bitmap_index = 7199, .adv_w = 115, .box_w = 7, .box_h = 15, .ofs_x = 1, .ofs_y = 0},
    {.bitmap_index = 7213, .adv_w = 192, .box_w = 12, .box_h = 15, .ofs_x = 1, .ofs_y = 0},
    {.bitmap_index = 7236, .adv_w = 107, .box_w = 5, .box_h = 13, .ofs_x = 1, .ofs_y = 0},
    {.bitmap_index = 7245, .adv_w = 406, .box_w = 26, .box_h = 18, .ofs_x = 0, .ofs_y = 0},
    {.bitmap_index = 7304, .adv_w = 349, .box_w = 23, .box_h = 16, .ofs_x = 0, .ofs_y = -2},
    {.bitmap_index = 7350, .adv_w = 278, .box_w = 18, .box_h = 16, .ofs_x = 0, .ofs_y = -2},
    {.bitmap_index = 7386, .adv_w = 320, .box_w = 21, .box_h = 13, .ofs_x = 0, .ofs_y = 0},
    {.bitmap_index = 7421, .adv_w = 264, .box_w = 16, .box_h = 17, .ofs_x = 0, .ofs_y = -4},
    {.bitmap_index = 7455, .adv_w = 162, .box_w = 9, .box_h = 18, .ofs_x = 1, .ofs_y = -4},
    {.bitmap_index = 7476, .adv_w = 331, .box_w = 22, .box_h = 13, .ofs_x = 0, .ofs_y = 0},
    {.bitmap_index = 7512, .adv_w = 286, .box_w = 18, .box_h = 17, .ofs_x = 0, .ofs_y = -4},
    {.bitmap_index = 7551, .adv_w = 239, .box_w = 15, .box_h = 17, .ofs_x = 0, .ofs_y = -4},
    {.bitmap_index = 7583, .adv_w = 208, .box_w = 12, .box_h = 19, .ofs_x = 0, .ofs_y = 0},
    {.bitmap_index = 7612, .adv_w = 159, .box_w = 10, .box_h = 14, .ofs_x = 0, .ofs_y = 0},
    {.bitmap_index = 7630, .adv_w = 103, .box_w = 10, .box_h = 18, .ofs_x = 0, .ofs_y = 0},
    {.bitmap_index = 7653, .adv_w = 89, .box_w = 7, .box_h = 14, .ofs_x = 1, .ofs_y = 0},
    {.bitmap_index = 7666, .adv_w = 210, .box_w = 13, .box_h = 19, .ofs_x = 1, .ofs_y = 0},
    {.bitmap_index = 7697, .adv_w = 151, .box_w = 11, .box_h = 14, .ofs_x = 0, .ofs_y = 0},
    {.bitmap_index = 7717, .adv_w = 226, .box_w = 14, .box_h = 19, .ofs_x = 2, .ofs_y = 0},
    {.bitmap_index = 7751, .adv_w = 155, .box_w = 9, .box_h = 14, .ofs_x = 1, .ofs_y = 0},
    {.bitmap_index = 7767, .adv_w = 226, .box_w = 14, .box_h = 19, .ofs_x = 2, .ofs_y = 0},
    {.bitmap_index = 7801, .adv_w = 155, .box_w = 9, .box_h = 15, .ofs_x = 1, .ofs_y = 0},
    {.bitmap_index = 7818, .adv_w = 223, .box_w = 13, .box_h = 19, .ofs_x = 2, .ofs_y = 0},
    {.bitmap_index = 7849, .adv_w = 155, .box_w = 9, .box_h = 17, .ofs_x = 1, .ofs_y = 0},
    {.bitmap_index = 7869, .adv_w = 223, .box_w = 13, .box_h = 19, .ofs_x = 2, .ofs_y = 0},
    {.bitmap_index = 7900, .adv_w = 155, .box_w = 10, .box_h = 17, .ofs_x = 1, .ofs_y = 0},
    {.bitmap_index = 7922, .adv_w = 223, .box_w = 13, .box_h = 19, .ofs_x = 2, .ofs_y = 0},
    {.bitmap_index = 7953, .adv_w = 155, .box_w = 9, .box_h = 16, .ofs_x = 1, .ofs_y = 0},
    {.bitmap_index = 7971, .adv_w = 130, .box_w = 8, .box_h = 9, .ofs_x = 0, .ofs_y = 0},
    {.bitmap_index = 7980, .adv_w = 208, .box_w = 12, .box_h = 18, .ofs_x = 0, .ofs_y = 0},
    {.bitmap_index = 8007, .adv_w = 159, .box_w = 11, .box_h = 15, .ofs_x = 0, .ofs_y = 0},
    {.bitmap_index = 8028, .adv_w = 208, .box_w = 12, .box_h = 18, .ofs_x = 0, .ofs_y = 0},
    {.bitmap_index = 8055, .adv_w = 159, .box_w = 10, .box_h = 15, .ofs_x = 0, .ofs_y = 0},
    {.bitmap_index = 8074, .adv_w = 281, .box_w = 19, .box_h = 16, .ofs_x = 0, .ofs_y = 0},
    {.bitmap_index = 8112, .adv_w = 203, .box_w = 13, .box_h = 12, .ofs_x = 0, .ofs_y = 0},
    {.bitmap_index = 8132, .adv_w = 228, .box_w = 13, .box_h = 13, .ofs_x = 1, .ofs_y = 0},
    {.bitmap_index = 8154, .adv_w = 157, .box_w = 10, .box_h = 13, .ofs_x = -1, .ofs_y = -4},
    {.bitmap_index = 8171, .adv_w = 221, .box_w = 13, .box_h = 19, .ofs_x = 1, .ofs_y = 0},
    {.bitmap_index = 8202, .adv_w = 141, .box_w = 10, .box_h = 18, .ofs_x = 0, .ofs_y = -4},
    {.bitmap_index = 8225, .adv_w = 205, .box_w = 14, .box_h = 18, .ofs_x = 0, .ofs_y = 0},
    {.bitmap_index = 8257, .adv_w = 145, .box_w = 11, .box_h = 18, .ofs_x = 0, .ofs_y = 0},
    {.bitmap_index = 8282, .adv_w = 214, .box_w = 13, .box_h = 17, .ofs_x = 1, .ofs_y = -4},
    {.bitmap_index = 8310, .adv_w = 151, .box_w = 9, .box_h = 13, .ofs_x = 0, .ofs_y = -4},
    {.bitmap_index = 8325, .adv_w = 214, .box_w = 13, .box_h = 20, .ofs_x = 1, .ofs_y = -4},
    {.bitmap_index = 8358, .adv_w = 151, .box_w = 10, .box_h = 16, .ofs_x = 0, .ofs_y = -4},
    {.bitmap_index = 8378, .adv_w = 166, .box_w = 12, .box_h = 19, .ofs_x = 0, .ofs_y = 0},
    {.bitmap_index = 8407, .adv_w = 143, .box_w = 10, .box_h = 18, .ofs_x = -1, .ofs_y = -4},
    {.bitmap_index = 8430, .adv_w = 89, .box_w = 10, .box_h = 18, .ofs_x = -2, .ofs_y = -4},
    {.bitmap_index = 8453, .adv_w = 403, .box_w = 26, .box_h = 13, .ofs_x = 0, .ofs_y = 0},
    {.bitmap_index = 8496, .adv_w = 349, .box_w = 22, .box_h = 15, .ofs_x = 0, .ofs_y = -2},
    {.bitmap_index = 8538, .adv_w = 275, .box_w = 17, .box_h = 16, .ofs_x = 0, .ofs_y = -2},
    {.bitmap_index = 8572, .adv_w = 221, .box_w = 13, .box_h = 19, .ofs_x = 1, .ofs_y = 0},
    {.bitmap_index = 8603, .adv_w = 141, .box_w = 9, .box_h = 17, .ofs_x = 0, .ofs_y = -4},
    {.bitmap_index = 8623, .adv_w = 300, .box_w = 19, .box_h = 13, .ofs_x = 0, .ofs_y = 0},
    {.bitmap_index = 8654, .adv_w = 172, .box_w = 12, .box_h = 13, .ofs_x = 0, .ofs_y = 0},
    {.bitmap_index = 8674, .adv_w = 217, .box_w = 15, .box_h = 19, .ofs_x = 0, .ofs_y = 0},
    {.bitmap_index = 8710, .adv_w = 158, .box_w = 9, .box_h = 13, .ofs_x = 0, .ofs_y = 0},
    {.bitmap_index = 8725, .adv_w = 196, .box_w = 13, .box_h = 19, .ofs_x = 0, .ofs_y = 0},
    {.bitmap_index = 8756, .adv_w = 159, .box_w = 10, .box_h = 19, .ofs_x = 0, .ofs_y = 0},
    {.bitmap_index = 8780, .adv_w = 281, .box_w = 19, .box_h = 18, .ofs_x = 0, .ofs_y = 0},
    {.bitmap_index = 8823, .adv_w = 203, .box_w = 13, .box_h = 13, .ofs_x = 0, .ofs_y = 0},
    {.bitmap_index = 8845, .adv_w = 210, .box_w = 13, .box_h = 21, .ofs_x = 1, .ofs_y = -2},
    {.bitmap_index = 8880, .adv_w = 152, .box_w = 10, .box_h = 19, .ofs_x = 0, .ofs_y = -3},
    {.bitmap_index = 8904, .adv_w = 208, .box_w = 12, .box_h = 18, .ofs_x = 0, .ofs_y = 0},
    {.bitmap_index = 8931, .adv_w = 159, .box_w = 10, .box_h = 13, .ofs_x = 0, .ofs_y = 0},
    {.bitmap_index = 8948, .adv_w = 208, .box_w = 12, .box_h = 17, .ofs_x = 0, .ofs_y = 0},
    {.bitmap_index = 8974, .adv_w = 159, .box_w = 10, .box_h = 13, .ofs_x = 0, .ofs_y = 0},
    {.bitmap_index = 8991, .adv_w = 184, .box_w = 13, .box_h = 18, .ofs_x = 0, .ofs_y = 0},
    {.bitmap_index = 9021, .adv_w = 130, .box_w = 9, .box_h = 13, .ofs_x = 0, .ofs_y = 0},
    {.bitmap_index = 9036, .adv_w = 184, .box_w = 13, .box_h = 17, .ofs_x = 0, .ofs_y = 0},
    {.bitmap_index = 9064, .adv_w = 130, .box_w = 9, .box_h = 13, .ofs_x = 0, .ofs_y = 0},
    {.bitmap_index = 9079, .adv_w = 103, .box_w = 8, .box_h = 18, .ofs_x = 0, .ofs_y = 0},
    {.bitmap_index = 9097, .adv_w = 89, .box_w = 6, .box_h = 13, .ofs_x = 0, .ofs_y = 0},
    {.bitmap_index = 9107, .adv_w = 103, .box_w = 8, .box_h = 17, .ofs_x = 0, .ofs_y = 0},
    {.bitmap_index = 9124, .adv_w = 89, .box_w = 6, .box_h = 13, .ofs_x = 1, .ofs_y = 0},
    {.bitmap_index = 9134, .adv_w = 210, .box_w = 13, .box_h = 18, .ofs_x = 1, .ofs_y = 0},
    {.bitmap_index = 9164, .adv_w = 151, .box_w = 9, .box_h = 13, .ofs_x = 0, .ofs_y = 0},
    {.bitmap_index = 9179, .adv_w = 210, .box_w = 13, .box_h = 18, .ofs_x = 1, .ofs_y = 0},
    {.bitmap_index = 9209, .adv_w = 151, .box_w = 9, .box_h = 13, .ofs_x = 0, .ofs_y = 0},
    {.bitmap_index = 9224, .adv_w = 197, .box_w = 12, .box_h = 18, .ofs_x = 0, .ofs_y = 0},
    {.bitmap_index = 9251, .adv_w = 117, .box_w = 8, .box_h = 13, .ofs_x = 0, .ofs_y = 0},
    {.bitmap_index = 9264, .adv_w = 197, .box_w = 12, .box_h = 17, .ofs_x = 0, .ofs_y = 0},
    {.bitmap_index = 9290, .adv_w = 117, .box_w = 8, .box_h = 13, .ofs_x = 0, .ofs_y = 0},
    {.bitmap_index = 9303, .adv_w = 226, .box_w = 14, .box_h = 18, .ofs_x = 2, .ofs_y = 0},
    {.bitmap_index = 9335, .adv_w = 155, .box_w = 8, .box_h = 13, .ofs_x = 1, .ofs_y = 0},
    {.bitmap_index = 9348, .adv_w = 226, .box_w = 14, .box_h = 18, .ofs_x = 2, .ofs_y = 0},
    {.bitmap_index = 9380, .adv_w = 155, .box_w = 8, .box_h = 13, .ofs_x = 1, .ofs_y = 0},
    {.bitmap_index = 9393, .adv_w = 145, .box_w = 10, .box_h = 19, .ofs_x = 0, .ofs_y = -6},
    {.bitmap_index = 9417, .adv_w = 110, .box_w = 7, .box_h = 15, .ofs_x = 0, .ofs_y = -6},
    {.bitmap_index = 9431, .adv_w = 188, .box_w = 11, .box_h = 19, .ofs_x = 2, .ofs_y = -6},
    {.bitmap_index = 9458, .adv_w = 76, .box_w = 6, .box_h = 18, .ofs_x = 0, .ofs_y = -6},
    {.bitmap_index = 9472, .adv_w = 139, .box_w = 8, .box_h = 15, .ofs_x = 1, .ofs_y = -1},
    {.bitmap_index = 9487, .adv_w = 149, .box_w = 8, .box_h = 13, .ofs_x = 0, .ofs_y = -4},
    {.bitmap_index = 9500, .adv_w = 226, .box_w = 16, .box_h = 18, .ofs_x = 0, .ofs_y = 0},
    {.bitmap_index = 9536, .adv_w = 160, .box_w = 12, .box_h = 18, .ofs_x = 0, .ofs_y = 0},
    {.bitmap_index = 9563, .adv_w = 223, .box_w = 13, .box_h = 17, .ofs_x = 0, .ofs_y = -4},
    {.bitmap_index = 9591, .adv_w = 179, .box_w = 10, .box_h = 19, .ofs_x = 1, .ofs_y = -4},
    {.bitmap_index = 9615, .adv_w = 173, .box_w = 11, .box_h = 13, .ofs_x = 1, .ofs_y = 0},
    {.bitmap_index = 9633, .adv_w = 163, .box_w = 11, .box_h = 14, .ofs_x = 1, .ofs_y = 0},
    {.bitmap_index = 9653, .adv_w = 189, .box_w = 12, .box_h = 17, .ofs_x = 0, .ofs_y = -4},
    {.bitmap_index = 9679, .adv_w = 129, .box_w = 8, .box_h = 13, .ofs_x = 0, .ofs_y = -4},
    {.bitmap_index = 9692, .adv_w = 208, .box_w = 12, .box_h = 16, .ofs_x = 0, .ofs_y = 0},
    {.bitmap_index = 9716, .adv_w = 159, .box_w = 10, .box_h = 12, .ofs_x = 0, .ofs_y = 0},
    {.bitmap_index = 9731, .adv_w = 185, .box_w = 13, .box_h = 17, .ofs_x = 0, .ofs_y = -4},
    {.bitmap_index = 9759, .adv_w = 130, .box_w = 8, .box_h = 13, .ofs_x = 0, .ofs_y = -4},
    {.bitmap_index = 9772, .adv_w = 210, .box_w = 13, .box_h = 19, .ofs_x = 1, .ofs_y = 0},
    {.bitmap_index = 9803, .adv_w = 151, .box_w = 10, .box_h = 15, .ofs_x = 0, .ofs_y = 0},
    {.bitmap_index = 9822, .adv_w = 210, .box_w = 13, .box_h = 19, .ofs_x = 1, .ofs_y = 0},
    {.bitmap_index = 9853, .adv_w = 151, .box_w = 11, .box_h = 15, .ofs_x = 0, .ofs_y = 0},
    {.bitmap_index = 9874, .adv_w = 210, .box_w = 13, .box_h = 17, .ofs_x = 1, .ofs_y = 0},
    {.bitmap_index = 9902, .adv_w = 151, .box_w = 9, .box_h = 12, .ofs_x = 0, .ofs_y = 0},
    {.bitmap_index = 9916, .adv_w = 210, .box_w = 13, .box_h = 19, .ofs_x = 1, .ofs_y = 0},
    {.bitmap_index = 9947, .adv_w = 151, .box_w = 10, .box_h = 15, .ofs_x = 0, .ofs_y = 0},
    {.bitmap_index = 9966, .adv_w = 190, .box_w = 11, .box_h = 16, .ofs_x = 2, .ofs_y = 0},
    {.bitmap_index = 9988, .adv_w = 148, .box_w = 9, .box_h = 16, .ofs_x = 0, .ofs_y = -4},
    {.bitmap_index = 10006, .adv_w = 107, .box_w = 8, .box_h = 20, .ofs_x = -2, .ofs_y = -5},
    {.bitmap_index = 10026, .adv_w = 169, .box_w = 10, .box_h = 13, .ofs_x = 0, .ofs_y = -4},
    {.bitmap_index = 10043, .adv_w = 121, .box_w = 8, .box_h = 17, .ofs_x = -1, .ofs_y = -5},
    {.bitmap_index = 10060, .adv_w = 89, .box_w = 7, .box_h = 13, .ofs_x = -2, .ofs_y = -4},
    {.bitmap_index = 10072, .adv_w = 249, .box_w = 14, .box_h = 14, .ofs_x = 1, .ofs_y = 0},
    {.bitmap_index = 10097, .adv_w = 246, .box_w = 14, .box_h = 13, .ofs_x = 1, .ofs_y = -4},
    {.bitmap_index = 10120, .adv_w = 208, .box_w = 13, .box_h = 17, .ofs_x = 0, .ofs_y = -2},
    {.bitmap_index = 10148, .adv_w = 196, .box_w = 13, .box_h = 16, .ofs_x = 0, .ofs_y = -1},
    {.bitmap_index = 10174, .adv_w = 130, .box_w = 11, .box_h = 12, .ofs_x = -1, .ofs_y = -1},
    {.bitmap_index = 10191, .adv_w = 180, .box_w = 11, .box_h = 13, .ofs_x = 0, .ofs_y = 0},
    {.bitmap_index = 10209, .adv_w = 178, .box_w = 14, .box_h = 16, .ofs_x = -1, .ofs_y = -1},
    {.bitmap_index = 10237, .adv_w = 112, .box_w = 7, .box_h = 13, .ofs_x = 0, .ofs_y = -4},
    {.bitmap_index = 10249, .adv_w = 132, .box_w = 10, .box_h = 13, .ofs_x = 0, .ofs_y = -4},
    {.bitmap_index = 10266, .adv_w = 140, .box_w = 7, .box_h = 13, .ofs_x = 2, .ofs_y = 0},
    {.bitmap_index = 10278, .adv_w = 142, .box_w = 8, .box_h = 9, .ofs_x = 1, .ofs_y = 0},
    {.bitmap_index = 10287, .adv_w = 188, .box_w = 12, .box_h = 13, .ofs_x = 0, .ofs_y = 0},
    {.bitmap_index = 10307, .adv_w = 231, .box_w = 14, .box_h = 13, .ofs_x = 1, .ofs_y = 0},
    {.bitmap_index = 10330, .adv_w = 210, .box_w = 12, .box_h = 14, .ofs_x = 0, .ofs_y = 0},
    {.bitmap_index = 10351, .adv_w = 193, .box_w = 13, .box_h = 17, .ofs_x = 0, .ofs_y = -2},
    {.bitmap_index = 10379, .adv_w = 130, .box_w = 8, .box_h = 12, .ofs_x = 0, .ofs_y = -1},
    {.bitmap_index = 10391, .adv_w = 142, .box_w = 10, .box_h = 13, .ofs_x = 0, .ofs_y = 0},
    {.bitmap_index = 10408, .adv_w = 111, .box_w = 9, .box_h = 17, .ofs_x = -2, .ofs_y = -4},
    {.bitmap_index = 10428, .adv_w = 232, .box_w = 14, .box_h = 18, .ofs_x = 1, .ofs_y = -4},
    {.bitmap_index = 10460, .adv_w = 176, .box_w = 10, .box_h = 13, .ofs_x = 1, .ofs_y = -4},
    {.bitmap_index = 10477, .adv_w = 197, .box_w = 12, .box_h = 13, .ofs_x = 0, .ofs_y = 0},
    {.bitmap_index = 10497, .adv_w = 107, .box_w = 7, .box_h = 9, .ofs_x = 1, .ofs_y = 0},
    {.bitmap_index = 10505, .adv_w = 178, .box_w = 11, .box_h = 13, .ofs_x = 2, .ofs_y = 0},
    {.bitmap_index = 10523, .adv_w = 150, .box_w = 10, .box_h = 13, .ofs_x = 0, .ofs_y = -4},
    {.bitmap_index = 10540, .adv_w = 165, .box_w = 9, .box_h = 9, .ofs_x = 1, .ofs_y = 0},
    {.bitmap_index = 10551, .adv_w = 180, .box_w = 10, .box_h = 9, .ofs_x = 1, .ofs_y = 0},
    {.bitmap_index = 10563, .adv_w = 180, .box_w = 10, .box_h = 9, .ofs_x = 1, .ofs_y = 0},
    {.bitmap_index = 10575, .adv_w = 160, .box_w = 9, .box_h = 14, .ofs_x = 0, .ofs_y = 0},
    {.bitmap_index = 10591, .adv_w = 129, .box_w = 8, .box_h = 9, .ofs_x = 0, .ofs_y = 0},
    {.bitmap_index = 10600, .adv_w = 130, .box_w = 8, .box_h = 11, .ofs_x = 0, .ofs_y = -2},
    {.bitmap_index = 10611, .adv_w = 168, .box_w = 11, .box_h = 18, .ofs_x = 0, .ofs_y = -4},
    {.bitmap_index = 10636, .adv_w = 207, .box_w = 14, .box_h = 14, .ofs_x = 0, .ofs_y = 0},
    {.bitmap_index = 10661, .adv_w = 130, .box_w = 8, .box_h = 9, .ofs_x = 0, .ofs_y = 0},
    {.bitmap_index = 10670, .adv_w = 130, .box_w = 8, .box_h = 9, .ofs_x = 0, .ofs_y = 0},
    {.bitmap_index = 10679, .adv_w = 231, .box_w = 14, .box_h = 12, .ofs_x = 1, .ofs_y = 0},
    {.bitmap_index = 10700, .adv_w = 138, .box_w = 8, .box_h = 9, .ofs_x = 0, .ofs_y = 0},
    {.bitmap_index = 10709, .adv_w = 139, .box_w = 9, .box_h = 9, .ofs_x = 0, .ofs_y = 0},
    {.bitmap_index = 10720, .adv_w = 212, .box_w = 14, .box_h = 12, .ofs_x = 0, .ofs_y = 0},
    {.bitmap_index = 10741, .adv_w = 148, .box_w = 9, .box_h = 9, .ofs_x = 0, .ofs_y = 0},
    {.bitmap_index = 10752, .adv_w = 113, .box_w = 8, .box_h = 13, .ofs_x = -2, .ofs_y = -4},
    {.bitmap_index = 10765, .adv_w = 208, .box_w = 14, .box_h = 18, .ofs_x = 0, .ofs_y = -4},
    {.bitmap_index = 10797, .adv_w = 154, .box_w = 10, .box_h = 13, .ofs_x = -1, .ofs_y = -4},
    {.bitmap_index = 10814, .adv_w = 154, .box_w = 8, .box_h = 9, .ofs_x = 1, .ofs_y = 0},
    {.bitmap_index = 10823, .adv_w = 157, .box_w = 10, .box_h = 14, .ofs_x = 1, .ofs_y = -5},
    {.bitmap_index = 10841, .adv_w = 193, .box_w = 11, .box_h = 9, .ofs_x = 1, .ofs_y = 0},
    {.bitmap_index = 10854, .adv_w = 160, .box_w = 9, .box_h = 14, .ofs_x = 1, .ofs_y = -5},
    {.bitmap_index = 10870, .adv_w = 159, .box_w = 10, .box_h = 14, .ofs_x = 0, .ofs_y = 0},
    {.bitmap_index = 10888, .adv_w = 155, .box_w = 9, .box_h = 18, .ofs_x = 0, .ofs_y = -4},
    {.bitmap_index = 10909, .adv_w = 89, .box_w = 6, .box_h = 13, .ofs_x = 0, .ofs_y = 0},
    {.bitmap_index = 10919, .adv_w = 89, .box_w = 4, .box_h = 9, .ofs_x = 1, .ofs_y = 0},
    {.bitmap_index = 10924, .adv_w = 89, .box_w = 5, .box_h = 9, .ofs_x = 0, .ofs_y = 0},
    {.bitmap_index = 10930, .adv_w = 121, .box_w = 7, .box_h = 14, .ofs_x = 1, .ofs_y = 0},
    {.bitmap_index = 10943, .adv_w = 120, .box_w = 6, .box_h = 14, .ofs_x = 1, .ofs_y = 0},
    {.bitmap_index = 10954, .adv_w = 116, .box_w = 6, .box_h = 18, .ofs_x = 0, .ofs_y = -4},
    {.bitmap_index = 10968, .adv_w = 197, .box_w = 10, .box_h = 18, .ofs_x = 2, .ofs_y = -4},
    {.bitmap_index = 10991, .adv_w = 244, .box_w = 14, .box_h = 9, .ofs_x = 1, .ofs_y = 0},
    {.bitmap_index = 11007, .adv_w = 245, .box_w = 14, .box_h = 12, .ofs_x = 1, .ofs_y = -3},
    {.bitmap_index = 11028, .adv_w = 246, .box_w = 14, .box_h = 13, .ofs_x = 1, .ofs_y = -4},
    {.bitmap_index = 11051, .adv_w = 189, .box_w = 12, .box_h = 13, .ofs_x = -1, .ofs_y = -4},
    {.bitmap_index = 11071, .adv_w = 182, .box_w = 10, .box_h = 13, .ofs_x = 0, .ofs_y = -4},
    {.bitmap_index = 11088, .adv_w = 170, .box_w = 12, .box_h = 9, .ofs_x = 0, .ofs_y = 0},
    {.bitmap_index = 11102, .adv_w = 160, .box_w = 8, .box_h = 9, .ofs_x = 1, .ofs_y = 0},
    {.bitmap_index = 11111, .adv_w = 213, .box_w = 12, .box_h = 9, .ofs_x = 1, .ofs_y = 0},
    {.bitmap_index = 11125, .adv_w = 224, .box_w = 12, .box_h = 9, .ofs_x = 1, .ofs_y = 0},
    {.bitmap_index = 11139, .adv_w = 203, .box_w = 12, .box_h = 18, .ofs_x = 0, .ofs_y = -4},
    {.bitmap_index = 11166, .adv_w = 117, .box_w = 7, .box_h = 9, .ofs_x = 0, .ofs_y = 0},
    {.bitmap_index = 11174, .adv_w = 124, .box_w = 9, .box_h = 13, .ofs_x = 0, .ofs_y = 0},
    {.bitmap_index = 11189, .adv_w = 142, .box_w = 8, .box_h = 13, .ofs_x = 0, .ofs_y = -4},
    {.bitmap_index = 11202, .adv_w = 124, .box_w = 8, .box_h = 13, .ofs_x = 0, .ofs_y = -4},
    {.bitmap_index = 11215, .adv_w = 126, .box_w = 7, .box_h = 13, .ofs_x = 1, .ofs_y = -4},
    {.bitmap_index = 11227, .adv_w = 133, .box_w = 9, .box_h = 9, .ofs_x = 0, .ofs_y = 0},
    {.bitmap_index = 11238, .adv_w = 123, .box_w = 6, .box_h = 13, .ofs_x = 0, .ofs_y = -4},
    {.bitmap_index = 11248, .adv_w = 139, .box_w = 8, .box_h = 9, .ofs_x = 0, .ofs_y = 0},
    {.bitmap_index = 11257, .adv_w = 146, .box_w = 10, .box_h = 9, .ofs_x = 0, .ofs_y = 0},
    {.bitmap_index = 11269, .adv_w = 113, .box_w = 7, .box_h = 13, .ofs_x = 0, .ofs_y = -4},
    {.bitmap_index = 11281, .adv_w = 148, .box_w = 12, .box_h = 18, .ofs_x = -2, .ofs_y = -4},
    {.bitmap_index = 11308, .adv_w = 171, .box_w = 13, .box_h = 19, .ofs_x = -2, .ofs_y = -5},
    {.bitmap_index = 11339, .adv_w = 159, .box_w = 7, .box_h = 13, .ofs_x = 2, .ofs_y = -4},
    {.bitmap_index = 11351, .adv_w = 187, .box_w = 13, .box_h = 19, .ofs_x = -1, .ofs_y = -5},
    {.bitmap_index = 11382, .adv_w = 76, .box_w = 5, .box_h = 12, .ofs_x = 1, .ofs_y = 0},
    {.bitmap_index = 11390, .adv_w = 89, .box_w = 6, .box_h = 16, .ofs_x = 0, .ofs_y = -4},
    {.bitmap_index = 11402, .adv_w = 163, .box_w = 10, .box_h = 9, .ofs_x = 0, .ofs_y = 0},
    {.bitmap_index = 11414, .adv_w = 176, .box_w = 11, .box_h = 9, .ofs_x = 0, .ofs_y = 0},
    {.bitmap_index = 11427, .adv_w = 148, .box_w = 9, .box_h = 9, .ofs_x = 1, .ofs_y = 0},
    {.bitmap_index = 11438, .adv_w = 146, .box_w = 8, .box_h = 9, .ofs_x = 0, .ofs_y = 0},
    {.bitmap_index = 11447, .adv_w = 219, .box_w = 12, .box_h = 9, .ofs_x = 0, .ofs_y = 0},
    {.bitmap_index = 11461, .adv_w = 140, .box_w = 9, .box_h = 13, .ofs_x = 0, .ofs_y = 0},
    {.bitmap_index = 11476, .adv_w = 157, .box_w = 9, .box_h = 9, .ofs_x = 2, .ofs_y = 0},
    {.bitmap_index = 11487, .adv_w = 163, .box_w = 10, .box_h = 13, .ofs_x = 0, .ofs_y = -4},
    {.bitmap_index = 11504, .adv_w = 157, .box_w = 8, .box_h = 12, .ofs_x = 0, .ofs_y = -3},
    {.bitmap_index = 11516, .adv_w = 143, .box_w = 9, .box_h = 13, .ofs_x = -1, .ofs_y = -4},
    {.bitmap_index = 11531, .adv_w = 153, .box_w = 8, .box_h = 15, .ofs_x = 0, .ofs_y = -6},
    {.bitmap_index = 11546, .adv_w = 140, .box_w = 7, .box_h = 13, .ofs_x = 2, .ofs_y = 0},
    {.bitmap_index = 11558, .adv_w = 140, .box_w = 8, .box_h = 13, .ofs_x = 2, .ofs_y = 0},
    {.bitmap_index = 11571, .adv_w = 140, .box_w = 8, .box_h = 13, .ofs_x = 0, .ofs_y = 0},
    {.bitmap_index = 11584, .adv_w = 145, .box_w = 11, .box_h = 17, .ofs_x = 0, .ofs_y = -4},
    {.bitmap_index = 11608, .adv_w = 210, .box_w = 13, .box_h = 13, .ofs_x = 1, .ofs_y = 0},
    {.bitmap_index = 11630, .adv_w = 129, .box_w = 8, .box_h = 9, .ofs_x = 0, .ofs_y = 0},
    {.bitmap_index = 11639, .adv_w = 148, .box_w = 9, .box_h = 9, .ofs_x = 0, .ofs_y = 0},
    {.bitmap_index = 11650, .adv_w = 222, .box_w = 14, .box_h = 14, .ofs_x = 1, .ofs_y = 0},
    {.bitmap_index = 11675, .adv_w = 152, .box_w = 10, .box_h = 9, .ofs_x = 0, .ofs_y = 0},
    {.bitmap_index = 11687, .adv_w = 98, .box_w = 8, .box_h = 18, .ofs_x = -1, .ofs_y = -4},
    {.bitmap_index = 11705, .adv_w = 145, .box_w = 9, .box_h = 14, .ofs_x = 0, .ofs_y = -5},
    {.bitmap_index = 11721, .adv_w = 123, .box_w = 7, .box_h = 9, .ofs_x = 0, .ofs_y = 0},
    {.bitmap_index = 11729, .adv_w = 209, .box_w = 14, .box_h = 18, .ofs_x = 0, .ofs_y = -4},
    {.bitmap_index = 11761, .adv_w = 132, .box_w = 9, .box_h = 14, .ofs_x = 0, .ofs_y = 0},
    {.bitmap_index = 11777, .adv_w = 129, .box_w = 8, .box_h = 13, .ofs_x = 2, .ofs_y = 0},
    {.bitmap_index = 11790, .adv_w = 238, .box_w = 15, .box_h = 16, .ofs_x = 0, .ofs_y = -2},
    {.bitmap_index = 11820, .adv_w = 244, .box_w = 15, .box_h = 18, .ofs_x = 0, .ofs_y = -4},
    {.bitmap_index = 11854, .adv_w = 256, .box_w = 15, .box_h = 17, .ofs_x = 0, .ofs_y = -3},
    {.bitmap_index = 11886, .adv_w = 176, .box_w = 10, .box_h = 11, .ofs_x = 1, .ofs_y = 0},
    {.bitmap_index = 11900, .adv_w = 173, .box_w = 11, .box_h = 18, .ofs_x = 1, .ofs_y = -4},
    {.bitmap_index = 11925, .adv_w = 206, .box_w = 12, .box_h = 14, .ofs_x = 1, .ofs_y = -2},
    {.bitmap_index = 11946, .adv_w = 242, .box_w = 17, .box_h = 18, .ofs_x = -2, .ofs_y = -4},
    {.bitmap_index = 11985, .adv_w = 162, .box_w = 9, .box_h = 14, .ofs_x = 1, .ofs_y = 0},
    {.bitmap_index = 12001, .adv_w = 154, .box_w = 9, .box_h = 16, .ofs_x = 1, .ofs_y = -2},
    {.bitmap_index = 12019, .adv_w = 160, .box_w = 10, .box_h = 14, .ofs_x = 2, .ofs_y = 0},
    {.bitmap_index = 12037, .adv_w = 160, .box_w = 11, .box_h = 11, .ofs_x = 1, .ofs_y = 3},
    {.bitmap_index = 12053, .adv_w = 196, .box_w = 12, .box_h = 15, .ofs_x = 2, .ofs_y = -5},
    {.bitmap_index = 12076, .adv_w = 229, .box_w = 12, .box_h = 15, .ofs_x = 2, .ofs_y = -5},
    {.bitmap_index = 12099, .adv_w = 106, .box_w = 6, .box_h = 9, .ofs_x = 1, .ofs_y = 8},
    {.bitmap_index = 12106, .adv_w = 106, .box_w = 6, .box_h = 9, .ofs_x = 1, .ofs_y = 8},
    {.bitmap_index = 12113, .adv_w = 57, .box_w = 5, .box_h = 11, .ofs_x = 1, .ofs_y = 6},
    {.bitmap_index = 12120, .adv_w = 79, .box_w = 5, .box_h = 6, .ofs_x = 2, .ofs_y = 8},
    {.bitmap_index = 12124, .adv_w = 79, .box_w = 5, .box_h = 6, .ofs_x = 2, .ofs_y = 8},
    {.bitmap_index = 12128, .adv_w = 99, .box_w = 5, .box_h = 8, .ofs_x = 2, .ofs_y = 6},
    {.bitmap_index = 12133, .adv_w = 98, .box_w = 6, .box_h = 6, .ofs_x = 2, .ofs_y = 8},
    {.bitmap_index = 12138, .adv_w = 130, .box_w = 8, .box_h = 6, .ofs_x = 2, .ofs_y = 8},
    {.bitmap_index = 12144, .adv_w = 83, .box_w = 6, .box_h = 8, .ofs_x = 2, .ofs_y = 6},
    {.bitmap_index = 12150, .adv_w = 80, .box_w = 5, .box_h = 6, .ofs_x = 2, .ofs_y = 9},
    {.bitmap_index = 12154, .adv_w = 128, .box_w = 8, .box_h = 6, .ofs_x = 2, .ofs_y = 9},
    {.bitmap_index = 12160, .adv_w = 64, .box_w = 3, .box_h = 5, .ofs_x = 3, .ofs_y = 10},
    {.bitmap_index = 12162, .adv_w = 64, .box_w = 2, .box_h = 5, .ofs_x = 3, .ofs_y = 9},
    {.bitmap_index = 12164, .adv_w = 64, .box_w = 3, .box_h = 5, .ofs_x = 3, .ofs_y = 9},
    {.bitmap_index = 12166, .adv_w = 80, .box_w = 2, .box_h = 4, .ofs_x = 5, .ofs_y = 10},
    {.bitmap_index = 12167, .adv_w = 80, .box_w = 2, .box_h = 4, .ofs_x = 5, .ofs_y = 10},
    {.bitmap_index = 12168, .adv_w = 80, .box_w = 4, .box_h = 8, .ofs_x = 3, .ofs_y = 6},
    {.bitmap_index = 12172, .adv_w = 80, .box_w = 5, .box_h = 8, .ofs_x = 3, .ofs_y = 6},
    {.bitmap_index = 12177, .adv_w = 107, .box_w = 5, .box_h = 4, .ofs_x = 4, .ofs_y = 11},
    {.bitmap_index = 12180, .adv_w = 107, .box_w = 5, .box_h = 4, .ofs_x = 4, .ofs_y = 11},
    {.bitmap_index = 12183, .adv_w = 107, .box_w = 6, .box_h = 4, .ofs_x = 3, .ofs_y = 11},
    {.bitmap_index = 12186, .adv_w = 107, .box_w = 5, .box_h = 4, .ofs_x = 4, .ofs_y = 11},
    {.bitmap_index = 12189, .adv_w = 107, .box_w = 6, .box_h = 4, .ofs_x = 3, .ofs_y = 10},
    {.bitmap_index = 12192, .adv_w = 107, .box_w = 6, .box_h = 4, .ofs_x = 4, .ofs_y = 10},
    {.bitmap_index = 12195, .adv_w = 80, .box_w = 3, .box_h = 4, .ofs_x = 5, .ofs_y = 10},
    {.bitmap_index = 12197, .adv_w = 107, .box_w = 6, .box_h = 1, .ofs_x = 2, .ofs_y = 11},
    {.bitmap_index = 12198, .adv_w = 80, .box_w = 4, .box_h = 4, .ofs_x = 2, .ofs_y = 10},
    {.bitmap_index = 12200, .adv_w = 80, .box_w = 3, .box_h = 4, .ofs_x = 3, .ofs_y = 10},
    {.bitmap_index = 12202, .adv_w = 80, .box_w = 2, .box_h = 4, .ofs_x = 1, .ofs_y = -5},
    {.bitmap_index = 12203, .adv_w = 107, .box_w = 7, .box_h = 1, .ofs_x = -1, .ofs_y = -3},
    {.bitmap_index = 12204, .adv_w = 80, .box_w = 4, .box_h = 4, .ofs_x = -1, .ofs_y = -5},
    {.bitmap_index = 12206, .adv_w = 80, .box_w = 5, .box_h = 4, .ofs_x = -1, .ofs_y = -5},
    {.bitmap_index = 12209, .adv_w = 80, .box_w = 4, .box_h = 10, .ofs_x = 2, .ofs_y = 0},
    {.bitmap_index = 12214, .adv_w = 80, .box_w = 2, .box_h = 2, .ofs_x = 4, .ofs_y = 7},
    {.bitmap_index = 12215, .adv_w = 80, .box_w = 3, .box_h = 4, .ofs_x = 2, .ofs_y = 0},
    {.bitmap_index = 12217, .adv_w = 80, .box_w = 2, .box_h = 4, .ofs_x = 2, .ofs_y = 0},
    {.bitmap_index = 12218, .adv_w = 107, .box_w = 7, .box_h = 5, .ofs_x = 0, .ofs_y = 1},
    {.bitmap_index = 12223, .adv_w = 107, .box_w = 7, .box_h = 5, .ofs_x = 1, .ofs_y = 1},
    {.bitmap_index = 12228, .adv_w = 107, .box_w = 6, .box_h = 5, .ofs_x = 1, .ofs_y = 1},
    {.bitmap_index = 12232, .adv_w = 107, .box_w = 6, .box_h = 1, .ofs_x = 1, .ofs_y = 3},
    {.bitmap_index = 12233, .adv_w = 107, .box_w = 6, .box_h = 3, .ofs_x = 4, .ofs_y = 11},
    {.bitmap_index = 12236, .adv_w = 107, .box_w = 2, .box_h = 2, .ofs_x = 5, .ofs_y = 11},
    {.bitmap_index = 12237, .adv_w = 107, .box_w = 4, .box_h = 4, .ofs_x = 5, .ofs_y = 10},
    {.bitmap_index = 12239, .adv_w = 107, .box_w = 4, .box_h = 3, .ofs_x = 1, .ofs_y = -3},
    {.bitmap_index = 12241, .adv_w = 107, .box_w = 7, .box_h = 2, .ofs_x = 3, .ofs_y = 11},
    {.bitmap_index = 12243, .adv_w = 107, .box_w = 6, .box_h = 3, .ofs_x = 3, .ofs_y = 10},
    {.bitmap_index = 12246, .adv_w = 128, .box_w = 6, .box_h = 6, .ofs_x = 2, .ofs_y = 6},
    {.bitmap_index = 12251, .adv_w = 107, .box_w = 7, .box_h = 5, .ofs_x = 3, .ofs_y = 11},
    {.bitmap_index = 12256, .adv_w = 100, .box_w = 6, .box_h = 8, .ofs_x = 3, .ofs_y = 6},
    {.bitmap_index = 12262, .adv_w = 64, .box_w = 4, .box_h = 8, .ofs_x = 2, .ofs_y = 8},
    {.bitmap_index = 12266, .adv_w = 78, .box_w = 4, .box_h = 6, .ofs_x = 2, .ofs_y = 8},
    {.bitmap_index = 12269, .adv_w = 105, .box_w = 6, .box_h = 6, .ofs_x = 2, .ofs_y = 8},
    {.bitmap_index = 12274, .adv_w = 96, .box_w = 5, .box_h = 9, .ofs_x = 3, .ofs_y = 8},
    {.bitmap_index = 12280, .adv_w = 160, .box_w = 8, .box_h = 16, .ofs_x = 4, .ofs_y = 0},
    {.bitmap_index = 12296, .adv_w = 160, .box_w = 9, .box_h = 16, .ofs_x = 3, .ofs_y = 0},
    {.bitmap_index = 12314, .adv_w = 160, .box_w = 10, .box_h = 16, .ofs_x = 2, .ofs_y = 0},
    {.bitmap_index = 12334, .adv_w = 160, .box_w = 11, .box_h = 17, .ofs_x = 1, .ofs_y = 0},
    {.bitmap_index = 12358, .adv_w = 160, .box_w = 12, .box_h = 17, .ofs_x = 0, .ofs_y = 0},
    {.bitmap_index = 12384, .adv_w = 160, .box_w = 8, .box_h = 11, .ofs_x = 1, .ofs_y = 0},
    {.bitmap_index = 12395, .adv_w = 160, .box_w = 9, .box_h = 10, .ofs_x = 1, .ofs_y = 0},
    {.bitmap_index = 12407, .adv_w = 107, .box_w = 6, .box_h = 4, .ofs_x = 0, .ofs_y = -4},
    {.bitmap_index = 12410, .adv_w = 107, .box_w = 7, .box_h = 3, .ofs_x = 4, .ofs_y = 13},
    {.bitmap_index = 12413, .adv_w = 107, .box_w = 7, .box_h = 5, .ofs_x = 2, .ofs_y = 9},
    {.bitmap_index = 12418, .adv_w = 107, .box_w = 6, .box_h = 4, .ofs_x = 0, .ofs_y = -5},
    {.bitmap_index = 12421, .adv_w = 107, .box_w = 5, .box_h = 4, .ofs_x = 0, .ofs_y = -5},
    {.bitmap_index = 12424, .adv_w = 107, .box_w = 5, .box_h = 4, .ofs_x = 0, .ofs_y = -5},
    {.bitmap_index = 12427, .adv_w = 107, .box_w = 6, .box_h = 4, .ofs_x = -1, .ofs_y = -5},
    {.bitmap_index = 12430, .adv_w = 107, .box_w = 4, .box_h = 4, .ofs_x = 1, .ofs_y = -5},
    {.bitmap_index = 12432, .adv_w = 80, .box_w = 3, .box_h = 4, .ofs_x = 4, .ofs_y = 10},
    {.bitmap_index = 12434, .adv_w = 107, .box_w = 6, .box_h = 4, .ofs_x = 3, .ofs_y = 10},
    {.bitmap_index = 12437, .adv_w = 107, .box_w = 6, .box_h = 3, .ofs_x = 3, .ofs_y = 10},
    {.bitmap_index = 12440, .adv_w = 107, .box_w = 8, .box_h = 2, .ofs_x = -1, .ofs_y = -4},
    {.bitmap_index = 12442, .adv_w = 80, .box_w = 4, .box_h = 9, .ofs_x = 3, .ofs_y = 5},
    {.bitmap_index = 12447, .adv_w = 64, .box_w = 4, .box_h = 5, .ofs_x = 2, .ofs_y = 10},
    {.bitmap_index = 12450, .adv_w = 64, .box_w = 3, .box_h = 5, .ofs_x = 3, .ofs_y = 10},
    {.bitmap_index = 12452, .adv_w = 64, .box_w = 3, .box_h = 5, .ofs_x = 0, .ofs_y = -1},
    {.bitmap_index = 12454, .adv_w = 64, .box_w = 4, .box_h = 5, .ofs_x = 0, .ofs_y = -1},
    {.bitmap_index = 12457, .adv_w = 107, .box_w = 7, .box_h = 3, .ofs_x = -1, .ofs_y = -4},
    {.bitmap_index = 12460, .adv_w = 107, .box_w = 7, .box_h = 3, .ofs_x = -1, .ofs_y = -4},
    {.bitmap_index = 12463, .adv_w = 107, .box_w = 7, .box_h = 5, .ofs_x = -1, .ofs_y = -5},
    {.bitmap_index = 12468, .adv_w = 0, .box_w = 4, .box_h = 4, .ofs_x = -3, .ofs_y = 10},
    {.bitmap_index = 12470, .adv_w = 0, .box_w = 5, .box_h = 4, .ofs_x = -1, .ofs_y = 10},
    {.bitmap_index = 12473, .adv_w = 0, .box_w = 6, .box_h = 4, .ofs_x = -3, .ofs_y = 10},
    {.bitmap_index = 12476, .adv_w = 0, .box_w = 8, .box_h = 2, .ofs_x = -3, .ofs_y = 11},
    {.bitmap_index = 12478, .adv_w = 0, .box_w = 6, .box_h = 1, .ofs_x = -3, .ofs_y = 11},
    {.bitmap_index = 12479, .adv_w = 0, .box_w = 9, .box_h = 1, .ofs_x = -4, .ofs_y = 11},
    {.bitmap_index = 12481, .adv_w = 0, .box_w = 6, .box_h = 3, .ofs_x = -2, .ofs_y = 11},
    {.bitmap_index = 12484, .adv_w = 0, .box_w = 2, .box_h = 2, .ofs_x = -1, .ofs_y = 11},
    {.bitmap_index = 12485, .adv_w = 0, .box_w = 6, .box_h = 2, .ofs_x = -3, .ofs_y = 11},
    {.bitmap_index = 12487, .adv_w = 0, .box_w = 3, .box_h = 4, .ofs_x = -1, .ofs_y = 10},
    {.bitmap_index = 12489, .adv_w = 0, .box_w = 4, .box_h = 4, .ofs_x = -1, .ofs_y = 10},
    {.bitmap_index = 12491, .adv_w = 0, .box_w = 6, .box_h = 3, .ofs_x = -5, .ofs_y = 10},
    {.bitmap_index = 12494, .adv_w = 0, .box_w = 6, .box_h = 4, .ofs_x = -2, .ofs_y = 10},
    {.bitmap_index = 12497, .adv_w = 0, .box_w = 1, .box_h = 4, .ofs_x = 0, .ofs_y = 10},
    {.bitmap_index = 12498, .adv_w = 0, .box_w = 5, .box_h = 4, .ofs_x = -2, .ofs_y = 10},
    {.bitmap_index = 12501, .adv_w = 0, .box_w = 6, .box_h = 4, .ofs_x = -8, .ofs_y = 10},
    {.bitmap_index = 12504, .adv_w = 0, .box_w = 6, .box_h = 4, .ofs_x = -2, .ofs_y = 11},
    {.bitmap_index = 12507, .adv_w = 0, .box_w = 6, .box_h = 3, .ofs_x = -3, .ofs_y = 11},
    {.bitmap_index = 12510, .adv_w = 0, .box_w = 3, .box_h = 5, .ofs_x = -1, .ofs_y = 10},
    {.bitmap_index = 12512, .adv_w = 0, .box_w = 3, .box_h = 5, .ofs_x = -1, .ofs_y = 9},
    {.bitmap_index = 12514, .adv_w = 0, .box_w = 2, .box_h = 5, .ofs_x = 0, .ofs_y = 9},
    {.bitmap_index = 12516, .adv_w = 0, .box_w = 3, .box_h = 5, .ofs_x = 2, .ofs_y = 9},
    {.bitmap_index = 12518, .adv_w = 0, .box_w = 3, .box_h = 4, .ofs_x = -7, .ofs_y = -5},
    {.bitmap_index = 12520, .adv_w = 0, .box_w = 4, .box_h = 4, .ofs_x = -7, .ofs_y = -5},
    {.bitmap_index = 12522, .adv_w = 0, .box_w = 6, .box_h = 5, .ofs_x = -7, .ofs_y = -6},
    {.bitmap_index = 12526, .adv_w = 0, .box_w = 6, .box_h = 5, .ofs_x = -7, .ofs_y = -6},
    {.bitmap_index = 12530, .adv_w = 0, .box_w = 5, .box_h = 5, .ofs_x = 0, .ofs_y = 10},
    {.bitmap_index = 12534, .adv_w = 0, .box_w = 4, .box_h = 5, .ofs_x = 2, .ofs_y = 7},
    {.bitmap_index = 12537, .adv_w = 0, .box_w = 3, .box_h = 4, .ofs_x = -7, .ofs_y = -5},
    {.bitmap_index = 12539, .adv_w = 0, .box_w = 7, .box_h = 5, .ofs_x = -9, .ofs_y = -6},
    {.bitmap_index = 12544, .adv_w = 0, .box_w = 6, .box_h = 5, .ofs_x = -7, .ofs_y = -6},
    {.bitmap_index = 12548, .adv_w = 0, .box_w = 6, .box_h = 5, .ofs_x = -7, .ofs_y = -6},
    {.bitmap_index = 12552, .adv_w = 0, .box_w = 6, .box_h = 1, .ofs_x = -7, .ofs_y = -3},
    {.bitmap_index = 12553, .adv_w = 0, .box_w = 4, .box_h = 6, .ofs_x = -5, .ofs_y = -5},
    {.bitmap_index = 12556, .adv_w = 0, .box_w = 3, .box_h = 6, .ofs_x = -3, .ofs_y = -5},
    {.bitmap_index = 12559, .adv_w = 0, .box_w = 2, .box_h = 2, .ofs_x = -6, .ofs_y = -4},
    {.bitmap_index = 12560, .adv_w = 0, .box_w = 5, .box_h = 2, .ofs_x = -7, .ofs_y = -4},
    {.bitmap_index = 12562, .adv_w = 0, .box_w = 5, .box_h = 4, .ofs_x = -8, .ofs_y = -5},
    {.bitmap_index = 12565, .adv_w = 0, .box_w = 3, .box_h = 5, .ofs_x = -5, .ofs_y = -6},
    {.bitmap_index = 12567, .adv_w = 0, .box_w = 4, .box_h = 5, .ofs_x = -6, .ofs_y = -5},
    {.bitmap_index = 12570, .adv_w = 0, .box_w = 4, .box_h = 3, .ofs_x = -6, .ofs_y = -3},
    {.bitmap_index = 12572, .adv_w = 0, .box_w = 1, .box_h = 4, .ofs_x = -5, .ofs_y = -5},
    {.bitmap_index = 12573, .adv_w = 0, .box_w = 7, .box_h = 4, .ofs_x = -8, .ofs_y = -5},
    {.bitmap_index = 12577, .adv_w = 0, .box_w = 6, .box_h = 2, .ofs_x = -7, .ofs_y = -4},
    {.bitmap_index = 12579, .adv_w = 0, .box_w = 6, .box_h = 4, .ofs_x = -7, .ofs_y = -5},
    {.bitmap_index = 12582, .adv_w = 0, .box_w = 7, .box_h = 4, .ofs_x = -8, .ofs_y = -5},
    {.bitmap_index = 12586, .adv_w = 0, .box_w = 6, .box_h = 3, .ofs_x = -7, .ofs_y = -4},
    {.bitmap_index = 12589, .adv_w = 0, .box_w = 5, .box_h = 3, .ofs_x = -7, .ofs_y = -4},
    {.bitmap_index = 12591, .adv_w = 0, .box_w = 8, .box_h = 2, .ofs_x = -8, .ofs_y = -3},
    {.bitmap_index = 12593, .adv_w = 0, .box_w = 6, .box_h = 1, .ofs_x = -7, .ofs_y = -3},
    {.bitmap_index = 12594, .adv_w = 0, .box_w = 10, .box_h = 1, .ofs_x = -10, .ofs_y = -2},
    {.bitmap_index = 12596, .adv_w = 0, .box_w = 10, .box_h = 3, .ofs_x = -10, .ofs_y = -4},
    {.bitmap_index = 12600, .adv_w = 0, .box_w = 7, .box_h = 2, .ofs_x = -5, .ofs_y = 4},
    {.bitmap_index = 12602, .adv_w = 0, .box_w = 4, .box_h = 1, .ofs_x = -3, .ofs_y = 4},
    {.bitmap_index = 12603, .adv_w = 0, .box_w = 8, .box_h = 1, .ofs_x = -6, .ofs_y = 4},
    {.bitmap_index = 12604, .adv_w = 0, .box_w = 10, .box_h = 5, .ofs_x = -8, .ofs_y = 2},
    {.bitmap_index = 12611, .adv_w = 0, .box_w = 12, .box_h = 14, .ofs_x = -8, .ofs_y = -2},
    {.bitmap_index = 12632, .adv_w = 0, .box_w = 2, .box_h = 4, .ofs_x = -6, .ofs_y = -5},
    {.bitmap_index = 12633, .adv_w = 0, .box_w = 7, .box_h = 3, .ofs_x = -9, .ofs_y = -4},
    {.bitmap_index = 12636, .adv_w = 0, .box_w = 7, .box_h = 5, .ofs_x = -9, .ofs_y = -6},
    {.bitmap_index = 12641, .adv_w = 0, .box_w = 6, .box_h = 4, .ofs_x = -8, .ofs_y = -5},
    {.bitmap_index = 12644, .adv_w = 0, .box_w = 7, .box_h = 5, .ofs_x = -3, .ofs_y = 10},
    {.bitmap_index = 12649, .adv_w = 0, .box_w = 3, .box_h = 5, .ofs_x = 0, .ofs_y = 10},
    {.bitmap_index = 12651, .adv_w = 0, .box_w = 10, .box_h = 3, .ofs_x = -6, .ofs_y = 11},
    {.bitmap_index = 12655, .adv_w = 0, .box_w = 4, .box_h = 4, .ofs_x = -3, .ofs_y = 10},
    {.bitmap_index = 12657, .adv_w = 0, .box_w = 4, .box_h = 4, .ofs_x = -1, .ofs_y = 10},
    {.bitmap_index = 12659, .adv_w = 0, .box_w = 7, .box_h = 2, .ofs_x = -3, .ofs_y = 11},
    {.bitmap_index = 12661, .adv_w = 0, .box_w = 4, .box_h = 5, .ofs_x = -1, .ofs_y = 10},
    {.bitmap_index = 12664, .adv_w = 0, .box_w = 6, .box_h = 5, .ofs_x = -3, .ofs_y = 11},
    {.bitmap_index = 12668, .adv_w = 0, .box_w = 4, .box_h = 4, .ofs_x = -5, .ofs_y = -5},
    {.bitmap_index = 12670, .adv_w = 0, .box_w = 7, .box_h = 4, .ofs_x = -3, .ofs_y = 10},
    {.bitmap_index = 12674, .adv_w = 0, .box_w = 7, .box_h = 3, .ofs_x = -9, .ofs_y = -4},
    {.bitmap_index = 12677, .adv_w = 0, .box_w = 4, .box_h = 4, .ofs_x = -6, .ofs_y = -5},
    {.bitmap_index = 12679, .adv_w = 0, .box_w = 3, .box_h = 3, .ofs_x = -6, .ofs_y = -4},
    {.bitmap_index = 12681, .adv_w = 0, .box_w = 7, .box_h = 4, .ofs_x = -5, .ofs_y = 10},
    {.bitmap_index = 12685, .adv_w = 0, .box_w = 8, .box_h = 6, .ofs_x = -3, .ofs_y = 10},
    {.bitmap_index = 12691, .adv_w = 0, .box_w = 8, .box_h = 5, .ofs_x = -3, .ofs_y = 11},
    {.bitmap_index = 12696, .adv_w = 0, .box_w = 8, .box_h = 5, .ofs_x = -9, .ofs_y = -5},
    {.bitmap_index = 12701, .adv_w = 0, .box_w = 4, .box_h = 6, .ofs_x = -6, .ofs_y = -6},
    {.bitmap_index = 12704, .adv_w = 0, .box_w = 1, .box_h = 1, .ofs_x = 0, .ofs_y = 0},
    {.bitmap_index = 12705, .adv_w = 0, .box_w = 6, .box_h = 4, .ofs_x = -2, .ofs_y = 10},
    {.bitmap_index = 12708, .adv_w = 0, .box_w = 3, .box_h = 4, .ofs_x = -1, .ofs_y = 10},
    {.bitmap_index = 12710, .adv_w = 0, .box_w = 6, .box_h = 4, .ofs_x = -3, .ofs_y = 10},
    {.bitmap_index = 12713, .adv_w = 0, .box_w = 7, .box_h = 5, .ofs_x = -9, .ofs_y = -6},
    {.bitmap_index = 12718, .adv_w = 0, .box_w = 6, .box_h = 4, .ofs_x = -7, .ofs_y = -5},
    {.bitmap_index = 12721, .adv_w = 0, .box_w = 6, .box_h = 4, .ofs_x = -8, .ofs_y = -5},
    {.bitmap_index = 12724, .adv_w = 0, .box_w = 10, .box_h = 4, .ofs_x = -11, .ofs_y = -5},
    {.bitmap_index = 12729, .adv_w = 0, .box_w = 2, .box_h = 4, .ofs_x = -1, .ofs_y = 9},
    {.bitmap_index = 12730, .adv_w = 0, .box_w = 2, .box_h = 2, .ofs_x = -2, .ofs_y = 11},
    {.bitmap_index = 12731, .adv_w = 0, .box_w = 4, .box_h = 4, .ofs_x = -7, .ofs_y = -5},
    {.bitmap_index = 12733, .adv_w = 0, .box_w = 7, .box_h = 4, .ofs_x = -9, .ofs_y = -5},
    {.bitmap_index = 12737, .adv_w = 0, .box_w = 5, .box_h = 5, .ofs_x = -4, .ofs_y = 10},
    {.bitmap_index = 12741, .adv_w = 0, .box_w = 11, .box_h = 3, .ofs_x = -6, .ofs_y = -4},
    {.bitmap_index = 12746, .adv_w = 0, .box_w = 11, .box_h = 3, .ofs_x = -2, .ofs_y = 11},
    {.bitmap_index = 12751, .adv_w = 0, .box_w = 11, .box_h = 1, .ofs_x = -3, .ofs_y = 11},
    {.bitmap_index = 12753, .adv_w = 0, .box_w = 12, .box_h = 1, .ofs_x = -6, .ofs_y = -3},
    {.bitmap_index = 12755, .adv_w = 0, .box_w = 12, .box_h = 2, .ofs_x = -2, .ofs_y = 12},
    {.bitmap_index = 12758, .adv_w = 0, .box_w = 12, .box_h = 3, .ofs_x = -3, .ofs_y = 11},
    {.bitmap_index = 12763, .adv_w = 0, .box_w = 11, .box_h = 5, .ofs_x = -6, .ofs_y = -5},
    {.bitmap_index = 12770, .adv_w = 0, .box_w = 4, .box_h = 5, .ofs_x = -6, .ofs_y = 10},
    {.bitmap_index = 12773, .adv_w = 0, .box_w = 3, .box_h = 5, .ofs_x = -5, .ofs_y = 10},
    {.bitmap_index = 12775, .adv_w = 0, .box_w = 2, .box_h = 6, .ofs_x = -4, .ofs_y = 10},
    {.bitmap_index = 12777, .adv_w = 0, .box_w = 4, .box_h = 5, .ofs_x = -6, .ofs_y = 10},
    {.bitmap_index = 12780, .adv_w = 0, .box_w = 4, .box_h = 4, .ofs_x = -6, .ofs_y = 10},
    {.bitmap_index = 12782, .adv_w = 0, .box_w = 4, .box_h = 5, .ofs_x = -6, .ofs_y = 10},
    {.bitmap_index = 12785, .adv_w = 0, .box_w = 5, .box_h = 7, .ofs_x = -6, .ofs_y = 10},
    {.bitmap_index = 12790, .adv_w = 0, .box_w = 4, .box_h = 6, .ofs_x = -5, .ofs_y = 11},
    {.bitmap_index = 12793, .adv_w = 0, .box_w = 6, .box_h = 4, .ofs_x = -6, .ofs_y = 11},
    {.bitmap_index = 12796, .adv_w = 0, .box_w = 3, .box_h = 4, .ofs_x = -5, .ofs_y = 10},
    {.bitmap_index = 12798, .adv_w = 0, .box_w = 2, .box_h = 5, .ofs_x = -5, .ofs_y = 10},
    {.bitmap_index = 12800, .adv_w = 0, .box_w = 3, .box_h = 4, .ofs_x = -5, .ofs_y = 10},
    {.bitmap_index = 12802, .adv_w = 0, .box_w = 4, .box_h = 4, .ofs_x = -6, .ofs_y = 10},
    {.bitmap_index = 12804, .adv_w = 64, .box_w = 4, .box_h = 5, .ofs_x = 1, .ofs_y = 11},
    {.bitmap_index = 12807, .adv_w = 64, .box_w = 4, .box_h = 5, .ofs_x = 0, .ofs_y = -4},
    {.bitmap_index = 12810, .adv_w = 106, .box_w = 4, .box_h = 3, .ofs_x = 0, .ofs_y = -4},
    {.bitmap_index = 12812, .adv_w = 107, .box_w = 4, .box_h = 11, .ofs_x = 1, .ofs_y = -2},
    {.bitmap_index = 12818, .adv_w = 82, .box_w = 3, .box_h = 5, .ofs_x = 2, .ofs_y = 11},
    {.bitmap_index = 12820, .adv_w = 107, .box_w = 6, .box_h = 5, .ofs_x = 3, .ofs_y = 11},
    {.bitmap_index = 12824, .adv_w = 212, .box_w = 13, .box_h = 14, .ofs_x = 0, .ofs_y = 0},
    {.bitmap_index = 12847, .adv_w = 80, .box_w = 2, .box_h = 2, .ofs_x = 3, .ofs_y = 7},
    {.bitmap_index = 12848, .adv_w = 254, .box_w = 14, .box_h = 14, .ofs_x = 3, .ofs_y = 0},
    {.bitmap_index = 12873, .adv_w = 289, .box_w = 16, .box_h = 15, .ofs_x = 3, .ofs_y = 0},
    {.bitmap_index = 12903, .adv_w = 168, .box_w = 9, .box_h = 14, .ofs_x = 3, .ofs_y = 0},
    {.bitmap_index = 12919, .adv_w = 261, .box_w = 13, .box_h = 13, .ofs_x = 3, .ofs_y = 0},
    {.bitmap_index = 12941, .adv_w = 268, .box_w = 15, .box_h = 14, .ofs_x = 3, .ofs_y = 0},
    {.bitmap_index = 12968, .adv_w = 281, .box_w = 16, .box_h = 14, .ofs_x = 2, .ofs_y = 0},
    {.bitmap_index = 12996, .adv_w = 86, .box_w = 7, .box_h = 16, .ofs_x = 0, .ofs_y = 0},
    {.bitmap_index = 13010, .adv_w = 212, .box_w = 13, .box_h = 14, .ofs_x = 0, .ofs_y = 0},
    {.bitmap_index = 13033, .adv_w = 186, .box_w = 12, .box_h = 13, .ofs_x = 0, .ofs_y = 0},
    {.bitmap_index = 13053, .adv_w = 190, .box_w = 13, .box_h = 13, .ofs_x = 0, .ofs_y = 0},
    {.bitmap_index = 13075, .adv_w = 211, .box_w = 12, .box_h = 14, .ofs_x = 0, .ofs_y = 0},
    {.bitmap_index = 13096, .adv_w = 196, .box_w = 13, .box_h = 13, .ofs_x = 0, .ofs_y = 0},
    {.bitmap_index = 13118, .adv_w = 194, .box_w = 12, .box_h = 13, .ofs_x = 0, .ofs_y = 0},
    {.bitmap_index = 13138, .adv_w = 226, .box_w = 16, .box_h = 13, .ofs_x = 0, .ofs_y = 0},
    {.bitmap_index = 13164, .adv_w = 212, .box_w = 13, .box_h = 13, .ofs_x = 1, .ofs_y = 0},
    {.bitmap_index = 13186, .adv_w = 107, .box_w = 8, .box_h = 13, .ofs_x = 0, .ofs_y = 0},
    {.bitmap_index = 13199, .adv_w = 205, .box_w = 14, .box_h = 13, .ofs_x = 0, .ofs_y = 0},
    {.bitmap_index = 13222, .adv_w = 212, .box_w = 12, .box_h = 14, .ofs_x = 0, .ofs_y = 0},
    {.bitmap_index = 13243, .adv_w = 263, .box_w = 18, .box_h = 13, .ofs_x = 0, .ofs_y = 0},
    {.bitmap_index = 13273, .adv_w = 217, .box_w = 15, .box_h = 13, .ofs_x = 0, .ofs_y = 0},
    {.bitmap_index = 13298, .adv_w = 217, .box_w = 14, .box_h = 13, .ofs_x = 0, .ofs_y = 0},
    {.bitmap_index = 13321, .adv_w = 210, .box_w = 13, .box_h = 13, .ofs_x = 1, .ofs_y = 0},
    {.bitmap_index = 13343, .adv_w = 223, .box_w = 15, .box_h = 13, .ofs_x = 0, .ofs_y = 0},
    {.bitmap_index = 13368, .adv_w = 181, .box_w = 12, .box_h = 13, .ofs_x = 0, .ofs_y = 0},
    {.bitmap_index = 13388, .adv_w = 209, .box_w = 14, .box_h = 13, .ofs_x = 0, .ofs_y = 0},
    {.bitmap_index = 13411, .adv_w = 191, .box_w = 12, .box_h = 13, .ofs_x = 2, .ofs_y = 0},
    {.bitmap_index = 13431, .adv_w = 217, .box_w = 12, .box_h = 13, .ofs_x = 2, .ofs_y = 0},
    {.bitmap_index = 13451, .adv_w = 240, .box_w = 14, .box_h = 13, .ofs_x = 1, .ofs_y = 0},
    {.bitmap_index = 13474, .adv_w = 213, .box_w = 14, .box_h = 13, .ofs_x = 0, .ofs_y = 0},
    {.bitmap_index = 13497, .adv_w = 263, .box_w = 16, .box_h = 13, .ofs_x = 2, .ofs_y = 0},
    {.bitmap_index = 13523, .adv_w = 245, .box_w = 15, .box_h = 13, .ofs_x = 0, .ofs_y = 0},
    {.bitmap_index = 13548, .adv_w = 107, .box_w = 9, .box_h = 17, .ofs_x = 0, .ofs_y = 0},
    {.bitmap_index = 13568, .adv_w = 223, .box_w = 12, .box_h = 17, .ofs_x = 2, .ofs_y = 0},
    {.bitmap_index = 13594, .adv_w = 180, .box_w = 11, .box_h = 14, .ofs_x = 0, .ofs_y = 0},
    {.bitmap_index = 13614, .adv_w = 138, .box_w = 8, .box_h = 14, .ofs_x = 0, .ofs_y = 0},
    {.bitmap_index = 13628, .adv_w = 172, .box_w = 9, .box_h = 18, .ofs_x = 1, .ofs_y = -4},
    {.bitmap_index = 13649, .adv_w = 86, .box_w = 6, .box_h = 14, .ofs_x = 0, .ofs_y = 0},
    {.bitmap_index = 13660, .adv_w = 173, .box_w = 9, .box_h = 16, .ofs_x = 1, .ofs_y = 0},
    {.bitmap_index = 13678, .adv_w = 180, .box_w = 11, .box_h = 9, .ofs_x = 0, .ofs_y = 0},
    {.bitmap_index = 13691, .adv_w = 163, .box_w = 11, .box_h = 18, .ofs_x = -1, .ofs_y = -4},
    {.bitmap_index = 13716, .adv_w = 159, .box_w = 8, .box_h = 13, .ofs_x = 1, .ofs_y = -4},
    {.bitmap_index = 13729, .adv_w = 166, .box_w = 9, .box_h = 14, .ofs_x = 1, .ofs_y = 0},
    {.bitmap_index = 13745, .adv_w = 138, .box_w = 8, .box_h = 9, .ofs_x = 0, .ofs_y = 0},
    {.bitmap_index = 13754, .adv_w = 131, .box_w = 9, .box_h = 18, .ofs_x = 0, .ofs_y = -4},
    {.bitmap_index = 13775, .adv_w = 172, .box_w = 9, .box_h = 13, .ofs_x = 1, .ofs_y = -4},
    {.bitmap_index = 13790, .adv_w = 167, .box_w = 10, .box_h = 13, .ofs_x = 0, .ofs_y = 0},
    {.bitmap_index = 13807, .adv_w = 86, .box_w = 5, .box_h = 9, .ofs_x = 0, .ofs_y = 0},
    {.bitmap_index = 13813, .adv_w = 157, .box_w = 9, .box_h = 9, .ofs_x = 0, .ofs_y = 0},
    {.bitmap_index = 13824, .adv_w = 156, .box_w = 9, .box_h = 14, .ofs_x = 0, .ofs_y = 0},
    {.bitmap_index = 13840, .adv_w = 160, .box_w = 10, .box_h = 13, .ofs_x = -1, .ofs_y = -4},
    {.bitmap_index = 13857, .adv_w = 165, .box_w = 9, .box_h = 9, .ofs_x = 1, .ofs_y = 0},
    {.bitmap_index = 13868, .adv_w = 141, .box_w = 9, .box_h = 18, .ofs_x = 0, .ofs_y = -4},
    {.bitmap_index = 13889, .adv_w = 168, .box_w = 10, .box_h = 9, .ofs_x = 0, .ofs_y = 0},
    {.bitmap_index = 13901, .adv_w = 195, .box_w = 12, .box_h = 9, .ofs_x = 0, .ofs_y = 0},
    {.bitmap_index = 13915, .adv_w = 162, .box_w = 9, .box_h = 13, .ofs_x = 0, .ofs_y = -4},
    {.bitmap_index = 13930, .adv_w = 135, .box_w = 8, .box_h = 13, .ofs_x = 0, .ofs_y = -4},
    {.bitmap_index = 13943, .adv_w = 170, .box_w = 11, .box_h = 9, .ofs_x = 0, .ofs_y = 0},
    {.bitmap_index = 13956, .adv_w = 153, .box_w = 9, .box_h = 9, .ofs_x = 1, .ofs_y = 0},
    {.bitmap_index = 13967, .adv_w = 173, .box_w = 9, .box_h = 9, .ofs_x = 1, .ofs_y = 0},
    {.bitmap_index = 13978, .adv_w = 201, .box_w = 12, .box_h = 13, .ofs_x = 0, .ofs_y = -4},
    {.bitmap_index = 13998, .adv_w = 160, .box_w = 11, .box_h = 13, .ofs_x = -1, .ofs_y = -4},
    {.bitmap_index = 14016, .adv_w = 233, .box_w = 13, .box_h = 16, .ofs_x = 1, .ofs_y = -4},
    {.bitmap_index = 14042, .adv_w = 224, .box_w = 13, .box_h = 9, .ofs_x = 0, .ofs_y = 0},
    {.bitmap_index = 14057, .adv_w = 99, .box_w = 6, .box_h = 12, .ofs_x = 1, .ofs_y = 0},
    {.bitmap_index = 14066, .adv_w = 173, .box_w = 9, .box_h = 12, .ofs_x = 1, .ofs_y = 0},
    {.bitmap_index = 14080, .adv_w = 168, .box_w = 10, .box_h = 14, .ofs_x = 0, .ofs_y = 0},
    {.bitmap_index = 14098, .adv_w = 173, .box_w = 9, .box_h = 14, .ofs_x = 1, .ofs_y = 0},
    {.bitmap_index = 14114, .adv_w = 224, .box_w = 13, .box_h = 14, .ofs_x = 0, .ofs_y = 0},
    {.bitmap_index = 14137, .adv_w = 172, .box_w = 11, .box_h = 15, .ofs_x = 0, .ofs_y = 0},
    {.bitmap_index = 14158, .adv_w = 202, .box_w = 11, .box_h = 15, .ofs_x = 1, .ofs_y = 0},
    {.bitmap_index = 14179, .adv_w = 202, .box_w = 12, .box_h = 13, .ofs_x = 2, .ofs_y = 0},
    {.bitmap_index = 14199, .adv_w = 262, .box_w = 16, .box_h = 14, .ofs_x = 2, .ofs_y = 0},
    {.bitmap_index = 14227, .adv_w = 218, .box_w = 12, .box_h = 17, .ofs_x = 3, .ofs_y = 0},
    {.bitmap_index = 14253, .adv_w = 196, .box_w = 12, .box_h = 17, .ofs_x = 0, .ofs_y = -4},
    {.bitmap_index = 14279, .adv_w = 225, .box_w = 14, .box_h = 11, .ofs_x = 1, .ofs_y = 0},
    {.bitmap_index = 14299, .adv_w = 169, .box_w = 9, .box_h = 12, .ofs_x = 1, .ofs_y = -3},
    {.bitmap_index = 14313, .adv_w = 178, .box_w = 11, .box_h = 13, .ofs_x = 2, .ofs_y = 0},
    {.bitmap_index = 14331, .adv_w = 175, .box_w = 10, .box_h = 13, .ofs_x = 0, .ofs_y = -4},
    {.bitmap_index = 14348, .adv_w = 188, .box_w = 10, .box_h = 13, .ofs_x = 2, .ofs_y = 0},
    {.bitmap_index = 14365, .adv_w = 159, .box_w = 10, .box_h = 13, .ofs_x = 0, .ofs_y = -4},
    {.bitmap_index = 14382, .adv_w = 195, .box_w = 13, .box_h = 13, .ofs_x = 0, .ofs_y = 0},
    {.bitmap_index = 14404, .adv_w = 153, .box_w = 12, .box_h = 13, .ofs_x = -2, .ofs_y = -4},
    {.bitmap_index = 14424, .adv_w = 209, .box_w = 11, .box_h = 13, .ofs_x = 1, .ofs_y = 0},
    {.bitmap_index = 14442, .adv_w = 131, .box_w = 7, .box_h = 17, .ofs_x = 0, .ofs_y = -3},
    {.bitmap_index = 14457, .adv_w = 230, .box_w = 13, .box_h = 14, .ofs_x = 0, .ofs_y = 0},
    {.bitmap_index = 14480, .adv_w = 174, .box_w = 10, .box_h = 18, .ofs_x = 0, .ofs_y = -4},
    {.bitmap_index = 14503, .adv_w = 180, .box_w = 9, .box_h = 9, .ofs_x = 1, .ofs_y = 0},
    {.bitmap_index = 14514, .adv_w = 175, .box_w = 10, .box_h = 13, .ofs_x = 0, .ofs_y = -4},
    {.bitmap_index = 14531, .adv_w = 158, .box_w = 9, .box_h = 9, .ofs_x = 0, .ofs_y = 0},
    {.bitmap_index = 14542, .adv_w = 91, .box_w = 8, .box_h = 17, .ofs_x = -1, .ofs_y = -4},
    {.bitmap_index = 14559, .adv_w = 212, .box_w = 13, .box_h = 13, .ofs_x = 1, .ofs_y = 0},
    {.bitmap_index = 14581, .adv_w = 90, .box_w = 6, .box_h = 9, .ofs_x = 0, .ofs_y = 0},
    {.bitmap_index = 14588, .adv_w = 90, .box_w = 5, .box_h = 9, .ofs_x = 1, .ofs_y = 0},
    {.bitmap_index = 14594, .adv_w = 173, .box_w = 12, .box_h = 13, .ofs_x = -1, .ofs_y = 0},
    {.bitmap_index = 14614, .adv_w = 160, .box_w = 10, .box_h = 18, .ofs_x = -1, .ofs_y = -4},
    {.bitmap_index = 14637, .adv_w = 225, .box_w = 12, .box_h = 13, .ofs_x = 1, .ofs_y = 0},
    {.bitmap_index = 14657, .adv_w = 266, .box_w = 17, .box_h = 13, .ofs_x = 0, .ofs_y = 0},
    {.bitmap_index = 14685, .adv_w = 225, .box_w = 14, .box_h = 13, .ofs_x = -1, .ofs_y = -4},
    {.bitmap_index = 14708, .adv_w = 171, .box_w = 12, .box_h = 13, .ofs_x = -3, .ofs_y = -4},
    {.bitmap_index = 14728, .adv_w = 225, .box_w = 12, .box_h = 13, .ofs_x = 1, .ofs_y = 0},
    {.bitmap_index = 14748, .adv_w = 225, .box_w = 12, .box_h = 13, .ofs_x = 1, .ofs_y = 0},
    {.bitmap_index = 14768, .adv_w = 225, .box_w = 12, .box_h = 13, .ofs_x = 1, .ofs_y = 0},
    {.bitmap_index = 14788, .adv_w = 184, .box_w = 13, .box_h = 18, .ofs_x = 0, .ofs_y = 0},
    {.bitmap_index = 14818, .adv_w = 184, .box_w = 13, .box_h = 17, .ofs_x = 0, .ofs_y = 0},
    {.bitmap_index = 14846, .adv_w = 214, .box_w = 12, .box_h = 13, .ofs_x = 1, .ofs_y = 0},
    {.bitmap_index = 14866, .adv_w = 190, .box_w = 13, .box_h = 19, .ofs_x = 0, .ofs_y = 0},
    {.bitmap_index = 14897, .adv_w = 203, .box_w = 13, .box_h = 13, .ofs_x = 1, .ofs_y = 0},
    {.bitmap_index = 14919, .adv_w = 145, .box_w = 10, .box_h = 13, .ofs_x = 0, .ofs_y = 0},
    {.bitmap_index = 14936, .adv_w = 103, .box_w = 8, .box_h = 13, .ofs_x = 0, .ofs_y = 0},
    {.bitmap_index = 14949, .adv_w = 103, .box_w = 9, .box_h = 17, .ofs_x = 0, .ofs_y = 0},
    {.bitmap_index = 14969, .adv_w = 137, .box_w = 10, .box_h = 13, .ofs_x = 0, .ofs_y = 0},
    {.bitmap_index = 14986, .adv_w = 317, .box_w = 19, .box_h = 13, .ofs_x = 0, .ofs_y = 0},
    {.bitmap_index = 15017, .adv_w = 308, .box_w = 19, .box_h = 13, .ofs_x = 0, .ofs_y = 0},
    {.bitmap_index = 15048, .adv_w = 225, .box_w = 13, .box_h = 13, .ofs_x = 1, .ofs_y = 0},
    {.bitmap_index = 15070, .adv_w = 206, .box_w = 14, .box_h = 19, .ofs_x = 0, .ofs_y = 0},
    {.bitmap_index = 15104, .adv_w = 230, .box_w = 15, .box_h = 18, .ofs_x = 0, .ofs_y = 0},
    {.bitmap_index = 15138, .adv_w = 236, .box_w = 14, .box_h = 18, .ofs_x = 2, .ofs_y = 0},
    {.bitmap_index = 15170, .adv_w = 233, .box_w = 15, .box_h = 17, .ofs_x = 0, .ofs_y = -4},
    {.bitmap_index = 15202, .adv_w = 208, .box_w = 12, .box_h = 13, .ofs_x = 0, .ofs_y = 0},
    {.bitmap_index = 15222, .adv_w = 187, .box_w = 12, .box_h = 13, .ofs_x = 0, .ofs_y = 0},
    {.bitmap_index = 15242, .adv_w = 189, .box_w = 12, .box_h = 13, .ofs_x = 0, .ofs_y = 0},
    {.bitmap_index = 15262, .adv_w = 190, .box_w = 13, .box_h = 13, .ofs_x = 0, .ofs_y = 0},
    {.bitmap_index = 15284, .adv_w = 214, .box_w = 17, .box_h = 17, .ofs_x = -2, .ofs_y = -4},
    {.bitmap_index = 15321, .adv_w = 184, .box_w = 13, .box_h = 13, .ofs_x = 0, .ofs_y = 0},
    {.bitmap_index = 15343, .adv_w = 316, .box_w = 20, .box_h = 13, .ofs_x = 0, .ofs_y = 0},
    {.bitmap_index = 15376, .adv_w = 189, .box_w = 11, .box_h = 13, .ofs_x = 0, .ofs_y = 0},
    {.bitmap_index = 15394, .adv_w = 230, .box_w = 15, .box_h = 13, .ofs_x = 0, .ofs_y = 0},
    {.bitmap_index = 15419, .adv_w = 230, .box_w = 15, .box_h = 17, .ofs_x = 0, .ofs_y = 0},
    {.bitmap_index = 15451, .adv_w = 206, .box_w = 14, .box_h = 13, .ofs_x = 0, .ofs_y = 0},
    {.bitmap_index = 15474, .adv_w = 222, .box_w = 16, .box_h = 13, .ofs_x = -1, .ofs_y = 0},
    {.bitmap_index = 15500, .adv_w = 263, .box_w = 18, .box_h = 13, .ofs_x = 0, .ofs_y = 0},
    {.bitmap_index = 15530, .adv_w = 226, .box_w = 16, .box_h = 13, .ofs_x = 0, .ofs_y = 0},
    {.bitmap_index = 15556, .adv_w = 210, .box_w = 13, .box_h = 13, .ofs_x = 1, .ofs_y = 0},
    {.bitmap_index = 15578, .adv_w = 223, .box_w = 15, .box_h = 13, .ofs_x = 0, .ofs_y = 0},
    {.bitmap_index = 15603, .adv_w = 181, .box_w = 12, .box_h = 13, .ofs_x = 0, .ofs_y = 0},
    {.bitmap_index = 15623, .adv_w = 196, .box_w = 12, .box_h = 13, .ofs_x = 1, .ofs_y = 0},
    {.bitmap_index = 15643, .adv_w = 188, .box_w = 11, .box_h = 13, .ofs_x = 2, .ofs_y = 0},
    {.bitmap_index = 15661, .adv_w = 236, .box_w = 14, .box_h = 13, .ofs_x = 2, .ofs_y = 0},
    {.bitmap_index = 15684, .adv_w = 240, .box_w = 14, .box_h = 13, .ofs_x = 1, .ofs_y = 0},
    {.bitmap_index = 15707, .adv_w = 213, .box_w = 14, .box_h = 13, .ofs_x = 0, .ofs_y = 0},
    {.bitmap_index = 15730, .adv_w = 223, .box_w = 15, .box_h = 17, .ofs_x = 0, .ofs_y = -4},
    {.bitmap_index = 15762, .adv_w = 205, .box_w = 12, .box_h = 13, .ofs_x = 2, .ofs_y = 0},
    {.bitmap_index = 15782, .adv_w = 311, .box_w = 21, .box_h = 13, .ofs_x = 0, .ofs_y = 0},
    {.bitmap_index = 15817, .adv_w = 315, .box_w = 21, .box_h = 17, .ofs_x = 0, .ofs_y = -4},
    {.bitmap_index = 15862, .adv_w = 229, .box_w = 12, .box_h = 13, .ofs_x = 2, .ofs_y = 0},
    {.bitmap_index = 15882, .adv_w = 281, .box_w = 19, .box_h = 13, .ofs_x = 0, .ofs_y = 0},
    {.bitmap_index = 15913, .adv_w = 186, .box_w = 11, .box_h = 13, .ofs_x = 0, .ofs_y = 0},
    {.bitmap_index = 15931, .adv_w = 190, .box_w = 12, .box_h = 13, .ofs_x = 0, .ofs_y = 0},
    {.bitmap_index = 15951, .adv_w = 315, .box_w = 20, .box_h = 13, .ofs_x = 0, .ofs_y = 0},
    {.bitmap_index = 15984, .adv_w = 219, .box_w = 15, .box_h = 13, .ofs_x = 0, .ofs_y = 0},
    {.bitmap_index = 16009, .adv_w = 159, .box_w = 10, .box_h = 9, .ofs_x = 0, .ofs_y = 0},
    {.bitmap_index = 16021, .adv_w = 152, .box_w = 11, .box_h = 15, .ofs_x = 1, .ofs_y = 0},
    {.bitmap_index = 16042, .adv_w = 134, .box_w = 7, .box_h = 9, .ofs_x = 1, .ofs_y = 0},
    {.bitmap_index = 16050, .adv_w = 113, .box_w = 7, .box_h = 9, .ofs_x = 0, .ofs_y = 0},
    {.bitmap_index = 16058, .adv_w = 158, .box_w = 8, .box_h = 14, .ofs_x = 1, .ofs_y = 0},
    {.bitmap_index = 16072, .adv_w = 130, .box_w = 8, .box_h = 9, .ofs_x = 0, .ofs_y = 0},
    {.bitmap_index = 16081, .adv_w = 292, .box_w = 18, .box_h = 9, .ofs_x = 0, .ofs_y = 0},
    {.bitmap_index = 16102, .adv_w = 132, .box_w = 8, .box_h = 9, .ofs_x = 0, .ofs_y = 0},
    {.bitmap_index = 16111, .adv_w = 155, .box_w = 8, .box_h = 9, .ofs_x = 1, .ofs_y = 0},
    {.bitmap_index = 16120, .adv_w = 155, .box_w = 8, .box_h = 13, .ofs_x = 1, .ofs_y = 0},
    {.bitmap_index = 16133, .adv_w = 155, .box_w = 9, .box_h = 9, .ofs_x = 0, .ofs_y = 0},
    {.bitmap_index = 16144, .adv_w = 161, .box_w = 10, .box_h = 9, .ofs_x = 0, .ofs_y = 0},
    {.bitmap_index = 16156, .adv_w = 205, .box_w = 12, .box_h = 9, .ofs_x = 0, .ofs_y = 0},
    {.bitmap_index = 16170, .adv_w = 157, .box_w = 9, .box_h = 9, .ofs_x = 0, .ofs_y = 0},
    {.bitmap_index = 16181, .adv_w = 151, .box_w = 9, .box_h = 9, .ofs_x = 0, .ofs_y = 0},
    {.bitmap_index = 16192, .adv_w = 158, .box_w = 9, .box_h = 9, .ofs_x = 0, .ofs_y = 0},
    {.bitmap_index = 16203, .adv_w = 150, .box_w = 11, .box_h = 13, .ofs_x = -2, .ofs_y = -4},
    {.bitmap_index = 16221, .adv_w = 140, .box_w = 7, .box_h = 9, .ofs_x = 1, .ofs_y = 0},
    {.bitmap_index = 16229, .adv_w = 232, .box_w = 14, .box_h = 9, .ofs_x = 0, .ofs_y = 0},
    {.bitmap_index = 16245, .adv_w = 153, .box_w = 9, .box_h = 13, .ofs_x = 0, .ofs_y = -4},
    {.bitmap_index = 16260, .adv_w = 235, .box_w = 14, .box_h = 17, .ofs_x = 0, .ofs_y = -4},
    {.bitmap_index = 16290, .adv_w = 139, .box_w = 10, .box_h = 9, .ofs_x = -1, .ofs_y = 0},
    {.bitmap_index = 16302, .adv_w = 155, .box_w = 8, .box_h = 13, .ofs_x = 1, .ofs_y = -4},
    {.bitmap_index = 16315, .adv_w = 155, .box_w = 8, .box_h = 9, .ofs_x = 1, .ofs_y = 0},
    {.bitmap_index = 16324, .adv_w = 235, .box_w = 13, .box_h = 9, .ofs_x = 1, .ofs_y = 0},
    {.bitmap_index = 16339, .adv_w = 235, .box_w = 13, .box_h = 13, .ofs_x = 1, .ofs_y = -4},
    {.bitmap_index = 16361, .adv_w = 174, .box_w = 9, .box_h = 9, .ofs_x = 1, .ofs_y = 0},
    {.bitmap_index = 16372, .adv_w = 217, .box_w = 12, .box_h = 9, .ofs_x = 1, .ofs_y = 0},
    {.bitmap_index = 16386, .adv_w = 140, .box_w = 7, .box_h = 9, .ofs_x = 1, .ofs_y = 0},
    {.bitmap_index = 16394, .adv_w = 138, .box_w = 8, .box_h = 9, .ofs_x = 0, .ofs_y = 0},
    {.bitmap_index = 16403, .adv_w = 215, .box_w = 13, .box_h = 9, .ofs_x = 0, .ofs_y = 0},
    {.bitmap_index = 16418, .adv_w = 166, .box_w = 10, .box_h = 9, .ofs_x = 0, .ofs_y = 0},
    {.bitmap_index = 16430, .adv_w = 130, .box_w = 8, .box_h = 13, .ofs_x = 0, .ofs_y = 0},
    {.bitmap_index = 16443, .adv_w = 130, .box_w = 9, .box_h = 13, .ofs_x = 0, .ofs_y = 0},
    {.bitmap_index = 16458, .adv_w = 163, .box_w = 9, .box_h = 18, .ofs_x = 1, .ofs_y = -4},
    {.bitmap_index = 16479, .adv_w = 113, .box_w = 8, .box_h = 13, .ofs_x = 0, .ofs_y = 0},
    {.bitmap_index = 16492, .adv_w = 141, .box_w = 8, .box_h = 9, .ofs_x = 1, .ofs_y = 0},
    {.bitmap_index = 16501, .adv_w = 110, .box_w = 7, .box_h = 9, .ofs_x = 0, .ofs_y = 0},
    {.bitmap_index = 16509, .adv_w = 79, .box_w = 4, .box_h = 13, .ofs_x = 1, .ofs_y = 0},
    {.bitmap_index = 16516, .adv_w = 89, .box_w = 6, .box_h = 13, .ofs_x = 1, .ofs_y = 0},
    {.bitmap_index = 16526, .adv_w = 91, .box_w = 8, .box_h = 17, .ofs_x = -1, .ofs_y = -4},
    {.bitmap_index = 16543, .adv_w = 226, .box_w = 14, .box_h = 9, .ofs_x = 0, .ofs_y = 0},
    {.bitmap_index = 16559, .adv_w = 223, .box_w = 13, .box_h = 9, .ofs_x = 0, .ofs_y = 0},
    {.bitmap_index = 16574, .adv_w = 159, .box_w = 10, .box_h = 14, .ofs_x = 0, .ofs_y = 0},
    {.bitmap_index = 16592, .adv_w = 155, .box_w = 9, .box_h = 13, .ofs_x = 0, .ofs_y = 0},
    {.bitmap_index = 16607, .adv_w = 155, .box_w = 8, .box_h = 13, .ofs_x = 1, .ofs_y = 0},
    {.bitmap_index = 16620, .adv_w = 153, .box_w = 9, .box_h = 17, .ofs_x = 0, .ofs_y = -4},
    {.bitmap_index = 16640, .adv_w = 157, .box_w = 8, .box_h = 13, .ofs_x = 1, .ofs_y = -4},
    {.bitmap_index = 16653, .adv_w = 308, .box_w = 18, .box_h = 13, .ofs_x = 1, .ofs_y = 0},
    {.bitmap_index = 16683, .adv_w = 217, .box_w = 12, .box_h = 9, .ofs_x = 1, .ofs_y = 0},
    {.bitmap_index = 16697, .adv_w = 227, .box_w = 12, .box_h = 13, .ofs_x = 1, .ofs_y = 0},
    {.bitmap_index = 16717, .adv_w = 220, .box_w = 13, .box_h = 9, .ofs_x = 0, .ofs_y = 0},
    {.bitmap_index = 16732, .adv_w = 312, .box_w = 20, .box_h = 13, .ofs_x = 0, .ofs_y = 0},
    {.bitmap_index = 16765, .adv_w = 206, .box_w = 13, .box_h = 9, .ofs_x = 0, .ofs_y = 0},
    {.bitmap_index = 16780, .adv_w = 260, .box_w = 15, .box_h = 13, .ofs_x = 0, .ofs_y = 0},
    {.bitmap_index = 16805, .adv_w = 200, .box_w = 13, .box_h = 9, .ofs_x = -1, .ofs_y = 0},
    {.bitmap_index = 16820, .adv_w = 351, .box_w = 21, .box_h = 13, .ofs_x = 0, .ofs_y = 0},
    {.bitmap_index = 16855, .adv_w = 253, .box_w = 15, .box_h = 9, .ofs_x = 0, .ofs_y = 0},
    {.bitmap_index = 16872, .adv_w = 308, .box_w = 18, .box_h = 13, .ofs_x = 0, .ofs_y = 0},
    {.bitmap_index = 16902, .adv_w = 236, .box_w = 14, .box_h = 9, .ofs_x = 0, .ofs_y = 0},
    {.bitmap_index = 16918, .adv_w = 403, .box_w = 24, .box_h = 13, .ofs_x = 0, .ofs_y = 0},
    {.bitmap_index = 16957, .adv_w = 284, .box_w = 17, .box_h = 9, .ofs_x = 0, .ofs_y = 0},
    {.bitmap_index = 16977, .adv_w = 184, .box_w = 12, .box_h = 22, .ofs_x = 0, .ofs_y = -4},
    {.bitmap_index = 17010, .adv_w = 128, .box_w = 9, .box_h = 15, .ofs_x = 0, .ofs_y = -4},
    {.bitmap_index = 17027, .adv_w = 260, .box_w = 17, .box_h = 13, .ofs_x = 3, .ofs_y = 0},
    {.bitmap_index = 17055, .adv_w = 222, .box_w = 13, .box_h = 18, .ofs_x = 2, .ofs_y = -4},
    {.bitmap_index = 17085, .adv_w = 231, .box_w = 13, .box_h = 13, .ofs_x = 1, .ofs_y = 0},
    {.bitmap_index = 17107, .adv_w = 160, .box_w = 8, .box_h = 9, .ofs_x = 1, .ofs_y = 0},
    {.bitmap_index = 17116, .adv_w = 238, .box_w = 14, .box_h = 13, .ofs_x = 2, .ofs_y = 0},
    {.bitmap_index = 17139, .adv_w = 171, .box_w = 11, .box_h = 9, .ofs_x = 0, .ofs_y = 0},
    {.bitmap_index = 17152, .adv_w = 238, .box_w = 14, .box_h = 19, .ofs_x = 2, .ofs_y = 0},
    {.bitmap_index = 17186, .adv_w = 171, .box_w = 11, .box_h = 13, .ofs_x = 0, .ofs_y = 0},
    {.bitmap_index = 17204, .adv_w = 355, .box_w = 21, .box_h = 17, .ofs_x = 1, .ofs_y = -4},
    {.bitmap_index = 17249, .adv_w = 291, .box_w = 18, .box_h = 13, .ofs_x = 0, .ofs_y = -4},
    {.bitmap_index = 17279, .adv_w = 278, .box_w = 16, .box_h = 16, .ofs_x = 1, .ofs_y = -1},
    {.bitmap_index = 17311, .adv_w = 193, .box_w = 11, .box_h = 11, .ofs_x = 1, .ofs_y = -1},
    {.bitmap_index = 17327, .adv_w = 308, .box_w = 18, .box_h = 19, .ofs_x = 1, .ofs_y = 0},
    {.bitmap_index = 17370, .adv_w = 219, .box_w = 13, .box_h = 13, .ofs_x = 1, .ofs_y = 0},
    {.bitmap_index = 17392, .adv_w = 308, .box_w = 18, .box_h = 18, .ofs_x = 1, .ofs_y = 0},
    {.bitmap_index = 17433, .adv_w = 217, .box_w = 13, .box_h = 13, .ofs_x = 1, .ofs_y = 0},
    {.bitmap_index = 17455, .adv_w = 188, .box_w = 10, .box_h = 13, .ofs_x = 2, .ofs_y = 0},
    {.bitmap_index = 17472, .adv_w = 142, .box_w = 8, .box_h = 13, .ofs_x = 1, .ofs_y = -4},
    {.bitmap_index = 17485, .adv_w = 102, .box_w = 6, .box_h = 7, .ofs_x = 0, .ofs_y = -4},
    {.bitmap_index = 17491, .adv_w = 0, .box_w = 7, .box_h = 3, .ofs_x = -4, .ofs_y = 10},
    {.bitmap_index = 17494, .adv_w = 0, .box_w = 8, .box_h = 4, .ofs_x = -5, .ofs_y = 9},
    {.bitmap_index = 17498, .adv_w = 0, .box_w = 4, .box_h = 5, .ofs_x = -1, .ofs_y = 10},
    {.bitmap_index = 17501, .adv_w = 0, .box_w = 4, .box_h = 5, .ofs_x = -1, .ofs_y = 10},
    {.bitmap_index = 17504, .adv_w = 0, .box_w = 13, .box_h = 3, .ofs_x = -8, .ofs_y = 12},
    {.bitmap_index = 17509, .adv_w = 0, .box_w = 20, .box_h = 21, .ofs_x = -15, .ofs_y = -3},
    {.bitmap_index = 17562, .adv_w = 0, .box_w = 23, .box_h = 24, .ofs_x = -16, .ofs_y = -6},
    {.bitmap_index = 17631, .adv_w = 230, .box_w = 15, .box_h = 20, .ofs_x = 0, .ofs_y = -3},
    {.bitmap_index = 17669, .adv_w = 160, .box_w = 9, .box_h = 16, .ofs_x = 1, .ofs_y = -3},
    {.bitmap_index = 17687, .adv_w = 193, .box_w = 11, .box_h = 13, .ofs_x = 0, .ofs_y = 0},
    {.bitmap_index = 17705, .adv_w = 139, .box_w = 8, .box_h = 9, .ofs_x = 0, .ofs_y = 0},
    {.bitmap_index = 17714, .adv_w = 196, .box_w = 12, .box_h = 13, .ofs_x = 0, .ofs_y = 0},
    {.bitmap_index = 17734, .adv_w = 160, .box_w = 11, .box_h = 13, .ofs_x = -2, .ofs_y = -4},
    {.bitmap_index = 17752, .adv_w = 177, .box_w = 13, .box_h = 16, .ofs_x = 0, .ofs_y = 0},
    {.bitmap_index = 17778, .adv_w = 136, .box_w = 9, .box_h = 11, .ofs_x = 0, .ofs_y = 0},
    {.bitmap_index = 17791, .adv_w = 190, .box_w = 13, .box_h = 13, .ofs_x = 0, .ofs_y = 0},
    {.bitmap_index = 17813, .adv_w = 136, .box_w = 9, .box_h = 9, .ofs_x = 0, .ofs_y = 0},
    {.bitmap_index = 17824, .adv_w = 196, .box_w = 13, .box_h = 18, .ofs_x = 0, .ofs_y = -5},
    {.bitmap_index = 17854, .adv_w = 138, .box_w = 9, .box_h = 13, .ofs_x = 0, .ofs_y = -4},
    {.bitmap_index = 17869, .adv_w = 317, .box_w = 21, .box_h = 17, .ofs_x = -1, .ofs_y = -4},
    {.bitmap_index = 17914, .adv_w = 298, .box_w = 18, .box_h = 13, .ofs_x = 0, .ofs_y = -4},
    {.bitmap_index = 17944, .adv_w = 189, .box_w = 11, .box_h = 17, .ofs_x = 0, .ofs_y = -4},
    {.bitmap_index = 17968, .adv_w = 127, .box_w = 8, .box_h = 12, .ofs_x = 0, .ofs_y = -3},
    {.bitmap_index = 17980, .adv_w = 218, .box_w = 14, .box_h = 17, .ofs_x = 0, .ofs_y = -4},
    {.bitmap_index = 18010, .adv_w = 157, .box_w = 9, .box_h = 13, .ofs_x = 0, .ofs_y = -4},
    {.bitmap_index = 18025, .adv_w = 224, .box_w = 15, .box_h = 13, .ofs_x = 0, .ofs_y = 0},
    {.bitmap_index = 18050, .adv_w = 170, .box_w = 10, .box_h = 9, .ofs_x = 0, .ofs_y = 0},
    {.bitmap_index = 18062, .adv_w = 212, .box_w = 14, .box_h = 13, .ofs_x = 0, .ofs_y = 0},
    {.bitmap_index = 18085, .adv_w = 157, .box_w = 9, .box_h = 9, .ofs_x = 0, .ofs_y = 0},
    {.bitmap_index = 18096, .adv_w = 248, .box_w = 15, .box_h = 13, .ofs_x = 1, .ofs_y = 0},
    {.bitmap_index = 18121, .adv_w = 221, .box_w = 12, .box_h = 9, .ofs_x = 1, .ofs_y = 0},
    {.bitmap_index = 18135, .adv_w = 233, .box_w = 15, .box_h = 17, .ofs_x = 0, .ofs_y = -4},
    {.bitmap_index = 18167, .adv_w = 160, .box_w = 9, .box_h = 13, .ofs_x = 0, .ofs_y = -4},
    {.bitmap_index = 18182, .adv_w = 291, .box_w = 20, .box_h = 13, .ofs_x = 0, .ofs_y = 0},
    {.bitmap_index = 18215, .adv_w = 211, .box_w = 13, .box_h = 9, .ofs_x = 0, .ofs_y = 0},
    {.bitmap_index = 18230, .adv_w = 331, .box_w = 19, .box_h = 18, .ofs_x = 0, .ofs_y = -5},
    {.bitmap_index = 18273, .adv_w = 222, .box_w = 13, .box_h = 13, .ofs_x = 0, .ofs_y = -4},
    {.bitmap_index = 18295, .adv_w = 234, .box_w = 15, .box_h = 13, .ofs_x = 0, .ofs_y = 0},
    {.bitmap_index = 18320, .adv_w = 174, .box_w = 9, .box_h = 9, .ofs_x = 1, .ofs_y = 0},
    {.bitmap_index = 18331, .adv_w = 213, .box_w = 13, .box_h = 17, .ofs_x = 1, .ofs_y = -4},
    {.bitmap_index = 18359, .adv_w = 129, .box_w = 7, .box_h = 12, .ofs_x = 1, .ofs_y = -3},
    {.bitmap_index = 18370, .adv_w = 178, .box_w = 12, .box_h = 16, .ofs_x = 1, .ofs_y = -3},
    {.bitmap_index = 18394, .adv_w = 248, .box_w = 14, .box_h = 13, .ofs_x = 0, .ofs_y = -4},
    {.bitmap_index = 18417, .adv_w = 190, .box_w = 11, .box_h = 13, .ofs_x = 2, .ofs_y = 0},
    {.bitmap_index = 18435, .adv_w = 184, .box_w = 12, .box_h = 13, .ofs_x = 0, .ofs_y = -4},
    {.bitmap_index = 18455, .adv_w = 178, .box_w = 12, .box_h = 13, .ofs_x = 1, .ofs_y = 0},
    {.bitmap_index = 18475, .adv_w = 184, .box_w = 12, .box_h = 13, .ofs_x = 0, .ofs_y = -4},
    {.bitmap_index = 18495, .adv_w = 211, .box_w = 14, .box_h = 17, .ofs_x = 0, .ofs_y = -4},
    {.bitmap_index = 18525, .adv_w = 142, .box_w = 10, .box_h = 13, .ofs_x = -1, .ofs_y = -4},
    {.bitmap_index = 18542, .adv_w = 255, .box_w = 17, .box_h = 16, .ofs_x = 1, .ofs_y = -3},
    {.bitmap_index = 18576, .adv_w = 186, .box_w = 10, .box_h = 13, .ofs_x = 1, .ofs_y = -4},
    {.bitmap_index = 18593, .adv_w = 216, .box_w = 12, .box_h = 17, .ofs_x = 2, .ofs_y = -4},
    {.bitmap_index = 18619, .adv_w = 160, .box_w = 9, .box_h = 13, .ofs_x = 1, .ofs_y = -4},
    {.bitmap_index = 18634, .adv_w = 221, .box_w = 13, .box_h = 13, .ofs_x = 2, .ofs_y = 0},
    {.bitmap_index = 18656, .adv_w = 165, .box_w = 9, .box_h = 9, .ofs_x = 1, .ofs_y = 0},
    {.bitmap_index = 18667, .adv_w = 205, .box_w = 12, .box_h = 13, .ofs_x = 0, .ofs_y = 0},
    {.bitmap_index = 18687, .adv_w = 160, .box_w = 10, .box_h = 14, .ofs_x = 0, .ofs_y = 0},
    {.bitmap_index = 18705, .adv_w = 251, .box_w = 16, .box_h = 13, .ofs_x = 0, .ofs_y = 0},
    {.bitmap_index = 18731, .adv_w = 182, .box_w = 10, .box_h = 9, .ofs_x = 1, .ofs_y = 0},
    {.bitmap_index = 18743, .adv_w = 251, .box_w = 16, .box_h = 16, .ofs_x = 0, .ofs_y = -3},
    {.bitmap_index = 18775, .adv_w = 182, .box_w = 10, .box_h = 11, .ofs_x = 1, .ofs_y = -2},
    {.bitmap_index = 18789, .adv_w = 103, .box_w = 8, .box_h = 13, .ofs_x = 0, .ofs_y = 0},
    {.bitmap_index = 18802, .adv_w = 316, .box_w = 20, .box_h = 17, .ofs_x = 0, .ofs_y = 0},
    {.bitmap_index = 18845, .adv_w = 292, .box_w = 18, .box_h = 13, .ofs_x = 0, .ofs_y = 0},
    {.bitmap_index = 18875, .adv_w = 212, .box_w = 14, .box_h = 18, .ofs_x = 0, .ofs_y = -5},
    {.bitmap_index = 18907, .adv_w = 157, .box_w = 9, .box_h = 13, .ofs_x = 0, .ofs_y = -4},
    {.bitmap_index = 18922, .adv_w = 230, .box_w = 16, .box_h = 16, .ofs_x = -1, .ofs_y = -3},
    {.bitmap_index = 18954, .adv_w = 156, .box_w = 10, .box_h = 12, .ofs_x = -1, .ofs_y = -3},
    {.bitmap_index = 18969, .adv_w = 231, .box_w = 15, .box_h = 18, .ofs_x = 0, .ofs_y = -5},
    {.bitmap_index = 19003, .adv_w = 160, .box_w = 9, .box_h = 13, .ofs_x = 0, .ofs_y = -4},
    {.bitmap_index = 19018, .adv_w = 231, .box_w = 15, .box_h = 16, .ofs_x = 0, .ofs_y = -3},
    {.bitmap_index = 19048, .adv_w = 160, .box_w = 9, .box_h = 12, .ofs_x = 0, .ofs_y = -3},
    {.bitmap_index = 19062, .adv_w = 213, .box_w = 12, .box_h = 17, .ofs_x = 2, .ofs_y = -4},
    {.bitmap_index = 19088, .adv_w = 160, .box_w = 9, .box_h = 13, .ofs_x = 1, .ofs_y = -4},
    {.bitmap_index = 19103, .adv_w = 265, .box_w = 17, .box_h = 16, .ofs_x = 0, .ofs_y = -3},
    {.bitmap_index = 19137, .adv_w = 200, .box_w = 13, .box_h = 12, .ofs_x = -1, .ofs_y = -3},
    {.bitmap_index = 19157, .adv_w = 103, .box_w = 8, .box_h = 13, .ofs_x = 0, .ofs_y = 0},
    {.bitmap_index = 19170, .adv_w = 208, .box_w = 12, .box_h = 17, .ofs_x = 0, .ofs_y = 0},
    {.bitmap_index = 19196, .adv_w = 159, .box_w = 10, .box_h = 13, .ofs_x = 0, .ofs_y = 0},
    {.bitmap_index = 19213, .adv_w = 208, .box_w = 12, .box_h = 17, .ofs_x = 0, .ofs_y = 0},
    {.bitmap_index = 19239, .adv_w = 159, .box_w = 10, .box_h = 13, .ofs_x = 0, .ofs_y = 0},
    {.bitmap_index = 19256, .adv_w = 281, .box_w = 19, .box_h = 13, .ofs_x = 0, .ofs_y = 0},
    {.bitmap_index = 19287, .adv_w = 203, .box_w = 13, .box_h = 9, .ofs_x = 0, .ofs_y = 0},
    {.bitmap_index = 19302, .adv_w = 184, .box_w = 13, .box_h = 17, .ofs_x = 0, .ofs_y = 0},
    {.bitmap_index = 19330, .adv_w = 130, .box_w = 10, .box_h = 13, .ofs_x = 0, .ofs_y = 0},
    {.bitmap_index = 19347, .adv_w = 187, .box_w = 11, .box_h = 13, .ofs_x = 1, .ofs_y = 0},
    {.bitmap_index = 19365, .adv_w = 130, .box_w = 8, .box_h = 9, .ofs_x = 0, .ofs_y = 0},
    {.bitmap_index = 19374, .adv_w = 187, .box_w = 12, .box_h = 18, .ofs_x = 1, .ofs_y = 0},
    {.bitmap_index = 19401, .adv_w = 130, .box_w = 9, .box_h = 13, .ofs_x = 0, .ofs_y = 0},
    {.bitmap_index = 19416, .adv_w = 316, .box_w = 20, .box_h = 17, .ofs_x = 0, .ofs_y = 0},
    {.bitmap_index = 19459, .adv_w = 292, .box_w = 18, .box_h = 13, .ofs_x = 0, .ofs_y = 0},
    {.bitmap_index = 19489, .adv_w = 189, .box_w = 11, .box_h = 18, .ofs_x = 0, .ofs_y = 0},
    {.bitmap_index = 19514, .adv_w = 132, .box_w = 9, .box_h = 13, .ofs_x = 0, .ofs_y = 0},
    {.bitmap_index = 19529, .adv_w = 166, .box_w = 12, .box_h = 13, .ofs_x = 0, .ofs_y = 0},
    {.bitmap_index = 19549, .adv_w = 143, .box_w = 9, .box_h = 13, .ofs_x = -1, .ofs_y = -4},
    {.bitmap_index = 19564, .adv_w = 230, .box_w = 15, .box_h = 16, .ofs_x = 0, .ofs_y = 0},
    {.bitmap_index = 19594, .adv_w = 155, .box_w = 9, .box_h = 12, .ofs_x = 1, .ofs_y = 0},
    {.bitmap_index = 19608, .adv_w = 230, .box_w = 15, .box_h = 17, .ofs_x = 0, .ofs_y = 0},
    {.bitmap_index = 19640, .adv_w = 155, .box_w = 9, .box_h = 13, .ofs_x = 1, .ofs_y = 0},
    {.bitmap_index = 19655, .adv_w = 210, .box_w = 13, .box_h = 18, .ofs_x = 1, .ofs_y = 0},
    {.bitmap_index = 19685, .adv_w = 151, .box_w = 10, .box_h = 13, .ofs_x = 0, .ofs_y = 0},
    {.bitmap_index = 19702, .adv_w = 212, .box_w = 13, .box_h = 13, .ofs_x = 1, .ofs_y = 0},
    {.bitmap_index = 19724, .adv_w = 160, .box_w = 8, .box_h = 9, .ofs_x = 1, .ofs_y = 0},
    {.bitmap_index = 19733, .adv_w = 212, .box_w = 13, .box_h = 18, .ofs_x = 1, .ofs_y = 0},
    {.bitmap_index = 19763, .adv_w = 160, .box_w = 9, .box_h = 13, .ofs_x = 1, .ofs_y = 0},
    {.bitmap_index = 19778, .adv_w = 190, .box_w = 12, .box_h = 18, .ofs_x = 0, .ofs_y = 0},
    {.bitmap_index = 19805, .adv_w = 138, .box_w = 8, .box_h = 13, .ofs_x = 0, .ofs_y = 0},
    {.bitmap_index = 19818, .adv_w = 236, .box_w = 14, .box_h = 17, .ofs_x = 2, .ofs_y = 0},
    {.bitmap_index = 19848, .adv_w = 153, .box_w = 10, .box_h = 16, .ofs_x = 0, .ofs_y = -4},
    {.bitmap_index = 19868, .adv_w = 236, .box_w = 14, .box_h = 18, .ofs_x = 2, .ofs_y = 0},
    {.bitmap_index = 19900, .adv_w = 153, .box_w = 9, .box_h = 17, .ofs_x = 0, .ofs_y = -4},
    {.bitmap_index = 19920, .adv_w = 236, .box_w = 14, .box_h = 18, .ofs_x = 2, .ofs_y = 0},
    {.bitmap_index = 19952, .adv_w = 153, .box_w = 10, .box_h = 17, .ofs_x = 0, .ofs_y = -4},
    {.bitmap_index = 19974, .adv_w = 205, .box_w = 12, .box_h = 17, .ofs_x = 2, .ofs_y = 0},
    {.bitmap_index = 20000, .adv_w = 155, .box_w = 8, .box_h = 13, .ofs_x = 1, .ofs_y = 0},
    {.bitmap_index = 20013, .adv_w = 196, .box_w = 13, .box_h = 17, .ofs_x = 0, .ofs_y = -4},
    {.bitmap_index = 20041, .adv_w = 136, .box_w = 9, .box_h = 13, .ofs_x = 0, .ofs_y = -4},
    {.bitmap_index = 20056, .adv_w = 281, .box_w = 19, .box_h = 17, .ofs_x = 0, .ofs_y = 0},
    {.bitmap_index = 20097, .adv_w = 217, .box_w = 12, .box_h = 13, .ofs_x = 1, .ofs_y = 0},
    {.bitmap_index = 20117, .adv_w = 170, .box_w = 10, .box_h = 13, .ofs_x = 2, .ofs_y = 0},
    {.bitmap_index = 20134, .adv_w = 131, .box_w = 8, .box_h = 9, .ofs_x = 1, .ofs_y = 0},
    {.bitmap_index = 20143, .adv_w = 230, .box_w = 16, .box_h = 18, .ofs_x = -1, .ofs_y = -5},
    {.bitmap_index = 20179, .adv_w = 156, .box_w = 10, .box_h = 13, .ofs_x = -1, .ofs_y = -4},
    {.bitmap_index = 20196, .adv_w = 210, .box_w = 13, .box_h = 17, .ofs_x = 1, .ofs_y = -4},
    {.bitmap_index = 20224, .adv_w = 155, .box_w = 10, .box_h = 13, .ofs_x = 0, .ofs_y = -4},
    {.bitmap_index = 20241, .adv_w = 284, .box_w = 16, .box_h = 13, .ofs_x = 3, .ofs_y = 0},
    {.bitmap_index = 20267, .adv_w = 210, .box_w = 12, .box_h = 9, .ofs_x = 1, .ofs_y = 0},
    {.bitmap_index = 20281, .adv_w = 212, .box_w = 14, .box_h = 13, .ofs_x = 0, .ofs_y = 0},
    {.bitmap_index = 20304, .adv_w = 157, .box_w = 9, .box_h = 9, .ofs_x = 0, .ofs_y = 0}
};

/*---------------------
 *  CHARACTER MAPPING
 *--------------------*/

static const uint16_t unicode_list_4[] = {
    0x0, 0x1, 0x6, 0xa, 0x10, 0x11, 0x12, 0x13,
    0x14, 0x15, 0x16, 0x18
};

static const uint8_t glyph_id_ofs_list_10[] = {
    0, 1, 2, 3, 0, 0, 0, 0,
    0, 0, 4, 5, 6, 7, 8, 9
};

/*Collect the unicode lists and glyph_id offsets*/
static const lv_font_fmt_txt_cmap_t cmaps[] =
{
    {
        .range_start = 32, .range_length = 95, .glyph_id_start = 1,
        .unicode_list = NULL, .glyph_id_ofs_list = NULL, .list_length = 0, .type = LV_FONT_FMT_TXT_CMAP_FORMAT0_TINY
    },
    {
        .range_start = 160, .range_length = 208, .glyph_id_start = 96,
        .unicode_list = NULL, .glyph_id_ofs_list = NULL, .list_length = 0, .type = LV_FONT_FMT_TXT_CMAP_FORMAT0_TINY
    },
    {
        .range_start = 368, .range_length = 256, .glyph_id_start = 304,
        .unicode_list = NULL, .glyph_id_ofs_list = NULL, .list_length = 0, .type = LV_FONT_FMT_TXT_CMAP_FORMAT0_TINY
    },
    {
        .range_start = 624, .range_length = 256, .glyph_id_start = 560,
        .unicode_list = NULL, .glyph_id_ofs_list = NULL, .list_length = 0, .type = LV_FONT_FMT_TXT_CMAP_FORMAT0_TINY
    },
    {
        .range_start = 884, .range_length = 25, .glyph_id_start = 816,
        .unicode_list = unicode_list_4, .glyph_id_ofs_list = NULL, .list_length = 12, .type = LV_FONT_FMT_TXT_CMAP_SPARSE_TINY
    },
    {
        .range_start = 910, .range_length = 20, .glyph_id_start = 828,
        .unicode_list = NULL, .glyph_id_ofs_list = NULL, .list_length = 0, .type = LV_FONT_FMT_TXT_CMAP_FORMAT0_TINY
    },
    {
        .range_start = 931, .range_length = 44, .glyph_id_start = 848,
        .unicode_list = NULL, .glyph_id_ofs_list = NULL, .list_length = 0, .type = LV_FONT_FMT_TXT_CMAP_FORMAT0_TINY
    },
    {
        .range_start = 976, .range_length = 18, .glyph_id_start = 892,
        .unicode_list = NULL, .glyph_id_ofs_list = NULL, .list_length = 0, .type = LV_FONT_FMT_TXT_CMAP_FORMAT0_TINY
    },
    {
        .range_start = 1008, .range_length = 10, .glyph_id_start = 910,
        .unicode_list = NULL, .glyph_id_ofs_list = NULL, .list_length = 0, .type = LV_FONT_FMT_TXT_CMAP_FORMAT0_TINY
    },
    {
        .range_start = 1018, .range_length = 256, .glyph_id_start = 920,
        .unicode_list = NULL, .glyph_id_ofs_list = NULL, .list_length = 0, .type = LV_FONT_FMT_TXT_CMAP_FORMAT0_TINY
    },
    {
        .range_start = 1296, .range_length = 16, .glyph_id_start = 1176,
        .unicode_list = NULL, .glyph_id_ofs_list = glyph_id_ofs_list_10, .list_length = 16, .type = LV_FONT_FMT_TXT_CMAP_FORMAT0_FULL
    }
};



/*--------------------
 *  ALL CUSTOM DATA
 *--------------------*/

static lv_font_fmt_txt_dsc_t font_dsc = {
    .glyph_bitmap = glyph_bitmap,
    .glyph_dsc = glyph_dsc,
    .cmaps = cmaps,
    .kern_dsc = NULL,
    .kern_scale = 0,
    .cmap_num = 11,
    .bpp = 1,
    .kern_classes = 0,
    .bitmap_format = 0,
};

/*-----------------
 *  PUBLIC FONT
 *----------------*/

/*Initialize a public general font descriptor*/
lv_font_t FreeSerifItalic_20 = {
    .name = "FreeSerifItalic_20",
    .line_height = 25,          /*The maximum line height required by the font*/
    .base_line = 6,             /*Baseline measured from the bottom of the line*/
    .dsc = &font_dsc,          /*The custom font data. Will be accessed by `get_glyph_bitmap/dsc` */
};

REGISTER_FONT(FreeSerifItalic_20);

#endif /*#if FREESERIFITALIC_20*/
