/*******************************************************************************
 * Size: 15 px
 * Bpp: 1
 * Opts: --bpp 1 --size 15 --no-compress --stride 1 --align 1 --font FreeSerifItalic.ttf --range 32-1327 --format lvgl -o FreeSerifItalic_15.c
 ******************************************************************************/

#include "../fontsdef.h"

 // Range:  0x20-0x52F
 // 0x20 -0x7E  Basic Latin
 // 0xA0 -0xFF  Latin Supplement
 // 0x100-0x17F Latin Extended A
 // 0x38E-0x3CE Greek
 // 0x400-0x45D Cyrillic

#if TFT_FONT == 2 // FREE SERIF ITALIC

/*-----------------
 *    BITMAPS
 *----------------*/

/*Store the image of the glyphs*/
static LV_ATTRIBUTE_LARGE_CONST const uint8_t glyph_bitmap[] = {
    /* U+0020 " " */
    0x0,

    /* U+0021 "!" */
    0x22, 0x22, 0x44, 0x48, 0x88,

    /* U+0022 "\"" */
    0xd9, 0x9a,

    /* U+0023 "#" */
    0x9, 0xa, 0x12, 0x12, 0x7f, 0x24, 0x24, 0xfe,
    0x48, 0x48, 0x90,

    /* U+0024 "$" */
    0x4, 0x3c, 0xa9, 0x43, 0x83, 0x3, 0xb, 0x16,
    0x26, 0x5b, 0x63, 0x4, 0x0,

    /* U+0025 "%" */
    0x0, 0x87, 0xe1, 0x28, 0x65, 0x9, 0x40, 0xc9,
    0x82, 0x48, 0x59, 0x12, 0x22, 0x48, 0x86, 0x0,

    /* U+0026 "&" */
    0x6, 0x2, 0x40, 0xa0, 0x30, 0x29, 0xd3, 0x2c,
    0x53, 0x18, 0xc6, 0x1e, 0x60,

    /* U+0027 "'" */
    0xea,

    /* U+0028 "(" */
    0x12, 0x44, 0xc8, 0x88, 0x88, 0x88, 0x80,

    /* U+0029 ")" */
    0x2, 0x11, 0x11, 0x11, 0x11, 0x22, 0x48,

    /* U+002A "*" */
    0x25, 0x7e, 0xcb, 0x90, 0x0,

    /* U+002B "+" */
    0x8, 0x8, 0x8, 0xff, 0x8, 0x8, 0x8, 0x8,

    /* U+002C "," */
    0xdc,

    /* U+002D "-" */
    0xe0,

    /* U+002E "." */
    0x70,

    /* U+002F "/" */
    0x4, 0x8, 0x20, 0x41, 0x2, 0x8, 0x10, 0x40,
    0x82, 0x0,

    /* U+0030 "0" */
    0xc, 0x64, 0x8b, 0x14, 0x28, 0x50, 0xe3, 0x44,
    0x98, 0xc0,

    /* U+0031 "1" */
    0x18, 0x46, 0x21, 0x8, 0xc4, 0x21, 0x18,

    /* U+0032 "2" */
    0x1c, 0x4d, 0x18, 0x30, 0x40, 0x82, 0x8, 0x20,
    0x8b, 0xf0,

    /* U+0033 "3" */
    0x1c, 0x4, 0x8, 0x21, 0x81, 0x81, 0x2, 0x4,
    0x13, 0xc0,

    /* U+0034 "4" */
    0x2, 0xc, 0x38, 0xa2, 0x48, 0xa3, 0x7f, 0x8,
    0x10, 0x60,

    /* U+0035 "5" */
    0x1e, 0x40, 0x81, 0xc0, 0xc0, 0x81, 0x2, 0x4,
    0x13, 0xc0,

    /* U+0036 "6" */
    0x3, 0xc, 0x10, 0x20, 0x7c, 0x46, 0x42, 0xc6,
    0x46, 0x44, 0x38,

    /* U+0037 "7" */
    0x7f, 0x8, 0x10, 0x40, 0x82, 0x4, 0x10, 0x20,
    0x83, 0x0,

    /* U+0038 "8" */
    0x1c, 0x44, 0x89, 0x91, 0xc7, 0x91, 0x23, 0x82,
    0x88, 0xe0,

    /* U+0039 "9" */
    0x1c, 0x45, 0x8a, 0x14, 0x2c, 0xcf, 0x82, 0x8,
    0x23, 0x80,

    /* U+003A ":" */
    0x6c, 0x1, 0x20,

    /* U+003B ";" */
    0x33, 0x0, 0x4, 0x44, 0x0,

    /* U+003C "<" */
    0x2, 0x18, 0xc6, 0xc, 0x6, 0x3, 0x1,

    /* U+003D "=" */
    0xff, 0x0, 0x0, 0xff,

    /* U+003E ">" */
    0x80, 0x70, 0x1c, 0x7, 0x7, 0x1c, 0x60, 0x80,

    /* U+003F "?" */
    0x72, 0x42, 0x22, 0x20, 0x0, 0x84, 0x0,

    /* U+0040 "@" */
    0x1f, 0x8, 0x24, 0x77, 0x25, 0x91, 0x64, 0x9d,
    0x25, 0x36, 0x60, 0x7, 0xc0,

    /* U+0041 "A" */
    0x2, 0x3, 0x1, 0x81, 0x40, 0xa0, 0x98, 0x4c,
    0x7e, 0x23, 0x20, 0xb0, 0xc0,

    /* U+0042 "B" */
    0x1f, 0xc, 0xc4, 0x62, 0x23, 0xe1, 0x98, 0x84,
    0x46, 0x63, 0x3f, 0x0,

    /* U+0043 "C" */
    0x1f, 0x90, 0x58, 0x38, 0xc, 0x4, 0x2, 0x1,
    0x0, 0xc2, 0x1e, 0x0,

    /* U+0044 "D" */
    0x1f, 0x83, 0x18, 0x41, 0x8, 0x33, 0x6, 0x60,
    0x88, 0x31, 0x6, 0x61, 0x8f, 0xc0,

    /* U+0045 "E" */
    0x1f, 0x86, 0x1, 0x0, 0x40, 0x3e, 0x8, 0x82,
    0x0, 0x82, 0x61, 0x1f, 0xc0,

    /* U+0046 "F" */
    0x1f, 0x86, 0x1, 0x0, 0x40, 0x3e, 0xc, 0x82,
    0x0, 0x80, 0x60, 0x18, 0x0,

    /* U+0047 "G" */
    0x1f, 0x88, 0x24, 0x3, 0x0, 0xc3, 0xe0, 0x48,
    0x12, 0xc, 0xc3, 0xf, 0x80,

    /* U+0048 "H" */
    0x18, 0x61, 0x84, 0x10, 0x41, 0xc, 0x3f, 0xc2,
    0x8, 0x21, 0x82, 0x18, 0x61, 0x86, 0x38,

    /* U+0049 "I" */
    0x18, 0x61, 0x4, 0x30, 0xc2, 0x8, 0x61, 0x80,

    /* U+004A "J" */
    0x6, 0x8, 0x30, 0x60, 0x81, 0x6, 0xc, 0x91,
    0xc0,

    /* U+004B "K" */
    0x18, 0xc3, 0x10, 0x4c, 0xa, 0x3, 0x80, 0x78,
    0x9, 0x1, 0x30, 0x62, 0xc, 0x60,

    /* U+004C "L" */
    0x18, 0xc, 0x4, 0x2, 0x3, 0x1, 0x80, 0x80,
    0x40, 0x61, 0x3f, 0x80,

    /* U+004D "M" */
    0x18, 0x18, 0xc1, 0x86, 0x1c, 0x51, 0x62, 0x8a,
    0x16, 0x90, 0xb9, 0x89, 0xc8, 0x44, 0x46, 0x46,
    0x0,

    /* U+004E "N" */
    0x18, 0x63, 0x8, 0x61, 0x16, 0x42, 0x48, 0x4d,
    0x8, 0xa2, 0x18, 0x41, 0x18, 0x20,

    /* U+004F "O" */
    0xf, 0x18, 0xd8, 0x38, 0x3c, 0x1c, 0xe, 0x5,
    0x6, 0x86, 0x3c, 0x0,

    /* U+0050 "P" */
    0x1f, 0xc, 0xc4, 0x62, 0x33, 0xe1, 0x0, 0x80,
    0x40, 0x60, 0x30, 0x0,

    /* U+0051 "Q" */
    0xf, 0x18, 0xd8, 0x38, 0x3c, 0x1c, 0xe, 0x5,
    0x6, 0x86, 0x3c, 0x10, 0xe, 0x2b, 0xe0,

    /* U+0052 "R" */
    0x1f, 0xc, 0xc4, 0x62, 0x33, 0xe1, 0xa0, 0x98,
    0x44, 0x62, 0x31, 0x80,

    /* U+0053 "S" */
    0x1e, 0x44, 0x89, 0x81, 0x81, 0x81, 0x42, 0x85,
    0xf0,

    /* U+0054 "T" */
    0x7f, 0xc6, 0x42, 0x3, 0x1, 0x80, 0x80, 0x40,
    0x60, 0x30, 0x38, 0x0,

    /* U+0055 "U" */
    0x60, 0x98, 0x44, 0x11, 0x4, 0xc2, 0x20, 0x88,
    0x22, 0x8, 0x84, 0x1e, 0x0,

    /* U+0056 "V" */
    0xe1, 0xa0, 0x98, 0x8c, 0x46, 0x41, 0x40, 0xa0,
    0x60, 0x30, 0x10, 0x0,

    /* U+0057 "W" */
    0x66, 0x34, 0x22, 0x66, 0x26, 0x64, 0x6a, 0x46,
    0xa8, 0x32, 0x83, 0x30, 0x23, 0x2, 0x20,

    /* U+0058 "X" */
    0x38, 0xc6, 0x21, 0x90, 0x28, 0xc, 0x3, 0x1,
    0x60, 0x98, 0x22, 0x10, 0xc0,

    /* U+0059 "Y" */
    0x63, 0x62, 0x64, 0x28, 0x30, 0x30, 0x20, 0x20,
    0x60, 0x60,

    /* U+005A "Z" */
    0x3f, 0xa1, 0x80, 0x80, 0xc0, 0xc0, 0xc0, 0x40,
    0x40, 0x61, 0x7f, 0x80,

    /* U+005B "[" */
    0x1c, 0x41, 0xc, 0x20, 0x82, 0x8, 0x41, 0x4,
    0x10, 0xe0,

    /* U+005C "\\" */
    0x84, 0x10, 0x84, 0x10, 0x82, 0x10, 0x82,

    /* U+005D "]" */
    0xc, 0x20, 0x82, 0x8, 0x41, 0x4, 0x10, 0xc2,
    0x8, 0xe0,

    /* U+005E "^" */
    0x30, 0xc2, 0x92, 0x46, 0x10,

    /* U+005F "_" */
    0xff,

    /* U+0060 "`" */
    0x34,

    /* U+0061 "a" */
    0x1e, 0x4d, 0x12, 0x2c, 0xda, 0x9b, 0x0,

    /* U+0062 "b" */
    0x30, 0x20, 0x81, 0x2, 0xe6, 0x58, 0xa3, 0x44,
    0x91, 0xc0,

    /* U+0063 "c" */
    0x1c, 0x94, 0x30, 0xc3, 0x7, 0x0,

    /* U+0064 "d" */
    0x3, 0x3, 0x2, 0x2, 0x1a, 0x26, 0x44, 0x44,
    0xcc, 0xcc, 0x7c,

    /* U+0065 "e" */
    0x1c, 0x94, 0x94, 0xe3, 0x7, 0x0,

    /* U+0066 "f" */
    0x3, 0x5, 0x4, 0x8, 0x1e, 0x8, 0x8, 0x10,
    0x10, 0x10, 0x10, 0x20, 0xa0, 0xc0,

    /* U+0067 "g" */
    0x3e, 0xc9, 0x12, 0x43, 0x8, 0x2e, 0x44, 0x89,
    0xe0,

    /* U+0068 "h" */
    0x30, 0x20, 0x81, 0x2, 0x67, 0xd9, 0x32, 0x44,
    0x9b, 0x30,

    /* U+0069 "i" */
    0x64, 0x25, 0xa4, 0x90,

    /* U+006A "j" */
    0xc, 0x10, 0x6, 0x8, 0x21, 0x84, 0x10, 0x43,
    0x28, 0xc0,

    /* U+006B "k" */
    0x30, 0x20, 0x81, 0x2, 0x45, 0x14, 0x38, 0x50,
    0x93, 0x30,

    /* U+006C "l" */
    0x31, 0x22, 0x22, 0x44, 0x44, 0x60,

    /* U+006D "m" */
    0x6c, 0xc6, 0xa9, 0x99, 0x32, 0x44, 0xc8, 0x91,
    0x22, 0x30,

    /* U+006E "n" */
    0x6c, 0x6d, 0x93, 0x24, 0x49, 0xa3, 0x0,

    /* U+006F "o" */
    0x1c, 0x45, 0xa, 0x3c, 0x58, 0x9e, 0x0,

    /* U+0070 "p" */
    0x37, 0x19, 0x31, 0x23, 0x22, 0x24, 0x68, 0x50,
    0x40, 0x40,

    /* U+0071 "q" */
    0x1e, 0x45, 0x12, 0x2c, 0xda, 0x9a, 0x4, 0x8,
    0x30,

    /* U+0072 "r" */
    0x6c, 0xc6, 0x18, 0x41, 0xc, 0x0,

    /* U+0073 "s" */
    0x3b, 0x8, 0x61, 0x4b, 0xc0,

    /* U+0074 "t" */
    0x22, 0x72, 0x44, 0x44, 0xc0,

    /* U+0075 "u" */
    0x66, 0xc9, 0x12, 0x64, 0xcf, 0x53, 0x0,

    /* U+0076 "v" */
    0xcd, 0x14, 0x92, 0x51, 0x84, 0x0,

    /* U+0077 "w" */
    0xc4, 0xa6, 0x55, 0x2a, 0xa6, 0x63, 0x31, 0x10,

    /* U+0078 "x" */
    0x66, 0x70, 0x40, 0x83, 0xb, 0x23, 0x0,

    /* U+0079 "y" */
    0x62, 0x64, 0x48, 0xa1, 0x43, 0x4, 0x8, 0x21,
    0x80,

    /* U+007A "z" */
    0x78, 0x21, 0x8, 0x41, 0xe, 0xa, 0x10,

    /* U+007B "{" */
    0x11, 0x88, 0x42, 0x31, 0x18, 0x46, 0x21, 0x8,
    0x20,

    /* U+007C "|" */
    0xff, 0xe0,

    /* U+007D "}" */
    0x8, 0x42, 0x11, 0x8, 0x22, 0x21, 0x8, 0x44,
    0x0,

    /* U+007E "~" */
    0xe1, 0x38,

    /* U+00A0 " " */
    0x0,

    /* U+00A1 "¡" */
    0x3, 0x2, 0x44, 0x44, 0xc8, 0x80,

    /* U+00A2 "¢" */
    0x0, 0x23, 0x55, 0x53, 0x8a, 0x38, 0x71, 0x4,
    0x0,

    /* U+00A3 "£" */
    0x6, 0x9, 0x8, 0x10, 0x10, 0x7c, 0x10, 0x10,
    0x20, 0x60, 0xdc,

    /* U+00A4 "¤" */
    0x80, 0xfa, 0x64, 0x42, 0x42, 0x42, 0x44, 0xfe,
    0x81,

    /* U+00A5 "¥" */
    0x31, 0x98, 0x84, 0x82, 0x87, 0xe0, 0xc3, 0xf8,
    0x20, 0x30, 0x18, 0x0,

    /* U+00A6 "¦" */
    0xf1, 0xe0,

    /* U+00A7 "§" */
    0x38, 0xb2, 0xc, 0x7a, 0x2c, 0xd2, 0x38, 0xc9,
    0x24, 0x60,

    /* U+00A8 "¨" */
    0x9,

    /* U+00A9 "©" */
    0xc, 0x18, 0x48, 0xfa, 0x45, 0xa0, 0x68, 0x1e,
    0x7, 0x81, 0xa2, 0x67, 0x24, 0x10, 0xb0,

    /* U+00AA "ª" */
    0x79, 0xbf, 0xe,

    /* U+00AB "«" */
    0x25, 0x29, 0x24, 0x50, 0x20,

    /* U+00AC "¬" */
    0xff, 0x1, 0x1, 0x1, 0x1,

    /* U+00AD "­" */
    0xe0,

    /* U+00AE "®" */
    0xc, 0x18, 0x49, 0xca, 0x25, 0x89, 0x65, 0x99,
    0xc6, 0x51, 0xb2, 0x6c, 0xe4, 0x10, 0xb0,

    /* U+00AF "¯" */
    0x78,

    /* U+00B0 "°" */
    0x69, 0x99, 0x60,

    /* U+00B1 "±" */
    0x8, 0x8, 0x8, 0xff, 0x8, 0x8, 0x8, 0x0,
    0xff,

    /* U+00B2 "²" */
    0x71, 0x12, 0x4f,

    /* U+00B3 "³" */
    0x30, 0x88, 0x21, 0x70,

    /* U+00B4 "´" */
    0xe, 0x0,

    /* U+00B5 "µ" */
    0x22, 0x45, 0x8a, 0x34, 0x48, 0xaf, 0xc0, 0x81,
    0x0,

    /* U+00B6 "¶" */
    0x3e, 0x4a, 0x4c, 0xd4, 0xd4, 0x74, 0x38, 0x28,
    0x28, 0x28, 0x30, 0x50,

    /* U+00B7 "·" */
    0x30,

    /* U+00B8 "¸" */
    0x58, 0xe0,

    /* U+00B9 "¹" */
    0x32, 0x22, 0x44,

    /* U+00BA "º" */
    0x7d, 0x9a, 0x4e,

    /* U+00BB "»" */
    0x40, 0xa2, 0x49, 0x4a, 0xc0,

    /* U+00BC "¼" */
    0x10, 0x82, 0x10, 0x84, 0x11, 0x2, 0x22, 0xc9,
    0xb9, 0x50, 0x52, 0x13, 0xc2, 0x10, 0x82, 0x0,

    /* U+00BD "½" */
    0x30, 0x82, 0x20, 0x88, 0x11, 0x2, 0x4c, 0x4a,
    0x7a, 0x8, 0x82, 0x10, 0x84, 0x20, 0xf, 0x0,

    /* U+00BE "¾" */
    0x30, 0x1, 0x10, 0x44, 0x18, 0x81, 0x22, 0x29,
    0xd9, 0x30, 0x4a, 0x13, 0xe2, 0x8, 0x82, 0x0,

    /* U+00BF "¿" */
    0x8, 0x20, 0x0, 0x10, 0x42, 0x10, 0xc3, 0x27,
    0x0,

    /* U+00C0 "À" */
    0x4, 0x2, 0x0, 0x80, 0x40, 0x60, 0x30, 0x28,
    0x14, 0x13, 0x9, 0x8f, 0xc4, 0x64, 0x16, 0x18,

    /* U+00C1 "Á" */
    0x0, 0x80, 0x80, 0x80, 0x40, 0x60, 0x30, 0x28,
    0x14, 0x13, 0x9, 0x8f, 0xc4, 0x64, 0x16, 0x18,

    /* U+00C2 "Â" */
    0x3, 0x2, 0x82, 0x40, 0x40, 0x60, 0x30, 0x28,
    0x14, 0x13, 0x9, 0x8f, 0xc4, 0x64, 0x16, 0x18,

    /* U+00C3 "Ã" */
    0x6, 0x5, 0x80, 0x80, 0xc0, 0x60, 0x50, 0x28,
    0x26, 0x13, 0x1f, 0x88, 0xc8, 0x2c, 0x30,

    /* U+00C4 "Ä" */
    0x0, 0x6, 0xc0, 0x80, 0xc0, 0x60, 0x50, 0x28,
    0x26, 0x13, 0x1f, 0x88, 0xc8, 0x2c, 0x30,

    /* U+00C5 "Å" */
    0x3, 0x2, 0x81, 0x40, 0x40, 0x20, 0x30, 0x18,
    0x14, 0xa, 0x9, 0x84, 0xc7, 0xe2, 0x32, 0xb,
    0xc,

    /* U+00C6 "Æ" */
    0x1, 0xfc, 0xa, 0x10, 0x28, 0x1, 0x64, 0x9,
    0xf0, 0x3c, 0x3, 0x30, 0x8, 0xc0, 0x43, 0xb,
    0xf, 0xc0,

    /* U+00C7 "Ç" */
    0x1f, 0x90, 0x58, 0x38, 0xc, 0x4, 0x2, 0x1,
    0x80, 0xc2, 0x1e, 0x10, 0x6, 0x7, 0x0,

    /* U+00C8 "È" */
    0x4, 0x1, 0x80, 0x20, 0x0, 0x1f, 0x86, 0x1,
    0x0, 0x40, 0x3e, 0x8, 0x82, 0x0, 0x82, 0x61,
    0x1f, 0xc0,

    /* U+00C9 "É" */
    0x1, 0x0, 0xc0, 0x40, 0x0, 0x1f, 0x86, 0x1,
    0x0, 0x40, 0x3e, 0x8, 0x82, 0x0, 0x82, 0x61,
    0x1f, 0xc0,

    /* U+00CA "Ê" */
    0x3, 0x1, 0x40, 0x88, 0x0, 0x1f, 0x86, 0x1,
    0x0, 0x40, 0x3e, 0x8, 0x82, 0x0, 0x82, 0x61,
    0x1f, 0xc0,

    /* U+00CB "Ë" */
    0x0, 0x3, 0x60, 0x0, 0x7e, 0x18, 0x4, 0x1,
    0x0, 0xf8, 0x22, 0x8, 0x2, 0x9, 0x84, 0x7f,
    0x0,

    /* U+00CC "Ì" */
    0x10, 0x60, 0x80, 0x18, 0x61, 0x4, 0x30, 0xc2,
    0x8, 0x61, 0x80,

    /* U+00CD "Í" */
    0x4, 0x31, 0x0, 0x18, 0x61, 0x4, 0x30, 0xc2,
    0x8, 0x61, 0x80,

    /* U+00CE "Î" */
    0xc, 0x28, 0x90, 0x1, 0x83, 0x4, 0x8, 0x30,
    0x60, 0x81, 0x6, 0xc, 0x0,

    /* U+00CF "Ï" */
    0x24, 0x0, 0x0, 0xc1, 0x82, 0x4, 0x18, 0x30,
    0x40, 0x83, 0x6, 0x0,

    /* U+00D0 "Ð" */
    0x1f, 0x83, 0x18, 0x41, 0x8, 0x37, 0xc6, 0x60,
    0x88, 0x33, 0x6, 0x61, 0x8f, 0xc0,

    /* U+00D1 "Ñ" */
    0x6, 0x41, 0x70, 0x0, 0x0, 0x1, 0x86, 0x30,
    0x86, 0x11, 0x64, 0x24, 0x84, 0xd0, 0x8a, 0x21,
    0x84, 0x11, 0x82, 0x0,

    /* U+00D2 "Ò" */
    0xc, 0x2, 0x0, 0x80, 0x0, 0xf1, 0x8d, 0x83,
    0x83, 0xc1, 0xc0, 0xe0, 0x50, 0x68, 0x63, 0xc0,

    /* U+00D3 "Ó" */
    0x1, 0x1, 0x1, 0x0, 0x0, 0xf1, 0x8d, 0x83,
    0x83, 0xc1, 0xc0, 0xe0, 0x50, 0x68, 0x63, 0xc0,

    /* U+00D4 "Ô" */
    0x2, 0x2, 0x82, 0x0, 0x0, 0xf1, 0x8d, 0x83,
    0x83, 0xc1, 0xc0, 0xe0, 0x50, 0x68, 0x63, 0xc0,

    /* U+00D5 "Õ" */
    0xc, 0x81, 0x80, 0x1, 0xe3, 0x1b, 0x7, 0x7,
    0x83, 0x81, 0xc0, 0xa0, 0xd0, 0xc7, 0x80,

    /* U+00D6 "Ö" */
    0x9, 0x4, 0x80, 0x1, 0xe3, 0x1b, 0x7, 0x7,
    0x83, 0x81, 0xc0, 0xa0, 0xd0, 0xc7, 0x80,

    /* U+00D7 "×" */
    0x0, 0x42, 0x24, 0x18, 0x18, 0x24, 0x42, 0x0,

    /* U+00D8 "Ø" */
    0x0, 0x80, 0x83, 0xc6, 0x76, 0x4e, 0x4f, 0x27,
    0x23, 0xa3, 0x51, 0xb1, 0x8f, 0x8, 0x0, 0x0,

    /* U+00D9 "Ù" */
    0x8, 0x3, 0x0, 0x0, 0x0, 0x60, 0x98, 0x44,
    0x11, 0x4, 0xc2, 0x20, 0x88, 0x22, 0x8, 0x84,
    0x1e, 0x0,

    /* U+00DA "Ú" */
    0x3, 0x1, 0x0, 0x80, 0x0, 0x60, 0x98, 0x44,
    0x11, 0x4, 0xc2, 0x20, 0x88, 0x22, 0x8, 0x84,
    0x1e, 0x0,

    /* U+00DB "Û" */
    0x4, 0x2, 0x81, 0x10, 0x0, 0x60, 0x98, 0x44,
    0x11, 0x4, 0xc2, 0x20, 0x88, 0x22, 0x8, 0x84,
    0x1e, 0x0,

    /* U+00DC "Ü" */
    0x1b, 0x0, 0x0, 0x1, 0x82, 0x61, 0x10, 0x44,
    0x13, 0x8, 0x82, 0x20, 0x88, 0x22, 0x10, 0x78,
    0x0,

    /* U+00DD "Ý" */
    0x4, 0xc, 0x10, 0x0, 0x63, 0x62, 0x64, 0x28,
    0x30, 0x30, 0x20, 0x20, 0x60, 0x60,

    /* U+00DE "Þ" */
    0x18, 0x10, 0x3e, 0x33, 0x33, 0x23, 0x62, 0x7c,
    0x40, 0xc0,

    /* U+00DF "ß" */
    0x3, 0x81, 0x10, 0x4c, 0x32, 0xb, 0x2, 0x60,
    0x88, 0x62, 0x10, 0x85, 0x41, 0x60, 0x40, 0xa0,
    0x30, 0x0,

    /* U+00E0 "à" */
    0x10, 0x10, 0x0, 0xf2, 0x68, 0x91, 0x66, 0xd4,
    0xd8,

    /* U+00E1 "á" */
    0x2, 0x8, 0x20, 0xf2, 0x68, 0x91, 0x66, 0xd4,
    0xd8,

    /* U+00E2 "â" */
    0xc, 0x14, 0x48, 0x1, 0xe4, 0xd1, 0x22, 0xcd,
    0xa9, 0xb0,

    /* U+00E3 "ã" */
    0x18, 0x2e, 0x0, 0x1e, 0x26, 0x44, 0x44, 0xcc,
    0xd4, 0x6c,

    /* U+00E4 "ä" */
    0x12, 0x24, 0x0, 0xf2, 0x68, 0x91, 0x66, 0xd4,
    0xd8,

    /* U+00E5 "å" */
    0x4, 0x34, 0x50, 0x60, 0x3, 0xc9, 0xa2, 0x45,
    0x9b, 0x53, 0x60,

    /* U+00E6 "æ" */
    0x1b, 0x89, 0xa4, 0x49, 0x1c, 0xcc, 0x37, 0x26,
    0x70,

    /* U+00E7 "ç" */
    0x1c, 0x94, 0x30, 0xc3, 0x7, 0x10, 0x23, 0x80,

    /* U+00E8 "è" */
    0x10, 0x20, 0x7, 0x25, 0x25, 0x38, 0xc1, 0xc0,

    /* U+00E9 "é" */
    0x2, 0x18, 0x0, 0xe2, 0x49, 0x14, 0x70, 0xc0,
    0xe0,

    /* U+00EA "ê" */
    0xc, 0x28, 0x8, 0x1, 0xc4, 0x92, 0x28, 0xe1,
    0x81, 0xc0,

    /* U+00EB "ë" */
    0x0, 0x6c, 0x0, 0xe2, 0x49, 0x14, 0x70, 0xc0,
    0xe0,

    /* U+00EC "ì" */
    0x4c, 0x24, 0xb4, 0x98,

    /* U+00ED "í" */
    0x36, 0x84, 0x44, 0xc8, 0x8c,

    /* U+00EE "î" */
    0x25, 0x80, 0x44, 0x48, 0x88, 0xc0,

    /* U+00EF "ï" */
    0x99, 0xc, 0x44, 0xc8, 0x8c,

    /* U+00F0 "ð" */
    0x10, 0x1c, 0x50, 0x11, 0xe4, 0x50, 0xa3, 0xc5,
    0x91, 0xc0,

    /* U+00F1 "ñ" */
    0x18, 0x2e, 0x0, 0x6c, 0x36, 0x64, 0x64, 0x44,
    0x4c, 0x8c,

    /* U+00F2 "ò" */
    0x18, 0x10, 0x0, 0xe2, 0x28, 0x51, 0xe2, 0xc4,
    0xf0,

    /* U+00F3 "ó" */
    0x2, 0x8, 0x20, 0xe2, 0x28, 0x51, 0xe2, 0xc4,
    0xf0,

    /* U+00F4 "ô" */
    0x4, 0x14, 0x40, 0x1, 0xc4, 0x50, 0xa3, 0xc5,
    0x89, 0xe0,

    /* U+00F5 "õ" */
    0x19, 0x6, 0x0, 0x1c, 0x22, 0x42, 0x46, 0xc4,
    0xc4, 0x78,

    /* U+00F6 "ö" */
    0x12, 0x24, 0x0, 0xe2, 0x28, 0x51, 0xe2, 0xc4,
    0xf0,

    /* U+00F7 "÷" */
    0x8, 0x18, 0x0, 0x0, 0xff, 0x0, 0x0, 0x8,
    0x18,

    /* U+00F8 "ø" */
    0x4, 0x8, 0x71, 0x55, 0x2a, 0xf9, 0x72, 0x78,
    0x81, 0x0,

    /* U+00F9 "ù" */
    0x10, 0x10, 0x3, 0x36, 0x48, 0x93, 0x26, 0x7a,
    0x98,

    /* U+00FA "ú" */
    0x2, 0x18, 0x3, 0x36, 0x48, 0x93, 0x26, 0x7a,
    0x98,

    /* U+00FB "û" */
    0xc, 0x28, 0x88, 0x6, 0x6c, 0x91, 0x26, 0x4c,
    0xf5, 0x30,

    /* U+00FC "ü" */
    0x12, 0x24, 0x3, 0x36, 0x48, 0x93, 0x26, 0x7a,
    0x98,

    /* U+00FD "ý" */
    0x6, 0x10, 0x3, 0x13, 0x22, 0x45, 0xa, 0x18,
    0x20, 0x41, 0xc, 0x0,

    /* U+00FE "þ" */
    0x18, 0x8, 0x18, 0x10, 0x17, 0x19, 0x31, 0x23,
    0x22, 0x26, 0x68, 0x50, 0x40, 0x40,

    /* U+00FF "ÿ" */
    0x36, 0x0, 0x3, 0x13, 0x22, 0x45, 0xa, 0x18,
    0x20, 0x41, 0xc, 0x0,

    /* U+0100 "Ā" */
    0xf, 0x0, 0x0, 0x80, 0xc0, 0x60, 0x50, 0x28,
    0x26, 0x13, 0x1f, 0x88, 0xc8, 0x2c, 0x30,

    /* U+0101 "ā" */
    0x1e, 0x0, 0x0, 0xf2, 0x68, 0x91, 0x66, 0xd4,
    0xd8,

    /* U+0102 "Ă" */
    0x9, 0x4, 0x81, 0x80, 0x40, 0x60, 0x30, 0x28,
    0x14, 0x13, 0x9, 0x8f, 0xc4, 0x64, 0x16, 0x18,

    /* U+0103 "ă" */
    0x12, 0x24, 0x30, 0x1, 0xe4, 0xd1, 0x22, 0xcd,
    0xa9, 0xb0,

    /* U+0104 "Ą" */
    0x2, 0x0, 0x20, 0x6, 0x0, 0xa0, 0xb, 0x1,
    0x30, 0x13, 0x1, 0xf0, 0x21, 0x4, 0x10, 0x41,
    0x80, 0x8, 0x0, 0x80, 0x6,

    /* U+0105 "ą" */
    0x1e, 0x26, 0x44, 0x44, 0xcc, 0xd4, 0x6e, 0x8,
    0x8, 0x6,

    /* U+0106 "Ć" */
    0x1, 0x81, 0x1, 0x0, 0x1, 0xf9, 0x5, 0x83,
    0x80, 0xc0, 0x40, 0x20, 0x10, 0xc, 0x21, 0xe0,

    /* U+0107 "ć" */
    0x2, 0x18, 0x0, 0xe2, 0x48, 0x30, 0x60, 0xc0,
    0xe0,

    /* U+0108 "Ĉ" */
    0x6, 0x4, 0x80, 0x0, 0x1, 0xf9, 0x5, 0x83,
    0x80, 0xc0, 0x40, 0x20, 0x10, 0xc, 0x21, 0xe0,

    /* U+0109 "ĉ" */
    0xc, 0x18, 0x48, 0x1, 0xc4, 0x90, 0x60, 0xc1,
    0x81, 0xc0,

    /* U+010A "Ċ" */
    0x0, 0x3, 0x0, 0x0, 0x1, 0xf9, 0x5, 0x83,
    0x80, 0xc0, 0x40, 0x20, 0x10, 0xc, 0x21, 0xe0,

    /* U+010B "ċ" */
    0x0, 0x30, 0x7, 0x25, 0xc, 0x30, 0xc1, 0xc0,

    /* U+010C "Č" */
    0x8, 0x84, 0x81, 0x80, 0x80, 0x0, 0xfc, 0x82,
    0xc1, 0xc0, 0x60, 0x20, 0x10, 0x8, 0x6, 0x10,
    0xf0,

    /* U+010D "č" */
    0x12, 0xc, 0xc, 0x0, 0x1c, 0x24, 0x40, 0xc0,
    0xc0, 0xc0, 0x70,

    /* U+010E "Ď" */
    0x8, 0x80, 0xa0, 0x8, 0x0, 0x1, 0xf8, 0x31,
    0x84, 0x10, 0x83, 0x30, 0x66, 0x8, 0x83, 0x10,
    0x66, 0x18, 0xfc, 0x0,

    /* U+010F "ď" */
    0x3, 0x60, 0x44, 0x9, 0xd, 0x2, 0x60, 0x88,
    0x11, 0x6, 0x60, 0xcc, 0xf, 0x80,

    /* U+0110 "Đ" */
    0x1f, 0x83, 0x18, 0x41, 0x8, 0x37, 0xc6, 0x60,
    0x88, 0x33, 0x6, 0x61, 0x8f, 0xc0,

    /* U+0111 "đ" */
    0x3, 0xf, 0x2, 0x2, 0x1a, 0x26, 0x44, 0x44,
    0xcc, 0xcc, 0x7c,

    /* U+0112 "Ē" */
    0xf, 0x80, 0x0, 0x0, 0x7e, 0x18, 0x4, 0x1,
    0x0, 0xf8, 0x22, 0x8, 0x2, 0x9, 0x84, 0x7f,
    0x0,

    /* U+0113 "ē" */
    0x3e, 0x0, 0x0, 0xe2, 0x49, 0x14, 0x70, 0xc0,
    0xe0,

    /* U+0114 "Ĕ" */
    0x8, 0x81, 0x20, 0x70, 0x0, 0x1f, 0x86, 0x1,
    0x0, 0x40, 0x3e, 0x8, 0x82, 0x0, 0x82, 0x61,
    0x1f, 0xc0,

    /* U+0115 "ĕ" */
    0x12, 0x12, 0xc, 0x0, 0x1c, 0x24, 0x48, 0x50,
    0xe0, 0xc0, 0x70,

    /* U+0116 "Ė" */
    0x2, 0x0, 0x80, 0x0, 0x7e, 0x18, 0x4, 0x1,
    0x0, 0xf8, 0x22, 0x8, 0x2, 0x9, 0x84, 0x7f,
    0x0,

    /* U+0117 "ė" */
    0x0, 0x30, 0x7, 0x25, 0x25, 0x38, 0xc1, 0xc0,

    /* U+0118 "Ę" */
    0x1f, 0x86, 0x1, 0x0, 0x40, 0x3e, 0x8, 0x82,
    0x1, 0x80, 0x61, 0x1f, 0xc0, 0x20, 0x9, 0x1,
    0x80,

    /* U+0119 "ę" */
    0x1c, 0x49, 0x22, 0x8e, 0x19, 0x1e, 0x8, 0x10,
    0x18,

    /* U+011A "Ě" */
    0x4, 0x80, 0xc0, 0x20, 0x0, 0x1f, 0x86, 0x1,
    0x0, 0x40, 0x3e, 0x8, 0x82, 0x0, 0x82, 0x61,
    0x1f, 0xc0,

    /* U+011B "ě" */
    0x12, 0xe, 0xc, 0x0, 0x1c, 0x24, 0x48, 0x50,
    0xe0, 0xc0, 0x70,

    /* U+011C "Ĝ" */
    0x6, 0x2, 0x40, 0x0, 0x0, 0x1f, 0x88, 0x24,
    0x3, 0x0, 0xc3, 0xe0, 0x48, 0x12, 0xc, 0xc3,
    0xf, 0x80,

    /* U+011D "ĝ" */
    0xc, 0x28, 0x88, 0x3, 0xec, 0x91, 0x24, 0x30,
    0x82, 0xe4, 0x48, 0x9e, 0x0,

    /* U+011E "Ğ" */
    0x9, 0x1, 0xc0, 0x0, 0x0, 0x1f, 0x88, 0x24,
    0x3, 0x0, 0xc3, 0xe0, 0x48, 0x12, 0xc, 0xc3,
    0xf, 0x80,

    /* U+011F "ğ" */
    0x22, 0x48, 0x70, 0x3, 0xec, 0x91, 0x24, 0x30,
    0x82, 0xe4, 0x48, 0x9e, 0x0,

    /* U+0120 "Ġ" */
    0x6, 0x0, 0x0, 0x0, 0x7e, 0x20, 0x90, 0xc,
    0x3, 0xf, 0x81, 0x20, 0x48, 0x33, 0xc, 0x3e,
    0x0,

    /* U+0121 "ġ" */
    0x8, 0x10, 0x1, 0xf6, 0x48, 0x92, 0x18, 0x41,
    0x72, 0x24, 0x4f, 0x0,

    /* U+0122 "Ģ" */
    0x1f, 0x88, 0x24, 0x3, 0x0, 0xc3, 0xe0, 0x48,
    0x12, 0xc, 0xc3, 0xf, 0x80, 0x0, 0x40, 0x10,
    0x4, 0x2, 0x0,

    /* U+0123 "ģ" */
    0x8, 0x10, 0x20, 0x0, 0x7, 0xd9, 0x22, 0x48,
    0x61, 0x5, 0xc8, 0x91, 0x3c, 0x0,

    /* U+0124 "Ĥ" */
    0x1, 0x0, 0x28, 0x4, 0x80, 0x0, 0x18, 0x61,
    0x84, 0x10, 0x41, 0xc, 0x3f, 0xc2, 0x8, 0x21,
    0x82, 0x18, 0x61, 0x86, 0x38,

    /* U+0125 "ĥ" */
    0x3, 0x2, 0x82, 0x26, 0x1, 0x1, 0x0, 0x80,
    0x4c, 0x3e, 0x32, 0x19, 0x8, 0x84, 0xc6, 0x60,

    /* U+0126 "Ħ" */
    0x18, 0x67, 0xfe, 0x10, 0xc3, 0xc, 0x3f, 0x82,
    0x8, 0x21, 0x86, 0x18, 0x61, 0x6, 0x30,

    /* U+0127 "ħ" */
    0x30, 0x21, 0xf9, 0x2, 0x67, 0xd9, 0x32, 0x44,
    0x9b, 0x30,

    /* U+0128 "Ĩ" */
    0x1a, 0x58, 0x0, 0xc1, 0x82, 0x4, 0x18, 0x30,
    0x40, 0x83, 0x6, 0x0,

    /* U+0129 "ĩ" */
    0x70, 0x60, 0x8, 0x20, 0x84, 0x10, 0x41, 0x80,

    /* U+012A "Ī" */
    0x3e, 0x0, 0x0, 0xc1, 0x82, 0x4, 0x18, 0x30,
    0x40, 0x83, 0x6, 0x0,

    /* U+012B "ī" */
    0xf8, 0x0, 0x84, 0x62, 0x10, 0x86, 0x0,

    /* U+012C "Ĭ" */
    0x22, 0x48, 0x70, 0x1, 0x83, 0x4, 0x8, 0x30,
    0x60, 0x81, 0x6, 0xc, 0x0,

    /* U+012D "ĭ" */
    0x8c, 0x9c, 0xc, 0x21, 0x18, 0x84, 0x30,

    /* U+012E "Į" */
    0x18, 0x61, 0x4, 0x30, 0xc2, 0x8, 0x61, 0x82,
    0x5, 0x18,

    /* U+012F "į" */
    0x24, 0x4, 0xb4, 0x9a, 0x4e,

    /* U+0130 "İ" */
    0x8, 0x20, 0x6, 0x18, 0x41, 0xc, 0x30, 0x82,
    0x18, 0x60,

    /* U+0131 "ı" */
    0xc9, 0x49, 0x30,

    /* U+0132 "Ĳ" */
    0x18, 0x63, 0x8, 0x43, 0x8, 0x63, 0x8, 0x63,
    0x8, 0x63, 0x8, 0x69, 0x1f, 0xc0,

    /* U+0133 "ĳ" */
    0x64, 0x10, 0x33, 0x4e, 0x29, 0xaa, 0xdb, 0x41,
    0x4, 0xe0,

    /* U+0134 "Ĵ" */
    0x6, 0xa, 0x11, 0x0, 0x6, 0x4, 0xc, 0xc,
    0x8, 0x8, 0x18, 0x18, 0x90, 0xe0,

    /* U+0135 "ĵ" */
    0xc, 0x28, 0x8, 0x1, 0x81, 0x2, 0xc, 0x10,
    0x20, 0x41, 0x8a, 0x18, 0x0,

    /* U+0136 "Ķ" */
    0x18, 0xc3, 0x10, 0x4c, 0xa, 0x3, 0x80, 0x78,
    0x9, 0x1, 0x30, 0x62, 0xc, 0x60, 0x0, 0x8,
    0x1, 0x80, 0x20, 0x0, 0x0,

    /* U+0137 "ķ" */
    0x30, 0x20, 0x81, 0x2, 0x45, 0x14, 0x38, 0x50,
    0x93, 0x30, 0x6, 0x4, 0x8, 0x0,

    /* U+0138 "ĸ" */
    0x64, 0x51, 0xc3, 0x85, 0x9, 0x33, 0x0,

    /* U+0139 "Ĺ" */
    0x1, 0x1, 0x81, 0x0, 0x1, 0x80, 0xc0, 0x40,
    0x20, 0x30, 0x18, 0x8, 0x4, 0x6, 0x13, 0xf8,

    /* U+013A "ĺ" */
    0x8, 0x88, 0x61, 0x10, 0x84, 0x22, 0x10, 0x84,
    0x30,

    /* U+013B "Ļ" */
    0x18, 0xc, 0x4, 0x2, 0x3, 0x1, 0x80, 0x80,
    0x40, 0x61, 0x3f, 0x80, 0x2, 0x1, 0x0, 0x80,
    0x80,

    /* U+013C "ļ" */
    0x31, 0x22, 0x22, 0x44, 0x44, 0x60, 0x44, 0x48,

    /* U+013D "Ľ" */
    0x19, 0x8c, 0x44, 0x42, 0x3, 0x1, 0x80, 0x80,
    0x40, 0x61, 0x3f, 0x80,

    /* U+013E "ľ" */
    0x32, 0x64, 0x91, 0x2, 0xc, 0x10, 0x20, 0x40,
    0xc0,

    /* U+013F "Ŀ" */
    0x18, 0xc, 0x4, 0x2, 0x3, 0x1, 0x98, 0x80,
    0x40, 0x61, 0x3f, 0x80,

    /* U+0140 "ŀ" */
    0x30, 0x88, 0x42, 0x11, 0x29, 0x42, 0x18,

    /* U+0141 "Ł" */
    0x18, 0xc, 0x4, 0x2, 0x83, 0x83, 0x80, 0x80,
    0x40, 0x61, 0x3f, 0x80,

    /* U+0142 "ł" */
    0x62, 0x65, 0x6c, 0xc8, 0x88, 0xc0,

    /* U+0143 "Ń" */
    0x0, 0x80, 0x20, 0x8, 0x0, 0x1, 0x86, 0x30,
    0x86, 0x11, 0x64, 0x24, 0x84, 0xd0, 0x8a, 0x21,
    0x84, 0x11, 0x82, 0x0,

    /* U+0144 "ń" */
    0x2, 0x8, 0x23, 0x63, 0x6c, 0x99, 0x22, 0x4d,
    0x18,

    /* U+0145 "Ņ" */
    0x18, 0x63, 0x8, 0x61, 0x16, 0x42, 0x48, 0x4d,
    0x8, 0xa2, 0x18, 0x41, 0x18, 0x20, 0x0, 0x8,
    0x1, 0x0, 0x20, 0x8, 0x0,

    /* U+0146 "ņ" */
    0x6c, 0x6d, 0x93, 0x24, 0x49, 0xa3, 0x0, 0x20,
    0x40, 0x82, 0x0,

    /* U+0147 "Ň" */
    0x4, 0x40, 0x90, 0xc, 0x1, 0x0, 0x0, 0x30,
    0xc6, 0x10, 0xc2, 0x2c, 0x84, 0x90, 0x9a, 0x11,
    0x44, 0x30, 0x82, 0x30, 0x40,

    /* U+0148 "ň" */
    0x12, 0xe, 0xc, 0x0, 0x6c, 0x36, 0x64, 0x64,
    0x44, 0x4c, 0x8c,

    /* U+0149 "ŉ" */
    0x40, 0x82, 0x7, 0x67, 0x4c, 0x91, 0x26, 0x8b,
    0x18,

    /* U+014A "Ŋ" */
    0x9, 0xc3, 0xcc, 0x61, 0x88, 0x31, 0x6, 0x60,
    0x88, 0x11, 0x6, 0x64, 0x9e, 0xe0,

    /* U+014B "ŋ" */
    0x6e, 0x6d, 0x93, 0x24, 0x49, 0xa2, 0x4, 0x8,
    0xe0,

    /* U+014C "Ō" */
    0xf, 0x80, 0x0, 0x1, 0xe3, 0x1b, 0x7, 0x7,
    0x83, 0x81, 0xc0, 0xa0, 0xd0, 0xc7, 0x80,

    /* U+014D "ō" */
    0x1e, 0x0, 0x71, 0x14, 0x28, 0xf1, 0x62, 0x78,

    /* U+014E "Ŏ" */
    0x8, 0x83, 0x80, 0x0, 0x0, 0xf1, 0x8d, 0x83,
    0x83, 0xc1, 0xc0, 0xe0, 0x50, 0x68, 0x63, 0xc0,

    /* U+014F "ŏ" */
    0x11, 0x12, 0xc, 0x0, 0x1c, 0x22, 0x42, 0x46,
    0xc4, 0xc4, 0x78,

    /* U+0150 "Ő" */
    0x6, 0x82, 0x80, 0x80, 0x0, 0xf1, 0x8d, 0x83,
    0x83, 0xc1, 0xc0, 0xe0, 0x50, 0x68, 0x63, 0xc0,

    /* U+0151 "ő" */
    0x5, 0xa, 0x0, 0x1c, 0x22, 0x42, 0x46, 0xc4,
    0xc4, 0x78,

    /* U+0152 "Œ" */
    0x1f, 0xf9, 0xc, 0x10, 0x41, 0x82, 0xc, 0x3e,
    0x41, 0x92, 0x8, 0x10, 0x40, 0xc6, 0x13, 0xff,
    0x80,

    /* U+0153 "œ" */
    0x1d, 0xc9, 0x94, 0x49, 0x1c, 0xc4, 0x33, 0x7,
    0x70,

    /* U+0154 "Ŕ" */
    0x1, 0x1, 0x1, 0x0, 0x1, 0xf0, 0xcc, 0x46,
    0x23, 0x3e, 0x1a, 0x9, 0x84, 0x46, 0x23, 0x18,

    /* U+0155 "ŕ" */
    0x4, 0x21, 0x1b, 0x31, 0x86, 0x10, 0x43, 0x0,

    /* U+0156 "Ŗ" */
    0x1f, 0xc, 0xc4, 0x62, 0x33, 0xe1, 0xa0, 0x98,
    0x44, 0x62, 0x31, 0x80, 0x2, 0x1, 0x0, 0x80,
    0x80,

    /* U+0157 "ŗ" */
    0x6c, 0xc6, 0x18, 0x41, 0xc, 0x0, 0xc1, 0xc,
    0x0,

    /* U+0158 "Ř" */
    0x9, 0x3, 0x0, 0x80, 0x1, 0xf0, 0xcc, 0x46,
    0x23, 0x3e, 0x1a, 0x9, 0x84, 0x46, 0x23, 0x18,

    /* U+0159 "ř" */
    0x22, 0x28, 0x60, 0x6, 0xc6, 0x18, 0x30, 0x40,
    0x83, 0x0,

    /* U+015A "Ś" */
    0x2, 0x8, 0x20, 0x1, 0xe4, 0x48, 0x98, 0x18,
    0x18, 0x14, 0x28, 0x5f, 0x0,

    /* U+015B "ś" */
    0x4, 0x21, 0xe, 0x60, 0x83, 0x4, 0x93, 0xc0,

    /* U+015C "Ŝ" */
    0x4, 0x14, 0x40, 0x1, 0xe4, 0x48, 0x98, 0x18,
    0x18, 0x14, 0x28, 0x5f, 0x0,

    /* U+015D "ŝ" */
    0x18, 0xe0, 0x40, 0x39, 0x82, 0xc, 0x12, 0x4f,
    0x0,

    /* U+015E "Ş" */
    0x1e, 0x22, 0x20, 0x30, 0x18, 0xc, 0x4, 0x4,
    0x84, 0xf8, 0x40, 0x30, 0x70,

    /* U+015F "ş" */
    0x3b, 0x8, 0x61, 0x4b, 0xc8, 0x27, 0x0,

    /* U+0160 "Š" */
    0x0, 0xb, 0xe, 0x4, 0x0, 0x1e, 0x22, 0x22,
    0x30, 0x18, 0xc, 0x4, 0x84, 0x84, 0xf8,

    /* U+0161 "š" */
    0x22, 0x28, 0x60, 0x3, 0x8c, 0x8, 0x18, 0x11,
    0x23, 0xc0,

    /* U+0162 "Ţ" */
    0xff, 0x4c, 0x86, 0x2, 0x1, 0x1, 0x80, 0xc0,
    0x40, 0x20, 0x30, 0x10, 0x4, 0xe, 0x0,

    /* U+0163 "ţ" */
    0x0, 0x84, 0x71, 0x10, 0x84, 0x71, 0x10, 0x4e,
    0x0,

    /* U+0164 "Ť" */
    0x11, 0x7, 0x1, 0x0, 0x7, 0xfc, 0x64, 0x20,
    0x30, 0x18, 0x8, 0x4, 0x6, 0x3, 0x3, 0x80,

    /* U+0165 "ť" */
    0x6, 0x4, 0x93, 0x82, 0x8, 0x10, 0x20, 0x41,
    0x80,

    /* U+0166 "Ŧ" */
    0xff, 0x4c, 0x6, 0x2, 0x7, 0xc1, 0x80, 0xc0,
    0x40, 0x20, 0x30, 0x0,

    /* U+0167 "ŧ" */
    0x12, 0x72, 0xf4, 0x44, 0x60,

    /* U+0168 "Ũ" */
    0x1d, 0x1, 0x80, 0x1, 0x82, 0x61, 0x10, 0x44,
    0x13, 0x8, 0x82, 0x20, 0x88, 0x22, 0x10, 0x78,
    0x0,

    /* U+0169 "ũ" */
    0x19, 0x2e, 0x0, 0x66, 0x64, 0x44, 0x4c, 0x4c,
    0x7a, 0x4c,

    /* U+016A "Ū" */
    0x1f, 0x0, 0x0, 0x1, 0x82, 0x61, 0x10, 0x44,
    0x13, 0x8, 0x82, 0x20, 0x88, 0x22, 0x10, 0x78,
    0x0,

    /* U+016B "ū" */
    0x1e, 0x0, 0x3, 0x36, 0x48, 0x93, 0x26, 0x7a,
    0x98,

    /* U+016C "Ŭ" */
    0x11, 0x3, 0x80, 0x0, 0x0, 0x60, 0x98, 0x44,
    0x11, 0x4, 0xc2, 0x20, 0x88, 0x22, 0x8, 0x84,
    0x1e, 0x0,

    /* U+016D "ŭ" */
    0x22, 0x24, 0x70, 0x6, 0x6c, 0x91, 0x26, 0x4c,
    0xf5, 0x30,

    /* U+016E "Ů" */
    0x4, 0x2, 0x80, 0xa0, 0x10, 0x0, 0x18, 0x26,
    0x11, 0x4, 0x41, 0x30, 0x88, 0x22, 0x8, 0x82,
    0x21, 0x7, 0x80,

    /* U+016F "ů" */
    0x4, 0x34, 0x50, 0x60, 0xc, 0xd9, 0x22, 0x4c,
    0x99, 0xea, 0x60,

    /* U+0170 "Ű" */
    0xd, 0x2, 0x80, 0x0, 0x0, 0x60, 0x98, 0x44,
    0x11, 0x4, 0xc2, 0x20, 0x88, 0x22, 0x8, 0x84,
    0x1e, 0x0,

    /* U+0171 "ű" */
    0x1a, 0x28, 0x3, 0x36, 0x48, 0x93, 0x26, 0x7a,
    0x98,

    /* U+0172 "Ų" */
    0x61, 0xa0, 0x90, 0x58, 0x2c, 0x24, 0x12, 0x9,
    0x8, 0x84, 0x3c, 0x2, 0x1, 0xc0,

    /* U+0173 "ų" */
    0x66, 0xc9, 0x12, 0x64, 0xcf, 0x53, 0x4, 0x8,
    0x1c,

    /* U+0174 "Ŵ" */
    0x6, 0x0, 0x90, 0x10, 0x0, 0x0, 0x66, 0x34,
    0x22, 0x66, 0x26, 0x64, 0x6a, 0x46, 0xa8, 0x32,
    0x83, 0x30, 0x23, 0x2, 0x20,

    /* U+0175 "ŵ" */
    0x4, 0x5, 0x4, 0x0, 0xc, 0x4a, 0x65, 0x52,
    0xaa, 0x66, 0x33, 0x11, 0x0,

    /* U+0176 "Ŷ" */
    0x8, 0x14, 0x24, 0x0, 0x63, 0x62, 0x64, 0x28,
    0x30, 0x30, 0x20, 0x20, 0x60, 0x60,

    /* U+0177 "ŷ" */
    0xc, 0x28, 0x80, 0x6, 0x26, 0x44, 0x8a, 0x14,
    0x30, 0x40, 0x82, 0x18, 0x0,

    /* U+0178 "Ÿ" */
    0x0, 0x36, 0x0, 0x63, 0x62, 0x64, 0x28, 0x30,
    0x30, 0x20, 0x20, 0x60, 0x60,

    /* U+0179 "Ź" */
    0x1, 0x1, 0x1, 0x0, 0x3, 0xfa, 0x18, 0x8,
    0xc, 0xc, 0xc, 0x4, 0x4, 0x6, 0x17, 0xf8,

    /* U+017A "ź" */
    0xc, 0x40, 0x1e, 0x8, 0x42, 0x10, 0x43, 0x82,
    0x84,

    /* U+017B "Ż" */
    0x4, 0x2, 0x0, 0x7, 0xf4, 0x30, 0x10, 0x18,
    0x18, 0x18, 0x8, 0x8, 0xc, 0x2f, 0xf0,

    /* U+017C "ż" */
    0x0, 0x60, 0x1e, 0x8, 0x42, 0x10, 0x43, 0x82,
    0x84,

    /* U+017D "Ž" */
    0x11, 0x5, 0x1, 0x0, 0x3, 0xfa, 0x18, 0x8,
    0xc, 0xc, 0xc, 0x4, 0x4, 0x6, 0x17, 0xf8,

    /* U+017E "ž" */
    0x24, 0x30, 0x40, 0x7, 0x81, 0x4, 0x10, 0x40,
    0x83, 0x81, 0x41, 0x0,

    /* U+017F "ſ" */
    0x3, 0x5, 0x4, 0x8, 0x18, 0x8, 0x8, 0x10,
    0x10, 0x10, 0x10, 0x20, 0xa0, 0xc0,

    /* U+0180 "ƀ" */
    0x30, 0x21, 0xe1, 0x2, 0xe6, 0x58, 0xa1, 0x45,
    0x91, 0xc0,

    /* U+0181 "Ɓ" */
    0x3f, 0xb3, 0x38, 0x85, 0x23, 0x1f, 0x6, 0x61,
    0x8, 0x42, 0x31, 0x8f, 0xc0,

    /* U+0182 "Ƃ" */
    0x1f, 0x8c, 0x44, 0x6, 0x3, 0xe1, 0x18, 0x84,
    0xc6, 0x62, 0x3e, 0x0,

    /* U+0183 "ƃ" */
    0x1e, 0x60, 0x81, 0x73, 0x2c, 0x51, 0xa2, 0x48,
    0xe0,

    /* U+0184 "Ƅ" */
    0x8, 0x18, 0x30, 0x30, 0x3c, 0x23, 0x23, 0x63,
    0x63, 0x7c,

    /* U+0185 "ƅ" */
    0x20, 0x41, 0x83, 0x5, 0xcc, 0xd1, 0x62, 0x8d,
    0x13, 0xc0,

    /* U+0186 "Ɔ" */
    0xf, 0x82, 0x18, 0x1, 0x80, 0x30, 0x6, 0x0,
    0xc0, 0x30, 0x6, 0x41, 0x88, 0x61, 0xf0, 0x0,

    /* U+0187 "Ƈ" */
    0x1f, 0x39, 0x6, 0x10, 0x21, 0x80, 0xc, 0x0,
    0x40, 0x2, 0x0, 0x18, 0x0, 0xc1, 0x1, 0xf0,
    0x0,

    /* U+0188 "ƈ" */
    0x1, 0x80, 0x90, 0x20, 0x8, 0x1c, 0x9, 0x4,
    0x1, 0x0, 0xc0, 0x30, 0x7, 0x0,

    /* U+0189 "Ɖ" */
    0x1f, 0x83, 0x18, 0x41, 0x8, 0x37, 0xc6, 0x60,
    0x88, 0x33, 0x6, 0x61, 0x8f, 0xc0,

    /* U+018A "Ɗ" */
    0x3f, 0x99, 0xa, 0x61, 0xcc, 0x31, 0x6, 0x60,
    0xcc, 0x19, 0x6, 0x21, 0x8f, 0xc0,

    /* U+018B "Ƌ" */
    0x1f, 0xc4, 0x10, 0x6, 0xf, 0xc6, 0x10, 0xc6,
    0x30, 0xc6, 0x10, 0xc6, 0xf, 0xc0,

    /* U+018C "ƌ" */
    0x1f, 0x2, 0x2, 0x1a, 0x26, 0x44, 0x44, 0xcc,
    0xcc, 0x7c,

    /* U+018D "ƍ" */
    0x1c, 0x4d, 0xa, 0x34, 0x48, 0x9a, 0x18, 0x30,
    0x23, 0x80,

    /* U+018E "Ǝ" */
    0x1f, 0xc8, 0x20, 0x18, 0x6, 0xf, 0x4, 0xc0,
    0x32, 0x8, 0x82, 0x3f, 0x80,

    /* U+018F "Ə" */
    0xf, 0x8, 0xc8, 0x60, 0x30, 0x18, 0x7c, 0xc4,
    0xc6, 0x46, 0x22, 0x1e, 0x0,

    /* U+0190 "Ɛ" */
    0xe, 0x88, 0x8c, 0x46, 0x2, 0x1, 0x80, 0x70,
    0xc0, 0xc0, 0x60, 0x30, 0xf, 0x80,

    /* U+0191 "Ƒ" */
    0x7, 0xe0, 0x80, 0x10, 0x6, 0x40, 0xf8, 0x12,
    0x2, 0x0, 0xc0, 0x10, 0x2, 0x0, 0xc0, 0x50,
    0xe, 0x0,

    /* U+0192 "ƒ" */
    0x3, 0x5, 0x4, 0x8, 0x1e, 0x8, 0x8, 0x10,
    0x10, 0x10, 0x10, 0x20, 0xa0, 0xc0,

    /* U+0193 "Ɠ" */
    0x0, 0x38, 0xfa, 0x8, 0x20, 0x81, 0xc, 0x0,
    0x61, 0xe2, 0x4, 0x10, 0x20, 0x83, 0x6, 0x18,
    0xf, 0x0,

    /* U+0194 "Ɣ" */
    0xe3, 0x21, 0x19, 0x5, 0x3, 0x1, 0x81, 0x41,
    0x20, 0x90, 0x70, 0x0,

    /* U+0195 "ƕ" */
    0x30, 0x2, 0x0, 0x80, 0x10, 0x2, 0xe4, 0x6c,
    0x59, 0x13, 0x22, 0x44, 0x48, 0x93, 0x1c, 0x0,

    /* U+0196 "Ɩ" */
    0x65, 0xa4, 0xb4, 0x93, 0x0,

    /* U+0197 "Ɨ" */
    0x18, 0x41, 0xc, 0x78, 0x82, 0x18, 0x63, 0x80,

    /* U+0198 "Ƙ" */
    0x3c, 0x70, 0xc4, 0x44, 0xc0, 0x28, 0x3, 0x80,
    0x16, 0x0, 0x90, 0xc, 0xc0, 0x62, 0x3, 0x18,
    0x0,

    /* U+0199 "ƙ" */
    0x1c, 0x28, 0x81, 0x2, 0x45, 0x14, 0x38, 0x50,
    0xb2, 0x30,

    /* U+019A "ƚ" */
    0x31, 0x32, 0x2f, 0x44, 0x44, 0x60,

    /* U+019B "ƛ" */
    0x30, 0x50, 0x31, 0xc0, 0x83, 0xe, 0x14, 0x68,
    0x97, 0x10,

    /* U+019C "Ɯ" */
    0x77, 0x72, 0x22, 0x66, 0x64, 0x44, 0x44, 0x4c,
    0xcc, 0xcc, 0xc9, 0x98, 0xaa, 0x8c, 0xdc,

    /* U+019D "Ɲ" */
    0x6, 0x18, 0x30, 0x81, 0xc4, 0xa, 0x20, 0x9a,
    0x4, 0x50, 0x22, 0x82, 0x18, 0x10, 0x40, 0x82,
    0x4, 0x1, 0x40, 0xc, 0x0, 0x0,

    /* U+019E "ƞ" */
    0x6e, 0x6d, 0x93, 0x24, 0x49, 0xa2, 0x4, 0x8,
    0x10,

    /* U+019F "Ɵ" */
    0xf, 0x18, 0xd8, 0x38, 0x1f, 0xfc, 0xe, 0x5,
    0x6, 0x86, 0x3c, 0x0,

    /* U+01A0 "Ơ" */
    0x0, 0x20, 0xf1, 0x31, 0xc6, 0x8, 0xc1, 0x8c,
    0x18, 0x81, 0x88, 0x10, 0x82, 0x8, 0x40, 0x78,
    0x0,

    /* U+01A1 "ơ" */
    0x0, 0x80, 0x47, 0x24, 0x64, 0x22, 0x33, 0x11,
    0x88, 0x78, 0x0,

    /* U+01A2 "Ƣ" */
    0x0, 0x18, 0x79, 0x4c, 0x76, 0xc1, 0x3c, 0x9,
    0x60, 0xca, 0x6, 0xd0, 0x26, 0x82, 0x24, 0x21,
    0x1e, 0x18,

    /* U+01A3 "ƣ" */
    0x1c, 0xc8, 0xd4, 0x25, 0x1a, 0xc4, 0xb1, 0x25,
    0x88, 0x84, 0x1, 0x40, 0x60,

    /* U+01A4 "Ƥ" */
    0x3f, 0xb3, 0x38, 0x8c, 0x23, 0x1f, 0x4, 0x1,
    0x0, 0xc0, 0x30, 0xc, 0x0,

    /* U+01A5 "ƥ" */
    0x6, 0xa, 0x8, 0x10, 0x17, 0x19, 0x31, 0x23,
    0x22, 0x26, 0x68, 0x50, 0x40, 0x40,

    /* U+01A6 "Ʀ" */
    0x18, 0xc, 0x7, 0x86, 0x23, 0x11, 0x88, 0x8c,
    0xf8, 0x66, 0x33, 0x1, 0x80, 0x90, 0x70,

    /* U+01A7 "Ƨ" */
    0x7d, 0x10, 0x43, 0x31, 0x8c, 0x21, 0x8b, 0xe0,

    /* U+01A8 "ƨ" */
    0xb9, 0x24, 0x89, 0xf0,

    /* U+01A9 "Ʃ" */
    0x1f, 0xc6, 0x10, 0xc0, 0x18, 0x2, 0x1, 0x0,
    0x80, 0x40, 0x21, 0xbf, 0xc0,

    /* U+01AA "ƪ" */
    0x69, 0x99, 0x73, 0x22, 0x24, 0x44, 0x43,

    /* U+01AB "ƫ" */
    0x8, 0x23, 0xc4, 0x10, 0x41, 0xa, 0x32, 0x4e,
    0x0,

    /* U+01AC "Ƭ" */
    0x7f, 0x4c, 0xa6, 0x12, 0x1, 0x1, 0x80, 0xc0,
    0x40, 0x20, 0x30, 0x0,

    /* U+01AD "ƭ" */
    0x1c, 0x92, 0x18, 0xf1, 0x4, 0x10, 0x82, 0xc,
    0x0,

    /* U+01AE "Ʈ" */
    0xff, 0x4c, 0x86, 0x2, 0x1, 0x1, 0x80, 0xc0,
    0x40, 0x20, 0x30, 0x10, 0x8, 0x3, 0x0,

    /* U+01AF "Ư" */
    0x0, 0x2c, 0x35, 0x7, 0x20, 0x8c, 0x21, 0x84,
    0x20, 0x84, 0x10, 0x84, 0x10, 0x81, 0xe0, 0x0,

    /* U+01B0 "ư" */
    0x0, 0x80, 0x16, 0x28, 0x96, 0x44, 0x13, 0x4,
    0xc1, 0xe8, 0x4c, 0x0,

    /* U+01B1 "Ʊ" */
    0x79, 0xe9, 0x4c, 0x6c, 0x30, 0x4c, 0xd, 0x1,
    0xa0, 0x34, 0x4, 0xc1, 0x8f, 0xc0,

    /* U+01B2 "Ʋ" */
    0x60, 0x8, 0x66, 0x19, 0x81, 0x40, 0x50, 0x1c,
    0xb, 0x2, 0xc1, 0x30, 0x87, 0x80,

    /* U+01B3 "Ƴ" */
    0x70, 0x34, 0x20, 0x88, 0x24, 0xa, 0x3, 0x0,
    0xc0, 0x30, 0x8, 0x2, 0x1, 0x80,

    /* U+01B4 "ƴ" */
    0x3, 0x81, 0x41, 0x0, 0x86, 0x41, 0x20, 0xe0,
    0x30, 0x18, 0x8, 0x4, 0x4, 0x2, 0x6, 0x0,

    /* U+01B5 "Ƶ" */
    0x3f, 0xa1, 0x81, 0x80, 0x81, 0xe0, 0xc0, 0xc0,
    0x40, 0x61, 0x7f, 0x80,

    /* U+01B6 "ƶ" */
    0x78, 0x21, 0x1e, 0x41, 0x4, 0x2a, 0x10,

    /* U+01B7 "Ʒ" */
    0x1f, 0x91, 0x80, 0x80, 0x80, 0xe0, 0x10, 0x8,
    0xc, 0x84, 0x3c, 0x0,

    /* U+01B8 "Ƹ" */
    0x3f, 0x11, 0x11, 0x18, 0x38, 0x60, 0x40, 0xc0,
    0xc2, 0x7c,

    /* U+01B9 "ƹ" */
    0x1e, 0x44, 0x40, 0x86, 0x18, 0x20, 0x40, 0x80,
    0xe0,

    /* U+01BA "ƺ" */
    0x3e, 0x10, 0x41, 0xc0, 0x83, 0x1c, 0x60, 0x91,
    0xc0,

    /* U+01BB "ƻ" */
    0xe, 0x37, 0x43, 0x3, 0x2, 0xf, 0x8, 0x10,
    0x20, 0x42, 0x7e,

    /* U+01BC "Ƽ" */
    0xf, 0x83, 0x0, 0x80, 0x38, 0x1, 0x0, 0x60,
    0x18, 0x4, 0x83, 0x1f, 0x0,

    /* U+01BD "ƽ" */
    0x1e, 0x41, 0x3, 0xc0, 0x81, 0x81, 0x4, 0x9,
    0xe0,

    /* U+01BE "ƾ" */
    0x21, 0x1c, 0x42, 0x8, 0x72, 0xf0,

    /* U+01BF "ƿ" */
    0x37, 0x19, 0x31, 0x23, 0x22, 0x26, 0x68, 0x50,
    0x60, 0x40,

    /* U+01C0 "ǀ" */
    0x4, 0x94, 0x92, 0x92, 0x40,

    /* U+01C1 "ǁ" */
    0x1, 0x4a, 0x55, 0x29, 0x4a, 0xa5, 0x29, 0x40,

    /* U+01C2 "ǂ" */
    0x4, 0x2, 0x1, 0x1, 0x7, 0xf0, 0x40, 0x21,
    0xfe, 0x10, 0x8, 0x4, 0x4, 0x0,

    /* U+01C3 "ǃ" */
    0x22, 0x22, 0x44, 0x48, 0x88,

    /* U+01C4 "Ǆ" */
    0x0, 0x2, 0x40, 0x0, 0x18, 0x0, 0x1, 0x0,
    0x0, 0x0, 0x1f, 0x8f, 0xf1, 0x8c, 0x86, 0x10,
    0x40, 0xc1, 0x6, 0x8, 0x30, 0x61, 0x83, 0x4,
    0x30, 0x20, 0xc6, 0x2, 0xc, 0xc0, 0x61, 0x88,
    0x27, 0xe1, 0xfc,

    /* U+01C5 "ǅ" */
    0x0, 0x8, 0x8f, 0xc2, 0x86, 0x30, 0x82, 0x8,
    0x1, 0x6, 0xf1, 0x83, 0x10, 0xc1, 0x10, 0x41,
    0x88, 0x20, 0xc8, 0x30, 0xc8, 0x1f, 0x86, 0x0,
    0x1, 0xa0, 0x0, 0x20,

    /* U+01C6 "ǆ" */
    0x3, 0x48, 0xc, 0xe0, 0x23, 0x0, 0x80, 0x1e,
    0xf8, 0x9a, 0x44, 0x42, 0x11, 0x10, 0xcc, 0x83,
    0x32, 0x7, 0xdc, 0x80, 0xc,

    /* U+01C7 "Ǉ" */
    0x18, 0x6, 0x18, 0x6, 0x10, 0x4, 0x10, 0xc,
    0x30, 0xc, 0x30, 0x8, 0x20, 0x8, 0x60, 0x18,
    0x61, 0xd0, 0xff, 0x70,

    /* U+01C8 "ǈ" */
    0x18, 0x11, 0x81, 0x10, 0x1, 0x7, 0x30, 0x33,
    0x2, 0x20, 0x22, 0x2, 0x61, 0x67, 0xf4, 0x0,
    0x40, 0x4, 0x3, 0x80,

    /* U+01C9 "ǉ" */
    0x32, 0x32, 0x20, 0x26, 0x22, 0x66, 0x44, 0x44,
    0x44, 0x6c, 0x8, 0x8, 0x30,

    /* U+01CA "Ǌ" */
    0x18, 0x63, 0xc, 0x21, 0x7, 0x10, 0x84, 0x90,
    0xc2, 0x48, 0x41, 0x34, 0x21, 0xc, 0x30, 0x86,
    0x18, 0x41, 0x68, 0x70, 0xb8, 0x0,

    /* U+01CB "ǋ" */
    0x18, 0x68, 0xc2, 0x46, 0x10, 0x59, 0x72, 0x49,
    0x93, 0x48, 0x8a, 0x48, 0x62, 0x41, 0x36, 0x9,
    0x0, 0x8, 0x0, 0x40, 0x1c, 0x0,

    /* U+01CC "ǌ" */
    0x0, 0x20, 0x4, 0x0, 0x36, 0x73, 0x64, 0xc8,
    0x99, 0x12, 0x26, 0x4c, 0x91, 0x90, 0x2, 0x0,
    0x80, 0x70,

    /* U+01CD "Ǎ" */
    0x8, 0x2, 0xc1, 0x80, 0x40, 0x20, 0x30, 0x18,
    0x14, 0xa, 0x9, 0x84, 0xc7, 0xe2, 0x32, 0xb,
    0xc,

    /* U+01CE "ǎ" */
    0x12, 0x1c, 0xc, 0x0, 0x1e, 0x26, 0x44, 0x44,
    0xcc, 0xd4, 0x6c,

    /* U+01CF "Ǐ" */
    0x12, 0x28, 0x20, 0x1, 0x83, 0x4, 0x8, 0x30,
    0x60, 0x81, 0x6, 0xc, 0x0,

    /* U+01D0 "ǐ" */
    0x8a, 0x88, 0x4, 0x23, 0x10, 0x84, 0x30,

    /* U+01D1 "Ǒ" */
    0x9, 0x3, 0x1, 0x0, 0x0, 0xf1, 0x8d, 0x83,
    0x83, 0xc1, 0xc0, 0xe0, 0x50, 0x68, 0x63, 0xc0,

    /* U+01D2 "ǒ" */
    0x12, 0xa, 0xc, 0x0, 0x1c, 0x22, 0x42, 0x46,
    0xc4, 0xc4, 0x78,

    /* U+01D3 "Ǔ" */
    0x11, 0x3, 0x80, 0x40, 0x0, 0x60, 0x98, 0x44,
    0x11, 0x4, 0xc2, 0x20, 0x88, 0x22, 0x8, 0x84,
    0x1e, 0x0,

    /* U+01D4 "ǔ" */
    0x12, 0xc, 0x8, 0x0, 0x66, 0x64, 0x44, 0x4c,
    0x4c, 0x7a, 0x4c,

    /* U+01D5 "Ǖ" */
    0xf, 0x0, 0x1, 0xb0, 0x0, 0x0, 0x18, 0x26,
    0x11, 0x4, 0x41, 0x30, 0x88, 0x22, 0x8, 0x82,
    0x21, 0x7, 0x80,

    /* U+01D6 "ǖ" */
    0x1f, 0x0, 0x12, 0x12, 0x0, 0x66, 0x64, 0x44,
    0x4c, 0x4c, 0x7a, 0x4c,

    /* U+01D7 "Ǘ" */
    0x0, 0x0, 0x40, 0x60, 0x0, 0x9, 0x0, 0x7,
    0x9c, 0x82, 0x60, 0x90, 0x44, 0x13, 0x4, 0xc2,
    0x30, 0x87, 0xc0,

    /* U+01D8 "ǘ" */
    0x3, 0x6, 0x8, 0x12, 0x12, 0x0, 0x66, 0x64,
    0x44, 0x4c, 0x4c, 0x7a, 0x4c,

    /* U+01D9 "Ǚ" */
    0x8, 0x82, 0x40, 0x60, 0x0, 0x9, 0x0, 0x7,
    0x9c, 0x82, 0x60, 0x90, 0x44, 0x13, 0x4, 0xc2,
    0x30, 0x87, 0xc0,

    /* U+01DA "ǚ" */
    0x10, 0xb, 0xc, 0x4, 0x12, 0x12, 0x0, 0x66,
    0x64, 0x44, 0x4c, 0x4c, 0x7a, 0x4c,

    /* U+01DB "Ǜ" */
    0x0, 0x3, 0x0, 0x40, 0x0, 0x9, 0x0, 0x7,
    0x9c, 0x82, 0x60, 0x90, 0x44, 0x13, 0x4, 0xc2,
    0x30, 0x87, 0xc0,

    /* U+01DC "ǜ" */
    0x0, 0x30, 0x20, 0x91, 0x20, 0x19, 0xb2, 0x44,
    0x99, 0x33, 0xd4, 0xc0,

    /* U+01DD "ǝ" */
    0x39, 0x10, 0x47, 0x6a, 0x66, 0x0,

    /* U+01DE "Ǟ" */
    0x7, 0x80, 0x3, 0x60, 0x40, 0x60, 0x30, 0x28,
    0x14, 0x13, 0x9, 0x8f, 0xc4, 0x64, 0x16, 0x18,

    /* U+01DF "ǟ" */
    0x1f, 0x0, 0x12, 0x12, 0x0, 0x1e, 0x26, 0x44,
    0x44, 0xcc, 0xd4, 0x6c,

    /* U+01E0 "Ǡ" */
    0x7, 0x81, 0x0, 0x80, 0x40, 0x60, 0x30, 0x28,
    0x14, 0x13, 0x9, 0x8f, 0xc4, 0x64, 0x16, 0x18,

    /* U+01E1 "ǡ" */
    0x1f, 0x0, 0x0, 0xc, 0x0, 0x1e, 0x26, 0x44,
    0x44, 0xcc, 0xd4, 0x6c,

    /* U+01E2 "Ǣ" */
    0x1, 0xf0, 0x0, 0x0, 0x0, 0x0, 0x7f, 0x2,
    0x84, 0xa, 0x0, 0x59, 0x2, 0x7c, 0xf, 0x0,
    0xcc, 0x2, 0x30, 0x10, 0xc2, 0xc3, 0xf0,

    /* U+01E3 "ǣ" */
    0xf, 0x80, 0x0, 0x0, 0x6e, 0x26, 0x91, 0x24,
    0x73, 0x30, 0xdc, 0x99, 0xc0,

    /* U+01E4 "Ǥ" */
    0x1f, 0x88, 0x24, 0x3, 0x0, 0xc3, 0xe0, 0x48,
    0x12, 0x1e, 0xc3, 0xf, 0x80,

    /* U+01E5 "ǥ" */
    0x1e, 0x49, 0x91, 0x21, 0x84, 0xe, 0x66, 0xfc,
    0xf0,

    /* U+01E6 "Ǧ" */
    0x9, 0x1, 0x80, 0x0, 0x0, 0x1f, 0x88, 0x24,
    0x3, 0x0, 0xc3, 0xe0, 0x48, 0x12, 0xc, 0xc3,
    0xf, 0x80,

    /* U+01E7 "ǧ" */
    0x22, 0x28, 0x20, 0x3, 0xec, 0x91, 0x24, 0x30,
    0x82, 0xe4, 0x48, 0x9e, 0x0,

    /* U+01E8 "Ǩ" */
    0x4, 0x80, 0x60, 0x8, 0x0, 0x1, 0x8c, 0x31,
    0x4, 0xc0, 0xa0, 0x38, 0x7, 0x80, 0x90, 0x13,
    0x6, 0x20, 0xc6, 0x0,

    /* U+01E9 "ǩ" */
    0x9, 0xe, 0x4, 0x30, 0x10, 0x20, 0x20, 0x24,
    0x28, 0x50, 0x70, 0x50, 0x48, 0xcc,

    /* U+01EA "Ǫ" */
    0xf, 0x18, 0xd8, 0x28, 0x1c, 0x1e, 0xe, 0x5,
    0x6, 0xc6, 0x3c, 0x8, 0x4, 0x3, 0x80,

    /* U+01EB "ǫ" */
    0x1c, 0x45, 0xa, 0x3c, 0x58, 0x96, 0x30, 0x40,
    0x60,

    /* U+01EC "Ǭ" */
    0xf, 0x80, 0x0, 0x1, 0xe3, 0x1b, 0x5, 0x3,
    0x83, 0xc1, 0xc0, 0xa0, 0xd8, 0xc7, 0x81, 0x0,
    0x80, 0x70,

    /* U+01ED "ǭ" */
    0x1e, 0x0, 0x0, 0xe2, 0x28, 0x51, 0xe2, 0xc4,
    0xb1, 0x82, 0x3, 0x0,

    /* U+01EE "Ǯ" */
    0x8, 0x82, 0x81, 0x80, 0x0, 0x0, 0xfc, 0x8c,
    0x4, 0x4, 0x7, 0x0, 0x80, 0x40, 0x64, 0x21,
    0xe0,

    /* U+01EF "ǯ" */
    0x12, 0xc, 0xc, 0x0, 0x3c, 0x4, 0x8, 0x10,
    0xc, 0x4, 0x4, 0x4, 0x8, 0xf0,

    /* U+01F0 "ǰ" */
    0x12, 0xc, 0xc, 0x0, 0x1c, 0x8, 0x8, 0x8,
    0x18, 0x10, 0x10, 0x10, 0x20, 0xe0,

    /* U+01F1 "Ǳ" */
    0x1f, 0x8f, 0xe1, 0x8c, 0x6, 0x10, 0x40, 0xc1,
    0x6, 0x18, 0x30, 0x61, 0x3, 0x4, 0x30, 0x20,
    0xc6, 0x2, 0xc, 0xc0, 0x61, 0x88, 0x27, 0xe1,
    0xfc,

    /* U+01F2 "ǲ" */
    0x1f, 0x80, 0x18, 0xc0, 0x10, 0x40, 0x10, 0x6f,
    0x30, 0x62, 0x30, 0x44, 0x20, 0xc4, 0x20, 0xc8,
    0x61, 0x90, 0x7e, 0x18, 0x0, 0xd, 0x0, 0x2,

    /* U+01F3 "ǳ" */
    0x3, 0x0, 0x18, 0x0, 0x80, 0x4, 0x1, 0xef,
    0x93, 0x9, 0x10, 0x88, 0x88, 0xcc, 0x86, 0x64,
    0x1f, 0x70, 0x0, 0x60,

    /* U+01F4 "Ǵ" */
    0x1, 0x0, 0x80, 0x40, 0x0, 0x1f, 0x88, 0x24,
    0x3, 0x0, 0xc3, 0xe0, 0x48, 0x12, 0xc, 0xc3,
    0xf, 0x80,

    /* U+01F5 "ǵ" */
    0x4, 0x10, 0x1, 0xf6, 0x48, 0x92, 0x18, 0x41,
    0x72, 0x24, 0x4f, 0x0,

    /* U+01F6 "Ƕ" */
    0x18, 0x60, 0x41, 0x1, 0xc, 0xc, 0x33, 0x3f,
    0x84, 0x82, 0x32, 0x18, 0x98, 0x62, 0x61, 0x9b,
    0x83, 0xc0,

    /* U+01F7 "Ƿ" */
    0x1f, 0x98, 0xc4, 0x66, 0x23, 0x31, 0x90, 0xb0,
    0x60, 0x60, 0x30, 0x0,

    /* U+01F8 "Ǹ" */
    0x4, 0x0, 0xc0, 0x0, 0x0, 0x1, 0x86, 0x30,
    0x86, 0x11, 0x64, 0x24, 0x84, 0xd0, 0x8a, 0x21,
    0x84, 0x11, 0x82, 0x0,

    /* U+01F9 "ǹ" */
    0x10, 0x10, 0x3, 0x63, 0x6c, 0x99, 0x22, 0x4d,
    0x18,

    /* U+01FA "Ǻ" */
    0x0, 0x0, 0x30, 0x10, 0xc, 0x5, 0x1, 0x40,
    0x20, 0x8, 0x6, 0x3, 0x81, 0x20, 0x48, 0x3f,
    0x10, 0xcc, 0x30,

    /* U+01FB "ǻ" */
    0x0, 0x2, 0x4, 0x8, 0xc, 0x12, 0x8, 0x0,
    0x1e, 0x26, 0x44, 0x44, 0xcc, 0xd4, 0x6c,

    /* U+01FC "Ǽ" */
    0x0, 0x0, 0x0, 0x80, 0x4, 0x0, 0x0, 0x1,
    0xfc, 0xa, 0x10, 0x28, 0x1, 0x64, 0x9, 0xf0,
    0x3c, 0x3, 0x30, 0x8, 0xc0, 0x43, 0xb, 0xf,
    0xc0,

    /* U+01FD "ǽ" */
    0x0, 0x80, 0x40, 0x20, 0x6e, 0x26, 0x91, 0x24,
    0x73, 0x30, 0xdc, 0x99, 0xc0,

    /* U+01FE "Ǿ" */
    0x0, 0x0, 0x81, 0x80, 0x10, 0x10, 0x78, 0xce,
    0xc9, 0xc9, 0xe4, 0xe4, 0x74, 0x6a, 0x36, 0x31,
    0xe1, 0x0, 0x0, 0x0,

    /* U+01FF "ǿ" */
    0x0, 0x4, 0x10, 0x40, 0x40, 0x87, 0x15, 0x52,
    0xaf, 0x97, 0x27, 0x88, 0x10, 0x0,

    /* U+0200 "Ȁ" */
    0x0, 0x5, 0x81, 0x40, 0x40, 0x60, 0x30, 0x28,
    0x14, 0x13, 0x9, 0x8f, 0xc4, 0x64, 0x16, 0x18,

    /* U+0201 "ȁ" */
    0x34, 0x28, 0x0, 0xf2, 0x68, 0x91, 0x66, 0xd4,
    0xd8,

    /* U+0202 "Ȃ" */
    0x7, 0x4, 0x82, 0x0, 0x40, 0x60, 0x30, 0x28,
    0x14, 0x13, 0x9, 0x8f, 0xc4, 0x64, 0x16, 0x18,

    /* U+0203 "ȃ" */
    0xc, 0x64, 0x0, 0xf2, 0x68, 0x91, 0x66, 0xd4,
    0xd8,

    /* U+0204 "Ȅ" */
    0x0, 0x2, 0xc0, 0x50, 0x0, 0x1f, 0x86, 0x1,
    0x0, 0x40, 0x3e, 0x8, 0x82, 0x0, 0x82, 0x61,
    0x1f, 0xc0,

    /* U+0205 "ȅ" */
    0x24, 0x50, 0x7, 0x25, 0x25, 0x38, 0xc1, 0xc0,

    /* U+0206 "Ȇ" */
    0x3, 0x1, 0x20, 0x88, 0x0, 0x1f, 0x86, 0x1,
    0x0, 0x40, 0x3e, 0x8, 0x82, 0x0, 0x82, 0x61,
    0x1f, 0xc0,

    /* U+0207 "ȇ" */
    0xe, 0x24, 0x0, 0xe2, 0x49, 0x14, 0x70, 0xc0,
    0xe0,

    /* U+0208 "Ȉ" */
    0x0, 0xa1, 0x40, 0x18, 0x61, 0x4, 0x30, 0xc2,
    0x8, 0x61, 0x80,

    /* U+0209 "ȉ" */
    0x92, 0x8a, 0x42, 0x11, 0x88, 0x43, 0x0,

    /* U+020A "Ȋ" */
    0x1c, 0x92, 0x40, 0x18, 0x61, 0x4, 0x30, 0xc2,
    0x8, 0x61, 0x80,

    /* U+020B "ȋ" */
    0x79, 0xc, 0x44, 0xc8, 0x8c,

    /* U+020C "Ȍ" */
    0x12, 0xd, 0x2, 0x80, 0x0, 0xf1, 0x8d, 0x83,
    0x83, 0xc1, 0xc0, 0xe0, 0x50, 0x68, 0x63, 0xc0,

    /* U+020D "ȍ" */
    0x34, 0x28, 0x0, 0xe2, 0x28, 0x51, 0xe2, 0xc4,
    0xf0,

    /* U+020E "Ȏ" */
    0x7, 0x4, 0x84, 0x40, 0x0, 0xf1, 0x8d, 0x83,
    0x83, 0xc1, 0xc0, 0xe0, 0x50, 0x68, 0x63, 0xc0,

    /* U+020F "ȏ" */
    0xe, 0x24, 0x0, 0xe2, 0x28, 0x51, 0xe2, 0xc4,
    0xf0,

    /* U+0210 "Ȑ" */
    0x0, 0xd, 0x2, 0x80, 0x1, 0xf0, 0xcc, 0x46,
    0x23, 0x3e, 0x1a, 0x9, 0x84, 0x46, 0x23, 0x18,

    /* U+0211 "ȑ" */
    0x68, 0x90, 0x1b, 0x31, 0x86, 0x10, 0x43, 0x0,

    /* U+0212 "Ȓ" */
    0x7, 0x4, 0x82, 0x40, 0x1, 0xf0, 0xcc, 0x46,
    0x23, 0x3e, 0x1a, 0x9, 0x84, 0x46, 0x23, 0x18,

    /* U+0213 "ȓ" */
    0x1c, 0x90, 0x1b, 0x31, 0x86, 0x10, 0x43, 0x0,

    /* U+0214 "Ȕ" */
    0x16, 0x6, 0x80, 0xa0, 0x0, 0x60, 0x98, 0x44,
    0x11, 0x4, 0xc2, 0x20, 0x88, 0x22, 0x8, 0x84,
    0x1e, 0x0,

    /* U+0215 "ȕ" */
    0x34, 0x28, 0x3, 0x36, 0x48, 0x93, 0x26, 0x7a,
    0x98,

    /* U+0216 "Ȗ" */
    0xe, 0x4, 0x81, 0x20, 0x0, 0x60, 0x98, 0x44,
    0x11, 0x4, 0xc2, 0x20, 0x88, 0x22, 0x8, 0x84,
    0x1e, 0x0,

    /* U+0217 "ȗ" */
    0xc, 0x64, 0x3, 0x36, 0x48, 0x93, 0x26, 0x7a,
    0x98,

    /* U+0218 "Ș" */
    0x1e, 0x44, 0x89, 0x81, 0x81, 0x81, 0x42, 0x85,
    0xf0, 0x1, 0x83, 0x4, 0x0, 0x0,

    /* U+0219 "ș" */
    0x3b, 0x8, 0x61, 0x4b, 0xc0, 0x43, 0x10, 0x0,

    /* U+021A "Ț" */
    0x7f, 0xc6, 0x42, 0x3, 0x1, 0x80, 0x80, 0x40,
    0x60, 0x30, 0x38, 0x0, 0xc, 0x6, 0x2, 0x0,
    0x0,

    /* U+021B "ț" */
    0x22, 0x72, 0x44, 0x44, 0xc0, 0xcc, 0x80,

    /* U+021C "Ȝ" */
    0x0, 0xb8, 0x98, 0x30, 0x41, 0x82, 0x1e, 0xc,
    0x18, 0x63, 0x0,

    /* U+021D "ȝ" */
    0x79, 0x30, 0xc2, 0x19, 0xb0, 0xc2, 0x11, 0x80,

    /* U+021E "Ȟ" */
    0x4, 0x80, 0x30, 0x1, 0x0, 0x0, 0x18, 0x61,
    0x84, 0x10, 0x41, 0xc, 0x3f, 0xc2, 0x8, 0x21,
    0x82, 0x18, 0x61, 0x86, 0x38,

    /* U+021F "ȟ" */
    0x9, 0x3, 0x1, 0x6, 0x1, 0x1, 0x0, 0x80,
    0x4c, 0x3e, 0x32, 0x19, 0x8, 0x84, 0xc6, 0x60,

    /* U+0220 "Ƞ" */
    0x3b, 0xc7, 0x31, 0xc, 0xc3, 0x30, 0xc8, 0x22,
    0x19, 0x86, 0x61, 0x18, 0x40, 0x30, 0xc, 0x3,
    0x0,

    /* U+0221 "ȡ" */
    0x6, 0xc, 0x18, 0x23, 0xc8, 0xa1, 0x46, 0x89,
    0x13, 0xf1, 0xdd, 0xa1, 0x80,

    /* U+0222 "Ȣ" */
    0x21, 0x41, 0x62, 0x34, 0x28, 0xc4, 0x84, 0x84,
    0x8c, 0x70,

    /* U+0223 "ȣ" */
    0x1, 0x18, 0x48, 0x46, 0x21, 0xe0, 0xe1, 0x98,
    0x8c, 0xc4, 0x22, 0x1e, 0x0,

    /* U+0224 "Ȥ" */
    0x3f, 0x80, 0x80, 0xc0, 0xc0, 0xc0, 0xc0, 0x40,
    0x60, 0x60, 0x7f, 0x0, 0x40, 0x20, 0x60,

    /* U+0225 "ȥ" */
    0x7d, 0x21, 0x8, 0x21, 0x4, 0xf, 0x8, 0x40,

    /* U+0226 "Ȧ" */
    0x2, 0x1, 0x0, 0x80, 0xc0, 0x60, 0x50, 0x28,
    0x26, 0x13, 0x1f, 0x88, 0xc8, 0x2c, 0x30,

    /* U+0227 "ȧ" */
    0x0, 0x18, 0x0, 0xf2, 0x68, 0x91, 0x66, 0xd4,
    0xd8,

    /* U+0228 "Ȩ" */
    0x1f, 0x8c, 0x4, 0x6, 0x3, 0xe1, 0x0, 0x80,
    0xc0, 0x61, 0x3f, 0x88, 0x2, 0x7, 0x0,

    /* U+0229 "ȩ" */
    0x1c, 0x94, 0x94, 0xe3, 0x7, 0x90, 0x23, 0x80,

    /* U+022A "Ȫ" */
    0xf, 0x80, 0x2, 0x41, 0x20, 0x0, 0x78, 0xc6,
    0xc1, 0xc1, 0xe0, 0xe0, 0x70, 0x28, 0x34, 0x31,
    0xe0,

    /* U+022B "ȫ" */
    0x1f, 0x0, 0x12, 0x12, 0x0, 0x1c, 0x22, 0x42,
    0x46, 0xc4, 0xc4, 0x78,

    /* U+022C "Ȭ" */
    0xf, 0x80, 0x3, 0x20, 0x60, 0x0, 0x78, 0xc6,
    0xc1, 0xc1, 0xe0, 0xe0, 0x70, 0x28, 0x34, 0x31,
    0xe0,

    /* U+022D "ȭ" */
    0x1f, 0x0, 0x19, 0x6, 0x0, 0x1c, 0x22, 0x42,
    0x46, 0xc4, 0xc4, 0x78,

    /* U+022E "Ȯ" */
    0x6, 0x0, 0x0, 0x1, 0xe3, 0x1b, 0x7, 0x7,
    0x83, 0x81, 0xc0, 0xa0, 0xd0, 0xc7, 0x80,

    /* U+022F "ȯ" */
    0x0, 0x18, 0x0, 0xe2, 0x28, 0x51, 0xe2, 0xc4,
    0xf0,

    /* U+0230 "Ȱ" */
    0xf, 0x80, 0x1, 0x80, 0x0, 0x0, 0x78, 0xc6,
    0xc1, 0xc1, 0xe0, 0xe0, 0x70, 0x28, 0x34, 0x31,
    0xe0,

    /* U+0231 "ȱ" */
    0x1f, 0x0, 0x0, 0xc, 0x0, 0x1c, 0x22, 0x42,
    0x46, 0xc4, 0xc4, 0x78,

    /* U+0232 "Ȳ" */
    0x3c, 0x0, 0x0, 0x63, 0x62, 0x64, 0x28, 0x30,
    0x30, 0x20, 0x20, 0x60, 0x60,

    /* U+0233 "ȳ" */
    0x3e, 0x0, 0x3, 0x13, 0x22, 0x45, 0xa, 0x18,
    0x20, 0x41, 0xc, 0x0,

    /* U+0234 "ȴ" */
    0x8, 0x42, 0x21, 0x8, 0x46, 0x21, 0x8, 0xc5,
    0xa6, 0xa2,

    /* U+0235 "ȵ" */
    0x6e, 0x6d, 0x93, 0x24, 0x49, 0x22, 0x1f, 0x4a,
    0x1c,

    /* U+0236 "ȶ" */
    0x0, 0x21, 0xc4, 0x10, 0x41, 0xc, 0x20, 0xf2,
    0x7e, 0x80,

    /* U+0237 "ȷ" */
    0x1c, 0x20, 0x82, 0x18, 0x41, 0x4, 0x23, 0x80,

    /* U+0238 "ȸ" */
    0x3, 0x0, 0x60, 0xc, 0x1, 0x1, 0xee, 0x46,
    0x51, 0x8a, 0x31, 0xc4, 0x28, 0x89, 0xfe, 0x0,

    /* U+0239 "ȹ" */
    0x1e, 0xe4, 0x65, 0x8, 0xa3, 0x1c, 0x43, 0x88,
    0x9f, 0xe0, 0x60, 0xc, 0x1, 0x80,

    /* U+023A "Ⱥ" */
    0x0, 0x41, 0x20, 0x70, 0x1c, 0xa, 0x4, 0x81,
    0x60, 0xa8, 0x3f, 0x14, 0xc6, 0x33, 0x8c, 0x40,
    0x0,

    /* U+023B "Ȼ" */
    0x0, 0x0, 0x20, 0xfc, 0x45, 0x32, 0x59, 0x6,
    0x41, 0x20, 0x50, 0x18, 0x6, 0x11, 0x78, 0x80,
    0x0,

    /* U+023C "ȼ" */
    0x2, 0x38, 0x92, 0x45, 0x1c, 0x10, 0x38, 0x80,

    /* U+023D "Ƚ" */
    0x18, 0xc, 0x4, 0x2, 0x7, 0xc1, 0x0, 0x80,
    0xc0, 0x61, 0x3f, 0x80,

    /* U+023E "Ⱦ" */
    0x0, 0x20, 0x8, 0xff, 0x13, 0x60, 0x70, 0xc,
    0x1, 0x0, 0x60, 0xc, 0x3, 0x0, 0xa0, 0x2c,
    0x8, 0x0,

    /* U+023F "ȿ" */
    0x3b, 0x8, 0x61, 0x4b, 0xc8, 0x53, 0x80,

    /* U+0240 "ɀ" */
    0x3e, 0x8, 0x20, 0x83, 0xc, 0x30, 0x10, 0x28,
    0x30,

    /* U+0241 "Ɂ" */
    0x39, 0x10, 0x41, 0xc, 0x67, 0x10, 0x41, 0x0,

    /* U+0242 "ɂ" */
    0x7b, 0x20, 0x82, 0x71, 0x4, 0x0,

    /* U+0243 "Ƀ" */
    0x1f, 0xc, 0xc4, 0x62, 0x23, 0xe1, 0x19, 0xec,
    0xc6, 0x63, 0x3e, 0x0,

    /* U+0244 "Ʉ" */
    0x30, 0xc8, 0x22, 0x9, 0x82, 0xff, 0xd0, 0x44,
    0x11, 0x8, 0x42, 0xf, 0x0,

    /* U+0245 "Ʌ" */
    0x0, 0x80, 0xc0, 0xe0, 0xa0, 0x50, 0x48, 0x44,
    0x42, 0x21, 0x20, 0xb0, 0xc0,

    /* U+0246 "Ɇ" */
    0x0, 0x80, 0x47, 0xe3, 0x41, 0x21, 0xa0, 0xf8,
    0x50, 0x30, 0x38, 0x18, 0x4f, 0xe4, 0x0, 0x0,

    /* U+0247 "ɇ" */
    0x4, 0x11, 0xcd, 0x59, 0xce, 0x30, 0x7a, 0x0,

    /* U+0248 "Ɉ" */
    0x6, 0x8, 0x30, 0x63, 0xe3, 0x6, 0x8, 0x91,
    0xc0,

    /* U+0249 "ɉ" */
    0xc, 0x10, 0x6, 0x8, 0xf1, 0x4, 0x10, 0x42,
    0x28, 0xc0,

    /* U+024A "Ɋ" */
    0x7, 0xc3, 0x18, 0x83, 0x10, 0x66, 0x8, 0x81,
    0x10, 0x66, 0xc, 0x61, 0x8e, 0x60, 0xf4, 0x1,
    0x80, 0x12, 0x3, 0x80,

    /* U+024B "ɋ" */
    0x1e, 0x22, 0x42, 0x46, 0xc4, 0xc4, 0x7c, 0xc,
    0xd, 0x7,

    /* U+024C "Ɍ" */
    0x1f, 0xc, 0xc4, 0x66, 0x27, 0xf1, 0x20, 0x98,
    0xcc, 0x62, 0x31, 0x80,

    /* U+024D "ɍ" */
    0xcb, 0xd9, 0xfc, 0x42, 0x0,

    /* U+024E "Ɏ" */
    0x61, 0x11, 0x3f, 0xe2, 0x81, 0x80, 0x80, 0x40,
    0x60, 0x30, 0x38, 0x0,

    /* U+024F "ɏ" */
    0x66, 0x65, 0xf8, 0xa1, 0x83, 0x4, 0x8, 0x21,
    0x80,

    /* U+0250 "ɐ" */
    0x6c, 0xed, 0x9a, 0x24, 0x59, 0x3c, 0x0,

    /* U+0251 "ɑ" */
    0x1d, 0x23, 0x42, 0x46, 0xc4, 0x4d, 0x72,

    /* U+0252 "ɒ" */
    0x6e, 0xb1, 0x11, 0x21, 0x23, 0x62, 0x5c,

    /* U+0253 "ɓ" */
    0x1c, 0x28, 0x81, 0x2, 0xe6, 0x58, 0xa1, 0x45,
    0x91, 0xc0,

    /* U+0254 "ɔ" */
    0x38, 0x10, 0x43, 0xa, 0x2f, 0x0,

    /* U+0255 "ɕ" */
    0x1c, 0x94, 0x33, 0xd7, 0xa7, 0x10,

    /* U+0256 "ɖ" */
    0x3, 0x3, 0x2, 0x2, 0x1a, 0x26, 0x44, 0x44,
    0xcc, 0xcc, 0x78, 0x8, 0x8, 0xe,

    /* U+0257 "ɗ" */
    0x1, 0xc0, 0x50, 0x20, 0x8, 0x1a, 0x9, 0x4,
    0x41, 0x10, 0xcc, 0x32, 0x7, 0xc0,

    /* U+0258 "ɘ" */
    0x39, 0x36, 0x47, 0xe, 0x27, 0x0,

    /* U+0259 "ə" */
    0x39, 0x10, 0x47, 0x6a, 0x66, 0x0,

    /* U+025A "ɚ" */
    0x0, 0x40, 0x30, 0xfa, 0x23, 0x20, 0xe0, 0x28,
    0x9, 0x2, 0x40, 0x70, 0x0,

    /* U+025B "ɛ" */
    0x39, 0x14, 0xe, 0xc2, 0x7, 0x80,

    /* U+025C "ɜ" */
    0x1c, 0x4c, 0x11, 0xc0, 0xd1, 0x1c, 0x0,

    /* U+025D "ɝ" */
    0x0, 0x80, 0xc3, 0xd4, 0x1a, 0x4, 0xe, 0x0,
    0xc2, 0x20, 0x70, 0x0,

    /* U+025E "ɞ" */
    0x1c, 0xce, 0x15, 0xc8, 0xd1, 0x1c, 0x0,

    /* U+025F "ɟ" */
    0x18, 0x42, 0x31, 0x9, 0xe6, 0x26, 0x0,

    /* U+0260 "ɠ" */
    0x0, 0xc0, 0x50, 0x20, 0x8, 0x1e, 0x8, 0x84,
    0x41, 0x10, 0xcc, 0x35, 0x6, 0x40, 0x20, 0x8,
    0xc, 0x0,

    /* U+0261 "ɡ" */
    0x1e, 0x45, 0x12, 0x2c, 0xd9, 0x9e, 0x4, 0x11,
    0xc0,

    /* U+0262 "ɢ" */
    0x1e, 0xc5, 0x6, 0x7c, 0x48, 0x8e, 0x0,

    /* U+0263 "ɣ" */
    0xc6, 0x88, 0xa1, 0x83, 0x4, 0x14, 0x28, 0x91,
    0x41, 0x80,

    /* U+0264 "ɤ" */
    0x3e, 0xea, 0x2c, 0x48, 0x48, 0x48, 0x30,

    /* U+0265 "ɥ" */
    0x66, 0xc9, 0x12, 0x65, 0x5f, 0x32, 0x4, 0x18,
    0x20, 0x60,

    /* U+0266 "ɦ" */
    0x1c, 0x48, 0x81, 0x2, 0xee, 0xd9, 0x32, 0x44,
    0x9b, 0x30,

    /* U+0267 "ɧ" */
    0x1c, 0x28, 0x81, 0x2, 0xce, 0xd1, 0xa2, 0x44,
    0x8b, 0x30, 0x40, 0x8e, 0x0,

    /* U+0268 "ɨ" */
    0x11, 0x6, 0x2f, 0x44, 0x46,

    /* U+0269 "ɩ" */
    0xc9, 0x49, 0x30,

    /* U+026A "ɪ" */
    0x22, 0x22, 0x44, 0x40,

    /* U+026B "ɫ" */
    0x30, 0x88, 0x46, 0xd9, 0x88, 0x42, 0x18,

    /* U+026C "ɬ" */
    0x33, 0x22, 0xef, 0x44, 0x44, 0x60,

    /* U+026D "ɭ" */
    0x31, 0x32, 0x22, 0x64, 0x44, 0xc8, 0x87,

    /* U+026E "ɮ" */
    0x30, 0x30, 0x20, 0x20, 0x3f, 0x62, 0x44, 0x48,
    0x4c, 0x46, 0xc2, 0x2, 0x44, 0x78,

    /* U+026F "ɯ" */
    0x64, 0x79, 0x14, 0x4d, 0x32, 0x49, 0xbe, 0xa4,
    0xdc,

    /* U+0270 "ɰ" */
    0x66, 0x69, 0x14, 0x4d, 0x32, 0x4d, 0x9e, 0xa6,
    0xc8, 0x4, 0x1, 0x0, 0x40,

    /* U+0271 "ɱ" */
    0x6c, 0xdd, 0xd6, 0x65, 0x12, 0x4c, 0xb2, 0x28,
    0x88, 0x4, 0x1, 0x3, 0x80,

    /* U+0272 "ɲ" */
    0x1d, 0x83, 0xa0, 0xc8, 0x66, 0x11, 0x4, 0x41,
    0x18, 0xc0, 0xa0, 0x30, 0x0,

    /* U+0273 "ɳ" */
    0x6e, 0x6d, 0x93, 0x24, 0x49, 0x22, 0x4, 0x8,
    0x1c,

    /* U+0274 "ɴ" */
    0x31, 0x99, 0xe, 0x89, 0x44, 0xe2, 0x31, 0x10,

    /* U+0275 "ɵ" */
    0x1c, 0x45, 0xb, 0xfc, 0x58, 0x9e, 0x0,

    /* U+0276 "ɶ" */
    0x1f, 0xd9, 0x14, 0x41, 0x1e, 0xcc, 0x93, 0x7,
    0xf8,

    /* U+0277 "ɷ" */
    0x1f, 0x9, 0x24, 0x4d, 0x13, 0xc8, 0x92, 0x27,
    0x70,

    /* U+0278 "ɸ" */
    0x6, 0x3, 0x1, 0x0, 0x83, 0xf3, 0x65, 0x23,
    0x93, 0xc9, 0x2d, 0x9f, 0x2, 0x1, 0x1, 0x80,

    /* U+0279 "ɹ" */
    0x8, 0x20, 0x86, 0x12, 0xcd, 0x80,

    /* U+027A "ɺ" */
    0x4, 0x10, 0x43, 0x8, 0x21, 0x84, 0x33, 0x60,

    /* U+027B "ɻ" */
    0x8, 0x20, 0x86, 0x12, 0xcd, 0x4, 0x10, 0x70,

    /* U+027C "ɼ" */
    0x6c, 0xd2, 0x8, 0x61, 0x4, 0x10, 0x82, 0x0,

    /* U+027D "ɽ" */
    0x6c, 0xd2, 0x8, 0x61, 0x4, 0x10, 0xc1, 0xc0,

    /* U+027E "ɾ" */
    0x1c, 0x28, 0x81, 0x2, 0xc, 0x18, 0x0,

    /* U+027F "ɿ" */
    0x72, 0x46, 0x21, 0x8, 0xc4, 0x23, 0x0,

    /* U+0280 "ʀ" */
    0x3c, 0x92, 0x5e, 0x49, 0x24, 0x80,

    /* U+0281 "ʁ" */
    0x26, 0x49, 0x23, 0x84, 0x89, 0x3c, 0x0,

    /* U+0282 "ʂ" */
    0x39, 0x8, 0x69, 0x4b, 0x54, 0x87, 0x0,

    /* U+0283 "ʃ" */
    0x3, 0x5, 0xc, 0x8, 0x8, 0x8, 0x8, 0x10,
    0x10, 0x10, 0x10, 0x20, 0xa0, 0xc0,

    /* U+0284 "ʄ" */
    0x3, 0x81, 0x20, 0x40, 0x10, 0x4, 0x3, 0x0,
    0xc0, 0x20, 0x8, 0x2, 0x3, 0xe0, 0x40, 0x10,
    0x24, 0xe, 0x0,

    /* U+0285 "ʅ" */
    0x70, 0x41, 0x4, 0x10, 0xc3, 0x8, 0x20, 0x60,

    /* U+0286 "ʆ" */
    0x1, 0xc0, 0x90, 0x20, 0x8, 0x6, 0x1, 0x0,
    0x40, 0x10, 0x4, 0x3, 0x0, 0x83, 0xe0, 0x88,
    0x1e, 0x0, 0x0,

    /* U+0287 "ʇ" */
    0x36, 0x22, 0x24, 0xe4, 0x80,

    /* U+0288 "ʈ" */
    0x12, 0x72, 0x64, 0x44, 0xc8, 0x8c,

    /* U+0289 "ʉ" */
    0x62, 0x4f, 0xfa, 0x65, 0x4d, 0xdb, 0x0,

    /* U+028A "ʊ" */
    0x77, 0x35, 0x42, 0x42, 0x82, 0xc6, 0x78,

    /* U+028B "ʋ" */
    0xc5, 0x18, 0x61, 0x8a, 0x4e, 0x0,

    /* U+028C "ʌ" */
    0x10, 0xc5, 0x24, 0x9a, 0x28, 0xc0,

    /* U+028D "ʍ" */
    0x11, 0x19, 0x95, 0x52, 0xa9, 0x94, 0xca, 0x46,

    /* U+028E "ʎ" */
    0x4, 0x62, 0x8, 0x23, 0x8b, 0x24, 0x92, 0x70,

    /* U+028F "ʏ" */
    0x62, 0x48, 0xa1, 0x83, 0x6, 0xc, 0x0,

    /* U+0290 "ʐ" */
    0x78, 0x8, 0x10, 0x20, 0x40, 0x40, 0xe8, 0x18,
    0x8, 0x6,

    /* U+0291 "ʑ" */
    0x78, 0x21, 0x8, 0x45, 0x7d, 0x4e, 0x0,

    /* U+0292 "ʒ" */
    0x3c, 0x8, 0x20, 0x80, 0xc0, 0x81, 0x2, 0x9,
    0xe0,

    /* U+0293 "ʓ" */
    0x78, 0x21, 0x8, 0x38, 0x30, 0x7d, 0x89, 0xe0,
    0x0,

    /* U+0294 "ʔ" */
    0x39, 0x10, 0x41, 0xc, 0x67, 0x10, 0x41, 0x0,

    /* U+0295 "ʕ" */
    0x1d, 0x94, 0x30, 0xc3, 0x7, 0xc, 0x20, 0x80,

    /* U+0296 "ʖ" */
    0x8, 0x41, 0x7, 0xc, 0x10, 0x41, 0xc9, 0xc0,

    /* U+0297 "ʗ" */
    0xe, 0x11, 0x20, 0x20, 0x20, 0x60, 0x40, 0x40,
    0x40, 0xc0, 0xc0, 0xc8, 0x70,

    /* U+0298 "ʘ" */
    0xf, 0x18, 0xd8, 0x38, 0x3c, 0x9c, 0xe, 0x5,
    0x6, 0x86, 0x3c, 0x0,

    /* U+0299 "ʙ" */
    0x38, 0x92, 0x5e, 0x49, 0x27, 0x80,

    /* U+029A "ʚ" */
    0x3c, 0xc9, 0x89, 0xd4, 0x59, 0x1c, 0x0,

    /* U+029B "ʛ" */
    0x1, 0xc0, 0x80, 0x20, 0x18, 0x3c, 0x11, 0x8,
    0x2, 0x38, 0x8c, 0x22, 0x7, 0x80,

    /* U+029C "ʜ" */
    0x22, 0x22, 0x24, 0x7c, 0x44, 0x44, 0x4c,

    /* U+029D "ʝ" */
    0x4, 0x10, 0x1, 0x8, 0x20, 0x82, 0x18, 0x41,
    0xbc, 0xb1, 0x80,

    /* U+029E "ʞ" */
    0x22, 0xe4, 0x50, 0xe1, 0x44, 0x92, 0x4, 0x8,
    0x10, 0x70,

    /* U+029F "ʟ" */
    0x20, 0x82, 0x10, 0x41, 0x7, 0x80,

    /* U+02A0 "ʠ" */
    0x0, 0xc0, 0x50, 0x20, 0x8, 0x1a, 0x9, 0x84,
    0x43, 0x10, 0x8c, 0x26, 0xe, 0x80, 0x20, 0x18,
    0x6, 0x0,

    /* U+02A1 "ʡ" */
    0x1c, 0x44, 0x8, 0x10, 0x20, 0x83, 0x1c, 0x21,
    0xf0, 0x80,

    /* U+02A2 "ʢ" */
    0x1d, 0x94, 0x30, 0xc3, 0x7, 0xc, 0x78, 0x80,

    /* U+02A3 "ʣ" */
    0x7, 0x0, 0x60, 0x8, 0x1, 0x1, 0xbe, 0x4c,
    0x91, 0x22, 0x28, 0xcd, 0x19, 0x41, 0xfc, 0x80,
    0x60,

    /* U+02A4 "ʤ" */
    0x3, 0x0, 0x60, 0x8, 0x1, 0x1, 0xbe, 0x4c,
    0x91, 0x22, 0x28, 0xcc, 0xd9, 0x9, 0xf1, 0x0,
    0x20, 0x8, 0xe, 0x0,

    /* U+02A5 "ʥ" */
    0x3, 0x0, 0x60, 0x8, 0x1, 0x1, 0xbe, 0x4c,
    0x91, 0x22, 0x28, 0xcd, 0x39, 0xcd, 0xfa, 0x80,
    0xe0, 0x0,

    /* U+02A6 "ʦ" */
    0x0, 0x83, 0xba, 0xcc, 0x91, 0xa1, 0x42, 0xfc,

    /* U+02A7 "ʧ" */
    0x7, 0x5, 0x28, 0x48, 0xf8, 0x48, 0xd0, 0x90,
    0x90, 0xb0, 0xd0, 0x20, 0x20, 0xc0,

    /* U+02A8 "ʨ" */
    0x20, 0x20, 0x39, 0xc9, 0xd, 0x4, 0x8a, 0xdd,
    0xb2, 0x9e, 0x8, 0x0,

    /* U+02A9 "ʩ" */
    0x3, 0x0, 0x50, 0x4, 0x0, 0x80, 0x1f, 0xb0,
    0x95, 0x9, 0x91, 0x11, 0x11, 0x21, 0x22, 0x12,
    0x22, 0x2, 0x20, 0x4c, 0x18,

    /* U+02AA "ʪ" */
    0x20, 0x41, 0x82, 0x5, 0xea, 0x34, 0x4c, 0x8d,
    0x1b, 0xe0,

    /* U+02AB "ʫ" */
    0x60, 0x86, 0x10, 0x7d, 0x2d, 0x24, 0xa3, 0xe,
    0x2,

    /* U+02AC "ʬ" */
    0x2d, 0x2a, 0x3c, 0x24, 0x0, 0x0, 0xda, 0x54,
    0x58, 0x68, 0x50,

    /* U+02AD "ʭ" */
    0x7f, 0x41, 0x1, 0x0, 0x0, 0x0, 0xfe, 0x84,
    0x0,

    /* U+02AE "ʮ" */
    0x60, 0x48, 0xc4, 0x42, 0x23, 0x31, 0x18, 0x88,
    0x7c, 0x2, 0x3, 0x1, 0x80,

    /* U+02AF "ʯ" */
    0x60, 0x48, 0xc4, 0x42, 0x23, 0x31, 0x18, 0x88,
    0x7c, 0x2, 0x1, 0x0, 0xa0, 0x70,

    /* U+02B0 "ʰ" */
    0x42, 0x1e, 0x95, 0x68,

    /* U+02B1 "ʱ" */
    0x32, 0x1e, 0xa5, 0x68,

    /* U+02B2 "ʲ" */
    0x10, 0x22, 0x24, 0x48,

    /* U+02B3 "ʳ" */
    0x74, 0x44,

    /* U+02B4 "ʴ" */
    0x22, 0x2e,

    /* U+02B5 "ʵ" */
    0x22, 0x2e, 0x47,

    /* U+02B6 "ʶ" */
    0x31, 0x14, 0xe0,

    /* U+02B7 "ʷ" */
    0xaf, 0x75, 0x20,

    /* U+02B8 "ʸ" */
    0x96, 0x64, 0x48,

    /* U+02B9 "ʹ" */
    0x5, 0xe8,

    /* U+02BA "ʺ" */
    0x0, 0x6c, 0xb2, 0x49, 0x0,

    /* U+02BB "ʻ" */
    0x3b, 0x20,

    /* U+02BC "ʼ" */
    0xd8,

    /* U+02BD "ʽ" */
    0x78,

    /* U+02BE "ʾ" */
    0x98,

    /* U+02BF "ʿ" */
    0x39,

    /* U+02C0 "ˀ" */
    0x54, 0x95, 0x0,

    /* U+02C1 "ˁ" */
    0x2d, 0x88, 0x44,

    /* U+02C2 "˂" */
    0x1e, 0x60,

    /* U+02C3 "˃" */
    0x87, 0x40,

    /* U+02C4 "˄" */
    0x6a, 0xa0,

    /* U+02C5 "˅" */
    0x9a, 0x40,

    /* U+02C6 "ˆ" */
    0x11, 0x92,

    /* U+02C7 "ˇ" */
    0x8c, 0x98,

    /* U+02C8 "ˈ" */
    0xa8,

    /* U+02C9 "ˉ" */
    0x78,

    /* U+02CA "ˊ" */
    0xe, 0x0,

    /* U+02CB "ˋ" */
    0x34,

    /* U+02CC "ˌ" */
    0xe0,

    /* U+02CD "ˍ" */
    0xf0,

    /* U+02CE "ˎ" */
    0x24,

    /* U+02CF "ˏ" */
    0xe, 0x0,

    /* U+02D0 "ː" */
    0x24, 0x0, 0x2,

    /* U+02D1 "ˑ" */
    0x80,

    /* U+02D2 "˒" */
    0x9a,

    /* U+02D3 "˓" */
    0x69,

    /* U+02D4 "˔" */
    0x10, 0x89, 0xf0,

    /* U+02D5 "˕" */
    0xf9, 0x10, 0x80,

    /* U+02D6 "˖" */
    0x22, 0xf4,

    /* U+02D7 "˗" */
    0xf0,

    /* U+02D8 "˘" */
    0x89, 0xe0,

    /* U+02D9 "˙" */
    0x30,

    /* U+02DA "˚" */
    0x57, 0x60,

    /* U+02DB "˛" */
    0x2c,

    /* U+02DC "˜" */
    0x66, 0xe0,

    /* U+02DD "˝" */
    0x42, 0xa8,

    /* U+02DE "˞" */
    0x33, 0x2a, 0x20,

    /* U+02DF "˟" */
    0x49, 0x94, 0x0,

    /* U+02E0 "ˠ" */
    0xdb, 0x10, 0x8a, 0x60,

    /* U+02E1 "ˡ" */
    0x55, 0xa0,

    /* U+02E2 "ˢ" */
    0xf1, 0xe0,

    /* U+02E3 "ˣ" */
    0x31, 0x14, 0xa0,

    /* U+02E4 "ˤ" */
    0x78, 0x86, 0x44,

    /* U+02E5 "˥" */
    0xfc, 0x20, 0x82, 0x8, 0x21, 0x4, 0x10, 0x41,
    0x8, 0x0,

    /* U+02E6 "˦" */
    0x2, 0xb, 0xf0, 0x20, 0x40, 0x82, 0x4, 0x8,
    0x10, 0x20, 0x80,

    /* U+02E7 "˧" */
    0x2, 0x8, 0x10, 0x20, 0x40, 0xbf, 0x4, 0x8,
    0x10, 0x20, 0x41, 0x0,

    /* U+02E8 "˨" */
    0x1, 0x2, 0x2, 0x2, 0x2, 0x2, 0x4, 0x4,
    0x4, 0xfc, 0x4, 0x8, 0x0,

    /* U+02E9 "˩" */
    0x0, 0x80, 0x80, 0x40, 0x20, 0x10, 0x8, 0x8,
    0x4, 0x2, 0x1, 0x0, 0x80, 0x8f, 0xc0,

    /* U+02EA "˪" */
    0x41, 0x4, 0x10, 0x82, 0x8, 0x20, 0xfc,

    /* U+02EB "˫" */
    0x40, 0x82, 0x3, 0xf8, 0x10, 0x20, 0x0,

    /* U+02EC "ˬ" */
    0x8c, 0x98,

    /* U+02ED "˭" */
    0xf8, 0x3c,

    /* U+02EE "ˮ" */
    0x9d, 0x92,

    /* U+02EF "˯" */
    0x9a, 0x40,

    /* U+02F0 "˰" */
    0x25, 0x90,

    /* U+02F1 "˱" */
    0x6, 0xc2,

    /* U+02F2 "˲" */
    0x6, 0x24,

    /* U+02F3 "˳" */
    0x57, 0x60,

    /* U+02F4 "˴" */
    0x24,

    /* U+02F5 "˵" */
    0xa, 0x50,

    /* U+02F6 "˶" */
    0x42, 0xa8,

    /* U+02F7 "˷" */
    0x31, 0x60,

    /* U+02F8 "˸" */
    0x24, 0x1, 0x30,

    /* U+02F9 "˹" */
    0xf2, 0x40,

    /* U+02FA "˺" */
    0xe5, 0x20,

    /* U+02FB "˻" */
    0xab,

    /* U+02FC "˼" */
    0x24, 0xe0,

    /* U+02FD "˽" */
    0x45, 0x27, 0x80,

    /* U+02FE "˾" */
    0x42, 0x1e,

    /* U+02FF "˿" */
    0x8f, 0x80,

    /* U+0300 "̀" */
    0x19, 0x0,

    /* U+0301 "́" */
    0xe, 0x0,

    /* U+0302 "̂" */
    0x27, 0x90,

    /* U+0303 "̃" */
    0x65, 0x80,

    /* U+0304 "̄" */
    0xf0,

    /* U+0305 "̅" */
    0xfe,

    /* U+0306 "̆" */
    0xc, 0x98,

    /* U+0307 "̇" */
    0x40,

    /* U+0308 "̈" */
    0x99,

    /* U+0309 "̉" */
    0x55, 0x0,

    /* U+030A "̊" */
    0x56, 0xa0,

    /* U+030B "̋" */
    0x55, 0xa0,

    /* U+030C "̌" */
    0x82, 0xd8,

    /* U+030D "̍" */
    0xe0,

    /* U+030E "̎" */
    0xb7, 0x0,

    /* U+030F "̏" */
    0x6, 0x94,

    /* U+0310 "̐" */
    0x5, 0xae,

    /* U+0311 "̑" */
    0x79,

    /* U+0312 "̒" */
    0x1d,

    /* U+0313 "̓" */
    0xb8,

    /* U+0314 "̔" */
    0xea,

    /* U+0315 "̕" */
    0xf8,

    /* U+0316 "̖" */
    0x24,

    /* U+0317 "̗" */
    0xe, 0x0,

    /* U+0318 "̘" */
    0x11, 0xf2,

    /* U+0319 "̙" */
    0x48, 0xf8,

    /* U+031A "̚" */
    0xf1, 0x22,

    /* U+031B "̛" */
    0x33, 0x24,

    /* U+031C "̜" */
    0x68,

    /* U+031D "̝" */
    0x22, 0x2f,

    /* U+031E "̞" */
    0xf9, 0x8, 0x0,

    /* U+031F "̟" */
    0x24, 0xf4,

    /* U+0320 "̠" */
    0xf8,

    /* U+0321 "̡" */
    0x24, 0xd4,

    /* U+0322 "̢" */
    0x6b, 0x80,

    /* U+0323 "̣" */
    0x30,

    /* U+0324 "̤" */
    0x6, 0xc0,

    /* U+0325 "̥" */
    0x76, 0xa0,

    /* U+0326 "̦" */
    0x54,

    /* U+0327 "̧" */
    0x6, 0x36,

    /* U+0328 "̨" */
    0x53, 0x0,

    /* U+0329 "̩" */
    0xe0,

    /* U+032A "̪" */
    0x7a, 0x28, 0x80,

    /* U+032B "̫" */
    0xdf,

    /* U+032C "̬" */
    0xb, 0x60,

    /* U+032D "̭" */
    0x11, 0x92,

    /* U+032E "̮" */
    0x89, 0xe0,

    /* U+032F "̯" */
    0x32, 0x40,

    /* U+0330 "̰" */
    0x66, 0xe0,

    /* U+0331 "̱" */
    0xf8,

    /* U+0332 "̲" */
    0xff,

    /* U+0333 "̳" */
    0xff, 0xff,

    /* U+0334 "̴" */
    0x66, 0xe0,

    /* U+0335 "̵" */
    0xe0,

    /* U+0336 "̶" */
    0xfe,

    /* U+0337 "̷" */
    0x2, 0x1c, 0xe0,

    /* U+0338 "̸" */
    0x0, 0x80, 0x80, 0x80, 0x80, 0x80, 0x40, 0x40,
    0x40, 0x40, 0x20, 0x20, 0x0,

    /* U+0339 "̹" */
    0x56,

    /* U+033A "̺" */
    0x46, 0x2f, 0x80,

    /* U+033B "̻" */
    0x7a, 0x52, 0xe0,

    /* U+033C "̼" */
    0xd3, 0x10,

    /* U+033D "̽" */
    0x8a, 0x99, 0x20,

    /* U+033E "̾" */
    0x59, 0x40,

    /* U+033F "̿" */
    0xff, 0xfc,

    /* U+0340 "̀" */
    0x19, 0x0,

    /* U+0341 "́" */
    0xe, 0x0,

    /* U+0342 "͂" */
    0x65, 0x80,

    /* U+0343 "̓" */
    0x64, 0xe0,

    /* U+0344 "̈́" */
    0x13, 0x29,

    /* U+0345 "ͅ" */
    0x57, 0x0,

    /* U+0346 "͆" */
    0xfc, 0x60,

    /* U+0347 "͇" */
    0x78, 0x3e,

    /* U+0348 "͈" */
    0x59, 0xa0,

    /* U+0349 "͉" */
    0xd0,

    /* U+034A "͊" */
    0x13, 0xae, 0x80,

    /* U+034B "͋" */
    0x10, 0x46, 0x2e, 0x40,

    /* U+034C "͌" */
    0x64, 0x66, 0x2c,

    /* U+034D "͍" */
    0x47, 0xf8, 0x80,

    /* U+034E "͎" */
    0x69, 0x20,

    /* U+034F "͏" */
    0x0,

    /* U+0350 "͐" */
    0x43, 0xe0,

    /* U+0351 "͑" */
    0x70,

    /* U+0352 "͒" */
    0x7b, 0x60,

    /* U+0353 "͓" */
    0x49, 0x94,

    /* U+0354 "͔" */
    0x6, 0xc2,

    /* U+0355 "͕" */
    0x1, 0x8d, 0x80,

    /* U+0356 "͖" */
    0x44, 0x77, 0xc8,

    /* U+0357 "͗" */
    0x16,

    /* U+0358 "͘" */
    0x30,

    /* U+0359 "͙" */
    0x13, 0x40,

    /* U+035A "͚" */
    0x4a, 0xdb, 0x42,

    /* U+035B "͛" */
    0x44, 0xe2,

    /* U+035C "͜" */
    0x41, 0x1f, 0x0,

    /* U+035D "͝" */
    0x41, 0x1f, 0x0,

    /* U+035E "͞" */
    0x7f, 0x80,

    /* U+035F "͟" */
    0xff, 0x80,

    /* U+0360 "͠" */
    0x38, 0xe7, 0x80,

    /* U+0361 "͡" */
    0x1e, 0x30, 0x80,

    /* U+0362 "͢" */
    0x1, 0x7f, 0xc0, 0x40,

    /* U+0363 "ͣ" */
    0x1b, 0x60,

    /* U+0364 "ͤ" */
    0x1a, 0x20,

    /* U+0365 "ͥ" */
    0x38,

    /* U+0366 "ͦ" */
    0x7e,

    /* U+0367 "ͧ" */
    0xf4,

    /* U+0368 "ͨ" */
    0x6a,

    /* U+0369 "ͩ" */
    0x2f, 0x6c,

    /* U+036A "ͪ" */
    0x97, 0xe0,

    /* U+036B "ͫ" */
    0x27, 0xaa,

    /* U+036C "ͬ" */
    0x6a, 0x0,

    /* U+036D "ͭ" */
    0xea,

    /* U+036E "ͮ" */
    0xba, 0x0,

    /* U+036F "ͯ" */
    0xa, 0x80,

    /* U+0374 "ʹ" */
    0x2d, 0x0,

    /* U+0375 "͵" */
    0x5, 0x40,

    /* U+037A "ͺ" */
    0xd7, 0x0,

    /* U+037E ";" */
    0x33, 0x0, 0x4, 0x44, 0x80,

    /* U+0384 "΄" */
    0x9, 0x40,

    /* U+0385 "΅" */
    0x10, 0x89, 0x10,

    /* U+0386 "Ά" */
    0x1a, 0x9, 0x9, 0x81, 0x40, 0xb0, 0x98, 0x4c,
    0x7e, 0x21, 0x20, 0x90, 0x60,

    /* U+0387 "·" */
    0xf0,

    /* U+0388 "Έ" */
    0x60, 0x13, 0xf8, 0xc0, 0x20, 0x8, 0x7, 0xc1,
    0x10, 0x40, 0x30, 0xc, 0x23, 0xf8,

    /* U+0389 "Ή" */
    0x40, 0x4, 0xc7, 0x88, 0x60, 0x86, 0x18, 0x41,
    0xfc, 0x10, 0xc3, 0xc, 0x30, 0x82, 0x8, 0x61,
    0x80,

    /* U+038A "Ί" */
    0x60, 0x9a, 0x34, 0x60, 0x83, 0x6, 0x8, 0x10,
    0x60, 0xc0,

    /* U+038C "Ό" */
    0x67, 0x96, 0x3b, 0x5, 0x83, 0x60, 0xd0, 0x34,
    0x9, 0x6, 0x43, 0xf, 0x0,

    /* U+038E "Ύ" */
    0x60, 0x5, 0xc7, 0x44, 0x98, 0x30, 0x3, 0x0,
    0x20, 0x2, 0x0, 0x60, 0x6, 0x0, 0x40, 0xc,
    0x0,

    /* U+038F "Ώ" */
    0x60, 0x4, 0x7c, 0x58, 0x6b, 0x2, 0x30, 0x32,
    0x2, 0x20, 0x62, 0x4, 0x10, 0x89, 0x32, 0xf3,
    0xc0,

    /* U+0390 "ΐ" */
    0x0, 0xc4, 0xd0, 0x1, 0x88, 0x42, 0x21, 0x4e,
    0x0,

    /* U+0391 "Α" */
    0x2, 0x1, 0x1, 0x81, 0x40, 0xb0, 0x98, 0x4c,
    0x7e, 0x21, 0x20, 0x90, 0x60,

    /* U+0392 "Β" */
    0x1f, 0xc, 0xc4, 0x62, 0x23, 0xe1, 0x98, 0x84,
    0x46, 0x63, 0x3f, 0x0,

    /* U+0393 "Γ" */
    0x1f, 0x8c, 0x44, 0x6, 0x3, 0x1, 0x0, 0x80,
    0xc0, 0x60, 0x30, 0x0,

    /* U+0394 "Δ" */
    0x2, 0x1, 0x1, 0xc1, 0x60, 0xb0, 0x88, 0x44,
    0x43, 0x41, 0xa0, 0xff, 0xe0,

    /* U+0395 "Ε" */
    0x1f, 0x8c, 0x4, 0x2, 0x3, 0xe1, 0x10, 0x80,
    0xc0, 0x61, 0x3f, 0x80,

    /* U+0396 "Ζ" */
    0x3f, 0xa1, 0x80, 0x80, 0xc0, 0xc0, 0xc0, 0x40,
    0x40, 0x61, 0x7f, 0x80,

    /* U+0397 "Η" */
    0x18, 0x61, 0x84, 0x10, 0x41, 0xc, 0x3f, 0xc2,
    0x8, 0x21, 0x82, 0x18, 0x61, 0x86, 0x38,

    /* U+0398 "Θ" */
    0xf, 0x18, 0xd8, 0x38, 0x5f, 0xfd, 0xe, 0x5,
    0x6, 0x86, 0x3c, 0x0,

    /* U+0399 "Ι" */
    0x18, 0x61, 0x4, 0x30, 0xc2, 0x8, 0x61, 0x80,

    /* U+039A "Κ" */
    0x18, 0xc3, 0x10, 0x4c, 0xa, 0x3, 0x80, 0x78,
    0x9, 0x1, 0x30, 0x63, 0xc, 0x60,

    /* U+039B "Λ" */
    0x2, 0x3, 0x2, 0x81, 0x41, 0x20, 0x90, 0x8c,
    0x46, 0x43, 0x20, 0xb0, 0xc0,

    /* U+039C "Μ" */
    0x18, 0x18, 0xc1, 0x86, 0x1c, 0x51, 0x62, 0x8a,
    0x16, 0x90, 0xb9, 0x89, 0xc8, 0x44, 0x46, 0x46,
    0x0,

    /* U+039D "Ν" */
    0x18, 0x63, 0x8, 0x61, 0x16, 0x42, 0x48, 0x4d,
    0x8, 0xc2, 0x18, 0x41, 0x18, 0x20,

    /* U+039E "Ξ" */
    0x3f, 0xc8, 0x10, 0x0, 0x44, 0x1f, 0x8, 0x80,
    0x0, 0x0, 0x81, 0x3f, 0xc0,

    /* U+039F "Ο" */
    0xf, 0x18, 0xd8, 0x38, 0x3c, 0x1c, 0xe, 0x5,
    0x6, 0x86, 0x3c, 0x0,

    /* U+03A0 "Π" */
    0x1f, 0xe1, 0x84, 0x10, 0xc3, 0xc, 0x30, 0x82,
    0x8, 0x21, 0x86, 0x18, 0x61, 0x6, 0x30,

    /* U+03A1 "Ρ" */
    0x1f, 0xc, 0xc4, 0x62, 0x33, 0xe1, 0x0, 0x80,
    0x40, 0x60, 0x30, 0x0,

    /* U+03A3 "Σ" */
    0x1f, 0xc6, 0x10, 0xc0, 0x18, 0x2, 0x1, 0x0,
    0x80, 0x40, 0x21, 0xbf, 0xc0,

    /* U+03A4 "Τ" */
    0xff, 0x99, 0x11, 0x10, 0x30, 0x30, 0x20, 0x20,
    0x60, 0x60,

    /* U+03A5 "Υ" */
    0x61, 0xc9, 0x5, 0x1, 0x80, 0x80, 0xc0, 0x60,
    0x20, 0x10, 0x18, 0x0,

    /* U+03A6 "Φ" */
    0x6, 0x7, 0xc6, 0x4f, 0x11, 0xcc, 0x63, 0x18,
    0x8f, 0x26, 0x3e, 0x6, 0x0,

    /* U+03A7 "Χ" */
    0x38, 0xc6, 0x21, 0x90, 0x28, 0xc, 0x3, 0x1,
    0x60, 0x98, 0x22, 0x10, 0xc0,

    /* U+03A8 "Ψ" */
    0x63, 0x3d, 0x12, 0x49, 0x90, 0x8c, 0xc4, 0x44,
    0x26, 0x60, 0xfc, 0x1, 0x0, 0x8, 0x0, 0xc0,
    0x0,

    /* U+03A9 "Ω" */
    0x7, 0xc1, 0x86, 0x30, 0x23, 0x3, 0x20, 0x22,
    0x6, 0x20, 0x41, 0x8, 0x93, 0x2f, 0x3c,

    /* U+03AA "Ϊ" */
    0x36, 0x0, 0x0, 0xc1, 0x82, 0x4, 0x18, 0x30,
    0x40, 0x83, 0x6, 0x0,

    /* U+03AB "Ϋ" */
    0x1b, 0x0, 0x0, 0xc, 0x39, 0x20, 0xa0, 0x30,
    0x10, 0x18, 0xc, 0x4, 0x2, 0x3, 0x0,

    /* U+03AC "ά" */
    0x4, 0x4, 0x8, 0x0, 0x3b, 0x46, 0x46, 0xc4,
    0x84, 0x8d, 0x76,

    /* U+03AD "έ" */
    0x4, 0x20, 0x80, 0x39, 0x14, 0xe, 0xc2, 0x7,
    0x80,

    /* U+03AE "ή" */
    0xc, 0x21, 0x0, 0x6c, 0xd6, 0x51, 0x47, 0x38,
    0x82, 0x18, 0x60,

    /* U+03AF "ί" */
    0x18, 0x88, 0x6, 0x21, 0x8, 0x85, 0x38,

    /* U+03B0 "ΰ" */
    0x0, 0x30, 0x8d, 0x0, 0x6, 0x59, 0x65, 0x14,
    0x92, 0x70,

    /* U+03B1 "α" */
    0x3b, 0x46, 0x46, 0xc4, 0x84, 0x8d, 0x76,

    /* U+03B2 "β" */
    0xf, 0x11, 0x11, 0x11, 0x2e, 0x22, 0x23, 0x23,
    0x23, 0x62, 0x54, 0x48, 0x40, 0x40,

    /* U+03B3 "γ" */
    0xc7, 0x14, 0x52, 0x71, 0x4, 0x10, 0xc3, 0x0,

    /* U+03B4 "δ" */
    0xe, 0x30, 0x20, 0x63, 0xcc, 0xd0, 0xe3, 0xc4,
    0x89, 0xc0,

    /* U+03B5 "ε" */
    0x39, 0x14, 0xe, 0xc2, 0x7, 0x80,

    /* U+03B6 "ζ" */
    0x20, 0x9c, 0xe1, 0x4, 0x8, 0x20, 0x40, 0x81,
    0x81, 0xe0, 0x48, 0x8e, 0x0,

    /* U+03B7 "η" */
    0x6c, 0xd6, 0x51, 0x47, 0x38, 0x82, 0x18, 0x60,

    /* U+03B8 "θ" */
    0x1e, 0x44, 0x8a, 0x17, 0xe8, 0x71, 0xe2, 0x48,
    0xe0,

    /* U+03B9 "ι" */
    0x69, 0x29, 0x78,

    /* U+03BA "κ" */
    0x66, 0x51, 0xc3, 0x85, 0x89, 0x23, 0x0,

    /* U+03BB "λ" */
    0x30, 0x50, 0x20, 0x40, 0x83, 0xe, 0x14, 0x68,
    0x97, 0x10,

    /* U+03BC "μ" */
    0x32, 0x22, 0x22, 0x26, 0x64, 0x4d, 0xb6, 0x80,
    0x80, 0xc0,

    /* U+03BD "ν" */
    0x67, 0xcc, 0x91, 0x22, 0x86, 0x8, 0x0,

    /* U+03BE "ξ" */
    0x20, 0x8c, 0xe1, 0x4, 0xf, 0x90, 0x40, 0x81,
    0x1, 0xf0, 0x24, 0x86, 0x0,

    /* U+03BF "ο" */
    0x1c, 0xc5, 0xe, 0x1c, 0x78, 0x9e, 0x0,

    /* U+03C0 "π" */
    0x3f, 0xab, 0x9, 0x4, 0x82, 0x42, 0x6b, 0x18,

    /* U+03C1 "ρ" */
    0x1c, 0xcd, 0x1c, 0x38, 0x50, 0xb6, 0x50, 0xf0,
    0x20,

    /* U+03C2 "ς" */
    0x3d, 0x18, 0x20, 0x83, 0x7, 0x2, 0x91, 0x80,

    /* U+03C3 "σ" */
    0x1f, 0x6c, 0x46, 0xc6, 0xc4, 0xc4, 0x70,

    /* U+03C4 "τ" */
    0x7e, 0x82, 0x8, 0x61, 0x7, 0x0,

    /* U+03C5 "υ" */
    0x65, 0x96, 0x51, 0x49, 0x27, 0x0,

    /* U+03C6 "φ" */
    0x3b, 0x22, 0x53, 0x39, 0x1c, 0x92, 0x50, 0xf0,
    0x20, 0x10, 0x8, 0x0,

    /* U+03C7 "χ" */
    0x31, 0x32, 0x16, 0xc, 0x8, 0x18, 0x18, 0x28,
    0x6a, 0x44,

    /* U+03C8 "ψ" */
    0x0, 0x2, 0x1, 0xc, 0x9a, 0x49, 0x25, 0xa2,
    0x92, 0x4a, 0x16, 0x6, 0x2, 0x1, 0x0,

    /* U+03C9 "ω" */
    0x30, 0x91, 0x14, 0x4f, 0x23, 0xc8, 0xb6, 0x67,
    0x70,

    /* U+03CA "ϊ" */
    0x99, 0x4, 0x4c, 0x88, 0xac,

    /* U+03CB "ϋ" */
    0x1, 0xb0, 0x19, 0x65, 0x94, 0x52, 0x49, 0xc0,

    /* U+03CC "ό" */
    0x6, 0x8, 0x20, 0x1, 0xcc, 0x50, 0xe1, 0xc7,
    0x89, 0xe0,

    /* U+03CD "ύ" */
    0xc, 0x21, 0x0, 0x65, 0x96, 0x51, 0x49, 0x27,
    0x0,

    /* U+03CE "ώ" */
    0x3, 0x0, 0x80, 0x20, 0x10, 0x30, 0x91, 0x14,
    0x4f, 0x23, 0xc8, 0xb6, 0x67, 0x70,

    /* U+03D0 "ϐ" */
    0x3, 0x1d, 0x26, 0x58, 0x5c, 0xc2, 0x42, 0xc2,
    0xc6, 0xc4, 0x78,

    /* U+03D1 "ϑ" */
    0xc, 0x12, 0x12, 0x12, 0x6f, 0xa2, 0x66, 0x44,
    0x44, 0x48, 0x70,

    /* U+03D2 "ϒ" */
    0xe3, 0x35, 0x19, 0x18, 0x30, 0x30, 0x30, 0x20,
    0x20, 0x60,

    /* U+03D3 "ϓ" */
    0x40, 0xb, 0xe, 0x16, 0x83, 0xa0, 0x60, 0xc,
    0x1, 0x80, 0x20, 0xc, 0x1, 0x80, 0x30, 0x0,

    /* U+03D4 "ϔ" */
    0x24, 0x0, 0x0, 0xc3, 0x2d, 0x39, 0x30, 0x30,
    0x30, 0x20, 0x20, 0x60, 0x60,

    /* U+03D5 "ϕ" */
    0x0, 0x2, 0x1, 0x3, 0xe2, 0x9a, 0x47, 0x27,
    0x92, 0xcb, 0x3a, 0x6, 0x2, 0x1, 0x0,

    /* U+03D6 "ϖ" */
    0x3f, 0xec, 0x11, 0x91, 0x22, 0x24, 0x4d, 0x91,
    0x12, 0x23, 0xb8,

    /* U+03D7 "ϗ" */
    0x62, 0xcc, 0x90, 0xc2, 0x89, 0x71, 0x82, 0x14,
    0x10,

    /* U+03D8 "Ϙ" */
    0x3f, 0x21, 0x31, 0x98, 0xc4, 0x41, 0xe0, 0x30,
    0x10, 0x8, 0xc, 0x0,

    /* U+03D9 "ϙ" */
    0x1e, 0xc5, 0xe, 0x1c, 0x28, 0x8e, 0x10, 0x20,
    0x40,

    /* U+03DA "Ϛ" */
    0x1e, 0x63, 0x41, 0xc0, 0x40, 0x38, 0x18, 0x10,
    0x10, 0x30,

    /* U+03DB "ϛ" */
    0x3e, 0x40, 0x80, 0x80, 0x80, 0x80, 0x78, 0x8,
    0x88, 0x70,

    /* U+03DC "Ϝ" */
    0x1f, 0xc6, 0x1, 0x0, 0x40, 0x3e, 0xc, 0x82,
    0x0, 0x80, 0x60, 0x18, 0x0,

    /* U+03DD "ϝ" */
    0xf, 0x10, 0x20, 0x20, 0x5c, 0x20, 0x40, 0x40,
    0x80, 0x80,

    /* U+03DE "Ϟ" */
    0xc0, 0x20, 0x41, 0x47, 0x5e, 0x7a, 0xe2, 0x84,
    0x4, 0x3,

    /* U+03DF "ϟ" */
    0x30, 0x88, 0x84, 0x3c, 0x22, 0x11, 0x19, 0x8c,
    0x0,

    /* U+03E0 "Ϡ" */
    0x2, 0x1, 0x80, 0xa0, 0x28, 0x13, 0x4, 0xc2,
    0x30, 0x94, 0x45, 0x92, 0x6c, 0x9c,

    /* U+03E1 "ϡ" */
    0x18, 0x28, 0x8, 0x8, 0x8, 0x18, 0x38, 0x2c,
    0x7c, 0x55, 0xf2, 0x20, 0x60, 0xc0,

    /* U+03F0 "ϰ" */
    0x47, 0x49, 0x21, 0xc5, 0x12, 0xa3, 0x0,

    /* U+03F1 "ϱ" */
    0x1c, 0x45, 0xe, 0x1c, 0x78, 0xbe, 0x40, 0x70,
    0x20,

    /* U+03F2 "ϲ" */
    0x1c, 0xc1, 0x6, 0xc, 0x18, 0x1e, 0x0,

    /* U+03F3 "ϳ" */
    0xc, 0x10, 0x6, 0x8, 0x21, 0x84, 0x10, 0x43,
    0x28, 0xc0,

    /* U+03F4 "ϴ" */
    0xf, 0x18, 0xd8, 0x38, 0x1f, 0xfc, 0xe, 0x5,
    0x6, 0x86, 0x3c, 0x0,

    /* U+03F5 "ϵ" */
    0x13, 0x11, 0xc8, 0x41, 0x80,

    /* U+03F6 "϶" */
    0x44, 0xf2, 0xa0,

    /* U+03F7 "Ϸ" */
    0x18, 0x10, 0x3e, 0x33, 0x33, 0x23, 0x62, 0x7c,
    0x40, 0xc0,

    /* U+03F8 "ϸ" */
    0x70, 0x20, 0xc1, 0x2, 0xe6, 0x58, 0xa3, 0x44,
    0x9b, 0x45, 0x8, 0x10, 0x0,

    /* U+03F9 "Ϲ" */
    0xf, 0x18, 0x58, 0x8, 0xc, 0x6, 0x3, 0x1,
    0x80, 0x43, 0x1e, 0x0,

    /* U+03FA "Ϻ" */
    0x18, 0x30, 0xc3, 0x8a, 0x2c, 0x5a, 0x42, 0x52,
    0x13, 0x31, 0x11, 0x8, 0x8, 0x40, 0xc6, 0x6,
    0x0,

    /* U+03FB "ϻ" */
    0x1d, 0xc4, 0x48, 0x91, 0x12, 0x22, 0x48, 0xd9,
    0x50, 0x32, 0x0, 0x40, 0x8, 0x0,

    /* U+03FC "ϼ" */
    0xf, 0x8, 0xc4, 0x64, 0x32, 0x11, 0x9, 0x58,
    0x90, 0x70, 0x10, 0x0,

    /* U+03FD "Ͻ" */
    0x1e, 0x30, 0x80, 0x60, 0x30, 0x18, 0xc, 0x4,
    0x6, 0x86, 0x3c, 0x0,

    /* U+03FE "Ͼ" */
    0xf, 0x18, 0x58, 0x8, 0xc, 0xc6, 0x63, 0x1,
    0x80, 0x43, 0x1e, 0x0,

    /* U+03FF "Ͽ" */
    0x1e, 0x30, 0x80, 0x60, 0x31, 0x98, 0xcc, 0x4,
    0x6, 0x86, 0x3c, 0x0,

    /* U+0400 "Ѐ" */
    0x4, 0x1, 0x0, 0x20, 0x0, 0x1f, 0x86, 0x1,
    0x0, 0x40, 0x3e, 0x8, 0x82, 0x0, 0x82, 0x61,
    0x1f, 0xc0,

    /* U+0401 "Ё" */
    0x0, 0x3, 0x60, 0x0, 0x0, 0x1f, 0x86, 0x1,
    0x0, 0x40, 0x3e, 0x8, 0x82, 0x0, 0x82, 0x61,
    0x1f, 0xc0,

    /* U+0402 "Ђ" */
    0xff, 0x4c, 0x86, 0x2, 0x1, 0x71, 0xcc, 0xc6,
    0x43, 0x29, 0x37, 0x0,

    /* U+0403 "Ѓ" */
    0x0, 0x80, 0x80, 0x80, 0x1, 0xf8, 0xc4, 0x40,
    0x60, 0x30, 0x10, 0x8, 0xc, 0x6, 0x3, 0x0,

    /* U+0404 "Є" */
    0xf, 0x98, 0x58, 0xe, 0xc, 0x66, 0x3, 0x1,
    0x80, 0x43, 0x1e, 0x0,

    /* U+0405 "Ѕ" */
    0x1e, 0x44, 0x89, 0x81, 0x81, 0x81, 0x42, 0x85,
    0xf0,

    /* U+0406 "І" */
    0x18, 0x61, 0x4, 0x30, 0xc2, 0x8, 0x61, 0x80,

    /* U+0407 "Ї" */
    0x36, 0x0, 0x0, 0xc1, 0x82, 0x4, 0x18, 0x30,
    0x40, 0x83, 0x6, 0x0,

    /* U+0408 "Ј" */
    0x6, 0x8, 0x30, 0x60, 0x81, 0x6, 0xc, 0x91,
    0xc0,

    /* U+0409 "Љ" */
    0x3, 0xe0, 0x11, 0x80, 0x44, 0x1, 0x10, 0x8,
    0xf8, 0x23, 0x30, 0x88, 0x44, 0x21, 0x91, 0x8f,
    0x87, 0xc0,

    /* U+040A "Њ" */
    0x18, 0x60, 0x41, 0x1, 0xc, 0xc, 0x30, 0x3f,
    0xf0, 0x82, 0x32, 0x18, 0xd8, 0x63, 0x61, 0x19,
    0x8f, 0xc0,

    /* U+040B "Ћ" */
    0xff, 0x4c, 0x86, 0x2, 0x1, 0x71, 0xcc, 0xc6,
    0x43, 0x21, 0x31, 0x80,

    /* U+040C "Ќ" */
    0x0, 0x80, 0x40, 0x20, 0x0, 0x18, 0xc4, 0x51,
    0x20, 0xc8, 0x3c, 0x9, 0x82, 0x61, 0x88, 0x63,
    0x18, 0xc0,

    /* U+040D "Ѝ" */
    0x2, 0x0, 0x60, 0x4, 0x0, 0x1, 0x86, 0x30,
    0x84, 0x31, 0x9e, 0x34, 0x84, 0x90, 0xa6, 0x38,
    0xc6, 0x10, 0xc6, 0x0,

    /* U+040E "Ў" */
    0x0, 0x6, 0x0, 0xe0, 0x0, 0xe1, 0x98, 0x42,
    0x10, 0x88, 0x34, 0x5, 0x1, 0x80, 0x40, 0xd0,
    0x38, 0x0,

    /* U+040F "Џ" */
    0x18, 0x61, 0x84, 0x10, 0x41, 0xc, 0x30, 0xc2,
    0x8, 0x21, 0x86, 0x18, 0x61, 0x7, 0xf8, 0x8,
    0x1, 0x0, 0x0, 0x0,

    /* U+0410 "А" */
    0x2, 0x3, 0x2, 0x81, 0x41, 0x20, 0x98, 0x7c,
    0x46, 0x41, 0x61, 0x80,

    /* U+0411 "Б" */
    0x1f, 0x8c, 0x44, 0x6, 0x3, 0xe1, 0x18, 0x84,
    0xc6, 0x62, 0x3e, 0x0,

    /* U+0412 "В" */
    0x1f, 0xc, 0xc4, 0x62, 0x23, 0xe1, 0x98, 0x84,
    0x46, 0x63, 0x3f, 0x0,

    /* U+0413 "Г" */
    0x1f, 0x8c, 0x44, 0x6, 0x3, 0x1, 0x0, 0x80,
    0xc0, 0x60, 0x30, 0x0,

    /* U+0414 "Д" */
    0x3, 0xe0, 0x46, 0x4, 0x40, 0x44, 0x8, 0xc0,
    0x8c, 0x10, 0x81, 0x8, 0x21, 0x87, 0xf8, 0xc0,
    0xc8, 0x8, 0x0, 0x0,

    /* U+0415 "Е" */
    0x1f, 0x86, 0x1, 0x0, 0x40, 0x3e, 0x8, 0x82,
    0x0, 0x82, 0x61, 0x1f, 0xc0,

    /* U+0416 "Ж" */
    0x18, 0xc6, 0x29, 0x94, 0x12, 0x40, 0x25, 0x0,
    0x3c, 0x1, 0xa6, 0x6, 0x4c, 0x19, 0x88, 0x63,
    0x19, 0xc6, 0x30,

    /* U+0417 "З" */
    0x3f, 0x10, 0x80, 0x60, 0x60, 0xc0, 0x30, 0xc,
    0x6, 0x86, 0x3e, 0x0,

    /* U+0418 "И" */
    0x18, 0x63, 0x8, 0x43, 0x19, 0xe3, 0x48, 0x49,
    0xa, 0x63, 0x8c, 0x61, 0xc, 0x60,

    /* U+0419 "Й" */
    0x0, 0x0, 0xc0, 0xe, 0x0, 0x1, 0x86, 0x30,
    0x84, 0x31, 0x9e, 0x34, 0x84, 0x90, 0xa6, 0x38,
    0xc6, 0x10, 0xc6, 0x0,

    /* U+041A "К" */
    0x18, 0xc4, 0x51, 0x20, 0xc8, 0x3c, 0x9, 0x82,
    0x61, 0x88, 0x63, 0x18, 0xc0,

    /* U+041B "Л" */
    0x3, 0xf0, 0x22, 0x2, 0x60, 0x46, 0x4, 0x40,
    0x44, 0x8, 0xc0, 0x8c, 0x50, 0x86, 0x18,

    /* U+041C "М" */
    0x18, 0x18, 0xc1, 0x86, 0x1c, 0x51, 0x62, 0x8a,
    0x16, 0x90, 0xb9, 0x89, 0xc8, 0x44, 0x46, 0x46,
    0x0,

    /* U+041D "Н" */
    0x18, 0x61, 0x84, 0x10, 0x41, 0xc, 0x3f, 0xc2,
    0x8, 0x21, 0x82, 0x18, 0x61, 0x86, 0x38,

    /* U+041E "О" */
    0xf, 0x18, 0xd8, 0x38, 0x3c, 0x1c, 0xe, 0x5,
    0x6, 0x86, 0x3c, 0x0,

    /* U+041F "П" */
    0x1f, 0xe1, 0x84, 0x10, 0xc3, 0xc, 0x30, 0x82,
    0x8, 0x21, 0x86, 0x18, 0x61, 0x6, 0x30,

    /* U+0420 "Р" */
    0x1f, 0xc, 0xc4, 0x62, 0x33, 0xe1, 0x0, 0x80,
    0x40, 0x60, 0x30, 0x0,

    /* U+0421 "С" */
    0x1f, 0x90, 0x58, 0x38, 0xc, 0x4, 0x2, 0x1,
    0x0, 0xc2, 0x1e, 0x0,

    /* U+0422 "Т" */
    0x7f, 0xc6, 0x42, 0x3, 0x1, 0x80, 0x80, 0x40,
    0x60, 0x30, 0x38, 0x0,

    /* U+0423 "У" */
    0xe1, 0x98, 0x42, 0x10, 0x88, 0x34, 0x5, 0x1,
    0x80, 0x40, 0xd0, 0x38, 0x0,

    /* U+0424 "Ф" */
    0x6, 0x3, 0xc6, 0x4f, 0x11, 0x8c, 0x63, 0x3c,
    0x98, 0xf8, 0x18, 0xe, 0x0,

    /* U+0425 "Х" */
    0x38, 0xc6, 0x21, 0x90, 0x28, 0xc, 0x3, 0x1,
    0x60, 0x98, 0x22, 0x10, 0xc0,

    /* U+0426 "Ц" */
    0x18, 0x63, 0x8, 0x43, 0x18, 0x63, 0x8, 0x41,
    0x8, 0x63, 0xc, 0x61, 0xf, 0xe0, 0x2, 0x0,
    0x40, 0x8,

    /* U+0427 "Ч" */
    0x63, 0x21, 0x30, 0x98, 0xcc, 0x63, 0xe0, 0x10,
    0x18, 0xc, 0xe, 0x0,

    /* U+0428 "Ш" */
    0x18, 0xc6, 0x18, 0x84, 0x10, 0x84, 0x31, 0x8c,
    0x31, 0x8c, 0x21, 0x8, 0x21, 0x8, 0x63, 0x18,
    0x63, 0x10, 0x7f, 0xf8,

    /* U+0429 "Щ" */
    0x18, 0xc6, 0x18, 0x84, 0x10, 0x84, 0x31, 0x8c,
    0x31, 0x8c, 0x21, 0x8, 0x21, 0x8, 0x63, 0x18,
    0x63, 0x18, 0x7f, 0xf0, 0x0, 0x8, 0x0, 0x8,
    0x0, 0x8,

    /* U+042A "Ъ" */
    0x7c, 0x46, 0x22, 0x3, 0x1, 0xf0, 0x8c, 0x42,
    0x63, 0x31, 0x1f, 0x0,

    /* U+042B "Ы" */
    0x18, 0x18, 0x60, 0x61, 0x1, 0x8c, 0x4, 0x3e,
    0x30, 0x8c, 0xc2, 0x12, 0x18, 0xc8, 0x62, 0x61,
    0xf1, 0x80,

    /* U+042C "Ь" */
    0x18, 0x18, 0x10, 0x30, 0x3e, 0x23, 0x21, 0x63,
    0x62, 0x7c,

    /* U+042D "Э" */
    0x3f, 0x10, 0xc0, 0x67, 0x30, 0x78, 0xc, 0x6,
    0x6, 0x86, 0x3e, 0x0,

    /* U+042E "Ю" */
    0x38, 0x7c, 0x31, 0xc, 0x46, 0x19, 0x98, 0x33,
    0xf0, 0x64, 0xc0, 0xc9, 0x81, 0x31, 0x6, 0x62,
    0x19, 0xe3, 0xc0,

    /* U+042F "Я" */
    0x7, 0xe3, 0x8, 0x63, 0xc, 0x60, 0x78, 0x1b,
    0x6, 0x61, 0x88, 0x21, 0xc, 0x60,

    /* U+0430 "а" */
    0x1e, 0x4d, 0x12, 0x2c, 0xda, 0x9b, 0x0,

    /* U+0431 "б" */
    0x1, 0x7, 0x4, 0x4, 0x5, 0xc5, 0x11, 0x9,
    0x8c, 0xc4, 0x62, 0x1e, 0x0,

    /* U+0432 "в" */
    0x1c, 0x94, 0xde, 0xcf, 0x27, 0x0,

    /* U+0433 "г" */
    0x38, 0x44, 0x44, 0x43, 0x80,

    /* U+0434 "д" */
    0x10, 0x18, 0x10, 0x11, 0xe4, 0x50, 0xa3, 0xc5,
    0x89, 0xe0,

    /* U+0435 "е" */
    0x1c, 0x94, 0x94, 0xe3, 0x7, 0x0,

    /* U+0436 "ж" */
    0x39, 0x38, 0x25, 0x30, 0x94, 0x3, 0xf0, 0xa,
    0xc2, 0x4b, 0x2e, 0x27, 0x0,

    /* U+0437 "з" */
    0x79, 0x10, 0x84, 0x8, 0x27, 0x80,

    /* U+0438 "и" */
    0x66, 0xc9, 0x12, 0x64, 0xcf, 0x53, 0x0,

    /* U+0439 "й" */
    0x10, 0x18, 0x3, 0x36, 0x48, 0x93, 0x26, 0x7a,
    0x98,

    /* U+043A "к" */
    0x66, 0x51, 0xc3, 0x85, 0x89, 0x23, 0x0,

    /* U+043B "л" */
    0xe, 0x24, 0x91, 0x22, 0x48, 0xb3, 0x80,

    /* U+043C "м" */
    0x38, 0x8d, 0xca, 0xe5, 0xa2, 0xd2, 0x4b, 0x24,

    /* U+043D "н" */
    0x62, 0x4d, 0x13, 0xe4, 0x49, 0xa3, 0x0,

    /* U+043E "о" */
    0x1c, 0x45, 0xa, 0x3c, 0x58, 0x9e, 0x0,

    /* U+043F "п" */
    0x6c, 0x6d, 0x93, 0x24, 0x49, 0xa3, 0x0,

    /* U+0440 "р" */
    0x37, 0x19, 0x31, 0x23, 0x22, 0x24, 0x68, 0x50,
    0x40, 0x40,

    /* U+0441 "с" */
    0x1c, 0x94, 0x10, 0xc3, 0x7, 0x0,

    /* U+0442 "т" */
    0x6c, 0xc6, 0xa9, 0x99, 0x32, 0x44, 0xc8, 0x91,
    0x22, 0x30,

    /* U+0443 "у" */
    0x66, 0xc9, 0x12, 0x64, 0xcf, 0x1a, 0x4, 0x91,
    0xc0,

    /* U+0444 "ф" */
    0x1, 0xc0, 0x40, 0x8, 0xf, 0xe2, 0x66, 0x88,
    0xd1, 0x16, 0x22, 0xcc, 0x8f, 0x60, 0x20, 0x4,
    0x3, 0x0,

    /* U+0445 "х" */
    0x66, 0x70, 0x40, 0x83, 0xb, 0x23, 0x0,

    /* U+0446 "ц" */
    0x66, 0xc9, 0x12, 0x64, 0xcf, 0x53, 0x2, 0x4,
    0x0,

    /* U+0447 "ч" */
    0xcf, 0x29, 0xaa, 0xc8, 0x51, 0x80,

    /* U+0448 "ш" */
    0x66, 0x4c, 0x89, 0x11, 0x26, 0x64, 0xd8, 0xf5,
    0x13, 0x30,

    /* U+0449 "щ" */
    0x66, 0x4c, 0x89, 0x11, 0x26, 0x64, 0xd8, 0xf5,
    0xd3, 0x30, 0x2, 0x0, 0x40, 0x0,

    /* U+044A "ъ" */
    0xf9, 0x20, 0xb1, 0xb6, 0x6c, 0x8e, 0x0,

    /* U+044B "ы" */
    0xc3, 0xa0, 0xae, 0x59, 0x28, 0xb4, 0x57, 0xcc,

    /* U+044C "ь" */
    0xc2, 0x2f, 0x98, 0xc7, 0xc0,

    /* U+044D "э" */
    0x78, 0x12, 0x47, 0xe, 0x27, 0x0,

    /* U+044E "ю" */
    0x63, 0x89, 0x16, 0x85, 0xe3, 0x58, 0x96, 0x28,
    0xf0,

    /* U+044F "я" */
    0x3e, 0x44, 0x88, 0x63, 0x44, 0xb1, 0x80,

    /* U+0450 "ѐ" */
    0x10, 0x20, 0x7, 0x25, 0x25, 0x38, 0xc1, 0xc0,

    /* U+0451 "ё" */
    0x36, 0x0, 0x0, 0xe2, 0x49, 0x14, 0x70, 0xc0,
    0xe0,

    /* U+0452 "ђ" */
    0x30, 0x21, 0xf1, 0x2, 0x67, 0x48, 0xb1, 0x42,
    0x8d, 0x10, 0x24, 0x8e, 0x0,

    /* U+0453 "ѓ" */
    0xc, 0x40, 0xe, 0x8, 0x42, 0x10, 0x83, 0x80,

    /* U+0454 "є" */
    0x1c, 0x86, 0x16, 0xc1, 0x7, 0x0,

    /* U+0455 "ѕ" */
    0x3b, 0x8, 0x61, 0x4b, 0xc0,

    /* U+0456 "і" */
    0x64, 0x25, 0xa4, 0x90,

    /* U+0457 "ї" */
    0x99, 0x4, 0x44, 0x88, 0x8c,

    /* U+0458 "ј" */
    0xc, 0x10, 0x6, 0x8, 0x21, 0x84, 0x10, 0x43,
    0x28, 0xc0,

    /* U+0459 "љ" */
    0xe, 0x4, 0x82, 0x5c, 0x99, 0x24, 0x51, 0x1c,
    0x78,

    /* U+045A "њ" */
    0x62, 0x9, 0x86, 0x59, 0xf9, 0x44, 0x51, 0x38,
    0x78,

    /* U+045B "ћ" */
    0x30, 0x21, 0xf1, 0x2, 0x67, 0xd9, 0x32, 0x44,
    0x9f, 0x30,

    /* U+045C "ќ" */
    0x6, 0x10, 0x3, 0x32, 0x8e, 0x1c, 0x2c, 0x49,
    0x18,

    /* U+045D "ѝ" */
    0x10, 0x10, 0x3, 0x36, 0x48, 0x93, 0x26, 0x7a,
    0x98,

    /* U+045E "ў" */
    0x10, 0x18, 0x3, 0x36, 0x48, 0x93, 0x26, 0x78,
    0xd0, 0x24, 0x8e, 0x0,

    /* U+045F "џ" */
    0xc5, 0x3c, 0xa6, 0xab, 0x7f, 0x88, 0x21, 0x0,

    /* U+0460 "Ѡ" */
    0x1c, 0xf3, 0x34, 0xd0, 0x3, 0x80, 0x18, 0xf1,
    0xc3, 0xe, 0x18, 0x70, 0x82, 0x8a, 0x23, 0x8e,
    0x0,

    /* U+0461 "ѡ" */
    0x39, 0x9a, 0x54, 0x5, 0x13, 0xc8, 0x92, 0x27,
    0x70,

    /* U+0462 "Ѣ" */
    0x7f, 0xc4, 0x66, 0x3, 0x1, 0xe0, 0x8c, 0xc6,
    0x63, 0x23, 0x3f, 0x0,

    /* U+0463 "ѣ" */
    0x6c, 0xd, 0x6, 0x59, 0x99, 0x44, 0x51, 0x28,
    0x70,

    /* U+0464 "Ѥ" */
    0x18, 0x7e, 0x21, 0x4, 0x44, 0x1, 0x9e, 0x3,
    0xf3, 0x4, 0x40, 0x8, 0x80, 0x31, 0x82, 0x63,
    0x9, 0xc3, 0xc0,

    /* U+0465 "ѥ" */
    0x63, 0x92, 0x13, 0xf, 0x65, 0x82, 0x42, 0x3c,

    /* U+0466 "Ѧ" */
    0x1, 0x0, 0x30, 0x5, 0x0, 0x58, 0x9, 0x81,
    0x8, 0x1f, 0x82, 0x4c, 0x44, 0xcc, 0xce,

    /* U+0467 "ѧ" */
    0xc, 0x6, 0x4, 0x82, 0xc2, 0xa2, 0x97, 0x44,

    /* U+0468 "Ѩ" */
    0x18, 0x10, 0x18, 0x10, 0x10, 0x38, 0x30, 0x48,
    0x30, 0x88, 0x20, 0x88, 0x3f, 0xfc, 0x62, 0x6c,
    0x62, 0x44, 0x64, 0xc6,

    /* U+0469 "ѩ" */
    0x61, 0x82, 0x28, 0x44, 0x87, 0xc8, 0x4b, 0x44,
    0xa4, 0xb2, 0x60,

    /* U+046A "Ѫ" */
    0x3, 0xf0, 0xc, 0x80, 0x14, 0x0, 0x50, 0x7,
    0x60, 0x26, 0xc1, 0x93, 0xc, 0xc4, 0x23, 0x1b,
    0x8c, 0x60,

    /* U+046B "ѫ" */
    0xf, 0x80, 0xa0, 0x18, 0x7, 0x81, 0x48, 0x49,
    0x79, 0x30,

    /* U+046C "Ѭ" */
    0x18, 0x3f, 0x4, 0x4, 0x41, 0x1, 0x20, 0xc0,
    0x70, 0x3f, 0xfe, 0x8, 0x36, 0xc2, 0x19, 0x91,
    0x84, 0x46, 0x63, 0x11, 0x99, 0x8c, 0x20,

    /* U+046D "ѭ" */
    0x61, 0xe1, 0xa, 0x18, 0x60, 0xff, 0x84, 0x5a,
    0x26, 0x92, 0xe4, 0xc0,

    /* U+046E "Ѯ" */
    0x0, 0x84, 0xc2, 0x80, 0x81, 0xe1, 0x8, 0x84,
    0x6, 0x3c, 0x13, 0x0, 0x80, 0x40, 0x67, 0xe2,
    0x1, 0x10, 0xf8, 0x0,

    /* U+046F "ѯ" */
    0x26, 0x30, 0xa2, 0x20, 0x86, 0x12, 0x4, 0x39,
    0x82, 0x47, 0x0,

    /* U+0470 "Ѱ" */
    0xf7, 0x3b, 0x12, 0x19, 0xa0, 0xcd, 0x2, 0x48,
    0x12, 0x83, 0xfe, 0x1, 0x80, 0xc, 0x0, 0xe0,
    0x0,

    /* U+0471 "ѱ" */
    0x6, 0x1, 0x80, 0x60, 0x10, 0x64, 0xc9, 0x42,
    0xd0, 0xb4, 0x2a, 0xa, 0x87, 0xe0, 0x60, 0x18,
    0x6, 0x0,

    /* U+0472 "Ѳ" */
    0xf, 0x18, 0x58, 0x2a, 0x1e, 0x8e, 0x3e, 0x7,
    0x86, 0xc2, 0x3e, 0x0,

    /* U+0473 "ѳ" */
    0x1c, 0x45, 0xb, 0xbc, 0xd8, 0x9e, 0x0,

    /* U+0474 "Ѵ" */
    0x60, 0xec, 0x2d, 0x84, 0x11, 0x2, 0x40, 0x48,
    0xa, 0x1, 0x80, 0x30, 0x4, 0x0,

    /* U+0475 "ѵ" */
    0xe3, 0x24, 0x24, 0x28, 0x30, 0x30, 0x20,

    /* U+0476 "Ѷ" */
    0x0, 0x3, 0x40, 0x28, 0x2, 0x0, 0x0, 0xc1,
    0xd8, 0x5b, 0x8, 0x22, 0x4, 0x80, 0x90, 0x14,
    0x3, 0x0, 0x60, 0x8, 0x0,

    /* U+0477 "ѷ" */
    0x34, 0x14, 0x0, 0xe3, 0x24, 0x24, 0x28, 0x30,
    0x30, 0x20,

    /* U+0478 "Ѹ" */
    0xe, 0x0, 0x62, 0x1, 0x86, 0x2, 0xf, 0x1c,
    0x1a, 0x38, 0x24, 0xe0, 0xd9, 0x41, 0x2e, 0xc4,
    0x54, 0xf0, 0xd0, 0x0, 0x20, 0x4, 0x80, 0x6,
    0x0,

    /* U+0479 "ѹ" */
    0x1d, 0x89, 0x24, 0x51, 0xa6, 0x8b, 0x2c, 0x55,
    0x64, 0xa9, 0x46, 0x84, 0x4, 0x2, 0x40, 0xc,
    0x0,

    /* U+047A "Ѻ" */
    0x0, 0x80, 0xc, 0x1, 0x98, 0x30, 0x22, 0x1,
    0xb0, 0xd, 0x0, 0x68, 0x3, 0x40, 0x32, 0x1,
    0x18, 0x10, 0x7f, 0x0, 0x40, 0x0,

    /* U+047B "ѻ" */
    0x4, 0xd, 0x88, 0x48, 0x34, 0x1e, 0x9, 0xc,
    0x78,

    /* U+047C "Ѽ" */
    0x1, 0x80, 0x1a, 0x1, 0xa8, 0x9, 0x60, 0x0,
    0xe, 0x79, 0x9a, 0x68, 0x1, 0xc0, 0xc, 0x78,
    0xe1, 0x87, 0xc, 0x38, 0x41, 0x45, 0x11, 0xc7,
    0x0,

    /* U+047D "ѽ" */
    0x7, 0x81, 0xcc, 0x0, 0x1c, 0xc4, 0x84, 0x80,
    0x91, 0x36, 0x44, 0x48, 0x8e, 0xe0,

    /* U+047E "Ѿ" */
    0xf, 0xf0, 0x4c, 0x80, 0x40, 0x0, 0x1, 0xcf,
    0x33, 0x4d, 0x0, 0x38, 0x1, 0x8f, 0x1c, 0x30,
    0xe1, 0x87, 0x8, 0x28, 0xa2, 0x38, 0xe0,

    /* U+047F "ѿ" */
    0x1f, 0xc0, 0x40, 0x0, 0x1c, 0xc6, 0x94, 0x80,
    0x91, 0x36, 0x44, 0x48, 0x8e, 0xe0,

    /* U+0480 "Ҁ" */
    0x1e, 0x63, 0x41, 0xc0, 0x40, 0x38, 0x18, 0x10,
    0x10, 0x30,

    /* U+0481 "ҁ" */
    0x1c, 0x94, 0x10, 0xc1, 0x7, 0x82, 0x18, 0x0,

    /* U+0482 "҂" */
    0x6e, 0x48, 0x80,

    /* U+0483 "҃" */
    0xcd, 0xc0,

    /* U+0484 "҄" */
    0x39, 0x18, 0x0,

    /* U+0485 "҅" */
    0xeb,

    /* U+0486 "҆" */
    0x64, 0xe0,

    /* U+0487 "҇" */
    0xe, 0x1c, 0x60, 0x8,

    /* U+0488 "҈" */
    0x1, 0x0, 0x0, 0x0, 0x80, 0x20, 0x0, 0x0,
    0x0, 0x0, 0x0, 0x0, 0x0, 0x0, 0x0, 0x80,
    0x2, 0x0, 0x0, 0x0, 0x0, 0x0, 0x0, 0x0,
    0x4, 0x1, 0x0, 0x0, 0x0, 0x80,

    /* U+0489 "҉" */
    0x0, 0x40, 0x0, 0x40, 0x0, 0x20, 0x4, 0x0,
    0x41, 0x80, 0x40, 0x0, 0x0, 0x0, 0x0, 0x0,
    0x0, 0x0, 0x0, 0x30, 0x0, 0xc0, 0x0, 0x0,
    0x0, 0x0, 0x0, 0x0, 0x0, 0x0, 0x20, 0x10,
    0x60, 0x8, 0x0, 0x80, 0x0, 0x40, 0x0, 0x20,
    0x0,

    /* U+048A "Ҋ" */
    0x0, 0x0, 0xc0, 0xe, 0x0, 0x1, 0x86, 0x30,
    0x84, 0x31, 0x9e, 0x34, 0x84, 0x90, 0xa6, 0x38,
    0xc6, 0x10, 0xc6, 0x0, 0x20, 0x8,

    /* U+048B "ҋ" */
    0x20, 0x60, 0x31, 0x4f, 0x29, 0xaa, 0xbf, 0x61,
    0x8,

    /* U+048C "Ҍ" */
    0x18, 0x7c, 0x10, 0x30, 0x3e, 0x23, 0x21, 0x63,
    0x62, 0x7c,

    /* U+048D "ҍ" */
    0x63, 0xc5, 0x99, 0x45, 0x37, 0x80,

    /* U+048E "Ҏ" */
    0x1f, 0xc, 0xc4, 0x62, 0x73, 0xe1, 0x8, 0x80,
    0x40, 0x60, 0x30, 0x0,

    /* U+048F "ҏ" */
    0x37, 0x19, 0x31, 0x23, 0x26, 0x26, 0x6a, 0x50,
    0x40, 0x40,

    /* U+0490 "Ґ" */
    0x0, 0x40, 0x11, 0xf8, 0x60, 0x10, 0xc, 0x3,
    0x0, 0x80, 0x20, 0x18, 0x6, 0x1, 0x80,

    /* U+0491 "ґ" */
    0x0, 0x4, 0xf1, 0x6, 0x8, 0x10, 0x20, 0x80,

    /* U+0492 "Ғ" */
    0x1f, 0x8c, 0x4, 0x6, 0x7, 0xc1, 0x0, 0x80,
    0xc0, 0x60, 0x30, 0x0,

    /* U+0493 "ғ" */
    0x3c, 0x41, 0x87, 0x84, 0x8, 0x20, 0x0,

    /* U+0494 "Ҕ" */
    0x1f, 0xc6, 0x1, 0x0, 0x78, 0x31, 0xc, 0x42,
    0x18, 0x86, 0x61, 0x98, 0x40, 0x10, 0x8, 0x32,
    0x3, 0x0,

    /* U+0495 "ҕ" */
    0x3c, 0x41, 0xe2, 0x64, 0x49, 0xa3, 0x4, 0x8,
    0xe0,

    /* U+0496 "Җ" */
    0x38, 0xc6, 0x71, 0x14, 0x12, 0x40, 0x2d, 0x0,
    0x3c, 0x1, 0xa4, 0x4, 0x4c, 0x19, 0x98, 0x62,
    0x11, 0x8e, 0x30, 0x0, 0x10, 0x0, 0x20, 0x0,
    0x40,

    /* U+0497 "җ" */
    0x39, 0x38, 0x25, 0x30, 0x94, 0x3, 0xf0, 0xa,
    0xc2, 0x4b, 0x2a, 0x27, 0x10, 0x4, 0x0, 0x10,
    0x0, 0x0,

    /* U+0498 "Ҙ" */
    0x3f, 0x10, 0x80, 0x60, 0x60, 0xc0, 0x30, 0xc,
    0x6, 0x86, 0x3e, 0x4, 0x1, 0x3, 0x0,

    /* U+0499 "ҙ" */
    0x78, 0x10, 0x84, 0x8, 0x2f, 0x8, 0x21, 0x80,

    /* U+049A "Қ" */
    0x18, 0xc4, 0x51, 0x20, 0xc8, 0x3c, 0x9, 0x82,
    0x61, 0x88, 0x63, 0x18, 0xc0, 0x8, 0x2, 0x0,
    0x80,

    /* U+049B "қ" */
    0x66, 0x51, 0xc3, 0x85, 0x89, 0x23, 0x81, 0x2,
    0x8,

    /* U+049C "Ҝ" */
    0x18, 0x62, 0x14, 0x54, 0x1b, 0x3, 0xc0, 0x54,
    0xa, 0xc3, 0x18, 0x61, 0xc, 0x30,

    /* U+049D "ҝ" */
    0x63, 0x2c, 0x78, 0x70, 0x48, 0x4d, 0x86,

    /* U+049E "Ҟ" */
    0x18, 0xde, 0x51, 0x20, 0xc8, 0x3c, 0x9, 0x82,
    0x61, 0x88, 0x63, 0x38, 0xc0,

    /* U+049F "ҟ" */
    0x67, 0xf1, 0xc3, 0x85, 0x89, 0x23, 0x0,

    /* U+04A0 "Ҡ" */
    0x7c, 0x71, 0x14, 0x64, 0xd, 0x1, 0xc0, 0x24,
    0xc, 0xc1, 0x98, 0x21, 0xc, 0x30,

    /* U+04A1 "ҡ" */
    0xf9, 0xc5, 0x7, 0x3, 0x81, 0x60, 0x90, 0x8c,

    /* U+04A2 "Ң" */
    0x18, 0x61, 0x4, 0x10, 0xc3, 0xc, 0x3f, 0x82,
    0x8, 0x21, 0x86, 0x18, 0x61, 0x6, 0x30, 0x0,
    0x80, 0x8, 0x0, 0x80,

    /* U+04A3 "ң" */
    0x62, 0x4d, 0x93, 0xe4, 0x49, 0xa3, 0x2, 0x2,
    0x8,

    /* U+04A4 "Ҥ" */
    0x18, 0x7e, 0x20, 0x80, 0x43, 0x1, 0x86, 0x3,
    0xf8, 0x4, 0x10, 0x8, 0x60, 0x30, 0xc0, 0x61,
    0x0, 0xc6, 0x0,

    /* U+04A5 "ҥ" */
    0x63, 0xc9, 0x96, 0x41, 0xf0, 0x44, 0x13, 0x8,
    0xc0,

    /* U+04A6 "Ҧ" */
    0x1f, 0xe0, 0x61, 0x1, 0x4, 0x4, 0x3e, 0x30,
    0x8c, 0xc2, 0x12, 0x8, 0x48, 0x61, 0x61, 0x5,
    0x8e, 0x10, 0x0, 0xc0, 0x2, 0x0, 0x90, 0x1,
    0x80,

    /* U+04A7 "ҧ" */
    0x6e, 0xd, 0x86, 0x59, 0x9b, 0x44, 0xd3, 0x38,
    0xc8, 0x2, 0x1, 0x1, 0x80,

    /* U+04A8 "Ҩ" */
    0x7, 0xc3, 0x4c, 0xd9, 0xb2, 0x34, 0xc7, 0x98,
    0xb3, 0x36, 0x64, 0x45, 0x47, 0xf0,

    /* U+04A9 "ҩ" */
    0x1e, 0x2b, 0x5b, 0x52, 0xd2, 0x54, 0x7c,

    /* U+04AA "Ҫ" */
    0xf, 0x98, 0x58, 0x28, 0xc, 0x6, 0x3, 0x1,
    0x80, 0x43, 0x1e, 0x4, 0x2, 0x3, 0x0,

    /* U+04AB "ҫ" */
    0x1c, 0x94, 0x10, 0xc3, 0x7, 0x8, 0x21, 0x80,

    /* U+04AC "Ҭ" */
    0xff, 0x4c, 0x86, 0x2, 0x1, 0x1, 0x80, 0xc0,
    0x40, 0x20, 0x30, 0x4, 0x2, 0x0,

    /* U+04AD "ҭ" */
    0x6c, 0xc6, 0xa9, 0x99, 0x32, 0x64, 0xc8, 0x91,
    0x22, 0x30, 0x2, 0x0, 0x40, 0x0,

    /* U+04AE "Ү" */
    0x63, 0x62, 0x64, 0x28, 0x30, 0x30, 0x20, 0x20,
    0x60, 0x60,

    /* U+04AF "ү" */
    0xe1, 0x91, 0x9, 0x4, 0x82, 0x81, 0x80, 0x40,
    0x60, 0x20, 0x10, 0x0,

    /* U+04B0 "Ұ" */
    0x63, 0x11, 0x9, 0x6, 0x83, 0x87, 0xf0, 0xc0,
    0x60, 0x20, 0x38, 0x0,

    /* U+04B1 "ұ" */
    0xe1, 0x91, 0x9, 0x4, 0x82, 0x81, 0x80, 0x40,
    0x50, 0x20, 0x18, 0x0,

    /* U+04B2 "Ҳ" */
    0x38, 0xc4, 0x61, 0x90, 0x28, 0xc, 0x3, 0x1,
    0x40, 0x98, 0x42, 0x10, 0xc0, 0x18, 0x2, 0x0,
    0x0,

    /* U+04B3 "ҳ" */
    0x66, 0x70, 0x40, 0x83, 0xb, 0x23, 0x2, 0x4,
    0x10,

    /* U+04B4 "Ҵ" */
    0xff, 0x34, 0xc9, 0x86, 0x8, 0x20, 0x41, 0x6,
    0x18, 0x20, 0xc1, 0x4, 0x18, 0x20, 0xc3, 0x6,
    0x7, 0xc8, 0x0, 0x0,

    /* U+04B5 "ҵ" */
    0xfa, 0x44, 0x9b, 0x25, 0xca, 0x99, 0x81, 0x2,
    0x8,

    /* U+04B6 "Ҷ" */
    0x63, 0x21, 0x30, 0x98, 0xcc, 0x63, 0xe0, 0x10,
    0x18, 0xc, 0x6, 0x1, 0x0, 0x80, 0x0,

    /* U+04B7 "ҷ" */
    0xc5, 0x3c, 0xae, 0x48, 0x61, 0x82, 0x4, 0x20,

    /* U+04B8 "Ҹ" */
    0x63, 0x21, 0xb0, 0xda, 0x4d, 0x63, 0xf0, 0x90,
    0x48, 0xc, 0x6, 0x0,

    /* U+04B9 "ҹ" */
    0xc5, 0x3c, 0xe6, 0x69, 0x20, 0x80,

    /* U+04BA "Һ" */
    0x18, 0xc, 0x4, 0x6, 0x3, 0x71, 0xc8, 0x84,
    0xc2, 0x63, 0x31, 0x80,

    /* U+04BB "һ" */
    0x30, 0x20, 0x81, 0x2, 0x67, 0xd9, 0x32, 0x44,
    0x9b, 0x30,

    /* U+04BC "Ҽ" */
    0x0, 0xe0, 0x33, 0x6, 0x2c, 0xc6, 0xcc, 0x83,
    0xf0, 0x18, 0x1, 0x82, 0x18, 0xc0, 0xf0,

    /* U+04BD "ҽ" */
    0xe, 0x92, 0xb2, 0x6c, 0x30, 0x22, 0x3c,

    /* U+04BE "Ҿ" */
    0x0, 0xe0, 0x33, 0x6, 0x3c, 0xc6, 0xcc, 0xc3,
    0xf0, 0x18, 0x1, 0x82, 0x18, 0x40, 0xf8, 0x2,
    0x0, 0x40,

    /* U+04BF "ҿ" */
    0xe, 0x92, 0xb2, 0x6c, 0x30, 0x22, 0x1c, 0x10,
    0x10,

    /* U+04C0 "Ӏ" */
    0x18, 0x61, 0x4, 0x30, 0xc2, 0x8, 0x61, 0x80,

    /* U+04C1 "Ӂ" */
    0x0, 0x0, 0x3, 0x0, 0x3, 0x80, 0x0, 0x1,
    0x8c, 0x62, 0x99, 0x41, 0x24, 0x2, 0x50, 0x3,
    0xc0, 0x1a, 0x60, 0x64, 0xc1, 0x98, 0x86, 0x31,
    0x9c, 0x63, 0x0,

    /* U+04C2 "ӂ" */
    0x2, 0x0, 0x6, 0x0, 0x0, 0xe, 0x4e, 0x9,
    0x4c, 0x25, 0x0, 0xfc, 0x2, 0xb0, 0x92, 0xcb,
    0x89, 0xc0,

    /* U+04C3 "Ӄ" */
    0x18, 0xc4, 0x51, 0x20, 0xc8, 0x3c, 0x9, 0x82,
    0x21, 0x8c, 0x63, 0x18, 0xc0, 0x20, 0x18, 0x24,
    0x6, 0x0,

    /* U+04C4 "ӄ" */
    0x66, 0x51, 0xc2, 0xc4, 0x89, 0x22, 0x4, 0x10,
    0xc0,

    /* U+04C5 "Ӆ" */
    0x3, 0xf0, 0x22, 0x2, 0x60, 0x46, 0x4, 0x40,
    0x44, 0x8, 0xc0, 0x8c, 0x50, 0x86, 0x18, 0x0,
    0x40, 0x8,

    /* U+04C6 "ӆ" */
    0xe, 0x12, 0x12, 0x12, 0x22, 0x25, 0xc6, 0x4,
    0x8,

    /* U+04C7 "Ӈ" */
    0x18, 0x61, 0x4, 0x10, 0xc3, 0xc, 0x3f, 0x82,
    0x8, 0x21, 0x86, 0x18, 0x61, 0x6, 0x10, 0x3,
    0x0, 0x20, 0x26, 0x1, 0x80,

    /* U+04C8 "ӈ" */
    0x62, 0x4d, 0x93, 0xe4, 0x49, 0x22, 0x4, 0x10,
    0xc0,

    /* U+04C9 "Ӊ" */
    0x18, 0x61, 0x4, 0x10, 0xc3, 0xc, 0x3f, 0x82,
    0x8, 0x21, 0x86, 0x18, 0x61, 0x6, 0x30, 0x0,
    0x80, 0x10,

    /* U+04CA "ӊ" */
    0x62, 0x4d, 0x93, 0xe4, 0x49, 0xa3, 0x84, 0x10,

    /* U+04CB "Ӌ" */
    0x63, 0x21, 0x30, 0x98, 0xcc, 0x63, 0xe0, 0x10,
    0x18, 0xc, 0xe, 0x8, 0x4, 0x0, 0x0,

    /* U+04CC "ӌ" */
    0xc5, 0x3c, 0xae, 0x48, 0x61, 0x88, 0x20, 0x0,

    /* U+04CD "Ӎ" */
    0x18, 0x30, 0xc1, 0x8a, 0x1c, 0x51, 0x42, 0x92,
    0x14, 0xb1, 0x29, 0x9, 0x88, 0x4c, 0xc6, 0x46,
    0x0, 0x8, 0x0, 0x80,

    /* U+04CE "ӎ" */
    0x18, 0xc2, 0x20, 0x98, 0x6a, 0x2c, 0x8b, 0x5c,
    0x98, 0x4, 0x2, 0x0,

    /* U+04CF "ӏ" */
    0x18, 0x61, 0x4, 0x30, 0xc2, 0x8, 0x61, 0x80,

    /* U+04D0 "Ӑ" */
    0x0, 0x4, 0x81, 0x80, 0x0, 0x20, 0x30, 0x28,
    0x14, 0x12, 0x9, 0x87, 0xc4, 0x64, 0x16, 0x18,

    /* U+04D1 "ӑ" */
    0x12, 0x18, 0x0, 0xf2, 0x68, 0x91, 0x66, 0xd4,
    0xd8,

    /* U+04D2 "Ӓ" */
    0x9, 0x4, 0x80, 0x0, 0x0, 0x20, 0x30, 0x28,
    0x14, 0x12, 0x9, 0x87, 0xc4, 0x64, 0x16, 0x18,

    /* U+04D3 "ӓ" */
    0x12, 0x0, 0x0, 0xf2, 0x68, 0x91, 0x66, 0xd4,
    0xd8,

    /* U+04D4 "Ӕ" */
    0x1, 0xfc, 0xa, 0x10, 0x28, 0x1, 0x64, 0x9,
    0xf0, 0x3c, 0x3, 0x30, 0x8, 0xc0, 0x43, 0xb,
    0xf, 0xc0,

    /* U+04D5 "ӕ" */
    0x1b, 0x89, 0xa4, 0x49, 0x1c, 0xcc, 0x37, 0x26,
    0x70,

    /* U+04D6 "Ӗ" */
    0x0, 0x3, 0x0, 0x70, 0x0, 0x1f, 0x86, 0x1,
    0x0, 0x40, 0x3e, 0x8, 0x82, 0x0, 0x82, 0x61,
    0x1f, 0xc0,

    /* U+04D7 "ӗ" */
    0x10, 0x18, 0x0, 0xe2, 0x49, 0x14, 0x70, 0xc0,
    0xe0,

    /* U+04D8 "Ә" */
    0xf, 0x18, 0xd0, 0x60, 0x30, 0x38, 0xed, 0x8c,
    0x8c, 0xc4, 0x38, 0x0,

    /* U+04D9 "ә" */
    0x39, 0x10, 0x47, 0x6a, 0x66, 0x0,

    /* U+04DA "Ӛ" */
    0x0, 0x1, 0xb0, 0x0, 0x0, 0xf, 0xc, 0x64,
    0x18, 0x6, 0x3, 0x87, 0x66, 0x31, 0x18, 0xc4,
    0x1c, 0x0,

    /* U+04DB "ӛ" */
    0x36, 0x0, 0x1, 0xc4, 0x40, 0x87, 0x34, 0x98,
    0xc0,

    /* U+04DC "Ӝ" */
    0x0, 0x0, 0x3, 0x60, 0x0, 0x0, 0x0, 0x1,
    0x8c, 0x62, 0x99, 0x41, 0x24, 0x2, 0x50, 0x3,
    0xc0, 0x1a, 0x60, 0x64, 0xc1, 0x98, 0x86, 0x31,
    0x9c, 0x63, 0x0,

    /* U+04DD "ӝ" */
    0x2, 0x40, 0x9, 0x0, 0x0, 0xe, 0x4e, 0x9,
    0x4c, 0x25, 0x0, 0xfc, 0x2, 0xb0, 0x92, 0xcb,
    0x89, 0xc0,

    /* U+04DE "Ӟ" */
    0x0, 0x4, 0x80, 0x0, 0x3, 0xf1, 0x8, 0x6,
    0x6, 0xc, 0x3, 0x0, 0xc0, 0x68, 0x63, 0xe0,

    /* U+04DF "ӟ" */
    0x24, 0x90, 0x1e, 0x44, 0x21, 0x2, 0x9, 0xe0,

    /* U+04E0 "Ӡ" */
    0x1f, 0x91, 0x80, 0x80, 0x80, 0xe0, 0x10, 0x8,
    0xc, 0x84, 0x3c, 0x0,

    /* U+04E1 "ӡ" */
    0x3c, 0x8, 0x20, 0x80, 0xc0, 0x81, 0x2, 0x9,
    0xe0,

    /* U+04E2 "Ӣ" */
    0x7, 0xc0, 0x0, 0x0, 0xc, 0x31, 0x84, 0x21,
    0x8c, 0xf1, 0xa4, 0x24, 0x85, 0x31, 0xc6, 0x30,
    0x86, 0x30,

    /* U+04E3 "ӣ" */
    0x1e, 0x0, 0x3, 0x36, 0x48, 0x93, 0x26, 0x7a,
    0x98,

    /* U+04E4 "Ӥ" */
    0x0, 0x0, 0x90, 0x0, 0x0, 0x1, 0x86, 0x30,
    0x84, 0x31, 0x9e, 0x34, 0x84, 0x90, 0xa6, 0x38,
    0xc6, 0x10, 0xc6, 0x0,

    /* U+04E5 "ӥ" */
    0x12, 0x24, 0x3, 0x36, 0x48, 0x93, 0x26, 0x7a,
    0x98,

    /* U+04E6 "Ӧ" */
    0xd, 0x80, 0x0, 0x0, 0x0, 0xf1, 0x8d, 0x83,
    0x83, 0xc1, 0xc0, 0xe0, 0x50, 0x68, 0x63, 0xc0,

    /* U+04E7 "ӧ" */
    0x1b, 0x0, 0x0, 0x1c, 0x22, 0x42, 0x46, 0xc4,
    0xc4, 0x78,

    /* U+04E8 "Ө" */
    0xf, 0x18, 0xd8, 0x38, 0x1f, 0xfc, 0xe, 0x5,
    0x6, 0x86, 0x3c, 0x0,

    /* U+04E9 "ө" */
    0x1c, 0x45, 0xb, 0xfc, 0x58, 0x9e, 0x0,

    /* U+04EA "Ӫ" */
    0xd, 0x80, 0x0, 0x0, 0x0, 0xf1, 0x8d, 0x83,
    0x81, 0xff, 0xc0, 0xe0, 0x50, 0x68, 0x63, 0xc0,

    /* U+04EB "ӫ" */
    0x1b, 0x0, 0x0, 0x1c, 0x22, 0x42, 0x7e, 0xc4,
    0xc4, 0x78,

    /* U+04EC "Ӭ" */
    0x9, 0x4, 0x80, 0x0, 0x3, 0xf1, 0xc, 0x6,
    0x73, 0x7, 0x80, 0xc0, 0x60, 0x68, 0x63, 0xe0,

    /* U+04ED "ӭ" */
    0x24, 0x90, 0x1e, 0x4, 0x91, 0xc3, 0x89, 0xc0,

    /* U+04EE "Ӯ" */
    0x1f, 0x0, 0x0, 0x3, 0x86, 0x61, 0x8, 0x42,
    0x20, 0xd0, 0x14, 0x6, 0x1, 0x3, 0x40, 0xe0,
    0x0,

    /* U+04EF "ӯ" */
    0x1e, 0x0, 0x3, 0x36, 0x48, 0x93, 0x26, 0x78,
    0xd0, 0x24, 0x8e, 0x0,

    /* U+04F0 "Ӱ" */
    0x1b, 0x0, 0x0, 0x0, 0x0, 0xe1, 0x98, 0x42,
    0x10, 0x88, 0x34, 0x5, 0x1, 0x80, 0x40, 0xd0,
    0x38, 0x0,

    /* U+04F1 "ӱ" */
    0x12, 0x24, 0x3, 0x36, 0x48, 0x93, 0x26, 0x78,
    0xd0, 0x24, 0x8e, 0x0,

    /* U+04F2 "Ӳ" */
    0x9, 0x2, 0x81, 0x40, 0x0, 0xe1, 0x98, 0x42,
    0x10, 0x88, 0x34, 0x5, 0x1, 0x80, 0x40, 0xd0,
    0x38, 0x0,

    /* U+04F3 "ӳ" */
    0xa, 0x28, 0x3, 0x36, 0x48, 0x93, 0x26, 0x78,
    0xd0, 0x24, 0x8e, 0x0,

    /* U+04F4 "Ӵ" */
    0x0, 0x9, 0x0, 0x0, 0x6, 0x32, 0x13, 0x9,
    0x8c, 0xc6, 0x3e, 0x1, 0x1, 0x80, 0xc0, 0xe0,

    /* U+04F5 "ӵ" */
    0x1, 0xb0, 0x33, 0xca, 0x6a, 0xb2, 0x14, 0x60,

    /* U+04F6 "Ӷ" */
    0x1f, 0xc6, 0x21, 0x80, 0x40, 0x30, 0xc, 0x2,
    0x0, 0x80, 0x60, 0x18, 0x1, 0x0, 0x40, 0x0,
    0x0,

    /* U+04F7 "ӷ" */
    0x3c, 0x41, 0x82, 0x4, 0x8, 0x20, 0x40, 0x81,
    0x0,

    /* U+04F8 "Ӹ" */
    0x0, 0x0, 0xd, 0x80, 0x0, 0x0, 0x0, 0x18,
    0x18, 0x60, 0x61, 0x1, 0x8c, 0x4, 0x3e, 0x30,
    0x8c, 0xc2, 0x12, 0x18, 0xc8, 0x62, 0x61, 0xf1,
    0x80,

    /* U+04F9 "ӹ" */
    0x12, 0x0, 0x0, 0x18, 0x24, 0x15, 0xcb, 0x25,
    0x14, 0x8a, 0xf9, 0x80,

    /* U+0510 "Ԑ" */
    0x1f, 0x31, 0x21, 0x20, 0x1c, 0x60, 0xc0, 0xc0,
    0xc4, 0x78,

    /* U+0511 "ԑ" */
    0x7d, 0x13, 0x30, 0x82, 0xf, 0x0,

    /* U+0512 "Ԓ" */
    0x3, 0xf0, 0x22, 0x2, 0x60, 0x46, 0x4, 0x40,
    0x44, 0x8, 0xc0, 0x8c, 0x50, 0x86, 0x18, 0x1,
    0x80, 0x10, 0x12, 0x0, 0xc0,

    /* U+0513 "ԓ" */
    0xe, 0x24, 0x48, 0x92, 0x64, 0xb1, 0x2, 0x8,
    0xe0,

    /* U+051A "Ԛ" */
    0xf, 0x18, 0xd8, 0x38, 0x3c, 0x1c, 0xe, 0x5,
    0x6, 0x86, 0x3c, 0x10, 0xe, 0x2b, 0xe0,

    /* U+051B "ԛ" */
    0x1e, 0x45, 0x1a, 0x2c, 0xda, 0x9a, 0x4, 0x8,
    0x30,

    /* U+051C "Ԝ" */
    0x66, 0x34, 0x22, 0x66, 0x26, 0x64, 0x6a, 0x46,
    0xa8, 0x32, 0x83, 0x30, 0x23, 0x2, 0x20,

    /* U+051D "ԝ" */
    0xc8, 0xa6, 0x55, 0x4c, 0xa6, 0x62, 0x21, 0x10,

    /* U+051E "Ԟ" */
    0x18, 0xc4, 0xd1, 0x20, 0xcc, 0x3c, 0x9, 0x82,
    0x61, 0x88, 0x63, 0x18, 0xc0,

    /* U+051F "ԟ" */
    0x66, 0x51, 0xa3, 0x85, 0x89, 0x23, 0x0
};


/*---------------------
 *  GLYPH DESCRIPTION
 *--------------------*/

static const lv_font_fmt_txt_glyph_dsc_t glyph_dsc[] = {
    {.bitmap_index = 0, .adv_w = 0, .box_w = 0, .box_h = 0, .ofs_x = 0, .ofs_y = 0} /* id = 0 reserved */,
    {.bitmap_index = 0, .adv_w = 60, .box_w = 1, .box_h = 1, .ofs_x = 0, .ofs_y = 0},
    {.bitmap_index = 1, .adv_w = 80, .box_w = 4, .box_h = 10, .ofs_x = 1, .ofs_y = 0},
    {.bitmap_index = 6, .adv_w = 80, .box_w = 4, .box_h = 4, .ofs_x = 2, .ofs_y = 6},
    {.bitmap_index = 8, .adv_w = 120, .box_w = 8, .box_h = 11, .ofs_x = 0, .ofs_y = 0},
    {.bitmap_index = 19, .adv_w = 120, .box_w = 7, .box_h = 14, .ofs_x = 0, .ofs_y = -2},
    {.bitmap_index = 32, .adv_w = 200, .box_w = 11, .box_h = 11, .ofs_x = 1, .ofs_y = 0},
    {.bitmap_index = 48, .adv_w = 187, .box_w = 10, .box_h = 10, .ofs_x = 1, .ofs_y = 0},
    {.bitmap_index = 61, .adv_w = 48, .box_w = 2, .box_h = 4, .ofs_x = 2, .ofs_y = 6},
    {.bitmap_index = 62, .adv_w = 80, .box_w = 4, .box_h = 14, .ofs_x = 1, .ofs_y = -3},
    {.bitmap_index = 69, .adv_w = 80, .box_w = 4, .box_h = 14, .ofs_x = 0, .ofs_y = -3},
    {.bitmap_index = 76, .adv_w = 120, .box_w = 5, .box_h = 7, .ofs_x = 2, .ofs_y = 3},
    {.bitmap_index = 81, .adv_w = 162, .box_w = 8, .box_h = 8, .ofs_x = 1, .ofs_y = 0},
    {.bitmap_index = 89, .adv_w = 60, .box_w = 2, .box_h = 4, .ofs_x = 0, .ofs_y = -2},
    {.bitmap_index = 90, .adv_w = 80, .box_w = 3, .box_h = 1, .ofs_x = 1, .ofs_y = 3},
    {.bitmap_index = 91, .adv_w = 60, .box_w = 2, .box_h = 2, .ofs_x = 0, .ofs_y = 0},
    {.bitmap_index = 92, .adv_w = 71, .box_w = 7, .box_h = 11, .ofs_x = 0, .ofs_y = 0},
    {.bitmap_index = 102, .adv_w = 120, .box_w = 7, .box_h = 11, .ofs_x = 0, .ofs_y = 0},
    {.bitmap_index = 112, .adv_w = 120, .box_w = 5, .box_h = 11, .ofs_x = 1, .ofs_y = 0},
    {.bitmap_index = 119, .adv_w = 120, .box_w = 7, .box_h = 11, .ofs_x = 0, .ofs_y = 0},
    {.bitmap_index = 129, .adv_w = 120, .box_w = 7, .box_h = 11, .ofs_x = 0, .ofs_y = 0},
    {.bitmap_index = 139, .adv_w = 120, .box_w = 7, .box_h = 11, .ofs_x = 0, .ofs_y = 0},
    {.bitmap_index = 149, .adv_w = 120, .box_w = 7, .box_h = 11, .ofs_x = 0, .ofs_y = 0},
    {.bitmap_index = 159, .adv_w = 120, .box_w = 8, .box_h = 11, .ofs_x = 0, .ofs_y = 0},
    {.bitmap_index = 170, .adv_w = 120, .box_w = 7, .box_h = 11, .ofs_x = 1, .ofs_y = 0},
    {.bitmap_index = 180, .adv_w = 120, .box_w = 7, .box_h = 11, .ofs_x = 0, .ofs_y = 0},
    {.bitmap_index = 190, .adv_w = 120, .box_w = 7, .box_h = 11, .ofs_x = 0, .ofs_y = 0},
    {.bitmap_index = 200, .adv_w = 60, .box_w = 3, .box_h = 7, .ofs_x = 1, .ofs_y = 0},
    {.bitmap_index = 203, .adv_w = 60, .box_w = 4, .box_h = 9, .ofs_x = 0, .ofs_y = -2},
    {.bitmap_index = 208, .adv_w = 137, .box_w = 7, .box_h = 8, .ofs_x = 1, .ofs_y = 0},
    {.bitmap_index = 215, .adv_w = 159, .box_w = 8, .box_h = 4, .ofs_x = 1, .ofs_y = 2},
    {.bitmap_index = 219, .adv_w = 137, .box_w = 8, .box_h = 8, .ofs_x = 1, .ofs_y = 0},
    {.bitmap_index = 227, .adv_w = 107, .box_w = 5, .box_h = 10, .ofs_x = 2, .ofs_y = 0},
    {.bitmap_index = 234, .adv_w = 187, .box_w = 10, .box_h = 10, .ofs_x = 1, .ofs_y = 0},
    {.bitmap_index = 247, .adv_w = 156, .box_w = 9, .box_h = 11, .ofs_x = 0, .ofs_y = 0},
    {.bitmap_index = 260, .adv_w = 142, .box_w = 9, .box_h = 10, .ofs_x = 0, .ofs_y = 0},
    {.bitmap_index = 272, .adv_w = 147, .box_w = 9, .box_h = 10, .ofs_x = 1, .ofs_y = 0},
    {.bitmap_index = 284, .adv_w = 168, .box_w = 11, .box_h = 10, .ofs_x = 0, .ofs_y = 0},
    {.bitmap_index = 298, .adv_w = 138, .box_w = 10, .box_h = 10, .ofs_x = 0, .ofs_y = 0},
    {.bitmap_index = 311, .adv_w = 138, .box_w = 10, .box_h = 10, .ofs_x = 0, .ofs_y = 0},
    {.bitmap_index = 324, .adv_w = 166, .box_w = 10, .box_h = 10, .ofs_x = 1, .ofs_y = 0},
    {.bitmap_index = 337, .adv_w = 169, .box_w = 12, .box_h = 10, .ofs_x = 0, .ofs_y = 0},
    {.bitmap_index = 352, .adv_w = 77, .box_w = 6, .box_h = 10, .ofs_x = 0, .ofs_y = 0},
    {.bitmap_index = 360, .adv_w = 102, .box_w = 7, .box_h = 10, .ofs_x = 0, .ofs_y = 0},
    {.bitmap_index = 369, .adv_w = 154, .box_w = 11, .box_h = 10, .ofs_x = 0, .ofs_y = 0},
    {.bitmap_index = 383, .adv_w = 136, .box_w = 9, .box_h = 10, .ofs_x = 0, .ofs_y = 0},
    {.bitmap_index = 395, .adv_w = 197, .box_w = 13, .box_h = 10, .ofs_x = 0, .ofs_y = 0},
    {.bitmap_index = 412, .adv_w = 162, .box_w = 11, .box_h = 10, .ofs_x = 0, .ofs_y = 0},
    {.bitmap_index = 426, .adv_w = 157, .box_w = 9, .box_h = 10, .ofs_x = 1, .ofs_y = 0},
    {.bitmap_index = 438, .adv_w = 136, .box_w = 9, .box_h = 10, .ofs_x = 0, .ofs_y = 0},
    {.bitmap_index = 450, .adv_w = 157, .box_w = 9, .box_h = 13, .ofs_x = 1, .ofs_y = -3},
    {.bitmap_index = 465, .adv_w = 148, .box_w = 9, .box_h = 10, .ofs_x = 0, .ofs_y = 0},
    {.bitmap_index = 477, .adv_w = 109, .box_w = 7, .box_h = 10, .ofs_x = 0, .ofs_y = 0},
    {.bitmap_index = 486, .adv_w = 141, .box_w = 9, .box_h = 10, .ofs_x = 1, .ofs_y = 0},
    {.bitmap_index = 498, .adv_w = 169, .box_w = 10, .box_h = 10, .ofs_x = 2, .ofs_y = 0},
    {.bitmap_index = 511, .adv_w = 159, .box_w = 9, .box_h = 10, .ofs_x = 2, .ofs_y = 0},
    {.bitmap_index = 523, .adv_w = 213, .box_w = 12, .box_h = 10, .ofs_x = 2, .ofs_y = 0},
    {.bitmap_index = 538, .adv_w = 160, .box_w = 10, .box_h = 10, .ofs_x = 0, .ofs_y = 0},
    {.bitmap_index = 551, .adv_w = 142, .box_w = 8, .box_h = 10, .ofs_x = 2, .ofs_y = 0},
    {.bitmap_index = 561, .adv_w = 135, .box_w = 9, .box_h = 10, .ofs_x = 0, .ofs_y = 0},
    {.bitmap_index = 573, .adv_w = 93, .box_w = 6, .box_h = 13, .ofs_x = 0, .ofs_y = -2},
    {.bitmap_index = 583, .adv_w = 118, .box_w = 5, .box_h = 11, .ofs_x = 2, .ofs_y = 0},
    {.bitmap_index = 590, .adv_w = 93, .box_w = 6, .box_h = 13, .ofs_x = 0, .ofs_y = -2},
    {.bitmap_index = 600, .adv_w = 101, .box_w = 6, .box_h = 6, .ofs_x = 0, .ofs_y = 5},
    {.bitmap_index = 605, .adv_w = 120, .box_w = 8, .box_h = 1, .ofs_x = 0, .ofs_y = -2},
    {.bitmap_index = 606, .adv_w = 60, .box_w = 2, .box_h = 3, .ofs_x = 2, .ofs_y = 8},
    {.bitmap_index = 607, .adv_w = 120, .box_w = 7, .box_h = 7, .ofs_x = 0, .ofs_y = 0},
    {.bitmap_index = 614, .adv_w = 114, .box_w = 7, .box_h = 11, .ofs_x = 0, .ofs_y = 0},
    {.bitmap_index = 624, .adv_w = 97, .box_w = 6, .box_h = 7, .ofs_x = 0, .ofs_y = 0},
    {.bitmap_index = 630, .adv_w = 120, .box_w = 8, .box_h = 11, .ofs_x = 0, .ofs_y = 0},
    {.bitmap_index = 641, .adv_w = 97, .box_w = 6, .box_h = 7, .ofs_x = 0, .ofs_y = 0},
    {.bitmap_index = 647, .adv_w = 102, .box_w = 8, .box_h = 14, .ofs_x = -1, .ofs_y = -3},
    {.bitmap_index = 661, .adv_w = 106, .box_w = 7, .box_h = 10, .ofs_x = 0, .ofs_y = -3},
    {.bitmap_index = 670, .adv_w = 120, .box_w = 7, .box_h = 11, .ofs_x = 0, .ofs_y = 0},
    {.bitmap_index = 680, .adv_w = 59, .box_w = 3, .box_h = 10, .ofs_x = 1, .ofs_y = 0},
    {.bitmap_index = 684, .adv_w = 68, .box_w = 6, .box_h = 13, .ofs_x = -1, .ofs_y = -3},
    {.bitmap_index = 694, .adv_w = 109, .box_w = 7, .box_h = 11, .ofs_x = 0, .ofs_y = 0},
    {.bitmap_index = 704, .adv_w = 60, .box_w = 4, .box_h = 11, .ofs_x = 0, .ofs_y = 0},
    {.bitmap_index = 710, .adv_w = 174, .box_w = 11, .box_h = 7, .ofs_x = 0, .ofs_y = 0},
    {.bitmap_index = 720, .adv_w = 118, .box_w = 7, .box_h = 7, .ofs_x = 0, .ofs_y = 0},
    {.bitmap_index = 727, .adv_w = 114, .box_w = 7, .box_h = 7, .ofs_x = 0, .ofs_y = 0},
    {.bitmap_index = 734, .adv_w = 113, .box_w = 8, .box_h = 10, .ofs_x = -1, .ofs_y = -3},
    {.bitmap_index = 744, .adv_w = 116, .box_w = 7, .box_h = 10, .ofs_x = 0, .ofs_y = -3},
    {.bitmap_index = 753, .adv_w = 88, .box_w = 6, .box_h = 7, .ofs_x = 0, .ofs_y = 0},
    {.bitmap_index = 759, .adv_w = 83, .box_w = 5, .box_h = 7, .ofs_x = 0, .ofs_y = 0},
    {.bitmap_index = 764, .adv_w = 57, .box_w = 4, .box_h = 9, .ofs_x = 0, .ofs_y = 0},
    {.bitmap_index = 769, .adv_w = 116, .box_w = 7, .box_h = 7, .ofs_x = 0, .ofs_y = 0},
    {.bitmap_index = 776, .adv_w = 109, .box_w = 6, .box_h = 7, .ofs_x = 1, .ofs_y = 0},
    {.bitmap_index = 782, .adv_w = 164, .box_w = 9, .box_h = 7, .ofs_x = 1, .ofs_y = 0},
    {.bitmap_index = 790, .adv_w = 104, .box_w = 7, .box_h = 7, .ofs_x = 0, .ofs_y = 0},
    {.bitmap_index = 797, .adv_w = 111, .box_w = 7, .box_h = 10, .ofs_x = 0, .ofs_y = -3},
    {.bitmap_index = 806, .adv_w = 93, .box_w = 6, .box_h = 9, .ofs_x = 0, .ofs_y = -2},
    {.bitmap_index = 813, .adv_w = 96, .box_w = 5, .box_h = 14, .ofs_x = 1, .ofs_y = -3},
    {.bitmap_index = 822, .adv_w = 66, .box_w = 1, .box_h = 11, .ofs_x = 2, .ofs_y = 0},
    {.bitmap_index = 824, .adv_w = 96, .box_w = 5, .box_h = 14, .ofs_x = 0, .ofs_y = -3},
    {.bitmap_index = 833, .adv_w = 130, .box_w = 7, .box_h = 2, .ofs_x = 1, .ofs_y = 3},
    {.bitmap_index = 835, .adv_w = 60, .box_w = 1, .box_h = 1, .ofs_x = 0, .ofs_y = 0},
    {.bitmap_index = 836, .adv_w = 80, .box_w = 4, .box_h = 11, .ofs_x = 1, .ofs_y = -3},
    {.bitmap_index = 842, .adv_w = 120, .box_w = 6, .box_h = 11, .ofs_x = 1, .ofs_y = -2},
    {.bitmap_index = 851, .adv_w = 120, .box_w = 8, .box_h = 11, .ofs_x = 0, .ofs_y = 0},
    {.bitmap_index = 862, .adv_w = 120, .box_w = 8, .box_h = 9, .ofs_x = 0, .ofs_y = 1},
    {.bitmap_index = 871, .adv_w = 120, .box_w = 9, .box_h = 10, .ofs_x = 0, .ofs_y = 0},
    {.bitmap_index = 883, .adv_w = 66, .box_w = 1, .box_h = 11, .ofs_x = 2, .ofs_y = 0},
    {.bitmap_index = 885, .adv_w = 120, .box_w = 6, .box_h = 13, .ofs_x = 1, .ofs_y = -3},
    {.bitmap_index = 895, .adv_w = 80, .box_w = 4, .box_h = 2, .ofs_x = 2, .ofs_y = 8},
    {.bitmap_index = 896, .adv_w = 182, .box_w = 10, .box_h = 12, .ofs_x = 1, .ofs_y = 0},
    {.bitmap_index = 911, .adv_w = 66, .box_w = 4, .box_h = 6, .ofs_x = 1, .ofs_y = 4},
    {.bitmap_index = 914, .adv_w = 107, .box_w = 6, .box_h = 6, .ofs_x = 1, .ofs_y = 0},
    {.bitmap_index = 919, .adv_w = 162, .box_w = 8, .box_h = 5, .ofs_x = 1, .ofs_y = 1},
    {.bitmap_index = 924, .adv_w = 80, .box_w = 3, .box_h = 1, .ofs_x = 1, .ofs_y = 3},
    {.bitmap_index = 925, .adv_w = 182, .box_w = 10, .box_h = 12, .ofs_x = 1, .ofs_y = 0},
    {.bitmap_index = 940, .adv_w = 80, .box_w = 5, .box_h = 1, .ofs_x = 1, .ofs_y = 8},
    {.bitmap_index = 941, .adv_w = 96, .box_w = 4, .box_h = 5, .ofs_x = 2, .ofs_y = 6},
    {.bitmap_index = 944, .adv_w = 162, .box_w = 8, .box_h = 9, .ofs_x = 1, .ofs_y = 0},
    {.bitmap_index = 953, .adv_w = 72, .box_w = 4, .box_h = 6, .ofs_x = 2, .ofs_y = 6},
    {.bitmap_index = 956, .adv_w = 72, .box_w = 5, .box_h = 6, .ofs_x = 2, .ofs_y = 6},
    {.bitmap_index = 960, .adv_w = 60, .box_w = 3, .box_h = 3, .ofs_x = 2, .ofs_y = 8},
    {.bitmap_index = 962, .adv_w = 120, .box_w = 7, .box_h = 10, .ofs_x = 0, .ofs_y = -3},
    {.bitmap_index = 971, .adv_w = 126, .box_w = 8, .box_h = 12, .ofs_x = 1, .ofs_y = -2},
    {.bitmap_index = 983, .adv_w = 60, .box_w = 2, .box_h = 2, .ofs_x = 2, .ofs_y = 3},
    {.bitmap_index = 984, .adv_w = 60, .box_w = 3, .box_h = 4, .ofs_x = 0, .ofs_y = -4},
    {.bitmap_index = 986, .adv_w = 60, .box_w = 4, .box_h = 6, .ofs_x = 2, .ofs_y = 6},
    {.bitmap_index = 989, .adv_w = 74, .box_w = 4, .box_h = 6, .ofs_x = 1, .ofs_y = 4},
    {.bitmap_index = 992, .adv_w = 107, .box_w = 6, .box_h = 6, .ofs_x = 0, .ofs_y = 1},
    {.bitmap_index = 997, .adv_w = 180, .box_w = 11, .box_h = 11, .ofs_x = 1, .ofs_y = -1},
    {.bitmap_index = 1013, .adv_w = 178, .box_w = 11, .box_h = 11, .ofs_x = 1, .ofs_y = 0},
    {.bitmap_index = 1029, .adv_w = 180, .box_w = 11, .box_h = 11, .ofs_x = 1, .ofs_y = -1},
    {.bitmap_index = 1045, .adv_w = 120, .box_w = 6, .box_h = 11, .ofs_x = 0, .ofs_y = -3},
    {.bitmap_index = 1054, .adv_w = 156, .box_w = 9, .box_h = 14, .ofs_x = 0, .ofs_y = 0},
    {.bitmap_index = 1070, .adv_w = 156, .box_w = 9, .box_h = 14, .ofs_x = 0, .ofs_y = 0},
    {.bitmap_index = 1086, .adv_w = 156, .box_w = 9, .box_h = 14, .ofs_x = 0, .ofs_y = 0},
    {.bitmap_index = 1102, .adv_w = 156, .box_w = 9, .box_h = 13, .ofs_x = 0, .ofs_y = 0},
    {.bitmap_index = 1117, .adv_w = 156, .box_w = 9, .box_h = 13, .ofs_x = 0, .ofs_y = 0},
    {.bitmap_index = 1132, .adv_w = 156, .box_w = 9, .box_h = 15, .ofs_x = 0, .ofs_y = 0},
    {.bitmap_index = 1149, .adv_w = 210, .box_w = 14, .box_h = 10, .ofs_x = 0, .ofs_y = 0},
    {.bitmap_index = 1167, .adv_w = 147, .box_w = 9, .box_h = 13, .ofs_x = 1, .ofs_y = -3},
    {.bitmap_index = 1182, .adv_w = 147, .box_w = 10, .box_h = 14, .ofs_x = 0, .ofs_y = 0},
    {.bitmap_index = 1200, .adv_w = 147, .box_w = 10, .box_h = 14, .ofs_x = 0, .ofs_y = 0},
    {.bitmap_index = 1218, .adv_w = 147, .box_w = 10, .box_h = 14, .ofs_x = 0, .ofs_y = 0},
    {.bitmap_index = 1236, .adv_w = 147, .box_w = 10, .box_h = 13, .ofs_x = 0, .ofs_y = 0},
    {.bitmap_index = 1253, .adv_w = 77, .box_w = 6, .box_h = 14, .ofs_x = 0, .ofs_y = 0},
    {.bitmap_index = 1264, .adv_w = 77, .box_w = 6, .box_h = 14, .ofs_x = 0, .ofs_y = 0},
    {.bitmap_index = 1275, .adv_w = 77, .box_w = 7, .box_h = 14, .ofs_x = 0, .ofs_y = 0},
    {.bitmap_index = 1288, .adv_w = 77, .box_w = 7, .box_h = 13, .ofs_x = 0, .ofs_y = 0},
    {.bitmap_index = 1300, .adv_w = 168, .box_w = 11, .box_h = 10, .ofs_x = 0, .ofs_y = 0},
    {.bitmap_index = 1314, .adv_w = 162, .box_w = 11, .box_h = 14, .ofs_x = 0, .ofs_y = 0},
    {.bitmap_index = 1334, .adv_w = 157, .box_w = 9, .box_h = 14, .ofs_x = 1, .ofs_y = 0},
    {.bitmap_index = 1350, .adv_w = 157, .box_w = 9, .box_h = 14, .ofs_x = 1, .ofs_y = 0},
    {.bitmap_index = 1366, .adv_w = 157, .box_w = 9, .box_h = 14, .ofs_x = 1, .ofs_y = 0},
    {.bitmap_index = 1382, .adv_w = 157, .box_w = 9, .box_h = 13, .ofs_x = 1, .ofs_y = 0},
    {.bitmap_index = 1397, .adv_w = 157, .box_w = 9, .box_h = 13, .ofs_x = 1, .ofs_y = 0},
    {.bitmap_index = 1412, .adv_w = 162, .box_w = 8, .box_h = 8, .ofs_x = 1, .ofs_y = 0},
    {.bitmap_index = 1420, .adv_w = 158, .box_w = 9, .box_h = 14, .ofs_x = 1, .ofs_y = -2},
    {.bitmap_index = 1436, .adv_w = 169, .box_w = 10, .box_h = 14, .ofs_x = 2, .ofs_y = 0},
    {.bitmap_index = 1454, .adv_w = 169, .box_w = 10, .box_h = 14, .ofs_x = 2, .ofs_y = 0},
    {.bitmap_index = 1472, .adv_w = 169, .box_w = 10, .box_h = 14, .ofs_x = 2, .ofs_y = 0},
    {.bitmap_index = 1490, .adv_w = 169, .box_w = 10, .box_h = 13, .ofs_x = 2, .ofs_y = 0},
    {.bitmap_index = 1507, .adv_w = 142, .box_w = 8, .box_h = 14, .ofs_x = 2, .ofs_y = 0},
    {.bitmap_index = 1521, .adv_w = 129, .box_w = 8, .box_h = 10, .ofs_x = 0, .ofs_y = 0},
    {.bitmap_index = 1531, .adv_w = 137, .box_w = 10, .box_h = 14, .ofs_x = -1, .ofs_y = -3},
    {.bitmap_index = 1549, .adv_w = 120, .box_w = 7, .box_h = 10, .ofs_x = 0, .ofs_y = 0},
    {.bitmap_index = 1558, .adv_w = 120, .box_w = 7, .box_h = 10, .ofs_x = 0, .ofs_y = 0},
    {.bitmap_index = 1567, .adv_w = 120, .box_w = 7, .box_h = 11, .ofs_x = 0, .ofs_y = 0},
    {.bitmap_index = 1577, .adv_w = 120, .box_w = 8, .box_h = 10, .ofs_x = 0, .ofs_y = 0},
    {.bitmap_index = 1587, .adv_w = 120, .box_w = 7, .box_h = 10, .ofs_x = 0, .ofs_y = 0},
    {.bitmap_index = 1596, .adv_w = 120, .box_w = 7, .box_h = 12, .ofs_x = 0, .ofs_y = 0},
    {.bitmap_index = 1607, .adv_w = 152, .box_w = 10, .box_h = 7, .ofs_x = 0, .ofs_y = 0},
    {.bitmap_index = 1616, .adv_w = 97, .box_w = 6, .box_h = 10, .ofs_x = 0, .ofs_y = -3},
    {.bitmap_index = 1624, .adv_w = 97, .box_w = 6, .box_h = 10, .ofs_x = 0, .ofs_y = 0},
    {.bitmap_index = 1632, .adv_w = 97, .box_w = 7, .box_h = 10, .ofs_x = 0, .ofs_y = 0},
    {.bitmap_index = 1641, .adv_w = 97, .box_w = 7, .box_h = 11, .ofs_x = 0, .ofs_y = 0},
    {.bitmap_index = 1651, .adv_w = 97, .box_w = 7, .box_h = 10, .ofs_x = 0, .ofs_y = 0},
    {.bitmap_index = 1660, .adv_w = 67, .box_w = 3, .box_h = 10, .ofs_x = 1, .ofs_y = 0},
    {.bitmap_index = 1664, .adv_w = 67, .box_w = 4, .box_h = 10, .ofs_x = 1, .ofs_y = 0},
    {.bitmap_index = 1669, .adv_w = 67, .box_w = 4, .box_h = 11, .ofs_x = 1, .ofs_y = 0},
    {.bitmap_index = 1675, .adv_w = 67, .box_w = 4, .box_h = 10, .ofs_x = 1, .ofs_y = 0},
    {.bitmap_index = 1680, .adv_w = 109, .box_w = 7, .box_h = 11, .ofs_x = 0, .ofs_y = 0},
    {.bitmap_index = 1690, .adv_w = 118, .box_w = 8, .box_h = 10, .ofs_x = 0, .ofs_y = 0},
    {.bitmap_index = 1700, .adv_w = 114, .box_w = 7, .box_h = 10, .ofs_x = 0, .ofs_y = 0},
    {.bitmap_index = 1709, .adv_w = 114, .box_w = 7, .box_h = 10, .ofs_x = 0, .ofs_y = 0},
    {.bitmap_index = 1718, .adv_w = 114, .box_w = 7, .box_h = 11, .ofs_x = 0, .ofs_y = 0},
    {.bitmap_index = 1728, .adv_w = 114, .box_w = 8, .box_h = 10, .ofs_x = 0, .ofs_y = 0},
    {.bitmap_index = 1738, .adv_w = 114, .box_w = 7, .box_h = 10, .ofs_x = 0, .ofs_y = 0},
    {.bitmap_index = 1747, .adv_w = 162, .box_w = 8, .box_h = 9, .ofs_x = 1, .ofs_y = 0},
    {.bitmap_index = 1756, .adv_w = 114, .box_w = 7, .box_h = 11, .ofs_x = 0, .ofs_y = -2},
    {.bitmap_index = 1766, .adv_w = 116, .box_w = 7, .box_h = 10, .ofs_x = 0, .ofs_y = 0},
    {.bitmap_index = 1775, .adv_w = 116, .box_w = 7, .box_h = 10, .ofs_x = 0, .ofs_y = 0},
    {.bitmap_index = 1784, .adv_w = 116, .box_w = 7, .box_h = 11, .ofs_x = 0, .ofs_y = 0},
    {.bitmap_index = 1794, .adv_w = 116, .box_w = 7, .box_h = 10, .ofs_x = 0, .ofs_y = 0},
    {.bitmap_index = 1803, .adv_w = 111, .box_w = 7, .box_h = 13, .ofs_x = 0, .ofs_y = -3},
    {.bitmap_index = 1815, .adv_w = 113, .box_w = 8, .box_h = 14, .ofs_x = -1, .ofs_y = -3},
    {.bitmap_index = 1829, .adv_w = 111, .box_w = 7, .box_h = 13, .ofs_x = 0, .ofs_y = -3},
    {.bitmap_index = 1841, .adv_w = 156, .box_w = 9, .box_h = 13, .ofs_x = 0, .ofs_y = 0},
    {.bitmap_index = 1856, .adv_w = 120, .box_w = 7, .box_h = 10, .ofs_x = 0, .ofs_y = 0},
    {.bitmap_index = 1865, .adv_w = 156, .box_w = 9, .box_h = 14, .ofs_x = 0, .ofs_y = 0},
    {.bitmap_index = 1881, .adv_w = 120, .box_w = 7, .box_h = 11, .ofs_x = 0, .ofs_y = 0},
    {.bitmap_index = 1891, .adv_w = 147, .box_w = 12, .box_h = 14, .ofs_x = -1, .ofs_y = -3},
    {.bitmap_index = 1912, .adv_w = 120, .box_w = 8, .box_h = 10, .ofs_x = 0, .ofs_y = -3},
    {.bitmap_index = 1922, .adv_w = 147, .box_w = 9, .box_h = 14, .ofs_x = 1, .ofs_y = 0},
    {.bitmap_index = 1938, .adv_w = 97, .box_w = 7, .box_h = 10, .ofs_x = 0, .ofs_y = 0},
    {.bitmap_index = 1947, .adv_w = 147, .box_w = 9, .box_h = 14, .ofs_x = 1, .ofs_y = 0},
    {.bitmap_index = 1963, .adv_w = 97, .box_w = 7, .box_h = 11, .ofs_x = 0, .ofs_y = 0},
    {.bitmap_index = 1973, .adv_w = 147, .box_w = 9, .box_h = 14, .ofs_x = 1, .ofs_y = 0},
    {.bitmap_index = 1989, .adv_w = 97, .box_w = 6, .box_h = 10, .ofs_x = 0, .ofs_y = 0},
    {.bitmap_index = 1997, .adv_w = 147, .box_w = 9, .box_h = 15, .ofs_x = 1, .ofs_y = 0},
    {.bitmap_index = 2014, .adv_w = 97, .box_w = 8, .box_h = 11, .ofs_x = 0, .ofs_y = 0},
    {.bitmap_index = 2025, .adv_w = 168, .box_w = 11, .box_h = 14, .ofs_x = 0, .ofs_y = 0},
    {.bitmap_index = 2045, .adv_w = 150, .box_w = 11, .box_h = 10, .ofs_x = 0, .ofs_y = 0},
    {.bitmap_index = 2059, .adv_w = 168, .box_w = 11, .box_h = 10, .ofs_x = 0, .ofs_y = 0},
    {.bitmap_index = 2073, .adv_w = 120, .box_w = 8, .box_h = 11, .ofs_x = 0, .ofs_y = 0},
    {.bitmap_index = 2084, .adv_w = 147, .box_w = 10, .box_h = 13, .ofs_x = 0, .ofs_y = 0},
    {.bitmap_index = 2101, .adv_w = 97, .box_w = 7, .box_h = 10, .ofs_x = 0, .ofs_y = 0},
    {.bitmap_index = 2110, .adv_w = 147, .box_w = 10, .box_h = 14, .ofs_x = 0, .ofs_y = 0},
    {.bitmap_index = 2128, .adv_w = 97, .box_w = 8, .box_h = 11, .ofs_x = 0, .ofs_y = 0},
    {.bitmap_index = 2139, .adv_w = 147, .box_w = 10, .box_h = 13, .ofs_x = 0, .ofs_y = 0},
    {.bitmap_index = 2156, .adv_w = 97, .box_w = 6, .box_h = 10, .ofs_x = 0, .ofs_y = 0},
    {.bitmap_index = 2164, .adv_w = 147, .box_w = 10, .box_h = 13, .ofs_x = 0, .ofs_y = -3},
    {.bitmap_index = 2181, .adv_w = 97, .box_w = 7, .box_h = 10, .ofs_x = 0, .ofs_y = -3},
    {.bitmap_index = 2190, .adv_w = 147, .box_w = 10, .box_h = 14, .ofs_x = 0, .ofs_y = 0},
    {.bitmap_index = 2208, .adv_w = 97, .box_w = 8, .box_h = 11, .ofs_x = 0, .ofs_y = 0},
    {.bitmap_index = 2219, .adv_w = 166, .box_w = 10, .box_h = 14, .ofs_x = 1, .ofs_y = 0},
    {.bitmap_index = 2237, .adv_w = 106, .box_w = 7, .box_h = 14, .ofs_x = 0, .ofs_y = -3},
    {.bitmap_index = 2250, .adv_w = 166, .box_w = 10, .box_h = 14, .ofs_x = 1, .ofs_y = 0},
    {.bitmap_index = 2268, .adv_w = 106, .box_w = 7, .box_h = 14, .ofs_x = 0, .ofs_y = -3},
    {.bitmap_index = 2281, .adv_w = 166, .box_w = 10, .box_h = 13, .ofs_x = 1, .ofs_y = 0},
    {.bitmap_index = 2298, .adv_w = 106, .box_w = 7, .box_h = 13, .ofs_x = 0, .ofs_y = -3},
    {.bitmap_index = 2310, .adv_w = 166, .box_w = 10, .box_h = 15, .ofs_x = 1, .ofs_y = -5},
    {.bitmap_index = 2329, .adv_w = 106, .box_w = 7, .box_h = 15, .ofs_x = 0, .ofs_y = -3},
    {.bitmap_index = 2343, .adv_w = 169, .box_w = 12, .box_h = 14, .ofs_x = 0, .ofs_y = 0},
    {.bitmap_index = 2364, .adv_w = 120, .box_w = 9, .box_h = 14, .ofs_x = 0, .ofs_y = 0},
    {.bitmap_index = 2380, .adv_w = 173, .box_w = 12, .box_h = 10, .ofs_x = 0, .ofs_y = 0},
    {.bitmap_index = 2395, .adv_w = 120, .box_w = 7, .box_h = 11, .ofs_x = 0, .ofs_y = 0},
    {.bitmap_index = 2405, .adv_w = 80, .box_w = 7, .box_h = 13, .ofs_x = 0, .ofs_y = 0},
    {.bitmap_index = 2417, .adv_w = 67, .box_w = 6, .box_h = 10, .ofs_x = 0, .ofs_y = 0},
    {.bitmap_index = 2425, .adv_w = 80, .box_w = 7, .box_h = 13, .ofs_x = 0, .ofs_y = 0},
    {.bitmap_index = 2437, .adv_w = 67, .box_w = 5, .box_h = 10, .ofs_x = 1, .ofs_y = 0},
    {.bitmap_index = 2444, .adv_w = 80, .box_w = 7, .box_h = 14, .ofs_x = 0, .ofs_y = 0},
    {.bitmap_index = 2457, .adv_w = 67, .box_w = 5, .box_h = 11, .ofs_x = 1, .ofs_y = 0},
    {.bitmap_index = 2464, .adv_w = 82, .box_w = 6, .box_h = 13, .ofs_x = 0, .ofs_y = -3},
    {.bitmap_index = 2474, .adv_w = 67, .box_w = 3, .box_h = 13, .ofs_x = 1, .ofs_y = -3},
    {.bitmap_index = 2479, .adv_w = 80, .box_w = 6, .box_h = 13, .ofs_x = 0, .ofs_y = 0},
    {.bitmap_index = 2489, .adv_w = 67, .box_w = 3, .box_h = 7, .ofs_x = 1, .ofs_y = 0},
    {.bitmap_index = 2492, .adv_w = 170, .box_w = 11, .box_h = 10, .ofs_x = 0, .ofs_y = 0},
    {.bitmap_index = 2506, .adv_w = 108, .box_w = 6, .box_h = 13, .ofs_x = 1, .ofs_y = -3},
    {.bitmap_index = 2516, .adv_w = 102, .box_w = 8, .box_h = 14, .ofs_x = 0, .ofs_y = 0},
    {.bitmap_index = 2530, .adv_w = 79, .box_w = 7, .box_h = 14, .ofs_x = -1, .ofs_y = -3},
    {.bitmap_index = 2543, .adv_w = 160, .box_w = 11, .box_h = 15, .ofs_x = 0, .ofs_y = -5},
    {.bitmap_index = 2564, .adv_w = 109, .box_w = 7, .box_h = 16, .ofs_x = 0, .ofs_y = -5},
    {.bitmap_index = 2578, .adv_w = 109, .box_w = 7, .box_h = 7, .ofs_x = 0, .ofs_y = 0},
    {.bitmap_index = 2585, .adv_w = 136, .box_w = 9, .box_h = 14, .ofs_x = 0, .ofs_y = 0},
    {.bitmap_index = 2601, .adv_w = 60, .box_w = 5, .box_h = 14, .ofs_x = 0, .ofs_y = 0},
    {.bitmap_index = 2610, .adv_w = 136, .box_w = 9, .box_h = 15, .ofs_x = 0, .ofs_y = -5},
    {.bitmap_index = 2627, .adv_w = 60, .box_w = 4, .box_h = 16, .ofs_x = 0, .ofs_y = -5},
    {.bitmap_index = 2635, .adv_w = 136, .box_w = 9, .box_h = 10, .ofs_x = 0, .ofs_y = 0},
    {.bitmap_index = 2647, .adv_w = 90, .box_w = 7, .box_h = 10, .ofs_x = 0, .ofs_y = 0},
    {.bitmap_index = 2656, .adv_w = 136, .box_w = 9, .box_h = 10, .ofs_x = 0, .ofs_y = 0},
    {.bitmap_index = 2668, .adv_w = 82, .box_w = 5, .box_h = 11, .ofs_x = 0, .ofs_y = 0},
    {.bitmap_index = 2675, .adv_w = 135, .box_w = 9, .box_h = 10, .ofs_x = 0, .ofs_y = 0},
    {.bitmap_index = 2687, .adv_w = 67, .box_w = 4, .box_h = 11, .ofs_x = 1, .ofs_y = 0},
    {.bitmap_index = 2693, .adv_w = 162, .box_w = 11, .box_h = 14, .ofs_x = 0, .ofs_y = 0},
    {.bitmap_index = 2713, .adv_w = 118, .box_w = 7, .box_h = 10, .ofs_x = 0, .ofs_y = 0},
    {.bitmap_index = 2722, .adv_w = 162, .box_w = 11, .box_h = 15, .ofs_x = 0, .ofs_y = -5},
    {.bitmap_index = 2743, .adv_w = 118, .box_w = 7, .box_h = 12, .ofs_x = 0, .ofs_y = -5},
    {.bitmap_index = 2754, .adv_w = 162, .box_w = 11, .box_h = 15, .ofs_x = 0, .ofs_y = 0},
    {.bitmap_index = 2775, .adv_w = 118, .box_w = 8, .box_h = 11, .ofs_x = 0, .ofs_y = 0},
    {.bitmap_index = 2786, .adv_w = 130, .box_w = 7, .box_h = 10, .ofs_x = 1, .ofs_y = 0},
    {.bitmap_index = 2795, .adv_w = 167, .box_w = 11, .box_h = 10, .ofs_x = 0, .ofs_y = 0},
    {.bitmap_index = 2809, .adv_w = 120, .box_w = 7, .box_h = 10, .ofs_x = 0, .ofs_y = -3},
    {.bitmap_index = 2818, .adv_w = 157, .box_w = 9, .box_h = 13, .ofs_x = 1, .ofs_y = 0},
    {.bitmap_index = 2833, .adv_w = 114, .box_w = 7, .box_h = 9, .ofs_x = 0, .ofs_y = 0},
    {.bitmap_index = 2841, .adv_w = 157, .box_w = 9, .box_h = 14, .ofs_x = 1, .ofs_y = 0},
    {.bitmap_index = 2857, .adv_w = 114, .box_w = 8, .box_h = 11, .ofs_x = 0, .ofs_y = 0},
    {.bitmap_index = 2868, .adv_w = 157, .box_w = 9, .box_h = 14, .ofs_x = 1, .ofs_y = 0},
    {.bitmap_index = 2884, .adv_w = 114, .box_w = 8, .box_h = 10, .ofs_x = 0, .ofs_y = 0},
    {.bitmap_index = 2894, .adv_w = 214, .box_w = 13, .box_h = 10, .ofs_x = 1, .ofs_y = 0},
    {.bitmap_index = 2911, .adv_w = 157, .box_w = 10, .box_h = 7, .ofs_x = 0, .ofs_y = 0},
    {.bitmap_index = 2920, .adv_w = 148, .box_w = 9, .box_h = 14, .ofs_x = 0, .ofs_y = 0},
    {.bitmap_index = 2936, .adv_w = 88, .box_w = 6, .box_h = 10, .ofs_x = 0, .ofs_y = 0},
    {.bitmap_index = 2944, .adv_w = 148, .box_w = 9, .box_h = 15, .ofs_x = 0, .ofs_y = -5},
    {.bitmap_index = 2961, .adv_w = 88, .box_w = 6, .box_h = 12, .ofs_x = 0, .ofs_y = -5},
    {.bitmap_index = 2970, .adv_w = 148, .box_w = 9, .box_h = 14, .ofs_x = 0, .ofs_y = 0},
    {.bitmap_index = 2986, .adv_w = 88, .box_w = 7, .box_h = 11, .ofs_x = 0, .ofs_y = 0},
    {.bitmap_index = 2996, .adv_w = 109, .box_w = 7, .box_h = 14, .ofs_x = 0, .ofs_y = 0},
    {.bitmap_index = 3009, .adv_w = 83, .box_w = 6, .box_h = 10, .ofs_x = 0, .ofs_y = 0},
    {.bitmap_index = 3017, .adv_w = 109, .box_w = 7, .box_h = 14, .ofs_x = 0, .ofs_y = 0},
    {.bitmap_index = 3030, .adv_w = 83, .box_w = 6, .box_h = 11, .ofs_x = 0, .ofs_y = 0},
    {.bitmap_index = 3039, .adv_w = 111, .box_w = 8, .box_h = 13, .ofs_x = 0, .ofs_y = -3},
    {.bitmap_index = 3052, .adv_w = 83, .box_w = 5, .box_h = 10, .ofs_x = 0, .ofs_y = -3},
    {.bitmap_index = 3059, .adv_w = 109, .box_w = 8, .box_h = 15, .ofs_x = 0, .ofs_y = 0},
    {.bitmap_index = 3074, .adv_w = 83, .box_w = 7, .box_h = 11, .ofs_x = 0, .ofs_y = 0},
    {.bitmap_index = 3084, .adv_w = 133, .box_w = 9, .box_h = 13, .ofs_x = 1, .ofs_y = -3},
    {.bitmap_index = 3099, .adv_w = 57, .box_w = 5, .box_h = 13, .ofs_x = -1, .ofs_y = -3},
    {.bitmap_index = 3108, .adv_w = 141, .box_w = 9, .box_h = 14, .ofs_x = 1, .ofs_y = 0},
    {.bitmap_index = 3124, .adv_w = 87, .box_w = 7, .box_h = 10, .ofs_x = 0, .ofs_y = 0},
    {.bitmap_index = 3133, .adv_w = 133, .box_w = 9, .box_h = 10, .ofs_x = 1, .ofs_y = 0},
    {.bitmap_index = 3145, .adv_w = 60, .box_w = 4, .box_h = 9, .ofs_x = 0, .ofs_y = 0},
    {.bitmap_index = 3150, .adv_w = 169, .box_w = 10, .box_h = 13, .ofs_x = 2, .ofs_y = 0},
    {.bitmap_index = 3167, .adv_w = 116, .box_w = 8, .box_h = 10, .ofs_x = 0, .ofs_y = 0},
    {.bitmap_index = 3177, .adv_w = 169, .box_w = 10, .box_h = 13, .ofs_x = 2, .ofs_y = 0},
    {.bitmap_index = 3194, .adv_w = 116, .box_w = 7, .box_h = 10, .ofs_x = 0, .ofs_y = 0},
    {.bitmap_index = 3203, .adv_w = 169, .box_w = 10, .box_h = 14, .ofs_x = 2, .ofs_y = 0},
    {.bitmap_index = 3221, .adv_w = 116, .box_w = 7, .box_h = 11, .ofs_x = 0, .ofs_y = 0},
    {.bitmap_index = 3231, .adv_w = 169, .box_w = 10, .box_h = 15, .ofs_x = 2, .ofs_y = 0},
    {.bitmap_index = 3250, .adv_w = 116, .box_w = 7, .box_h = 12, .ofs_x = 0, .ofs_y = 0},
    {.bitmap_index = 3261, .adv_w = 169, .box_w = 10, .box_h = 14, .ofs_x = 2, .ofs_y = 0},
    {.bitmap_index = 3279, .adv_w = 116, .box_w = 7, .box_h = 10, .ofs_x = 0, .ofs_y = 0},
    {.bitmap_index = 3288, .adv_w = 168, .box_w = 9, .box_h = 12, .ofs_x = 2, .ofs_y = -2},
    {.bitmap_index = 3302, .adv_w = 116, .box_w = 7, .box_h = 10, .ofs_x = 0, .ofs_y = -3},
    {.bitmap_index = 3311, .adv_w = 213, .box_w = 12, .box_h = 14, .ofs_x = 2, .ofs_y = 0},
    {.bitmap_index = 3332, .adv_w = 164, .box_w = 9, .box_h = 11, .ofs_x = 1, .ofs_y = 0},
    {.bitmap_index = 3345, .adv_w = 142, .box_w = 8, .box_h = 14, .ofs_x = 2, .ofs_y = 0},
    {.bitmap_index = 3359, .adv_w = 111, .box_w = 7, .box_h = 14, .ofs_x = 0, .ofs_y = -3},
    {.bitmap_index = 3372, .adv_w = 142, .box_w = 8, .box_h = 13, .ofs_x = 2, .ofs_y = 0},
    {.bitmap_index = 3385, .adv_w = 135, .box_w = 9, .box_h = 14, .ofs_x = 0, .ofs_y = 0},
    {.bitmap_index = 3401, .adv_w = 93, .box_w = 6, .box_h = 12, .ofs_x = 0, .ofs_y = -2},
    {.bitmap_index = 3410, .adv_w = 135, .box_w = 9, .box_h = 13, .ofs_x = 0, .ofs_y = 0},
    {.bitmap_index = 3425, .adv_w = 93, .box_w = 6, .box_h = 12, .ofs_x = 0, .ofs_y = -2},
    {.bitmap_index = 3434, .adv_w = 135, .box_w = 9, .box_h = 14, .ofs_x = 0, .ofs_y = 0},
    {.bitmap_index = 3450, .adv_w = 93, .box_w = 7, .box_h = 13, .ofs_x = 0, .ofs_y = -2},
    {.bitmap_index = 3462, .adv_w = 111, .box_w = 8, .box_h = 14, .ofs_x = -1, .ofs_y = -3},
    {.bitmap_index = 3476, .adv_w = 115, .box_w = 7, .box_h = 11, .ofs_x = 0, .ofs_y = 0},
    {.bitmap_index = 3486, .adv_w = 177, .box_w = 10, .box_h = 10, .ofs_x = 1, .ofs_y = 0},
    {.bitmap_index = 3499, .adv_w = 140, .box_w = 9, .box_h = 10, .ofs_x = 0, .ofs_y = 0},
    {.bitmap_index = 3511, .adv_w = 115, .box_w = 7, .box_h = 10, .ofs_x = 0, .ofs_y = 0},
    {.bitmap_index = 3520, .adv_w = 140, .box_w = 8, .box_h = 10, .ofs_x = 0, .ofs_y = 0},
    {.bitmap_index = 3530, .adv_w = 122, .box_w = 7, .box_h = 11, .ofs_x = 1, .ofs_y = 0},
    {.bitmap_index = 3540, .adv_w = 150, .box_w = 11, .box_h = 11, .ofs_x = -1, .ofs_y = 0},
    {.bitmap_index = 3556, .adv_w = 205, .box_w = 13, .box_h = 10, .ofs_x = 1, .ofs_y = 0},
    {.bitmap_index = 3573, .adv_w = 139, .box_w = 10, .box_h = 11, .ofs_x = 0, .ofs_y = 0},
    {.bitmap_index = 3587, .adv_w = 168, .box_w = 11, .box_h = 10, .ofs_x = 0, .ofs_y = 0},
    {.bitmap_index = 3601, .adv_w = 214, .box_w = 11, .box_h = 10, .ofs_x = 2, .ofs_y = 0},
    {.bitmap_index = 3615, .adv_w = 161, .box_w = 11, .box_h = 10, .ofs_x = 0, .ofs_y = 0},
    {.bitmap_index = 3629, .adv_w = 130, .box_w = 8, .box_h = 10, .ofs_x = 0, .ofs_y = 0},
    {.bitmap_index = 3639, .adv_w = 113, .box_w = 7, .box_h = 11, .ofs_x = 0, .ofs_y = -4},
    {.bitmap_index = 3649, .adv_w = 147, .box_w = 10, .box_h = 10, .ofs_x = 0, .ofs_y = 0},
    {.bitmap_index = 3662, .adv_w = 140, .box_w = 9, .box_h = 11, .ofs_x = 0, .ofs_y = 0},
    {.bitmap_index = 3675, .adv_w = 124, .box_w = 9, .box_h = 12, .ofs_x = 0, .ofs_y = 0},
    {.bitmap_index = 3689, .adv_w = 147, .box_w = 11, .box_h = 13, .ofs_x = -1, .ofs_y = -3},
    {.bitmap_index = 3707, .adv_w = 111, .box_w = 8, .box_h = 14, .ofs_x = -1, .ofs_y = -3},
    {.bitmap_index = 3721, .adv_w = 207, .box_w = 13, .box_h = 11, .ofs_x = 1, .ofs_y = 0},
    {.bitmap_index = 3739, .adv_w = 157, .box_w = 9, .box_h = 10, .ofs_x = 2, .ofs_y = 0},
    {.bitmap_index = 3751, .adv_w = 170, .box_w = 11, .box_h = 11, .ofs_x = 0, .ofs_y = 0},
    {.bitmap_index = 3767, .adv_w = 67, .box_w = 3, .box_h = 11, .ofs_x = 1, .ofs_y = 0},
    {.bitmap_index = 3772, .adv_w = 80, .box_w = 6, .box_h = 10, .ofs_x = 0, .ofs_y = 0},
    {.bitmap_index = 3780, .adv_w = 190, .box_w = 13, .box_h = 10, .ofs_x = 0, .ofs_y = 0},
    {.bitmap_index = 3797, .adv_w = 107, .box_w = 7, .box_h = 11, .ofs_x = 0, .ofs_y = 0},
    {.bitmap_index = 3807, .adv_w = 63, .box_w = 4, .box_h = 11, .ofs_x = 0, .ofs_y = 0},
    {.bitmap_index = 3813, .adv_w = 115, .box_w = 7, .box_h = 11, .ofs_x = 0, .ofs_y = 0},
    {.bitmap_index = 3823, .adv_w = 216, .box_w = 12, .box_h = 10, .ofs_x = 2, .ofs_y = 0},
    {.bitmap_index = 3838, .adv_w = 184, .box_w = 13, .box_h = 13, .ofs_x = -1, .ofs_y = -3},
    {.bitmap_index = 3860, .adv_w = 120, .box_w = 7, .box_h = 10, .ofs_x = 0, .ofs_y = -3},
    {.bitmap_index = 3869, .adv_w = 159, .box_w = 9, .box_h = 10, .ofs_x = 1, .ofs_y = 0},
    {.bitmap_index = 3881, .adv_w = 185, .box_w = 12, .box_h = 11, .ofs_x = 1, .ofs_y = 0},
    {.bitmap_index = 3898, .adv_w = 138, .box_w = 9, .box_h = 9, .ofs_x = 0, .ofs_y = 0},
    {.bitmap_index = 3909, .adv_w = 218, .box_w = 13, .box_h = 11, .ofs_x = 1, .ofs_y = 0},
    {.bitmap_index = 3927, .adv_w = 173, .box_w = 10, .box_h = 10, .ofs_x = 0, .ofs_y = -3},
    {.bitmap_index = 3940, .adv_w = 168, .box_w = 10, .box_h = 10, .ofs_x = 1, .ofs_y = 0},
    {.bitmap_index = 3953, .adv_w = 116, .box_w = 8, .box_h = 14, .ofs_x = -1, .ofs_y = -3},
    {.bitmap_index = 3967, .adv_w = 147, .box_w = 9, .box_h = 13, .ofs_x = 0, .ofs_y = -3},
    {.bitmap_index = 3982, .adv_w = 120, .box_w = 6, .box_h = 10, .ofs_x = 1, .ofs_y = 0},
    {.bitmap_index = 3990, .adv_w = 89, .box_w = 4, .box_h = 7, .ofs_x = 1, .ofs_y = 0},
    {.bitmap_index = 3994, .adv_w = 157, .box_w = 10, .box_h = 10, .ofs_x = 0, .ofs_y = 0},
    {.bitmap_index = 4007, .adv_w = 111, .box_w = 4, .box_h = 14, .ofs_x = 2, .ofs_y = -3},
    {.bitmap_index = 4014, .adv_w = 75, .box_w = 6, .box_h = 11, .ofs_x = -1, .ofs_y = -2},
    {.bitmap_index = 4023, .adv_w = 133, .box_w = 9, .box_h = 10, .ofs_x = 1, .ofs_y = 0},
    {.bitmap_index = 4035, .adv_w = 80, .box_w = 6, .box_h = 11, .ofs_x = 1, .ofs_y = 0},
    {.bitmap_index = 4044, .adv_w = 133, .box_w = 9, .box_h = 13, .ofs_x = 1, .ofs_y = -3},
    {.bitmap_index = 4059, .adv_w = 192, .box_w = 11, .box_h = 11, .ofs_x = 2, .ofs_y = 0},
    {.bitmap_index = 4075, .adv_w = 145, .box_w = 10, .box_h = 9, .ofs_x = 0, .ofs_y = 0},
    {.bitmap_index = 4087, .adv_w = 179, .box_w = 11, .box_h = 10, .ofs_x = 1, .ofs_y = 0},
    {.bitmap_index = 4101, .adv_w = 166, .box_w = 10, .box_h = 11, .ofs_x = 1, .ofs_y = 0},
    {.bitmap_index = 4115, .adv_w = 159, .box_w = 10, .box_h = 11, .ofs_x = 1, .ofs_y = 0},
    {.bitmap_index = 4129, .adv_w = 139, .box_w = 9, .box_h = 14, .ofs_x = 0, .ofs_y = -3},
    {.bitmap_index = 4145, .adv_w = 133, .box_w = 9, .box_h = 10, .ofs_x = 0, .ofs_y = 0},
    {.bitmap_index = 4157, .adv_w = 93, .box_w = 6, .box_h = 9, .ofs_x = 0, .ofs_y = -2},
    {.bitmap_index = 4164, .adv_w = 124, .box_w = 9, .box_h = 10, .ofs_x = 0, .ofs_y = 0},
    {.bitmap_index = 4176, .adv_w = 134, .box_w = 8, .box_h = 10, .ofs_x = 0, .ofs_y = 0},
    {.bitmap_index = 4186, .adv_w = 104, .box_w = 7, .box_h = 10, .ofs_x = 0, .ofs_y = -3},
    {.bitmap_index = 4195, .adv_w = 100, .box_w = 7, .box_h = 10, .ofs_x = 0, .ofs_y = -3},
    {.bitmap_index = 4204, .adv_w = 120, .box_w = 8, .box_h = 11, .ofs_x = 0, .ofs_y = 0},
    {.bitmap_index = 4215, .adv_w = 148, .box_w = 10, .box_h = 10, .ofs_x = 0, .ofs_y = 0},
    {.bitmap_index = 4228, .adv_w = 105, .box_w = 7, .box_h = 10, .ofs_x = 0, .ofs_y = -3},
    {.bitmap_index = 4237, .adv_w = 93, .box_w = 5, .box_h = 9, .ofs_x = 0, .ofs_y = 0},
    {.bitmap_index = 4243, .adv_w = 114, .box_w = 8, .box_h = 10, .ofs_x = -1, .ofs_y = -3},
    {.bitmap_index = 4253, .adv_w = 56, .box_w = 3, .box_h = 12, .ofs_x = 1, .ofs_y = 0},
    {.bitmap_index = 4258, .adv_w = 86, .box_w = 5, .box_h = 12, .ofs_x = 1, .ofs_y = 0},
    {.bitmap_index = 4266, .adv_w = 144, .box_w = 9, .box_h = 12, .ofs_x = 1, .ofs_y = 0},
    {.bitmap_index = 4280, .adv_w = 80, .box_w = 4, .box_h = 10, .ofs_x = 1, .ofs_y = 0},
    {.bitmap_index = 4285, .adv_w = 304, .box_w = 20, .box_h = 14, .ofs_x = 0, .ofs_y = 0},
    {.bitmap_index = 4320, .adv_w = 262, .box_w = 17, .box_h = 13, .ofs_x = 0, .ofs_y = -2},
    {.bitmap_index = 4348, .adv_w = 209, .box_w = 14, .box_h = 12, .ofs_x = 0, .ofs_y = -1},
    {.bitmap_index = 4369, .adv_w = 240, .box_w = 16, .box_h = 10, .ofs_x = 0, .ofs_y = 0},
    {.bitmap_index = 4389, .adv_w = 198, .box_w = 12, .box_h = 13, .ofs_x = 0, .ofs_y = -3},
    {.bitmap_index = 4409, .adv_w = 121, .box_w = 8, .box_h = 13, .ofs_x = 0, .ofs_y = -3},
    {.bitmap_index = 4422, .adv_w = 248, .box_w = 17, .box_h = 10, .ofs_x = 0, .ofs_y = 0},
    {.bitmap_index = 4444, .adv_w = 215, .box_w = 13, .box_h = 13, .ofs_x = 0, .ofs_y = -3},
    {.bitmap_index = 4466, .adv_w = 180, .box_w = 11, .box_h = 13, .ofs_x = 0, .ofs_y = -3},
    {.bitmap_index = 4484, .adv_w = 156, .box_w = 9, .box_h = 15, .ofs_x = 0, .ofs_y = 0},
    {.bitmap_index = 4501, .adv_w = 120, .box_w = 8, .box_h = 11, .ofs_x = 0, .ofs_y = 0},
    {.bitmap_index = 4512, .adv_w = 77, .box_w = 7, .box_h = 14, .ofs_x = 0, .ofs_y = 0},
    {.bitmap_index = 4525, .adv_w = 67, .box_w = 5, .box_h = 11, .ofs_x = 1, .ofs_y = 0},
    {.bitmap_index = 4532, .adv_w = 157, .box_w = 9, .box_h = 14, .ofs_x = 1, .ofs_y = 0},
    {.bitmap_index = 4548, .adv_w = 114, .box_w = 8, .box_h = 11, .ofs_x = 0, .ofs_y = 0},
    {.bitmap_index = 4559, .adv_w = 169, .box_w = 10, .box_h = 14, .ofs_x = 2, .ofs_y = 0},
    {.bitmap_index = 4577, .adv_w = 116, .box_w = 8, .box_h = 11, .ofs_x = 0, .ofs_y = 0},
    {.bitmap_index = 4588, .adv_w = 169, .box_w = 10, .box_h = 15, .ofs_x = 2, .ofs_y = 0},
    {.bitmap_index = 4607, .adv_w = 116, .box_w = 8, .box_h = 12, .ofs_x = 0, .ofs_y = 0},
    {.bitmap_index = 4619, .adv_w = 168, .box_w = 10, .box_h = 15, .ofs_x = 1, .ofs_y = 0},
    {.bitmap_index = 4638, .adv_w = 116, .box_w = 8, .box_h = 13, .ofs_x = 0, .ofs_y = 0},
    {.bitmap_index = 4651, .adv_w = 168, .box_w = 10, .box_h = 15, .ofs_x = 1, .ofs_y = 0},
    {.bitmap_index = 4670, .adv_w = 116, .box_w = 8, .box_h = 14, .ofs_x = 0, .ofs_y = 0},
    {.bitmap_index = 4684, .adv_w = 168, .box_w = 10, .box_h = 15, .ofs_x = 1, .ofs_y = 0},
    {.bitmap_index = 4703, .adv_w = 116, .box_w = 7, .box_h = 13, .ofs_x = 0, .ofs_y = 0},
    {.bitmap_index = 4715, .adv_w = 97, .box_w = 6, .box_h = 7, .ofs_x = 0, .ofs_y = 0},
    {.bitmap_index = 4721, .adv_w = 156, .box_w = 9, .box_h = 14, .ofs_x = 0, .ofs_y = 0},
    {.bitmap_index = 4737, .adv_w = 120, .box_w = 8, .box_h = 12, .ofs_x = 0, .ofs_y = 0},
    {.bitmap_index = 4749, .adv_w = 156, .box_w = 9, .box_h = 14, .ofs_x = 0, .ofs_y = 0},
    {.bitmap_index = 4765, .adv_w = 120, .box_w = 8, .box_h = 12, .ofs_x = 0, .ofs_y = 0},
    {.bitmap_index = 4777, .adv_w = 210, .box_w = 14, .box_h = 13, .ofs_x = 0, .ofs_y = 0},
    {.bitmap_index = 4800, .adv_w = 152, .box_w = 10, .box_h = 10, .ofs_x = 0, .ofs_y = 0},
    {.bitmap_index = 4813, .adv_w = 171, .box_w = 10, .box_h = 10, .ofs_x = 1, .ofs_y = 0},
    {.bitmap_index = 4826, .adv_w = 118, .box_w = 7, .box_h = 10, .ofs_x = 0, .ofs_y = -3},
    {.bitmap_index = 4835, .adv_w = 166, .box_w = 10, .box_h = 14, .ofs_x = 1, .ofs_y = 0},
    {.bitmap_index = 4853, .adv_w = 106, .box_w = 7, .box_h = 14, .ofs_x = 0, .ofs_y = -3},
    {.bitmap_index = 4866, .adv_w = 154, .box_w = 11, .box_h = 14, .ofs_x = 0, .ofs_y = 0},
    {.bitmap_index = 4886, .adv_w = 109, .box_w = 8, .box_h = 14, .ofs_x = 0, .ofs_y = 0},
    {.bitmap_index = 4900, .adv_w = 161, .box_w = 9, .box_h = 13, .ofs_x = 1, .ofs_y = -3},
    {.bitmap_index = 4915, .adv_w = 114, .box_w = 7, .box_h = 10, .ofs_x = 0, .ofs_y = -3},
    {.bitmap_index = 4924, .adv_w = 161, .box_w = 9, .box_h = 16, .ofs_x = 1, .ofs_y = -3},
    {.bitmap_index = 4942, .adv_w = 114, .box_w = 7, .box_h = 13, .ofs_x = 0, .ofs_y = -3},
    {.bitmap_index = 4954, .adv_w = 124, .box_w = 9, .box_h = 15, .ofs_x = 0, .ofs_y = 0},
    {.bitmap_index = 4971, .adv_w = 107, .box_w = 8, .box_h = 14, .ofs_x = -1, .ofs_y = -3},
    {.bitmap_index = 4985, .adv_w = 67, .box_w = 8, .box_h = 14, .ofs_x = -2, .ofs_y = -3},
    {.bitmap_index = 4999, .adv_w = 302, .box_w = 20, .box_h = 10, .ofs_x = 0, .ofs_y = 0},
    {.bitmap_index = 5024, .adv_w = 262, .box_w = 16, .box_h = 12, .ofs_x = 0, .ofs_y = -2},
    {.bitmap_index = 5048, .adv_w = 206, .box_w = 13, .box_h = 12, .ofs_x = 0, .ofs_y = -1},
    {.bitmap_index = 5068, .adv_w = 166, .box_w = 10, .box_h = 14, .ofs_x = 1, .ofs_y = 0},
    {.bitmap_index = 5086, .adv_w = 106, .box_w = 7, .box_h = 13, .ofs_x = 0, .ofs_y = -3},
    {.bitmap_index = 5098, .adv_w = 225, .box_w = 14, .box_h = 10, .ofs_x = 0, .ofs_y = 0},
    {.bitmap_index = 5116, .adv_w = 129, .box_w = 9, .box_h = 10, .ofs_x = 0, .ofs_y = 0},
    {.bitmap_index = 5128, .adv_w = 162, .box_w = 11, .box_h = 14, .ofs_x = 0, .ofs_y = 0},
    {.bitmap_index = 5148, .adv_w = 118, .box_w = 7, .box_h = 10, .ofs_x = 0, .ofs_y = 0},
    {.bitmap_index = 5157, .adv_w = 147, .box_w = 10, .box_h = 15, .ofs_x = 0, .ofs_y = 0},
    {.bitmap_index = 5176, .adv_w = 120, .box_w = 8, .box_h = 15, .ofs_x = 0, .ofs_y = 0},
    {.bitmap_index = 5191, .adv_w = 210, .box_w = 14, .box_h = 14, .ofs_x = 0, .ofs_y = 0},
    {.bitmap_index = 5216, .adv_w = 152, .box_w = 10, .box_h = 10, .ofs_x = 0, .ofs_y = 0},
    {.bitmap_index = 5229, .adv_w = 158, .box_w = 9, .box_h = 17, .ofs_x = 1, .ofs_y = -2},
    {.bitmap_index = 5249, .adv_w = 114, .box_w = 7, .box_h = 15, .ofs_x = 0, .ofs_y = -2},
    {.bitmap_index = 5263, .adv_w = 156, .box_w = 9, .box_h = 14, .ofs_x = 0, .ofs_y = 0},
    {.bitmap_index = 5279, .adv_w = 120, .box_w = 7, .box_h = 10, .ofs_x = 0, .ofs_y = 0},
    {.bitmap_index = 5288, .adv_w = 156, .box_w = 9, .box_h = 14, .ofs_x = 0, .ofs_y = 0},
    {.bitmap_index = 5304, .adv_w = 120, .box_w = 7, .box_h = 10, .ofs_x = 0, .ofs_y = 0},
    {.bitmap_index = 5313, .adv_w = 138, .box_w = 10, .box_h = 14, .ofs_x = 0, .ofs_y = 0},
    {.bitmap_index = 5331, .adv_w = 97, .box_w = 6, .box_h = 10, .ofs_x = 0, .ofs_y = 0},
    {.bitmap_index = 5339, .adv_w = 138, .box_w = 10, .box_h = 14, .ofs_x = 0, .ofs_y = 0},
    {.bitmap_index = 5357, .adv_w = 97, .box_w = 7, .box_h = 10, .ofs_x = 0, .ofs_y = 0},
    {.bitmap_index = 5366, .adv_w = 77, .box_w = 6, .box_h = 14, .ofs_x = 0, .ofs_y = 0},
    {.bitmap_index = 5377, .adv_w = 67, .box_w = 5, .box_h = 10, .ofs_x = 0, .ofs_y = 0},
    {.bitmap_index = 5384, .adv_w = 77, .box_w = 6, .box_h = 14, .ofs_x = 0, .ofs_y = 0},
    {.bitmap_index = 5395, .adv_w = 67, .box_w = 4, .box_h = 10, .ofs_x = 1, .ofs_y = 0},
    {.bitmap_index = 5400, .adv_w = 157, .box_w = 9, .box_h = 14, .ofs_x = 1, .ofs_y = 0},
    {.bitmap_index = 5416, .adv_w = 114, .box_w = 7, .box_h = 10, .ofs_x = 0, .ofs_y = 0},
    {.bitmap_index = 5425, .adv_w = 157, .box_w = 9, .box_h = 14, .ofs_x = 1, .ofs_y = 0},
    {.bitmap_index = 5441, .adv_w = 114, .box_w = 7, .box_h = 10, .ofs_x = 0, .ofs_y = 0},
    {.bitmap_index = 5450, .adv_w = 148, .box_w = 9, .box_h = 14, .ofs_x = 0, .ofs_y = 0},
    {.bitmap_index = 5466, .adv_w = 88, .box_w = 6, .box_h = 10, .ofs_x = 0, .ofs_y = 0},
    {.bitmap_index = 5474, .adv_w = 148, .box_w = 9, .box_h = 14, .ofs_x = 0, .ofs_y = 0},
    {.bitmap_index = 5490, .adv_w = 88, .box_w = 6, .box_h = 10, .ofs_x = 0, .ofs_y = 0},
    {.bitmap_index = 5498, .adv_w = 169, .box_w = 10, .box_h = 14, .ofs_x = 2, .ofs_y = 0},
    {.bitmap_index = 5516, .adv_w = 116, .box_w = 7, .box_h = 10, .ofs_x = 0, .ofs_y = 0},
    {.bitmap_index = 5525, .adv_w = 169, .box_w = 10, .box_h = 14, .ofs_x = 2, .ofs_y = 0},
    {.bitmap_index = 5543, .adv_w = 116, .box_w = 7, .box_h = 10, .ofs_x = 0, .ofs_y = 0},
    {.bitmap_index = 5552, .adv_w = 109, .box_w = 7, .box_h = 15, .ofs_x = 0, .ofs_y = -5},
    {.bitmap_index = 5566, .adv_w = 83, .box_w = 5, .box_h = 12, .ofs_x = 0, .ofs_y = -5},
    {.bitmap_index = 5574, .adv_w = 141, .box_w = 9, .box_h = 15, .ofs_x = 1, .ofs_y = -5},
    {.bitmap_index = 5591, .adv_w = 57, .box_w = 4, .box_h = 14, .ofs_x = 0, .ofs_y = -5},
    {.bitmap_index = 5598, .adv_w = 104, .box_w = 7, .box_h = 12, .ofs_x = 0, .ofs_y = -1},
    {.bitmap_index = 5609, .adv_w = 112, .box_w = 6, .box_h = 10, .ofs_x = 0, .ofs_y = -3},
    {.bitmap_index = 5617, .adv_w = 169, .box_w = 12, .box_h = 14, .ofs_x = 0, .ofs_y = 0},
    {.bitmap_index = 5638, .adv_w = 120, .box_w = 9, .box_h = 14, .ofs_x = 0, .ofs_y = 0},
    {.bitmap_index = 5654, .adv_w = 167, .box_w = 10, .box_h = 13, .ofs_x = 0, .ofs_y = -3},
    {.bitmap_index = 5671, .adv_w = 134, .box_w = 7, .box_h = 14, .ofs_x = 1, .ofs_y = -3},
    {.bitmap_index = 5684, .adv_w = 130, .box_w = 8, .box_h = 10, .ofs_x = 1, .ofs_y = 0},
    {.bitmap_index = 5694, .adv_w = 122, .box_w = 9, .box_h = 11, .ofs_x = 0, .ofs_y = 0},
    {.bitmap_index = 5707, .adv_w = 142, .box_w = 9, .box_h = 13, .ofs_x = 0, .ofs_y = -3},
    {.bitmap_index = 5722, .adv_w = 97, .box_w = 6, .box_h = 10, .ofs_x = 0, .ofs_y = -3},
    {.bitmap_index = 5730, .adv_w = 156, .box_w = 9, .box_h = 13, .ofs_x = 0, .ofs_y = 0},
    {.bitmap_index = 5745, .adv_w = 120, .box_w = 7, .box_h = 10, .ofs_x = 0, .ofs_y = 0},
    {.bitmap_index = 5754, .adv_w = 138, .box_w = 9, .box_h = 13, .ofs_x = 0, .ofs_y = -3},
    {.bitmap_index = 5769, .adv_w = 97, .box_w = 6, .box_h = 10, .ofs_x = 0, .ofs_y = -3},
    {.bitmap_index = 5777, .adv_w = 157, .box_w = 9, .box_h = 15, .ofs_x = 1, .ofs_y = 0},
    {.bitmap_index = 5794, .adv_w = 114, .box_w = 8, .box_h = 12, .ofs_x = 0, .ofs_y = 0},
    {.bitmap_index = 5806, .adv_w = 157, .box_w = 9, .box_h = 15, .ofs_x = 1, .ofs_y = 0},
    {.bitmap_index = 5823, .adv_w = 114, .box_w = 8, .box_h = 12, .ofs_x = 0, .ofs_y = 0},
    {.bitmap_index = 5835, .adv_w = 157, .box_w = 9, .box_h = 13, .ofs_x = 1, .ofs_y = 0},
    {.bitmap_index = 5850, .adv_w = 114, .box_w = 7, .box_h = 10, .ofs_x = 0, .ofs_y = 0},
    {.bitmap_index = 5859, .adv_w = 157, .box_w = 9, .box_h = 15, .ofs_x = 1, .ofs_y = 0},
    {.bitmap_index = 5876, .adv_w = 114, .box_w = 8, .box_h = 12, .ofs_x = 0, .ofs_y = 0},
    {.bitmap_index = 5888, .adv_w = 142, .box_w = 8, .box_h = 13, .ofs_x = 2, .ofs_y = 0},
    {.bitmap_index = 5901, .adv_w = 111, .box_w = 7, .box_h = 13, .ofs_x = 0, .ofs_y = -3},
    {.bitmap_index = 5913, .adv_w = 80, .box_w = 5, .box_h = 16, .ofs_x = -1, .ofs_y = -4},
    {.bitmap_index = 5923, .adv_w = 126, .box_w = 7, .box_h = 10, .ofs_x = 0, .ofs_y = -3},
    {.bitmap_index = 5932, .adv_w = 90, .box_w = 6, .box_h = 13, .ofs_x = -1, .ofs_y = -4},
    {.bitmap_index = 5942, .adv_w = 67, .box_w = 6, .box_h = 10, .ofs_x = -2, .ofs_y = -3},
    {.bitmap_index = 5950, .adv_w = 187, .box_w = 11, .box_h = 11, .ofs_x = 0, .ofs_y = 0},
    {.bitmap_index = 5966, .adv_w = 184, .box_w = 11, .box_h = 10, .ofs_x = 0, .ofs_y = -3},
    {.bitmap_index = 5980, .adv_w = 156, .box_w = 10, .box_h = 13, .ofs_x = 0, .ofs_y = -1},
    {.bitmap_index = 5997, .adv_w = 147, .box_w = 10, .box_h = 13, .ofs_x = 0, .ofs_y = -1},
    {.bitmap_index = 6014, .adv_w = 98, .box_w = 7, .box_h = 9, .ofs_x = 0, .ofs_y = -1},
    {.bitmap_index = 6022, .adv_w = 135, .box_w = 9, .box_h = 10, .ofs_x = 0, .ofs_y = 0},
    {.bitmap_index = 6034, .adv_w = 133, .box_w = 11, .box_h = 13, .ofs_x = -1, .ofs_y = -1},
    {.bitmap_index = 6052, .adv_w = 84, .box_w = 5, .box_h = 10, .ofs_x = 0, .ofs_y = -3},
    {.bitmap_index = 6059, .adv_w = 99, .box_w = 7, .box_h = 10, .ofs_x = 0, .ofs_y = -3},
    {.bitmap_index = 6068, .adv_w = 105, .box_w = 6, .box_h = 10, .ofs_x = 1, .ofs_y = 0},
    {.bitmap_index = 6076, .adv_w = 107, .box_w = 6, .box_h = 7, .ofs_x = 1, .ofs_y = 0},
    {.bitmap_index = 6082, .adv_w = 141, .box_w = 9, .box_h = 10, .ofs_x = 0, .ofs_y = 0},
    {.bitmap_index = 6094, .adv_w = 173, .box_w = 10, .box_h = 10, .ofs_x = 1, .ofs_y = 0},
    {.bitmap_index = 6107, .adv_w = 158, .box_w = 9, .box_h = 11, .ofs_x = 0, .ofs_y = 0},
    {.bitmap_index = 6120, .adv_w = 145, .box_w = 9, .box_h = 14, .ofs_x = 0, .ofs_y = -2},
    {.bitmap_index = 6136, .adv_w = 97, .box_w = 6, .box_h = 10, .ofs_x = 0, .ofs_y = -1},
    {.bitmap_index = 6144, .adv_w = 107, .box_w = 7, .box_h = 10, .ofs_x = 0, .ofs_y = 0},
    {.bitmap_index = 6153, .adv_w = 84, .box_w = 6, .box_h = 13, .ofs_x = -1, .ofs_y = -3},
    {.bitmap_index = 6163, .adv_w = 174, .box_w = 11, .box_h = 14, .ofs_x = 0, .ofs_y = -3},
    {.bitmap_index = 6183, .adv_w = 132, .box_w = 8, .box_h = 10, .ofs_x = 0, .ofs_y = -3},
    {.bitmap_index = 6193, .adv_w = 148, .box_w = 9, .box_h = 10, .ofs_x = 0, .ofs_y = 0},
    {.bitmap_index = 6205, .adv_w = 80, .box_w = 5, .box_h = 7, .ofs_x = 1, .ofs_y = 0},
    {.bitmap_index = 6210, .adv_w = 133, .box_w = 9, .box_h = 10, .ofs_x = 1, .ofs_y = 0},
    {.bitmap_index = 6222, .adv_w = 113, .box_w = 7, .box_h = 10, .ofs_x = 0, .ofs_y = -3},
    {.bitmap_index = 6231, .adv_w = 124, .box_w = 7, .box_h = 7, .ofs_x = 1, .ofs_y = 0},
    {.bitmap_index = 6238, .adv_w = 135, .box_w = 8, .box_h = 7, .ofs_x = 0, .ofs_y = 0},
    {.bitmap_index = 6245, .adv_w = 135, .box_w = 8, .box_h = 7, .ofs_x = 0, .ofs_y = 0},
    {.bitmap_index = 6252, .adv_w = 120, .box_w = 7, .box_h = 11, .ofs_x = 0, .ofs_y = 0},
    {.bitmap_index = 6262, .adv_w = 97, .box_w = 6, .box_h = 7, .ofs_x = 0, .ofs_y = 0},
    {.bitmap_index = 6268, .adv_w = 98, .box_w = 6, .box_h = 8, .ofs_x = 0, .ofs_y = -1},
    {.bitmap_index = 6274, .adv_w = 126, .box_w = 8, .box_h = 14, .ofs_x = 0, .ofs_y = -3},
    {.bitmap_index = 6288, .adv_w = 155, .box_w = 10, .box_h = 11, .ofs_x = 0, .ofs_y = 0},
    {.bitmap_index = 6302, .adv_w = 97, .box_w = 6, .box_h = 7, .ofs_x = 0, .ofs_y = 0},
    {.bitmap_index = 6308, .adv_w = 97, .box_w = 6, .box_h = 7, .ofs_x = 0, .ofs_y = 0},
    {.bitmap_index = 6314, .adv_w = 173, .box_w = 11, .box_h = 9, .ofs_x = 0, .ofs_y = 0},
    {.bitmap_index = 6327, .adv_w = 103, .box_w = 6, .box_h = 7, .ofs_x = 0, .ofs_y = 0},
    {.bitmap_index = 6333, .adv_w = 104, .box_w = 7, .box_h = 7, .ofs_x = 0, .ofs_y = 0},
    {.bitmap_index = 6340, .adv_w = 159, .box_w = 10, .box_h = 9, .ofs_x = 0, .ofs_y = 0},
    {.bitmap_index = 6352, .adv_w = 111, .box_w = 7, .box_h = 7, .ofs_x = 0, .ofs_y = 0},
    {.bitmap_index = 6359, .adv_w = 85, .box_w = 5, .box_h = 10, .ofs_x = -1, .ofs_y = -3},
    {.bitmap_index = 6366, .adv_w = 156, .box_w = 10, .box_h = 14, .ofs_x = 0, .ofs_y = -3},
    {.bitmap_index = 6384, .adv_w = 115, .box_w = 7, .box_h = 10, .ofs_x = 0, .ofs_y = -3},
    {.bitmap_index = 6393, .adv_w = 116, .box_w = 7, .box_h = 7, .ofs_x = 0, .ofs_y = 0},
    {.bitmap_index = 6400, .adv_w = 118, .box_w = 7, .box_h = 11, .ofs_x = 1, .ofs_y = -4},
    {.bitmap_index = 6410, .adv_w = 144, .box_w = 8, .box_h = 7, .ofs_x = 1, .ofs_y = 0},
    {.bitmap_index = 6417, .adv_w = 120, .box_w = 7, .box_h = 11, .ofs_x = 1, .ofs_y = -4},
    {.bitmap_index = 6427, .adv_w = 119, .box_w = 7, .box_h = 11, .ofs_x = 0, .ofs_y = 0},
    {.bitmap_index = 6437, .adv_w = 116, .box_w = 7, .box_h = 14, .ofs_x = 0, .ofs_y = -3},
    {.bitmap_index = 6450, .adv_w = 67, .box_w = 4, .box_h = 10, .ofs_x = 0, .ofs_y = 0},
    {.bitmap_index = 6455, .adv_w = 67, .box_w = 3, .box_h = 7, .ofs_x = 1, .ofs_y = 0},
    {.bitmap_index = 6458, .adv_w = 67, .box_w = 4, .box_h = 7, .ofs_x = 0, .ofs_y = 0},
    {.bitmap_index = 6462, .adv_w = 91, .box_w = 5, .box_h = 11, .ofs_x = 1, .ofs_y = 0},
    {.bitmap_index = 6469, .adv_w = 90, .box_w = 4, .box_h = 11, .ofs_x = 1, .ofs_y = 0},
    {.bitmap_index = 6475, .adv_w = 87, .box_w = 4, .box_h = 14, .ofs_x = 0, .ofs_y = -3},
    {.bitmap_index = 6482, .adv_w = 148, .box_w = 8, .box_h = 14, .ofs_x = 1, .ofs_y = -3},
    {.bitmap_index = 6496, .adv_w = 183, .box_w = 10, .box_h = 7, .ofs_x = 1, .ofs_y = 0},
    {.bitmap_index = 6505, .adv_w = 184, .box_w = 10, .box_h = 10, .ofs_x = 1, .ofs_y = -3},
    {.bitmap_index = 6518, .adv_w = 184, .box_w = 10, .box_h = 10, .ofs_x = 1, .ofs_y = -3},
    {.bitmap_index = 6531, .adv_w = 142, .box_w = 10, .box_h = 10, .ofs_x = -1, .ofs_y = -3},
    {.bitmap_index = 6544, .adv_w = 137, .box_w = 7, .box_h = 10, .ofs_x = 0, .ofs_y = -3},
    {.bitmap_index = 6553, .adv_w = 127, .box_w = 9, .box_h = 7, .ofs_x = 0, .ofs_y = 0},
    {.bitmap_index = 6561, .adv_w = 120, .box_w = 7, .box_h = 7, .ofs_x = 0, .ofs_y = 0},
    {.bitmap_index = 6568, .adv_w = 160, .box_w = 10, .box_h = 7, .ofs_x = 0, .ofs_y = 0},
    {.bitmap_index = 6577, .adv_w = 168, .box_w = 10, .box_h = 7, .ofs_x = 0, .ofs_y = 0},
    {.bitmap_index = 6586, .adv_w = 152, .box_w = 9, .box_h = 14, .ofs_x = 0, .ofs_y = -3},
    {.bitmap_index = 6602, .adv_w = 88, .box_w = 6, .box_h = 7, .ofs_x = 0, .ofs_y = 0},
    {.bitmap_index = 6608, .adv_w = 93, .box_w = 6, .box_h = 10, .ofs_x = 0, .ofs_y = 0},
    {.bitmap_index = 6616, .adv_w = 107, .box_w = 6, .box_h = 10, .ofs_x = 0, .ofs_y = -3},
    {.bitmap_index = 6624, .adv_w = 93, .box_w = 6, .box_h = 10, .ofs_x = 0, .ofs_y = -3},
    {.bitmap_index = 6632, .adv_w = 94, .box_w = 6, .box_h = 10, .ofs_x = 0, .ofs_y = -3},
    {.bitmap_index = 6640, .adv_w = 100, .box_w = 7, .box_h = 7, .ofs_x = 0, .ofs_y = 0},
    {.bitmap_index = 6647, .adv_w = 92, .box_w = 5, .box_h = 10, .ofs_x = 0, .ofs_y = -3},
    {.bitmap_index = 6654, .adv_w = 104, .box_w = 6, .box_h = 7, .ofs_x = 0, .ofs_y = 0},
    {.bitmap_index = 6660, .adv_w = 109, .box_w = 7, .box_h = 7, .ofs_x = 0, .ofs_y = 0},
    {.bitmap_index = 6667, .adv_w = 85, .box_w = 5, .box_h = 10, .ofs_x = 0, .ofs_y = -3},
    {.bitmap_index = 6674, .adv_w = 111, .box_w = 8, .box_h = 14, .ofs_x = -1, .ofs_y = -3},
    {.bitmap_index = 6688, .adv_w = 128, .box_w = 10, .box_h = 15, .ofs_x = -1, .ofs_y = -4},
    {.bitmap_index = 6707, .adv_w = 119, .box_w = 6, .box_h = 10, .ofs_x = 1, .ofs_y = -3},
    {.bitmap_index = 6715, .adv_w = 140, .box_w = 10, .box_h = 15, .ofs_x = -1, .ofs_y = -4},
    {.bitmap_index = 6734, .adv_w = 57, .box_w = 4, .box_h = 9, .ofs_x = 1, .ofs_y = 0},
    {.bitmap_index = 6739, .adv_w = 67, .box_w = 4, .box_h = 12, .ofs_x = 0, .ofs_y = -3},
    {.bitmap_index = 6745, .adv_w = 122, .box_w = 7, .box_h = 7, .ofs_x = 0, .ofs_y = 0},
    {.bitmap_index = 6752, .adv_w = 132, .box_w = 8, .box_h = 7, .ofs_x = 0, .ofs_y = 0},
    {.bitmap_index = 6759, .adv_w = 111, .box_w = 6, .box_h = 7, .ofs_x = 1, .ofs_y = 0},
    {.bitmap_index = 6765, .adv_w = 109, .box_w = 6, .box_h = 7, .ofs_x = 0, .ofs_y = 0},
    {.bitmap_index = 6771, .adv_w = 164, .box_w = 9, .box_h = 7, .ofs_x = 0, .ofs_y = 0},
    {.bitmap_index = 6779, .adv_w = 105, .box_w = 6, .box_h = 10, .ofs_x = 0, .ofs_y = 0},
    {.bitmap_index = 6787, .adv_w = 118, .box_w = 7, .box_h = 7, .ofs_x = 1, .ofs_y = 0},
    {.bitmap_index = 6794, .adv_w = 122, .box_w = 8, .box_h = 10, .ofs_x = 0, .ofs_y = -3},
    {.bitmap_index = 6804, .adv_w = 118, .box_w = 6, .box_h = 9, .ofs_x = 0, .ofs_y = -2},
    {.bitmap_index = 6811, .adv_w = 107, .box_w = 7, .box_h = 10, .ofs_x = -1, .ofs_y = -3},
    {.bitmap_index = 6820, .adv_w = 115, .box_w = 6, .box_h = 11, .ofs_x = 0, .ofs_y = -4},
    {.bitmap_index = 6829, .adv_w = 105, .box_w = 6, .box_h = 10, .ofs_x = 1, .ofs_y = 0},
    {.bitmap_index = 6837, .adv_w = 105, .box_w = 6, .box_h = 10, .ofs_x = 1, .ofs_y = 0},
    {.bitmap_index = 6845, .adv_w = 105, .box_w = 6, .box_h = 10, .ofs_x = 0, .ofs_y = 0},
    {.bitmap_index = 6853, .adv_w = 109, .box_w = 8, .box_h = 13, .ofs_x = 0, .ofs_y = -3},
    {.bitmap_index = 6866, .adv_w = 157, .box_w = 9, .box_h = 10, .ofs_x = 1, .ofs_y = 0},
    {.bitmap_index = 6878, .adv_w = 96, .box_w = 6, .box_h = 7, .ofs_x = 0, .ofs_y = 0},
    {.bitmap_index = 6884, .adv_w = 111, .box_w = 7, .box_h = 7, .ofs_x = 0, .ofs_y = 0},
    {.bitmap_index = 6891, .adv_w = 167, .box_w = 10, .box_h = 11, .ofs_x = 1, .ofs_y = 0},
    {.bitmap_index = 6905, .adv_w = 114, .box_w = 8, .box_h = 7, .ofs_x = 0, .ofs_y = 0},
    {.bitmap_index = 6912, .adv_w = 74, .box_w = 6, .box_h = 14, .ofs_x = -1, .ofs_y = -3},
    {.bitmap_index = 6923, .adv_w = 109, .box_w = 7, .box_h = 11, .ofs_x = 0, .ofs_y = -4},
    {.bitmap_index = 6933, .adv_w = 92, .box_w = 6, .box_h = 7, .ofs_x = 0, .ofs_y = 0},
    {.bitmap_index = 6939, .adv_w = 156, .box_w = 10, .box_h = 14, .ofs_x = 0, .ofs_y = -3},
    {.bitmap_index = 6957, .adv_w = 99, .box_w = 7, .box_h = 11, .ofs_x = 0, .ofs_y = 0},
    {.bitmap_index = 6967, .adv_w = 97, .box_w = 6, .box_h = 10, .ofs_x = 1, .ofs_y = 0},
    {.bitmap_index = 6975, .adv_w = 179, .box_w = 11, .box_h = 12, .ofs_x = 0, .ofs_y = -1},
    {.bitmap_index = 6992, .adv_w = 183, .box_w = 11, .box_h = 14, .ofs_x = 0, .ofs_y = -3},
    {.bitmap_index = 7012, .adv_w = 192, .box_w = 11, .box_h = 13, .ofs_x = 0, .ofs_y = -2},
    {.bitmap_index = 7030, .adv_w = 132, .box_w = 7, .box_h = 9, .ofs_x = 1, .ofs_y = 0},
    {.bitmap_index = 7038, .adv_w = 130, .box_w = 8, .box_h = 14, .ofs_x = 1, .ofs_y = -3},
    {.bitmap_index = 7052, .adv_w = 155, .box_w = 9, .box_h = 10, .ofs_x = 1, .ofs_y = -1},
    {.bitmap_index = 7064, .adv_w = 181, .box_w = 12, .box_h = 14, .ofs_x = -1, .ofs_y = -3},
    {.bitmap_index = 7085, .adv_w = 121, .box_w = 7, .box_h = 11, .ofs_x = 1, .ofs_y = 0},
    {.bitmap_index = 7095, .adv_w = 115, .box_w = 6, .box_h = 12, .ofs_x = 1, .ofs_y = -1},
    {.bitmap_index = 7104, .adv_w = 120, .box_w = 8, .box_h = 11, .ofs_x = 1, .ofs_y = 0},
    {.bitmap_index = 7115, .adv_w = 120, .box_w = 8, .box_h = 9, .ofs_x = 1, .ofs_y = 2},
    {.bitmap_index = 7124, .adv_w = 147, .box_w = 9, .box_h = 11, .ofs_x = 1, .ofs_y = -3},
    {.bitmap_index = 7137, .adv_w = 172, .box_w = 9, .box_h = 12, .ofs_x = 1, .ofs_y = -4},
    {.bitmap_index = 7151, .adv_w = 79, .box_w = 5, .box_h = 6, .ofs_x = 1, .ofs_y = 6},
    {.bitmap_index = 7155, .adv_w = 79, .box_w = 5, .box_h = 6, .ofs_x = 1, .ofs_y = 6},
    {.bitmap_index = 7159, .adv_w = 43, .box_w = 4, .box_h = 8, .ofs_x = 1, .ofs_y = 4},
    {.bitmap_index = 7163, .adv_w = 60, .box_w = 4, .box_h = 4, .ofs_x = 1, .ofs_y = 6},
    {.bitmap_index = 7165, .adv_w = 60, .box_w = 4, .box_h = 4, .ofs_x = 1, .ofs_y = 6},
    {.bitmap_index = 7167, .adv_w = 74, .box_w = 4, .box_h = 6, .ofs_x = 1, .ofs_y = 4},
    {.bitmap_index = 7170, .adv_w = 73, .box_w = 5, .box_h = 4, .ofs_x = 1, .ofs_y = 6},
    {.bitmap_index = 7173, .adv_w = 97, .box_w = 5, .box_h = 4, .ofs_x = 2, .ofs_y = 6},
    {.bitmap_index = 7176, .adv_w = 62, .box_w = 4, .box_h = 6, .ofs_x = 2, .ofs_y = 4},
    {.bitmap_index = 7179, .adv_w = 60, .box_w = 3, .box_h = 5, .ofs_x = 2, .ofs_y = 7},
    {.bitmap_index = 7181, .adv_w = 96, .box_w = 7, .box_h = 5, .ofs_x = 1, .ofs_y = 7},
    {.bitmap_index = 7186, .adv_w = 48, .box_w = 3, .box_h = 4, .ofs_x = 2, .ofs_y = 8},
    {.bitmap_index = 7188, .adv_w = 48, .box_w = 2, .box_h = 4, .ofs_x = 2, .ofs_y = 7},
    {.bitmap_index = 7189, .adv_w = 48, .box_w = 2, .box_h = 4, .ofs_x = 2, .ofs_y = 7},
    {.bitmap_index = 7190, .adv_w = 60, .box_w = 2, .box_h = 4, .ofs_x = 4, .ofs_y = 8},
    {.bitmap_index = 7191, .adv_w = 60, .box_w = 2, .box_h = 4, .ofs_x = 3, .ofs_y = 8},
    {.bitmap_index = 7192, .adv_w = 60, .box_w = 3, .box_h = 6, .ofs_x = 2, .ofs_y = 5},
    {.bitmap_index = 7195, .adv_w = 60, .box_w = 4, .box_h = 6, .ofs_x = 2, .ofs_y = 5},
    {.bitmap_index = 7198, .adv_w = 80, .box_w = 4, .box_h = 3, .ofs_x = 3, .ofs_y = 9},
    {.bitmap_index = 7200, .adv_w = 80, .box_w = 4, .box_h = 3, .ofs_x = 3, .ofs_y = 9},
    {.bitmap_index = 7202, .adv_w = 80, .box_w = 4, .box_h = 3, .ofs_x = 3, .ofs_y = 8},
    {.bitmap_index = 7204, .adv_w = 80, .box_w = 4, .box_h = 3, .ofs_x = 3, .ofs_y = 8},
    {.bitmap_index = 7206, .adv_w = 80, .box_w = 5, .box_h = 3, .ofs_x = 2, .ofs_y = 8},
    {.bitmap_index = 7208, .adv_w = 80, .box_w = 5, .box_h = 3, .ofs_x = 3, .ofs_y = 8},
    {.bitmap_index = 7210, .adv_w = 60, .box_w = 2, .box_h = 3, .ofs_x = 4, .ofs_y = 8},
    {.bitmap_index = 7211, .adv_w = 80, .box_w = 5, .box_h = 1, .ofs_x = 1, .ofs_y = 8},
    {.bitmap_index = 7212, .adv_w = 60, .box_w = 3, .box_h = 3, .ofs_x = 2, .ofs_y = 8},
    {.bitmap_index = 7214, .adv_w = 60, .box_w = 2, .box_h = 3, .ofs_x = 2, .ofs_y = 8},
    {.bitmap_index = 7215, .adv_w = 60, .box_w = 1, .box_h = 3, .ofs_x = 1, .ofs_y = -4},
    {.bitmap_index = 7216, .adv_w = 80, .box_w = 4, .box_h = 1, .ofs_x = 0, .ofs_y = -3},
    {.bitmap_index = 7217, .adv_w = 60, .box_w = 2, .box_h = 3, .ofs_x = 0, .ofs_y = -4},
    {.bitmap_index = 7218, .adv_w = 60, .box_w = 3, .box_h = 3, .ofs_x = 0, .ofs_y = -4},
    {.bitmap_index = 7220, .adv_w = 60, .box_w = 3, .box_h = 8, .ofs_x = 1, .ofs_y = 0},
    {.bitmap_index = 7223, .adv_w = 60, .box_w = 1, .box_h = 2, .ofs_x = 3, .ofs_y = 5},
    {.bitmap_index = 7224, .adv_w = 60, .box_w = 2, .box_h = 4, .ofs_x = 2, .ofs_y = 0},
    {.bitmap_index = 7225, .adv_w = 60, .box_w = 2, .box_h = 4, .ofs_x = 1, .ofs_y = 0},
    {.bitmap_index = 7226, .adv_w = 80, .box_w = 5, .box_h = 4, .ofs_x = 0, .ofs_y = 1},
    {.bitmap_index = 7229, .adv_w = 80, .box_w = 5, .box_h = 4, .ofs_x = 1, .ofs_y = 1},
    {.bitmap_index = 7232, .adv_w = 80, .box_w = 4, .box_h = 4, .ofs_x = 1, .ofs_y = 1},
    {.bitmap_index = 7234, .adv_w = 80, .box_w = 4, .box_h = 1, .ofs_x = 1, .ofs_y = 2},
    {.bitmap_index = 7235, .adv_w = 80, .box_w = 4, .box_h = 3, .ofs_x = 3, .ofs_y = 8},
    {.bitmap_index = 7237, .adv_w = 80, .box_w = 2, .box_h = 2, .ofs_x = 4, .ofs_y = 8},
    {.bitmap_index = 7238, .adv_w = 80, .box_w = 3, .box_h = 4, .ofs_x = 4, .ofs_y = 8},
    {.bitmap_index = 7240, .adv_w = 80, .box_w = 2, .box_h = 3, .ofs_x = 1, .ofs_y = -3},
    {.bitmap_index = 7241, .adv_w = 80, .box_w = 6, .box_h = 2, .ofs_x = 2, .ofs_y = 8},
    {.bitmap_index = 7243, .adv_w = 80, .box_w = 5, .box_h = 3, .ofs_x = 2, .ofs_y = 8},
    {.bitmap_index = 7245, .adv_w = 96, .box_w = 5, .box_h = 4, .ofs_x = 1, .ofs_y = 4},
    {.bitmap_index = 7248, .adv_w = 80, .box_w = 5, .box_h = 4, .ofs_x = 2, .ofs_y = 8},
    {.bitmap_index = 7251, .adv_w = 75, .box_w = 5, .box_h = 6, .ofs_x = 2, .ofs_y = 4},
    {.bitmap_index = 7255, .adv_w = 48, .box_w = 2, .box_h = 6, .ofs_x = 2, .ofs_y = 6},
    {.bitmap_index = 7257, .adv_w = 58, .box_w = 3, .box_h = 4, .ofs_x = 2, .ofs_y = 6},
    {.bitmap_index = 7259, .adv_w = 79, .box_w = 5, .box_h = 4, .ofs_x = 1, .ofs_y = 6},
    {.bitmap_index = 7262, .adv_w = 72, .box_w = 4, .box_h = 6, .ofs_x = 2, .ofs_y = 6},
    {.bitmap_index = 7265, .adv_w = 120, .box_w = 6, .box_h = 13, .ofs_x = 3, .ofs_y = 0},
    {.bitmap_index = 7275, .adv_w = 120, .box_w = 7, .box_h = 12, .ofs_x = 2, .ofs_y = 1},
    {.bitmap_index = 7286, .adv_w = 120, .box_w = 7, .box_h = 13, .ofs_x = 2, .ofs_y = 0},
    {.bitmap_index = 7298, .adv_w = 120, .box_w = 8, .box_h = 13, .ofs_x = 1, .ofs_y = 0},
    {.bitmap_index = 7311, .adv_w = 120, .box_w = 9, .box_h = 13, .ofs_x = 0, .ofs_y = 0},
    {.bitmap_index = 7326, .adv_w = 120, .box_w = 6, .box_h = 9, .ofs_x = 1, .ofs_y = 0},
    {.bitmap_index = 7333, .adv_w = 120, .box_w = 7, .box_h = 7, .ofs_x = 1, .ofs_y = 0},
    {.bitmap_index = 7340, .adv_w = 80, .box_w = 5, .box_h = 3, .ofs_x = 0, .ofs_y = -3},
    {.bitmap_index = 7342, .adv_w = 80, .box_w = 5, .box_h = 3, .ofs_x = 3, .ofs_y = 10},
    {.bitmap_index = 7344, .adv_w = 80, .box_w = 4, .box_h = 4, .ofs_x = 2, .ofs_y = 7},
    {.bitmap_index = 7346, .adv_w = 80, .box_w = 4, .box_h = 3, .ofs_x = 0, .ofs_y = -4},
    {.bitmap_index = 7348, .adv_w = 80, .box_w = 4, .box_h = 3, .ofs_x = 0, .ofs_y = -4},
    {.bitmap_index = 7350, .adv_w = 80, .box_w = 4, .box_h = 4, .ofs_x = 0, .ofs_y = -4},
    {.bitmap_index = 7352, .adv_w = 80, .box_w = 4, .box_h = 4, .ofs_x = 0, .ofs_y = -4},
    {.bitmap_index = 7354, .adv_w = 80, .box_w = 3, .box_h = 4, .ofs_x = 1, .ofs_y = -4},
    {.bitmap_index = 7356, .adv_w = 60, .box_w = 2, .box_h = 3, .ofs_x = 3, .ofs_y = 8},
    {.bitmap_index = 7357, .adv_w = 80, .box_w = 4, .box_h = 3, .ofs_x = 3, .ofs_y = 8},
    {.bitmap_index = 7359, .adv_w = 80, .box_w = 5, .box_h = 3, .ofs_x = 2, .ofs_y = 8},
    {.bitmap_index = 7361, .adv_w = 80, .box_w = 6, .box_h = 2, .ofs_x = -1, .ofs_y = -3},
    {.bitmap_index = 7363, .adv_w = 60, .box_w = 3, .box_h = 7, .ofs_x = 2, .ofs_y = 4},
    {.bitmap_index = 7366, .adv_w = 48, .box_w = 3, .box_h = 4, .ofs_x = 2, .ofs_y = 8},
    {.bitmap_index = 7368, .adv_w = 48, .box_w = 3, .box_h = 4, .ofs_x = 2, .ofs_y = 8},
    {.bitmap_index = 7370, .adv_w = 48, .box_w = 2, .box_h = 4, .ofs_x = 0, .ofs_y = -1},
    {.bitmap_index = 7371, .adv_w = 48, .box_w = 3, .box_h = 4, .ofs_x = 0, .ofs_y = -1},
    {.bitmap_index = 7373, .adv_w = 80, .box_w = 6, .box_h = 3, .ofs_x = -1, .ofs_y = -3},
    {.bitmap_index = 7376, .adv_w = 80, .box_w = 5, .box_h = 3, .ofs_x = -1, .ofs_y = -3},
    {.bitmap_index = 7378, .adv_w = 80, .box_w = 4, .box_h = 3, .ofs_x = 0, .ofs_y = -4},
    {.bitmap_index = 7380, .adv_w = 0, .box_w = 3, .box_h = 3, .ofs_x = -2, .ofs_y = 8},
    {.bitmap_index = 7382, .adv_w = 0, .box_w = 3, .box_h = 3, .ofs_x = 0, .ofs_y = 8},
    {.bitmap_index = 7384, .adv_w = 0, .box_w = 4, .box_h = 3, .ofs_x = -2, .ofs_y = 8},
    {.bitmap_index = 7386, .adv_w = 0, .box_w = 5, .box_h = 2, .ofs_x = -2, .ofs_y = 8},
    {.bitmap_index = 7388, .adv_w = 0, .box_w = 4, .box_h = 1, .ofs_x = -2, .ofs_y = 8},
    {.bitmap_index = 7389, .adv_w = 0, .box_w = 7, .box_h = 1, .ofs_x = -3, .ofs_y = 9},
    {.bitmap_index = 7390, .adv_w = 0, .box_w = 5, .box_h = 3, .ofs_x = -2, .ofs_y = 8},
    {.bitmap_index = 7392, .adv_w = 0, .box_w = 1, .box_h = 2, .ofs_x = 0, .ofs_y = 8},
    {.bitmap_index = 7393, .adv_w = 0, .box_w = 4, .box_h = 2, .ofs_x = -2, .ofs_y = 8},
    {.bitmap_index = 7394, .adv_w = 0, .box_w = 3, .box_h = 3, .ofs_x = -1, .ofs_y = 8},
    {.bitmap_index = 7396, .adv_w = 0, .box_w = 3, .box_h = 4, .ofs_x = -1, .ofs_y = 8},
    {.bitmap_index = 7398, .adv_w = 0, .box_w = 4, .box_h = 3, .ofs_x = -4, .ofs_y = 8},
    {.bitmap_index = 7400, .adv_w = 0, .box_w = 5, .box_h = 3, .ofs_x = -2, .ofs_y = 8},
    {.bitmap_index = 7402, .adv_w = 0, .box_w = 1, .box_h = 3, .ofs_x = 0, .ofs_y = 8},
    {.bitmap_index = 7403, .adv_w = 0, .box_w = 3, .box_h = 3, .ofs_x = -1, .ofs_y = 8},
    {.bitmap_index = 7405, .adv_w = 0, .box_w = 5, .box_h = 3, .ofs_x = -6, .ofs_y = 8},
    {.bitmap_index = 7407, .adv_w = 0, .box_w = 4, .box_h = 4, .ofs_x = -1, .ofs_y = 8},
    {.bitmap_index = 7409, .adv_w = 0, .box_w = 4, .box_h = 2, .ofs_x = -2, .ofs_y = 9},
    {.bitmap_index = 7410, .adv_w = 0, .box_w = 2, .box_h = 4, .ofs_x = -1, .ofs_y = 8},
    {.bitmap_index = 7411, .adv_w = 0, .box_w = 2, .box_h = 4, .ofs_x = 0, .ofs_y = 7},
    {.bitmap_index = 7412, .adv_w = 0, .box_w = 2, .box_h = 4, .ofs_x = 0, .ofs_y = 7},
    {.bitmap_index = 7413, .adv_w = 0, .box_w = 2, .box_h = 4, .ofs_x = 2, .ofs_y = 7},
    {.bitmap_index = 7414, .adv_w = 0, .box_w = 2, .box_h = 3, .ofs_x = -5, .ofs_y = -4},
    {.bitmap_index = 7415, .adv_w = 0, .box_w = 3, .box_h = 3, .ofs_x = -5, .ofs_y = -4},
    {.bitmap_index = 7417, .adv_w = 0, .box_w = 4, .box_h = 4, .ofs_x = -5, .ofs_y = -4},
    {.bitmap_index = 7419, .adv_w = 0, .box_w = 4, .box_h = 4, .ofs_x = -5, .ofs_y = -4},
    {.bitmap_index = 7421, .adv_w = 0, .box_w = 4, .box_h = 4, .ofs_x = 0, .ofs_y = 8},
    {.bitmap_index = 7423, .adv_w = 0, .box_w = 4, .box_h = 4, .ofs_x = 1, .ofs_y = 5},
    {.bitmap_index = 7425, .adv_w = 0, .box_w = 2, .box_h = 4, .ofs_x = -5, .ofs_y = -4},
    {.bitmap_index = 7426, .adv_w = 0, .box_w = 4, .box_h = 4, .ofs_x = -6, .ofs_y = -5},
    {.bitmap_index = 7428, .adv_w = 0, .box_w = 5, .box_h = 4, .ofs_x = -6, .ofs_y = -5},
    {.bitmap_index = 7431, .adv_w = 0, .box_w = 4, .box_h = 4, .ofs_x = -5, .ofs_y = -4},
    {.bitmap_index = 7433, .adv_w = 0, .box_w = 5, .box_h = 1, .ofs_x = -6, .ofs_y = -2},
    {.bitmap_index = 7434, .adv_w = 0, .box_w = 3, .box_h = 5, .ofs_x = -4, .ofs_y = -4},
    {.bitmap_index = 7436, .adv_w = 0, .box_w = 2, .box_h = 5, .ofs_x = -2, .ofs_y = -4},
    {.bitmap_index = 7438, .adv_w = 0, .box_w = 2, .box_h = 2, .ofs_x = -5, .ofs_y = -3},
    {.bitmap_index = 7439, .adv_w = 0, .box_w = 5, .box_h = 2, .ofs_x = -6, .ofs_y = -3},
    {.bitmap_index = 7441, .adv_w = 0, .box_w = 3, .box_h = 4, .ofs_x = -6, .ofs_y = -4},
    {.bitmap_index = 7443, .adv_w = 0, .box_w = 2, .box_h = 4, .ofs_x = -4, .ofs_y = -5},
    {.bitmap_index = 7444, .adv_w = 0, .box_w = 4, .box_h = 4, .ofs_x = -5, .ofs_y = -4},
    {.bitmap_index = 7446, .adv_w = 0, .box_w = 3, .box_h = 3, .ofs_x = -4, .ofs_y = -3},
    {.bitmap_index = 7448, .adv_w = 0, .box_w = 1, .box_h = 3, .ofs_x = -4, .ofs_y = -4},
    {.bitmap_index = 7449, .adv_w = 0, .box_w = 6, .box_h = 3, .ofs_x = -6, .ofs_y = -4},
    {.bitmap_index = 7452, .adv_w = 0, .box_w = 4, .box_h = 2, .ofs_x = -5, .ofs_y = -3},
    {.bitmap_index = 7453, .adv_w = 0, .box_w = 4, .box_h = 3, .ofs_x = -5, .ofs_y = -4},
    {.bitmap_index = 7455, .adv_w = 0, .box_w = 5, .box_h = 3, .ofs_x = -6, .ofs_y = -4},
    {.bitmap_index = 7457, .adv_w = 0, .box_w = 4, .box_h = 3, .ofs_x = -5, .ofs_y = -3},
    {.bitmap_index = 7459, .adv_w = 0, .box_w = 5, .box_h = 2, .ofs_x = -6, .ofs_y = -3},
    {.bitmap_index = 7461, .adv_w = 0, .box_w = 6, .box_h = 2, .ofs_x = -6, .ofs_y = -3},
    {.bitmap_index = 7463, .adv_w = 0, .box_w = 5, .box_h = 1, .ofs_x = -6, .ofs_y = -3},
    {.bitmap_index = 7464, .adv_w = 0, .box_w = 8, .box_h = 1, .ofs_x = -8, .ofs_y = -2},
    {.bitmap_index = 7465, .adv_w = 0, .box_w = 8, .box_h = 2, .ofs_x = -8, .ofs_y = -3},
    {.bitmap_index = 7467, .adv_w = 0, .box_w = 6, .box_h = 2, .ofs_x = -4, .ofs_y = 3},
    {.bitmap_index = 7469, .adv_w = 0, .box_w = 3, .box_h = 1, .ofs_x = -2, .ofs_y = 3},
    {.bitmap_index = 7470, .adv_w = 0, .box_w = 7, .box_h = 1, .ofs_x = -5, .ofs_y = 3},
    {.bitmap_index = 7471, .adv_w = 0, .box_w = 8, .box_h = 3, .ofs_x = -6, .ofs_y = 2},
    {.bitmap_index = 7474, .adv_w = 0, .box_w = 9, .box_h = 11, .ofs_x = -6, .ofs_y = -2},
    {.bitmap_index = 7487, .adv_w = 0, .box_w = 2, .box_h = 4, .ofs_x = -5, .ofs_y = -4},
    {.bitmap_index = 7488, .adv_w = 0, .box_w = 6, .box_h = 3, .ofs_x = -7, .ofs_y = -3},
    {.bitmap_index = 7491, .adv_w = 0, .box_w = 5, .box_h = 4, .ofs_x = -7, .ofs_y = -5},
    {.bitmap_index = 7494, .adv_w = 0, .box_w = 5, .box_h = 3, .ofs_x = -6, .ofs_y = -4},
    {.bitmap_index = 7496, .adv_w = 0, .box_w = 5, .box_h = 4, .ofs_x = -2, .ofs_y = 8},
    {.bitmap_index = 7499, .adv_w = 0, .box_w = 3, .box_h = 4, .ofs_x = 0, .ofs_y = 8},
    {.bitmap_index = 7501, .adv_w = 0, .box_w = 7, .box_h = 2, .ofs_x = -4, .ofs_y = 8},
    {.bitmap_index = 7503, .adv_w = 0, .box_w = 3, .box_h = 3, .ofs_x = -2, .ofs_y = 8},
    {.bitmap_index = 7505, .adv_w = 0, .box_w = 3, .box_h = 3, .ofs_x = -1, .ofs_y = 8},
    {.bitmap_index = 7507, .adv_w = 0, .box_w = 5, .box_h = 2, .ofs_x = -2, .ofs_y = 9},
    {.bitmap_index = 7509, .adv_w = 0, .box_w = 3, .box_h = 4, .ofs_x = -1, .ofs_y = 8},
    {.bitmap_index = 7511, .adv_w = 0, .box_w = 4, .box_h = 4, .ofs_x = -2, .ofs_y = 9},
    {.bitmap_index = 7513, .adv_w = 0, .box_w = 3, .box_h = 3, .ofs_x = -4, .ofs_y = -4},
    {.bitmap_index = 7515, .adv_w = 0, .box_w = 5, .box_h = 3, .ofs_x = -2, .ofs_y = 8},
    {.bitmap_index = 7517, .adv_w = 0, .box_w = 5, .box_h = 3, .ofs_x = -7, .ofs_y = -3},
    {.bitmap_index = 7519, .adv_w = 0, .box_w = 4, .box_h = 3, .ofs_x = -5, .ofs_y = -4},
    {.bitmap_index = 7521, .adv_w = 0, .box_w = 2, .box_h = 2, .ofs_x = -4, .ofs_y = -3},
    {.bitmap_index = 7522, .adv_w = 0, .box_w = 5, .box_h = 4, .ofs_x = -4, .ofs_y = 8},
    {.bitmap_index = 7525, .adv_w = 0, .box_w = 6, .box_h = 5, .ofs_x = -2, .ofs_y = 8},
    {.bitmap_index = 7529, .adv_w = 0, .box_w = 6, .box_h = 4, .ofs_x = -2, .ofs_y = 8},
    {.bitmap_index = 7532, .adv_w = 0, .box_w = 6, .box_h = 3, .ofs_x = -7, .ofs_y = -4},
    {.bitmap_index = 7535, .adv_w = 0, .box_w = 3, .box_h = 4, .ofs_x = -5, .ofs_y = -5},
    {.bitmap_index = 7537, .adv_w = 0, .box_w = 1, .box_h = 1, .ofs_x = 0, .ofs_y = 0},
    {.bitmap_index = 7538, .adv_w = 0, .box_w = 4, .box_h = 3, .ofs_x = -1, .ofs_y = 8},
    {.bitmap_index = 7540, .adv_w = 0, .box_w = 1, .box_h = 4, .ofs_x = 0, .ofs_y = 8},
    {.bitmap_index = 7541, .adv_w = 0, .box_w = 4, .box_h = 3, .ofs_x = -2, .ofs_y = 8},
    {.bitmap_index = 7543, .adv_w = 0, .box_w = 5, .box_h = 3, .ofs_x = -7, .ofs_y = -4},
    {.bitmap_index = 7545, .adv_w = 0, .box_w = 4, .box_h = 4, .ofs_x = -5, .ofs_y = -4},
    {.bitmap_index = 7547, .adv_w = 0, .box_w = 5, .box_h = 4, .ofs_x = -6, .ofs_y = -4},
    {.bitmap_index = 7550, .adv_w = 0, .box_w = 7, .box_h = 3, .ofs_x = -8, .ofs_y = -4},
    {.bitmap_index = 7553, .adv_w = 0, .box_w = 2, .box_h = 4, .ofs_x = -1, .ofs_y = 7},
    {.bitmap_index = 7554, .adv_w = 0, .box_w = 2, .box_h = 2, .ofs_x = -2, .ofs_y = 8},
    {.bitmap_index = 7555, .adv_w = 0, .box_w = 3, .box_h = 4, .ofs_x = -5, .ofs_y = -4},
    {.bitmap_index = 7557, .adv_w = 0, .box_w = 6, .box_h = 4, .ofs_x = -7, .ofs_y = -4},
    {.bitmap_index = 7560, .adv_w = 0, .box_w = 4, .box_h = 4, .ofs_x = -3, .ofs_y = 8},
    {.bitmap_index = 7562, .adv_w = 0, .box_w = 9, .box_h = 2, .ofs_x = -5, .ofs_y = -3},
    {.bitmap_index = 7565, .adv_w = 0, .box_w = 9, .box_h = 2, .ofs_x = -2, .ofs_y = 9},
    {.bitmap_index = 7568, .adv_w = 0, .box_w = 9, .box_h = 1, .ofs_x = -3, .ofs_y = 9},
    {.bitmap_index = 7570, .adv_w = 0, .box_w = 9, .box_h = 1, .ofs_x = -5, .ofs_y = -2},
    {.bitmap_index = 7572, .adv_w = 0, .box_w = 9, .box_h = 2, .ofs_x = -2, .ofs_y = 9},
    {.bitmap_index = 7575, .adv_w = 0, .box_w = 9, .box_h = 2, .ofs_x = -2, .ofs_y = 9},
    {.bitmap_index = 7578, .adv_w = 0, .box_w = 9, .box_h = 3, .ofs_x = -5, .ofs_y = -4},
    {.bitmap_index = 7582, .adv_w = 0, .box_w = 3, .box_h = 4, .ofs_x = -4, .ofs_y = 8},
    {.bitmap_index = 7584, .adv_w = 0, .box_w = 3, .box_h = 4, .ofs_x = -4, .ofs_y = 8},
    {.bitmap_index = 7586, .adv_w = 0, .box_w = 1, .box_h = 5, .ofs_x = -3, .ofs_y = 8},
    {.bitmap_index = 7587, .adv_w = 0, .box_w = 2, .box_h = 4, .ofs_x = -4, .ofs_y = 8},
    {.bitmap_index = 7588, .adv_w = 0, .box_w = 2, .box_h = 3, .ofs_x = -4, .ofs_y = 8},
    {.bitmap_index = 7589, .adv_w = 0, .box_w = 2, .box_h = 4, .ofs_x = -4, .ofs_y = 8},
    {.bitmap_index = 7590, .adv_w = 0, .box_w = 3, .box_h = 5, .ofs_x = -4, .ofs_y = 8},
    {.bitmap_index = 7592, .adv_w = 0, .box_w = 3, .box_h = 4, .ofs_x = -4, .ofs_y = 8},
    {.bitmap_index = 7594, .adv_w = 0, .box_w = 5, .box_h = 3, .ofs_x = -5, .ofs_y = 8},
    {.bitmap_index = 7596, .adv_w = 0, .box_w = 3, .box_h = 3, .ofs_x = -4, .ofs_y = 8},
    {.bitmap_index = 7598, .adv_w = 0, .box_w = 2, .box_h = 4, .ofs_x = -4, .ofs_y = 7},
    {.bitmap_index = 7599, .adv_w = 0, .box_w = 3, .box_h = 3, .ofs_x = -4, .ofs_y = 8},
    {.bitmap_index = 7601, .adv_w = 0, .box_w = 3, .box_h = 3, .ofs_x = -5, .ofs_y = 8},
    {.bitmap_index = 7603, .adv_w = 48, .box_w = 3, .box_h = 4, .ofs_x = 0, .ofs_y = 8},
    {.bitmap_index = 7605, .adv_w = 48, .box_w = 3, .box_h = 4, .ofs_x = 0, .ofs_y = -3},
    {.bitmap_index = 7607, .adv_w = 80, .box_w = 3, .box_h = 3, .ofs_x = 0, .ofs_y = -3},
    {.bitmap_index = 7609, .adv_w = 80, .box_w = 4, .box_h = 9, .ofs_x = 0, .ofs_y = -2},
    {.bitmap_index = 7614, .adv_w = 62, .box_w = 3, .box_h = 4, .ofs_x = 1, .ofs_y = 8},
    {.bitmap_index = 7616, .adv_w = 80, .box_w = 5, .box_h = 4, .ofs_x = 2, .ofs_y = 8},
    {.bitmap_index = 7619, .adv_w = 159, .box_w = 9, .box_h = 11, .ofs_x = 0, .ofs_y = 0},
    {.bitmap_index = 7632, .adv_w = 60, .box_w = 2, .box_h = 2, .ofs_x = 2, .ofs_y = 5},
    {.bitmap_index = 7633, .adv_w = 191, .box_w = 10, .box_h = 11, .ofs_x = 2, .ofs_y = 0},
    {.bitmap_index = 7647, .adv_w = 217, .box_w = 12, .box_h = 11, .ofs_x = 2, .ofs_y = 0},
    {.bitmap_index = 7664, .adv_w = 126, .box_w = 7, .box_h = 11, .ofs_x = 2, .ofs_y = 0},
    {.bitmap_index = 7674, .adv_w = 196, .box_w = 10, .box_h = 10, .ofs_x = 2, .ofs_y = 0},
    {.bitmap_index = 7687, .adv_w = 201, .box_w = 12, .box_h = 11, .ofs_x = 2, .ofs_y = 0},
    {.bitmap_index = 7704, .adv_w = 211, .box_w = 12, .box_h = 11, .ofs_x = 2, .ofs_y = 0},
    {.bitmap_index = 7721, .adv_w = 65, .box_w = 5, .box_h = 13, .ofs_x = 0, .ofs_y = 0},
    {.bitmap_index = 7730, .adv_w = 159, .box_w = 9, .box_h = 11, .ofs_x = 0, .ofs_y = 0},
    {.bitmap_index = 7743, .adv_w = 139, .box_w = 9, .box_h = 10, .ofs_x = 0, .ofs_y = 0},
    {.bitmap_index = 7755, .adv_w = 143, .box_w = 9, .box_h = 10, .ofs_x = 0, .ofs_y = 0},
    {.bitmap_index = 7767, .adv_w = 158, .box_w = 9, .box_h = 11, .ofs_x = 0, .ofs_y = 0},
    {.bitmap_index = 7780, .adv_w = 147, .box_w = 9, .box_h = 10, .ofs_x = 0, .ofs_y = 0},
    {.bitmap_index = 7792, .adv_w = 145, .box_w = 9, .box_h = 10, .ofs_x = 0, .ofs_y = 0},
    {.bitmap_index = 7804, .adv_w = 169, .box_w = 12, .box_h = 10, .ofs_x = 0, .ofs_y = 0},
    {.bitmap_index = 7819, .adv_w = 159, .box_w = 9, .box_h = 10, .ofs_x = 1, .ofs_y = 0},
    {.bitmap_index = 7831, .adv_w = 80, .box_w = 6, .box_h = 10, .ofs_x = 0, .ofs_y = 0},
    {.bitmap_index = 7839, .adv_w = 154, .box_w = 11, .box_h = 10, .ofs_x = 0, .ofs_y = 0},
    {.bitmap_index = 7853, .adv_w = 159, .box_w = 9, .box_h = 11, .ofs_x = 0, .ofs_y = 0},
    {.bitmap_index = 7866, .adv_w = 197, .box_w = 13, .box_h = 10, .ofs_x = 0, .ofs_y = 0},
    {.bitmap_index = 7883, .adv_w = 162, .box_w = 11, .box_h = 10, .ofs_x = 0, .ofs_y = 0},
    {.bitmap_index = 7897, .adv_w = 163, .box_w = 10, .box_h = 10, .ofs_x = 0, .ofs_y = 0},
    {.bitmap_index = 7910, .adv_w = 157, .box_w = 9, .box_h = 10, .ofs_x = 1, .ofs_y = 0},
    {.bitmap_index = 7922, .adv_w = 167, .box_w = 12, .box_h = 10, .ofs_x = 0, .ofs_y = 0},
    {.bitmap_index = 7937, .adv_w = 136, .box_w = 9, .box_h = 10, .ofs_x = 0, .ofs_y = 0},
    {.bitmap_index = 7949, .adv_w = 157, .box_w = 10, .box_h = 10, .ofs_x = 0, .ofs_y = 0},
    {.bitmap_index = 7962, .adv_w = 143, .box_w = 8, .box_h = 10, .ofs_x = 2, .ofs_y = 0},
    {.bitmap_index = 7972, .adv_w = 163, .box_w = 9, .box_h = 10, .ofs_x = 1, .ofs_y = 0},
    {.bitmap_index = 7984, .adv_w = 180, .box_w = 10, .box_h = 10, .ofs_x = 1, .ofs_y = 0},
    {.bitmap_index = 7997, .adv_w = 160, .box_w = 10, .box_h = 10, .ofs_x = 0, .ofs_y = 0},
    {.bitmap_index = 8010, .adv_w = 197, .box_w = 13, .box_h = 10, .ofs_x = 1, .ofs_y = 0},
    {.bitmap_index = 8027, .adv_w = 184, .box_w = 12, .box_h = 10, .ofs_x = 0, .ofs_y = 0},
    {.bitmap_index = 8042, .adv_w = 80, .box_w = 7, .box_h = 13, .ofs_x = 0, .ofs_y = 0},
    {.bitmap_index = 8054, .adv_w = 167, .box_w = 9, .box_h = 13, .ofs_x = 1, .ofs_y = 0},
    {.bitmap_index = 8069, .adv_w = 135, .box_w = 8, .box_h = 11, .ofs_x = 0, .ofs_y = 0},
    {.bitmap_index = 8080, .adv_w = 103, .box_w = 6, .box_h = 11, .ofs_x = 0, .ofs_y = 0},
    {.bitmap_index = 8089, .adv_w = 129, .box_w = 6, .box_h = 14, .ofs_x = 1, .ofs_y = -3},
    {.bitmap_index = 8100, .adv_w = 65, .box_w = 5, .box_h = 11, .ofs_x = 0, .ofs_y = 0},
    {.bitmap_index = 8107, .adv_w = 130, .box_w = 6, .box_h = 13, .ofs_x = 1, .ofs_y = 0},
    {.bitmap_index = 8117, .adv_w = 135, .box_w = 8, .box_h = 7, .ofs_x = 0, .ofs_y = 0},
    {.bitmap_index = 8124, .adv_w = 122, .box_w = 8, .box_h = 14, .ofs_x = -1, .ofs_y = -3},
    {.bitmap_index = 8138, .adv_w = 119, .box_w = 6, .box_h = 10, .ofs_x = 1, .ofs_y = -3},
    {.bitmap_index = 8146, .adv_w = 124, .box_w = 7, .box_h = 11, .ofs_x = 0, .ofs_y = 0},
    {.bitmap_index = 8156, .adv_w = 103, .box_w = 6, .box_h = 7, .ofs_x = 0, .ofs_y = 0},
    {.bitmap_index = 8162, .adv_w = 98, .box_w = 7, .box_h = 14, .ofs_x = 0, .ofs_y = -3},
    {.bitmap_index = 8175, .adv_w = 129, .box_w = 6, .box_h = 10, .ofs_x = 1, .ofs_y = -3},
    {.bitmap_index = 8183, .adv_w = 126, .box_w = 7, .box_h = 10, .ofs_x = 0, .ofs_y = 0},
    {.bitmap_index = 8192, .adv_w = 65, .box_w = 3, .box_h = 7, .ofs_x = 0, .ofs_y = 0},
    {.bitmap_index = 8195, .adv_w = 118, .box_w = 7, .box_h = 7, .ofs_x = 0, .ofs_y = 0},
    {.bitmap_index = 8202, .adv_w = 117, .box_w = 7, .box_h = 11, .ofs_x = 0, .ofs_y = 0},
    {.bitmap_index = 8212, .adv_w = 120, .box_w = 8, .box_h = 10, .ofs_x = -1, .ofs_y = -3},
    {.bitmap_index = 8222, .adv_w = 124, .box_w = 7, .box_h = 7, .ofs_x = 1, .ofs_y = 0},
    {.bitmap_index = 8229, .adv_w = 106, .box_w = 7, .box_h = 14, .ofs_x = 0, .ofs_y = -3},
    {.bitmap_index = 8242, .adv_w = 126, .box_w = 7, .box_h = 7, .ofs_x = 0, .ofs_y = 0},
    {.bitmap_index = 8249, .adv_w = 146, .box_w = 9, .box_h = 7, .ofs_x = 0, .ofs_y = 0},
    {.bitmap_index = 8257, .adv_w = 121, .box_w = 7, .box_h = 10, .ofs_x = 0, .ofs_y = -3},
    {.bitmap_index = 8266, .adv_w = 102, .box_w = 6, .box_h = 10, .ofs_x = 0, .ofs_y = -3},
    {.bitmap_index = 8274, .adv_w = 128, .box_w = 8, .box_h = 7, .ofs_x = 0, .ofs_y = 0},
    {.bitmap_index = 8281, .adv_w = 114, .box_w = 6, .box_h = 7, .ofs_x = 1, .ofs_y = 0},
    {.bitmap_index = 8287, .adv_w = 130, .box_w = 6, .box_h = 7, .ofs_x = 1, .ofs_y = 0},
    {.bitmap_index = 8293, .adv_w = 151, .box_w = 9, .box_h = 10, .ofs_x = 0, .ofs_y = -3},
    {.bitmap_index = 8305, .adv_w = 120, .box_w = 8, .box_h = 10, .ofs_x = -1, .ofs_y = -3},
    {.bitmap_index = 8315, .adv_w = 175, .box_w = 9, .box_h = 13, .ofs_x = 1, .ofs_y = -3},
    {.bitmap_index = 8330, .adv_w = 168, .box_w = 10, .box_h = 7, .ofs_x = 0, .ofs_y = 0},
    {.bitmap_index = 8339, .adv_w = 74, .box_w = 4, .box_h = 10, .ofs_x = 1, .ofs_y = 0},
    {.bitmap_index = 8344, .adv_w = 130, .box_w = 6, .box_h = 10, .ofs_x = 1, .ofs_y = 0},
    {.bitmap_index = 8352, .adv_w = 126, .box_w = 7, .box_h = 11, .ofs_x = 0, .ofs_y = 0},
    {.bitmap_index = 8362, .adv_w = 130, .box_w = 6, .box_h = 11, .ofs_x = 1, .ofs_y = 0},
    {.bitmap_index = 8371, .adv_w = 168, .box_w = 10, .box_h = 11, .ofs_x = 0, .ofs_y = 0},
    {.bitmap_index = 8385, .adv_w = 129, .box_w = 8, .box_h = 11, .ofs_x = 0, .ofs_y = 0},
    {.bitmap_index = 8396, .adv_w = 152, .box_w = 8, .box_h = 11, .ofs_x = 1, .ofs_y = 0},
    {.bitmap_index = 8407, .adv_w = 151, .box_w = 8, .box_h = 10, .ofs_x = 2, .ofs_y = 0},
    {.bitmap_index = 8417, .adv_w = 197, .box_w = 11, .box_h = 11, .ofs_x = 2, .ofs_y = 0},
    {.bitmap_index = 8433, .adv_w = 163, .box_w = 8, .box_h = 13, .ofs_x = 3, .ofs_y = 0},
    {.bitmap_index = 8446, .adv_w = 147, .box_w = 9, .box_h = 13, .ofs_x = 0, .ofs_y = -3},
    {.bitmap_index = 8461, .adv_w = 169, .box_w = 11, .box_h = 8, .ofs_x = 0, .ofs_y = 0},
    {.bitmap_index = 8472, .adv_w = 127, .box_w = 7, .box_h = 10, .ofs_x = 0, .ofs_y = -3},
    {.bitmap_index = 8481, .adv_w = 133, .box_w = 9, .box_h = 10, .ofs_x = 1, .ofs_y = 0},
    {.bitmap_index = 8493, .adv_w = 132, .box_w = 7, .box_h = 10, .ofs_x = 0, .ofs_y = -3},
    {.bitmap_index = 8502, .adv_w = 141, .box_w = 8, .box_h = 10, .ofs_x = 1, .ofs_y = 0},
    {.bitmap_index = 8512, .adv_w = 120, .box_w = 8, .box_h = 10, .ofs_x = 0, .ofs_y = -3},
    {.bitmap_index = 8522, .adv_w = 146, .box_w = 10, .box_h = 10, .ofs_x = 0, .ofs_y = 0},
    {.bitmap_index = 8535, .adv_w = 115, .box_w = 8, .box_h = 10, .ofs_x = -1, .ofs_y = -3},
    {.bitmap_index = 8545, .adv_w = 157, .box_w = 8, .box_h = 10, .ofs_x = 1, .ofs_y = 0},
    {.bitmap_index = 8555, .adv_w = 98, .box_w = 5, .box_h = 13, .ofs_x = 0, .ofs_y = -2},
    {.bitmap_index = 8564, .adv_w = 173, .box_w = 10, .box_h = 11, .ofs_x = 0, .ofs_y = 0},
    {.bitmap_index = 8578, .adv_w = 131, .box_w = 8, .box_h = 14, .ofs_x = 0, .ofs_y = -3},
    {.bitmap_index = 8592, .adv_w = 135, .box_w = 7, .box_h = 7, .ofs_x = 1, .ofs_y = 0},
    {.bitmap_index = 8599, .adv_w = 131, .box_w = 7, .box_h = 10, .ofs_x = 0, .ofs_y = -3},
    {.bitmap_index = 8608, .adv_w = 119, .box_w = 7, .box_h = 7, .ofs_x = 0, .ofs_y = 0},
    {.bitmap_index = 8615, .adv_w = 68, .box_w = 6, .box_h = 13, .ofs_x = -1, .ofs_y = -3},
    {.bitmap_index = 8625, .adv_w = 159, .box_w = 9, .box_h = 10, .ofs_x = 1, .ofs_y = 0},
    {.bitmap_index = 8637, .adv_w = 67, .box_w = 5, .box_h = 7, .ofs_x = 0, .ofs_y = 0},
    {.bitmap_index = 8642, .adv_w = 67, .box_w = 3, .box_h = 7, .ofs_x = 1, .ofs_y = 0},
    {.bitmap_index = 8645, .adv_w = 130, .box_w = 8, .box_h = 10, .ofs_x = 0, .ofs_y = 0},
    {.bitmap_index = 8655, .adv_w = 120, .box_w = 7, .box_h = 14, .ofs_x = 0, .ofs_y = -3},
    {.bitmap_index = 8668, .adv_w = 169, .box_w = 9, .box_h = 10, .ofs_x = 1, .ofs_y = 0},
    {.bitmap_index = 8680, .adv_w = 200, .box_w = 13, .box_h = 10, .ofs_x = 0, .ofs_y = 0},
    {.bitmap_index = 8697, .adv_w = 169, .box_w = 11, .box_h = 10, .ofs_x = -1, .ofs_y = -3},
    {.bitmap_index = 8711, .adv_w = 128, .box_w = 9, .box_h = 10, .ofs_x = -2, .ofs_y = -3},
    {.bitmap_index = 8723, .adv_w = 169, .box_w = 9, .box_h = 10, .ofs_x = 1, .ofs_y = 0},
    {.bitmap_index = 8735, .adv_w = 169, .box_w = 9, .box_h = 10, .ofs_x = 1, .ofs_y = 0},
    {.bitmap_index = 8747, .adv_w = 169, .box_w = 9, .box_h = 10, .ofs_x = 1, .ofs_y = 0},
    {.bitmap_index = 8759, .adv_w = 138, .box_w = 10, .box_h = 14, .ofs_x = 0, .ofs_y = 0},
    {.bitmap_index = 8777, .adv_w = 138, .box_w = 10, .box_h = 14, .ofs_x = 0, .ofs_y = 0},
    {.bitmap_index = 8795, .adv_w = 160, .box_w = 9, .box_h = 10, .ofs_x = 1, .ofs_y = 0},
    {.bitmap_index = 8807, .adv_w = 143, .box_w = 9, .box_h = 14, .ofs_x = 0, .ofs_y = 0},
    {.bitmap_index = 8823, .adv_w = 152, .box_w = 9, .box_h = 10, .ofs_x = 1, .ofs_y = 0},
    {.bitmap_index = 8835, .adv_w = 109, .box_w = 7, .box_h = 10, .ofs_x = 0, .ofs_y = 0},
    {.bitmap_index = 8844, .adv_w = 77, .box_w = 6, .box_h = 10, .ofs_x = 0, .ofs_y = 0},
    {.bitmap_index = 8852, .adv_w = 77, .box_w = 7, .box_h = 13, .ofs_x = 0, .ofs_y = 0},
    {.bitmap_index = 8864, .adv_w = 102, .box_w = 7, .box_h = 10, .ofs_x = 0, .ofs_y = 0},
    {.bitmap_index = 8873, .adv_w = 238, .box_w = 14, .box_h = 10, .ofs_x = 0, .ofs_y = 0},
    {.bitmap_index = 8891, .adv_w = 231, .box_w = 14, .box_h = 10, .ofs_x = 0, .ofs_y = 0},
    {.bitmap_index = 8909, .adv_w = 169, .box_w = 9, .box_h = 10, .ofs_x = 1, .ofs_y = 0},
    {.bitmap_index = 8921, .adv_w = 155, .box_w = 10, .box_h = 14, .ofs_x = 0, .ofs_y = 0},
    {.bitmap_index = 8939, .adv_w = 173, .box_w = 11, .box_h = 14, .ofs_x = 0, .ofs_y = 0},
    {.bitmap_index = 8959, .adv_w = 177, .box_w = 10, .box_h = 14, .ofs_x = 2, .ofs_y = 0},
    {.bitmap_index = 8977, .adv_w = 175, .box_w = 12, .box_h = 13, .ofs_x = 0, .ofs_y = -3},
    {.bitmap_index = 8997, .adv_w = 156, .box_w = 9, .box_h = 10, .ofs_x = 0, .ofs_y = 0},
    {.bitmap_index = 9009, .adv_w = 140, .box_w = 9, .box_h = 10, .ofs_x = 0, .ofs_y = 0},
    {.bitmap_index = 9021, .adv_w = 142, .box_w = 9, .box_h = 10, .ofs_x = 0, .ofs_y = 0},
    {.bitmap_index = 9033, .adv_w = 143, .box_w = 9, .box_h = 10, .ofs_x = 0, .ofs_y = 0},
    {.bitmap_index = 9045, .adv_w = 160, .box_w = 12, .box_h = 13, .ofs_x = -1, .ofs_y = -3},
    {.bitmap_index = 9065, .adv_w = 138, .box_w = 10, .box_h = 10, .ofs_x = 0, .ofs_y = 0},
    {.bitmap_index = 9078, .adv_w = 237, .box_w = 15, .box_h = 10, .ofs_x = 0, .ofs_y = 0},
    {.bitmap_index = 9097, .adv_w = 142, .box_w = 9, .box_h = 10, .ofs_x = 0, .ofs_y = 0},
    {.bitmap_index = 9109, .adv_w = 173, .box_w = 11, .box_h = 10, .ofs_x = 0, .ofs_y = 0},
    {.bitmap_index = 9123, .adv_w = 173, .box_w = 11, .box_h = 14, .ofs_x = 0, .ofs_y = 0},
    {.bitmap_index = 9143, .adv_w = 155, .box_w = 10, .box_h = 10, .ofs_x = 0, .ofs_y = 0},
    {.bitmap_index = 9156, .adv_w = 167, .box_w = 12, .box_h = 10, .ofs_x = -1, .ofs_y = 0},
    {.bitmap_index = 9171, .adv_w = 197, .box_w = 13, .box_h = 10, .ofs_x = 0, .ofs_y = 0},
    {.bitmap_index = 9188, .adv_w = 169, .box_w = 12, .box_h = 10, .ofs_x = 0, .ofs_y = 0},
    {.bitmap_index = 9203, .adv_w = 157, .box_w = 9, .box_h = 10, .ofs_x = 1, .ofs_y = 0},
    {.bitmap_index = 9215, .adv_w = 167, .box_w = 12, .box_h = 10, .ofs_x = 0, .ofs_y = 0},
    {.bitmap_index = 9230, .adv_w = 136, .box_w = 9, .box_h = 10, .ofs_x = 0, .ofs_y = 0},
    {.bitmap_index = 9242, .adv_w = 147, .box_w = 9, .box_h = 10, .ofs_x = 1, .ofs_y = 0},
    {.bitmap_index = 9254, .adv_w = 141, .box_w = 9, .box_h = 10, .ofs_x = 1, .ofs_y = 0},
    {.bitmap_index = 9266, .adv_w = 177, .box_w = 10, .box_h = 10, .ofs_x = 2, .ofs_y = 0},
    {.bitmap_index = 9279, .adv_w = 180, .box_w = 10, .box_h = 10, .ofs_x = 1, .ofs_y = 0},
    {.bitmap_index = 9292, .adv_w = 160, .box_w = 10, .box_h = 10, .ofs_x = 0, .ofs_y = 0},
    {.bitmap_index = 9305, .adv_w = 167, .box_w = 11, .box_h = 13, .ofs_x = 0, .ofs_y = -3},
    {.bitmap_index = 9323, .adv_w = 154, .box_w = 9, .box_h = 10, .ofs_x = 2, .ofs_y = 0},
    {.bitmap_index = 9335, .adv_w = 234, .box_w = 16, .box_h = 10, .ofs_x = 0, .ofs_y = 0},
    {.bitmap_index = 9355, .adv_w = 236, .box_w = 16, .box_h = 13, .ofs_x = 0, .ofs_y = -3},
    {.bitmap_index = 9381, .adv_w = 172, .box_w = 9, .box_h = 10, .ofs_x = 1, .ofs_y = 0},
    {.bitmap_index = 9393, .adv_w = 210, .box_w = 14, .box_h = 10, .ofs_x = 0, .ofs_y = 0},
    {.bitmap_index = 9411, .adv_w = 139, .box_w = 8, .box_h = 10, .ofs_x = 0, .ofs_y = 0},
    {.bitmap_index = 9421, .adv_w = 143, .box_w = 9, .box_h = 10, .ofs_x = 0, .ofs_y = 0},
    {.bitmap_index = 9433, .adv_w = 236, .box_w = 15, .box_h = 10, .ofs_x = 0, .ofs_y = 0},
    {.bitmap_index = 9452, .adv_w = 164, .box_w = 11, .box_h = 10, .ofs_x = 0, .ofs_y = 0},
    {.bitmap_index = 9466, .adv_w = 120, .box_w = 7, .box_h = 7, .ofs_x = 0, .ofs_y = 0},
    {.bitmap_index = 9473, .adv_w = 114, .box_w = 9, .box_h = 11, .ofs_x = 0, .ofs_y = 0},
    {.bitmap_index = 9486, .adv_w = 100, .box_w = 6, .box_h = 7, .ofs_x = 0, .ofs_y = 0},
    {.bitmap_index = 9492, .adv_w = 85, .box_w = 5, .box_h = 7, .ofs_x = 0, .ofs_y = 0},
    {.bitmap_index = 9497, .adv_w = 118, .box_w = 7, .box_h = 11, .ofs_x = 0, .ofs_y = 0},
    {.bitmap_index = 9507, .adv_w = 97, .box_w = 6, .box_h = 7, .ofs_x = 0, .ofs_y = 0},
    {.bitmap_index = 9513, .adv_w = 219, .box_w = 14, .box_h = 7, .ofs_x = 0, .ofs_y = 0},
    {.bitmap_index = 9526, .adv_w = 99, .box_w = 6, .box_h = 7, .ofs_x = 0, .ofs_y = 0},
    {.bitmap_index = 9532, .adv_w = 116, .box_w = 7, .box_h = 7, .ofs_x = 0, .ofs_y = 0},
    {.bitmap_index = 9539, .adv_w = 116, .box_w = 7, .box_h = 10, .ofs_x = 0, .ofs_y = 0},
    {.bitmap_index = 9548, .adv_w = 116, .box_w = 7, .box_h = 7, .ofs_x = 0, .ofs_y = 0},
    {.bitmap_index = 9555, .adv_w = 121, .box_w = 7, .box_h = 7, .ofs_x = 0, .ofs_y = 0},
    {.bitmap_index = 9562, .adv_w = 154, .box_w = 9, .box_h = 7, .ofs_x = 0, .ofs_y = 0},
    {.bitmap_index = 9570, .adv_w = 118, .box_w = 7, .box_h = 7, .ofs_x = 0, .ofs_y = 0},
    {.bitmap_index = 9577, .adv_w = 114, .box_w = 7, .box_h = 7, .ofs_x = 0, .ofs_y = 0},
    {.bitmap_index = 9584, .adv_w = 118, .box_w = 7, .box_h = 7, .ofs_x = 0, .ofs_y = 0},
    {.bitmap_index = 9591, .adv_w = 113, .box_w = 8, .box_h = 10, .ofs_x = -1, .ofs_y = -3},
    {.bitmap_index = 9601, .adv_w = 105, .box_w = 6, .box_h = 7, .ofs_x = 0, .ofs_y = 0},
    {.bitmap_index = 9607, .adv_w = 174, .box_w = 11, .box_h = 7, .ofs_x = 0, .ofs_y = 0},
    {.bitmap_index = 9617, .adv_w = 115, .box_w = 7, .box_h = 10, .ofs_x = 0, .ofs_y = -3},
    {.bitmap_index = 9626, .adv_w = 176, .box_w = 11, .box_h = 13, .ofs_x = 0, .ofs_y = -3},
    {.bitmap_index = 9644, .adv_w = 104, .box_w = 7, .box_h = 7, .ofs_x = 0, .ofs_y = 0},
    {.bitmap_index = 9651, .adv_w = 116, .box_w = 7, .box_h = 10, .ofs_x = 0, .ofs_y = -3},
    {.bitmap_index = 9660, .adv_w = 116, .box_w = 6, .box_h = 7, .ofs_x = 1, .ofs_y = 0},
    {.bitmap_index = 9666, .adv_w = 176, .box_w = 11, .box_h = 7, .ofs_x = 0, .ofs_y = 0},
    {.bitmap_index = 9676, .adv_w = 176, .box_w = 11, .box_h = 10, .ofs_x = 0, .ofs_y = -3},
    {.bitmap_index = 9690, .adv_w = 131, .box_w = 7, .box_h = 7, .ofs_x = 1, .ofs_y = 0},
    {.bitmap_index = 9697, .adv_w = 162, .box_w = 9, .box_h = 7, .ofs_x = 1, .ofs_y = 0},
    {.bitmap_index = 9705, .adv_w = 105, .box_w = 5, .box_h = 7, .ofs_x = 1, .ofs_y = 0},
    {.bitmap_index = 9710, .adv_w = 104, .box_w = 6, .box_h = 7, .ofs_x = 0, .ofs_y = 0},
    {.bitmap_index = 9716, .adv_w = 161, .box_w = 10, .box_h = 7, .ofs_x = 0, .ofs_y = 0},
    {.bitmap_index = 9725, .adv_w = 125, .box_w = 7, .box_h = 7, .ofs_x = 0, .ofs_y = 0},
    {.bitmap_index = 9732, .adv_w = 97, .box_w = 6, .box_h = 10, .ofs_x = 0, .ofs_y = 0},
    {.bitmap_index = 9740, .adv_w = 97, .box_w = 7, .box_h = 10, .ofs_x = 0, .ofs_y = 0},
    {.bitmap_index = 9749, .adv_w = 122, .box_w = 7, .box_h = 14, .ofs_x = 0, .ofs_y = -3},
    {.bitmap_index = 9762, .adv_w = 85, .box_w = 6, .box_h = 10, .ofs_x = 0, .ofs_y = 0},
    {.bitmap_index = 9770, .adv_w = 106, .box_w = 6, .box_h = 7, .ofs_x = 0, .ofs_y = 0},
    {.bitmap_index = 9776, .adv_w = 83, .box_w = 5, .box_h = 7, .ofs_x = 0, .ofs_y = 0},
    {.bitmap_index = 9781, .adv_w = 59, .box_w = 3, .box_h = 10, .ofs_x = 1, .ofs_y = 0},
    {.bitmap_index = 9785, .adv_w = 67, .box_w = 4, .box_h = 10, .ofs_x = 1, .ofs_y = 0},
    {.bitmap_index = 9790, .adv_w = 68, .box_w = 6, .box_h = 13, .ofs_x = -1, .ofs_y = -3},
    {.bitmap_index = 9800, .adv_w = 170, .box_w = 10, .box_h = 7, .ofs_x = 0, .ofs_y = 0},
    {.bitmap_index = 9809, .adv_w = 167, .box_w = 10, .box_h = 7, .ofs_x = 0, .ofs_y = 0},
    {.bitmap_index = 9818, .adv_w = 120, .box_w = 7, .box_h = 11, .ofs_x = 0, .ofs_y = 0},
    {.bitmap_index = 9828, .adv_w = 116, .box_w = 7, .box_h = 10, .ofs_x = 0, .ofs_y = 0},
    {.bitmap_index = 9837, .adv_w = 116, .box_w = 7, .box_h = 10, .ofs_x = 0, .ofs_y = 0},
    {.bitmap_index = 9846, .adv_w = 115, .box_w = 7, .box_h = 13, .ofs_x = 0, .ofs_y = -3},
    {.bitmap_index = 9858, .adv_w = 118, .box_w = 6, .box_h = 10, .ofs_x = 1, .ofs_y = -3},
    {.bitmap_index = 9866, .adv_w = 231, .box_w = 13, .box_h = 10, .ofs_x = 1, .ofs_y = 0},
    {.bitmap_index = 9883, .adv_w = 163, .box_w = 10, .box_h = 7, .ofs_x = 0, .ofs_y = 0},
    {.bitmap_index = 9892, .adv_w = 170, .box_w = 9, .box_h = 10, .ofs_x = 1, .ofs_y = 0},
    {.bitmap_index = 9904, .adv_w = 165, .box_w = 10, .box_h = 7, .ofs_x = 0, .ofs_y = 0},
    {.bitmap_index = 9913, .adv_w = 234, .box_w = 15, .box_h = 10, .ofs_x = 0, .ofs_y = 0},
    {.bitmap_index = 9932, .adv_w = 155, .box_w = 9, .box_h = 7, .ofs_x = 0, .ofs_y = 0},
    {.bitmap_index = 9940, .adv_w = 195, .box_w = 12, .box_h = 10, .ofs_x = 0, .ofs_y = 0},
    {.bitmap_index = 9955, .adv_w = 150, .box_w = 9, .box_h = 7, .ofs_x = 0, .ofs_y = 0},
    {.bitmap_index = 9963, .adv_w = 263, .box_w = 16, .box_h = 10, .ofs_x = 0, .ofs_y = 0},
    {.bitmap_index = 9983, .adv_w = 190, .box_w = 12, .box_h = 7, .ofs_x = 0, .ofs_y = 0},
    {.bitmap_index = 9994, .adv_w = 231, .box_w = 14, .box_h = 10, .ofs_x = 0, .ofs_y = 0},
    {.bitmap_index = 10012, .adv_w = 177, .box_w = 11, .box_h = 7, .ofs_x = 0, .ofs_y = 0},
    {.bitmap_index = 10022, .adv_w = 302, .box_w = 18, .box_h = 10, .ofs_x = 0, .ofs_y = 0},
    {.bitmap_index = 10045, .adv_w = 213, .box_w = 13, .box_h = 7, .ofs_x = 0, .ofs_y = 0},
    {.bitmap_index = 10057, .adv_w = 138, .box_w = 9, .box_h = 17, .ofs_x = 0, .ofs_y = -3},
    {.bitmap_index = 10077, .adv_w = 96, .box_w = 7, .box_h = 12, .ofs_x = 0, .ofs_y = -3},
    {.bitmap_index = 10088, .adv_w = 195, .box_w = 13, .box_h = 10, .ofs_x = 2, .ofs_y = 0},
    {.bitmap_index = 10105, .adv_w = 167, .box_w = 10, .box_h = 14, .ofs_x = 1, .ofs_y = -3},
    {.bitmap_index = 10123, .adv_w = 173, .box_w = 9, .box_h = 10, .ofs_x = 1, .ofs_y = 0},
    {.bitmap_index = 10135, .adv_w = 120, .box_w = 7, .box_h = 7, .ofs_x = 0, .ofs_y = 0},
    {.bitmap_index = 10142, .adv_w = 179, .box_w = 11, .box_h = 10, .ofs_x = 1, .ofs_y = 0},
    {.bitmap_index = 10156, .adv_w = 128, .box_w = 8, .box_h = 7, .ofs_x = 0, .ofs_y = 0},
    {.bitmap_index = 10163, .adv_w = 179, .box_w = 11, .box_h = 15, .ofs_x = 1, .ofs_y = 0},
    {.bitmap_index = 10184, .adv_w = 128, .box_w = 8, .box_h = 10, .ofs_x = 0, .ofs_y = 0},
    {.bitmap_index = 10194, .adv_w = 266, .box_w = 15, .box_h = 13, .ofs_x = 1, .ofs_y = -3},
    {.bitmap_index = 10219, .adv_w = 218, .box_w = 13, .box_h = 10, .ofs_x = 0, .ofs_y = -3},
    {.bitmap_index = 10236, .adv_w = 208, .box_w = 13, .box_h = 13, .ofs_x = 0, .ofs_y = -1},
    {.bitmap_index = 10258, .adv_w = 144, .box_w = 9, .box_h = 8, .ofs_x = 0, .ofs_y = 0},
    {.bitmap_index = 10267, .adv_w = 231, .box_w = 13, .box_h = 15, .ofs_x = 1, .ofs_y = 0},
    {.bitmap_index = 10292, .adv_w = 164, .box_w = 11, .box_h = 10, .ofs_x = 0, .ofs_y = 0},
    {.bitmap_index = 10306, .adv_w = 231, .box_w = 13, .box_h = 14, .ofs_x = 1, .ofs_y = 0},
    {.bitmap_index = 10329, .adv_w = 163, .box_w = 11, .box_h = 10, .ofs_x = 0, .ofs_y = 0},
    {.bitmap_index = 10343, .adv_w = 141, .box_w = 8, .box_h = 10, .ofs_x = 1, .ofs_y = 0},
    {.bitmap_index = 10353, .adv_w = 106, .box_w = 6, .box_h = 10, .ofs_x = 0, .ofs_y = -3},
    {.bitmap_index = 10361, .adv_w = 77, .box_w = 4, .box_h = 5, .ofs_x = 0, .ofs_y = -3},
    {.bitmap_index = 10364, .adv_w = 0, .box_w = 5, .box_h = 2, .ofs_x = -3, .ofs_y = 8},
    {.bitmap_index = 10366, .adv_w = 0, .box_w = 6, .box_h = 3, .ofs_x = -4, .ofs_y = 7},
    {.bitmap_index = 10369, .adv_w = 0, .box_w = 2, .box_h = 4, .ofs_x = 0, .ofs_y = 8},
    {.bitmap_index = 10370, .adv_w = 0, .box_w = 3, .box_h = 4, .ofs_x = -1, .ofs_y = 8},
    {.bitmap_index = 10372, .adv_w = 0, .box_w = 10, .box_h = 3, .ofs_x = -6, .ofs_y = 8},
    {.bitmap_index = 10376, .adv_w = 0, .box_w = 15, .box_h = 16, .ofs_x = -11, .ofs_y = -2},
    {.bitmap_index = 10406, .adv_w = 0, .box_w = 17, .box_h = 19, .ofs_x = -12, .ofs_y = -4},
    {.bitmap_index = 10447, .adv_w = 173, .box_w = 11, .box_h = 16, .ofs_x = 0, .ofs_y = -2},
    {.bitmap_index = 10469, .adv_w = 120, .box_w = 6, .box_h = 12, .ofs_x = 1, .ofs_y = -2},
    {.bitmap_index = 10478, .adv_w = 144, .box_w = 8, .box_h = 10, .ofs_x = 0, .ofs_y = 0},
    {.bitmap_index = 10488, .adv_w = 104, .box_w = 6, .box_h = 7, .ofs_x = 0, .ofs_y = 0},
    {.bitmap_index = 10494, .adv_w = 147, .box_w = 9, .box_h = 10, .ofs_x = 0, .ofs_y = 0},
    {.bitmap_index = 10506, .adv_w = 120, .box_w = 8, .box_h = 10, .ofs_x = -1, .ofs_y = -3},
    {.bitmap_index = 10516, .adv_w = 132, .box_w = 10, .box_h = 12, .ofs_x = 0, .ofs_y = 0},
    {.bitmap_index = 10531, .adv_w = 102, .box_w = 7, .box_h = 9, .ofs_x = 0, .ofs_y = 0},
    {.bitmap_index = 10539, .adv_w = 142, .box_w = 9, .box_h = 10, .ofs_x = 0, .ofs_y = 0},
    {.bitmap_index = 10551, .adv_w = 102, .box_w = 7, .box_h = 7, .ofs_x = 0, .ofs_y = 0},
    {.bitmap_index = 10558, .adv_w = 147, .box_w = 10, .box_h = 14, .ofs_x = 0, .ofs_y = -4},
    {.bitmap_index = 10576, .adv_w = 104, .box_w = 7, .box_h = 10, .ofs_x = 0, .ofs_y = -3},
    {.bitmap_index = 10585, .adv_w = 238, .box_w = 15, .box_h = 13, .ofs_x = 0, .ofs_y = -3},
    {.bitmap_index = 10610, .adv_w = 224, .box_w = 14, .box_h = 10, .ofs_x = 0, .ofs_y = -3},
    {.bitmap_index = 10628, .adv_w = 142, .box_w = 9, .box_h = 13, .ofs_x = 0, .ofs_y = -3},
    {.bitmap_index = 10643, .adv_w = 95, .box_w = 6, .box_h = 10, .ofs_x = 0, .ofs_y = -3},
    {.bitmap_index = 10651, .adv_w = 163, .box_w = 10, .box_h = 13, .ofs_x = 0, .ofs_y = -3},
    {.bitmap_index = 10668, .adv_w = 118, .box_w = 7, .box_h = 10, .ofs_x = 0, .ofs_y = -3},
    {.bitmap_index = 10677, .adv_w = 168, .box_w = 11, .box_h = 10, .ofs_x = 0, .ofs_y = 0},
    {.bitmap_index = 10691, .adv_w = 128, .box_w = 8, .box_h = 7, .ofs_x = 0, .ofs_y = 0},
    {.bitmap_index = 10698, .adv_w = 159, .box_w = 10, .box_h = 10, .ofs_x = 0, .ofs_y = 0},
    {.bitmap_index = 10711, .adv_w = 118, .box_w = 7, .box_h = 7, .ofs_x = 0, .ofs_y = 0},
    {.bitmap_index = 10718, .adv_w = 186, .box_w = 11, .box_h = 10, .ofs_x = 1, .ofs_y = 0},
    {.bitmap_index = 10732, .adv_w = 166, .box_w = 9, .box_h = 7, .ofs_x = 1, .ofs_y = 0},
    {.bitmap_index = 10740, .adv_w = 175, .box_w = 12, .box_h = 13, .ofs_x = 0, .ofs_y = -3},
    {.bitmap_index = 10760, .adv_w = 120, .box_w = 7, .box_h = 10, .ofs_x = 0, .ofs_y = -3},
    {.bitmap_index = 10769, .adv_w = 218, .box_w = 15, .box_h = 10, .ofs_x = 0, .ofs_y = 0},
    {.bitmap_index = 10788, .adv_w = 158, .box_w = 10, .box_h = 7, .ofs_x = 0, .ofs_y = 0},
    {.bitmap_index = 10797, .adv_w = 248, .box_w = 14, .box_h = 14, .ofs_x = 0, .ofs_y = -4},
    {.bitmap_index = 10822, .adv_w = 167, .box_w = 10, .box_h = 10, .ofs_x = 0, .ofs_y = -3},
    {.bitmap_index = 10835, .adv_w = 175, .box_w = 11, .box_h = 10, .ofs_x = 0, .ofs_y = 0},
    {.bitmap_index = 10849, .adv_w = 130, .box_w = 8, .box_h = 7, .ofs_x = 0, .ofs_y = 0},
    {.bitmap_index = 10856, .adv_w = 160, .box_w = 9, .box_h = 13, .ofs_x = 1, .ofs_y = -3},
    {.bitmap_index = 10871, .adv_w = 97, .box_w = 6, .box_h = 10, .ofs_x = 0, .ofs_y = -3},
    {.bitmap_index = 10879, .adv_w = 133, .box_w = 9, .box_h = 12, .ofs_x = 1, .ofs_y = -2},
    {.bitmap_index = 10893, .adv_w = 186, .box_w = 11, .box_h = 10, .ofs_x = 0, .ofs_y = -3},
    {.bitmap_index = 10907, .adv_w = 142, .box_w = 8, .box_h = 10, .ofs_x = 2, .ofs_y = 0},
    {.bitmap_index = 10917, .adv_w = 138, .box_w = 9, .box_h = 10, .ofs_x = 0, .ofs_y = -3},
    {.bitmap_index = 10929, .adv_w = 133, .box_w = 9, .box_h = 10, .ofs_x = 1, .ofs_y = 0},
    {.bitmap_index = 10941, .adv_w = 138, .box_w = 9, .box_h = 10, .ofs_x = 0, .ofs_y = -3},
    {.bitmap_index = 10953, .adv_w = 158, .box_w = 10, .box_h = 13, .ofs_x = 0, .ofs_y = -3},
    {.bitmap_index = 10970, .adv_w = 106, .box_w = 7, .box_h = 10, .ofs_x = 0, .ofs_y = -3},
    {.bitmap_index = 10979, .adv_w = 192, .box_w = 13, .box_h = 12, .ofs_x = 1, .ofs_y = -2},
    {.bitmap_index = 10999, .adv_w = 139, .box_w = 7, .box_h = 10, .ofs_x = 1, .ofs_y = -3},
    {.bitmap_index = 11008, .adv_w = 162, .box_w = 9, .box_h = 13, .ofs_x = 2, .ofs_y = -3},
    {.bitmap_index = 11023, .adv_w = 120, .box_w = 6, .box_h = 10, .ofs_x = 1, .ofs_y = -3},
    {.bitmap_index = 11031, .adv_w = 166, .box_w = 9, .box_h = 10, .ofs_x = 2, .ofs_y = 0},
    {.bitmap_index = 11043, .adv_w = 124, .box_w = 6, .box_h = 7, .ofs_x = 1, .ofs_y = 0},
    {.bitmap_index = 11049, .adv_w = 154, .box_w = 9, .box_h = 10, .ofs_x = 0, .ofs_y = 0},
    {.bitmap_index = 11061, .adv_w = 120, .box_w = 7, .box_h = 11, .ofs_x = 0, .ofs_y = 0},
    {.bitmap_index = 11071, .adv_w = 188, .box_w = 12, .box_h = 10, .ofs_x = 0, .ofs_y = 0},
    {.bitmap_index = 11086, .adv_w = 137, .box_w = 8, .box_h = 7, .ofs_x = 1, .ofs_y = 0},
    {.bitmap_index = 11093, .adv_w = 188, .box_w = 12, .box_h = 12, .ofs_x = 0, .ofs_y = -2},
    {.bitmap_index = 11111, .adv_w = 136, .box_w = 8, .box_h = 9, .ofs_x = 1, .ofs_y = -2},
    {.bitmap_index = 11120, .adv_w = 77, .box_w = 6, .box_h = 10, .ofs_x = 0, .ofs_y = 0},
    {.bitmap_index = 11128, .adv_w = 237, .box_w = 15, .box_h = 14, .ofs_x = 0, .ofs_y = 0},
    {.bitmap_index = 11155, .adv_w = 219, .box_w = 14, .box_h = 10, .ofs_x = 0, .ofs_y = 0},
    {.bitmap_index = 11173, .adv_w = 159, .box_w = 10, .box_h = 14, .ofs_x = 0, .ofs_y = -4},
    {.bitmap_index = 11191, .adv_w = 118, .box_w = 7, .box_h = 10, .ofs_x = 0, .ofs_y = -3},
    {.bitmap_index = 11200, .adv_w = 173, .box_w = 12, .box_h = 12, .ofs_x = -1, .ofs_y = -2},
    {.bitmap_index = 11218, .adv_w = 117, .box_w = 8, .box_h = 9, .ofs_x = -1, .ofs_y = -2},
    {.bitmap_index = 11227, .adv_w = 173, .box_w = 12, .box_h = 14, .ofs_x = 0, .ofs_y = -4},
    {.bitmap_index = 11248, .adv_w = 120, .box_w = 7, .box_h = 10, .ofs_x = 0, .ofs_y = -3},
    {.bitmap_index = 11257, .adv_w = 173, .box_w = 12, .box_h = 12, .ofs_x = 0, .ofs_y = -2},
    {.bitmap_index = 11275, .adv_w = 120, .box_w = 7, .box_h = 9, .ofs_x = 0, .ofs_y = -2},
    {.bitmap_index = 11283, .adv_w = 160, .box_w = 9, .box_h = 13, .ofs_x = 2, .ofs_y = -3},
    {.bitmap_index = 11298, .adv_w = 120, .box_w = 6, .box_h = 10, .ofs_x = 1, .ofs_y = -3},
    {.bitmap_index = 11306, .adv_w = 199, .box_w = 13, .box_h = 12, .ofs_x = 0, .ofs_y = -2},
    {.bitmap_index = 11326, .adv_w = 150, .box_w = 10, .box_h = 9, .ofs_x = -1, .ofs_y = -2},
    {.bitmap_index = 11338, .adv_w = 77, .box_w = 6, .box_h = 10, .ofs_x = 0, .ofs_y = 0},
    {.bitmap_index = 11346, .adv_w = 156, .box_w = 9, .box_h = 14, .ofs_x = 0, .ofs_y = 0},
    {.bitmap_index = 11362, .adv_w = 120, .box_w = 7, .box_h = 10, .ofs_x = 0, .ofs_y = 0},
    {.bitmap_index = 11371, .adv_w = 156, .box_w = 9, .box_h = 14, .ofs_x = 0, .ofs_y = 0},
    {.bitmap_index = 11387, .adv_w = 120, .box_w = 7, .box_h = 10, .ofs_x = 0, .ofs_y = 0},
    {.bitmap_index = 11396, .adv_w = 210, .box_w = 14, .box_h = 10, .ofs_x = 0, .ofs_y = 0},
    {.bitmap_index = 11414, .adv_w = 152, .box_w = 10, .box_h = 7, .ofs_x = 0, .ofs_y = 0},
    {.bitmap_index = 11423, .adv_w = 138, .box_w = 10, .box_h = 14, .ofs_x = 0, .ofs_y = 0},
    {.bitmap_index = 11441, .adv_w = 97, .box_w = 7, .box_h = 10, .ofs_x = 0, .ofs_y = 0},
    {.bitmap_index = 11450, .adv_w = 140, .box_w = 9, .box_h = 10, .ofs_x = 0, .ofs_y = 0},
    {.bitmap_index = 11462, .adv_w = 97, .box_w = 6, .box_h = 7, .ofs_x = 0, .ofs_y = 0},
    {.bitmap_index = 11468, .adv_w = 140, .box_w = 10, .box_h = 14, .ofs_x = 0, .ofs_y = 0},
    {.bitmap_index = 11486, .adv_w = 97, .box_w = 7, .box_h = 10, .ofs_x = 0, .ofs_y = 0},
    {.bitmap_index = 11495, .adv_w = 237, .box_w = 15, .box_h = 14, .ofs_x = 0, .ofs_y = 0},
    {.bitmap_index = 11522, .adv_w = 219, .box_w = 14, .box_h = 10, .ofs_x = 0, .ofs_y = 0},
    {.bitmap_index = 11540, .adv_w = 142, .box_w = 9, .box_h = 14, .ofs_x = 0, .ofs_y = 0},
    {.bitmap_index = 11556, .adv_w = 99, .box_w = 6, .box_h = 10, .ofs_x = 0, .ofs_y = 0},
    {.bitmap_index = 11564, .adv_w = 124, .box_w = 9, .box_h = 10, .ofs_x = 0, .ofs_y = 0},
    {.bitmap_index = 11576, .adv_w = 107, .box_w = 7, .box_h = 10, .ofs_x = -1, .ofs_y = -3},
    {.bitmap_index = 11585, .adv_w = 173, .box_w = 11, .box_h = 13, .ofs_x = 0, .ofs_y = 0},
    {.bitmap_index = 11603, .adv_w = 116, .box_w = 7, .box_h = 10, .ofs_x = 0, .ofs_y = 0},
    {.bitmap_index = 11612, .adv_w = 173, .box_w = 11, .box_h = 14, .ofs_x = 0, .ofs_y = 0},
    {.bitmap_index = 11632, .adv_w = 116, .box_w = 7, .box_h = 10, .ofs_x = 0, .ofs_y = 0},
    {.bitmap_index = 11641, .adv_w = 157, .box_w = 9, .box_h = 14, .ofs_x = 1, .ofs_y = 0},
    {.bitmap_index = 11657, .adv_w = 114, .box_w = 8, .box_h = 10, .ofs_x = 0, .ofs_y = 0},
    {.bitmap_index = 11667, .adv_w = 159, .box_w = 9, .box_h = 10, .ofs_x = 1, .ofs_y = 0},
    {.bitmap_index = 11679, .adv_w = 120, .box_w = 7, .box_h = 7, .ofs_x = 0, .ofs_y = 0},
    {.bitmap_index = 11686, .adv_w = 159, .box_w = 9, .box_h = 14, .ofs_x = 1, .ofs_y = 0},
    {.bitmap_index = 11702, .adv_w = 120, .box_w = 8, .box_h = 10, .ofs_x = 0, .ofs_y = 0},
    {.bitmap_index = 11712, .adv_w = 143, .box_w = 9, .box_h = 14, .ofs_x = 0, .ofs_y = 0},
    {.bitmap_index = 11728, .adv_w = 104, .box_w = 6, .box_h = 10, .ofs_x = 0, .ofs_y = 0},
    {.bitmap_index = 11736, .adv_w = 177, .box_w = 10, .box_h = 13, .ofs_x = 2, .ofs_y = 0},
    {.bitmap_index = 11753, .adv_w = 115, .box_w = 7, .box_h = 13, .ofs_x = 0, .ofs_y = -3},
    {.bitmap_index = 11765, .adv_w = 177, .box_w = 10, .box_h = 14, .ofs_x = 2, .ofs_y = 0},
    {.bitmap_index = 11783, .adv_w = 115, .box_w = 7, .box_h = 13, .ofs_x = 0, .ofs_y = -3},
    {.bitmap_index = 11795, .adv_w = 177, .box_w = 10, .box_h = 14, .ofs_x = 2, .ofs_y = 0},
    {.bitmap_index = 11813, .adv_w = 115, .box_w = 7, .box_h = 13, .ofs_x = 0, .ofs_y = -3},
    {.bitmap_index = 11825, .adv_w = 154, .box_w = 9, .box_h = 14, .ofs_x = 2, .ofs_y = 0},
    {.bitmap_index = 11841, .adv_w = 116, .box_w = 6, .box_h = 10, .ofs_x = 1, .ofs_y = 0},
    {.bitmap_index = 11849, .adv_w = 147, .box_w = 10, .box_h = 13, .ofs_x = 0, .ofs_y = -3},
    {.bitmap_index = 11866, .adv_w = 102, .box_w = 7, .box_h = 10, .ofs_x = 0, .ofs_y = -3},
    {.bitmap_index = 11875, .adv_w = 210, .box_w = 14, .box_h = 14, .ofs_x = 0, .ofs_y = 0},
    {.bitmap_index = 11900, .adv_w = 162, .box_w = 9, .box_h = 10, .ofs_x = 1, .ofs_y = 0},
    {.bitmap_index = 11912, .adv_w = 128, .box_w = 8, .box_h = 10, .ofs_x = 1, .ofs_y = 0},
    {.bitmap_index = 11922, .adv_w = 98, .box_w = 6, .box_h = 7, .ofs_x = 1, .ofs_y = 0},
    {.bitmap_index = 11928, .adv_w = 173, .box_w = 12, .box_h = 14, .ofs_x = -1, .ofs_y = -4},
    {.bitmap_index = 11949, .adv_w = 117, .box_w = 7, .box_h = 10, .ofs_x = -1, .ofs_y = -3},
    {.bitmap_index = 11958, .adv_w = 157, .box_w = 9, .box_h = 13, .ofs_x = 1, .ofs_y = -3},
    {.bitmap_index = 11973, .adv_w = 116, .box_w = 7, .box_h = 10, .ofs_x = 0, .ofs_y = -3},
    {.bitmap_index = 11982, .adv_w = 213, .box_w = 12, .box_h = 10, .ofs_x = 2, .ofs_y = 0},
    {.bitmap_index = 11997, .adv_w = 157, .box_w = 9, .box_h = 7, .ofs_x = 1, .ofs_y = 0},
    {.bitmap_index = 12005, .adv_w = 159, .box_w = 10, .box_h = 10, .ofs_x = 0, .ofs_y = 0},
    {.bitmap_index = 12018, .adv_w = 118, .box_w = 7, .box_h = 7, .ofs_x = 0, .ofs_y = 0}
};

/*---------------------
 *  CHARACTER MAPPING
 *--------------------*/

static const uint16_t unicode_list_4[] = {
    0x0, 0x1, 0x6, 0xa, 0x10, 0x11, 0x12, 0x13,
    0x14, 0x15, 0x16, 0x18
};

static const uint8_t glyph_id_ofs_list_10[] = {
    0, 1, 2, 3, 0, 0, 0, 0,
    0, 0, 4, 5, 6, 7, 8, 9
};

/*Collect the unicode lists and glyph_id offsets*/
static const lv_font_fmt_txt_cmap_t cmaps[] =
{
    {
        .range_start = 32, .range_length = 95, .glyph_id_start = 1,
        .unicode_list = NULL, .glyph_id_ofs_list = NULL, .list_length = 0, .type = LV_FONT_FMT_TXT_CMAP_FORMAT0_TINY
    },
    {
        .range_start = 160, .range_length = 208, .glyph_id_start = 96,
        .unicode_list = NULL, .glyph_id_ofs_list = NULL, .list_length = 0, .type = LV_FONT_FMT_TXT_CMAP_FORMAT0_TINY
    },
    {
        .range_start = 368, .range_length = 256, .glyph_id_start = 304,
        .unicode_list = NULL, .glyph_id_ofs_list = NULL, .list_length = 0, .type = LV_FONT_FMT_TXT_CMAP_FORMAT0_TINY
    },
    {
        .range_start = 624, .range_length = 256, .glyph_id_start = 560,
        .unicode_list = NULL, .glyph_id_ofs_list = NULL, .list_length = 0, .type = LV_FONT_FMT_TXT_CMAP_FORMAT0_TINY
    },
    {
        .range_start = 884, .range_length = 25, .glyph_id_start = 816,
        .unicode_list = unicode_list_4, .glyph_id_ofs_list = NULL, .list_length = 12, .type = LV_FONT_FMT_TXT_CMAP_SPARSE_TINY
    },
    {
        .range_start = 910, .range_length = 20, .glyph_id_start = 828,
        .unicode_list = NULL, .glyph_id_ofs_list = NULL, .list_length = 0, .type = LV_FONT_FMT_TXT_CMAP_FORMAT0_TINY
    },
    {
        .range_start = 931, .range_length = 44, .glyph_id_start = 848,
        .unicode_list = NULL, .glyph_id_ofs_list = NULL, .list_length = 0, .type = LV_FONT_FMT_TXT_CMAP_FORMAT0_TINY
    },
    {
        .range_start = 976, .range_length = 18, .glyph_id_start = 892,
        .unicode_list = NULL, .glyph_id_ofs_list = NULL, .list_length = 0, .type = LV_FONT_FMT_TXT_CMAP_FORMAT0_TINY
    },
    {
        .range_start = 1008, .range_length = 10, .glyph_id_start = 910,
        .unicode_list = NULL, .glyph_id_ofs_list = NULL, .list_length = 0, .type = LV_FONT_FMT_TXT_CMAP_FORMAT0_TINY
    },
    {
        .range_start = 1018, .range_length = 256, .glyph_id_start = 920,
        .unicode_list = NULL, .glyph_id_ofs_list = NULL, .list_length = 0, .type = LV_FONT_FMT_TXT_CMAP_FORMAT0_TINY
    },
    {
        .range_start = 1296, .range_length = 16, .glyph_id_start = 1176,
        .unicode_list = NULL, .glyph_id_ofs_list = glyph_id_ofs_list_10, .list_length = 16, .type = LV_FONT_FMT_TXT_CMAP_FORMAT0_FULL
    }
};



/*--------------------
 *  ALL CUSTOM DATA
 *--------------------*/

static lv_font_fmt_txt_dsc_t font_dsc = {
    .glyph_bitmap = glyph_bitmap,
    .glyph_dsc = glyph_dsc,
    .cmaps = cmaps,
    .kern_dsc = NULL,
    .kern_scale = 0,
    .cmap_num = 11,
    .bpp = 1,
    .kern_classes = 0,
    .bitmap_format = 0,
};

/*-----------------
 *  PUBLIC FONT
 *----------------*/

/*Initialize a public general font descriptor*/
lv_font_t FreeSerifItalic_15 = {
    .name = "FreeSerifItalic_15",
    .line_height = 20,          /*The maximum line height required by the font*/
    .base_line = 5,             /*Baseline measured from the bottom of the line*/
    .dsc = &font_dsc,          /*The custom font data. Will be accessed by `get_glyph_bitmap/dsc` */
};

REGISTER_FONT(FreeSerifItalic_15);

#endif /*#if FREESERIFITALIC_15*/
