/*******************************************************************************
 * Size: 27 px
 * Bpp: 1
 * Opts: --bpp 1 --size 27 --no-compress --stride 1 --align 1 --font FreeSerifItalic.ttf --range 32-1327 --format lvgl -o FreeSerifItalic_27.c
 ******************************************************************************/

#include "../fontsdef.h"

 // Range:  0x20-0x52F
 // 0x20 -0x7E  Basic Latin
 // 0xA0 -0xFF  Latin Supplement
 // 0x100-0x17F Latin Extended A
 // 0x38E-0x3CE Greek
 // 0x400-0x45D Cyrillic

#if TFT_FONT == 2 // FREE SERIF ITALIC

/*-----------------
 *    BITMAPS
 *----------------*/

/*Store the image of the glyphs*/
static LV_ATTRIBUTE_LARGE_CONST const uint8_t glyph_bitmap[] = {
    /* U+0020 " " */
    0x0,

    /* U+0021 "!" */
    0x6, 0xc, 0x38, 0x70, 0xc1, 0x82, 0xc, 0x18,
    0x20, 0x41, 0x2, 0x0, 0x0, 0x20, 0xe1, 0xc0,

    /* U+0022 "\"" */
    0x43, 0x8f, 0x1c, 0x28, 0x51, 0x2, 0x0,

    /* U+0023 "#" */
    0x1, 0x8c, 0x2, 0x18, 0xc, 0x20, 0x18, 0xc0,
    0x21, 0x0, 0xc6, 0xf, 0xff, 0x2, 0x10, 0xc,
    0x60, 0x10, 0xc0, 0x63, 0x7, 0xff, 0x81, 0x8,
    0x6, 0x30, 0x8, 0x60, 0x30, 0x80, 0x63, 0x0,
    0x86, 0x0,

    /* U+0024 "$" */
    0x0, 0x80, 0x8, 0x7, 0xc1, 0x8b, 0x18, 0x93,
    0x11, 0x39, 0x11, 0x90, 0x1d, 0x0, 0xf0, 0x7,
    0x80, 0x3c, 0x2, 0xe0, 0x46, 0x4, 0x68, 0x46,
    0x84, 0x6c, 0x86, 0xc8, 0xc3, 0xf0, 0x8, 0x1,
    0x0, 0x10, 0x0,

    /* U+0025 "%" */
    0xf, 0x2, 0x7, 0x3f, 0xc0, 0xc2, 0x10, 0x30,
    0x46, 0xe, 0x9, 0x81, 0x82, 0x20, 0x30, 0x4c,
    0x6, 0x11, 0xe, 0x64, 0x66, 0x27, 0x9, 0xc4,
    0x3, 0x30, 0x80, 0x4c, 0x10, 0x11, 0x82, 0x6,
    0x30, 0x40, 0x86, 0x10, 0x30, 0xc2, 0x4, 0x18,
    0x81, 0x81, 0xe0,

    /* U+0026 "&" */
    0x0, 0x78, 0x0, 0x33, 0x0, 0x18, 0xc0, 0x6,
    0x30, 0x1, 0x98, 0x0, 0x6c, 0x0, 0x1c, 0x0,
    0x6, 0x0, 0x7, 0xcf, 0x86, 0x70, 0xc3, 0xc,
    0x61, 0x83, 0x90, 0xe0, 0xe8, 0x38, 0x1e, 0xe,
    0x7, 0x3, 0x81, 0xe0, 0x79, 0x9c, 0x8f, 0x83,
    0xc0,

    /* U+0027 "'" */
    0x5b, 0x49, 0x0,

    /* U+0028 "(" */
    0x2, 0x4, 0xc, 0x8, 0x10, 0x30, 0x30, 0x60,
    0x60, 0x60, 0xe0, 0xc0, 0xc0, 0xc0, 0xc0, 0xc0,
    0xc0, 0x40, 0x40, 0x40, 0x20, 0x20, 0x0,

    /* U+0029 ")" */
    0x8, 0x4, 0x4, 0x2, 0x2, 0x2, 0x3, 0x3,
    0x3, 0x3, 0x3, 0x7, 0x7, 0x6, 0x6, 0x6,
    0xc, 0xc, 0x18, 0x10, 0x20, 0x40, 0x80,

    /* U+002A "*" */
    0x4, 0x3, 0x4, 0x47, 0x93, 0x37, 0x3, 0x3,
    0xf3, 0x93, 0x44, 0x43, 0x0, 0x40,

    /* U+002B "+" */
    0x3, 0x0, 0xc, 0x0, 0x30, 0x0, 0xc0, 0x3,
    0x0, 0xc, 0xf, 0xff, 0xff, 0xff, 0x3, 0x0,
    0xc, 0x0, 0x30, 0x0, 0xc0, 0x3, 0x0, 0xc,
    0x0,

    /* U+002C "," */
    0x67, 0x72, 0x68,

    /* U+002D "-" */
    0x7f, 0xf8,

    /* U+002E "." */
    0xdf, 0x0,

    /* U+002F "/" */
    0x0, 0x30, 0x6, 0x0, 0x60, 0xc, 0x0, 0xc0,
    0x18, 0x3, 0x0, 0x30, 0x6, 0x0, 0x60, 0xc,
    0x0, 0xc0, 0x18, 0x3, 0x0, 0x30, 0x6, 0x0,
    0x60, 0xc, 0x0,

    /* U+0030 "0" */
    0x3, 0xc0, 0xc2, 0x18, 0x31, 0x83, 0x30, 0x37,
    0x3, 0x60, 0x36, 0x3, 0xe0, 0x3e, 0x3, 0xc0,
    0x7c, 0x6, 0xc0, 0x6c, 0xe, 0xc0, 0xcc, 0x18,
    0x63, 0x3, 0xe0,

    /* U+0031 "1" */
    0x7, 0xc0, 0x70, 0x18, 0x6, 0x1, 0x80, 0xe0,
    0x30, 0xc, 0x7, 0x1, 0x80, 0x60, 0x18, 0xe,
    0x3, 0x0, 0xc0, 0x30, 0x1c, 0x1f, 0x80,

    /* U+0032 "2" */
    0x7, 0xc0, 0xfe, 0x18, 0xf2, 0x7, 0x0, 0x30,
    0x3, 0x0, 0x30, 0x6, 0x0, 0x40, 0x8, 0x1,
    0x0, 0x20, 0x4, 0x0, 0x80, 0x10, 0x2, 0x2,
    0x7f, 0xcf, 0xfc,

    /* U+0033 "3" */
    0x1, 0xe0, 0x33, 0x82, 0xc, 0x0, 0x70, 0x3,
    0x0, 0x38, 0x3, 0x0, 0x70, 0xf, 0xc0, 0x7,
    0x0, 0x38, 0x0, 0xc0, 0x6, 0x0, 0x30, 0x3,
    0x8, 0x10, 0xf1, 0x3, 0xf0, 0x0,

    /* U+0034 "4" */
    0x0, 0x18, 0x1, 0xc0, 0x1c, 0x1, 0x60, 0x13,
    0x1, 0x30, 0x11, 0x81, 0xc, 0x10, 0xc1, 0x6,
    0x10, 0x31, 0xff, 0xef, 0xff, 0x0, 0xc0, 0x6,
    0x0, 0x70, 0x3, 0x0, 0x18, 0x0,

    /* U+0035 "5" */
    0x3, 0xf8, 0x1f, 0xc1, 0x0, 0x8, 0x0, 0xc0,
    0x7, 0xc0, 0x1f, 0x0, 0x3c, 0x0, 0x60, 0x3,
    0x0, 0x18, 0x0, 0xc0, 0x6, 0x0, 0x30, 0x1,
    0x8, 0x10, 0xf3, 0x3, 0xe0, 0x0,

    /* U+0036 "6" */
    0x0, 0x0, 0x7, 0x80, 0xe0, 0xe, 0x0, 0xe0,
    0xe, 0x0, 0xe0, 0xe, 0xf0, 0x78, 0xc7, 0x3,
    0x38, 0x19, 0x80, 0xcc, 0x6, 0x60, 0x33, 0x3,
    0x98, 0x18, 0xc0, 0xc3, 0xc, 0x7, 0x80,

    /* U+0037 "7" */
    0x3f, 0xf3, 0xff, 0x90, 0x9, 0x0, 0xc0, 0x4,
    0x0, 0x40, 0x6, 0x0, 0x20, 0x3, 0x0, 0x30,
    0x1, 0x0, 0x18, 0x0, 0x80, 0xc, 0x0, 0xc0,
    0x6, 0x0, 0x60, 0x6, 0x0, 0x0,

    /* U+0038 "8" */
    0x7, 0xc0, 0xc2, 0x18, 0x31, 0x83, 0x18, 0x31,
    0x83, 0xc, 0x60, 0xf8, 0x7, 0x83, 0x98, 0x60,
    0xcc, 0xe, 0xc0, 0x6c, 0x6, 0xc0, 0x6c, 0x4,
    0x60, 0xc1, 0xf0,

    /* U+0039 "9" */
    0x7, 0xc0, 0x86, 0x18, 0x33, 0x3, 0x70, 0x36,
    0x3, 0x60, 0x36, 0x3, 0x60, 0x77, 0x7, 0x38,
    0xe1, 0xfe, 0x0, 0xc0, 0x1c, 0x3, 0x80, 0x70,
    0xc, 0x3, 0x80, 0xc0, 0x0,

    /* U+003A ":" */
    0x18, 0x71, 0xc0, 0x0, 0x0, 0x0, 0x1, 0x8e,
    0x18,

    /* U+003B ";" */
    0x1c, 0x71, 0xc0, 0x0, 0x0, 0x0, 0x1, 0x86,
    0x18, 0x21, 0x8, 0x0,

    /* U+003C "<" */
    0x0, 0x4, 0x0, 0x70, 0x7, 0x80, 0xf8, 0xf,
    0x80, 0xf0, 0xf, 0x0, 0x3c, 0x0, 0x7c, 0x0,
    0x3c, 0x0, 0x3c, 0x0, 0x3c, 0x0, 0x3c, 0x0,
    0x30,

    /* U+003D "=" */
    0xff, 0xff, 0xff, 0xf0, 0x0, 0x0, 0x0, 0x0,
    0x3, 0xff, 0xff, 0xff, 0xc0,

    /* U+003E ">" */
    0x80, 0x7, 0x0, 0x1e, 0x0, 0x3c, 0x0, 0x7c,
    0x0, 0xf8, 0x0, 0xe0, 0x7, 0x0, 0xf0, 0x1e,
    0x3, 0xc0, 0xf8, 0xf, 0x0, 0x40, 0x0,

    /* U+003F "?" */
    0x1e, 0x31, 0x98, 0x6c, 0x30, 0x38, 0x18, 0x18,
    0x18, 0x18, 0x8, 0x8, 0x8, 0x4, 0x0, 0x0,
    0x1, 0x80, 0xc0, 0x60, 0x0,

    /* U+0040 "@" */
    0x3, 0xf8, 0x3, 0x81, 0x81, 0x80, 0x10, 0xc0,
    0x2, 0x60, 0x76, 0xd8, 0x73, 0x1c, 0x18, 0xc7,
    0xc, 0x31, 0xc3, 0xc, 0x71, 0x82, 0x1c, 0x61,
    0x87, 0x18, 0x62, 0x63, 0x39, 0x98, 0xf3, 0x83,
    0x0, 0x0, 0x60, 0x0, 0xe, 0x6, 0x0, 0xfe,
    0x0,

    /* U+0041 "A" */
    0x0, 0x10, 0x0, 0x18, 0x0, 0xc, 0x0, 0xf,
    0x0, 0x7, 0x80, 0x5, 0xc0, 0x2, 0x60, 0x2,
    0x30, 0x3, 0x18, 0x1, 0xe, 0x1, 0x7, 0x0,
    0xff, 0x80, 0x80, 0xc0, 0xc0, 0x60, 0x40, 0x30,
    0x60, 0x1c, 0x20, 0xe, 0x7c, 0x1f, 0x80,

    /* U+0042 "B" */
    0xf, 0xfc, 0x3, 0x86, 0x3, 0x7, 0x7, 0x7,
    0x7, 0x7, 0x7, 0x7, 0x6, 0x6, 0xe, 0x1c,
    0xf, 0xf0, 0xc, 0x38, 0xc, 0x1c, 0x1c, 0xe,
    0x1c, 0xe, 0x18, 0xe, 0x38, 0x1c, 0x38, 0x1c,
    0x38, 0x38, 0xff, 0xe0,

    /* U+0043 "C" */
    0x0, 0xff, 0x81, 0xc3, 0xc3, 0x80, 0x63, 0x80,
    0x23, 0x80, 0x11, 0xc0, 0x1, 0xc0, 0x0, 0xe0,
    0x0, 0xf0, 0x0, 0x70, 0x0, 0x38, 0x0, 0x1c,
    0x0, 0xe, 0x0, 0x7, 0x0, 0x1, 0xc0, 0x10,
    0x70, 0x10, 0x1c, 0x30, 0x7, 0xe0, 0x0,

    /* U+0044 "D" */
    0xf, 0xfc, 0x0, 0x70, 0x60, 0xc, 0x6, 0x3,
    0x80, 0xe0, 0x70, 0xe, 0xe, 0x1, 0xc1, 0x80,
    0x38, 0x70, 0x7, 0xe, 0x0, 0xe1, 0xc0, 0x1c,
    0x30, 0x3, 0x8e, 0x0, 0xe1, 0xc0, 0x1c, 0x30,
    0x7, 0xe, 0x1, 0xc1, 0xc0, 0x70, 0x38, 0x38,
    0x1f, 0xfc, 0x0,

    /* U+0045 "E" */
    0xf, 0xff, 0x81, 0xc0, 0xc0, 0xc0, 0x20, 0xe0,
    0x20, 0x70, 0x0, 0x38, 0x0, 0x18, 0x20, 0x1c,
    0x30, 0xf, 0xf0, 0x6, 0x8, 0x3, 0x4, 0x3,
    0x80, 0x1, 0xc0, 0x0, 0xc0, 0x0, 0xe0, 0x8,
    0x70, 0xc, 0x38, 0x1c, 0x7f, 0xfe, 0x0,

    /* U+0046 "F" */
    0xf, 0xff, 0x81, 0xc0, 0xc0, 0xc0, 0x20, 0xe0,
    0x20, 0x70, 0x0, 0x38, 0x0, 0x18, 0x20, 0x1c,
    0x30, 0xf, 0xf0, 0x7, 0x8, 0x3, 0x4, 0x3,
    0x84, 0x1, 0xc0, 0x0, 0xc0, 0x0, 0xe0, 0x0,
    0x70, 0x0, 0x38, 0x0, 0x7f, 0x0, 0x0,

    /* U+0047 "G" */
    0x0, 0xfc, 0x40, 0xe0, 0xf0, 0xe0, 0x18, 0x70,
    0x2, 0x38, 0x0, 0x8e, 0x0, 0x7, 0x0, 0x1,
    0xc0, 0x0, 0xf0, 0x0, 0x38, 0x7, 0xfe, 0x0,
    0x73, 0x80, 0x1c, 0xe0, 0x6, 0x18, 0x1, 0x87,
    0x0, 0xe0, 0xc0, 0x38, 0x1c, 0x1c, 0x1, 0xfc,
    0x0,

    /* U+0048 "H" */
    0xf, 0xe1, 0xf8, 0x1c, 0x7, 0x0, 0xc0, 0x38,
    0xe, 0x1, 0x80, 0x70, 0xc, 0x3, 0x80, 0xe0,
    0x18, 0x7, 0x1, 0xc0, 0x30, 0xf, 0xff, 0x80,
    0x70, 0x1c, 0x3, 0x0, 0xe0, 0x38, 0x6, 0x1,
    0xc0, 0x70, 0xc, 0x3, 0x80, 0xe0, 0x18, 0x7,
    0x0, 0xc0, 0x38, 0xe, 0x7, 0xe1, 0xfc, 0x0,

    /* U+0049 "I" */
    0xf, 0xc0, 0x70, 0xc, 0x3, 0x80, 0x70, 0xe,
    0x1, 0x80, 0x70, 0xe, 0x1, 0x80, 0x30, 0xe,
    0x1, 0xc0, 0x30, 0xe, 0x1, 0xc0, 0x38, 0x1f,
    0x80,

    /* U+004A "J" */
    0x1, 0xf8, 0x3, 0x80, 0x38, 0x1, 0xc0, 0xe,
    0x0, 0x60, 0x7, 0x0, 0x38, 0x1, 0xc0, 0xc,
    0x0, 0xe0, 0x7, 0x0, 0x30, 0x3, 0x83, 0x1c,
    0x1c, 0xc0, 0xee, 0x3, 0xc0, 0x0,

    /* U+004B "K" */
    0xf, 0xe3, 0xe0, 0x70, 0x30, 0xc, 0xc, 0x3,
    0x83, 0x0, 0x70, 0x80, 0xe, 0x60, 0x1, 0x98,
    0x0, 0x7c, 0x0, 0xf, 0xc0, 0x1, 0xf8, 0x0,
    0x33, 0x80, 0xe, 0x30, 0x1, 0xc7, 0x0, 0x30,
    0x60, 0xe, 0xe, 0x1, 0xc0, 0xe0, 0x38, 0x1c,
    0x1f, 0x87, 0xe0,

    /* U+004C "L" */
    0xf, 0xe0, 0x7, 0x0, 0xc, 0x0, 0x38, 0x0,
    0x70, 0x0, 0xe0, 0x1, 0x80, 0x7, 0x0, 0xe,
    0x0, 0x18, 0x0, 0x30, 0x0, 0xe0, 0x1, 0xc0,
    0x3, 0x0, 0x4e, 0x0, 0x9c, 0x3, 0x38, 0xd,
    0xff, 0xf8,

    /* U+004D "M" */
    0xf, 0x80, 0x1f, 0x3, 0x80, 0x1c, 0x3, 0x80,
    0x3c, 0x3, 0x80, 0x7c, 0x5, 0x80, 0x58, 0x5,
    0xc0, 0xb8, 0x5, 0xc1, 0xb8, 0xd, 0xc1, 0x30,
    0x9, 0xc2, 0x30, 0x8, 0xc6, 0x70, 0x8, 0xc4,
    0x70, 0x18, 0xc8, 0x60, 0x10, 0xd8, 0xe0, 0x10,
    0xd0, 0xe0, 0x30, 0xe0, 0xe0, 0x30, 0xe0, 0xc0,
    0x30, 0xc1, 0xc0, 0xf8, 0x87, 0xf0,

    /* U+004E "N" */
    0xf, 0x1, 0xf0, 0x38, 0x4, 0x3, 0x80, 0x40,
    0x38, 0xc, 0x5, 0xc0, 0x80, 0x4c, 0x8, 0x4,
    0xe0, 0x80, 0xc6, 0x10, 0x8, 0x61, 0x0, 0x87,
    0x10, 0x8, 0x33, 0x1, 0x83, 0xa0, 0x10, 0x1a,
    0x1, 0x1, 0xe0, 0x30, 0xc, 0x3, 0x0, 0xc0,
    0x20, 0xc, 0xf, 0x80, 0x40,

    /* U+004F "O" */
    0x0, 0xfc, 0x1, 0xc3, 0x1, 0x80, 0xc1, 0x80,
    0x71, 0x80, 0x39, 0xc0, 0x1d, 0xc0, 0xe, 0xe0,
    0x7, 0x70, 0x3, 0xf0, 0x1, 0xf8, 0x1, 0xdc,
    0x0, 0xee, 0x0, 0xe7, 0x0, 0x63, 0x80, 0x70,
    0xc0, 0x70, 0x30, 0x60, 0xf, 0xc0, 0x0,

    /* U+0050 "P" */
    0xf, 0xfc, 0x3, 0x8e, 0x3, 0x7, 0x7, 0x7,
    0x7, 0x3, 0x7, 0x7, 0x6, 0x7, 0xe, 0x6,
    0xe, 0x1c, 0xf, 0xf8, 0xc, 0x0, 0x1c, 0x0,
    0x1c, 0x0, 0x1c, 0x0, 0x38, 0x0, 0x38, 0x0,
    0x38, 0x0, 0xfc, 0x0,

    /* U+0051 "Q" */
    0x0, 0x7c, 0x1, 0xc3, 0x1, 0x80, 0xc1, 0x80,
    0x71, 0x80, 0x39, 0xc0, 0x1d, 0xc0, 0xe, 0xe0,
    0x7, 0x70, 0x3, 0xf0, 0x1, 0xf8, 0x1, 0xdc,
    0x0, 0xee, 0x0, 0xe7, 0x0, 0x73, 0x80, 0x70,
    0xc0, 0x70, 0x30, 0x60, 0xf, 0xc0, 0x3, 0x0,
    0x3, 0x0, 0x23, 0xf8, 0x23, 0xff, 0xe2, 0x7,
    0xc0,

    /* U+0052 "R" */
    0xf, 0xfc, 0x3, 0x8e, 0x3, 0x7, 0x7, 0x7,
    0x7, 0x7, 0x7, 0x7, 0x6, 0x6, 0xe, 0x1c,
    0xf, 0xf0, 0xc, 0x60, 0xc, 0x70, 0x1c, 0x70,
    0x1c, 0x30, 0x18, 0x38, 0x38, 0x38, 0x38, 0x18,
    0x38, 0x1c, 0xfc, 0x1f,

    /* U+0053 "S" */
    0x3, 0xf8, 0x61, 0xc7, 0x6, 0x30, 0x31, 0xc1,
    0xe, 0x0, 0x38, 0x1, 0xe0, 0x7, 0x80, 0x1e,
    0x0, 0x78, 0x1, 0xc0, 0x6, 0x40, 0x31, 0x1,
    0x98, 0x18, 0xe1, 0xc7, 0xf8, 0x0,

    /* U+0054 "T" */
    0x7f, 0xff, 0x87, 0xe, 0xe, 0x14, 0x18, 0x20,
    0x70, 0x0, 0xe0, 0x1, 0xc0, 0x3, 0x0, 0xe,
    0x0, 0x1c, 0x0, 0x38, 0x0, 0x60, 0x1, 0xc0,
    0x3, 0x80, 0x6, 0x0, 0xc, 0x0, 0x38, 0x1,
    0xfc, 0x0,

    /* U+0055 "U" */
    0x7f, 0x7, 0xc7, 0x0, 0xc1, 0x80, 0x30, 0xe0,
    0x8, 0x38, 0x2, 0xc, 0x0, 0x83, 0x0, 0x61,
    0xc0, 0x10, 0x70, 0x4, 0x18, 0x3, 0x6, 0x0,
    0x83, 0x80, 0x20, 0xe0, 0x8, 0x38, 0x4, 0xe,
    0x1, 0x1, 0x80, 0x80, 0x70, 0xc0, 0x7, 0xe0,
    0x0,

    /* U+0056 "V" */
    0x7e, 0xf, 0x9c, 0x1, 0xe, 0x1, 0x87, 0x0,
    0x81, 0x80, 0xc0, 0xc0, 0x40, 0x70, 0x40, 0x38,
    0x60, 0x1c, 0x20, 0xe, 0x30, 0x3, 0x10, 0x1,
    0x90, 0x0, 0xc8, 0x0, 0x78, 0x0, 0x38, 0x0,
    0x1c, 0x0, 0x4, 0x0, 0x2, 0x0, 0x0,

    /* U+0057 "W" */
    0x7e, 0x7e, 0x3e, 0x70, 0x70, 0x10, 0xe0, 0x60,
    0x20, 0xc0, 0xc0, 0x81, 0x83, 0x81, 0x3, 0x7,
    0x4, 0x6, 0x16, 0x8, 0xc, 0x2e, 0x20, 0x1c,
    0x9c, 0x40, 0x39, 0x39, 0x0, 0x74, 0x76, 0x0,
    0xe8, 0x68, 0x0, 0xe0, 0xf0, 0x1, 0xc1, 0xc0,
    0x3, 0x83, 0x80, 0x6, 0x6, 0x0, 0xc, 0xc,
    0x0, 0x10, 0x10, 0x0,

    /* U+0058 "X" */
    0x1f, 0xc7, 0xc1, 0xc0, 0xe0, 0x70, 0x30, 0xe,
    0x18, 0x3, 0x8c, 0x0, 0x66, 0x0, 0x1d, 0x0,
    0x7, 0x80, 0x0, 0xe0, 0x0, 0x38, 0x0, 0x1e,
    0x0, 0xd, 0xc0, 0x2, 0x70, 0x1, 0xc, 0x0,
    0x83, 0x80, 0x40, 0x60, 0x30, 0x1c, 0x3e, 0x1f,
    0xc0,

    /* U+0059 "Y" */
    0x7e, 0x3e, 0x70, 0x18, 0x60, 0x60, 0xc0, 0x81,
    0xc2, 0x3, 0x88, 0x3, 0x30, 0x6, 0xc0, 0xf,
    0x0, 0x1c, 0x0, 0x38, 0x0, 0x70, 0x0, 0xc0,
    0x3, 0x80, 0x7, 0x0, 0xe, 0x0, 0x38, 0x1,
    0xfe, 0x0,

    /* U+005A "Z" */
    0x1f, 0xff, 0xc, 0x3, 0x84, 0x3, 0x84, 0x3,
    0x80, 0x3, 0x80, 0x3, 0xc0, 0x1, 0xc0, 0x1,
    0xc0, 0x1, 0xc0, 0x1, 0xc0, 0x0, 0xe0, 0x0,
    0xe0, 0x0, 0xe0, 0x0, 0xe0, 0x10, 0xe0, 0x8,
    0x70, 0x8, 0x70, 0xc, 0x7f, 0xfe, 0x0,

    /* U+005B "[" */
    0x7, 0x81, 0x80, 0xc0, 0x30, 0xc, 0x3, 0x1,
    0x80, 0x60, 0x18, 0x6, 0x3, 0x0, 0xc0, 0x30,
    0xc, 0x6, 0x1, 0x80, 0x60, 0x18, 0xc, 0x3,
    0x0, 0xc0, 0x3e, 0x0,

    /* U+005C "\\" */
    0xc0, 0x18, 0x6, 0x1, 0x80, 0x30, 0xc, 0x1,
    0x80, 0x60, 0xc, 0x3, 0x0, 0xc0, 0x18, 0x6,
    0x0, 0xc0, 0x30, 0x6, 0x1, 0x80, 0x20,

    /* U+005D "]" */
    0x7, 0xc0, 0x30, 0xc, 0x6, 0x1, 0x80, 0x60,
    0x18, 0xe, 0x3, 0x0, 0xc0, 0x30, 0x1c, 0x6,
    0x1, 0x80, 0x60, 0x18, 0xc, 0x3, 0x0, 0xc0,
    0x30, 0x18, 0x3e, 0x0,

    /* U+005E "^" */
    0x6, 0x1, 0xc0, 0x3c, 0xd, 0x81, 0x98, 0x63,
    0xc, 0x33, 0x6, 0x60, 0x78, 0xc,

    /* U+005F "_" */
    0xff, 0xfc,

    /* U+0060 "`" */
    0xc, 0xe6, 0x30,

    /* U+0061 "a" */
    0x3, 0xd0, 0x61, 0x86, 0xc, 0x30, 0x63, 0x6,
    0x38, 0x31, 0x81, 0x8c, 0x1c, 0xe1, 0xc7, 0x16,
    0xdd, 0xb4, 0x71, 0xc0,

    /* U+0062 "b" */
    0x3c, 0x0, 0xc0, 0xc, 0x1, 0x80, 0x18, 0x1,
    0x80, 0x18, 0x3, 0x1c, 0x36, 0xe3, 0x87, 0x70,
    0x37, 0x7, 0x60, 0x66, 0x6, 0xe0, 0xcc, 0xc,
    0xc1, 0x8c, 0x30, 0x7c, 0x0,

    /* U+0063 "c" */
    0x7, 0x86, 0x33, 0xd, 0x80, 0xe0, 0x30, 0xc,
    0x3, 0x0, 0xc0, 0x30, 0x4e, 0x21, 0xf0,

    /* U+0064 "d" */
    0x0, 0x3c, 0x0, 0x30, 0x0, 0xc0, 0x6, 0x0,
    0x18, 0x0, 0x60, 0x1, 0x80, 0xfc, 0x4, 0x30,
    0x20, 0xc1, 0x83, 0xc, 0x18, 0x70, 0x61, 0x81,
    0x86, 0xc, 0x38, 0x70, 0x62, 0xd9, 0xdb, 0xc3,
    0x8c, 0x0,

    /* U+0065 "e" */
    0x7, 0x82, 0x33, 0xc, 0xc2, 0x61, 0xb9, 0x8f,
    0x83, 0x0, 0xc0, 0x30, 0x4e, 0x21, 0xf0,

    /* U+0066 "f" */
    0x0, 0x1e, 0x0, 0x4c, 0x1, 0x80, 0x6, 0x0,
    0xc, 0x0, 0x18, 0x1, 0xfc, 0x0, 0xc0, 0x1,
    0x80, 0x3, 0x0, 0x6, 0x0, 0x18, 0x0, 0x30,
    0x0, 0x60, 0x0, 0xc0, 0x1, 0x80, 0x6, 0x0,
    0xc, 0x0, 0x18, 0x0, 0x20, 0x0, 0xc0, 0x19,
    0x80, 0x32, 0x0, 0x38, 0x0,

    /* U+0067 "g" */
    0x3, 0xc0, 0x63, 0xc6, 0xc, 0x30, 0x61, 0x87,
    0xc, 0x30, 0x63, 0x0, 0xe0, 0x8, 0x0, 0xc0,
    0x7, 0xc0, 0x3f, 0x82, 0x1c, 0x20, 0x73, 0x1,
    0x18, 0x8, 0x60, 0x81, 0xf8, 0x0,

    /* U+0068 "h" */
    0x4, 0x3, 0xc0, 0xc, 0x0, 0xc0, 0x18, 0x1,
    0x80, 0x18, 0x3, 0x8e, 0x33, 0x63, 0x46, 0x38,
    0x66, 0x8e, 0x70, 0xc6, 0xc, 0x60, 0xce, 0x18,
    0xc1, 0x9c, 0x1a, 0xc1, 0xc0,

    /* U+0069 "i" */
    0x8, 0x70, 0x80, 0x0, 0xf, 0x8c, 0x30, 0xc7,
    0x18, 0x61, 0x8e, 0x32, 0xd3, 0x80,

    /* U+006A "j" */
    0x0, 0xc0, 0x1c, 0x1, 0x0, 0x0, 0x0, 0x0,
    0x0, 0x0, 0x3e, 0x1, 0x80, 0x30, 0x6, 0x0,
    0xc0, 0x30, 0x6, 0x0, 0xc0, 0x18, 0x6, 0x0,
    0xc0, 0x18, 0x3, 0x0, 0xc1, 0x98, 0x32, 0x3,
    0x80,

    /* U+006B "k" */
    0x2, 0x0, 0xf0, 0x1, 0x80, 0x1c, 0x0, 0xc0,
    0x6, 0x0, 0x30, 0x3, 0xe, 0x18, 0x40, 0xc4,
    0x6, 0x40, 0x64, 0x3, 0xe0, 0x1b, 0x0, 0xcc,
    0xc, 0x60, 0x63, 0xa3, 0xd, 0x18, 0x30,

    /* U+006C "l" */
    0x4, 0xf0, 0xc7, 0x18, 0x61, 0x8c, 0x30, 0xc3,
    0x18, 0x61, 0x86, 0x30, 0xcb, 0x4e, 0x0,

    /* U+006D "m" */
    0x1c, 0x61, 0xc7, 0x3e, 0x58, 0x69, 0x93, 0xe,
    0x34, 0x63, 0xc7, 0x1c, 0x70, 0xc3, 0xc, 0x38,
    0x61, 0x86, 0xc, 0x60, 0xc3, 0xc, 0x18, 0x65,
    0x86, 0xd, 0x70, 0xc1, 0xc0,

    /* U+006E "n" */
    0x1c, 0xe1, 0xcf, 0x86, 0x8c, 0x38, 0xe3, 0x46,
    0x1c, 0x30, 0xc1, 0x86, 0x18, 0x60, 0xc3, 0x6,
    0x98, 0x35, 0x81, 0xc0,

    /* U+006F "o" */
    0x7, 0xc1, 0x86, 0x30, 0x67, 0x7, 0x60, 0x7e,
    0x6, 0xc0, 0x6c, 0xc, 0xc0, 0xcc, 0x18, 0xc3,
    0x7, 0xc0,

    /* U+0070 "p" */
    0xf, 0x78, 0xd, 0x38, 0x1c, 0x38, 0x30, 0x70,
    0x60, 0xe1, 0x81, 0x83, 0x3, 0x6, 0xc, 0x8,
    0x18, 0x30, 0x60, 0x61, 0x80, 0xfc, 0x1, 0x80,
    0x6, 0x0, 0xc, 0x0, 0x18, 0x0, 0x30, 0x0,
    0xf0, 0x0,

    /* U+0071 "q" */
    0x7, 0xb0, 0x8a, 0x10, 0x63, 0x6, 0x60, 0x6e,
    0xc, 0xc0, 0xcc, 0x1c, 0xc2, 0xcc, 0x58, 0xe9,
    0x87, 0x18, 0x3, 0x80, 0x30, 0x3, 0x0, 0x30,
    0x6, 0x1, 0xf8,

    /* U+0072 "r" */
    0x31, 0xb9, 0xcd, 0x67, 0x3, 0x3, 0x81, 0x80,
    0xc0, 0xe0, 0x60, 0x30, 0x18, 0x0,

    /* U+0073 "s" */
    0xf, 0x8c, 0x46, 0x23, 0x1, 0xc0, 0x60, 0x38,
    0xe, 0x3, 0x41, 0xb1, 0x9f, 0x80,

    /* U+0074 "t" */
    0x8, 0x30, 0xe7, 0xf3, 0x6, 0xc, 0x30, 0x60,
    0xc1, 0x86, 0xd, 0x1a, 0x38, 0x0,

    /* U+0075 "u" */
    0xf0, 0x63, 0x6, 0x30, 0xe7, 0xc, 0x61, 0xc6,
    0x1c, 0x63, 0xce, 0x58, 0xc5, 0x8c, 0x9a, 0xd3,
    0xce, 0x18,

    /* U+0076 "v" */
    0x70, 0x67, 0xc, 0x60, 0x8c, 0x11, 0x84, 0x30,
    0x86, 0x20, 0xc8, 0x1a, 0x3, 0x40, 0x70, 0xc,
    0x0,

    /* U+0077 "w" */
    0x70, 0x21, 0x98, 0x30, 0xce, 0x18, 0x23, 0x1c,
    0x11, 0x96, 0x10, 0xcb, 0x8, 0x68, 0x88, 0x38,
    0x48, 0x1c, 0x38, 0xc, 0x1c, 0x6, 0xc, 0x2,
    0x4, 0x0,

    /* U+0078 "x" */
    0xe, 0x38, 0xb3, 0xc1, 0xe0, 0x7, 0x0, 0x30,
    0x1, 0x80, 0xc, 0x0, 0xb0, 0x9, 0x80, 0x4c,
    0xbc, 0x79, 0xc1, 0x80,

    /* U+0079 "y" */
    0x3c, 0x31, 0xc3, 0xc, 0x10, 0x61, 0x6, 0x10,
    0x62, 0x6, 0x20, 0x34, 0x3, 0x40, 0x38, 0x3,
    0x80, 0x30, 0x2, 0x0, 0x20, 0x4, 0x0, 0x80,
    0xf0, 0x6, 0x0,

    /* U+007A "z" */
    0x3f, 0xcf, 0xe2, 0x8, 0x4, 0x2, 0x1, 0x0,
    0x80, 0x20, 0x10, 0x8, 0x7, 0x1, 0xe2, 0x9c,
    0xc3, 0x20, 0x30,

    /* U+007B "{" */
    0x0, 0x0, 0xe0, 0x30, 0x18, 0x6, 0x1, 0x80,
    0xc0, 0x30, 0xc, 0x7, 0x1, 0x80, 0xc0, 0x60,
    0xc, 0x3, 0x0, 0xc0, 0x30, 0x18, 0x6, 0x1,
    0x80, 0x60, 0x30, 0xc, 0x1, 0x80,

    /* U+007C "|" */
    0xff, 0xff, 0xff, 0xff, 0xf0,

    /* U+007D "}" */
    0x1, 0x80, 0xc0, 0x60, 0x30, 0x18, 0xc, 0xc,
    0x6, 0x3, 0x1, 0x80, 0xc0, 0x30, 0x60, 0x30,
    0x30, 0x18, 0xc, 0xe, 0x6, 0x3, 0x1, 0x81,
    0x81, 0x80, 0x0,

    /* U+007E "~" */
    0x38, 0x3, 0xf1, 0xf1, 0xfc, 0x83, 0xc0,

    /* U+00A0 " " */
    0x0,

    /* U+00A1 "¡" */
    0xc, 0x1c, 0x30, 0x0, 0x0, 0x4, 0x8, 0x10,
    0x20, 0xc1, 0x6, 0xc, 0x18, 0x70, 0xc1, 0x83,
    0x0,

    /* U+00A2 "¢" */
    0x0, 0x80, 0x10, 0x4, 0x0, 0xc0, 0xf4, 0x35,
    0xcc, 0x93, 0x10, 0x64, 0x1c, 0x83, 0x90, 0x64,
    0xc, 0x81, 0xd1, 0x1c, 0x41, 0xf0, 0x10, 0x4,
    0x0, 0x80, 0x10, 0x0,

    /* U+00A3 "£" */
    0x0, 0x78, 0x3, 0x30, 0x18, 0xc0, 0x60, 0x3,
    0x0, 0xc, 0x0, 0x70, 0x1, 0xc0, 0x3f, 0xe0,
    0x18, 0x0, 0x60, 0x1, 0x80, 0x4, 0x0, 0x30,
    0x7, 0x80, 0x23, 0x84, 0x97, 0xf1, 0x8f, 0x0,

    /* U+00A4 "¤" */
    0x60, 0x6, 0xe7, 0x1c, 0xff, 0xf0, 0xe1, 0xc1,
    0x81, 0x86, 0x3, 0xc, 0x3, 0x18, 0x6, 0x30,
    0x18, 0x70, 0x30, 0x60, 0xe1, 0xff, 0xc7, 0x7c,
    0xcc, 0x0, 0xc0, 0x0, 0x0,

    /* U+00A5 "¥" */
    0x7e, 0x1e, 0x30, 0x18, 0x60, 0x60, 0xe0, 0x80,
    0xc2, 0x1, 0x8c, 0x3, 0x30, 0x3, 0xc0, 0x7f,
    0xf0, 0xc, 0x0, 0x18, 0x0, 0x30, 0xf, 0xff,
    0x1, 0x80, 0x3, 0x0, 0xe, 0x0, 0x1c, 0x0,
    0xfe, 0x0,

    /* U+00A6 "¦" */
    0xff, 0xfc, 0x3, 0xff, 0xf0,

    /* U+00A7 "§" */
    0x3, 0xc0, 0x84, 0x31, 0x86, 0x30, 0xc0, 0x1c,
    0x1, 0xc0, 0xf8, 0x23, 0x84, 0x39, 0x83, 0x18,
    0x33, 0x6, 0x70, 0xc7, 0x10, 0x7c, 0x6, 0x0,
    0x60, 0x8c, 0x70, 0x8e, 0x10, 0x84, 0xf, 0x0,

    /* U+00A8 "¨" */
    0x42, 0xe7, 0xc3,

    /* U+00A9 "©" */
    0x1, 0xf8, 0x0, 0xc0, 0xc0, 0x60, 0x4, 0x18,
    0x0, 0x42, 0x7, 0xa4, 0x83, 0xc, 0xa0, 0xc1,
    0xc, 0x30, 0x1, 0x8c, 0x0, 0x31, 0x80, 0x6,
    0x30, 0x0, 0xcc, 0x0, 0x19, 0x80, 0x3, 0x18,
    0x0, 0x53, 0x2, 0x11, 0x30, 0x82, 0x33, 0xe0,
    0x83, 0x0, 0x20, 0x18, 0x18, 0x0, 0xfc, 0x0,

    /* U+00AA "ª" */
    0x1d, 0x19, 0x98, 0xdc, 0x6c, 0x66, 0x71, 0xdc,
    0x0, 0x0, 0x0, 0x3f, 0x0,

    /* U+00AB "«" */
    0x2, 0x21, 0x88, 0x62, 0x18, 0x86, 0x60, 0xcc,
    0x18, 0xc1, 0x88, 0x11, 0x81, 0x10,

    /* U+00AC "¬" */
    0xff, 0xff, 0xff, 0xf0, 0x0, 0xc0, 0x3, 0x0,
    0xc, 0x0, 0x30, 0x0, 0xc0, 0x3,

    /* U+00AD "­" */
    0x7f, 0xf8,

    /* U+00AE "®" */
    0x1, 0xf8, 0x0, 0xc0, 0xc0, 0x60, 0x4, 0x18,
    0x0, 0x42, 0x3f, 0x84, 0x81, 0x98, 0xa0, 0x61,
    0x8c, 0xc, 0x31, 0x81, 0x8c, 0x30, 0x33, 0x6,
    0xd, 0x80, 0xc1, 0x98, 0x18, 0x33, 0x3, 0x4,
    0x20, 0x51, 0x86, 0x11, 0x30, 0xc2, 0x3f, 0xc,
    0x83, 0x0, 0x20, 0x18, 0x18, 0x0, 0xfc, 0x0,

    /* U+00AF "¯" */
    0xff,

    /* U+00B0 "°" */
    0x38, 0x8e, 0xc, 0x18, 0x30, 0x51, 0x9c,

    /* U+00B1 "±" */
    0x3, 0x0, 0xc, 0x0, 0x30, 0x0, 0xc0, 0x3,
    0x0, 0xc, 0xf, 0xff, 0xff, 0xff, 0x3, 0x0,
    0xc, 0x0, 0x30, 0x0, 0xc0, 0x3, 0x0, 0x0,
    0xf, 0xff, 0xff, 0xff,

    /* U+00B2 "²" */
    0x1c, 0x66, 0x3, 0x3, 0x6, 0x4, 0x8, 0x10,
    0x20, 0x62, 0xfc,

    /* U+00B3 "³" */
    0x1e, 0x23, 0x3, 0x6, 0x18, 0xc, 0x6, 0x6,
    0x4, 0x8c, 0xf0,

    /* U+00B4 "´" */
    0x0, 0x73, 0x98, 0xc0,

    /* U+00B5 "µ" */
    0xe, 0xc, 0x30, 0x30, 0xc1, 0xc3, 0x7, 0x1c,
    0x18, 0x70, 0x61, 0x81, 0x86, 0xe, 0x18, 0x30,
    0xe1, 0xc3, 0xfb, 0xb, 0xce, 0x20, 0x1, 0x80,
    0x6, 0x0, 0x38, 0x0, 0xe0, 0x3, 0x0, 0x0,

    /* U+00B6 "¶" */
    0x7, 0xff, 0xc, 0xd8, 0x18, 0x98, 0x31, 0x90,
    0x31, 0xb0, 0x31, 0xb0, 0x71, 0x30, 0x33, 0x20,
    0x33, 0x60, 0x1f, 0x60, 0x6, 0x60, 0x6, 0x40,
    0x6, 0xc0, 0x6, 0xc0, 0xc, 0xc0, 0xc, 0x80,
    0xd, 0x80, 0x9, 0x80, 0x19, 0x80, 0x1b, 0x0,
    0x7b, 0xc0,

    /* U+00B7 "·" */
    0x7c,

    /* U+00B8 "¸" */
    0x10, 0x83, 0x83, 0xd, 0xe0,

    /* U+00B9 "¹" */
    0x1c, 0x30, 0x86, 0x18, 0x43, 0xc, 0x21, 0x8f,
    0x0,

    /* U+00BA "º" */
    0xf, 0x1c, 0xcc, 0x6c, 0x76, 0x33, 0x30, 0xf0,
    0x0, 0x0, 0x0, 0x3f, 0x0,

    /* U+00BB "»" */
    0x1, 0x2, 0x20, 0x62, 0x6, 0x60, 0xc6, 0x19,
    0xc6, 0x21, 0x88, 0x62, 0x10, 0x80,

    /* U+00BC "¼" */
    0x1e, 0x1, 0x80, 0x60, 0x10, 0xc, 0x2, 0x0,
    0xc0, 0x60, 0xc, 0x4, 0x1, 0x80, 0x80, 0x18,
    0x18, 0x1, 0x81, 0x2, 0x10, 0x20, 0x63, 0x6,
    0xe, 0xf8, 0x41, 0x40, 0x8, 0x2c, 0x1, 0x84,
    0xc0, 0x10, 0x88, 0x2, 0x1f, 0xe0, 0x60, 0x18,
    0x4, 0x1, 0x80, 0x80, 0x10,

    /* U+00BD "½" */
    0x0, 0x2, 0xf, 0x1, 0x0, 0xc0, 0xc0, 0x20,
    0x20, 0x18, 0x10, 0x6, 0xc, 0x1, 0x82, 0x0,
    0xc1, 0x80, 0x30, 0xc7, 0x8c, 0x23, 0xf6, 0x19,
    0xf, 0xe4, 0x3, 0x2, 0x0, 0x81, 0x80, 0x60,
    0x40, 0x30, 0x20, 0x18, 0x18, 0xc, 0x4, 0x7,
    0xe2, 0x3, 0xf9, 0x80, 0x0,

    /* U+00BE "¾" */
    0xe, 0x1, 0x81, 0x30, 0x10, 0x3, 0x2, 0x0,
    0x30, 0x60, 0xc, 0x4, 0x1, 0xe0, 0x80, 0x6,
    0x18, 0x0, 0x21, 0x3, 0x6, 0x20, 0x6c, 0x46,
    0xe, 0x78, 0x41, 0x60, 0x8, 0x24, 0x1, 0x84,
    0xc0, 0x10, 0x8c, 0x2, 0x1f, 0xe0, 0x60, 0x18,
    0x4, 0x1, 0x80, 0x80, 0x18,

    /* U+00BF "¿" */
    0x1, 0x1, 0xc0, 0xe0, 0x0, 0x0, 0x0, 0x8,
    0x4, 0x4, 0x6, 0x6, 0x6, 0x6, 0x7, 0x3,
    0x1, 0x8c, 0xc2, 0x61, 0x1f, 0x0,

    /* U+00C0 "À" */
    0x0, 0x60, 0x0, 0x70, 0x0, 0x1c, 0x0, 0x6,
    0x0, 0x1, 0x80, 0x0, 0x0, 0x0, 0x40, 0x0,
    0x60, 0x0, 0x30, 0x0, 0x3c, 0x0, 0x1e, 0x0,
    0x17, 0x0, 0x9, 0x80, 0x8, 0xc0, 0xc, 0x60,
    0x4, 0x38, 0x4, 0x1c, 0x3, 0xfe, 0x2, 0x3,
    0x3, 0x1, 0x81, 0x0, 0xc1, 0x80, 0x70, 0x80,
    0x39, 0xf0, 0x7e,

    /* U+00C1 "Á" */
    0x0, 0x3, 0x0, 0x3, 0x80, 0x3, 0x80, 0x3,
    0x0, 0x3, 0x0, 0x0, 0x0, 0x0, 0x40, 0x0,
    0x60, 0x0, 0x30, 0x0, 0x3c, 0x0, 0x1e, 0x0,
    0x17, 0x0, 0x9, 0x80, 0x8, 0xc0, 0xc, 0x60,
    0x4, 0x38, 0x4, 0x1c, 0x3, 0xfe, 0x2, 0x3,
    0x3, 0x1, 0x81, 0x0, 0xc1, 0x80, 0x70, 0x80,
    0x39, 0xf0, 0x7e,

    /* U+00C2 "Â" */
    0x0, 0x18, 0x0, 0x1e, 0x0, 0x19, 0x0, 0x8,
    0xc0, 0x8, 0x20, 0x0, 0x0, 0x0, 0x40, 0x0,
    0x60, 0x0, 0x30, 0x0, 0x3c, 0x0, 0x1e, 0x0,
    0x17, 0x0, 0x9, 0x80, 0x8, 0xc0, 0xc, 0x60,
    0x4, 0x38, 0x4, 0x1c, 0x3, 0xfe, 0x2, 0x3,
    0x3, 0x1, 0x81, 0x0, 0xc1, 0x80, 0x70, 0x80,
    0x39, 0xf0, 0x7e,

    /* U+00C3 "Ã" */
    0x0, 0x21, 0x0, 0x7f, 0x80, 0x47, 0x0, 0x0,
    0x0, 0x1, 0x0, 0x1, 0x80, 0x0, 0xc0, 0x0,
    0xf0, 0x0, 0x78, 0x0, 0x5c, 0x0, 0x26, 0x0,
    0x23, 0x0, 0x31, 0x80, 0x10, 0xe0, 0x10, 0x70,
    0xf, 0xf8, 0x8, 0xc, 0xc, 0x6, 0x4, 0x3,
    0x6, 0x1, 0xc2, 0x0, 0xe7, 0xc1, 0xf8,

    /* U+00C4 "Ä" */
    0x0, 0x2, 0x0, 0x63, 0x80, 0x31, 0x80, 0x0,
    0x0, 0x1, 0x0, 0x1, 0x80, 0x0, 0xc0, 0x0,
    0xf0, 0x0, 0x78, 0x0, 0x5c, 0x0, 0x26, 0x0,
    0x23, 0x0, 0x31, 0x80, 0x10, 0xe0, 0x10, 0x70,
    0xf, 0xf8, 0x8, 0xc, 0xc, 0x6, 0x4, 0x3,
    0x6, 0x1, 0xc2, 0x0, 0xe7, 0xc1, 0xf8,

    /* U+00C5 "Å" */
    0x0, 0x1c, 0x0, 0x19, 0x0, 0x8, 0x80, 0x4,
    0x40, 0x2, 0x40, 0x0, 0xc0, 0x0, 0x0, 0x0,
    0x20, 0x0, 0x30, 0x0, 0x18, 0x0, 0x1e, 0x0,
    0xf, 0x0, 0xb, 0x80, 0x4, 0xc0, 0x4, 0x60,
    0x6, 0x30, 0x2, 0x1c, 0x2, 0xe, 0x1, 0xff,
    0x1, 0x1, 0x81, 0x80, 0xc0, 0x80, 0x60, 0xc0,
    0x38, 0x40, 0x1c, 0xf8, 0x3f, 0x0,

    /* U+00C6 "Æ" */
    0x0, 0xf, 0xff, 0x80, 0x2, 0xc0, 0xc0, 0x3,
    0xe0, 0x20, 0x1, 0x70, 0x10, 0x1, 0x30, 0x0,
    0x1, 0x98, 0x20, 0x1, 0x9c, 0x20, 0x1, 0x8e,
    0x10, 0x0, 0x87, 0xf8, 0x0, 0xc3, 0xc, 0x0,
    0xc3, 0x84, 0x0, 0xff, 0xc2, 0x0, 0x40, 0xc0,
    0x0, 0x40, 0xe0, 0x0, 0x60, 0x70, 0x8, 0x60,
    0x38, 0xc, 0x60, 0x38, 0xc, 0x7c, 0x3f, 0xfe,
    0x0,

    /* U+00C7 "Ç" */
    0x0, 0xff, 0x81, 0xc1, 0xc3, 0x80, 0x63, 0x80,
    0x21, 0x80, 0x11, 0xc0, 0x1, 0xc0, 0x0, 0xe0,
    0x0, 0x70, 0x0, 0x70, 0x0, 0x38, 0x0, 0x1c,
    0x0, 0xe, 0x0, 0x3, 0x0, 0x1, 0xc0, 0x10,
    0x70, 0x10, 0x1c, 0x30, 0x3, 0xe0, 0x1, 0x0,
    0x1, 0x80, 0x0, 0x70, 0x0, 0x18, 0x0, 0xc,
    0x0, 0x7c, 0x0,

    /* U+00C8 "È" */
    0x0, 0x60, 0x0, 0x30, 0x0, 0x1c, 0x0, 0x6,
    0x0, 0x1, 0x80, 0x0, 0x0, 0x3f, 0xfe, 0x7,
    0x3, 0x3, 0x0, 0x83, 0x80, 0x81, 0xc0, 0x0,
    0xe0, 0x0, 0x60, 0x80, 0x70, 0xc0, 0x3f, 0xc0,
    0x18, 0x20, 0xc, 0x10, 0xe, 0x0, 0x7, 0x0,
    0x3, 0x0, 0x3, 0x80, 0x21, 0xc0, 0x30, 0xe0,
    0x71, 0xff, 0xf8,

    /* U+00C9 "É" */
    0x0, 0x6, 0x0, 0x7, 0x0, 0x7, 0x0, 0x6,
    0x0, 0x6, 0x0, 0x0, 0x0, 0x3f, 0xfe, 0x7,
    0x3, 0x3, 0x0, 0x83, 0x80, 0x81, 0xc0, 0x0,
    0xe0, 0x0, 0x60, 0x80, 0x70, 0xc0, 0x3f, 0xc0,
    0x18, 0x20, 0xc, 0x10, 0xe, 0x0, 0x7, 0x0,
    0x3, 0x0, 0x3, 0x80, 0x21, 0xc0, 0x30, 0xe0,
    0x71, 0xff, 0xf8,

    /* U+00CA "Ê" */
    0x0, 0x1c, 0x0, 0x1e, 0x0, 0x9, 0x80, 0x8,
    0x40, 0x8, 0x30, 0x0, 0x0, 0x3f, 0xfe, 0x7,
    0x3, 0x3, 0x0, 0x83, 0x80, 0x81, 0xc0, 0x0,
    0xe0, 0x0, 0x60, 0x80, 0x70, 0xc0, 0x3f, 0xc0,
    0x18, 0x20, 0xc, 0x10, 0xe, 0x0, 0x7, 0x0,
    0x3, 0x0, 0x3, 0x80, 0x21, 0xc0, 0x30, 0xe0,
    0x71, 0xff, 0xf8,

    /* U+00CB "Ë" */
    0x0, 0x2, 0x0, 0x63, 0x80, 0x31, 0x80, 0x0,
    0x0, 0xff, 0xf8, 0x1c, 0xc, 0xc, 0x2, 0xe,
    0x2, 0x7, 0x0, 0x3, 0x80, 0x1, 0x82, 0x1,
    0xc3, 0x0, 0xff, 0x0, 0x60, 0x80, 0x30, 0x40,
    0x38, 0x0, 0x1c, 0x0, 0xc, 0x0, 0xe, 0x0,
    0x87, 0x0, 0xc3, 0x81, 0xc7, 0xff, 0xe0,

    /* U+00CC "Ì" */
    0x3, 0x0, 0xe0, 0xe, 0x0, 0xc0, 0xc, 0x0,
    0x3, 0xf0, 0x1c, 0x3, 0x0, 0xe0, 0x1c, 0x3,
    0x80, 0x60, 0x1c, 0x3, 0x80, 0x60, 0xc, 0x3,
    0x80, 0x70, 0xc, 0x3, 0x80, 0x70, 0xe, 0x7,
    0xe0,

    /* U+00CD "Í" */
    0x0, 0x20, 0xc, 0x3, 0x0, 0xc0, 0x20, 0x0,
    0x3, 0xf0, 0x1c, 0x3, 0x0, 0xe0, 0x1c, 0x3,
    0x80, 0x60, 0x1c, 0x3, 0x80, 0x60, 0xc, 0x3,
    0x80, 0x70, 0xc, 0x3, 0x80, 0x70, 0xe, 0x7,
    0xe0,

    /* U+00CE "Î" */
    0x1, 0xc0, 0x1c, 0x3, 0x60, 0x42, 0x8, 0x10,
    0x0, 0xf, 0xc0, 0x38, 0x3, 0x0, 0x70, 0x7,
    0x0, 0x70, 0x6, 0x0, 0xe0, 0xe, 0x0, 0xc0,
    0xc, 0x1, 0xc0, 0x1c, 0x1, 0x80, 0x38, 0x3,
    0x80, 0x38, 0xf, 0xc0,

    /* U+00CF "Ï" */
    0xc, 0x60, 0xc7, 0x0, 0x20, 0x0, 0xf, 0xc0,
    0x38, 0x3, 0x0, 0x70, 0x7, 0x0, 0x70, 0x6,
    0x0, 0xe0, 0xe, 0x0, 0xc0, 0xc, 0x1, 0xc0,
    0x1c, 0x1, 0x80, 0x38, 0x3, 0x80, 0x38, 0xf,
    0xc0,

    /* U+00D0 "Ð" */
    0xf, 0xfc, 0x0, 0x70, 0xe0, 0xc, 0x6, 0x3,
    0x80, 0xe0, 0x70, 0xe, 0xe, 0x1, 0xc1, 0x80,
    0x38, 0x70, 0x7, 0x3f, 0xe0, 0xe1, 0xc0, 0x1c,
    0x30, 0x3, 0x8e, 0x0, 0xe1, 0xc0, 0x1c, 0x30,
    0x7, 0xe, 0x1, 0xc1, 0xc0, 0x70, 0x38, 0x38,
    0x1f, 0xfc, 0x0,

    /* U+00D1 "Ñ" */
    0x0, 0x78, 0x80, 0xf, 0xf0, 0x1, 0x4, 0x0,
    0x0, 0x0, 0x0, 0x0, 0x0, 0xf0, 0x1f, 0x3,
    0x80, 0x40, 0x38, 0x4, 0x3, 0x80, 0xc0, 0x5c,
    0x8, 0x4, 0xc0, 0x80, 0x4e, 0x8, 0xc, 0x61,
    0x0, 0x86, 0x10, 0x8, 0x71, 0x0, 0x83, 0x30,
    0x18, 0x3a, 0x1, 0x1, 0xa0, 0x10, 0x1e, 0x3,
    0x0, 0xc0, 0x30, 0xc, 0x2, 0x0, 0xc0, 0xf8,
    0x4, 0x0,

    /* U+00D2 "Ò" */
    0x0, 0x0, 0x0, 0x30, 0x0, 0x1c, 0x0, 0x6,
    0x0, 0x1, 0x80, 0x0, 0x40, 0x0, 0x0, 0x1,
    0xf8, 0x3, 0x86, 0x3, 0x1, 0x83, 0x0, 0xe3,
    0x0, 0x73, 0x80, 0x3b, 0x80, 0x1d, 0xc0, 0xe,
    0xe0, 0x7, 0xe0, 0x3, 0xf0, 0x3, 0xb8, 0x1,
    0xdc, 0x1, 0xce, 0x0, 0xc7, 0x0, 0xe1, 0x80,
    0xe0, 0x60, 0xc0, 0x1f, 0x80, 0x0,

    /* U+00D3 "Ó" */
    0x0, 0x2, 0x0, 0x3, 0x0, 0x3, 0x80, 0x3,
    0x0, 0x3, 0x0, 0x2, 0x0, 0x0, 0x0, 0x1,
    0xf8, 0x3, 0x86, 0x3, 0x1, 0x83, 0x0, 0xe3,
    0x0, 0x73, 0x80, 0x3b, 0x80, 0x1d, 0xc0, 0xe,
    0xe0, 0x7, 0xe0, 0x3, 0xf0, 0x3, 0xb8, 0x1,
    0xdc, 0x1, 0xce, 0x0, 0xc7, 0x0, 0xe1, 0x80,
    0xe0, 0x60, 0xc0, 0x1f, 0x80, 0x0,

    /* U+00D4 "Ô" */
    0x0, 0x1c, 0x0, 0x1e, 0x0, 0x19, 0x80, 0x18,
    0x40, 0x10, 0x10, 0x0, 0x0, 0x3, 0xf0, 0x7,
    0xc, 0x6, 0x3, 0x6, 0x1, 0xc6, 0x0, 0xe7,
    0x0, 0x77, 0x0, 0x3b, 0x80, 0x1d, 0xc0, 0xf,
    0xc0, 0x7, 0xe0, 0x7, 0x70, 0x3, 0xb8, 0x3,
    0x9c, 0x1, 0x8e, 0x1, 0xc3, 0x1, 0xc0, 0xc1,
    0x80, 0x3f, 0x0,

    /* U+00D5 "Õ" */
    0x0, 0x0, 0x80, 0x3c, 0x80, 0x2f, 0x80, 0x20,
    0x0, 0x0, 0x0, 0x7, 0xe0, 0xe, 0x18, 0xc,
    0x6, 0xc, 0x3, 0x8c, 0x1, 0xce, 0x0, 0xee,
    0x0, 0x77, 0x0, 0x3b, 0x80, 0x1f, 0x80, 0xf,
    0xc0, 0xe, 0xe0, 0x7, 0x70, 0x7, 0x38, 0x3,
    0x1c, 0x3, 0x86, 0x3, 0x81, 0x83, 0x0, 0x7e,
    0x0,

    /* U+00D6 "Ö" */
    0x0, 0xc6, 0x0, 0x63, 0x80, 0x0, 0x80, 0x0,
    0x0, 0xf, 0xc0, 0x1c, 0x30, 0x18, 0xc, 0x18,
    0x7, 0x18, 0x3, 0x9c, 0x1, 0xdc, 0x0, 0xee,
    0x0, 0x77, 0x0, 0x3f, 0x0, 0x1f, 0x80, 0x1d,
    0xc0, 0xe, 0xe0, 0xe, 0x70, 0x6, 0x38, 0x7,
    0xc, 0x7, 0x3, 0x6, 0x0, 0xfc, 0x0,

    /* U+00D7 "×" */
    0x0, 0x6, 0x1, 0xb8, 0x1c, 0xe1, 0xc3, 0x9c,
    0xf, 0xc0, 0x3c, 0x1, 0xe0, 0x1f, 0x81, 0xce,
    0x1c, 0x39, 0xc0, 0xec, 0x3, 0x80, 0x8,

    /* U+00D8 "Ø" */
    0x0, 0x1, 0x0, 0x1, 0x80, 0x3f, 0x80, 0x70,
    0xc0, 0x60, 0xb0, 0x60, 0x5c, 0x70, 0x4e, 0x70,
    0x47, 0x70, 0x23, 0xb8, 0x21, 0xdc, 0x20, 0xfc,
    0x10, 0xfe, 0x10, 0x77, 0x10, 0x3b, 0x88, 0x39,
    0xc8, 0x18, 0x68, 0x1c, 0x34, 0x18, 0xc, 0x18,
    0x5, 0xf0, 0x2, 0x0, 0x2, 0x0, 0x2, 0x0,
    0x0,

    /* U+00D9 "Ù" */
    0x0, 0x0, 0x0, 0x70, 0x0, 0xc, 0x0, 0x1,
    0x80, 0x0, 0x20, 0x0, 0x4, 0x0, 0x0, 0x1,
    0xfc, 0x1f, 0x1c, 0x3, 0x6, 0x0, 0xc3, 0x80,
    0x20, 0xe0, 0x8, 0x30, 0x2, 0xc, 0x1, 0x87,
    0x0, 0x41, 0xc0, 0x10, 0x60, 0xc, 0x18, 0x2,
    0xe, 0x0, 0x83, 0x80, 0x20, 0xe0, 0x10, 0x38,
    0x4, 0x6, 0x2, 0x1, 0xc3, 0x0, 0x1f, 0x80,
    0x0,

    /* U+00DA "Ú" */
    0x0, 0x0, 0x0, 0x3, 0x0, 0x1, 0xc0, 0x0,
    0xc0, 0x0, 0x60, 0x0, 0x20, 0x0, 0x0, 0x1,
    0xfc, 0x1f, 0x1c, 0x3, 0x6, 0x0, 0xc3, 0x80,
    0x20, 0xe0, 0x8, 0x30, 0x2, 0xc, 0x1, 0x87,
    0x0, 0x41, 0xc0, 0x10, 0x60, 0xc, 0x18, 0x2,
    0xe, 0x0, 0x83, 0x80, 0x20, 0xe0, 0x10, 0x38,
    0x4, 0x6, 0x2, 0x1, 0xc3, 0x0, 0x1f, 0x80,
    0x0,

    /* U+00DB "Û" */
    0x0, 0x30, 0x0, 0x1e, 0x0, 0x9, 0x80, 0x4,
    0x30, 0x2, 0x4, 0x0, 0x0, 0x7, 0xf0, 0x7c,
    0x70, 0xc, 0x18, 0x3, 0xe, 0x0, 0x83, 0x80,
    0x20, 0xc0, 0x8, 0x30, 0x6, 0x1c, 0x1, 0x7,
    0x0, 0x41, 0x80, 0x30, 0x60, 0x8, 0x38, 0x2,
    0xe, 0x0, 0x83, 0x80, 0x40, 0xe0, 0x10, 0x18,
    0x8, 0x7, 0xc, 0x0, 0x7e, 0x0,

    /* U+00DC "Ü" */
    0x1, 0x8c, 0x0, 0xe3, 0x0, 0x10, 0x0, 0x0,
    0x0, 0x7f, 0x7, 0xc7, 0x0, 0xc1, 0x80, 0x30,
    0xe0, 0x8, 0x38, 0x2, 0xc, 0x0, 0x83, 0x0,
    0x61, 0xc0, 0x10, 0x70, 0x4, 0x18, 0x3, 0x6,
    0x0, 0x83, 0x80, 0x20, 0xe0, 0x8, 0x38, 0x4,
    0xe, 0x1, 0x1, 0x80, 0x80, 0x70, 0xc0, 0x7,
    0xe0, 0x0,

    /* U+00DD "Ý" */
    0x0, 0x30, 0x0, 0x60, 0x1, 0x80, 0x4, 0x0,
    0x10, 0x0, 0x0, 0x1f, 0x8f, 0x9c, 0x6, 0x18,
    0x18, 0x30, 0x20, 0x70, 0x80, 0xe2, 0x0, 0xcc,
    0x1, 0xb0, 0x3, 0xc0, 0x7, 0x0, 0xe, 0x0,
    0x1c, 0x0, 0x30, 0x0, 0xe0, 0x1, 0xc0, 0x3,
    0x80, 0xe, 0x0, 0x7f, 0x80,

    /* U+00DE "Þ" */
    0xf, 0xe0, 0x3, 0x80, 0x3, 0x80, 0x3, 0x80,
    0x7, 0xf8, 0x7, 0xe, 0x7, 0xe, 0x6, 0x7,
    0xe, 0x7, 0xe, 0x6, 0xc, 0xe, 0x1c, 0x1c,
    0x1f, 0xf0, 0x1c, 0x0, 0x18, 0x0, 0x38, 0x0,
    0x38, 0x0, 0xfe, 0x0,

    /* U+00DF "ß" */
    0x0, 0xf, 0x0, 0x4, 0x60, 0x3, 0xc, 0x1,
    0x83, 0x0, 0x61, 0xc0, 0x30, 0x60, 0xc, 0x30,
    0x3, 0x30, 0x1, 0xc7, 0x0, 0x60, 0xc0, 0x18,
    0x38, 0x6, 0xe, 0x3, 0x83, 0x80, 0xc0, 0xc0,
    0x30, 0x30, 0xd, 0x98, 0x3, 0x66, 0x1, 0x9e,
    0x0, 0x60, 0x0, 0x18, 0x0, 0x4, 0x0, 0x33,
    0x0, 0xc, 0x80, 0x1, 0xc0, 0x0,

    /* U+00E0 "à" */
    0x3, 0x0, 0x38, 0x0, 0xe0, 0x1, 0x0, 0x4,
    0x0, 0x0, 0xf, 0x41, 0x86, 0x18, 0x30, 0xc1,
    0x8c, 0x18, 0xe0, 0xc6, 0x6, 0x30, 0x73, 0x87,
    0x1c, 0x5b, 0x76, 0xd1, 0xc7, 0x0,

    /* U+00E1 "á" */
    0x0, 0x18, 0x1, 0xc0, 0x18, 0x1, 0x80, 0x10,
    0x0, 0x0, 0xf, 0x41, 0x86, 0x18, 0x30, 0xc1,
    0x8c, 0x18, 0xe0, 0xc6, 0x6, 0x30, 0x73, 0x87,
    0x1c, 0x5b, 0x76, 0xd1, 0xc7, 0x0,

    /* U+00E2 "â" */
    0x0, 0xe0, 0xf, 0x0, 0xcc, 0xc, 0x30, 0x0,
    0x0, 0x0, 0xf, 0x41, 0x86, 0x18, 0x30, 0xc1,
    0x8c, 0x18, 0xe0, 0xc6, 0x6, 0x30, 0x73, 0x87,
    0x1c, 0x5b, 0x76, 0xd1, 0xc7, 0x0,

    /* U+00E3 "ã" */
    0x0, 0x4, 0xe, 0x20, 0xff, 0x0, 0x0, 0x0,
    0x0, 0x0, 0x0, 0x3d, 0x3, 0xc, 0x18, 0x30,
    0x60, 0xc3, 0x6, 0x1c, 0x18, 0x60, 0x61, 0x83,
    0x8e, 0x1c, 0x38, 0xb6, 0x76, 0xd0, 0xe3, 0x80,

    /* U+00E4 "ä" */
    0x2, 0x18, 0x38, 0xc1, 0x86, 0x0, 0x0, 0x0,
    0x1, 0xe8, 0x30, 0xc3, 0x6, 0x18, 0x31, 0x83,
    0x1c, 0x18, 0xc0, 0xc6, 0xe, 0x70, 0xe3, 0x8b,
    0x6e, 0xda, 0x38, 0xe0,

    /* U+00E5 "å" */
    0x0, 0xe0, 0x8, 0x80, 0xc4, 0x4, 0x20, 0x32,
    0x0, 0xe0, 0x0, 0x0, 0x0, 0x3, 0xd0, 0x61,
    0x86, 0xc, 0x30, 0x63, 0x6, 0x38, 0x31, 0x81,
    0x8c, 0x1c, 0xe1, 0xc7, 0x16, 0xdd, 0xb4, 0x71,
    0xc0,

    /* U+00E6 "æ" */
    0x3, 0xb7, 0x82, 0x3c, 0xc2, 0x1c, 0x63, 0xc,
    0x33, 0x6, 0x23, 0x87, 0x61, 0x83, 0x40, 0xc3,
    0x80, 0xe2, 0xc0, 0x71, 0x60, 0x9b, 0x39, 0x8f,
    0xf, 0x0,

    /* U+00E7 "ç" */
    0x7, 0x86, 0x33, 0xd, 0x80, 0xe0, 0x30, 0xc,
    0x3, 0x0, 0xc0, 0x30, 0x4e, 0x20, 0xf0, 0x20,
    0x10, 0x7, 0x80, 0x60, 0x18, 0x3c, 0x0,

    /* U+00E8 "è" */
    0x6, 0x1, 0x80, 0x30, 0x4, 0x0, 0x80, 0x0,
    0x78, 0x23, 0x30, 0xcc, 0x26, 0x1b, 0x98, 0xf8,
    0x30, 0xc, 0x3, 0x4, 0xe2, 0x1f, 0x0,

    /* U+00E9 "é" */
    0x0, 0x20, 0x6, 0x0, 0xc0, 0x10, 0x2, 0x0,
    0x0, 0x7, 0x80, 0x8c, 0x30, 0xc3, 0x8, 0x61,
    0x8e, 0x60, 0xf8, 0xc, 0x0, 0xc0, 0xc, 0x10,
    0xe2, 0x7, 0xc0,

    /* U+00EA "ê" */
    0x1, 0x80, 0x78, 0x19, 0x4, 0x11, 0x0, 0x0,
    0x1, 0xe0, 0x46, 0x30, 0xc6, 0x11, 0x86, 0x73,
    0xf, 0x81, 0x80, 0x30, 0x6, 0x8, 0xe2, 0xf,
    0x80,

    /* U+00EB "ë" */
    0x8, 0x43, 0x8c, 0x61, 0x80, 0x0, 0x0, 0xf,
    0x2, 0x31, 0x86, 0x30, 0x8c, 0x33, 0x98, 0x7c,
    0xc, 0x1, 0x80, 0x30, 0x47, 0x10, 0x7c, 0x0,

    /* U+00EC "ì" */
    0x30, 0x70, 0x60, 0x60, 0x40, 0xe, 0x3c, 0x30,
    0x60, 0xc3, 0x86, 0xc, 0x18, 0x74, 0xd0, 0xc0,

    /* U+00ED "í" */
    0x2, 0x6, 0xc, 0x10, 0x20, 0x0, 0x38, 0x78,
    0x30, 0x30, 0x30, 0x70, 0x60, 0x60, 0x60, 0xe8,
    0xd0, 0x60,

    /* U+00EE "î" */
    0xe, 0xf, 0xc, 0xcc, 0x20, 0x0, 0x0, 0x60,
    0xf0, 0x38, 0x18, 0xc, 0x6, 0x6, 0x3, 0x1,
    0x81, 0xd0, 0xd0, 0x30, 0x0,

    /* U+00EF "ï" */
    0x41, 0x71, 0xd8, 0xc0, 0x0, 0x3, 0xc0, 0xe0,
    0x60, 0x30, 0x18, 0x1c, 0xc, 0x6, 0x3, 0x3,
    0xa1, 0xa0, 0x60, 0x0,

    /* U+00F0 "ð" */
    0x0, 0x0, 0x73, 0x1, 0xc0, 0x7c, 0xc, 0xc0,
    0x6, 0x0, 0x60, 0x7e, 0x18, 0x73, 0x7, 0x70,
    0x66, 0x6, 0xe0, 0x6c, 0x6, 0xc0, 0xcc, 0xc,
    0xc1, 0x8c, 0x30, 0x7c, 0x0,

    /* U+00F1 "ñ" */
    0x0, 0x4, 0xe, 0x20, 0xff, 0x0, 0x10, 0x0,
    0x0, 0x0, 0x1, 0xce, 0xe, 0x7c, 0x1a, 0x30,
    0x71, 0xc3, 0x46, 0xe, 0x18, 0x30, 0x60, 0xc3,
    0x6, 0xc, 0x18, 0x34, 0x60, 0xd3, 0x3, 0x80,

    /* U+00F2 "ò" */
    0x6, 0x0, 0x70, 0x3, 0x0, 0x18, 0x0, 0xc0,
    0x0, 0x7, 0xc1, 0x86, 0x30, 0x67, 0x7, 0x60,
    0x7e, 0x6, 0xc0, 0x6c, 0xc, 0xc0, 0xcc, 0x18,
    0xc3, 0x7, 0xc0,

    /* U+00F3 "ó" */
    0x0, 0x20, 0x6, 0x0, 0xc0, 0x10, 0x2, 0x0,
    0x0, 0x7, 0xc1, 0x86, 0x30, 0x67, 0x7, 0x60,
    0x7e, 0x6, 0xc0, 0x6c, 0xc, 0xc0, 0xcc, 0x18,
    0xc3, 0x7, 0xc0,

    /* U+00F4 "ô" */
    0x0, 0xc0, 0x1e, 0x3, 0x20, 0x41, 0x0, 0x0,
    0x0, 0x7, 0xc1, 0x86, 0x30, 0x67, 0x7, 0x60,
    0x7e, 0x6, 0xc0, 0x6c, 0xc, 0xc0, 0xcc, 0x18,
    0xc3, 0x7, 0xc0,

    /* U+00F5 "õ" */
    0x0, 0x8, 0x7f, 0x86, 0x78, 0x0, 0x0, 0x0,
    0x3, 0xe0, 0x61, 0x86, 0xc, 0x70, 0x73, 0x3,
    0xb8, 0x19, 0x80, 0xcc, 0xc, 0x60, 0x63, 0x6,
    0x18, 0x60, 0x7c, 0x0,

    /* U+00F6 "ö" */
    0x4, 0x0, 0xe3, 0xc, 0x30, 0x0, 0x0, 0x0,
    0x7c, 0x18, 0x63, 0x6, 0x70, 0x76, 0x7, 0xe0,
    0x6c, 0x6, 0xc0, 0xcc, 0xc, 0xc1, 0x8c, 0x30,
    0x7c, 0x0,

    /* U+00F7 "÷" */
    0x3, 0x0, 0xe, 0x0, 0x30, 0x0, 0x0, 0x0,
    0x0, 0x0, 0xf, 0xff, 0xff, 0xff, 0x0, 0x0,
    0x0, 0x0, 0x0, 0x0, 0xc0, 0x3, 0x80, 0xc,
    0x0,

    /* U+00F8 "ø" */
    0x0, 0x0, 0x4, 0x0, 0x40, 0x8, 0x7, 0xc1,
    0x96, 0x31, 0x67, 0x27, 0x62, 0x7e, 0x46, 0xc4,
    0x6c, 0x8c, 0xc8, 0xcd, 0x18, 0xd3, 0x7, 0xc0,
    0x20, 0x4, 0x0, 0x40, 0x4, 0x0,

    /* U+00F9 "ù" */
    0xc, 0x0, 0xe0, 0x6, 0x0, 0x30, 0x0, 0x0,
    0x0, 0xf0, 0x63, 0x6, 0x30, 0xe6, 0xc, 0x61,
    0xc6, 0x1c, 0x63, 0xcc, 0x58, 0xc5, 0x8c, 0x9a,
    0xd3, 0xce, 0x18,

    /* U+00FA "ú" */
    0x0, 0x20, 0x6, 0x0, 0xc0, 0x10, 0x2, 0x0,
    0x0, 0xf0, 0x63, 0x6, 0x30, 0xe6, 0xc, 0x61,
    0xc6, 0x1c, 0x63, 0xcc, 0x58, 0xc5, 0x8c, 0x9a,
    0xd3, 0xce, 0x18,

    /* U+00FB "û" */
    0x3, 0x80, 0x7c, 0xc, 0xc1, 0x86, 0x0, 0x0,
    0x0, 0xf0, 0x63, 0x6, 0x30, 0xe6, 0xc, 0x61,
    0xc6, 0x1c, 0x63, 0xcc, 0x58, 0xc5, 0x8c, 0x9a,
    0xd3, 0xce, 0x18,

    /* U+00FC "ü" */
    0x4, 0x20, 0xe7, 0xc, 0x30, 0x0, 0x0, 0xf,
    0x6, 0x30, 0x63, 0xe, 0x70, 0xc6, 0x1c, 0x61,
    0xc6, 0x3c, 0xe5, 0x8c, 0x58, 0xc9, 0xad, 0x3c,
    0xe1, 0x80,

    /* U+00FD "ý" */
    0x0, 0x30, 0x7, 0x0, 0xc0, 0x18, 0x2, 0x0,
    0x0, 0x3c, 0x31, 0xc3, 0xc, 0x10, 0x61, 0x6,
    0x10, 0x62, 0x6, 0x20, 0x34, 0x3, 0x40, 0x38,
    0x3, 0x80, 0x30, 0x2, 0x0, 0x20, 0x4, 0x0,
    0x80, 0xf0, 0x6, 0x0,

    /* U+00FE "þ" */
    0x7, 0x80, 0x3, 0x0, 0x6, 0x0, 0xc, 0x0,
    0x30, 0x0, 0x60, 0x0, 0xce, 0x1, 0x6e, 0x7,
    0xe, 0xc, 0x1c, 0x18, 0x38, 0x20, 0x60, 0xc0,
    0xc1, 0x83, 0x3, 0x6, 0xc, 0x18, 0x18, 0x60,
    0x3f, 0x0, 0x60, 0x1, 0x80, 0x3, 0x0, 0x6,
    0x0, 0xc, 0x0, 0x7c, 0x0,

    /* U+00FF "ÿ" */
    0xc, 0x30, 0xc7, 0x4, 0x20, 0x0, 0x3c, 0x31,
    0xc3, 0xc, 0x10, 0x61, 0x6, 0x10, 0x62, 0x6,
    0x20, 0x34, 0x3, 0x40, 0x38, 0x3, 0x80, 0x30,
    0x2, 0x0, 0x20, 0x4, 0x0, 0x80, 0xf0, 0x6,
    0x0,

    /* U+0100 "Ā" */
    0x1, 0xfe, 0x0, 0x0, 0x0, 0x0, 0x0, 0x0,
    0x0, 0x1, 0x0, 0x1, 0x80, 0x0, 0xc0, 0x0,
    0xf0, 0x0, 0x78, 0x0, 0x5c, 0x0, 0x26, 0x0,
    0x23, 0x0, 0x31, 0x80, 0x10, 0xe0, 0x10, 0x70,
    0xf, 0xf8, 0x8, 0xc, 0xc, 0x6, 0x4, 0x3,
    0x6, 0x1, 0xc2, 0x0, 0xe7, 0xc1, 0xf8,

    /* U+0101 "ā" */
    0x7, 0xf8, 0x0, 0x0, 0x0, 0x0, 0x0, 0x3d,
    0x6, 0x18, 0x60, 0xc3, 0x6, 0x30, 0x63, 0x83,
    0x18, 0x18, 0xc1, 0xce, 0x1c, 0x71, 0x6d, 0xdb,
    0x47, 0x1c,

    /* U+0102 "Ă" */
    0x0, 0x82, 0x0, 0x41, 0x0, 0x21, 0x0, 0x1f,
    0x80, 0x2, 0x0, 0x0, 0x0, 0x0, 0x40, 0x0,
    0x60, 0x0, 0x30, 0x0, 0x3c, 0x0, 0x1e, 0x0,
    0x17, 0x0, 0x9, 0x80, 0x8, 0xc0, 0xc, 0x60,
    0x4, 0x38, 0x4, 0x1c, 0x3, 0xfe, 0x2, 0x3,
    0x3, 0x1, 0x81, 0x0, 0xc1, 0x80, 0x70, 0x80,
    0x39, 0xf0, 0x7e,

    /* U+0103 "ă" */
    0x2, 0x8, 0x10, 0xc0, 0xfc, 0x3, 0xc0, 0x0,
    0x0, 0x0, 0xf, 0x41, 0x86, 0x18, 0x30, 0xc1,
    0x8c, 0x18, 0xe0, 0xc6, 0x6, 0x30, 0x73, 0x87,
    0x1c, 0x5b, 0x76, 0xd1, 0xc7, 0x0,

    /* U+0104 "Ą" */
    0x0, 0x10, 0x0, 0x3, 0x0, 0x0, 0x70, 0x0,
    0x7, 0x0, 0x0, 0xb0, 0x0, 0xb, 0x80, 0x1,
    0x38, 0x0, 0x13, 0x80, 0x2, 0x18, 0x0, 0x61,
    0x80, 0x4, 0x18, 0x0, 0xff, 0xc0, 0x8, 0x1c,
    0x1, 0x1, 0xc0, 0x30, 0x1c, 0x2, 0x0, 0xc0,
    0x60, 0xc, 0xf, 0x3, 0xf0, 0x0, 0x1, 0x0,
    0x0, 0x30, 0x0, 0x3, 0x10, 0x0, 0x1e, 0x0,
    0x0, 0xc0,

    /* U+0105 "ą" */
    0x3, 0xd0, 0x30, 0xc1, 0x83, 0x4, 0xc, 0x30,
    0x61, 0x81, 0x86, 0x6, 0x18, 0x38, 0xe1, 0xc3,
    0x8b, 0x47, 0x4e, 0xe, 0x30, 0x0, 0x80, 0x2,
    0x0, 0xf, 0x80, 0x1c,

    /* U+0106 "Ć" */
    0x0, 0x0, 0x0, 0x1, 0x80, 0x1, 0xc0, 0x1,
    0x80, 0x1, 0x80, 0x1, 0x0, 0x0, 0x0, 0x1,
    0xff, 0x3, 0x87, 0x87, 0x0, 0xc7, 0x0, 0x47,
    0x0, 0x23, 0x80, 0x3, 0x80, 0x1, 0xc0, 0x1,
    0xe0, 0x0, 0xe0, 0x0, 0x70, 0x0, 0x38, 0x0,
    0x1c, 0x0, 0xe, 0x0, 0x3, 0x80, 0x20, 0xe0,
    0x20, 0x38, 0x60, 0xf, 0xc0, 0x0,

    /* U+0107 "ć" */
    0x0, 0x60, 0x1c, 0x7, 0x1, 0x80, 0x40, 0x0,
    0x1, 0xe0, 0xc6, 0x30, 0xcc, 0x3, 0x80, 0x60,
    0xc, 0x1, 0x80, 0x30, 0x6, 0x8, 0xe2, 0xf,
    0x80,

    /* U+0108 "Ĉ" */
    0x0, 0x18, 0x0, 0x1e, 0x0, 0x19, 0x80, 0x18,
    0x40, 0x10, 0x10, 0x0, 0x0, 0x3, 0xfe, 0x7,
    0xf, 0xe, 0x1, 0x8e, 0x0, 0x8e, 0x0, 0x47,
    0x0, 0x7, 0x0, 0x3, 0x80, 0x3, 0xc0, 0x1,
    0xc0, 0x0, 0xe0, 0x0, 0x70, 0x0, 0x38, 0x0,
    0x1c, 0x0, 0x7, 0x0, 0x41, 0xc0, 0x40, 0x70,
    0xc0, 0x1f, 0x80,

    /* U+0109 "ĉ" */
    0x1, 0xc0, 0x3c, 0x6, 0x60, 0xc2, 0x0, 0x0,
    0x0, 0x7, 0x81, 0x8c, 0x30, 0xc6, 0x0, 0xe0,
    0xc, 0x0, 0xc0, 0xc, 0x0, 0xc0, 0xc, 0x10,
    0xe2, 0x7, 0xc0,

    /* U+010A "Ċ" */
    0x0, 0x18, 0x0, 0x1c, 0x0, 0x4, 0x0, 0x0,
    0x0, 0x0, 0x0, 0x7, 0xfc, 0xe, 0x1e, 0x1c,
    0x3, 0x1c, 0x1, 0x1c, 0x0, 0x8e, 0x0, 0xe,
    0x0, 0x7, 0x0, 0x7, 0x80, 0x3, 0x80, 0x1,
    0xc0, 0x0, 0xe0, 0x0, 0x70, 0x0, 0x38, 0x0,
    0xe, 0x0, 0x83, 0x80, 0x80, 0xe1, 0x80, 0x3f,
    0x0,

    /* U+010B "ċ" */
    0x1, 0x0, 0xe0, 0x18, 0x0, 0x0, 0x1, 0xe1,
    0x8c, 0xc3, 0x60, 0x38, 0xc, 0x3, 0x0, 0xc0,
    0x30, 0xc, 0x13, 0x88, 0x7c, 0x0,

    /* U+010C "Č" */
    0x0, 0x80, 0x80, 0x21, 0x80, 0x19, 0x80, 0x7,
    0x80, 0x3, 0x80, 0x0, 0x0, 0x0, 0x0, 0x1,
    0xff, 0x3, 0x87, 0x87, 0x0, 0xc7, 0x0, 0x47,
    0x0, 0x23, 0x80, 0x3, 0x80, 0x1, 0xc0, 0x1,
    0xe0, 0x0, 0xe0, 0x0, 0x70, 0x0, 0x38, 0x0,
    0x1c, 0x0, 0xe, 0x0, 0x3, 0x80, 0x20, 0xe0,
    0x20, 0x38, 0x60, 0xf, 0xc0, 0x0,

    /* U+010D "č" */
    0x4, 0x10, 0x31, 0x0, 0xf0, 0x7, 0x0, 0x0,
    0x0, 0x0, 0x1e, 0x3, 0x18, 0x30, 0xc3, 0x0,
    0x38, 0x1, 0x80, 0xc, 0x0, 0x60, 0x3, 0x0,
    0x18, 0x20, 0xe2, 0x3, 0xe0, 0x0,

    /* U+010E "Ď" */
    0x0, 0x81, 0x0, 0x8, 0xc0, 0x1, 0xb0, 0x0,
    0x1c, 0x0, 0x3, 0x0, 0x0, 0x0, 0x3, 0xff,
    0x0, 0x1c, 0x18, 0x3, 0x1, 0x80, 0xe0, 0x38,
    0x1c, 0x3, 0x83, 0x80, 0x70, 0x60, 0xe, 0x1c,
    0x1, 0xc3, 0x80, 0x38, 0x70, 0x7, 0xc, 0x0,
    0xe3, 0x80, 0x38, 0x70, 0x7, 0xc, 0x1, 0xc3,
    0x80, 0x70, 0x70, 0x1c, 0xe, 0xe, 0x7, 0xff,
    0x0,

    /* U+010F "ď" */
    0x0, 0x0, 0x0, 0x3, 0xc6, 0x0, 0xc, 0x70,
    0x1, 0xc6, 0x0, 0x18, 0x20, 0x1, 0x84, 0x0,
    0x18, 0x80, 0x3f, 0x80, 0x4, 0x30, 0x0, 0x83,
    0x0, 0x18, 0x30, 0x3, 0x6, 0x0, 0x70, 0x60,
    0x6, 0x6, 0x0, 0x60, 0xc0, 0xe, 0x1c, 0x0,
    0x62, 0xd8, 0x7, 0x6f, 0x0, 0x38, 0xc0, 0x0,

    /* U+0110 "Đ" */
    0xf, 0xfc, 0x0, 0x70, 0xe0, 0xc, 0x6, 0x3,
    0x80, 0xe0, 0x70, 0xe, 0xe, 0x1, 0xc1, 0x80,
    0x38, 0x70, 0x7, 0x3f, 0xe0, 0xe1, 0xc0, 0x1c,
    0x30, 0x3, 0x8e, 0x0, 0xe1, 0xc0, 0x1c, 0x30,
    0x7, 0xe, 0x1, 0xc1, 0xc0, 0x70, 0x38, 0x38,
    0x1f, 0xfc, 0x0,

    /* U+0111 "đ" */
    0x0, 0x3c, 0x0, 0x18, 0x0, 0x30, 0xf, 0xf0,
    0x1, 0x80, 0x3, 0x0, 0x6, 0x1, 0xf8, 0x4,
    0x30, 0x10, 0x60, 0x60, 0xc1, 0x83, 0x7, 0x6,
    0xc, 0xc, 0x18, 0x30, 0x70, 0xe0, 0x62, 0xd0,
    0xed, 0xe0, 0xe3, 0x0,

    /* U+0112 "Ē" */
    0x1, 0xff, 0x0, 0x0, 0x0, 0x0, 0x0, 0x0,
    0x0, 0xff, 0xf8, 0x1c, 0xc, 0xc, 0x2, 0xe,
    0x2, 0x7, 0x0, 0x3, 0x80, 0x1, 0x82, 0x1,
    0xc3, 0x0, 0xff, 0x0, 0x60, 0x80, 0x30, 0x40,
    0x38, 0x0, 0x1c, 0x0, 0xc, 0x0, 0xe, 0x0,
    0x87, 0x0, 0xc3, 0x81, 0xc7, 0xff, 0xe0,

    /* U+0113 "ē" */
    0x1f, 0xe0, 0x0, 0x0, 0x0, 0x0, 0x78, 0x11,
    0x8c, 0x31, 0x84, 0x61, 0x9c, 0xc3, 0xe0, 0x60,
    0xc, 0x1, 0x82, 0x38, 0x83, 0xe0,

    /* U+0114 "Ĕ" */
    0x0, 0x41, 0x0, 0x20, 0x80, 0x18, 0x80, 0xf,
    0xc0, 0x1, 0x80, 0x0, 0x0, 0x3f, 0xfe, 0x7,
    0x3, 0x3, 0x0, 0x83, 0x80, 0x81, 0xc0, 0x0,
    0xe0, 0x0, 0x60, 0x80, 0x70, 0xc0, 0x3f, 0xc0,
    0x18, 0x20, 0xc, 0x10, 0xe, 0x0, 0x7, 0x0,
    0x3, 0x0, 0x3, 0x80, 0x21, 0xc0, 0x30, 0xe0,
    0x71, 0xff, 0xf8,

    /* U+0115 "ĕ" */
    0x4, 0x10, 0x20, 0x81, 0xf8, 0x7, 0x80, 0x0,
    0x0, 0x0, 0x1e, 0x1, 0x18, 0x30, 0xc1, 0x84,
    0x18, 0x61, 0xcc, 0xf, 0x80, 0x60, 0x3, 0x0,
    0x18, 0x20, 0xe2, 0x3, 0xe0, 0x0,

    /* U+0116 "Ė" */
    0x0, 0x0, 0x0, 0xc, 0x0, 0x6, 0x0, 0x0,
    0x0, 0xff, 0xf8, 0x1c, 0xc, 0xc, 0x2, 0xe,
    0x2, 0x7, 0x0, 0x3, 0x80, 0x1, 0x82, 0x1,
    0xc3, 0x0, 0xff, 0x0, 0x60, 0x80, 0x30, 0x40,
    0x38, 0x0, 0x1c, 0x0, 0xc, 0x0, 0xe, 0x0,
    0x87, 0x0, 0xc3, 0x81, 0xc7, 0xff, 0xe0,

    /* U+0117 "ė" */
    0x0, 0x80, 0x70, 0x18, 0x0, 0x0, 0x1, 0xe0,
    0x8c, 0xc3, 0x30, 0x98, 0x6e, 0x63, 0xe0, 0xc0,
    0x30, 0xc, 0x13, 0x88, 0x7c, 0x0,

    /* U+0118 "Ę" */
    0xf, 0xff, 0x80, 0xe0, 0x60, 0x30, 0x8, 0x1c,
    0x4, 0x7, 0x0, 0x1, 0xc0, 0x0, 0x60, 0x80,
    0x38, 0x60, 0xf, 0xf0, 0x3, 0x4, 0x0, 0xc1,
    0x0, 0x70, 0x0, 0x1c, 0x0, 0x6, 0x0, 0x3,
    0x80, 0x20, 0xe0, 0x18, 0x38, 0x1c, 0x3f, 0xff,
    0x0, 0x0, 0xc0, 0x0, 0x20, 0x0, 0xc, 0x0,
    0x3, 0xe0, 0x0, 0x60,

    /* U+0119 "ę" */
    0x7, 0x81, 0x18, 0xc3, 0x18, 0x46, 0x19, 0xcc,
    0x3e, 0x6, 0x0, 0xc0, 0x18, 0x23, 0x8c, 0x3d,
    0x0, 0x60, 0xc, 0x1, 0xf0, 0x1c,

    /* U+011A "Ě" */
    0x0, 0x40, 0x80, 0x11, 0x80, 0xd, 0x80, 0x3,
    0x80, 0x1, 0x80, 0x0, 0x0, 0x3f, 0xfe, 0x7,
    0x3, 0x3, 0x0, 0x83, 0x80, 0x81, 0xc0, 0x0,
    0xe0, 0x0, 0x60, 0x80, 0x70, 0xc0, 0x3f, 0xc0,
    0x18, 0x20, 0xc, 0x10, 0xe, 0x0, 0x7, 0x0,
    0x3, 0x0, 0x3, 0x80, 0x21, 0xc0, 0x30, 0xe0,
    0x71, 0xff, 0xf8,

    /* U+011B "ě" */
    0x4, 0x18, 0x11, 0x80, 0xf8, 0x3, 0x80, 0x0,
    0x0, 0x0, 0x1e, 0x1, 0x18, 0x30, 0xc1, 0x84,
    0x18, 0x61, 0xcc, 0xf, 0x80, 0x60, 0x3, 0x0,
    0x18, 0x20, 0xe2, 0x3, 0xe0, 0x0,

    /* U+011C "Ĝ" */
    0x0, 0x18, 0x0, 0xf, 0x0, 0x6, 0x60, 0x3,
    0x8, 0x1, 0x1, 0x0, 0x0, 0x0, 0xf, 0xc4,
    0xe, 0xf, 0xe, 0x1, 0x87, 0x0, 0x23, 0x80,
    0x8, 0xe0, 0x0, 0x70, 0x0, 0x1c, 0x0, 0xf,
    0x0, 0x3, 0x80, 0x7f, 0xe0, 0x7, 0x38, 0x1,
    0xce, 0x0, 0x61, 0x80, 0x18, 0x70, 0xe, 0xc,
    0x3, 0x81, 0xc1, 0xc0, 0x1f, 0xc0,

    /* U+011D "ĝ" */
    0x0, 0x60, 0x7, 0x80, 0x4c, 0x4, 0x30, 0x40,
    0x0, 0x0, 0xf, 0x1, 0x8f, 0x18, 0x30, 0xc1,
    0x86, 0x1c, 0x30, 0xc1, 0x8c, 0x3, 0x80, 0x20,
    0x3, 0x0, 0x1f, 0x0, 0xfe, 0x8, 0x70, 0x81,
    0xcc, 0x4, 0x60, 0x21, 0x82, 0x7, 0xe0,

    /* U+011E "Ğ" */
    0x0, 0x40, 0x0, 0x10, 0x40, 0x4, 0x30, 0x1,
    0xf8, 0x0, 0x3c, 0x0, 0x0, 0x0, 0x0, 0x0,
    0x3, 0xf1, 0x3, 0x83, 0xc3, 0x80, 0x61, 0xc0,
    0x8, 0xe0, 0x2, 0x38, 0x0, 0x1c, 0x0, 0x7,
    0x0, 0x3, 0xc0, 0x0, 0xe0, 0x1f, 0xf8, 0x1,
    0xce, 0x0, 0x73, 0x80, 0x18, 0x60, 0x6, 0x1c,
    0x3, 0x83, 0x0, 0xe0, 0x70, 0x70, 0x7, 0xf0,
    0x0,

    /* U+011F "ğ" */
    0x2, 0x8, 0x8, 0x20, 0x31, 0x0, 0xfc, 0x0,
    0x80, 0x0, 0x0, 0x3c, 0x3, 0x1e, 0x18, 0x30,
    0x60, 0xc1, 0x87, 0x6, 0x18, 0x18, 0xc0, 0x1c,
    0x0, 0x80, 0x6, 0x0, 0x1f, 0x0, 0x7f, 0x2,
    0x1c, 0x10, 0x38, 0xc0, 0x43, 0x1, 0x6, 0x8,
    0xf, 0xc0,

    /* U+0120 "Ġ" */
    0x0, 0x10, 0x0, 0xe, 0x0, 0x1, 0x80, 0x0,
    0x0, 0x0, 0x0, 0x0, 0x3f, 0x10, 0x38, 0x3c,
    0x38, 0x6, 0x1c, 0x0, 0x8e, 0x0, 0x23, 0x80,
    0x1, 0xc0, 0x0, 0x70, 0x0, 0x3c, 0x0, 0xe,
    0x1, 0xff, 0x80, 0x1c, 0xe0, 0x7, 0x38, 0x1,
    0x86, 0x0, 0x61, 0xc0, 0x38, 0x30, 0xe, 0x7,
    0x7, 0x0, 0x7f, 0x0,

    /* U+0121 "ġ" */
    0x0, 0xc0, 0x6, 0x0, 0x0, 0x0, 0x0, 0x3c,
    0x6, 0x3c, 0x60, 0xc3, 0x6, 0x18, 0x70, 0xc3,
    0x6, 0x30, 0xe, 0x0, 0x80, 0xc, 0x0, 0x7c,
    0x3, 0xf8, 0x21, 0xc2, 0x7, 0x30, 0x11, 0x80,
    0x86, 0x8, 0x1f, 0x80,

    /* U+0122 "Ģ" */
    0x0, 0xfc, 0x40, 0xe0, 0xf0, 0xe0, 0x18, 0x70,
    0x2, 0x38, 0x0, 0x8e, 0x0, 0x7, 0x0, 0x1,
    0xc0, 0x0, 0xf0, 0x0, 0x38, 0x7, 0xfe, 0x0,
    0x73, 0x80, 0x1c, 0xe0, 0x6, 0x18, 0x1, 0x87,
    0x0, 0xe0, 0xc0, 0x38, 0x1c, 0x1c, 0x1, 0xfc,
    0x0, 0x0, 0x0, 0x0, 0x0, 0x3, 0x0, 0x0,
    0xe0, 0x0, 0x10, 0x0, 0x4, 0x0, 0x2, 0x0,
    0x0, 0x0, 0x0,

    /* U+0123 "ģ" */
    0x0, 0x10, 0x1, 0x0, 0x10, 0x1, 0x80, 0xe,
    0x0, 0x70, 0x1, 0x0, 0x0, 0x3, 0xc0, 0x63,
    0xc6, 0xc, 0x30, 0x61, 0x87, 0xc, 0x30, 0x63,
    0x0, 0xe0, 0x8, 0x0, 0xc0, 0x7, 0xc0, 0x3f,
    0x82, 0x1c, 0x20, 0x73, 0x1, 0x18, 0x8, 0x60,
    0x81, 0xf8, 0x0,

    /* U+0124 "Ĥ" */
    0x0, 0xe, 0x0, 0x0, 0xf0, 0x0, 0x6, 0xc0,
    0x0, 0x42, 0x0, 0x4, 0x18, 0x0, 0x0, 0x0,
    0x3f, 0x87, 0xe0, 0x70, 0x1c, 0x3, 0x0, 0xe0,
    0x38, 0x6, 0x1, 0xc0, 0x30, 0xe, 0x3, 0x80,
    0x60, 0x1c, 0x7, 0x0, 0xc0, 0x3f, 0xfe, 0x1,
    0xc0, 0x70, 0xc, 0x3, 0x80, 0xe0, 0x18, 0x7,
    0x1, 0xc0, 0x30, 0xe, 0x3, 0x80, 0x60, 0x1c,
    0x3, 0x0, 0xe0, 0x38, 0x1f, 0x87, 0xf0,

    /* U+0125 "ĥ" */
    0x0, 0x38, 0x0, 0xf0, 0x3, 0x30, 0xc, 0x20,
    0x20, 0x20, 0x80, 0xf, 0x0, 0x6, 0x0, 0xc,
    0x0, 0x30, 0x0, 0x60, 0x0, 0xc0, 0x3, 0x8e,
    0x6, 0x6c, 0xd, 0x18, 0x1c, 0x30, 0x68, 0xe0,
    0xe1, 0x81, 0x83, 0x3, 0x6, 0xe, 0x18, 0x18,
    0x32, 0x30, 0x68, 0x60, 0xe0,

    /* U+0126 "Ħ" */
    0xf, 0xe3, 0xf8, 0x1c, 0x7, 0x0, 0xc0, 0x38,
    0x3f, 0xff, 0xf0, 0x70, 0x1c, 0x3, 0x0, 0xe0,
    0x18, 0x7, 0x1, 0xc0, 0x30, 0xf, 0xff, 0x80,
    0x60, 0x1c, 0x7, 0x0, 0xc0, 0x38, 0xe, 0x1,
    0x80, 0x70, 0xc, 0x3, 0x80, 0xe0, 0x18, 0x7,
    0x1, 0xc0, 0x38, 0xe, 0x7, 0xe1, 0xfc, 0x0,

    /* U+0127 "ħ" */
    0x1c, 0x0, 0xc0, 0xc, 0x7, 0xfe, 0x18, 0x1,
    0x80, 0x18, 0x3, 0xe, 0x33, 0x63, 0x46, 0x38,
    0x66, 0x8e, 0x70, 0xc6, 0xc, 0x60, 0xce, 0x18,
    0xc1, 0x9c, 0x1a, 0xc1, 0xc0,

    /* U+0128 "Ĩ" */
    0x7, 0x8, 0x5f, 0x84, 0x78, 0x0, 0x0, 0xfc,
    0x1, 0xc0, 0xc, 0x0, 0xe0, 0x7, 0x0, 0x38,
    0x1, 0x80, 0x1c, 0x0, 0xe0, 0x6, 0x0, 0x30,
    0x3, 0x80, 0x1c, 0x0, 0xc0, 0xe, 0x0, 0x70,
    0x3, 0x80, 0x7e, 0x0,

    /* U+0129 "ĩ" */
    0x0, 0x5f, 0x28, 0xf0, 0x0, 0x0, 0xe, 0x7,
    0x80, 0xc0, 0x30, 0xc, 0x7, 0x1, 0x80, 0x60,
    0x18, 0xe, 0x83, 0x40, 0x60, 0x0,

    /* U+012A "Ī" */
    0xf, 0xf0, 0x0, 0x0, 0x0, 0x0, 0xf, 0xc0,
    0x38, 0x3, 0x0, 0x70, 0x7, 0x0, 0x70, 0x6,
    0x0, 0xe0, 0xe, 0x0, 0xc0, 0xc, 0x1, 0xc0,
    0x1c, 0x1, 0x80, 0x38, 0x3, 0x80, 0x38, 0xf,
    0xc0,

    /* U+012B "ī" */
    0x7f, 0x80, 0x0, 0x0, 0x7, 0x81, 0xc0, 0xc0,
    0x60, 0x30, 0x38, 0x18, 0xc, 0x6, 0x7, 0x43,
    0x40, 0xc0,

    /* U+012C "Ĭ" */
    0x4, 0x10, 0x20, 0x81, 0x88, 0xf, 0xc0, 0x18,
    0x0, 0x0, 0x3f, 0x0, 0x70, 0x3, 0x0, 0x38,
    0x1, 0xc0, 0xe, 0x0, 0x60, 0x7, 0x0, 0x38,
    0x1, 0x80, 0xc, 0x0, 0xe0, 0x7, 0x0, 0x30,
    0x3, 0x80, 0x1c, 0x0, 0xe0, 0x1f, 0x80,

    /* U+012D "ĭ" */
    0x20, 0x48, 0x23, 0xf0, 0x78, 0x0, 0x0, 0x7,
    0x80, 0xe0, 0x30, 0xc, 0x3, 0x1, 0xc0, 0x60,
    0x18, 0x6, 0x3, 0xa0, 0xd0, 0x18, 0x0,

    /* U+012E "Į" */
    0xf, 0xc0, 0x70, 0xc, 0x3, 0x80, 0x70, 0xe,
    0x1, 0x80, 0x70, 0xe, 0x1, 0x80, 0x30, 0xe,
    0x1, 0xc0, 0x30, 0xe, 0x1, 0xc0, 0x38, 0x1f,
    0x80, 0x10, 0x2, 0x0, 0x64, 0xf, 0x80, 0xc0,

    /* U+012F "į" */
    0xc, 0x18, 0x30, 0x0, 0x0, 0x1e, 0x1c, 0x30,
    0x60, 0xc1, 0x86, 0xc, 0x18, 0x74, 0xd1, 0xe1,
    0x2, 0x6, 0xf, 0x8c, 0x0,

    /* U+0130 "İ" */
    0x0, 0x80, 0x30, 0x6, 0x0, 0x0, 0x0, 0x1f,
    0x80, 0xe0, 0x18, 0x7, 0x0, 0xe0, 0x1c, 0x3,
    0x0, 0xe0, 0x1c, 0x3, 0x0, 0x60, 0x1c, 0x3,
    0x80, 0x60, 0x1c, 0x3, 0x80, 0x70, 0x3f, 0x0,

    /* U+0131 "ı" */
    0x79, 0xcc, 0x63, 0x39, 0x8c, 0x66, 0x7c, 0xc0,

    /* U+0132 "Ĳ" */
    0xf, 0xc3, 0xf0, 0x1c, 0x7, 0x0, 0xc0, 0x30,
    0xe, 0x3, 0x80, 0x70, 0x1c, 0x3, 0x80, 0xc0,
    0x18, 0xe, 0x1, 0xc0, 0x70, 0xe, 0x3, 0x80,
    0x60, 0x18, 0x7, 0x1, 0xc0, 0x38, 0xe, 0x1,
    0xc0, 0x70, 0xc, 0x7, 0x0, 0xe2, 0x38, 0x7,
    0x39, 0x80, 0x39, 0xcc, 0x7, 0xf7, 0x80, 0x0,

    /* U+0133 "ĳ" */
    0x18, 0x31, 0x83, 0x8, 0x20, 0x0, 0x0, 0x0,
    0x0, 0x8, 0xf, 0x1e, 0x30, 0x63, 0x6, 0x30,
    0xe6, 0x1c, 0x62, 0xc6, 0x2c, 0xc5, 0xcc, 0x98,
    0xd1, 0x8e, 0x18, 0x3, 0x0, 0x30, 0x3, 0x3,
    0x20, 0x36, 0x3, 0x80,

    /* U+0134 "Ĵ" */
    0x0, 0x70, 0x3, 0xc0, 0x19, 0x80, 0xc2, 0x0,
    0x4, 0x0, 0x0, 0x1f, 0x80, 0x1c, 0x0, 0xe0,
    0x3, 0x80, 0xe, 0x0, 0x30, 0x1, 0xc0, 0x7,
    0x0, 0x1c, 0x0, 0x60, 0x3, 0x80, 0xe, 0x0,
    0x30, 0x1, 0xc0, 0xc7, 0x3, 0x98, 0xe, 0xe0,
    0x1e, 0x0,

    /* U+0135 "ĵ" */
    0x0, 0xe0, 0xf, 0x0, 0xcc, 0x4, 0x20, 0x40,
    0x80, 0x0, 0x0, 0x0, 0xf8, 0x1, 0xc0, 0xc,
    0x0, 0x60, 0x3, 0x0, 0x38, 0x1, 0x80, 0xc,
    0x0, 0x60, 0x6, 0x0, 0x30, 0x1, 0x80, 0xc,
    0x0, 0xc0, 0x66, 0x3, 0x20, 0xe, 0x0,

    /* U+0136 "Ķ" */
    0xf, 0xe3, 0xe0, 0x70, 0x30, 0xc, 0xc, 0x3,
    0x83, 0x0, 0x70, 0x80, 0xe, 0x60, 0x1, 0x98,
    0x0, 0x7c, 0x0, 0xf, 0xc0, 0x1, 0xf8, 0x0,
    0x33, 0x80, 0xe, 0x30, 0x1, 0xc7, 0x0, 0x30,
    0x60, 0xe, 0xe, 0x1, 0xc0, 0xe0, 0x38, 0x1c,
    0x1f, 0x87, 0xe0, 0x0, 0x0, 0x0, 0x0, 0x0,
    0x30, 0x0, 0xe, 0x0, 0x0, 0xc0, 0x0, 0x18,
    0x0, 0x2, 0x0, 0x0, 0x80, 0x0,

    /* U+0137 "ķ" */
    0x2, 0x0, 0xf0, 0x1, 0x80, 0x1c, 0x0, 0xc0,
    0x6, 0x0, 0x30, 0x3, 0xe, 0x18, 0x40, 0xc4,
    0x6, 0x40, 0x64, 0x3, 0xe0, 0x1b, 0x0, 0xcc,
    0xc, 0x60, 0x63, 0xa3, 0xd, 0x18, 0x30, 0x0,
    0x0, 0x0, 0xc, 0x0, 0x70, 0x1, 0x0, 0x8,
    0x0, 0x80, 0x8, 0x0,

    /* U+0138 "ĸ" */
    0x18, 0x7, 0x1e, 0x30, 0x83, 0x10, 0x32, 0x6,
    0x40, 0x7c, 0x6, 0xc0, 0x66, 0xc, 0x60, 0xc7,
    0x2c, 0x34, 0xc1, 0x80,

    /* U+0139 "Ĺ" */
    0x0, 0x6, 0x0, 0x1c, 0x0, 0x70, 0x1, 0x80,
    0x6, 0x0, 0x0, 0x3, 0xf8, 0x1, 0xc0, 0x3,
    0x0, 0xe, 0x0, 0x1c, 0x0, 0x38, 0x0, 0x60,
    0x1, 0xc0, 0x3, 0x80, 0x6, 0x0, 0xc, 0x0,
    0x38, 0x0, 0x70, 0x0, 0xc0, 0x13, 0x80, 0x27,
    0x0, 0xce, 0x3, 0x7f, 0xfe,

    /* U+013A "ĺ" */
    0x1, 0x1, 0x81, 0x81, 0x1, 0x0, 0x20, 0xf0,
    0x18, 0x1c, 0xc, 0x6, 0x3, 0x3, 0x1, 0x80,
    0xc0, 0x60, 0x60, 0x30, 0x18, 0xc, 0xc, 0x6,
    0x43, 0x41, 0xc0,

    /* U+013B "Ļ" */
    0xf, 0xe0, 0x7, 0x0, 0xc, 0x0, 0x38, 0x0,
    0x70, 0x0, 0xe0, 0x1, 0x80, 0x7, 0x0, 0xe,
    0x0, 0x18, 0x0, 0x30, 0x0, 0xe0, 0x1, 0xc0,
    0x3, 0x0, 0x4e, 0x0, 0x9c, 0x3, 0x38, 0xd,
    0xff, 0xf8, 0x0, 0x0, 0x0, 0x0, 0x60, 0x0,
    0xe0, 0x1, 0xc0, 0x1, 0x0, 0x6, 0x0, 0x10,
    0x0,

    /* U+013C "ļ" */
    0x2, 0x3c, 0x18, 0x70, 0xc1, 0x83, 0xc, 0x18,
    0x30, 0x61, 0x83, 0x6, 0xc, 0x30, 0x64, 0xd1,
    0xc0, 0x0, 0xe, 0x1c, 0x18, 0x20, 0x80, 0x0,

    /* U+013D "Ľ" */
    0xf, 0xe3, 0x3, 0x87, 0x3, 0x3, 0x7, 0x3,
    0x7, 0x2, 0x7, 0x4, 0x6, 0x0, 0xe, 0x0,
    0xe, 0x0, 0xc, 0x0, 0xc, 0x0, 0x1c, 0x0,
    0x1c, 0x0, 0x18, 0x2, 0x38, 0x2, 0x38, 0x6,
    0x38, 0xc, 0xff, 0xfc,

    /* U+013E "ľ" */
    0x0, 0x3, 0xc6, 0xc, 0x71, 0xc3, 0x18, 0x21,
    0x82, 0x18, 0xc3, 0x0, 0x30, 0x3, 0x0, 0x30,
    0x6, 0x0, 0x60, 0x6, 0x0, 0x60, 0xc, 0x0,
    0xc8, 0xd, 0x0, 0xe0, 0x0,

    /* U+013F "Ŀ" */
    0xf, 0xe0, 0x7, 0x0, 0xc, 0x0, 0x38, 0x0,
    0x70, 0x0, 0xe0, 0x1, 0x80, 0x7, 0x0, 0xe,
    0x8, 0x18, 0x38, 0x30, 0x60, 0xe0, 0x1, 0xc0,
    0x3, 0x0, 0x4e, 0x0, 0x9c, 0x3, 0x38, 0xd,
    0xff, 0xf8,

    /* U+0140 "ŀ" */
    0x4, 0x3c, 0xc, 0x1c, 0x18, 0x18, 0x18, 0x30,
    0x30, 0x30, 0x30, 0x63, 0x63, 0x60, 0x60, 0xc0,
    0xc8, 0xd0, 0xe0,

    /* U+0141 "Ł" */
    0xf, 0xe0, 0x7, 0x0, 0xc, 0x0, 0x38, 0x0,
    0x70, 0x0, 0xe4, 0x1, 0xb0, 0x7, 0xc0, 0xe,
    0x0, 0x38, 0x1, 0xb0, 0x0, 0xe0, 0x1, 0xc0,
    0x3, 0x0, 0x4e, 0x0, 0x9c, 0x3, 0x38, 0xd,
    0xff, 0xf8,

    /* U+0142 "ł" */
    0x2, 0x78, 0x30, 0x61, 0x83, 0x6, 0xf, 0x38,
    0xe2, 0xc1, 0x86, 0xc, 0x18, 0x70, 0xc9, 0xa3,
    0x80,

    /* U+0143 "Ń" */
    0x0, 0x0, 0x0, 0x0, 0x38, 0x0, 0x7, 0x0,
    0x0, 0xc0, 0x0, 0x18, 0x0, 0x2, 0x0, 0x0,
    0x0, 0x0, 0xf0, 0x1f, 0x3, 0x80, 0x40, 0x38,
    0x4, 0x3, 0x80, 0xc0, 0x5c, 0x8, 0x4, 0xc0,
    0x80, 0x4e, 0x8, 0xc, 0x61, 0x0, 0x86, 0x10,
    0x8, 0x71, 0x0, 0x83, 0x30, 0x18, 0x3a, 0x1,
    0x1, 0xa0, 0x10, 0x1e, 0x3, 0x0, 0xc0, 0x30,
    0xc, 0x2, 0x0, 0xc0, 0xf8, 0x4, 0x0,

    /* U+0144 "ń" */
    0x0, 0x18, 0x1, 0xc0, 0x18, 0x1, 0x0, 0x10,
    0x0, 0x0, 0x73, 0x87, 0x3e, 0x1a, 0x30, 0xe3,
    0x8d, 0x18, 0x70, 0xc3, 0x6, 0x18, 0x61, 0x83,
    0xc, 0x1a, 0x60, 0xd6, 0x7, 0x0,

    /* U+0145 "Ņ" */
    0xf, 0x1, 0xf0, 0x38, 0x4, 0x3, 0x80, 0x40,
    0x38, 0xc, 0x5, 0xc0, 0x80, 0x4c, 0x8, 0x4,
    0xe0, 0x80, 0xc6, 0x10, 0x8, 0x61, 0x0, 0x87,
    0x10, 0x8, 0x33, 0x1, 0x83, 0xa0, 0x10, 0x1a,
    0x1, 0x1, 0xe0, 0x30, 0xc, 0x3, 0x0, 0xc0,
    0x20, 0xc, 0xf, 0x80, 0x40, 0x0, 0x0, 0x0,
    0x20, 0x0, 0x7, 0x0, 0x0, 0x70, 0x0, 0x3,
    0x0, 0x0, 0x20, 0x0, 0x4, 0x0, 0x0, 0x80,
    0x0,

    /* U+0146 "ņ" */
    0x1c, 0xe1, 0xcf, 0x86, 0x8c, 0x38, 0xe3, 0x46,
    0x1c, 0x30, 0xc1, 0x86, 0x18, 0x60, 0xc3, 0x6,
    0x98, 0x35, 0x81, 0xc0, 0x0, 0x0, 0x0, 0x70,
    0x3, 0x80, 0xc, 0x0, 0x40, 0x6, 0x0, 0x0,
    0x0,

    /* U+0147 "Ň" */
    0x0, 0x40, 0x40, 0x2, 0x18, 0x0, 0x33, 0x0,
    0x1, 0xe0, 0x0, 0x1c, 0x0, 0x0, 0x0, 0x0,
    0x0, 0x0, 0xf0, 0x1f, 0x3, 0x80, 0x40, 0x38,
    0x4, 0x3, 0x80, 0xc0, 0x5c, 0x8, 0x4, 0xc0,
    0x80, 0x4e, 0x8, 0xc, 0x61, 0x0, 0x86, 0x10,
    0x8, 0x71, 0x0, 0x83, 0x30, 0x18, 0x3a, 0x1,
    0x1, 0xa0, 0x10, 0x1e, 0x3, 0x0, 0xc0, 0x30,
    0xc, 0x2, 0x0, 0xc0, 0xf8, 0x4, 0x0,

    /* U+0148 "ň" */
    0x2, 0x8, 0xc, 0x40, 0x1e, 0x0, 0x30, 0x0,
    0x0, 0x0, 0x1, 0xce, 0xe, 0x7c, 0x1a, 0x30,
    0x71, 0xc3, 0x46, 0xe, 0x18, 0x30, 0x60, 0xc3,
    0x6, 0xc, 0x18, 0x34, 0x60, 0xd3, 0x3, 0x80,

    /* U+0149 "ŉ" */
    0x70, 0x7, 0x0, 0x30, 0x3, 0x0, 0x20, 0x4,
    0x0, 0x38, 0xe7, 0x96, 0x34, 0x63, 0x46, 0x38,
    0x67, 0xc, 0x70, 0xc6, 0xc, 0x61, 0xcc, 0x19,
    0xc1, 0xac, 0x1c,

    /* U+014A "Ŋ" */
    0x0, 0x87, 0xc0, 0xf9, 0xce, 0x3, 0xb0, 0x70,
    0x34, 0x7, 0x3, 0x80, 0x70, 0x70, 0x7, 0x7,
    0x0, 0x70, 0x60, 0x7, 0xe, 0x0, 0xe0, 0xe0,
    0xe, 0xe, 0x0, 0xe0, 0xc0, 0xc, 0x1c, 0x1,
    0xc1, 0xc0, 0x18, 0x18, 0x3, 0x83, 0x86, 0x30,
    0x38, 0x66, 0xf, 0xe7, 0x80,

    /* U+014B "ŋ" */
    0x1c, 0x63, 0x9f, 0x1a, 0x31, 0xc3, 0x34, 0x63,
    0x86, 0x30, 0x63, 0x6, 0x70, 0xc6, 0xc, 0x60,
    0xc6, 0x1c, 0x1, 0x80, 0x18, 0x1, 0x81, 0x30,
    0x32, 0x1, 0xc0,

    /* U+014C "Ō" */
    0x0, 0xff, 0x0, 0x0, 0x0, 0x0, 0x0, 0x0,
    0x0, 0xf, 0xc0, 0x1c, 0x30, 0x18, 0xc, 0x18,
    0x7, 0x18, 0x3, 0x9c, 0x1, 0xdc, 0x0, 0xee,
    0x0, 0x77, 0x0, 0x3f, 0x0, 0x1f, 0x80, 0x1d,
    0xc0, 0xe, 0xe0, 0xe, 0x70, 0x6, 0x38, 0x7,
    0xc, 0x7, 0x3, 0x6, 0x0, 0xfc, 0x0,

    /* U+014D "ō" */
    0xf, 0xf0, 0x0, 0x0, 0x0, 0x0, 0x7, 0xc1,
    0x86, 0x30, 0x67, 0x7, 0x60, 0x7e, 0x6, 0xc0,
    0x6c, 0xc, 0xc0, 0xcc, 0x18, 0xc3, 0x7, 0xc0,

    /* U+014E "Ŏ" */
    0x0, 0x40, 0x80, 0x20, 0x80, 0x10, 0xc0, 0xf,
    0xc0, 0x3, 0xc0, 0x0, 0x0, 0x0, 0x0, 0x1,
    0xf8, 0x3, 0x86, 0x3, 0x1, 0x83, 0x0, 0xe3,
    0x0, 0x73, 0x80, 0x3b, 0x80, 0x1d, 0xc0, 0xe,
    0xe0, 0x7, 0xe0, 0x3, 0xf0, 0x3, 0xb8, 0x1,
    0xdc, 0x1, 0xce, 0x0, 0xc7, 0x0, 0xe1, 0x80,
    0xe0, 0x60, 0xc0, 0x1f, 0x80, 0x0,

    /* U+014F "ŏ" */
    0x4, 0x8, 0x30, 0x80, 0xfc, 0x7, 0x80, 0x0,
    0x0, 0x0, 0x1f, 0x3, 0xc, 0x30, 0x63, 0x83,
    0x98, 0x1d, 0xc0, 0xcc, 0x6, 0x60, 0x63, 0x3,
    0x18, 0x30, 0xc3, 0x3, 0xe0, 0x0,

    /* U+0150 "Ő" */
    0x0, 0x11, 0x0, 0x1c, 0xc0, 0xc, 0xc0, 0xc,
    0xc0, 0x4, 0x40, 0x0, 0x0, 0x0, 0x0, 0x1,
    0xf8, 0x3, 0x86, 0x3, 0x1, 0x83, 0x0, 0xe3,
    0x0, 0x73, 0x80, 0x3b, 0x80, 0x1d, 0xc0, 0xe,
    0xe0, 0x7, 0xe0, 0x3, 0xf0, 0x3, 0xb8, 0x1,
    0xdc, 0x1, 0xce, 0x0, 0xc7, 0x0, 0xe1, 0x80,
    0xe0, 0x60, 0xc0, 0x1f, 0x80, 0x0,

    /* U+0151 "ő" */
    0x1, 0x98, 0xc, 0xc0, 0xcc, 0x4, 0x40, 0x44,
    0x0, 0x0, 0x1f, 0x3, 0xc, 0x30, 0x63, 0x83,
    0x98, 0x1d, 0xc0, 0xcc, 0x6, 0x60, 0x63, 0x3,
    0x18, 0x30, 0xc3, 0x3, 0xe0, 0x0,

    /* U+0152 "Œ" */
    0x0, 0xff, 0xff, 0x81, 0x83, 0xc0, 0x83, 0x81,
    0xc0, 0x43, 0x80, 0xe0, 0x23, 0x80, 0x70, 0x1,
    0xc0, 0x38, 0x41, 0xc0, 0x18, 0x20, 0xe0, 0x1c,
    0x20, 0xf0, 0xf, 0xf0, 0x70, 0x7, 0x8, 0x38,
    0x3, 0x4, 0x1c, 0x3, 0x80, 0xe, 0x1, 0xc0,
    0x7, 0x0, 0xc0, 0x11, 0x80, 0xe0, 0x18, 0xe0,
    0x70, 0x18, 0x30, 0x78, 0x1c, 0x7, 0xff, 0xfc,
    0x0,

    /* U+0153 "œ" */
    0x7, 0x8f, 0xc, 0x68, 0xcc, 0x38, 0x4c, 0x1c,
    0x66, 0xc, 0x67, 0x6, 0x43, 0x3, 0xc1, 0x83,
    0x0, 0xc1, 0x80, 0x61, 0xc1, 0x30, 0xf1, 0x7,
    0x9f, 0x0,

    /* U+0154 "Ŕ" */
    0x0, 0x6, 0x0, 0xe, 0x0, 0x18, 0x0, 0x30,
    0x0, 0x40, 0x0, 0x0, 0xf, 0xfc, 0x3, 0x8e,
    0x3, 0x7, 0x7, 0x7, 0x7, 0x7, 0x7, 0x7,
    0x6, 0x6, 0xe, 0x1c, 0xf, 0xf0, 0xc, 0x60,
    0xc, 0x70, 0x1c, 0x70, 0x1c, 0x30, 0x18, 0x38,
    0x38, 0x38, 0x38, 0x18, 0x38, 0x1c, 0xfc, 0x1f,

    /* U+0155 "ŕ" */
    0x0, 0xc0, 0x70, 0x30, 0x18, 0x8, 0x0, 0x3,
    0x19, 0xce, 0x35, 0x8e, 0x3, 0x1, 0xc0, 0x60,
    0x18, 0xe, 0x3, 0x0, 0xc0, 0x30, 0x0,

    /* U+0156 "Ŗ" */
    0xf, 0xfc, 0x3, 0x8e, 0x3, 0x7, 0x7, 0x7,
    0x7, 0x7, 0x7, 0x7, 0x6, 0x6, 0xe, 0x1c,
    0xf, 0xf0, 0xc, 0x60, 0xc, 0x70, 0x1c, 0x70,
    0x1c, 0x30, 0x18, 0x38, 0x38, 0x38, 0x38, 0x18,
    0x38, 0x1c, 0xfc, 0x1f, 0x0, 0x0, 0x0, 0x0,
    0x6, 0x0, 0x7, 0x0, 0x3, 0x0, 0x3, 0x0,
    0x2, 0x0, 0x4, 0x0,

    /* U+0157 "ŗ" */
    0x18, 0xce, 0x71, 0xac, 0x70, 0x18, 0xe, 0x3,
    0x0, 0xc0, 0x70, 0x18, 0x6, 0x1, 0x80, 0x0,
    0x0, 0x6, 0x1, 0xc0, 0x70, 0x8, 0x4, 0x2,
    0x0,

    /* U+0158 "Ř" */
    0x0, 0x83, 0x0, 0xc6, 0x0, 0x6c, 0x0, 0x38,
    0x0, 0x30, 0x0, 0x0, 0xf, 0xfc, 0x3, 0x8e,
    0x3, 0x7, 0x7, 0x7, 0x7, 0x7, 0x7, 0x7,
    0x6, 0x6, 0xe, 0x1c, 0xf, 0xf0, 0xc, 0x60,
    0xc, 0x70, 0x1c, 0x70, 0x1c, 0x30, 0x18, 0x38,
    0x38, 0x38, 0x38, 0x18, 0x38, 0x1c, 0xfc, 0x1f,

    /* U+0159 "ř" */
    0x18, 0x21, 0x98, 0x3e, 0x3, 0x80, 0x0, 0x0,
    0xc, 0x63, 0x9c, 0x35, 0x87, 0x0, 0xc0, 0x38,
    0x6, 0x0, 0xc0, 0x38, 0x6, 0x0, 0xc0, 0x18,
    0x0,

    /* U+015A "Ś" */
    0x0, 0x0, 0x0, 0xc0, 0xe, 0x0, 0xc0, 0xc,
    0x0, 0x80, 0x0, 0x0, 0x7f, 0xc, 0x38, 0xe0,
    0xc6, 0x6, 0x38, 0x21, 0xc0, 0x7, 0x0, 0x3c,
    0x0, 0xf0, 0x3, 0xc0, 0xf, 0x0, 0x38, 0x0,
    0xc8, 0x6, 0x20, 0x33, 0x3, 0x1c, 0x38, 0xff,
    0x0,

    /* U+015B "ś" */
    0x0, 0x60, 0x1c, 0x6, 0x1, 0x80, 0x40, 0x0,
    0x3, 0xe0, 0xc4, 0x18, 0x83, 0x0, 0x70, 0x6,
    0x0, 0xe0, 0xe, 0x0, 0xc4, 0x18, 0xc6, 0x1f,
    0x80,

    /* U+015C "Ŝ" */
    0x0, 0xe0, 0x7, 0x0, 0x4c, 0x4, 0x30, 0x40,
    0x80, 0x0, 0xf, 0xe1, 0x87, 0x1c, 0x18, 0xc0,
    0xc7, 0x4, 0x38, 0x0, 0xe0, 0x7, 0x80, 0x1e,
    0x0, 0x78, 0x1, 0xe0, 0x7, 0x0, 0x19, 0x0,
    0xc4, 0x6, 0x60, 0x63, 0x87, 0x1f, 0xe0,

    /* U+015D "ŝ" */
    0x3, 0x80, 0xf0, 0x33, 0xc, 0x20, 0x0, 0x0,
    0x3, 0xe0, 0xc4, 0x18, 0x83, 0x0, 0x70, 0x6,
    0x0, 0xe0, 0xe, 0x0, 0xc4, 0x18, 0xc6, 0x1f,
    0x80,

    /* U+015E "Ş" */
    0x3, 0xf8, 0x38, 0x60, 0xc1, 0x87, 0x2, 0x1c,
    0x8, 0x70, 0x0, 0xe0, 0x1, 0xc0, 0x3, 0x80,
    0x7, 0x0, 0xe, 0x0, 0x38, 0x0, 0x61, 0x1,
    0x84, 0x6, 0x10, 0x18, 0x70, 0xc3, 0xfc, 0x0,
    0x80, 0x7, 0x0, 0x1e, 0x0, 0x18, 0x0, 0x60,
    0xf, 0x0,

    /* U+015F "ş" */
    0xf, 0x8c, 0x46, 0x23, 0x1, 0xc0, 0x60, 0x38,
    0xe, 0x3, 0x41, 0xb1, 0x9f, 0x82, 0x2, 0x1,
    0xe0, 0x30, 0x18, 0x78, 0x0,

    /* U+0160 "Š" */
    0x2, 0x2, 0x2, 0x18, 0x6, 0x60, 0x7, 0x80,
    0x6, 0x0, 0x0, 0x0, 0x0, 0x1, 0xfc, 0xc,
    0x38, 0x38, 0x30, 0x60, 0x60, 0xe0, 0x81, 0xc0,
    0x1, 0xc0, 0x3, 0xc0, 0x3, 0xc0, 0x3, 0xc0,
    0x3, 0xc0, 0x3, 0x80, 0x3, 0x8, 0x6, 0x8,
    0xc, 0x30, 0x30, 0x70, 0xe0, 0xff, 0x0,

    /* U+0161 "š" */
    0xc, 0x10, 0x33, 0x0, 0xf0, 0x7, 0x0, 0x0,
    0x0, 0x0, 0x3e, 0x3, 0x10, 0x18, 0x80, 0xc0,
    0x7, 0x0, 0x18, 0x0, 0xe0, 0x3, 0x80, 0xc,
    0x10, 0x60, 0xc6, 0x7, 0xe0, 0x0,

    /* U+0162 "Ţ" */
    0x7f, 0xff, 0x87, 0xe, 0xe, 0x14, 0x1c, 0x20,
    0x30, 0x0, 0xe0, 0x1, 0xc0, 0x3, 0x0, 0xe,
    0x0, 0x1c, 0x0, 0x38, 0x0, 0x60, 0x1, 0xc0,
    0x3, 0x80, 0x7, 0x0, 0xc, 0x0, 0x38, 0x1,
    0xfc, 0x0, 0x40, 0x1, 0x0, 0x3, 0x80, 0x1,
    0x80, 0x3, 0x0, 0x7c, 0x0,

    /* U+0163 "ţ" */
    0x2, 0x3, 0x3, 0x87, 0xf0, 0xc0, 0x60, 0x30,
    0x30, 0x18, 0xc, 0x6, 0x6, 0x3, 0x41, 0xa0,
    0xe0, 0x40, 0x20, 0x3c, 0x6, 0x3, 0xf, 0x0,

    /* U+0164 "Ť" */
    0x4, 0x8, 0x4, 0x60, 0xd, 0x80, 0xe, 0x0,
    0x18, 0x0, 0x0, 0x1f, 0xff, 0xe1, 0xc3, 0x83,
    0x85, 0x6, 0x8, 0x1c, 0x0, 0x38, 0x0, 0x70,
    0x0, 0xc0, 0x3, 0x80, 0x7, 0x0, 0xe, 0x0,
    0x18, 0x0, 0x70, 0x0, 0xe0, 0x1, 0x80, 0x3,
    0x0, 0xe, 0x0, 0x7f, 0x0,

    /* U+0165 "ť" */
    0x0, 0x60, 0xc, 0x1, 0x84, 0x11, 0x84, 0x71,
    0x3f, 0x81, 0x80, 0x30, 0x6, 0x1, 0x80, 0x30,
    0x6, 0x0, 0xc0, 0x30, 0x6, 0x80, 0xd0, 0x1c,
    0x0,

    /* U+0166 "Ŧ" */
    0x7f, 0xff, 0x87, 0xe, 0xe, 0x14, 0x1c, 0x20,
    0x30, 0x0, 0xe0, 0x1, 0xc0, 0x3, 0x0, 0x3f,
    0xc0, 0x1c, 0x0, 0x38, 0x0, 0x60, 0x1, 0xc0,
    0x3, 0x80, 0x7, 0x0, 0xc, 0x0, 0x38, 0x1,
    0xfc, 0x0,

    /* U+0167 "ŧ" */
    0x2, 0x4, 0x1c, 0x3f, 0x18, 0x18, 0x18, 0x7e,
    0x30, 0x30, 0x30, 0x30, 0x64, 0x68, 0x70,

    /* U+0168 "Ũ" */
    0x0, 0x2, 0x0, 0x79, 0x0, 0x2f, 0x80, 0x10,
    0x80, 0x0, 0x0, 0x1f, 0xc1, 0xf1, 0xc0, 0x30,
    0x60, 0xc, 0x38, 0x2, 0xe, 0x0, 0x83, 0x0,
    0x20, 0xc0, 0x18, 0x70, 0x4, 0x1c, 0x1, 0x6,
    0x0, 0xc1, 0x80, 0x20, 0xe0, 0x8, 0x38, 0x2,
    0xe, 0x1, 0x3, 0x80, 0x40, 0x60, 0x20, 0x1c,
    0x30, 0x1, 0xf8, 0x0,

    /* U+0169 "ũ" */
    0x0, 0x8, 0x7c, 0x84, 0xf8, 0x0, 0x0, 0x0,
    0x78, 0x30, 0xc1, 0x86, 0x1c, 0x60, 0xc3, 0xe,
    0x18, 0x70, 0xc7, 0x8c, 0x58, 0x62, 0xc3, 0x26,
    0x9a, 0x78, 0xe1, 0x80,

    /* U+016A "Ū" */
    0x3, 0xfc, 0x0, 0x0, 0x0, 0x0, 0x0, 0x0,
    0x0, 0x7f, 0x7, 0xc7, 0x0, 0xc1, 0x80, 0x30,
    0xe0, 0x8, 0x38, 0x2, 0xc, 0x0, 0x83, 0x0,
    0x61, 0xc0, 0x10, 0x70, 0x4, 0x18, 0x3, 0x6,
    0x0, 0x83, 0x80, 0x20, 0xe0, 0x8, 0x38, 0x4,
    0xe, 0x1, 0x1, 0x80, 0x80, 0x70, 0xc0, 0x7,
    0xe0, 0x0,

    /* U+016B "ū" */
    0xf, 0xf0, 0x0, 0x0, 0x0, 0x0, 0xf0, 0x63,
    0x6, 0x30, 0xe7, 0xc, 0x61, 0xc6, 0x1c, 0x63,
    0xce, 0x58, 0xc5, 0x8c, 0x9a, 0xd3, 0xce, 0x18,

    /* U+016C "Ŭ" */
    0x1, 0x2, 0x0, 0x41, 0x0, 0x10, 0xc0, 0x7,
    0xe0, 0x0, 0xf0, 0x0, 0x0, 0x0, 0x0, 0x1,
    0xfc, 0x1f, 0x1c, 0x3, 0x6, 0x0, 0xc3, 0x80,
    0x20, 0xe0, 0x8, 0x30, 0x2, 0xc, 0x1, 0x87,
    0x0, 0x41, 0xc0, 0x10, 0x60, 0xc, 0x18, 0x2,
    0xe, 0x0, 0x83, 0x80, 0x20, 0xe0, 0x10, 0x38,
    0x4, 0x6, 0x2, 0x1, 0xc3, 0x0, 0x1f, 0x80,
    0x0,

    /* U+016D "ŭ" */
    0x8, 0x10, 0xc2, 0xf, 0xe0, 0x78, 0x0, 0x0,
    0x0, 0xf0, 0x63, 0x6, 0x30, 0xe7, 0xc, 0x61,
    0xc6, 0x1c, 0x63, 0xce, 0x58, 0xc5, 0x8c, 0x9a,
    0xd3, 0xce, 0x18,

    /* U+016E "Ů" */
    0x0, 0x38, 0x0, 0x32, 0x0, 0x8, 0x80, 0x2,
    0x20, 0x0, 0x70, 0x0, 0x0, 0x0, 0x0, 0x1,
    0xfc, 0x1f, 0x1c, 0x3, 0x6, 0x0, 0xc3, 0x80,
    0x20, 0xe0, 0x8, 0x30, 0x2, 0xc, 0x1, 0x87,
    0x0, 0x41, 0xc0, 0x10, 0x60, 0xc, 0x18, 0x2,
    0xe, 0x0, 0x83, 0x80, 0x20, 0xe0, 0x10, 0x38,
    0x4, 0x6, 0x2, 0x1, 0xc3, 0x0, 0x1f, 0x80,
    0x0,

    /* U+016F "ů" */
    0x1, 0xc0, 0x22, 0x2, 0x20, 0x42, 0x2, 0x40,
    0x38, 0x0, 0x0, 0x0, 0xf0, 0x63, 0x6, 0x30,
    0xe6, 0xc, 0x61, 0xc6, 0x1c, 0x63, 0xcc, 0x58,
    0xc5, 0x8c, 0x9a, 0xd3, 0xce, 0x18,

    /* U+0170 "Ű" */
    0x0, 0x44, 0x0, 0x19, 0x80, 0xc, 0xc0, 0x2,
    0x60, 0x1, 0x10, 0x0, 0x0, 0x0, 0x0, 0x1,
    0xfc, 0x1f, 0x1c, 0x3, 0x6, 0x0, 0xc3, 0x80,
    0x20, 0xe0, 0x8, 0x30, 0x2, 0xc, 0x1, 0x87,
    0x0, 0x41, 0xc0, 0x10, 0x60, 0xc, 0x18, 0x2,
    0xe, 0x0, 0x83, 0x80, 0x20, 0xe0, 0x10, 0x38,
    0x4, 0x6, 0x2, 0x1, 0xc3, 0x0, 0x1f, 0x80,
    0x0,

    /* U+0171 "ű" */
    0x6, 0x20, 0x66, 0xc, 0xc0, 0x88, 0x9, 0x0,
    0x0, 0xf0, 0x63, 0x6, 0x30, 0xe7, 0xc, 0x61,
    0xc6, 0x1c, 0x63, 0xce, 0x58, 0xc5, 0x8c, 0x9a,
    0xd3, 0xce, 0x18,

    /* U+0172 "Ų" */
    0x7e, 0x7, 0x87, 0x0, 0xc3, 0x80, 0x20, 0xe0,
    0x8, 0x30, 0x2, 0xc, 0x1, 0x87, 0x0, 0x41,
    0xc0, 0x10, 0x60, 0xc, 0x38, 0x2, 0xe, 0x0,
    0x83, 0x80, 0x20, 0xc0, 0x10, 0x30, 0x4, 0xc,
    0x3, 0x3, 0x81, 0x80, 0x70, 0xc0, 0x7, 0xd0,
    0x0, 0xc, 0x0, 0x3, 0x10, 0x0, 0xfc, 0x0,
    0x1c, 0x0,

    /* U+0173 "ų" */
    0xf0, 0x63, 0x6, 0x30, 0xe6, 0xc, 0x61, 0xc6,
    0x1c, 0x63, 0xcc, 0x58, 0xc5, 0x8c, 0x9a, 0xd3,
    0xce, 0x18, 0x3, 0x0, 0x30, 0x3, 0xf0, 0x1e,

    /* U+0174 "Ŵ" */
    0x0, 0x18, 0x0, 0x0, 0x78, 0x0, 0x1, 0xb0,
    0x0, 0x4, 0x30, 0x0, 0x10, 0x20, 0x0, 0x0,
    0x0, 0x1f, 0x9f, 0x8f, 0x9c, 0x1c, 0x4, 0x38,
    0x18, 0x8, 0x30, 0x30, 0x20, 0x60, 0xe0, 0x40,
    0xc1, 0xc1, 0x1, 0x85, 0x82, 0x3, 0xb, 0x88,
    0x7, 0x27, 0x10, 0xe, 0x4e, 0x40, 0x1d, 0x1d,
    0x80, 0x3a, 0x1a, 0x0, 0x38, 0x3c, 0x0, 0x70,
    0x70, 0x0, 0xe0, 0xe0, 0x1, 0x81, 0x80, 0x3,
    0x3, 0x0, 0x4, 0x4, 0x0,

    /* U+0175 "ŵ" */
    0x0, 0x30, 0x0, 0x3c, 0x0, 0x26, 0x0, 0x21,
    0x80, 0x20, 0x0, 0x0, 0x1, 0xc0, 0x86, 0x60,
    0xc3, 0x38, 0x60, 0x8c, 0x70, 0x46, 0x58, 0x43,
    0x2c, 0x21, 0xa2, 0x20, 0xe1, 0x20, 0x70, 0xe0,
    0x30, 0x70, 0x18, 0x30, 0x8, 0x10, 0x0,

    /* U+0176 "Ŷ" */
    0x0, 0xc0, 0x3, 0xc0, 0xd, 0x80, 0x31, 0x80,
    0x81, 0x0, 0x0, 0x1f, 0x8f, 0x9c, 0x6, 0x18,
    0x18, 0x30, 0x20, 0x70, 0x80, 0xe2, 0x0, 0xcc,
    0x1, 0xb0, 0x3, 0xc0, 0x7, 0x0, 0xe, 0x0,
    0x1c, 0x0, 0x30, 0x0, 0xe0, 0x1, 0xc0, 0x3,
    0x80, 0xe, 0x0, 0x7f, 0x80,

    /* U+0177 "ŷ" */
    0x1, 0xc0, 0x3c, 0x6, 0x60, 0xc2, 0x0, 0x0,
    0x0, 0x3c, 0x31, 0xc3, 0xc, 0x10, 0x61, 0x6,
    0x10, 0x62, 0x6, 0x20, 0x34, 0x3, 0x40, 0x38,
    0x3, 0x80, 0x30, 0x2, 0x0, 0x20, 0x4, 0x0,
    0x80, 0xf0, 0x6, 0x0,

    /* U+0178 "Ÿ" */
    0x4, 0x10, 0xc, 0x70, 0x18, 0xc0, 0x0, 0x7,
    0xe3, 0xe7, 0x1, 0x86, 0x6, 0xc, 0x8, 0x1c,
    0x20, 0x38, 0x80, 0x33, 0x0, 0x6c, 0x0, 0xf0,
    0x1, 0xc0, 0x3, 0x80, 0x7, 0x0, 0xc, 0x0,
    0x38, 0x0, 0x70, 0x0, 0xe0, 0x3, 0x80, 0x1f,
    0xe0, 0x0,

    /* U+0179 "Ź" */
    0x0, 0xc, 0x0, 0xe, 0x0, 0xe, 0x0, 0xc,
    0x0, 0xc, 0x0, 0x0, 0x0, 0x7f, 0xfc, 0x30,
    0xe, 0x10, 0xe, 0x10, 0xe, 0x0, 0xe, 0x0,
    0xf, 0x0, 0x7, 0x0, 0x7, 0x0, 0x7, 0x0,
    0x7, 0x0, 0x3, 0x80, 0x3, 0x80, 0x3, 0x80,
    0x3, 0x80, 0x43, 0x80, 0x21, 0xc0, 0x21, 0xc0,
    0x31, 0xff, 0xf8,

    /* U+017A "ź" */
    0x0, 0x40, 0x18, 0xe, 0x3, 0x0, 0x0, 0x0,
    0xf, 0xf1, 0xfc, 0x20, 0x80, 0x20, 0x8, 0x2,
    0x0, 0x80, 0x10, 0x4, 0x1, 0x0, 0x70, 0xf,
    0x12, 0x73, 0x6, 0x40, 0x30,

    /* U+017B "Ż" */
    0x0, 0x0, 0x0, 0x30, 0x0, 0x18, 0x0, 0x0,
    0x0, 0x0, 0x0, 0xff, 0xf8, 0x60, 0x1c, 0x20,
    0x1c, 0x20, 0x1c, 0x0, 0x1c, 0x0, 0x1e, 0x0,
    0xe, 0x0, 0xe, 0x0, 0xe, 0x0, 0xe, 0x0,
    0x7, 0x0, 0x7, 0x0, 0x7, 0x0, 0x7, 0x0,
    0x87, 0x0, 0x43, 0x80, 0x43, 0x80, 0x63, 0xff,
    0xf0,

    /* U+017C "ż" */
    0x3, 0x0, 0xc0, 0x0, 0x0, 0x3f, 0xcf, 0xe2,
    0x8, 0x4, 0x2, 0x1, 0x0, 0x80, 0x20, 0x10,
    0x8, 0x7, 0x1, 0xe2, 0x9c, 0xc3, 0x20, 0x30,

    /* U+017D "Ž" */
    0x1, 0x4, 0x0, 0xc4, 0x0, 0x3c, 0x0, 0x1c,
    0x0, 0x4, 0x0, 0x0, 0x0, 0x7f, 0xfc, 0x30,
    0xe, 0x10, 0xe, 0x10, 0xe, 0x0, 0xe, 0x0,
    0xf, 0x0, 0x7, 0x0, 0x7, 0x0, 0x7, 0x0,
    0x7, 0x0, 0x3, 0x80, 0x3, 0x80, 0x3, 0x80,
    0x3, 0x80, 0x43, 0x80, 0x21, 0xc0, 0x21, 0xc0,
    0x31, 0xff, 0xf8,

    /* U+017E "ž" */
    0x8, 0x20, 0xc4, 0x7, 0x80, 0x70, 0x0, 0x0,
    0x0, 0x3f, 0xc3, 0xf8, 0x20, 0x80, 0x10, 0x2,
    0x0, 0x40, 0x8, 0x0, 0x80, 0x10, 0x2, 0x0,
    0x70, 0x7, 0x88, 0x9c, 0xc0, 0xc8, 0x3, 0x0,

    /* U+017F "ſ" */
    0x0, 0x1e, 0x0, 0x4c, 0x1, 0x80, 0x6, 0x0,
    0xc, 0x0, 0x18, 0x1, 0xf0, 0x0, 0xc0, 0x1,
    0x80, 0x3, 0x0, 0x6, 0x0, 0x1c, 0x0, 0x30,
    0x0, 0x60, 0x0, 0xc0, 0x1, 0x80, 0x6, 0x0,
    0xc, 0x0, 0x18, 0x0, 0x30, 0x0, 0xc0, 0x19,
    0x80, 0x32, 0x0, 0x38, 0x0,

    /* U+0180 "ƀ" */
    0x3c, 0x0, 0xc0, 0xc, 0x1, 0x80, 0x7e, 0x1,
    0x80, 0x18, 0x3, 0x1c, 0x36, 0xe3, 0x87, 0x30,
    0x77, 0x7, 0x60, 0x66, 0x6, 0xe0, 0xcc, 0xc,
    0xc1, 0x8c, 0x20, 0x7c, 0x0,

    /* U+0181 "Ɓ" */
    0xf, 0xfc, 0x18, 0xe3, 0x90, 0x60, 0xf0, 0x70,
    0x78, 0x38, 0x3e, 0x18, 0x1f, 0x1c, 0x1c, 0xe,
    0x1c, 0x7, 0xf8, 0x3, 0xe, 0x3, 0x83, 0x81,
    0xc0, 0xe0, 0xc0, 0x70, 0x60, 0x38, 0x70, 0x38,
    0x38, 0x1c, 0x1c, 0x3c, 0x3f, 0xf8, 0x0,

    /* U+0182 "Ƃ" */
    0xf, 0xff, 0x3, 0x83, 0x7, 0x1, 0x7, 0x1,
    0x7, 0x0, 0x7, 0x0, 0xe, 0x0, 0xe, 0x0,
    0xf, 0xf0, 0xc, 0x3c, 0x1c, 0xc, 0x1c, 0xe,
    0x1c, 0xe, 0x38, 0xc, 0x38, 0x1c, 0x38, 0x38,
    0x38, 0xf0, 0xff, 0xc0,

    /* U+0183 "ƃ" */
    0x3f, 0xf0, 0xff, 0x18, 0x11, 0x80, 0x18, 0x1,
    0x80, 0x31, 0xc3, 0x6e, 0x38, 0x73, 0x3, 0x70,
    0x76, 0x6, 0x60, 0x6e, 0xc, 0xc0, 0xcc, 0x18,
    0xc3, 0x7, 0xc0,

    /* U+0184 "Ƅ" */
    0x0, 0x80, 0x3, 0x0, 0xc, 0x0, 0x38, 0x0,
    0xf0, 0x1, 0xc0, 0x3, 0x80, 0x7, 0x0, 0xf,
    0xf0, 0x18, 0x70, 0x70, 0x70, 0xe0, 0x61, 0x80,
    0xe3, 0x1, 0x8e, 0x7, 0x1c, 0xe, 0x38, 0x79,
    0xff, 0xc0,

    /* U+0185 "ƅ" */
    0x2, 0x0, 0x30, 0x3, 0x0, 0x78, 0x3, 0xc0,
    0x1e, 0x0, 0xe3, 0x83, 0x6e, 0x1c, 0x31, 0xc1,
    0xce, 0xc, 0x60, 0x67, 0x3, 0x30, 0x31, 0x83,
    0xc, 0x10, 0xe3, 0x1, 0xf0, 0x0,

    /* U+0186 "Ɔ" */
    0x0, 0xfc, 0x0, 0xc3, 0xc0, 0xc0, 0x38, 0x40,
    0x7, 0x0, 0x1, 0xc0, 0x0, 0x70, 0x0, 0x1c,
    0x0, 0x7, 0x0, 0x1, 0xc0, 0x0, 0x70, 0x0,
    0x3c, 0x0, 0xe, 0x40, 0x3, 0x90, 0x1, 0xc4,
    0x0, 0xe1, 0x80, 0x70, 0xf0, 0x70, 0x23, 0xf0,
    0x0,

    /* U+0187 "Ƈ" */
    0x0, 0xfc, 0x1f, 0x3, 0x82, 0x27, 0xe, 0x1,
    0x40, 0x1c, 0x0, 0xc0, 0x38, 0x0, 0x80, 0x38,
    0x0, 0x80, 0x70, 0x0, 0x0, 0x70, 0x0, 0x0,
    0xf0, 0x0, 0x0, 0xe0, 0x0, 0x0, 0xe0, 0x0,
    0x0, 0xe0, 0x0, 0x0, 0xe0, 0x0, 0x0, 0x70,
    0x0, 0x0, 0x70, 0x1, 0x0, 0x38, 0x6, 0x0,
    0x1e, 0x18, 0x0, 0x7, 0xe0, 0x0,

    /* U+0188 "ƈ" */
    0x0, 0x7, 0x0, 0x5, 0x80, 0x4, 0x40, 0x2,
    0x0, 0x2, 0x0, 0x1, 0x0, 0x1e, 0x80, 0x31,
    0xc0, 0x30, 0xc0, 0x30, 0x0, 0x18, 0x0, 0x18,
    0x0, 0xc, 0x0, 0x6, 0x0, 0x3, 0x0, 0x1,
    0x83, 0x0, 0xe3, 0x0, 0x3e, 0x0, 0x0,

    /* U+0189 "Ɖ" */
    0xf, 0xfc, 0x0, 0x70, 0xe0, 0xc, 0x6, 0x3,
    0x80, 0xe0, 0x70, 0xe, 0xe, 0x1, 0xc1, 0x80,
    0x38, 0x70, 0x7, 0x3f, 0xe0, 0xe1, 0xc0, 0x1c,
    0x30, 0x3, 0x8e, 0x0, 0xe1, 0xc0, 0x1c, 0x30,
    0x7, 0xe, 0x1, 0xc1, 0xc0, 0x70, 0x38, 0x38,
    0x1f, 0xfc, 0x0,

    /* U+018A "Ɗ" */
    0xf, 0xff, 0x3, 0x1c, 0x1c, 0x41, 0xc0, 0xe4,
    0x1c, 0x7, 0xc1, 0x80, 0x7c, 0x38, 0x7, 0xc3,
    0x80, 0x70, 0x30, 0x7, 0x7, 0x0, 0x70, 0x70,
    0x7, 0x7, 0x0, 0x70, 0x60, 0x7, 0xe, 0x0,
    0xe0, 0xe0, 0xc, 0xe, 0x1, 0xc0, 0xc0, 0x30,
    0x1c, 0xe, 0x3, 0xff, 0x0,

    /* U+018B "Ƌ" */
    0x7, 0xff, 0xf0, 0x60, 0x38, 0x4, 0x3, 0x80,
    0x80, 0x30, 0x0, 0x7, 0x0, 0x0, 0x70, 0x0,
    0x6, 0x0, 0x7f, 0xe0, 0x1f, 0xe, 0x3, 0xc0,
    0xe0, 0x78, 0x1c, 0x7, 0x1, 0xc0, 0x70, 0x1c,
    0xe, 0x1, 0x80, 0xe0, 0x38, 0xf, 0x3, 0x80,
    0x78, 0x78, 0x3, 0xff, 0xe0,

    /* U+018C "ƌ" */
    0x3, 0xfc, 0xf, 0xf0, 0x41, 0xc0, 0x6, 0x0,
    0x18, 0x0, 0x60, 0x3f, 0x1, 0xc, 0x8, 0x30,
    0x60, 0xc3, 0x6, 0x1c, 0x18, 0x60, 0x61, 0x83,
    0xe, 0x1c, 0x18, 0xb6, 0x76, 0xf0, 0xe3, 0x0,

    /* U+018D "ƍ" */
    0x3, 0xc0, 0xc3, 0x18, 0x33, 0x3, 0x20, 0x36,
    0x3, 0x60, 0x36, 0x7, 0x60, 0x66, 0xe, 0x70,
    0xc3, 0xf0, 0x38, 0x1, 0xc0, 0xc, 0x0, 0xe0,
    0x86, 0x4, 0xe0, 0x38, 0x0,

    /* U+018E "Ǝ" */
    0x3, 0xff, 0xc0, 0x40, 0x70, 0x10, 0xc, 0x2,
    0x3, 0x80, 0x0, 0x70, 0x2, 0xe, 0x0, 0x41,
    0x80, 0x8, 0x70, 0x1, 0xfe, 0x0, 0x61, 0xc0,
    0x8, 0x30, 0x0, 0xe, 0x0, 0x1, 0xc0, 0x0,
    0x30, 0x10, 0xe, 0x6, 0x1, 0xc0, 0xe0, 0x38,
    0x1f, 0xff, 0x80,

    /* U+018F "Ə" */
    0x1, 0xf8, 0xf, 0xf8, 0x30, 0x79, 0x80, 0x72,
    0x0, 0xe0, 0x1, 0xc0, 0x3, 0x80, 0x7, 0x0,
    0xfe, 0xe, 0x3c, 0x70, 0x71, 0xc1, 0xc7, 0x3,
    0x9c, 0xe, 0x38, 0x38, 0x70, 0xe0, 0xe3, 0x0,
    0xf8, 0x0,

    /* U+0190 "Ɛ" */
    0x0, 0xf0, 0x3, 0x8a, 0x6, 0x6, 0xe, 0x6,
    0x1c, 0x2, 0x1c, 0x4, 0x1c, 0x0, 0x1c, 0x0,
    0xf, 0x0, 0x3, 0xe0, 0x1e, 0x0, 0x38, 0x0,
    0x78, 0x0, 0x70, 0x0, 0xf0, 0x0, 0xf0, 0x0,
    0xf0, 0x10, 0x70, 0x20, 0x78, 0xc0, 0x1f, 0x0,

    /* U+0191 "Ƒ" */
    0x1, 0xff, 0xf0, 0x3, 0x81, 0x80, 0x1c, 0x4,
    0x0, 0xe0, 0x20, 0x6, 0x0, 0x0, 0x70, 0x0,
    0x3, 0x84, 0x0, 0x18, 0x20, 0x1, 0xff, 0x0,
    0xe, 0x10, 0x0, 0x70, 0x80, 0x3, 0x4, 0x0,
    0x38, 0x0, 0x1, 0xc0, 0x0, 0xe, 0x0, 0x0,
    0x60, 0x0, 0x7, 0x0, 0x0, 0x38, 0x0, 0x1,
    0x80, 0x0, 0xc, 0x0, 0x0, 0xe0, 0x0, 0x66,
    0x0, 0x3, 0x60, 0x0, 0xe, 0x0, 0x0,

    /* U+0192 "ƒ" */
    0x0, 0x1e, 0x0, 0x4c, 0x1, 0x80, 0x6, 0x0,
    0xc, 0x0, 0x18, 0x1, 0xfc, 0x0, 0xc0, 0x1,
    0x80, 0x3, 0x0, 0x6, 0x0, 0x18, 0x0, 0x30,
    0x0, 0x60, 0x0, 0xc0, 0x1, 0x80, 0x6, 0x0,
    0xc, 0x0, 0x18, 0x0, 0x20, 0x0, 0xc0, 0x19,
    0x80, 0x32, 0x0, 0x78, 0x0,

    /* U+0193 "Ɠ" */
    0x0, 0xfc, 0x1f, 0x3, 0x82, 0x27, 0xe, 0x1,
    0x40, 0x1c, 0x0, 0xc0, 0x38, 0x0, 0x80, 0x38,
    0x0, 0x80, 0x70, 0x0, 0x0, 0x70, 0x0, 0x0,
    0xf0, 0x0, 0x0, 0xe0, 0x1f, 0xc0, 0xe0, 0x7,
    0x0, 0xe0, 0x7, 0x0, 0xe0, 0x6, 0x0, 0xe0,
    0x6, 0x0, 0x70, 0xe, 0x0, 0x30, 0xe, 0x0,
    0x1c, 0x1c, 0x0, 0x7, 0xf0, 0x0,

    /* U+0194 "Ɣ" */
    0xfe, 0x1f, 0xbc, 0x7, 0xe, 0x2, 0x7, 0x2,
    0x1, 0x82, 0x0, 0xe2, 0x0, 0x72, 0x0, 0x1e,
    0x0, 0xe, 0x0, 0x3, 0x0, 0x7, 0xc0, 0x6,
    0xe0, 0x2, 0x30, 0x2, 0x1c, 0x1, 0xc, 0x1,
    0x86, 0x0, 0x46, 0x0, 0x3e, 0x0, 0x0,

    /* U+0195 "ƕ" */
    0x0, 0x0, 0xf, 0x0, 0x0, 0xc0, 0x0, 0x30,
    0x0, 0x18, 0x0, 0x6, 0x0, 0x1, 0x80, 0x0,
    0xe3, 0x83, 0x33, 0xe0, 0xcd, 0x18, 0x33, 0x86,
    0x5, 0xa3, 0x81, 0x70, 0xc0, 0x98, 0x30, 0x26,
    0x1c, 0xb, 0x86, 0x4, 0xc1, 0x82, 0x30, 0x71,
    0xc, 0xf, 0x80,

    /* U+0196 "Ɩ" */
    0x2, 0x78, 0x30, 0x61, 0x83, 0x6, 0xc, 0x30,
    0x60, 0xc1, 0x86, 0xc, 0x18, 0x70, 0xc9, 0xa3,
    0x80,

    /* U+0197 "Ɨ" */
    0xf, 0xc0, 0xe0, 0x30, 0x1c, 0x7, 0x1, 0x80,
    0x60, 0x38, 0xe, 0x1f, 0xe1, 0xc0, 0x70, 0x18,
    0x6, 0x3, 0x80, 0xe0, 0x38, 0x3f, 0x0,

    /* U+0198 "Ƙ" */
    0xf, 0xe0, 0x78, 0xf, 0x1, 0x8, 0xc, 0xc,
    0x18, 0x38, 0x30, 0x30, 0x71, 0x80, 0x0, 0xc6,
    0x0, 0x3, 0x98, 0x0, 0x7, 0xc0, 0x0, 0xf,
    0x80, 0x0, 0x1b, 0x80, 0x0, 0x73, 0x0, 0x0,
    0xe7, 0x0, 0x1, 0x87, 0x0, 0x3, 0xe, 0x0,
    0xe, 0xe, 0x0, 0x1c, 0x1c, 0x0, 0x38, 0x1c,
    0x1, 0xf8, 0x7e, 0x0,

    /* U+0199 "ƙ" */
    0x1, 0xe0, 0x26, 0x6, 0x20, 0x40, 0xc, 0x0,
    0xc0, 0x18, 0xf1, 0x84, 0x18, 0x81, 0x90, 0x32,
    0x3, 0xe0, 0x36, 0x3, 0x60, 0x63, 0x6, 0x32,
    0x61, 0xa6, 0xc,

    /* U+019A "ƚ" */
    0x2, 0x78, 0x30, 0x61, 0x83, 0x6, 0xc, 0x30,
    0x63, 0xf1, 0x86, 0xc, 0x18, 0x30, 0xc9, 0xa3,
    0x80,

    /* U+019B "ƛ" */
    0x6, 0x0, 0xf0, 0x9, 0x0, 0x17, 0x1, 0xc0,
    0x70, 0x9, 0x0, 0x30, 0x3, 0x0, 0x70, 0x6,
    0x80, 0xc8, 0x1c, 0x81, 0x88, 0x38, 0x97, 0x9,
    0x60, 0xee, 0xe,

    /* U+019C "Ɯ" */
    0x7f, 0x7e, 0xfe, 0x38, 0x38, 0x70, 0x70, 0x60,
    0xc0, 0xe1, 0xc1, 0x81, 0x83, 0x87, 0x7, 0x6,
    0xe, 0xe, 0x1c, 0x18, 0x1c, 0x38, 0x70, 0x30,
    0x60, 0xe0, 0xe1, 0xc1, 0x81, 0xc3, 0x87, 0x3,
    0xf, 0xe, 0xe, 0x1c, 0x3c, 0x1c, 0x78, 0xb0,
    0x39, 0x71, 0xe0, 0x64, 0xe5, 0xc0, 0xf9, 0xf3,
    0xc1, 0xc1, 0xc6, 0x0,

    /* U+019D "Ɲ" */
    0x0, 0xf0, 0x1f, 0x0, 0x38, 0x6, 0x0, 0x38,
    0x4, 0x0, 0x3c, 0xc, 0x0, 0x6c, 0xc, 0x0,
    0x4c, 0x8, 0x0, 0x4e, 0x8, 0x0, 0x46, 0x18,
    0x0, 0xc7, 0x10, 0x0, 0x83, 0x10, 0x0, 0x83,
    0x90, 0x0, 0x83, 0xb0, 0x1, 0x81, 0xa0, 0x1,
    0x1, 0xe0, 0x1, 0x0, 0xe0, 0x1, 0x0, 0xc0,
    0x2, 0x0, 0x40, 0x2, 0x0, 0x40, 0x2, 0x0,
    0x0, 0x6, 0x0, 0x0, 0x4, 0x0, 0x0, 0xcc,
    0x0, 0x0, 0xc8, 0x0, 0x0, 0x70, 0x0, 0x0,

    /* U+019E "ƞ" */
    0x1c, 0x73, 0x9f, 0x1a, 0x31, 0xc3, 0x34, 0x63,
    0x86, 0x30, 0x63, 0x6, 0x70, 0xc6, 0xc, 0x60,
    0xce, 0x1c, 0x1, 0x80, 0x18, 0x1, 0x80, 0x3a,
    0x3, 0xc0, 0x18,

    /* U+019F "Ɵ" */
    0x0, 0xfc, 0x1, 0x83, 0x1, 0x80, 0xc1, 0x80,
    0x71, 0x80, 0x39, 0xc0, 0x1c, 0xc0, 0xe, 0xff,
    0xff, 0x60, 0x3, 0xf0, 0x3, 0xf8, 0x1, 0xdc,
    0x0, 0xee, 0x0, 0xe7, 0x0, 0x71, 0x80, 0x70,
    0xe0, 0x60, 0x30, 0x60, 0xf, 0xc0, 0x0,

    /* U+01A0 "Ơ" */
    0x0, 0x0, 0x18, 0x3, 0xf0, 0x70, 0x38, 0x70,
    0x41, 0x80, 0xe2, 0xc, 0x3, 0xf0, 0x60, 0xe,
    0x3, 0x80, 0x38, 0x1c, 0x0, 0xe0, 0x70, 0x3,
    0x81, 0xc0, 0xe, 0xe, 0x0, 0x30, 0x38, 0x1,
    0xc0, 0xe0, 0x7, 0x3, 0x80, 0x38, 0xe, 0x0,
    0xc0, 0x18, 0x6, 0x0, 0x60, 0x30, 0x0, 0xc1,
    0x80, 0x1, 0xf8, 0x0, 0x0,

    /* U+01A1 "ơ" */
    0x0, 0x6, 0x0, 0x7, 0x0, 0x1, 0x7, 0xc2,
    0x18, 0x62, 0x30, 0x7c, 0x70, 0x70, 0x60, 0x70,
    0xe0, 0x60, 0xc0, 0x60, 0xc0, 0xc0, 0xc0, 0xc0,
    0xc1, 0x80, 0xc3, 0x0, 0x7c, 0x0,

    /* U+01A2 "Ƣ" */
    0x0, 0xfc, 0x7, 0x3, 0x86, 0xf, 0x6, 0x3,
    0x13, 0xc, 0x3, 0xa3, 0x1c, 0x3, 0xc7, 0x38,
    0x3, 0x87, 0x70, 0x3, 0x86, 0x70, 0x3, 0x86,
    0x70, 0x3, 0x8e, 0xe0, 0x3, 0x8e, 0xe0, 0x7,
    0xc, 0xe0, 0x7, 0x1c, 0xe0, 0x6, 0x1c, 0xe0,
    0xe, 0x18, 0x60, 0x1c, 0x38, 0x60, 0x38, 0x38,
    0x30, 0x60, 0x38, 0x1f, 0x80, 0xfe,

    /* U+01A3 "ƣ" */
    0x7, 0xc3, 0x8c, 0x37, 0xcc, 0x1c, 0x6e, 0xe,
    0x36, 0x7, 0x3f, 0x3, 0x1b, 0x1, 0x8d, 0x81,
    0xc6, 0xc0, 0xc6, 0x60, 0xc3, 0x30, 0xc1, 0x8f,
    0x80, 0xc0, 0x0, 0xc0, 0x0, 0x60, 0x0, 0x32,
    0x0, 0x1a, 0x0, 0xe, 0x0, 0x6, 0x0,

    /* U+01A4 "Ƥ" */
    0x7, 0xfe, 0x6, 0x70, 0xe6, 0x1c, 0x1d, 0x7,
    0x7, 0x41, 0xc1, 0xf8, 0xe0, 0x7e, 0x38, 0x19,
    0xe, 0xe, 0x3, 0x7, 0x1, 0xff, 0x0, 0x70,
    0x0, 0x1c, 0x0, 0x6, 0x0, 0x3, 0x80, 0x0,
    0xe0, 0x0, 0x30, 0x0, 0x1c, 0x0, 0xf, 0xc0,
    0x0,

    /* U+01A5 "ƥ" */
    0x0, 0x78, 0x1, 0xb8, 0x6, 0x20, 0xc, 0x0,
    0x30, 0x0, 0x60, 0x0, 0xce, 0x1, 0x66, 0x7,
    0xe, 0xc, 0x1c, 0x18, 0x38, 0x20, 0x60, 0xc0,
    0xc1, 0x83, 0x3, 0x6, 0xc, 0x18, 0x18, 0x60,
    0x3f, 0x0, 0x60, 0x1, 0x80, 0x3, 0x0, 0x6,
    0x0, 0xc, 0x0, 0x7c, 0x0,

    /* U+01A6 "Ʀ" */
    0xf, 0xc0, 0x3, 0x80, 0x7, 0x0, 0x7, 0x0,
    0x7, 0xf0, 0x7, 0x1c, 0xe, 0xe, 0xe, 0xe,
    0xe, 0xe, 0xc, 0xe, 0x1c, 0xe, 0x1c, 0x1c,
    0x1f, 0xf0, 0x19, 0xc0, 0x38, 0x60, 0x38, 0x30,
    0x38, 0x30, 0xfc, 0x70, 0x0, 0x70, 0x0, 0x71,
    0x0, 0x71, 0x0, 0x72, 0x0, 0x1c,

    /* U+01A7 "Ƨ" */
    0x1f, 0xe1, 0xc7, 0x10, 0x31, 0x3, 0x20, 0x72,
    0xe, 0x1, 0xc0, 0x38, 0xf, 0x1, 0xe0, 0x38,
    0x7, 0x0, 0x60, 0xe, 0x2, 0xe0, 0x2e, 0x6,
    0x61, 0xc3, 0xfc,

    /* U+01A8 "ƨ" */
    0x7e, 0x62, 0x46, 0x6, 0xc, 0x1c, 0x30, 0x60,
    0xe1, 0xc1, 0xc3, 0x7e,

    /* U+01A9 "Ʃ" */
    0xf, 0xff, 0xe0, 0xe0, 0x1c, 0xe, 0x1, 0x0,
    0xe0, 0x20, 0xc, 0x0, 0x1, 0xc0, 0x0, 0x1c,
    0x0, 0x1, 0xc0, 0x0, 0x18, 0x0, 0x6, 0x0,
    0x1, 0x80, 0x0, 0x60, 0x0, 0x10, 0x0, 0xc,
    0x2, 0x3, 0x0, 0x40, 0xc0, 0x10, 0x7f, 0xfe,
    0x1f, 0xff, 0xc0,

    /* U+01AA "ƪ" */
    0x3c, 0x42, 0xc1, 0x81, 0xc1, 0x63, 0x3f, 0x7,
    0x6, 0x6, 0xe, 0xe, 0xc, 0xc, 0x1c, 0x18,
    0x18, 0x18, 0x18, 0x10, 0x10, 0x12, 0x13, 0xe,

    /* U+01AB "ƫ" */
    0x0, 0x40, 0x10, 0xe, 0x3, 0xf0, 0x30, 0x6,
    0x0, 0xc0, 0x18, 0x6, 0x0, 0xc0, 0x18, 0x3,
    0x0, 0xc8, 0x1b, 0x3, 0xc0, 0x8, 0x42, 0x1c,
    0x81, 0xe0, 0x0,

    /* U+01AC "Ƭ" */
    0xf, 0xff, 0x31, 0xc3, 0x41, 0xc2, 0x41, 0xc2,
    0xc1, 0x80, 0xc3, 0x80, 0xc3, 0x80, 0x3, 0x0,
    0x7, 0x0, 0x7, 0x0, 0x7, 0x0, 0x6, 0x0,
    0xe, 0x0, 0xe, 0x0, 0xe, 0x0, 0xc, 0x0,
    0x1c, 0x0, 0x7f, 0x0,

    /* U+01AD "ƭ" */
    0x3, 0xc1, 0x30, 0xc0, 0x60, 0x18, 0xe, 0xf,
    0xc0, 0xc0, 0x30, 0x18, 0x6, 0x1, 0x80, 0x60,
    0x30, 0xc, 0x3, 0x40, 0xe0, 0x30, 0x0,

    /* U+01AE "Ʈ" */
    0x7f, 0xff, 0x87, 0xe, 0xe, 0x14, 0x1c, 0x20,
    0x30, 0x0, 0xe0, 0x1, 0xc0, 0x3, 0x0, 0xe,
    0x0, 0x1c, 0x0, 0x38, 0x0, 0x60, 0x1, 0xc0,
    0x3, 0x80, 0x7, 0x0, 0xc, 0x0, 0x38, 0x0,
    0x70, 0x0, 0xc0, 0x1, 0x80, 0x3, 0x0, 0x2,
    0x0, 0x5, 0x80, 0x7, 0x0,

    /* U+01AF "Ư" */
    0x0, 0x0, 0x33, 0xf0, 0x3d, 0xc7, 0x0, 0xc2,
    0x70, 0x6, 0x13, 0x80, 0x31, 0x18, 0x1, 0x70,
    0xc0, 0x18, 0xe, 0x0, 0x80, 0x70, 0x4, 0x3,
    0x0, 0x60, 0x38, 0x2, 0x1, 0xc0, 0x10, 0xe,
    0x0, 0x80, 0x60, 0x8, 0x3, 0x0, 0x40, 0x18,
    0x6, 0x0, 0xe0, 0x20, 0x3, 0x86, 0x0, 0x7,
    0xe0, 0x0,

    /* U+01B0 "ư" */
    0x0, 0x3, 0x0, 0x3, 0x0, 0x1, 0xf0, 0x61,
    0x30, 0x71, 0x30, 0xee, 0x20, 0xc0, 0x61, 0xc0,
    0x61, 0xc0, 0x63, 0xc0, 0xc5, 0x80, 0xc5, 0x80,
    0xc9, 0xa0, 0xd3, 0xc0, 0xe1, 0x80,

    /* U+01B1 "Ʊ" */
    0x3f, 0xc7, 0xf3, 0xfc, 0xff, 0x30, 0x88, 0x32,
    0x8, 0x81, 0x7, 0x8f, 0x0, 0xe0, 0x38, 0x18,
    0x1, 0xc3, 0x80, 0x1c, 0x70, 0x0, 0xe6, 0x0,
    0xe, 0xe0, 0x0, 0xee, 0x0, 0xc, 0xe0, 0x1,
    0xce, 0x0, 0x1c, 0xe0, 0x3, 0x87, 0x0, 0x70,
    0x38, 0x1c, 0x0, 0xff, 0x0,

    /* U+01B2 "Ʋ" */
    0x7c, 0xe, 0xe, 0xf, 0x87, 0x3, 0xc7, 0x0,
    0x33, 0x80, 0x9, 0xc0, 0x4, 0xc0, 0x2, 0xe0,
    0x1, 0x70, 0x0, 0xb8, 0x0, 0xd8, 0x0, 0x5c,
    0x0, 0x6e, 0x0, 0x27, 0x0, 0x23, 0x80, 0x31,
    0xc0, 0x20, 0x70, 0xe0, 0x1f, 0xc0, 0x0,

    /* U+01B3 "Ƴ" */
    0x7c, 0x7, 0xd9, 0x80, 0x66, 0x70, 0x18, 0xc,
    0xc, 0x3, 0x86, 0x0, 0x61, 0x0, 0x18, 0x80,
    0x7, 0x40, 0x1, 0xf0, 0x0, 0x38, 0x0, 0xc,
    0x0, 0x7, 0x0, 0x1, 0xc0, 0x0, 0x60, 0x0,
    0x38, 0x0, 0xe, 0x0, 0x3, 0x80, 0x3, 0xf8,
    0x0,

    /* U+01B4 "ƴ" */
    0x0, 0x7, 0x0, 0xb, 0x0, 0x11, 0x0, 0x10,
    0x0, 0x20, 0x0, 0x20, 0x38, 0x20, 0x1c, 0x20,
    0xc, 0x40, 0xc, 0x40, 0xc, 0x40, 0x6, 0x40,
    0x6, 0x80, 0x6, 0x80, 0x7, 0x80, 0x3, 0x0,
    0x3, 0x0, 0x2, 0x0, 0x2, 0x0, 0x4, 0x0,
    0x4, 0x0, 0x8, 0x0, 0xf0, 0x0, 0xe0, 0x0,

    /* U+01B5 "Ƶ" */
    0x1f, 0xff, 0x18, 0xf, 0x30, 0xe, 0x20, 0x1c,
    0x0, 0x38, 0x0, 0x70, 0x0, 0x70, 0x0, 0xe0,
    0x7, 0xf0, 0x3, 0x80, 0x7, 0x80, 0x7, 0x0,
    0xe, 0x0, 0x1c, 0x2, 0x38, 0x2, 0x38, 0x4,
    0x70, 0x1c, 0xff, 0xfc,

    /* U+01B6 "ƶ" */
    0x3f, 0xcf, 0xe2, 0x10, 0x4, 0x2, 0xf, 0xe0,
    0x80, 0x40, 0x10, 0x8, 0x7, 0x1, 0xe2, 0x9c,
    0xc3, 0x20, 0x30,

    /* U+01B7 "Ʒ" */
    0x3, 0xff, 0x81, 0x83, 0x81, 0x81, 0x80, 0x81,
    0x80, 0x81, 0xc0, 0x1, 0xc0, 0x0, 0xc0, 0x0,
    0xf0, 0x0, 0xfc, 0x0, 0xe, 0x0, 0x7, 0x0,
    0x3, 0x80, 0x1, 0xc0, 0x0, 0xe2, 0x0, 0xe0,
    0x80, 0x60, 0x30, 0xe0, 0x7, 0xc0, 0x0,

    /* U+01B8 "Ƹ" */
    0x1f, 0xfc, 0x30, 0x70, 0xc0, 0xc3, 0x82, 0xe,
    0x8, 0x38, 0x0, 0x60, 0x3, 0x80, 0x3f, 0x1,
    0xe0, 0xe, 0x0, 0x38, 0x0, 0xc0, 0x3, 0x0,
    0xc, 0x1, 0x30, 0x8, 0xf1, 0xc0, 0xf8, 0x0,

    /* U+01B9 "ƹ" */
    0x3, 0xf8, 0x1f, 0xc0, 0x82, 0x4, 0x0, 0x10,
    0x0, 0x80, 0xc, 0x1, 0xf0, 0x1c, 0x1, 0xc0,
    0x1c, 0x0, 0xc0, 0x6, 0x0, 0x60, 0x3, 0x0,
    0x8, 0x30, 0x47, 0x81, 0xf8, 0x0,

    /* U+01BA "ƺ" */
    0x3, 0xf8, 0x1f, 0xc0, 0x82, 0x0, 0x10, 0x1,
    0x80, 0xf, 0x0, 0x7e, 0x6, 0x38, 0x0, 0xe0,
    0x7, 0x0, 0x78, 0x7, 0xc0, 0x3c, 0x1, 0xc0,
    0xe, 0x0, 0x30, 0x80, 0xc6, 0x1, 0xf0, 0x0,

    /* U+01BB "ƻ" */
    0x3, 0xe0, 0x3f, 0x82, 0x1e, 0x20, 0x72, 0x3,
    0x80, 0x18, 0x0, 0xc0, 0xc, 0x3, 0xf8, 0x6,
    0x0, 0x60, 0x6, 0x0, 0x60, 0x4, 0x0, 0x40,
    0x4, 0x2, 0x7f, 0xe7, 0xff, 0x0,

    /* U+01BC "Ƽ" */
    0x3, 0xff, 0x80, 0x70, 0xc0, 0x30, 0x20, 0x38,
    0x0, 0x1c, 0x0, 0xe, 0x0, 0x7, 0xe0, 0x0,
    0x3c, 0x0, 0xe, 0x0, 0x3, 0x80, 0x1, 0xc0,
    0x0, 0xe0, 0x0, 0xe0, 0x0, 0x73, 0x0, 0x70,
    0xc0, 0x78, 0x38, 0xf0, 0x7, 0xe0, 0x0,

    /* U+01BD "ƽ" */
    0x3, 0xf8, 0x3f, 0xc1, 0x0, 0x18, 0x0, 0xc0,
    0x7, 0x80, 0x7e, 0x0, 0x38, 0x0, 0xe0, 0x3,
    0x0, 0x18, 0x0, 0xc0, 0x6, 0x0, 0x30, 0x1,
    0x8, 0x10, 0xf3, 0x3, 0xe0, 0x0,

    /* U+01BE "ƾ" */
    0x4, 0xc, 0x18, 0x7e, 0x18, 0x18, 0x1c, 0xc,
    0xe, 0x7, 0x7, 0x3, 0x43, 0x43, 0x7c,

    /* U+01BF "ƿ" */
    0xf, 0x38, 0xd, 0x98, 0x1c, 0x38, 0x30, 0x70,
    0x60, 0xe1, 0xc1, 0x83, 0x3, 0x6, 0xe, 0xc,
    0x18, 0x30, 0x60, 0x61, 0x80, 0xc6, 0x1, 0x98,
    0x6, 0xc0, 0xe, 0x0, 0x18, 0x0, 0x30, 0x1,
    0xf0, 0x0,

    /* U+01C0 "ǀ" */
    0xc, 0x30, 0x82, 0x18, 0x61, 0x4, 0x30, 0xc2,
    0x8, 0x61, 0x84, 0x10, 0xc3, 0x8, 0x20,

    /* U+01C1 "ǁ" */
    0xc, 0x86, 0x42, 0x61, 0x31, 0x90, 0xc8, 0x4c,
    0x26, 0x32, 0x19, 0x9, 0x84, 0xc6, 0x43, 0x21,
    0x30, 0x98, 0xc8, 0x64, 0x26, 0x13, 0x0,

    /* U+01C2 "ǂ" */
    0x0, 0x60, 0x0, 0x80, 0x1, 0x0, 0x6, 0x0,
    0xc, 0x0, 0x10, 0x0, 0x20, 0x3f, 0xff, 0x1,
    0x80, 0x2, 0x0, 0x4, 0x0, 0x18, 0xf, 0xff,
    0xc0, 0x40, 0x0, 0x80, 0x3, 0x0, 0x6, 0x0,
    0x8, 0x0, 0x10, 0x0, 0x60, 0x0,

    /* U+01C3 "ǃ" */
    0x6, 0xc, 0x38, 0x70, 0xc1, 0x82, 0xc, 0x18,
    0x20, 0x41, 0x2, 0x0, 0x0, 0x20, 0xe1, 0xc0,

    /* U+01C4 "Ǆ" */
    0x0, 0x0, 0x0, 0x20, 0x80, 0x0, 0x0, 0x3,
    0x10, 0x0, 0x0, 0x0, 0x1e, 0x0, 0x0, 0x0,
    0x1, 0xe0, 0x0, 0x0, 0x0, 0xc, 0x0, 0x0,
    0x0, 0x0, 0x0, 0xf, 0xfc, 0x3, 0xff, 0xf0,
    0x38, 0x30, 0x30, 0xe, 0x3, 0x1, 0x82, 0x1,
    0xc0, 0x70, 0x1c, 0x40, 0x38, 0x7, 0x0, 0xe0,
    0x7, 0x80, 0x70, 0xe, 0x0, 0x70, 0x6, 0x0,
    0xe0, 0xe, 0x0, 0xe0, 0xe, 0x1, 0xc0, 0xe,
    0x0, 0xe0, 0x38, 0x0, 0xe0, 0xe, 0x3, 0x80,
    0xc, 0x0, 0xe0, 0x70, 0x1, 0xc0, 0x1c, 0xe,
    0x0, 0x1c, 0x1, 0xc1, 0xc0, 0x1, 0x80, 0x38,
    0x38, 0x0, 0x38, 0x7, 0x3, 0x80, 0x43, 0x80,
    0xe0, 0x70, 0xc, 0x38, 0x38, 0xe, 0x1, 0x8f,
    0xfe, 0x1, 0xff, 0xf8,

    /* U+01C5 "ǅ" */
    0xf, 0xfc, 0x1, 0x4, 0x7, 0x6, 0x3, 0x30,
    0xc, 0x6, 0x3, 0xc0, 0x38, 0xe, 0x3, 0x0,
    0x70, 0xe, 0x0, 0x0, 0xe0, 0x1c, 0x0, 0x1,
    0x80, 0x39, 0xfe, 0x7, 0x0, 0x73, 0xf8, 0xe,
    0x0, 0xe4, 0x20, 0x1c, 0x1, 0xc0, 0x40, 0x30,
    0x3, 0x81, 0x0, 0xe0, 0xe, 0x4, 0x1, 0xc0,
    0x1c, 0x10, 0x3, 0x0, 0x70, 0x40, 0xe, 0x1,
    0xc0, 0x80, 0x1c, 0x7, 0x2, 0x0, 0x38, 0x38,
    0xe, 0x0, 0xff, 0xc0, 0x3e, 0x30, 0x0, 0x0,
    0xe, 0x60, 0x0, 0x0, 0x3, 0x0,

    /* U+01C6 "ǆ" */
    0x0, 0x3c, 0x41, 0x0, 0x6, 0x31, 0x0, 0x7,
    0xf, 0x0, 0x3, 0x7, 0x0, 0x1, 0x80, 0x0,
    0x0, 0xc0, 0x0, 0xf, 0xe7, 0xf8, 0x8, 0x63,
    0xf8, 0x8, 0x31, 0x4, 0xc, 0x18, 0x4, 0xc,
    0x18, 0x4, 0xe, 0xc, 0x4, 0x6, 0x6, 0x4,
    0x3, 0x6, 0x4, 0x3, 0x87, 0x4, 0x0, 0xc5,
    0xa2, 0x0, 0x76, 0xf3, 0x80, 0x1c, 0x63, 0xe3,
    0x0, 0x0, 0x39, 0x80, 0x0, 0x3, 0x80,

    /* U+01C7 "Ǉ" */
    0xf, 0xe0, 0x3, 0xf0, 0x38, 0x0, 0xe, 0x3,
    0x0, 0x1, 0xc0, 0x70, 0x0, 0x1c, 0x7, 0x0,
    0x1, 0xc0, 0x70, 0x0, 0x18, 0x6, 0x0, 0x3,
    0x80, 0xe0, 0x0, 0x38, 0xe, 0x0, 0x3, 0x80,
    0xc0, 0x0, 0x30, 0x1c, 0x0, 0x7, 0x1, 0xc0,
    0x0, 0x70, 0x1c, 0x0, 0x6, 0x1, 0x80, 0x20,
    0xe0, 0x38, 0x2, 0xe, 0x3, 0x80, 0x78, 0xc0,
    0x38, 0xd, 0xdc, 0xf, 0xff, 0xcf, 0x0,

    /* U+01C8 "ǈ" */
    0xf, 0xe0, 0xc, 0xe, 0x0, 0x30, 0x30, 0x0,
    0xc1, 0xc0, 0x0, 0x7, 0x0, 0x0, 0x1c, 0x0,
    0x0, 0x60, 0x0, 0x3, 0x80, 0x1e, 0xe, 0x0,
    0x18, 0x30, 0x0, 0x60, 0xc0, 0x3, 0x7, 0x0,
    0xc, 0x1c, 0x0, 0x30, 0x60, 0x0, 0xc3, 0x80,
    0x26, 0xe, 0x1, 0x98, 0x38, 0xc, 0x63, 0xff,
    0xf1, 0x80, 0x0, 0xc, 0x0, 0x0, 0x30, 0x0,
    0x0, 0xc0, 0x0, 0x26, 0x0, 0x1, 0xd0, 0x0,
    0x3, 0x80,

    /* U+01C9 "ǉ" */
    0x4, 0x1, 0xe1, 0x83, 0xe, 0x38, 0x61, 0x80,
    0xc, 0x0, 0x60, 0x6, 0x0, 0x31, 0xf1, 0x83,
    0xc, 0x18, 0xc0, 0xc6, 0xe, 0x30, 0x61, 0x83,
    0x18, 0x18, 0xc9, 0xc6, 0x8c, 0x38, 0x60, 0x3,
    0x0, 0x30, 0x1, 0x80, 0xcc, 0x6, 0xc0, 0x3c,
    0x0,

    /* U+01CA "Ǌ" */
    0xf, 0x1, 0xf1, 0xfc, 0xe, 0x1, 0x1, 0xc0,
    0x38, 0x4, 0x7, 0x0, 0xe0, 0x30, 0x18, 0x5,
    0xc0, 0x80, 0xe0, 0x13, 0x2, 0x3, 0x80, 0x4e,
    0x18, 0xc, 0x3, 0x18, 0x40, 0x70, 0x8, 0x71,
    0x1, 0xc0, 0x21, 0xc4, 0x7, 0x0, 0x83, 0x30,
    0x18, 0x6, 0xe, 0x80, 0xe0, 0x10, 0x1a, 0x3,
    0x80, 0x40, 0x78, 0xc, 0x3, 0x0, 0xc4, 0x30,
    0x8, 0x3, 0x39, 0xc0, 0x70, 0xc, 0x66, 0x3,
    0xe0, 0x11, 0xf0, 0x0,

    /* U+01CB "ǋ" */
    0xf, 0x1, 0xf3, 0x3, 0x80, 0x47, 0x3, 0x80,
    0x43, 0x3, 0x80, 0xc0, 0x5, 0xc0, 0x80, 0x4,
    0xc0, 0x80, 0x4, 0xe0, 0x80, 0xc, 0x61, 0x1e,
    0x8, 0x61, 0x6, 0x8, 0x71, 0xe, 0x8, 0x31,
    0xc, 0x18, 0x3a, 0xc, 0x10, 0x1a, 0xc, 0x10,
    0x1a, 0x1c, 0x30, 0x1c, 0x18, 0x30, 0xc, 0x18,
    0x30, 0xc, 0x18, 0xf8, 0x4, 0x38, 0x0, 0x0,
    0x30, 0x0, 0x0, 0x30, 0x0, 0x0, 0x30, 0x0,
    0x6, 0x60, 0x0, 0x6, 0x40, 0x0, 0x3, 0x80,

    /* U+01CC "ǌ" */
    0x0, 0x0, 0x30, 0x0, 0x3, 0x0, 0x0, 0x30,
    0x0, 0x0, 0x0, 0x0, 0x0, 0x0, 0x0, 0xc,
    0xe0, 0x23, 0x9f, 0x1e, 0x1a, 0x30, 0x61, 0xc7,
    0xc, 0x34, 0x60, 0xc3, 0x86, 0xc, 0x30, 0x60,
    0xc3, 0xc, 0xc, 0x60, 0xc1, 0x86, 0xd, 0x18,
    0x60, 0xd1, 0x8c, 0xe, 0x18, 0x0, 0x3, 0x0,
    0x0, 0x30, 0x0, 0x3, 0x0, 0x2, 0x60, 0x0,
    0x64, 0x0, 0x3, 0x80,

    /* U+01CD "Ǎ" */
    0x0, 0x81, 0x0, 0x61, 0x0, 0x19, 0x0, 0xf,
    0x0, 0x3, 0x0, 0x0, 0x0, 0x0, 0x0, 0x0,
    0x20, 0x0, 0x30, 0x0, 0x18, 0x0, 0x1e, 0x0,
    0xf, 0x0, 0xb, 0x80, 0x4, 0xc0, 0x4, 0x60,
    0x6, 0x30, 0x2, 0x1c, 0x2, 0xe, 0x1, 0xff,
    0x1, 0x1, 0x81, 0x80, 0xc0, 0x80, 0x60, 0xc0,
    0x38, 0x40, 0x1c, 0xf8, 0x3f, 0x0,

    /* U+01CE "ǎ" */
    0x6, 0x8, 0x8, 0xc0, 0x36, 0x0, 0x70, 0x1,
    0x80, 0x0, 0x0, 0x3d, 0x3, 0xc, 0x18, 0x30,
    0x60, 0xc3, 0x6, 0x1c, 0x18, 0x60, 0x61, 0x83,
    0x8e, 0x1c, 0x38, 0xb6, 0x76, 0xd0, 0xe3, 0x80,

    /* U+01CF "Ǐ" */
    0x4, 0x10, 0x31, 0x80, 0xd8, 0x7, 0x80, 0x18,
    0x0, 0x0, 0x3f, 0x0, 0x70, 0x3, 0x0, 0x38,
    0x1, 0xc0, 0xe, 0x0, 0x60, 0x7, 0x0, 0x38,
    0x1, 0x80, 0xc, 0x0, 0xe0, 0x7, 0x0, 0x30,
    0x3, 0x80, 0x1c, 0x0, 0xe0, 0x1f, 0x80,

    /* U+01D0 "ǐ" */
    0x20, 0x8c, 0x41, 0xe0, 0x70, 0x0, 0x0, 0x3,
    0x81, 0xe0, 0x30, 0xc, 0x3, 0x1, 0xc0, 0x60,
    0x18, 0x6, 0x3, 0xa0, 0xd0, 0x18, 0x0,

    /* U+01D1 "Ǒ" */
    0x0, 0x80, 0x80, 0x21, 0x80, 0x19, 0x80, 0x7,
    0x80, 0x3, 0x80, 0x0, 0x0, 0x0, 0x0, 0x1,
    0xf8, 0x3, 0x86, 0x3, 0x1, 0x83, 0x0, 0xe3,
    0x0, 0x73, 0x80, 0x3b, 0x80, 0x1d, 0xc0, 0xe,
    0xe0, 0x7, 0xe0, 0x3, 0xf0, 0x3, 0xb8, 0x1,
    0xdc, 0x1, 0xce, 0x0, 0xc7, 0x0, 0xe1, 0x80,
    0xe0, 0x60, 0xc0, 0x1f, 0x80, 0x0,

    /* U+01D2 "ǒ" */
    0x4, 0x8, 0x11, 0x80, 0xd8, 0x3, 0x80, 0x18,
    0x0, 0x0, 0x1f, 0x3, 0xc, 0x30, 0x63, 0x83,
    0x98, 0x1d, 0xc0, 0xcc, 0x6, 0x60, 0x63, 0x3,
    0x18, 0x30, 0xc3, 0x3, 0xe0, 0x0,

    /* U+01D3 "Ǔ" */
    0x1, 0x2, 0x0, 0x61, 0x0, 0xd, 0x80, 0x3,
    0xc0, 0x0, 0x60, 0x0, 0x0, 0x0, 0x0, 0x1,
    0xfc, 0x1f, 0x1c, 0x3, 0x6, 0x0, 0xc3, 0x80,
    0x20, 0xe0, 0x8, 0x30, 0x2, 0xc, 0x1, 0x87,
    0x0, 0x41, 0xc0, 0x10, 0x60, 0xc, 0x18, 0x2,
    0xe, 0x0, 0x83, 0x80, 0x20, 0xe0, 0x10, 0x38,
    0x4, 0x6, 0x2, 0x1, 0xc3, 0x0, 0x1f, 0x80,
    0x0,

    /* U+01D4 "ǔ" */
    0xc, 0x10, 0x33, 0x0, 0xf0, 0x7, 0x0, 0x0,
    0x0, 0x3, 0xc1, 0x86, 0xc, 0x30, 0xe3, 0x6,
    0x18, 0x70, 0xc3, 0x86, 0x3c, 0x62, 0xc3, 0x16,
    0x19, 0x34, 0xd3, 0xc7, 0xc, 0x0,

    /* U+01D5 "Ǖ" */
    0x1, 0xfe, 0x0, 0x0, 0x0, 0x0, 0x0, 0x6,
    0x30, 0x3, 0x8c, 0x0, 0x40, 0x0, 0x0, 0x1,
    0xfc, 0x1f, 0x1c, 0x3, 0x6, 0x0, 0xc3, 0x80,
    0x20, 0xe0, 0x8, 0x30, 0x2, 0xc, 0x1, 0x87,
    0x0, 0x41, 0xc0, 0x10, 0x60, 0xc, 0x18, 0x2,
    0xe, 0x0, 0x83, 0x80, 0x20, 0xe0, 0x10, 0x38,
    0x4, 0x6, 0x2, 0x1, 0xc3, 0x0, 0x1f, 0x80,
    0x0,

    /* U+01D6 "ǖ" */
    0x7, 0xf8, 0x0, 0x0, 0x0, 0x8, 0x40, 0xe7,
    0x6, 0x18, 0x0, 0x0, 0x0, 0xf0, 0x61, 0x83,
    0xc, 0x38, 0xe1, 0x86, 0x1c, 0x30, 0xe1, 0x8f,
    0x1c, 0xb0, 0xc5, 0x86, 0x4d, 0x34, 0xf1, 0xc3,
    0x0,

    /* U+01D7 "Ǘ" */
    0x0, 0x6, 0x0, 0x3, 0x80, 0x1, 0x80, 0x0,
    0xc0, 0x0, 0x40, 0x0, 0x63, 0x0, 0x38, 0xc0,
    0x4, 0x0, 0x0, 0x0, 0x1f, 0xc1, 0xf1, 0xc0,
    0x10, 0x60, 0xc, 0x38, 0x2, 0xe, 0x0, 0x83,
    0x0, 0x61, 0xc0, 0x10, 0x70, 0x4, 0x18, 0x1,
    0x6, 0x0, 0x83, 0x80, 0x20, 0xe0, 0x18, 0x38,
    0x4, 0xe, 0x3, 0x1, 0xc1, 0x80, 0x1f, 0x80,
    0x0,

    /* U+01D8 "ǘ" */
    0x0, 0x10, 0x1, 0x80, 0x18, 0x1, 0x0, 0x10,
    0x2, 0x10, 0x39, 0xc1, 0x86, 0x0, 0x0, 0x0,
    0x3c, 0x18, 0x60, 0xc3, 0xe, 0x38, 0x61, 0x87,
    0xc, 0x38, 0x63, 0xc7, 0x2c, 0x31, 0x61, 0x93,
    0x4d, 0x3c, 0x70, 0xc0,

    /* U+01D9 "Ǚ" */
    0x1, 0x2, 0x0, 0x23, 0x0, 0xd, 0x80, 0x1,
    0xc0, 0x0, 0x60, 0x0, 0x63, 0x0, 0x38, 0xc0,
    0x4, 0x0, 0x0, 0x0, 0x1f, 0xc1, 0xf1, 0xc0,
    0x10, 0x60, 0xc, 0x38, 0x2, 0xe, 0x0, 0x83,
    0x0, 0x61, 0xc0, 0x10, 0x70, 0x4, 0x18, 0x1,
    0x6, 0x0, 0x83, 0x80, 0x20, 0xe0, 0x18, 0x38,
    0x4, 0xe, 0x3, 0x1, 0xc1, 0x80, 0x1f, 0x80,
    0x0,

    /* U+01DA "ǚ" */
    0x4, 0x8, 0x10, 0x80, 0xd8, 0x3, 0x80, 0x1c,
    0x0, 0x0, 0x10, 0x81, 0xce, 0xc, 0x30, 0x0,
    0x0, 0x1, 0xe0, 0xc3, 0x6, 0x18, 0x71, 0xc3,
    0xc, 0x38, 0x61, 0xc3, 0x1e, 0x39, 0x61, 0x8b,
    0xc, 0x9a, 0x69, 0xe3, 0x86, 0x0,

    /* U+01DB "Ǜ" */
    0x1, 0x80, 0x0, 0x70, 0x0, 0xc, 0x0, 0x1,
    0x80, 0x0, 0x20, 0x0, 0x40, 0x0, 0x38, 0xc0,
    0x6, 0x30, 0x0, 0x0, 0x1f, 0xc1, 0xf1, 0xc0,
    0x10, 0x60, 0xc, 0x38, 0x2, 0xe, 0x0, 0x83,
    0x0, 0x61, 0xc0, 0x10, 0x70, 0x4, 0x18, 0x1,
    0x6, 0x0, 0x83, 0x80, 0x20, 0xe0, 0x18, 0x38,
    0x4, 0xe, 0x3, 0x1, 0xc1, 0x80, 0x1f, 0x80,
    0x0,

    /* U+01DC "ǜ" */
    0x0, 0x0, 0x60, 0x7, 0x0, 0x30, 0x1, 0x80,
    0x42, 0xe, 0x70, 0xc3, 0x0, 0x0, 0x0, 0xf0,
    0x63, 0x6, 0x30, 0xe7, 0xc, 0x61, 0xc6, 0x1c,
    0x63, 0xce, 0x58, 0xc5, 0x8c, 0x9a, 0xd3, 0xce,
    0x18,

    /* U+01DD "ǝ" */
    0xf, 0xc, 0xe4, 0x1c, 0x3, 0x1, 0xc0, 0xf1,
    0xd9, 0x8e, 0xc3, 0x31, 0x8c, 0xc3, 0xc0,

    /* U+01DE "Ǟ" */
    0x0, 0xff, 0x0, 0x0, 0x0, 0x0, 0x80, 0x18,
    0xe0, 0xc, 0x60, 0x0, 0x0, 0x0, 0x40, 0x0,
    0x60, 0x0, 0x30, 0x0, 0x3c, 0x0, 0x1e, 0x0,
    0x17, 0x0, 0x9, 0x80, 0x8, 0xc0, 0xc, 0x60,
    0x4, 0x38, 0x4, 0x1c, 0x3, 0xfe, 0x2, 0x3,
    0x3, 0x1, 0x81, 0x0, 0xc1, 0x80, 0x70, 0x80,
    0x39, 0xf0, 0x7e,

    /* U+01DF "ǟ" */
    0x3, 0xfc, 0x0, 0x0, 0x0, 0x0, 0x86, 0x7,
    0x18, 0x18, 0x60, 0x0, 0x0, 0x0, 0x3, 0xd0,
    0x30, 0xc1, 0x83, 0x6, 0xc, 0x30, 0x61, 0xc1,
    0x86, 0x6, 0x18, 0x38, 0xe1, 0xc3, 0x8b, 0x67,
    0x6d, 0xe, 0x38,

    /* U+01E0 "Ǡ" */
    0x0, 0xff, 0x80, 0x0, 0x0, 0x0, 0x0, 0x3,
    0x0, 0x1, 0x80, 0x0, 0x0, 0x0, 0x40, 0x0,
    0x60, 0x0, 0x30, 0x0, 0x3c, 0x0, 0x1e, 0x0,
    0x17, 0x0, 0x9, 0x80, 0x8, 0xc0, 0xc, 0x60,
    0x4, 0x38, 0x4, 0x1c, 0x3, 0xfe, 0x2, 0x3,
    0x3, 0x1, 0x81, 0x0, 0xc1, 0x80, 0x70, 0x80,
    0x39, 0xf0, 0x7e,

    /* U+01E1 "ǡ" */
    0x3, 0xfc, 0x0, 0x0, 0x0, 0x0, 0x20, 0x1,
    0xc0, 0x3, 0x0, 0x0, 0x0, 0x0, 0x3, 0xd0,
    0x30, 0xc1, 0x83, 0x6, 0xc, 0x30, 0x61, 0xc1,
    0x86, 0x6, 0x18, 0x38, 0xe1, 0xc3, 0x8b, 0x67,
    0x6d, 0xe, 0x38,

    /* U+01E2 "Ǣ" */
    0x0, 0x7, 0xf8, 0x0, 0x0, 0x0, 0x0, 0x0,
    0x0, 0x0, 0x0, 0x0, 0x0, 0x0, 0xff, 0xf8,
    0x0, 0x2c, 0xc, 0x0, 0x3e, 0x2, 0x0, 0x17,
    0x1, 0x0, 0x13, 0x0, 0x0, 0x19, 0x82, 0x0,
    0x19, 0xc2, 0x0, 0x18, 0xe1, 0x0, 0x8, 0x7f,
    0x80, 0xc, 0x30, 0xc0, 0xc, 0x38, 0x40, 0xf,
    0xfc, 0x20, 0x4, 0xc, 0x0, 0x4, 0xe, 0x0,
    0x6, 0x7, 0x0, 0x86, 0x3, 0x80, 0xc6, 0x3,
    0x80, 0xc7, 0xc3, 0xff, 0xe0,

    /* U+01E3 "ǣ" */
    0x0, 0xff, 0x0, 0x0, 0x0, 0x0, 0x0, 0x0,
    0x0, 0x3b, 0x78, 0x23, 0xcc, 0x21, 0xc6, 0x30,
    0xc3, 0x30, 0x62, 0x38, 0x76, 0x18, 0x34, 0xc,
    0x38, 0xe, 0x2c, 0x7, 0x16, 0x9, 0xb3, 0x98,
    0xf0, 0xf0,

    /* U+01E4 "Ǥ" */
    0x0, 0xfc, 0x40, 0xe0, 0xf0, 0xe0, 0x18, 0x70,
    0x2, 0x38, 0x0, 0x8e, 0x0, 0x7, 0x0, 0x1,
    0xc0, 0x0, 0xf0, 0x0, 0x38, 0x7, 0xfe, 0x0,
    0x73, 0x80, 0x18, 0xe0, 0x3f, 0xf8, 0x3, 0x87,
    0x0, 0xe0, 0xc0, 0x30, 0x1c, 0x1c, 0x1, 0xfc,
    0x0,

    /* U+01E5 "ǥ" */
    0x1, 0xe0, 0x18, 0xf0, 0xc3, 0x83, 0xe, 0xc,
    0x38, 0x30, 0xc0, 0xc6, 0x1, 0xe0, 0x4, 0x0,
    0x30, 0x0, 0xf8, 0x2, 0xf0, 0x30, 0xe0, 0x81,
    0x8f, 0xff, 0x18, 0x8, 0x20, 0x40, 0x7e, 0x0,

    /* U+01E6 "Ǧ" */
    0x0, 0x80, 0x80, 0x10, 0xc0, 0x6, 0x60, 0x0,
    0xf0, 0x0, 0x38, 0x0, 0x0, 0x0, 0x0, 0x0,
    0x3, 0xf1, 0x3, 0x83, 0xc3, 0x80, 0x61, 0xc0,
    0x8, 0xe0, 0x2, 0x38, 0x0, 0x1c, 0x0, 0x7,
    0x0, 0x3, 0xc0, 0x0, 0xe0, 0x1f, 0xf8, 0x1,
    0xce, 0x0, 0x73, 0x80, 0x18, 0x60, 0x6, 0x1c,
    0x3, 0x83, 0x0, 0xe0, 0x70, 0x70, 0x7, 0xf0,
    0x0,

    /* U+01E7 "ǧ" */
    0x2, 0x8, 0xc, 0x40, 0x1e, 0x0, 0x70, 0x0,
    0xc0, 0x0, 0x0, 0x3c, 0x3, 0x1e, 0x18, 0x30,
    0x60, 0xc1, 0x87, 0x6, 0x18, 0x18, 0xc0, 0x1c,
    0x0, 0x80, 0x6, 0x0, 0x1f, 0x0, 0x7f, 0x2,
    0x1c, 0x10, 0x38, 0xc0, 0x43, 0x1, 0x6, 0x8,
    0xf, 0xc0,

    /* U+01E8 "Ǩ" */
    0x0, 0x41, 0x80, 0xc, 0x60, 0x0, 0xd8, 0x0,
    0xe, 0x0, 0x1, 0x80, 0x0, 0x0, 0x3, 0xf8,
    0xf8, 0x1c, 0xc, 0x3, 0x3, 0x0, 0xe0, 0xc0,
    0x1c, 0x20, 0x3, 0x98, 0x0, 0x66, 0x0, 0x1f,
    0x0, 0x3, 0xf0, 0x0, 0x7e, 0x0, 0xc, 0xe0,
    0x3, 0x8c, 0x0, 0x71, 0xc0, 0xc, 0x18, 0x3,
    0x83, 0x80, 0x70, 0x38, 0xe, 0x7, 0x7, 0xe1,
    0xf8,

    /* U+01E9 "ǩ" */
    0x1, 0x4, 0x3, 0x18, 0x3, 0x60, 0x7, 0x80,
    0x6, 0x0, 0xc0, 0x7, 0x80, 0x3, 0x0, 0xc,
    0x0, 0x18, 0x0, 0x30, 0x0, 0x60, 0x1, 0x87,
    0x3, 0x8, 0x6, 0x20, 0xc, 0x80, 0x32, 0x0,
    0x7c, 0x0, 0xd8, 0x1, 0x98, 0x6, 0x30, 0xc,
    0x74, 0x18, 0x68, 0x30, 0x60,

    /* U+01EA "Ǫ" */
    0x0, 0x7c, 0x0, 0x61, 0xc0, 0x70, 0x30, 0x38,
    0x6, 0x1c, 0x1, 0x8e, 0x0, 0x73, 0x80, 0x1d,
    0xc0, 0xf, 0x70, 0x3, 0x9c, 0x0, 0xee, 0x0,
    0x3b, 0x80, 0x1c, 0xe0, 0x7, 0x18, 0x3, 0x86,
    0x1, 0xc1, 0xc0, 0xe0, 0x38, 0x70, 0x3, 0xe0,
    0x0, 0x40, 0x0, 0x30, 0x0, 0xc, 0x0, 0x3,
    0x10, 0x0, 0xfc, 0x0, 0x1c, 0x0,

    /* U+01EB "ǫ" */
    0x7, 0xc1, 0x86, 0x30, 0x67, 0x7, 0x60, 0x7e,
    0x6, 0xc0, 0x6c, 0xc, 0xc0, 0xcc, 0x18, 0xc3,
    0x7, 0xc0, 0x30, 0x2, 0x0, 0x60, 0x2, 0x0,
    0x3e, 0x1, 0xc0,

    /* U+01EC "Ǭ" */
    0x0, 0xff, 0x0, 0x0, 0x0, 0x0, 0x0, 0x1,
    0xf0, 0x1, 0x87, 0x1, 0xc0, 0xc0, 0xe0, 0x18,
    0x70, 0x6, 0x38, 0x1, 0xce, 0x0, 0x77, 0x0,
    0x3d, 0xc0, 0xe, 0x70, 0x3, 0xb8, 0x0, 0xee,
    0x0, 0x73, 0x80, 0x1c, 0x60, 0xe, 0x18, 0x7,
    0x7, 0x3, 0x80, 0xe1, 0xc0, 0xf, 0x80, 0x1,
    0x0, 0x0, 0xc0, 0x0, 0x30, 0x0, 0xc, 0x40,
    0x3, 0xf0, 0x0, 0x70, 0x0,

    /* U+01ED "ǭ" */
    0xf, 0xf0, 0x0, 0x0, 0x0, 0x7c, 0x18, 0x63,
    0x6, 0x70, 0x76, 0x7, 0xe0, 0x6c, 0x6, 0xc0,
    0xcc, 0xc, 0xc1, 0x8c, 0x30, 0x7c, 0x3, 0x0,
    0x20, 0x6, 0x0, 0x20, 0x3, 0xe0, 0x1c, 0x0,

    /* U+01EE "Ǯ" */
    0x0, 0x41, 0x0, 0x31, 0x0, 0xf, 0x0, 0x7,
    0x0, 0x1, 0x0, 0x0, 0x0, 0x0, 0x0, 0x7,
    0xff, 0x3, 0x7, 0x3, 0x3, 0x1, 0x3, 0x1,
    0x3, 0x80, 0x3, 0x80, 0x1, 0x80, 0x1, 0xe0,
    0x1, 0xf8, 0x0, 0x1c, 0x0, 0xe, 0x0, 0x7,
    0x0, 0x3, 0x80, 0x1, 0xc4, 0x1, 0xc1, 0x0,
    0xc0, 0x61, 0xc0, 0xf, 0x80, 0x0,

    /* U+01EF "ǯ" */
    0x4, 0x18, 0x31, 0x80, 0xf8, 0x3, 0x0, 0x0,
    0x0, 0x0, 0x7f, 0x83, 0xf8, 0x10, 0x80, 0x4,
    0x0, 0x40, 0x4, 0x0, 0x70, 0x3, 0xc0, 0x7,
    0x0, 0x38, 0x0, 0xc0, 0x6, 0x0, 0x30, 0x1,
    0x80, 0x8, 0x60, 0x83, 0x88, 0x1f, 0x80,

    /* U+01F0 "ǰ" */
    0x4, 0x8, 0x11, 0x80, 0xd8, 0x3, 0x80, 0x18,
    0x0, 0x0, 0x0, 0x0, 0xf0, 0x1, 0x80, 0xc,
    0x0, 0x60, 0x6, 0x0, 0x30, 0x1, 0x80, 0xc,
    0x0, 0xc0, 0x6, 0x0, 0x30, 0x1, 0x80, 0x18,
    0x0, 0xc0, 0x64, 0x3, 0x60, 0x1e, 0x0,

    /* U+01F1 "Ǳ" */
    0xf, 0xfc, 0x3, 0xff, 0xe0, 0x70, 0x60, 0x60,
    0x3c, 0xc, 0x6, 0x8, 0x7, 0x3, 0x80, 0xe2,
    0x1, 0xc0, 0x70, 0xe, 0x0, 0x70, 0xe, 0x1,
    0xc0, 0x1c, 0x1, 0x80, 0x38, 0x3, 0x80, 0x70,
    0x7, 0x0, 0xe0, 0xe, 0x0, 0xe0, 0x38, 0x1,
    0xc0, 0x1c, 0xe, 0x0, 0x30, 0x3, 0x83, 0xc0,
    0xe, 0x0, 0xe0, 0x70, 0x1, 0xc0, 0x1c, 0x1c,
    0x0, 0x30, 0x7, 0x7, 0x0, 0x8e, 0x1, 0xc1,
    0xc0, 0x11, 0xc0, 0x70, 0x38, 0x4, 0x38, 0x38,
    0xe, 0x1, 0x9f, 0xfc, 0x3, 0xff, 0xf0,

    /* U+01F2 "ǲ" */
    0xf, 0xfc, 0x0, 0x0, 0x1c, 0x18, 0x0, 0x0,
    0xc0, 0x60, 0x0, 0xe, 0x3, 0x80, 0x0, 0x70,
    0xe, 0x0, 0x3, 0x80, 0x70, 0x0, 0x18, 0x3,
    0x9f, 0xe1, 0xc0, 0x1c, 0xfe, 0xe, 0x0, 0xe4,
    0x20, 0x70, 0x7, 0x1, 0x3, 0x0, 0x38, 0x10,
    0x38, 0x3, 0x81, 0x1, 0xc0, 0x1c, 0x10, 0xc,
    0x1, 0xc1, 0x0, 0xe0, 0x1c, 0x8, 0x7, 0x1,
    0xc0, 0x80, 0x38, 0x38, 0xe, 0x3, 0xff, 0x0,
    0xf8, 0xc0, 0x0, 0x0, 0xe6, 0x0, 0x0, 0x0,
    0xc0,

    /* U+01F3 "ǳ" */
    0x0, 0x3c, 0x0, 0x0, 0x18, 0x0, 0x0, 0x30,
    0x0, 0x0, 0xc0, 0x0, 0x1, 0x80, 0x0, 0x3,
    0x0, 0x0, 0x6, 0x0, 0x1, 0xf8, 0xff, 0x4,
    0x31, 0xfc, 0x10, 0x64, 0x10, 0x60, 0xc0, 0x41,
    0x83, 0x0, 0x87, 0x6, 0x2, 0xc, 0xc, 0x8,
    0x18, 0x30, 0x20, 0x70, 0xe0, 0x80, 0x62, 0xd2,
    0x0, 0xed, 0xe7, 0x0, 0xe3, 0x1f, 0x10, 0x0,
    0x7, 0x20, 0x0, 0x3, 0x80,

    /* U+01F4 "Ǵ" */
    0x0, 0x0, 0x0, 0x1, 0xc0, 0x0, 0xe0, 0x0,
    0x60, 0x0, 0x30, 0x0, 0x10, 0x0, 0x0, 0x0,
    0x3, 0xf1, 0x3, 0x83, 0xc3, 0x80, 0x61, 0xc0,
    0x8, 0xe0, 0x2, 0x38, 0x0, 0x1c, 0x0, 0x7,
    0x0, 0x3, 0xc0, 0x0, 0xe0, 0x1f, 0xf8, 0x1,
    0xce, 0x0, 0x73, 0x80, 0x18, 0x60, 0x6, 0x1c,
    0x3, 0x83, 0x0, 0xe0, 0x70, 0x70, 0x7, 0xf0,
    0x0,

    /* U+01F5 "ǵ" */
    0x0, 0x10, 0x3, 0x80, 0x38, 0x3, 0x0, 0x20,
    0x0, 0x0, 0xf, 0x1, 0x8f, 0x18, 0x30, 0xc1,
    0x86, 0x1c, 0x30, 0xc1, 0x8c, 0x3, 0x80, 0x20,
    0x3, 0x0, 0x1f, 0x0, 0xfe, 0x8, 0x70, 0x81,
    0xcc, 0x4, 0x60, 0x21, 0x82, 0x7, 0xe0,

    /* U+01F6 "Ƕ" */
    0xf, 0xe3, 0xf0, 0x0, 0xe0, 0x38, 0x0, 0x70,
    0xc, 0x0, 0x1c, 0x3, 0x0, 0x7, 0x1, 0xc0,
    0x1, 0x80, 0x70, 0x10, 0xe0, 0x18, 0x38, 0x38,
    0x6, 0x16, 0xf, 0xff, 0x81, 0x83, 0x0, 0xe0,
    0xe1, 0xc0, 0x30, 0x30, 0x70, 0x1c, 0xc, 0x18,
    0x7, 0x3, 0xe, 0x1, 0xc1, 0xc3, 0x80, 0x70,
    0x60, 0xe0, 0x1c, 0x18, 0x38, 0x7, 0x1c, 0x3f,
    0x0, 0x7c, 0x0,

    /* U+01F7 "Ƿ" */
    0x3, 0x3e, 0x1f, 0xff, 0x7, 0x7, 0x7, 0x7,
    0x7, 0x7, 0x6, 0x6, 0xe, 0xe, 0xe, 0xc,
    0xe, 0x18, 0xc, 0x30, 0x1c, 0x20, 0x1c, 0x40,
    0x1d, 0x80, 0x1f, 0x0, 0x1c, 0x0, 0x38, 0x0,
    0x38, 0x0, 0xfe, 0x0,

    /* U+01F8 "Ǹ" */
    0x0, 0x0, 0x0, 0xe, 0x0, 0x0, 0x60, 0x0,
    0x3, 0x0, 0x0, 0x10, 0x0, 0x0, 0x80, 0x0,
    0x0, 0x0, 0xf0, 0x1f, 0x3, 0x80, 0x40, 0x38,
    0x4, 0x3, 0x80, 0xc0, 0x5c, 0x8, 0x4, 0xc0,
    0x80, 0x4e, 0x8, 0xc, 0x61, 0x0, 0x86, 0x10,
    0x8, 0x71, 0x0, 0x83, 0x30, 0x18, 0x3a, 0x1,
    0x1, 0xa0, 0x10, 0x1e, 0x3, 0x0, 0xc0, 0x30,
    0xc, 0x2, 0x0, 0xc0, 0xf8, 0x4, 0x0,

    /* U+01F9 "ǹ" */
    0x3, 0x0, 0x18, 0x0, 0x60, 0x1, 0x80, 0x4,
    0x0, 0x0, 0x73, 0x87, 0x3e, 0x1a, 0x30, 0xe3,
    0x8d, 0x18, 0x70, 0xc3, 0x6, 0x18, 0x61, 0x83,
    0xc, 0x1a, 0x60, 0xd6, 0x7, 0x0,

    /* U+01FA "Ǻ" */
    0x0, 0x0, 0x0, 0x0, 0x70, 0x0, 0x38, 0x0,
    0x18, 0x0, 0x8, 0x0, 0x7, 0x0, 0x2, 0x60,
    0x1, 0x8, 0x0, 0x42, 0x0, 0x11, 0x0, 0x3,
    0x80, 0x0, 0x40, 0x0, 0x30, 0x0, 0x1c, 0x0,
    0xf, 0x0, 0x2, 0xc0, 0x1, 0x38, 0x0, 0xce,
    0x0, 0x61, 0x80, 0x10, 0x60, 0xf, 0xfc, 0x6,
    0x7, 0x3, 0x1, 0xc1, 0x80, 0x30, 0xf0, 0x3e,
    0x0,

    /* U+01FB "ǻ" */
    0x0, 0x0, 0x0, 0x70, 0x3, 0x80, 0x18, 0x0,
    0x80, 0x0, 0x0, 0x0, 0x0, 0x38, 0x1, 0x10,
    0x8, 0x40, 0x32, 0x0, 0x70, 0x0, 0x0, 0xf,
    0x40, 0xc3, 0x6, 0xc, 0x18, 0x30, 0xc1, 0x87,
    0x6, 0x18, 0x18, 0x60, 0xe3, 0x87, 0xe, 0x2d,
    0x9d, 0xb4, 0x38, 0xe0,

    /* U+01FC "Ǽ" */
    0x0, 0x0, 0x0, 0x0, 0x0, 0x1c, 0x0, 0x0,
    0x1c, 0x0, 0x0, 0x18, 0x0, 0x0, 0x18, 0x0,
    0x0, 0x0, 0x0, 0x0, 0x3f, 0xfe, 0x0, 0xb,
    0x3, 0x0, 0xf, 0x80, 0x80, 0x5, 0xc0, 0x40,
    0x4, 0xc0, 0x0, 0x6, 0x60, 0x80, 0x6, 0x70,
    0x80, 0x6, 0x38, 0x40, 0x2, 0x1f, 0xe0, 0x3,
    0xc, 0x30, 0x3, 0xe, 0x10, 0x3, 0xff, 0x8,
    0x1, 0x3, 0x0, 0x1, 0x3, 0x80, 0x1, 0x81,
    0xc0, 0x21, 0x80, 0xe0, 0x31, 0x80, 0xe0, 0x31,
    0xf0, 0xff, 0xf8,

    /* U+01FD "ǽ" */
    0x0, 0x3, 0x0, 0x3, 0x80, 0x3, 0x80, 0x3,
    0x0, 0x3, 0x0, 0x0, 0x0, 0xe, 0xde, 0x8,
    0xf3, 0x8, 0x71, 0x8c, 0x30, 0xcc, 0x18, 0x8e,
    0x1d, 0x86, 0xd, 0x3, 0xe, 0x3, 0x8b, 0x1,
    0xc5, 0x82, 0x6c, 0xe6, 0x3c, 0x3c, 0x0,

    /* U+01FE "Ǿ" */
    0x0, 0x3, 0x0, 0x3, 0x80, 0x3, 0x0, 0x3,
    0x0, 0x2, 0x0, 0x0, 0x8, 0x0, 0xc, 0x1,
    0xfc, 0x3, 0x86, 0x3, 0x5, 0x83, 0x2, 0xe3,
    0x82, 0x73, 0x82, 0x3b, 0x81, 0x1d, 0xc1, 0xe,
    0xe1, 0x7, 0xe0, 0x87, 0xf0, 0x83, 0xb8, 0x81,
    0xdc, 0x41, 0xce, 0x40, 0xc3, 0x40, 0xe1, 0xa0,
    0xc0, 0x60, 0xc0, 0x2f, 0x80, 0x10, 0x0, 0x10,
    0x0, 0x10, 0x0, 0x0,

    /* U+01FF "ǿ" */
    0x0, 0x30, 0x7, 0x0, 0xc0, 0x18, 0x2, 0x0,
    0x0, 0x0, 0x40, 0x4, 0x0, 0x80, 0x7c, 0x19,
    0x63, 0x16, 0x72, 0x76, 0x27, 0xe4, 0x6c, 0x46,
    0xc8, 0xcc, 0x8c, 0xd1, 0x8d, 0x30, 0x7c, 0x2,
    0x0, 0x40, 0x4, 0x0, 0x40, 0x0,

    /* U+0200 "Ȁ" */
    0x1, 0x98, 0x0, 0xce, 0x0, 0x33, 0x0, 0x8,
    0x80, 0x2, 0x40, 0x0, 0x80, 0x0, 0xc0, 0x0,
    0x60, 0x0, 0x78, 0x0, 0x3c, 0x0, 0x2e, 0x0,
    0x13, 0x0, 0x11, 0x80, 0x18, 0xc0, 0x8, 0x70,
    0x8, 0x38, 0x7, 0xfc, 0x4, 0x6, 0x6, 0x3,
    0x2, 0x1, 0x83, 0x0, 0xe1, 0x0, 0x73, 0xe0,
    0xfc,

    /* U+0201 "ȁ" */
    0xc, 0x60, 0x73, 0x1, 0xcc, 0x6, 0x60, 0x9,
    0x0, 0x0, 0xf, 0x41, 0x86, 0x18, 0x30, 0xc1,
    0x8c, 0x18, 0xe0, 0xc6, 0x6, 0x30, 0x73, 0x87,
    0x1c, 0x5b, 0x76, 0xd1, 0xc7, 0x0,

    /* U+0202 "Ȃ" */
    0x0, 0x3c, 0x0, 0x3f, 0x0, 0x20, 0x80, 0x20,
    0x40, 0x0, 0x0, 0x0, 0x80, 0x0, 0xc0, 0x0,
    0x60, 0x0, 0x78, 0x0, 0x3c, 0x0, 0x2e, 0x0,
    0x13, 0x0, 0x11, 0x80, 0x18, 0xc0, 0x8, 0x70,
    0x8, 0x38, 0x7, 0xfc, 0x4, 0x6, 0x6, 0x3,
    0x2, 0x1, 0x83, 0x0, 0xe1, 0x0, 0x73, 0xe0,
    0xfc,

    /* U+0203 "ȃ" */
    0x1, 0xe0, 0x1f, 0x81, 0x84, 0x8, 0x20, 0x81,
    0x0, 0x0, 0xf, 0x41, 0x86, 0x18, 0x30, 0xc1,
    0x8c, 0x18, 0xe0, 0xc6, 0x6, 0x30, 0x73, 0x87,
    0x1c, 0x5b, 0x76, 0xd1, 0xc7, 0x0,

    /* U+0204 "Ȅ" */
    0x1, 0x98, 0x0, 0xce, 0x0, 0x33, 0x0, 0xc,
    0x80, 0x2, 0x60, 0x7f, 0xfc, 0xe, 0x6, 0x6,
    0x1, 0x7, 0x1, 0x3, 0x80, 0x1, 0xc0, 0x0,
    0xc1, 0x0, 0xe1, 0x80, 0x7f, 0x80, 0x30, 0x40,
    0x18, 0x20, 0x1c, 0x0, 0xe, 0x0, 0x6, 0x0,
    0x7, 0x0, 0x43, 0x80, 0x61, 0xc0, 0xe3, 0xff,
    0xf0,

    /* U+0205 "ȅ" */
    0x19, 0x83, 0x38, 0x33, 0x3, 0x20, 0x26, 0x0,
    0x1, 0xe0, 0x46, 0x30, 0xc6, 0x11, 0x86, 0x73,
    0xf, 0x81, 0x80, 0x30, 0x6, 0x8, 0xe2, 0xf,
    0x80,

    /* U+0206 "Ȇ" */
    0x0, 0x1e, 0x0, 0x3f, 0x0, 0x30, 0x80, 0x10,
    0x40, 0x0, 0x0, 0x7f, 0xfc, 0xe, 0x6, 0x6,
    0x1, 0x7, 0x1, 0x3, 0x80, 0x1, 0xc0, 0x0,
    0xc1, 0x0, 0xe1, 0x80, 0x7f, 0x80, 0x30, 0x40,
    0x18, 0x20, 0x1c, 0x0, 0xe, 0x0, 0x6, 0x0,
    0x7, 0x0, 0x43, 0x80, 0x61, 0xc0, 0xe3, 0xff,
    0xf0,

    /* U+0207 "ȇ" */
    0x1, 0xc0, 0xfc, 0x30, 0x84, 0x10, 0x82, 0x0,
    0x1, 0xe0, 0x46, 0x30, 0xc6, 0x11, 0x86, 0x73,
    0xf, 0x81, 0x80, 0x30, 0x6, 0x8, 0xe2, 0xf,
    0x80,

    /* U+0208 "Ȉ" */
    0x19, 0x83, 0x38, 0x33, 0x3, 0x20, 0x22, 0x1f,
    0x80, 0xe0, 0x18, 0x7, 0x0, 0xe0, 0x1c, 0x3,
    0x0, 0xe0, 0x1c, 0x3, 0x0, 0x60, 0x1c, 0x3,
    0x80, 0x60, 0x1c, 0x3, 0x80, 0x70, 0x3f, 0x0,

    /* U+0209 "ȉ" */
    0xc6, 0xe6, 0x73, 0x33, 0x9, 0x0, 0x1c, 0x3c,
    0x18, 0x18, 0x18, 0x38, 0x30, 0x30, 0x30, 0x74,
    0x68, 0x30,

    /* U+020A "Ȋ" */
    0x1, 0xc0, 0xfc, 0x30, 0x84, 0x10, 0x0, 0x1f,
    0x80, 0xe0, 0x18, 0x7, 0x0, 0xe0, 0x1c, 0x3,
    0x0, 0xe0, 0x1c, 0x3, 0x0, 0x60, 0x1c, 0x3,
    0x80, 0x60, 0x1c, 0x3, 0x80, 0x70, 0x3f, 0x0,

    /* U+020B "ȋ" */
    0xe, 0x3f, 0x61, 0x41, 0x0, 0x0, 0x78, 0x38,
    0x30, 0x30, 0x30, 0x70, 0x60, 0x60, 0x60, 0xe8,
    0xd0, 0x60,

    /* U+020C "Ȍ" */
    0x1, 0x0, 0x1, 0xcc, 0x0, 0x66, 0x0, 0x19,
    0x80, 0x4, 0x40, 0x0, 0x0, 0x3, 0xf0, 0x7,
    0xc, 0x6, 0x3, 0x6, 0x1, 0xc6, 0x0, 0xe7,
    0x0, 0x77, 0x0, 0x3b, 0x80, 0x1d, 0xc0, 0xf,
    0xc0, 0x7, 0xe0, 0x7, 0x70, 0x3, 0xb8, 0x3,
    0x9c, 0x1, 0x8e, 0x1, 0xc3, 0x1, 0xc0, 0xc1,
    0x80, 0x3f, 0x0,

    /* U+020D "ȍ" */
    0x18, 0xc1, 0xcc, 0xc, 0xc0, 0x66, 0x3, 0x20,
    0x0, 0x7, 0xc1, 0x86, 0x30, 0x67, 0x7, 0x60,
    0x7e, 0x6, 0xc0, 0x6c, 0xc, 0xc0, 0xcc, 0x18,
    0xc3, 0x7, 0xc0,

    /* U+020E "Ȏ" */
    0x0, 0x8, 0x0, 0x3f, 0x0, 0x11, 0x80, 0x10,
    0x40, 0x10, 0x20, 0x0, 0x0, 0x3, 0xf0, 0x7,
    0xc, 0x6, 0x3, 0x6, 0x1, 0xc6, 0x0, 0xe7,
    0x0, 0x77, 0x0, 0x3b, 0x80, 0x1d, 0xc0, 0xf,
    0xc0, 0x7, 0xe0, 0x7, 0x70, 0x3, 0xb8, 0x3,
    0x9c, 0x1, 0x8e, 0x1, 0xc3, 0x1, 0xc0, 0xc1,
    0x80, 0x3f, 0x0,

    /* U+020F "ȏ" */
    0x1, 0xe0, 0x3e, 0x4, 0x30, 0x81, 0x8, 0x10,
    0x0, 0x7, 0xc1, 0x86, 0x30, 0x67, 0x7, 0x60,
    0x7e, 0x6, 0xc0, 0x6c, 0xc, 0xc0, 0xcc, 0x18,
    0xc3, 0x7, 0xc0,

    /* U+0210 "Ȑ" */
    0x3, 0x10, 0x3, 0xb8, 0x1, 0x98, 0x0, 0xc8,
    0x0, 0x44, 0xf, 0xfc, 0x3, 0x8e, 0x3, 0x7,
    0x7, 0x7, 0x7, 0x7, 0x7, 0x7, 0x6, 0x6,
    0xe, 0x1c, 0xf, 0xf0, 0xc, 0x60, 0xc, 0x70,
    0x1c, 0x70, 0x1c, 0x30, 0x18, 0x38, 0x38, 0x38,
    0x38, 0x18, 0x38, 0x1c, 0xfc, 0x1f,

    /* U+0211 "ȑ" */
    0x33, 0x19, 0x8e, 0x61, 0x10, 0x48, 0x0, 0xc6,
    0xe7, 0x35, 0x9c, 0xc, 0xe, 0x6, 0x3, 0x3,
    0x81, 0x80, 0xc0, 0x60, 0x0,

    /* U+0212 "Ȓ" */
    0x0, 0x3c, 0x0, 0xfe, 0x0, 0x86, 0x1, 0x2,
    0x0, 0x0, 0xf, 0xfc, 0x3, 0x8e, 0x3, 0x7,
    0x7, 0x7, 0x7, 0x7, 0x7, 0x7, 0x6, 0x6,
    0xe, 0x1c, 0xf, 0xf0, 0xc, 0x60, 0xc, 0x70,
    0x1c, 0x70, 0x1c, 0x30, 0x18, 0x38, 0x38, 0x38,
    0x38, 0x18, 0x38, 0x1c, 0xfc, 0x1f,

    /* U+0213 "ȓ" */
    0x7, 0x83, 0xf1, 0x84, 0x41, 0x20, 0x40, 0x3,
    0x19, 0xce, 0x35, 0x8e, 0x3, 0x1, 0xc0, 0x60,
    0x18, 0xe, 0x3, 0x0, 0xc0, 0x30, 0x0,

    /* U+0214 "Ȕ" */
    0x0, 0x0, 0x0, 0xcc, 0x0, 0x39, 0x80, 0x6,
    0x60, 0x0, 0xc8, 0x0, 0x0, 0x7, 0xf0, 0x7c,
    0x70, 0xc, 0x18, 0x3, 0xe, 0x0, 0x83, 0x80,
    0x20, 0xc0, 0x8, 0x30, 0x6, 0x1c, 0x1, 0x7,
    0x0, 0x41, 0x80, 0x30, 0x60, 0x8, 0x38, 0x2,
    0xe, 0x0, 0x83, 0x80, 0x40, 0xe0, 0x10, 0x18,
    0x8, 0x7, 0xc, 0x0, 0x7e, 0x0,

    /* U+0215 "ȕ" */
    0x18, 0xc1, 0xcc, 0xe, 0x40, 0x66, 0x0, 0x0,
    0x0, 0xf0, 0x63, 0x6, 0x30, 0xe6, 0xc, 0x61,
    0xc6, 0x1c, 0x63, 0xcc, 0x58, 0xc5, 0x8c, 0x9a,
    0xd3, 0xce, 0x18,

    /* U+0216 "Ȗ" */
    0x0, 0x30, 0x0, 0x3e, 0x0, 0x18, 0xc0, 0x8,
    0x10, 0x2, 0x4, 0x0, 0x0, 0x7, 0xf0, 0x7c,
    0x70, 0xc, 0x18, 0x3, 0xe, 0x0, 0x83, 0x80,
    0x20, 0xc0, 0x8, 0x30, 0x6, 0x1c, 0x1, 0x7,
    0x0, 0x41, 0x80, 0x30, 0x60, 0x8, 0x38, 0x2,
    0xe, 0x0, 0x83, 0x80, 0x40, 0xe0, 0x10, 0x18,
    0x8, 0x7, 0xc, 0x0, 0x7e, 0x0,

    /* U+0217 "ȗ" */
    0x3, 0xc0, 0x7e, 0x8, 0x20, 0x82, 0x10, 0x20,
    0x0, 0xf0, 0x63, 0x6, 0x30, 0xe7, 0xc, 0x61,
    0xc6, 0x1c, 0x63, 0xce, 0x58, 0xc5, 0x8c, 0x9a,
    0xd3, 0xce, 0x18,

    /* U+0218 "Ș" */
    0x3, 0xf8, 0x61, 0xc7, 0x6, 0x30, 0x31, 0xc1,
    0xe, 0x0, 0x38, 0x1, 0xe0, 0x7, 0x80, 0x1e,
    0x0, 0x78, 0x1, 0xc0, 0x6, 0x40, 0x31, 0x1,
    0x98, 0x18, 0xe1, 0xc7, 0xf8, 0x0, 0x0, 0x0,
    0x0, 0xc0, 0x7, 0x0, 0x10, 0x0, 0x80, 0x8,
    0x0, 0x80, 0x0,

    /* U+0219 "ș" */
    0xf, 0x8c, 0x46, 0x23, 0x1, 0xc0, 0x60, 0x38,
    0xe, 0x3, 0x41, 0xb1, 0x9f, 0x80, 0x0, 0x0,
    0xe0, 0x70, 0x18, 0x8, 0x8, 0x8, 0x0,

    /* U+021A "Ț" */
    0x7f, 0xff, 0x87, 0xe, 0xe, 0x14, 0x18, 0x20,
    0x70, 0x0, 0xe0, 0x1, 0xc0, 0x3, 0x0, 0xe,
    0x0, 0x1c, 0x0, 0x38, 0x0, 0x60, 0x1, 0xc0,
    0x3, 0x80, 0x6, 0x0, 0xc, 0x0, 0x38, 0x1,
    0xfc, 0x0, 0x0, 0x0, 0x0, 0x6, 0x0, 0xe,
    0x0, 0x1c, 0x0, 0x10, 0x0, 0x40, 0x1, 0x0,
    0x0,

    /* U+021B "ț" */
    0x2, 0x3, 0x3, 0x87, 0xf0, 0xc0, 0x60, 0x30,
    0x30, 0x18, 0xc, 0x6, 0x6, 0x3, 0x41, 0xa0,
    0xe0, 0x0, 0x0, 0x38, 0x1c, 0x6, 0x2, 0x2,
    0x2, 0x0,

    /* U+021C "Ȝ" */
    0x27, 0x87, 0xbc, 0xc3, 0x90, 0x70, 0xe, 0x1,
    0x80, 0x70, 0xc, 0x3, 0x0, 0xf0, 0x67, 0x10,
    0xe0, 0x1c, 0x3, 0x0, 0xe0, 0x38, 0xc, 0x6,
    0x3, 0x0, 0x0,

    /* U+021D "ȝ" */
    0x27, 0x87, 0x38, 0x83, 0x80, 0x70, 0xc, 0x3,
    0x0, 0x60, 0x3c, 0xd, 0xc6, 0x18, 0x3, 0x0,
    0x60, 0x1c, 0x3, 0x0, 0xc0, 0x60, 0x70, 0x10,
    0x0,

    /* U+021E "Ȟ" */
    0x0, 0x20, 0x80, 0x1, 0x88, 0x0, 0x7, 0x80,
    0x0, 0x38, 0x0, 0x0, 0xc0, 0x0, 0x0, 0x0,
    0x3f, 0x87, 0xe0, 0x70, 0x1c, 0x3, 0x0, 0xe0,
    0x38, 0x6, 0x1, 0xc0, 0x30, 0xe, 0x3, 0x80,
    0x60, 0x1c, 0x7, 0x0, 0xc0, 0x3f, 0xfe, 0x1,
    0xc0, 0x70, 0xc, 0x3, 0x80, 0xe0, 0x18, 0x7,
    0x1, 0xc0, 0x30, 0xe, 0x3, 0x80, 0x60, 0x1c,
    0x3, 0x0, 0xe0, 0x38, 0x1f, 0x87, 0xf0,

    /* U+021F "ȟ" */
    0x1, 0x4, 0x3, 0x10, 0x3, 0xc0, 0x7, 0x0,
    0x4, 0x0, 0x80, 0xf, 0x0, 0x6, 0x0, 0xc,
    0x0, 0x30, 0x0, 0x60, 0x0, 0xc0, 0x3, 0xe,
    0x6, 0x6c, 0xd, 0x18, 0x1c, 0x30, 0x68, 0xe0,
    0xe1, 0x81, 0x83, 0x3, 0x6, 0xe, 0x18, 0x18,
    0x32, 0x30, 0x68, 0x60, 0xe0,

    /* U+0220 "Ƞ" */
    0xf, 0x8f, 0x80, 0xcf, 0xf0, 0x34, 0x1c, 0x1e,
    0x7, 0x7, 0x1, 0xc1, 0x80, 0x70, 0xe0, 0x1c,
    0x38, 0x6, 0xe, 0x3, 0x83, 0x0, 0xe1, 0xc0,
    0x38, 0x70, 0xc, 0x18, 0x7, 0x6, 0x1, 0xc3,
    0x80, 0x60, 0xe0, 0x18, 0x38, 0xe, 0x3f, 0x3,
    0x80, 0x0, 0xc0, 0x0, 0x70, 0x0, 0x1c, 0x0,
    0x7, 0x0, 0x1, 0x80, 0x1, 0xf8,

    /* U+0221 "ȡ" */
    0x0, 0x4, 0x0, 0xe0, 0x1, 0x80, 0x6, 0x0,
    0x38, 0x0, 0xe0, 0x7b, 0x2, 0x1c, 0x10, 0x70,
    0xc1, 0xc6, 0x6, 0x18, 0x18, 0xe0, 0x63, 0x1,
    0x8c, 0xe, 0x30, 0x30, 0xe0, 0xc3, 0x83, 0x7,
    0xbc, 0xf, 0x7c, 0x7, 0x88, 0x66, 0x26, 0x18,
    0x80, 0x66, 0x0, 0xe0,

    /* U+0222 "Ȣ" */
    0x7, 0xe, 0x38, 0xc, 0xe0, 0x9, 0xc0, 0x33,
    0xc0, 0x43, 0xc3, 0x3, 0xd8, 0x3, 0xe0, 0xd,
    0xe0, 0x21, 0xe1, 0x81, 0xc3, 0x1, 0x8e, 0x3,
    0x18, 0x6, 0x38, 0x18, 0x70, 0x30, 0x70, 0xc0,
    0x7e, 0x0,

    /* U+0223 "ȣ" */
    0x0, 0x8, 0x8, 0x38, 0x20, 0x18, 0xc0, 0x31,
    0x80, 0x43, 0x1, 0x7, 0x4, 0x7, 0x10, 0x7,
    0xc0, 0xf, 0x80, 0x67, 0x3, 0x87, 0x6, 0x6,
    0x18, 0xc, 0x30, 0x18, 0x60, 0x20, 0xc0, 0x81,
    0xc2, 0x0, 0xf8, 0x0,

    /* U+0224 "Ȥ" */
    0x1f, 0xff, 0x8c, 0x3, 0x84, 0x3, 0x84, 0x3,
    0x80, 0x3, 0xc0, 0x1, 0xc0, 0x1, 0xc0, 0x1,
    0xc0, 0x1, 0xc0, 0x0, 0xe0, 0x0, 0xe0, 0x0,
    0xe0, 0x0, 0xe0, 0x0, 0xe0, 0x0, 0x70, 0x0,
    0x70, 0x0, 0x70, 0x0, 0x7f, 0xfe, 0x0, 0x3,
    0x80, 0x1, 0xc0, 0x0, 0xc0, 0x0, 0x40, 0x0,
    0x40, 0x0, 0x40,

    /* U+0225 "ȥ" */
    0x1f, 0xc7, 0xf8, 0x82, 0x0, 0x80, 0x20, 0x8,
    0x1, 0x0, 0x40, 0x10, 0x4, 0x1, 0x0, 0x3f,
    0xc0, 0x1c, 0x1, 0x80, 0x20, 0xc, 0x3, 0x0,
    0x80,

    /* U+0226 "Ȧ" */
    0x0, 0x0, 0x0, 0xc, 0x0, 0x6, 0x0, 0x0,
    0x0, 0x1, 0x0, 0x1, 0x80, 0x0, 0xc0, 0x0,
    0xf0, 0x0, 0x78, 0x0, 0x5c, 0x0, 0x26, 0x0,
    0x23, 0x0, 0x31, 0x80, 0x10, 0xe0, 0x10, 0x70,
    0xf, 0xf8, 0x8, 0xc, 0xc, 0x6, 0x4, 0x3,
    0x6, 0x1, 0xc2, 0x0, 0xe7, 0xc1, 0xf8,

    /* U+0227 "ȧ" */
    0x0, 0x80, 0xe, 0x0, 0x30, 0x0, 0x0, 0x0,
    0x1, 0xe8, 0x30, 0xc3, 0x6, 0x18, 0x31, 0x83,
    0x1c, 0x18, 0xc0, 0xc6, 0xe, 0x70, 0xe3, 0x8b,
    0x6e, 0xda, 0x38, 0xe0,

    /* U+0228 "Ȩ" */
    0xf, 0xff, 0x81, 0xc0, 0xc1, 0xc0, 0x40, 0xe0,
    0x20, 0x70, 0x0, 0x30, 0x40, 0x38, 0x20, 0x1c,
    0x20, 0xf, 0xf0, 0x6, 0x8, 0x7, 0x4, 0x3,
    0x80, 0x1, 0x80, 0x1, 0xc0, 0x0, 0xe0, 0x8,
    0x70, 0x8, 0x38, 0x1c, 0x7f, 0xfe, 0x1, 0x0,
    0x1, 0x0, 0x0, 0xf0, 0x0, 0x18, 0x0, 0xc,
    0x0, 0x7c, 0x0,

    /* U+0229 "ȩ" */
    0x3, 0xc0, 0x8c, 0x61, 0x8c, 0x23, 0xc, 0xe6,
    0x1f, 0x3, 0x0, 0x60, 0xc, 0x11, 0xc4, 0x1f,
    0x1, 0x0, 0x40, 0xf, 0x0, 0x60, 0xc, 0x1f,
    0x0,

    /* U+022A "Ȫ" */
    0x0, 0xff, 0x0, 0x0, 0x0, 0x0, 0x0, 0x18,
    0xc0, 0xc, 0x70, 0x0, 0x10, 0x0, 0x0, 0x1,
    0xf8, 0x3, 0x86, 0x3, 0x1, 0x83, 0x0, 0xe3,
    0x0, 0x73, 0x80, 0x3b, 0x80, 0x1d, 0xc0, 0xe,
    0xe0, 0x7, 0xe0, 0x3, 0xf0, 0x3, 0xb8, 0x1,
    0xdc, 0x1, 0xce, 0x0, 0xc7, 0x0, 0xe1, 0x80,
    0xe0, 0x60, 0xc0, 0x1f, 0x80, 0x0,

    /* U+022B "ȫ" */
    0x7, 0xf8, 0x0, 0x0, 0x0, 0x8, 0x0, 0xe3,
    0x6, 0x18, 0x0, 0x0, 0x0, 0x7, 0xc0, 0xc3,
    0xc, 0x18, 0xe0, 0xe6, 0x7, 0x70, 0x33, 0x1,
    0x98, 0x18, 0xc0, 0xc6, 0xc, 0x30, 0xc0, 0xf8,
    0x0,

    /* U+022C "Ȭ" */
    0x0, 0x7f, 0x80, 0x0, 0x0, 0x0, 0x0, 0xf,
    0x20, 0xb, 0xe0, 0x8, 0x0, 0x0, 0x0, 0x1,
    0xf8, 0x3, 0x86, 0x3, 0x1, 0x83, 0x0, 0xe3,
    0x0, 0x73, 0x80, 0x3b, 0x80, 0x1d, 0xc0, 0xe,
    0xe0, 0x7, 0xe0, 0x3, 0xf0, 0x3, 0xb8, 0x1,
    0xdc, 0x1, 0xce, 0x0, 0xc7, 0x0, 0xe1, 0x80,
    0xe0, 0x60, 0xc0, 0x1f, 0x80, 0x0,

    /* U+022D "ȭ" */
    0x7, 0xf8, 0x0, 0x0, 0x0, 0x0, 0x10, 0xff,
    0xc, 0xf0, 0x0, 0x0, 0x0, 0x7, 0xc0, 0xc3,
    0xc, 0x18, 0xe0, 0xe6, 0x7, 0x70, 0x33, 0x1,
    0x98, 0x18, 0xc0, 0xc6, 0xc, 0x30, 0xc0, 0xf8,
    0x0,

    /* U+022E "Ȯ" */
    0x0, 0x10, 0x0, 0x1c, 0x0, 0xc, 0x0, 0x0,
    0x0, 0x0, 0x0, 0x7, 0xe0, 0xe, 0x18, 0xc,
    0x6, 0xc, 0x3, 0x8c, 0x1, 0xce, 0x0, 0xee,
    0x0, 0x77, 0x0, 0x3b, 0x80, 0x1f, 0x80, 0xf,
    0xc0, 0xe, 0xe0, 0x7, 0x70, 0x7, 0x38, 0x3,
    0x1c, 0x3, 0x86, 0x3, 0x81, 0x83, 0x0, 0x7e,
    0x0,

    /* U+022F "ȯ" */
    0x0, 0x0, 0x18, 0x1, 0x80, 0x0, 0x0, 0x0,
    0x7c, 0x18, 0x63, 0x6, 0x70, 0x76, 0x7, 0xe0,
    0x6c, 0x6, 0xc0, 0xcc, 0xc, 0xc1, 0x8c, 0x30,
    0x7c, 0x0,

    /* U+0230 "Ȱ" */
    0x0, 0xff, 0x0, 0x0, 0x0, 0x4, 0x0, 0x7,
    0x0, 0x3, 0x0, 0x0, 0x0, 0x0, 0x0, 0x1,
    0xf8, 0x3, 0x86, 0x3, 0x1, 0x83, 0x0, 0xe3,
    0x0, 0x73, 0x80, 0x3b, 0x80, 0x1d, 0xc0, 0xe,
    0xe0, 0x7, 0xe0, 0x3, 0xf0, 0x3, 0xb8, 0x1,
    0xdc, 0x1, 0xce, 0x0, 0xc7, 0x0, 0xe1, 0x80,
    0xe0, 0x60, 0xc0, 0x1f, 0x80, 0x0,

    /* U+0231 "ȱ" */
    0x7, 0xf8, 0x0, 0x0, 0x0, 0x0, 0x0, 0x18,
    0x0, 0xc0, 0x0, 0x0, 0x0, 0x7, 0xc0, 0xc3,
    0xc, 0x18, 0xe0, 0xe6, 0x7, 0x70, 0x33, 0x1,
    0x98, 0x18, 0xc0, 0xc6, 0xc, 0x30, 0xc0, 0xf8,
    0x0,

    /* U+0232 "Ȳ" */
    0xf, 0xf0, 0x0, 0x0, 0x0, 0x0, 0x0, 0x7,
    0xe3, 0xe7, 0x1, 0x86, 0x6, 0xc, 0x8, 0x1c,
    0x20, 0x38, 0x80, 0x33, 0x0, 0x6c, 0x0, 0xf0,
    0x1, 0xc0, 0x3, 0x80, 0x7, 0x0, 0xc, 0x0,
    0x38, 0x0, 0x70, 0x0, 0xe0, 0x3, 0x80, 0x1f,
    0xe0, 0x0,

    /* U+0233 "ȳ" */
    0xf, 0xf0, 0x0, 0x0, 0x3, 0xc3, 0x1c, 0x30,
    0xc1, 0x6, 0x10, 0x61, 0x6, 0x20, 0x62, 0x3,
    0x40, 0x34, 0x3, 0x80, 0x38, 0x3, 0x0, 0x20,
    0x2, 0x0, 0x40, 0x8, 0xf, 0x0, 0x60, 0x0,

    /* U+0234 "ȴ" */
    0x3, 0x80, 0x60, 0x18, 0x6, 0x3, 0x0, 0xc0,
    0x30, 0xc, 0x6, 0x1, 0x80, 0x60, 0x18, 0xc,
    0x3, 0x0, 0xc0, 0x30, 0x18, 0x6, 0x1, 0xb0,
    0x73, 0x30, 0x4c, 0x15, 0x5, 0x42, 0x8f, 0x20,
    0x0, 0x0,

    /* U+0235 "ȵ" */
    0x1c, 0x61, 0xcf, 0x86, 0x8c, 0x38, 0xe3, 0x46,
    0x1c, 0x30, 0xc1, 0x86, 0x18, 0x70, 0xc3, 0x6,
    0x18, 0x70, 0xc3, 0xe0, 0x78, 0x8c, 0xc4, 0x86,
    0x20, 0x32, 0x1, 0xe0,

    /* U+0236 "ȶ" */
    0x0, 0x0, 0x20, 0xc, 0x3, 0x80, 0xfc, 0xc,
    0x1, 0x80, 0x30, 0x6, 0x1, 0xc0, 0x30, 0x6,
    0x0, 0xc0, 0x38, 0x6, 0x0, 0xcc, 0x1e, 0x43,
    0x8, 0x61, 0x18, 0x25, 0x89, 0xe, 0x20, 0x0,
    0x0,

    /* U+0237 "ȷ" */
    0x7, 0x80, 0x60, 0x18, 0x6, 0x3, 0x0, 0xc0,
    0x30, 0xc, 0x6, 0x1, 0x80, 0x60, 0x18, 0xc,
    0x3, 0xc, 0x83, 0x60, 0xf0, 0x0,

    /* U+0238 "ȸ" */
    0x0, 0x18, 0x0, 0x7, 0x80, 0x0, 0x18, 0x0,
    0x3, 0x80, 0x0, 0x38, 0x0, 0x3, 0x0, 0x3,
    0x31, 0x80, 0xcf, 0x7e, 0x30, 0x78, 0xe2, 0x7,
    0x6, 0x60, 0x60, 0x7e, 0x6, 0x7, 0xc0, 0x60,
    0x6c, 0xe, 0x6, 0xc0, 0xc0, 0xec, 0xc, 0xc,
    0xe1, 0xc1, 0x87, 0xac, 0x30, 0x3c, 0x7c, 0x0,

    /* U+0239 "ȹ" */
    0x1, 0x1, 0x80, 0xcf, 0x7e, 0x10, 0x78, 0xe3,
    0x7, 0x7, 0x60, 0x60, 0x7e, 0x6, 0x7, 0xc0,
    0x60, 0x6c, 0xe, 0x6, 0xc0, 0xe0, 0xec, 0xc,
    0xc, 0xe1, 0xc1, 0x8f, 0xee, 0x30, 0x79, 0xfe,
    0x0, 0x18, 0x0, 0x1, 0x80, 0x0, 0x18, 0x0,
    0x1, 0x80, 0x0, 0x38, 0x0, 0xf, 0xe0, 0x0,

    /* U+023A "Ⱥ" */
    0x0, 0x0, 0xc0, 0x0, 0x20, 0x1, 0x10, 0x0,
    0xc8, 0x0, 0x72, 0x0, 0x1d, 0x0, 0xb, 0x80,
    0x2, 0xe0, 0x1, 0x38, 0x0, 0xce, 0x0, 0x27,
    0x80, 0x11, 0x60, 0x4, 0x98, 0x3, 0xfe, 0x0,
    0xb1, 0xc0, 0x48, 0x70, 0x34, 0x1c, 0xb, 0x3,
    0x6, 0x80, 0xc3, 0xc0, 0xfc, 0x20, 0x0, 0x18,
    0x0, 0x0,

    /* U+023B "Ȼ" */
    0x0, 0x1, 0x80, 0x0, 0x40, 0x7, 0xfc, 0x7,
    0x1f, 0x7, 0x4, 0xc3, 0x82, 0x21, 0xc1, 0x88,
    0x70, 0x40, 0x38, 0x20, 0xe, 0x10, 0x7, 0x84,
    0x1, 0xc2, 0x0, 0x71, 0x0, 0x1c, 0x80, 0x7,
    0x20, 0x0, 0xd0, 0x0, 0x38, 0x2, 0x7, 0x1,
    0x1, 0xe1, 0x80, 0x9f, 0x80, 0x40, 0x0, 0x30,
    0x0, 0x0,

    /* U+023C "ȼ" */
    0x0, 0xc, 0x0, 0x20, 0x1f, 0x1, 0x8c, 0xc,
    0x70, 0x63, 0x1, 0x88, 0xc, 0x40, 0x32, 0x0,
    0xd0, 0x3, 0xc0, 0xe, 0x8, 0x38, 0xc0, 0xbc,
    0x4, 0x0, 0x30, 0x0,

    /* U+023D "Ƚ" */
    0xf, 0xe0, 0x7, 0x0, 0xc, 0x0, 0x38, 0x0,
    0x70, 0x0, 0xe0, 0x1, 0x80, 0x7, 0x0, 0x3f,
    0xe0, 0x1c, 0x0, 0x30, 0x0, 0xe0, 0x1, 0xc0,
    0x3, 0x0, 0x4e, 0x0, 0x9c, 0x3, 0x38, 0xd,
    0xff, 0xf8,

    /* U+023E "Ⱦ" */
    0x0, 0x0, 0x20, 0x0, 0x8, 0x3f, 0xff, 0xc,
    0x38, 0xe1, 0x7, 0x28, 0x20, 0xed, 0x0, 0x1b,
    0x0, 0x7, 0xc0, 0x0, 0xf0, 0x0, 0x1c, 0x0,
    0x7, 0x0, 0x0, 0xe0, 0x0, 0x1c, 0x0, 0x7,
    0x0, 0x1, 0xe0, 0x0, 0x3c, 0x0, 0xb, 0x80,
    0x2, 0x60, 0x0, 0x9c, 0x0, 0x3f, 0xe0, 0xc,
    0x0, 0x0,

    /* U+023F "ȿ" */
    0xf, 0x8c, 0x46, 0x23, 0x1, 0xc0, 0x60, 0x38,
    0xe, 0x3, 0x41, 0xb1, 0x9f, 0x82, 0x1, 0x0,
    0x88, 0x4c, 0x26, 0xe, 0x0,

    /* U+0240 "ɀ" */
    0x1f, 0xf8, 0x83, 0x84, 0x38, 0x3, 0x80, 0x18,
    0x1, 0x80, 0x18, 0x1, 0xc0, 0x1c, 0x1, 0xc0,
    0x1c, 0x1, 0xe0, 0x0, 0x80, 0x2, 0x0, 0x10,
    0x0, 0x98, 0x2, 0xc0, 0x1c, 0x0,

    /* U+0241 "Ɂ" */
    0x3e, 0x30, 0xb8, 0x78, 0x10, 0x8, 0xc, 0x6,
    0x3, 0x3, 0x3, 0x9f, 0x8f, 0x6, 0x3, 0x3,
    0x1, 0x80, 0xc0, 0x60, 0x0,

    /* U+0242 "ɂ" */
    0x1e, 0x18, 0x6e, 0xb, 0x3, 0x0, 0xc0, 0x70,
    0x18, 0xe, 0x3f, 0xf, 0x7, 0x1, 0xc0, 0x60,
    0x0,

    /* U+0243 "Ƀ" */
    0xf, 0xf8, 0x3, 0x8e, 0x7, 0x7, 0x7, 0x7,
    0x7, 0x7, 0x6, 0x7, 0xe, 0xe, 0xe, 0x1c,
    0xf, 0xe0, 0xc, 0x38, 0x1c, 0x1c, 0x7f, 0xcc,
    0x1c, 0xe, 0x18, 0xc, 0x38, 0x1c, 0x38, 0x1c,
    0x38, 0x78, 0xff, 0xe0,

    /* U+0244 "Ʉ" */
    0x1f, 0x81, 0xe0, 0x60, 0xc, 0xe, 0x0, 0x80,
    0xe0, 0x8, 0xc, 0x1, 0x81, 0xc0, 0x10, 0x1c,
    0x1, 0x7, 0xff, 0xfc, 0x18, 0x2, 0x3, 0x80,
    0x20, 0x38, 0x2, 0x3, 0x0, 0x60, 0x30, 0x4,
    0x3, 0x0, 0x40, 0x30, 0xc, 0x3, 0x81, 0x80,
    0x1c, 0x30, 0x0, 0x7c, 0x0,

    /* U+0245 "Ʌ" */
    0x0, 0x2, 0x0, 0x2, 0x0, 0x6, 0x0, 0xe,
    0x0, 0x16, 0x0, 0x36, 0x0, 0x26, 0x0, 0x46,
    0x0, 0x86, 0x1, 0xe, 0x3, 0xe, 0x6, 0xe,
    0x4, 0xe, 0x8, 0xe, 0x10, 0xe, 0x30, 0xe,
    0x60, 0xe, 0xf0, 0x3f,

    /* U+0246 "Ɇ" */
    0x0, 0x1, 0x0, 0x1, 0x3, 0xff, 0xe0, 0x70,
    0xb0, 0x70, 0xd0, 0x38, 0x48, 0x1c, 0x40, 0xc,
    0x70, 0xe, 0x28, 0x7, 0x28, 0x3, 0xfc, 0x1,
    0x92, 0x1, 0xd9, 0x0, 0xe8, 0x0, 0x68, 0x0,
    0x7c, 0x0, 0x3c, 0x2, 0x1c, 0x2, 0xe, 0x7,
    0x1f, 0xff, 0x83, 0x0, 0x1, 0x0, 0x1, 0x80,
    0x0,

    /* U+0247 "ɇ" */
    0x0, 0x20, 0xc, 0x1, 0x1, 0xe0, 0xde, 0x32,
    0xce, 0xb1, 0xbc, 0x77, 0xf, 0x1, 0xa0, 0x38,
    0x7, 0x8, 0xe2, 0x1f, 0x86, 0x0, 0x80, 0x0,

    /* U+0248 "Ɉ" */
    0x1, 0xf8, 0x7, 0x0, 0x38, 0x1, 0xc0, 0xc,
    0x0, 0xe0, 0x7, 0x1, 0xfe, 0x3, 0x80, 0x1c,
    0x0, 0xe0, 0x6, 0x0, 0x70, 0x3, 0x83, 0x18,
    0x18, 0xc0, 0xcc, 0x3, 0xc0, 0x0,

    /* U+0249 "ɉ" */
    0x0, 0xc0, 0xe, 0x0, 0xc0, 0x0, 0x0, 0x0,
    0x0, 0x0, 0x0, 0x7c, 0x1, 0x80, 0x18, 0x1,
    0x81, 0xfe, 0x3, 0x0, 0x30, 0x3, 0x0, 0x30,
    0x6, 0x0, 0x60, 0x6, 0x0, 0x60, 0xc, 0xc,
    0xc0, 0xd8, 0x7, 0x0,

    /* U+024A "Ɋ" */
    0x0, 0xfc, 0x80, 0x70, 0xf0, 0x18, 0xe, 0xe,
    0x1, 0xc1, 0x80, 0x38, 0x60, 0x6, 0x1c, 0x1,
    0xc3, 0x80, 0x38, 0xe0, 0x7, 0x1c, 0x0, 0xe3,
    0x80, 0x38, 0x70, 0x7, 0xe, 0x0, 0xe1, 0xe0,
    0x1c, 0x3c, 0x7, 0x83, 0xe3, 0xe0, 0x7f, 0xdc,
    0x7, 0xc3, 0x80, 0x0, 0x70, 0x0, 0xc, 0x0,
    0x1, 0x84, 0x0, 0x39, 0xc0, 0x7, 0x10, 0x0,
    0x3c,

    /* U+024B "ɋ" */
    0x7, 0x80, 0x61, 0xc3, 0x7, 0x8, 0x1c, 0x60,
    0x63, 0x81, 0x8c, 0x6, 0x30, 0x38, 0xc0, 0xe3,
    0x3, 0xe, 0x1c, 0x3f, 0xb0, 0x79, 0xc0, 0x7,
    0x0, 0x18, 0x0, 0x60, 0x1, 0x98, 0x6, 0x60,
    0xf, 0x0,

    /* U+024C "Ɍ" */
    0xf, 0xfc, 0x3, 0x8e, 0x7, 0x7, 0x7, 0x7,
    0x7, 0x7, 0x6, 0x7, 0xe, 0xe, 0xe, 0x1c,
    0x3f, 0xfe, 0xc, 0xe0, 0x1c, 0x60, 0x1c, 0x70,
    0x18, 0x70, 0x18, 0x30, 0x38, 0x38, 0x38, 0x18,
    0x38, 0x1c, 0xfc, 0x1e,

    /* U+024D "ɍ" */
    0x38, 0xc6, 0x71, 0xac, 0x50, 0x38, 0x1f, 0xe3,
    0x1, 0xc0, 0x60, 0x18, 0x6, 0x3, 0x0,

    /* U+024E "Ɏ" */
    0x7e, 0x1f, 0x1c, 0xc, 0x1c, 0xc, 0x1c, 0x18,
    0xc, 0x10, 0xff, 0xfe, 0xe, 0x60, 0xe, 0xc0,
    0x7, 0x80, 0x7, 0x0, 0x7, 0x0, 0x6, 0x0,
    0xe, 0x0, 0xe, 0x0, 0xc, 0x0, 0xc, 0x0,
    0x1c, 0x0, 0x7f, 0x0,

    /* U+024F "ɏ" */
    0x38, 0x30, 0xe1, 0x83, 0x4, 0x18, 0x20, 0x61,
    0x1f, 0xfc, 0x18, 0x80, 0xc8, 0x3, 0x40, 0x1c,
    0x0, 0xe0, 0x6, 0x0, 0x20, 0x1, 0x0, 0x10,
    0x1, 0x0, 0xf0, 0x7, 0x0, 0x0,

    /* U+0250 "ɐ" */
    0x31, 0xe7, 0x37, 0xb4, 0x33, 0x83, 0x30, 0x73,
    0x6, 0x60, 0x66, 0xe, 0x60, 0xce, 0x18, 0xe3,
    0xd, 0xc0,

    /* U+0251 "ɑ" */
    0x7, 0x9c, 0x62, 0x63, 0x5, 0x98, 0x1c, 0x60,
    0x73, 0x81, 0x8c, 0x6, 0x30, 0x30, 0xc0, 0xc3,
    0x5, 0x24, 0x27, 0x8f, 0xc,

    /* U+0252 "ɒ" */
    0x30, 0xf1, 0xcc, 0x65, 0xe1, 0xe3, 0x3, 0x8,
    0x1c, 0x60, 0x73, 0x81, 0x8e, 0x6, 0x68, 0x31,
    0xa0, 0xce, 0x86, 0x31, 0xe0,

    /* U+0253 "ɓ" */
    0x3, 0xc0, 0x4c, 0xc, 0x40, 0x80, 0x18, 0x1,
    0x80, 0x31, 0xc3, 0x6e, 0x38, 0x73, 0x7, 0x70,
    0x76, 0x6, 0x60, 0x6e, 0xc, 0xc0, 0xcc, 0x18,
    0xc2, 0x7, 0xc0,

    /* U+0254 "ɔ" */
    0xf, 0x82, 0x38, 0x83, 0x0, 0x70, 0xe, 0x1,
    0xc0, 0x30, 0x6, 0x1, 0x98, 0x63, 0x18, 0x3c,
    0x0,

    /* U+0255 "ɕ" */
    0x7, 0x86, 0x33, 0xd, 0x80, 0xe0, 0x30, 0xc,
    0x1b, 0xa, 0xc4, 0xb2, 0x2f, 0x31, 0xf0, 0x40,
    0x20, 0x0,

    /* U+0256 "ɖ" */
    0x0, 0x4, 0x0, 0xf0, 0x0, 0xc0, 0x7, 0x0,
    0x18, 0x0, 0x60, 0x1, 0x80, 0xfe, 0x4, 0x30,
    0x20, 0xc1, 0x83, 0xc, 0x18, 0x70, 0x61, 0x81,
    0x86, 0xe, 0x38, 0x30, 0x63, 0xc1, 0xdb, 0x3,
    0x9c, 0x0, 0x60, 0x1, 0x80, 0x6, 0x0, 0x18,
    0x80, 0x27, 0x0, 0x78,

    /* U+0257 "ɗ" */
    0x0, 0x3, 0xc0, 0x1, 0x30, 0x0, 0xc4, 0x0,
    0x20, 0x0, 0x18, 0x0, 0x6, 0x0, 0x3f, 0x0,
    0x10, 0xc0, 0x18, 0x30, 0x6, 0x18, 0x3, 0x6,
    0x1, 0xc1, 0x80, 0x60, 0x60, 0x18, 0x30, 0xe,
    0x1c, 0x3, 0x8b, 0x40, 0x76, 0xf0, 0x1e, 0x30,
    0x0,

    /* U+0258 "ɘ" */
    0xf, 0x3, 0x10, 0x43, 0x18, 0x61, 0x8c, 0x19,
    0x80, 0xf0, 0x6, 0x1, 0xd0, 0x71, 0x1c, 0x1e,
    0x0,

    /* U+0259 "ə" */
    0xf, 0xc, 0xe4, 0x1c, 0x3, 0x1, 0xc0, 0xf1,
    0xd9, 0x8e, 0xc3, 0x31, 0x8c, 0xc3, 0xc0,

    /* U+025A "ɚ" */
    0x0, 0x0, 0x0, 0x0, 0x60, 0x0, 0x14, 0x3,
    0xc4, 0x81, 0xfd, 0x12, 0x63, 0xc4, 0xd0, 0x38,
    0x5c, 0x7, 0x6, 0x1, 0x60, 0x0, 0x4c, 0x0,
    0x13, 0x0, 0x4, 0x60, 0x3, 0x8, 0x0, 0x83,
    0x0, 0x30, 0xc0, 0x3, 0xe0, 0x0,

    /* U+025B "ɛ" */
    0xf, 0x86, 0xc, 0xc1, 0x98, 0x3, 0x10, 0x1e,
    0xc, 0x3, 0x0, 0xe0, 0x5c, 0x11, 0x84, 0x1f,
    0x0,

    /* U+025C "ɜ" */
    0x7, 0xe0, 0xc7, 0x18, 0x70, 0x6, 0x0, 0xc0,
    0xf0, 0x9, 0xc0, 0xc, 0x1, 0xc8, 0x18, 0xc3,
    0x87, 0xe0,

    /* U+025D "ɝ" */
    0x0, 0x0, 0x0, 0x0, 0xc0, 0x0, 0x60, 0x0,
    0x28, 0x7, 0xf2, 0x3, 0x1c, 0xb1, 0x87, 0x2c,
    0x1, 0xc6, 0x0, 0xc0, 0x3, 0xc0, 0x0, 0x9c,
    0x0, 0x3, 0x0, 0x1, 0xc0, 0x20, 0x60, 0xc,
    0x38, 0x1, 0xf8, 0x0,

    /* U+025E "ɞ" */
    0x7, 0xe0, 0x87, 0x30, 0x74, 0x7, 0x40, 0xc8,
    0xf0, 0x88, 0xc8, 0xc, 0x81, 0xc8, 0x1c, 0x43,
    0x83, 0xe0,

    /* U+025F "ɟ" */
    0x7, 0xc0, 0x60, 0x18, 0x6, 0x1, 0x80, 0xc0,
    0x30, 0xc, 0x3, 0x1, 0x83, 0xf8, 0x18, 0xc,
    0x3, 0xc, 0xc3, 0x60, 0x70, 0x0,

    /* U+0260 "ɠ" */
    0x0, 0x3, 0xc0, 0x1, 0x30, 0x0, 0xc4, 0x0,
    0x30, 0x0, 0x18, 0x0, 0x6, 0x0, 0x3f, 0x80,
    0x10, 0xc0, 0x18, 0x30, 0x6, 0xc, 0x3, 0x3,
    0x1, 0xc1, 0xc0, 0x60, 0x60, 0x18, 0x38, 0xe,
    0x16, 0x3, 0x89, 0x80, 0x7c, 0xc0, 0x1e, 0x30,
    0x0, 0xc, 0x0, 0x3, 0x0, 0x1, 0x80, 0x6,
    0x60, 0x1, 0x90, 0x0, 0x38, 0x0,

    /* U+0261 "ɡ" */
    0x1, 0xec, 0x8, 0x60, 0xc1, 0x83, 0x6, 0x18,
    0x18, 0xc0, 0xc3, 0x3, 0xc, 0x1c, 0x70, 0xe1,
    0xc5, 0x83, 0xe6, 0xf, 0x18, 0x0, 0xc0, 0x3,
    0x0, 0x8, 0x10, 0x60, 0xe3, 0x1, 0xf0, 0x0,

    /* U+0262 "ɢ" */
    0xf, 0xe1, 0x6, 0x20, 0x26, 0x2, 0xc0, 0xc,
    0x0, 0xc1, 0xfc, 0xc, 0xc0, 0xcc, 0xc, 0x61,
    0x83, 0xf0,

    /* U+0263 "ɣ" */
    0xf8, 0x3c, 0x60, 0x41, 0x82, 0x3, 0x8, 0xc,
    0x40, 0x32, 0x0, 0xd0, 0x1, 0xc0, 0x6, 0x0,
    0x38, 0x0, 0xe0, 0x4, 0x80, 0x32, 0x0, 0x88,
    0x6, 0x20, 0x18, 0x80, 0x66, 0x0, 0xf0, 0x0,

    /* U+0264 "ɤ" */
    0xf, 0xe0, 0xfe, 0x64, 0x7c, 0xa2, 0x71, 0x11,
    0xc0, 0x43, 0x1, 0x1c, 0x4, 0x60, 0x11, 0x80,
    0x44, 0x1, 0x20, 0x3, 0x0,

    /* U+0265 "ɥ" */
    0x38, 0x3d, 0x83, 0xb0, 0x63, 0x6, 0x30, 0x63,
    0xe, 0x60, 0xc6, 0x1c, 0x62, 0xce, 0x5c, 0xe9,
    0x87, 0x18, 0x1, 0x80, 0x30, 0x3, 0x0, 0x30,
    0x3, 0x0, 0x7c, 0x4, 0x0,

    /* U+0266 "ɦ" */
    0x7, 0x80, 0xcc, 0x18, 0x81, 0x80, 0x18, 0x3,
    0x0, 0x30, 0xe3, 0x3e, 0x34, 0x67, 0x86, 0x70,
    0xc7, 0xc, 0x60, 0xce, 0x1c, 0xe1, 0x8c, 0x19,
    0xc1, 0xac, 0x1c,

    /* U+0267 "ɧ" */
    0x3, 0x81, 0x98, 0x23, 0xc, 0x1, 0x80, 0x60,
    0xc, 0xf1, 0xa7, 0x38, 0x6e, 0xd, 0x83, 0xb0,
    0x66, 0xc, 0xc1, 0xb8, 0x36, 0xe, 0xc1, 0x98,
    0x30, 0x6, 0x1, 0xc0, 0x30, 0x46, 0x1d, 0x83,
    0xe0,

    /* U+0268 "ɨ" */
    0xc, 0x18, 0x30, 0x0, 0x0, 0x1e, 0x1c, 0x30,
    0x63, 0xf3, 0x86, 0xc, 0x18, 0x74, 0xf0, 0xc0,

    /* U+0269 "ɩ" */
    0x79, 0xcc, 0x63, 0x39, 0x8c, 0x66, 0x7c, 0xc0,

    /* U+026A "ɪ" */
    0xe, 0x18, 0x20, 0xc1, 0x83, 0x4, 0x18, 0x30,
    0x60, 0x83, 0x80,

    /* U+026B "ɫ" */
    0x1, 0x3, 0xc0, 0x30, 0x18, 0x6, 0x1, 0x80,
    0xc0, 0x31, 0x7f, 0xa3, 0xc1, 0x80, 0x60, 0x18,
    0x6, 0x3, 0x0, 0xc0, 0x36, 0xd, 0x3, 0x80,

    /* U+026C "ɬ" */
    0xe, 0x78, 0x30, 0x60, 0xc3, 0x86, 0x2c, 0xb9,
    0x71, 0xf9, 0x83, 0x6, 0xc, 0x30, 0x64, 0xd1,
    0xc0,

    /* U+026D "ɭ" */
    0x1, 0x1e, 0x6, 0x6, 0xe, 0xc, 0xc, 0xc,
    0x18, 0x18, 0x18, 0x18, 0x30, 0x30, 0x30, 0x30,
    0x60, 0x60, 0x60, 0x60, 0xc0, 0xc0, 0x40, 0x4e,
    0x3c,

    /* U+026E "ɮ" */
    0x3c, 0x0, 0xe0, 0x6, 0x0, 0x30, 0x1, 0x80,
    0x1c, 0x0, 0xff, 0xe7, 0xfe, 0x30, 0x23, 0x2,
    0x18, 0x20, 0xc2, 0x6, 0x10, 0x61, 0xe3, 0x7,
    0x9a, 0x1c, 0xd0, 0x67, 0x3, 0x0, 0x18, 0x0,
    0xc0, 0x4, 0x30, 0x41, 0xc4, 0xf, 0xc0,

    /* U+026F "ɯ" */
    0x38, 0x30, 0xd6, 0x18, 0x39, 0x86, 0xc, 0xc1,
    0x86, 0x30, 0xc1, 0x8c, 0x30, 0xe7, 0x1c, 0x39,
    0x8b, 0x1c, 0x63, 0x8b, 0x19, 0x64, 0xc7, 0x9a,
    0x71, 0xc7, 0x1e,

    /* U+0270 "ɰ" */
    0x38, 0x30, 0xcb, 0xc, 0x1a, 0x61, 0x83, 0x18,
    0x30, 0xe3, 0xe, 0x18, 0x61, 0x83, 0xc, 0x70,
    0xe3, 0xe, 0x38, 0x62, 0xcb, 0xc, 0xb2, 0x61,
    0xa7, 0xcc, 0x38, 0x63, 0x0, 0x0, 0x60, 0x0,
    0xc, 0x0, 0x3, 0x80, 0x0, 0x78, 0x0, 0x8,
    0x0,

    /* U+0271 "ɱ" */
    0x18, 0xe1, 0x9e, 0x59, 0xf1, 0xa6, 0x8c, 0xd1,
    0xc6, 0x38, 0x71, 0x8c, 0x38, 0x67, 0xc, 0x19,
    0xc3, 0xc, 0x60, 0xc3, 0x18, 0x60, 0xcc, 0x18,
    0x33, 0x6, 0x18, 0x0, 0x6, 0x0, 0x1, 0x80,
    0x0, 0x40, 0x2, 0x30, 0x0, 0xc8, 0x0, 0x3c,
    0x0,

    /* U+0272 "ɲ" */
    0x0, 0xc7, 0x1, 0xe5, 0xc0, 0x34, 0xc0, 0x34,
    0x60, 0x1c, 0x30, 0xe, 0x18, 0xe, 0x18, 0x6,
    0xc, 0x3, 0x6, 0x3, 0x87, 0x41, 0x83, 0x40,
    0xc0, 0xc0, 0x60, 0x0, 0x70, 0x0, 0x30, 0x1,
    0x98, 0x0, 0xd8, 0x0, 0x38, 0x0, 0x0,

    /* U+0273 "ɳ" */
    0x1c, 0x61, 0xcf, 0x86, 0x8c, 0x38, 0x63, 0x46,
    0x1c, 0x30, 0xc1, 0x86, 0x1c, 0x60, 0xc3, 0x6,
    0x18, 0x31, 0xc3, 0x0, 0x18, 0x0, 0xc0, 0x6,
    0x0, 0x31, 0x1, 0x98, 0x7, 0xc0,

    /* U+0274 "ɴ" */
    0x1e, 0x1f, 0xe, 0x4, 0xf, 0x8, 0xb, 0x8,
    0x13, 0x88, 0x11, 0x88, 0x11, 0xd0, 0x10, 0xf0,
    0x10, 0x70, 0x20, 0x70, 0x20, 0x30, 0x70, 0x20,

    /* U+0275 "ɵ" */
    0x7, 0xc1, 0x86, 0x30, 0x67, 0x7, 0x60, 0x7f,
    0xfe, 0xc0, 0x6c, 0xe, 0xc0, 0xcc, 0x18, 0xc3,
    0x7, 0xc0,

    /* U+0276 "ɶ" */
    0xf, 0xff, 0x8c, 0x70, 0x4c, 0x30, 0xc, 0x18,
    0xe, 0xc, 0x27, 0x7, 0xf3, 0x7, 0x11, 0x83,
    0x0, 0xc1, 0x80, 0x60, 0xc0, 0x98, 0xe0, 0x87,
    0xff, 0xc0,

    /* U+0277 "ɷ" */
    0x3, 0xf8, 0xe, 0x3, 0xc, 0x10, 0xce, 0x18,
    0x6e, 0x1c, 0x3f, 0xc, 0x1f, 0x6, 0xd, 0x83,
    0x6, 0xc1, 0x7, 0x61, 0xc3, 0x10, 0xa3, 0x7,
    0x8f, 0x0,

    /* U+0278 "ɸ" */
    0x0, 0xe0, 0x0, 0xc0, 0x1, 0x80, 0x7, 0x0,
    0xc, 0x0, 0x18, 0x0, 0x70, 0x7, 0xfc, 0x39,
    0x8c, 0xe3, 0xd, 0x86, 0x1e, 0x1c, 0x3c, 0x30,
    0xf8, 0x61, 0xb0, 0xc3, 0x63, 0xc, 0xc6, 0x30,
    0xcd, 0xc0, 0x7e, 0x0, 0x60, 0x0, 0xc0, 0x1,
    0x80, 0x3, 0x0, 0x1f, 0x0,

    /* U+0279 "ɹ" */
    0x0, 0xc0, 0x70, 0x18, 0x6, 0x3, 0x80, 0xc0,
    0x30, 0x1c, 0xb, 0x13, 0x8f, 0x63, 0x9c,

    /* U+027A "ɺ" */
    0x0, 0x60, 0x6, 0x0, 0x60, 0xe, 0x0, 0xc0,
    0xc, 0x0, 0xc0, 0x1c, 0x1, 0x80, 0x18, 0x3,
    0x80, 0x38, 0x3, 0x0, 0x70, 0xb, 0x4, 0xb0,
    0xf7, 0xe, 0x70,

    /* U+027B "ɻ" */
    0x0, 0xc0, 0x38, 0x6, 0x0, 0xc0, 0x38, 0x6,
    0x1, 0xc0, 0x38, 0xb, 0x9, 0xc3, 0xd8, 0x73,
    0x0, 0x60, 0xc, 0x1, 0x0, 0x21, 0x6, 0xe0,
    0x78,

    /* U+027C "ɼ" */
    0x1c, 0x61, 0xbc, 0x39, 0x85, 0x1, 0xc0, 0x38,
    0x6, 0x0, 0xc0, 0x38, 0x6, 0x0, 0xc0, 0x38,
    0x6, 0x0, 0xc0, 0x18, 0x7, 0x0, 0xc0, 0x18,
    0x0,

    /* U+027D "ɽ" */
    0x38, 0xc6, 0xf1, 0xcc, 0x50, 0x38, 0xe, 0x3,
    0x0, 0xc0, 0x60, 0x18, 0x6, 0x3, 0x80, 0xc0,
    0x30, 0xc, 0x3, 0x10, 0xdc, 0x1e, 0x0,

    /* U+027E "ɾ" */
    0x1, 0xe0, 0x67, 0x4, 0x20, 0xc0, 0xc, 0x1,
    0xc0, 0x18, 0x1, 0x80, 0x18, 0x3, 0x80, 0x38,
    0xf, 0xc0,

    /* U+027F "ɿ" */
    0x3c, 0xcd, 0x8, 0x30, 0x60, 0xc1, 0x87, 0xe,
    0x18, 0x30, 0xe1, 0xc3, 0x6, 0x1c, 0x39, 0xf8,

    /* U+0280 "ʀ" */
    0x1f, 0xc1, 0x8c, 0x71, 0x8c, 0x31, 0x8c, 0x3e,
    0xe, 0xc1, 0x98, 0x31, 0x86, 0x31, 0xc2, 0x78,
    0x60,

    /* U+0281 "ʁ" */
    0x1c, 0x38, 0xc3, 0x6, 0x30, 0x33, 0x1, 0x30,
    0x1e, 0x0, 0xcc, 0x4, 0x30, 0x21, 0x83, 0xc,
    0x18, 0xe1, 0xfc, 0x0,

    /* U+0282 "ʂ" */
    0xf, 0xc6, 0x21, 0x88, 0x60, 0x1c, 0x3, 0x80,
    0x60, 0x1c, 0x83, 0x30, 0xcc, 0x23, 0xf0, 0x80,
    0x20, 0x8, 0x2, 0x20, 0x98, 0x3c, 0x0,

    /* U+0283 "ʃ" */
    0x0, 0x1e, 0x0, 0x4c, 0x1, 0x98, 0x3, 0x0,
    0xc, 0x0, 0x18, 0x0, 0x30, 0x0, 0xc0, 0x1,
    0x80, 0x3, 0x0, 0x6, 0x0, 0x1c, 0x0, 0x30,
    0x0, 0x60, 0x0, 0xc0, 0x1, 0x80, 0x6, 0x0,
    0xc, 0x0, 0x18, 0x0, 0x30, 0x0, 0xc0, 0x19,
    0x80, 0x32, 0x0, 0x78, 0x0,

    /* U+0284 "ʄ" */
    0x0, 0x7, 0x80, 0xc, 0xc0, 0xc, 0x60, 0x6,
    0x0, 0x6, 0x0, 0x3, 0x0, 0x1, 0x80, 0x0,
    0xc0, 0x0, 0xe0, 0x0, 0x60, 0x0, 0x30, 0x0,
    0x18, 0x0, 0x1c, 0x0, 0xc, 0x0, 0x6, 0x0,
    0x3, 0x0, 0x1, 0x80, 0x7, 0xf8, 0x0, 0xc0,
    0x0, 0x60, 0x0, 0x30, 0x2, 0x30, 0x3, 0x10,
    0x0, 0xf0, 0x0,

    /* U+0285 "ʅ" */
    0x78, 0x62, 0x31, 0x0, 0xc0, 0xe0, 0x60, 0x30,
    0x18, 0xc, 0xe, 0x6, 0x3, 0x1, 0x80, 0xc0,
    0xe0, 0x60, 0x10, 0x9, 0xc3, 0xc0,

    /* U+0286 "ʆ" */
    0x0, 0x7, 0x80, 0x6, 0x70, 0x1, 0x8, 0x0,
    0xc0, 0x0, 0x30, 0x0, 0x1c, 0x0, 0x6, 0x0,
    0x1, 0x80, 0x0, 0x60, 0x0, 0x38, 0x0, 0xc,
    0x0, 0x3, 0x0, 0x0, 0xc0, 0x0, 0x70, 0x0,
    0x1c, 0x0, 0x6, 0x0, 0x1, 0x80, 0x6, 0x60,
    0x6, 0x78, 0x2, 0xc, 0x0, 0x83, 0x0, 0x20,
    0xc0, 0x8, 0x50, 0x1, 0xe2, 0x0, 0x0, 0x80,
    0x0, 0x20, 0x0,

    /* U+0287 "ʇ" */
    0xe, 0x2c, 0x98, 0x30, 0xc1, 0x83, 0x6, 0x18,
    0x30, 0x67, 0xf3, 0x84, 0x8, 0x0,

    /* U+0288 "ʈ" */
    0x0, 0x4, 0xc, 0x3f, 0x18, 0x18, 0x18, 0x18,
    0x30, 0x30, 0x30, 0x30, 0x60, 0x60, 0x60, 0x60,
    0xc0, 0xc8, 0xd0, 0xe0, 0xc0,

    /* U+0289 "ʉ" */
    0x78, 0x63, 0x6, 0x30, 0xe3, 0xe, 0xff, 0xf6,
    0x1c, 0x62, 0xc6, 0x5c, 0xe5, 0x9c, 0x9a, 0xf1,
    0xae, 0x1c,

    /* U+028A "ʊ" */
    0x3c, 0xfb, 0x24, 0x53, 0x32, 0x60, 0xc6, 0x3,
    0x60, 0x1b, 0x0, 0xd8, 0x6, 0xc0, 0x76, 0x3,
    0x38, 0x30, 0x7e, 0x0,

    /* U+028B "ʋ" */
    0x70, 0x23, 0x3, 0x30, 0x33, 0x1, 0x60, 0x26,
    0x2, 0x60, 0x4c, 0x4, 0xc0, 0x8c, 0x10, 0xe2,
    0x7, 0xc0,

    /* U+028C "ʌ" */
    0x3, 0x0, 0xe0, 0x2c, 0xd, 0x81, 0x30, 0x46,
    0x10, 0xc2, 0x18, 0x83, 0x10, 0x63, 0x6, 0x60,
    0xe0,

    /* U+028D "ʍ" */
    0x1, 0x2, 0x0, 0xc1, 0x80, 0x70, 0x60, 0x2c,
    0x38, 0xb, 0x16, 0x4, 0x45, 0x82, 0x12, 0x61,
    0x7, 0x18, 0x41, 0xc6, 0x10, 0x61, 0x8e, 0x10,
    0x31, 0x84, 0xe,

    /* U+028E "ʎ" */
    0x0, 0x0, 0x3, 0xc0, 0x24, 0x2, 0x0, 0x20,
    0x1, 0x0, 0x10, 0x1, 0xc0, 0xe, 0x0, 0xb0,
    0x9, 0x80, 0x4c, 0x4, 0x30, 0x21, 0x81, 0xc,
    0x8, 0x30, 0xe1, 0x83, 0xf, 0x0,

    /* U+028F "ʏ" */
    0x78, 0x79, 0xc1, 0x6, 0x10, 0x31, 0x1, 0xd0,
    0x7, 0x0, 0x38, 0x1, 0x80, 0xc, 0x0, 0x60,
    0x7, 0x0, 0x7c, 0x0,

    /* U+0290 "ʐ" */
    0x3f, 0xc0, 0xfe, 0x2, 0x8, 0x0, 0x40, 0x2,
    0x0, 0x10, 0x0, 0x80, 0x2, 0x0, 0x10, 0x0,
    0x80, 0x7, 0x4, 0x1e, 0x10, 0x9c, 0xc0, 0xe,
    0x0, 0x8, 0x0, 0x20, 0x0, 0x9c, 0x1, 0xe0,

    /* U+0291 "ʑ" */
    0x3f, 0xc7, 0xf0, 0x84, 0x0, 0x80, 0x20, 0x8,
    0x2, 0x0, 0x83, 0x10, 0xa4, 0x25, 0x89, 0xfa,
    0x61, 0xf0, 0x10, 0x4, 0x0, 0x0,

    /* U+0292 "ʒ" */
    0x1f, 0xe3, 0xf8, 0x42, 0x0, 0x40, 0x10, 0x4,
    0x1, 0xc0, 0x3c, 0x1, 0xc0, 0x38, 0x3, 0x0,
    0x60, 0xc, 0x1, 0x80, 0x26, 0x8, 0xe2, 0x1f,
    0x80,

    /* U+0293 "ʓ" */
    0x7f, 0x9f, 0xc4, 0x20, 0x8, 0x4, 0x2, 0x1,
    0xe0, 0x7e, 0x1, 0x80, 0x73, 0x9d, 0x16, 0x83,
    0xa0, 0x68, 0x32, 0x1c, 0x79, 0x0, 0x40, 0x10,

    /* U+0294 "ʔ" */
    0x3e, 0x30, 0xb8, 0x78, 0x10, 0x8, 0xc, 0x6,
    0x3, 0x3, 0x3, 0x9f, 0x8f, 0x6, 0x3, 0x3,
    0x1, 0x80, 0xc0, 0x60, 0x0,

    /* U+0295 "ʕ" */
    0x7, 0xc1, 0xc, 0x41, 0x98, 0x36, 0x0, 0xc0,
    0x38, 0x7, 0x0, 0xe0, 0xe, 0x1, 0xf8, 0x1f,
    0x0, 0xc0, 0x18, 0x3, 0x0, 0x60, 0xc, 0x3,
    0x0,

    /* U+0296 "ʖ" */
    0x3, 0x80, 0x60, 0xc, 0x1, 0x80, 0x30, 0xe,
    0x1, 0xe0, 0x3f, 0x0, 0xe0, 0xc, 0x1, 0x80,
    0x30, 0x6, 0x0, 0xd8, 0x37, 0x4, 0x61, 0x7,
    0x80,

    /* U+0297 "ʗ" */
    0x1, 0xf0, 0x30, 0xc3, 0x6, 0x10, 0x31, 0x80,
    0xc, 0x0, 0xc0, 0x6, 0x0, 0x30, 0x1, 0x80,
    0x18, 0x0, 0xc0, 0x6, 0x0, 0x30, 0x3, 0x0,
    0x18, 0x0, 0xc0, 0x6, 0x0, 0x30, 0x11, 0x81,
    0xe, 0x10, 0x7f, 0x0, 0xf0, 0x0,

    /* U+0298 "ʘ" */
    0x0, 0xfc, 0x1, 0xc3, 0x1, 0x80, 0xc1, 0x80,
    0x71, 0x80, 0x39, 0xc0, 0x1d, 0xc0, 0xe, 0xe0,
    0x87, 0x70, 0xc3, 0xf0, 0x61, 0xf8, 0x1, 0xdc,
    0x0, 0xee, 0x0, 0xe7, 0x0, 0x63, 0x80, 0x70,
    0xc0, 0x70, 0x30, 0x60, 0xf, 0xc0, 0x0,

    /* U+0299 "ʙ" */
    0x1f, 0x81, 0x88, 0x21, 0x8c, 0x21, 0x8c, 0x3e,
    0xc, 0x61, 0x86, 0x30, 0xc4, 0x19, 0x86, 0x3f,
    0x80,

    /* U+029A "ʚ" */
    0x7, 0xc0, 0xe2, 0x18, 0x13, 0x81, 0x38, 0x11,
    0x99, 0xf, 0x93, 0x2, 0x60, 0x2e, 0x4, 0xe1,
    0x87, 0xe0,

    /* U+029B "ʛ" */
    0x0, 0x3, 0xc0, 0x0, 0x9c, 0x0, 0x31, 0x0,
    0xc, 0x0, 0x1, 0x80, 0x0, 0x70, 0x1, 0xfc,
    0x0, 0xc1, 0x80, 0x30, 0x10, 0xe, 0x2, 0x1,
    0x80, 0x0, 0x70, 0x7c, 0xe, 0x6, 0x1, 0x80,
    0xc0, 0x30, 0x18, 0x3, 0x7, 0x0, 0x70, 0xc0,
    0x3, 0xf0, 0x0,

    /* U+029C "ʜ" */
    0x1e, 0x38, 0x30, 0x40, 0x83, 0x6, 0xc, 0x18,
    0x30, 0x7f, 0x83, 0x6, 0xc, 0x18, 0x30, 0x60,
    0x83, 0x6, 0xc, 0x1c, 0x70,

    /* U+029D "ʝ" */
    0x0, 0xc0, 0x30, 0xc, 0x0, 0x0, 0x0, 0x0,
    0x18, 0xe, 0x1, 0x80, 0xe0, 0x30, 0xc, 0x3,
    0x1, 0xc0, 0x60, 0x18, 0x6, 0xf, 0xe4, 0xc2,
    0x30, 0x8c, 0x26, 0xf, 0x0,

    /* U+029E "ʞ" */
    0x30, 0x65, 0x86, 0x9c, 0x60, 0xc6, 0xe, 0xc0,
    0x6c, 0x7, 0xc0, 0x6c, 0x9, 0x81, 0x18, 0x21,
    0x8f, 0x18, 0x3, 0x0, 0x30, 0x3, 0x0, 0x30,
    0x6, 0x0, 0x60, 0x7, 0x80,

    /* U+029F "ʟ" */
    0x1e, 0x3, 0x0, 0x80, 0x60, 0x18, 0x6, 0x3,
    0x0, 0xc0, 0x30, 0x8, 0x16, 0xd, 0xfe,

    /* U+02A0 "ʠ" */
    0x0, 0x3, 0xc0, 0x1, 0x30, 0x0, 0xc4, 0x0,
    0x30, 0x0, 0x18, 0x0, 0x6, 0x0, 0x3b, 0x80,
    0x30, 0xc0, 0x18, 0x30, 0xc, 0xc, 0x3, 0x7,
    0x1, 0x81, 0x80, 0x60, 0xe0, 0x38, 0x38, 0xc,
    0x1c, 0x3, 0x8b, 0x0, 0xfc, 0xc0, 0x1e, 0x60,
    0x0, 0x18, 0x0, 0x6, 0x0, 0x3, 0x80, 0x0,
    0xc0, 0x0, 0x30, 0x0, 0x3e, 0x0,

    /* U+02A1 "ʡ" */
    0xf, 0x83, 0x8, 0xe1, 0x98, 0x10, 0x2, 0x0,
    0xc0, 0x18, 0x3, 0x0, 0xc0, 0x38, 0x7e, 0xf,
    0x1, 0x80, 0x30, 0x3f, 0x81, 0x80, 0x30, 0x6,
    0x0,

    /* U+02A2 "ʢ" */
    0x7, 0xc1, 0xc, 0x41, 0x98, 0x36, 0x0, 0xc0,
    0x38, 0x7, 0x0, 0xe0, 0xe, 0x1, 0xf8, 0x1f,
    0x0, 0xc0, 0x18, 0x1f, 0xe0, 0x60, 0x8, 0x3,
    0x0,

    /* U+02A3 "ʣ" */
    0x0, 0x3c, 0x0, 0x0, 0xc0, 0x0, 0x1c, 0x0,
    0x1, 0x80, 0x0, 0x18, 0x0, 0x1, 0x80, 0x0,
    0x38, 0x0, 0x3f, 0xff, 0x4, 0x7f, 0xe1, 0x83,
    0x4, 0x18, 0x60, 0x83, 0x6, 0x10, 0x60, 0x61,
    0x6, 0x6, 0x20, 0xe0, 0xc4, 0xe, 0x1c, 0x80,
    0xe2, 0xd0, 0x7, 0x6f, 0x80, 0x78, 0xfe, 0x60,
    0x0, 0x62, 0x0, 0x1, 0xc0,

    /* U+02A4 "ʤ" */
    0x0, 0x3c, 0x0, 0x0, 0xc0, 0x0, 0x1c, 0x0,
    0x1, 0x80, 0x0, 0x18, 0x0, 0x1, 0x80, 0x3,
    0xff, 0xf0, 0x43, 0xfe, 0x18, 0x30, 0x41, 0x87,
    0x8, 0x30, 0x61, 0x7, 0x6, 0x20, 0x60, 0x63,
    0x6, 0xc, 0x7c, 0xe1, 0xc1, 0xce, 0x2d, 0xc,
    0x7c, 0xf0, 0xe7, 0x8c, 0xe, 0x0, 0x0, 0xc0,
    0x0, 0xc, 0x0, 0x0, 0xc0, 0xc, 0x18, 0x0,
    0xf3, 0x0, 0x7, 0xc0,

    /* U+02A5 "ʥ" */
    0x0, 0x3c, 0x0, 0x0, 0x60, 0x0, 0x7, 0x0,
    0x0, 0x30, 0x0, 0x1, 0x80, 0x0, 0xc, 0x0,
    0x0, 0x60, 0x0, 0x7f, 0xfe, 0x4, 0x3f, 0xe0,
    0xc1, 0x82, 0x6, 0x1c, 0x20, 0x60, 0xc2, 0x7,
    0x6, 0x10, 0x30, 0x31, 0x1, 0x83, 0x10, 0xdc,
    0x39, 0x9, 0xe2, 0xd0, 0x93, 0xa7, 0xc8, 0x9e,
    0x3f, 0x58, 0x0, 0x1f, 0x80, 0x0, 0x40, 0x0,
    0x4, 0x0, 0x0, 0x20, 0x0,

    /* U+02A6 "ʦ" */
    0x4, 0x0, 0x20, 0x3, 0x80, 0x1f, 0xbf, 0x31,
    0x8c, 0xc6, 0x23, 0x18, 0xc, 0x70, 0x60, 0xe1,
    0x81, 0x86, 0x7, 0x18, 0xc, 0xc0, 0x33, 0x0,
    0xcf, 0xfe, 0x0,

    /* U+02A7 "ʧ" */
    0x0, 0x1e, 0x0, 0x37, 0x0, 0x62, 0x4, 0x60,
    0x8, 0xc0, 0x18, 0xc0, 0x7f, 0xc0, 0x31, 0xc0,
    0x31, 0x80, 0x31, 0x80, 0x31, 0x80, 0x61, 0x80,
    0x63, 0x80, 0x63, 0x0, 0x63, 0x0, 0xc7, 0x0,
    0xef, 0x0, 0x76, 0x0, 0x6, 0x0, 0x6, 0x0,
    0x4, 0x0, 0xcc, 0x0, 0xc8, 0x0, 0x70, 0x0,

    /* U+02A8 "ʨ" */
    0x4, 0x0, 0x8, 0x0, 0x38, 0x0, 0x7e, 0x1e,
    0x30, 0x63, 0x30, 0xc3, 0x31, 0x80, 0x33, 0x80,
    0x63, 0x0, 0x63, 0x6, 0x67, 0x1a, 0x6b, 0x22,
    0xcb, 0x42, 0xf3, 0xcc, 0xe1, 0xf0, 0x1, 0x0,
    0x2, 0x0,

    /* U+02A9 "ʩ" */
    0x0, 0x1e, 0x0, 0x0, 0x98, 0x0, 0x6, 0x20,
    0x0, 0x30, 0x0, 0x0, 0xc0, 0x0, 0x3, 0x0,
    0x0, 0x7f, 0xf1, 0xc0, 0x61, 0xcb, 0x1, 0x86,
    0x4c, 0x6, 0x1a, 0x30, 0x18, 0x70, 0xc0, 0xc3,
    0x83, 0x3, 0xe, 0x18, 0xc, 0x30, 0x60, 0x30,
    0xc1, 0x80, 0xc7, 0x4, 0x6, 0x18, 0x30, 0x18,
    0x60, 0xc0, 0x60, 0x3, 0x1, 0x0, 0x8, 0xc,
    0x0, 0x63, 0x30, 0x19, 0xc, 0x80, 0x6c, 0x1c,
    0x1, 0xe0,

    /* U+02AA "ʪ" */
    0x2, 0x1, 0xe0, 0x3, 0x0, 0x18, 0x1, 0xc0,
    0xc, 0x0, 0x60, 0x3, 0x3f, 0x33, 0x11, 0x98,
    0x8c, 0xc0, 0x67, 0x6, 0x1c, 0x30, 0xe1, 0x83,
    0x8c, 0xc, 0xc0, 0x66, 0x3, 0x3f, 0xe0,

    /* U+02AB "ʫ" */
    0x2, 0x3, 0xc0, 0xc, 0x0, 0xc0, 0x18, 0x1,
    0x80, 0x18, 0x1, 0xff, 0x3f, 0xe3, 0x4, 0x30,
    0x83, 0x8, 0x61, 0x6, 0x20, 0x64, 0x6, 0x40,
    0xe8, 0xf, 0x80, 0xfe, 0x20, 0x72, 0x1, 0xc0,

    /* U+02AC "ʬ" */
    0x3d, 0xcc, 0x62, 0x21, 0x99, 0x2, 0x74, 0xa,
    0xe0, 0x31, 0x0, 0x84, 0x0, 0x0, 0x0, 0x0,
    0x0, 0xe, 0xf3, 0x19, 0x88, 0x66, 0x41, 0x99,
    0x2, 0xa8, 0xc, 0xe0, 0x33, 0x0, 0x88, 0x0,

    /* U+02AD "ʭ" */
    0xf, 0xfe, 0x3f, 0xfc, 0x40, 0x18, 0x80, 0x20,
    0x0, 0x40, 0x0, 0x0, 0x0, 0x0, 0x0, 0x0,
    0x0, 0x0, 0x1, 0xff, 0xe3, 0xff, 0xc6, 0x1,
    0x8, 0x2, 0x20, 0x4, 0x0,

    /* U+02AE "ʮ" */
    0x78, 0x0, 0x72, 0x7, 0x81, 0x83, 0x80, 0xc1,
    0x80, 0x60, 0xc0, 0x70, 0x60, 0x30, 0x70, 0x18,
    0x38, 0xc, 0x18, 0x6, 0xc, 0x3, 0xe, 0x1,
    0xdf, 0x0, 0xf3, 0x80, 0x1, 0x80, 0x0, 0xc0,
    0x0, 0x60, 0x0, 0x70, 0x0, 0x3c, 0x0, 0x18,
    0x0,

    /* U+02AF "ʯ" */
    0x78, 0x0, 0x72, 0x7, 0x81, 0x83, 0x80, 0xc1,
    0x80, 0x60, 0xc0, 0x70, 0x60, 0x30, 0x70, 0x18,
    0x38, 0xc, 0x18, 0x6, 0xc, 0x3, 0xe, 0x1,
    0xdf, 0x0, 0xf3, 0x80, 0x1, 0x80, 0x0, 0xc0,
    0x0, 0x60, 0x0, 0x31, 0x0, 0x19, 0x80, 0x7,
    0x80,

    /* U+02B0 "ʰ" */
    0x10, 0x30, 0x10, 0x30, 0x37, 0x3b, 0x23, 0x63,
    0x62, 0x62, 0xef,

    /* U+02B1 "ʱ" */
    0xe, 0x13, 0x10, 0x30, 0x3f, 0x33, 0x23, 0x63,
    0x62, 0x42, 0xef,

    /* U+02B2 "ʲ" */
    0x4, 0x0, 0x0, 0x1c, 0x20, 0x82, 0x18, 0x41,
    0x4, 0x32, 0x8c, 0x0,

    /* U+02B3 "ʳ" */
    0x36, 0x30, 0x41, 0x82, 0x4, 0x1c, 0x0,

    /* U+02B4 "ʴ" */
    0x1e, 0x18, 0x30, 0x40, 0x83, 0x3f, 0x0,

    /* U+02B5 "ʵ" */
    0x1e, 0x18, 0x20, 0x40, 0x83, 0x3e, 0x8, 0x10,
    0x2c, 0x70,

    /* U+02B6 "ʶ" */
    0x3d, 0x89, 0x85, 0x87, 0x82, 0x21, 0x31, 0xf0,

    /* U+02B7 "ʷ" */
    0xe2, 0x59, 0x92, 0xa4, 0xaa, 0x33, 0x8, 0xc2,
    0x20,

    /* U+02B8 "ʸ" */
    0xe2, 0x44, 0xc8, 0xa1, 0x43, 0x6, 0x8, 0x10,
    0x43, 0x0,

    /* U+02B9 "ʹ" */
    0x0, 0x1c, 0x70, 0xc3, 0xc, 0x10, 0x40,

    /* U+02BA "ʺ" */
    0x0, 0x1, 0x9c, 0x73, 0x9c, 0xe3, 0x38, 0xc6,
    0x31, 0x84, 0x20,

    /* U+02BB "ʻ" */
    0x3, 0x44, 0xff, 0x60,

    /* U+02BC "ʼ" */
    0x37, 0x33, 0x24,

    /* U+02BD "ʽ" */
    0x77, 0xe8, 0x88,

    /* U+02BE "ʾ" */
    0x44, 0xa8,

    /* U+02BF "ʿ" */
    0x34, 0x88, 0x60,

    /* U+02C0 "ˀ" */
    0x33, 0x28, 0xc1, 0xc, 0x21, 0x9c, 0xc3, 0x8,
    0x0,

    /* U+02C1 "ˁ" */
    0xc, 0x65, 0x2, 0xc, 0x18, 0x1c, 0x18, 0x10,
    0x60,

    /* U+02C2 "˂" */
    0x6, 0x38, 0xc0, 0x38, 0x6,

    /* U+02C3 "˃" */
    0x60, 0x38, 0x8, 0xee, 0x0,

    /* U+02C4 "˄" */
    0x18, 0x30, 0x92, 0x28, 0x40,

    /* U+02C5 "˅" */
    0x85, 0x9, 0x22, 0x86, 0x0,

    /* U+02C6 "ˆ" */
    0x4, 0x7, 0x7, 0x84, 0x64, 0x10,

    /* U+02C7 "ˇ" */
    0x80, 0xa1, 0x99, 0x87, 0x81, 0x80,

    /* U+02C8 "ˈ" */
    0x2d, 0x2d, 0x0,

    /* U+02C9 "ˉ" */
    0xff,

    /* U+02CA "ˊ" */
    0x0, 0x73, 0x98, 0xc0,

    /* U+02CB "ˋ" */
    0xc, 0xe6, 0x30,

    /* U+02CC "ˌ" */
    0x69, 0x2c,

    /* U+02CD "ˍ" */
    0xff, 0x80,

    /* U+02CE "ˎ" */
    0x7, 0x18, 0x61, 0x80,

    /* U+02CF "ˏ" */
    0x0, 0x31, 0x8c, 0x40,

    /* U+02D0 "ː" */
    0x1c, 0x61, 0x0, 0x0, 0x0, 0x0, 0x0, 0x0,
    0x18, 0x60,

    /* U+02D1 "ˑ" */
    0xf8, 0x0,

    /* U+02D2 "˒" */
    0x64, 0x93, 0x80,

    /* U+02D3 "˓" */
    0x72, 0x49, 0x80,

    /* U+02D4 "˔" */
    0xc, 0xc, 0x8, 0x8, 0x18, 0xff,

    /* U+02D5 "˕" */
    0xff, 0x18, 0x10, 0x10, 0x30, 0x30,

    /* U+02D6 "˖" */
    0x18, 0x30, 0x47, 0xf1, 0x6, 0xc, 0x0,

    /* U+02D7 "˗" */
    0xff, 0x80,

    /* U+02D8 "˘" */
    0x81, 0x6, 0x17, 0xe7, 0x80,

    /* U+02D9 "˙" */
    0x5d, 0x80,

    /* U+02DA "˚" */
    0x39, 0x18, 0x72, 0x70,

    /* U+02DB "˛" */
    0x22, 0x31, 0xf6, 0x0,

    /* U+02DC "˜" */
    0x38, 0x5f, 0xe8, 0xf0,

    /* U+02DD "˝" */
    0x22, 0x73, 0x66, 0x4c, 0x88,

    /* U+02DE "˞" */
    0x4, 0xe, 0xd, 0x8, 0x88, 0x98, 0x4c, 0x1c,

    /* U+02DF "˟" */
    0x40, 0x91, 0x87, 0x3, 0x82, 0x66, 0x18,

    /* U+02E0 "ˠ" */
    0xe7, 0x64, 0x64, 0x68, 0x30, 0x30, 0x30, 0x50,
    0x90, 0x90, 0x90, 0x60,

    /* U+02E1 "ˡ" */
    0x38, 0x84, 0x23, 0x10, 0x84, 0x63, 0x3c,

    /* U+02E2 "ˢ" */
    0x3d, 0x24, 0xc, 0xa, 0x2f, 0x0,

    /* U+02E3 "ˣ" */
    0x7f, 0x34, 0x18, 0x18, 0x2c, 0x44, 0xce,

    /* U+02E4 "ˤ" */
    0x1c, 0x4d, 0xa, 0xc, 0x18, 0x10, 0x38, 0x30,
    0x60, 0xc0,

    /* U+02E5 "˥" */
    0xff, 0xe0, 0x8, 0x1, 0x0, 0x20, 0xc, 0x1,
    0x0, 0x20, 0x4, 0x0, 0x80, 0x30, 0x4, 0x0,
    0x80, 0x10, 0x6, 0x0, 0xc0, 0x10, 0x2, 0x0,
    0x40, 0x18, 0x3, 0x0, 0x40, 0x8, 0x0,

    /* U+02E6 "˦" */
    0x0, 0x30, 0x2, 0x0, 0x20, 0x2, 0xff, 0xe0,
    0x6, 0x0, 0x40, 0x4, 0x0, 0x40, 0xc, 0x0,
    0x80, 0x8, 0x0, 0x80, 0x18, 0x1, 0x80, 0x10,
    0x1, 0x0, 0x10, 0x3, 0x0, 0x30, 0x2, 0x0,
    0x20,

    /* U+02E7 "˧" */
    0x0, 0x18, 0x0, 0x80, 0x4, 0x0, 0x20, 0x3,
    0x0, 0x18, 0x0, 0x80, 0x4, 0x0, 0x20, 0x3,
    0x3f, 0xf8, 0x0, 0x80, 0x4, 0x0, 0x20, 0x3,
    0x0, 0x10, 0x0, 0x80, 0x4, 0x0, 0x20, 0x3,
    0x0, 0x10, 0x0, 0x80,

    /* U+02E8 "˨" */
    0x0, 0xc, 0x0, 0x20, 0x0, 0x80, 0x2, 0x0,
    0x18, 0x0, 0x40, 0x1, 0x0, 0x4, 0x0, 0x30,
    0x0, 0xc0, 0x2, 0x0, 0x8, 0x0, 0x20, 0x1,
    0x80, 0x6, 0x3f, 0xf0, 0x0, 0x40, 0x1, 0x0,
    0xc, 0x0, 0x20, 0x0, 0x80,

    /* U+02E9 "˩" */
    0x0, 0x6, 0x0, 0x8, 0x0, 0x10, 0x0, 0x20,
    0x0, 0xc0, 0x1, 0x80, 0x2, 0x0, 0x4, 0x0,
    0x8, 0x0, 0x30, 0x0, 0x60, 0x0, 0x80, 0x1,
    0x0, 0x2, 0x0, 0xc, 0x0, 0x10, 0x0, 0x20,
    0x0, 0x40, 0x0, 0x80, 0x3, 0x0, 0x4, 0x1f,
    0xf8, 0x0,

    /* U+02EA "˪" */
    0x10, 0x1, 0x0, 0x10, 0x1, 0x0, 0x30, 0x2,
    0x0, 0x20, 0x2, 0x0, 0x20, 0x6, 0x0, 0x40,
    0x4, 0x0, 0x40, 0xf, 0xff,

    /* U+02EB "˫" */
    0x10, 0x0, 0x80, 0x4, 0x0, 0x60, 0x2, 0x0,
    0x10, 0x0, 0xff, 0xe4, 0x0, 0x60, 0x2, 0x0,
    0x10, 0x0, 0x80, 0xc, 0x0, 0x0,

    /* U+02EC "ˬ" */
    0x80, 0xe1, 0x9b, 0xf, 0x7, 0x0,

    /* U+02ED "˭" */
    0x7f, 0x80, 0x0, 0x1f, 0xe0,

    /* U+02EE "ˮ" */
    0x63, 0x63, 0x63, 0x21, 0x42, 0x84,

    /* U+02EF "˯" */
    0x85, 0x12, 0x45, 0xc, 0x0,

    /* U+02F0 "˰" */
    0xc, 0x28, 0x92, 0x14, 0x20,

    /* U+02F1 "˱" */
    0x6, 0x73, 0x3, 0x80, 0xc0,

    /* U+02F2 "˲" */
    0x60, 0x1c, 0x3, 0x1c, 0xe0,

    /* U+02F3 "˳" */
    0x39, 0x28, 0x62, 0x70,

    /* U+02F4 "˴" */
    0x7, 0x18, 0x61, 0x0,

    /* U+02F5 "˵" */
    0x0, 0xcc, 0xe6, 0x66, 0x32,

    /* U+02F6 "˶" */
    0x22, 0x73, 0x66, 0x4c, 0x88,

    /* U+02F7 "˷" */
    0x3c, 0x5f, 0xe8, 0xf0,

    /* U+02F8 "˸" */
    0x19, 0xc6, 0x0, 0x0, 0x0, 0x6, 0x39, 0x80,

    /* U+02F9 "˹" */
    0x7d, 0x84, 0x10, 0x43, 0x0,

    /* U+02FA "˺" */
    0xf8, 0x84, 0x63, 0x10,

    /* U+02FB "˻" */
    0x64, 0x44, 0xcf,

    /* U+02FC "˼" */
    0x8, 0x46, 0x31, 0xf8,

    /* U+02FD "˽" */
    0x40, 0x90, 0x24, 0x1b, 0xfe,

    /* U+02FE "˾" */
    0x40, 0x20, 0x30, 0x1f, 0xf0,

    /* U+02FF "˿" */
    0x10, 0x30, 0x3f, 0xe8, 0x2, 0x0,

    /* U+0300 "̀" */
    0x7, 0x18, 0x61, 0x80,

    /* U+0301 "́" */
    0x0, 0x31, 0x8c, 0x40,

    /* U+0302 "̂" */
    0xc, 0x1c, 0x36, 0x63, 0xc1,

    /* U+0303 "̃" */
    0x38, 0x5f, 0xe8, 0x70,

    /* U+0304 "̄" */
    0xff,

    /* U+0305 "̅" */
    0xff, 0xf8,

    /* U+0306 "̆" */
    0x81, 0x81, 0xc2, 0xfc, 0x78,

    /* U+0307 "̇" */
    0x5d, 0x80,

    /* U+0308 "̈" */
    0x40, 0xe3, 0x63,

    /* U+0309 "̉" */
    0x79, 0xb6,

    /* U+030A "̊" */
    0x39, 0x18, 0x72, 0x70,

    /* U+030B "̋" */
    0x22, 0x67, 0x66, 0xcc, 0x98,

    /* U+030C "̌" */
    0x80, 0x43, 0x66, 0x3c, 0x38,

    /* U+030D "̍" */
    0xfa, 0x80,

    /* U+030E "̎" */
    0x49, 0x2c, 0xb6, 0x98,

    /* U+030F "̏" */
    0x0, 0xe6, 0x67, 0x33, 0x19,

    /* U+0310 "̐" */
    0x8, 0x1c, 0x99, 0xc2, 0x7e, 0x78,

    /* U+0311 "̑" */
    0xc, 0xff, 0xc, 0x10, 0x20,

    /* U+0312 "̒" */
    0x24, 0xcc, 0xee,

    /* U+0313 "̓" */
    0x67, 0x32, 0x24,

    /* U+0314 "̔" */
    0x7f, 0xc9, 0x0,

    /* U+0315 "̕" */
    0x67, 0x72, 0x68,

    /* U+0316 "̖" */
    0x47, 0x18, 0x61, 0x0,

    /* U+0317 "̗" */
    0x0, 0x31, 0xcc, 0x40,

    /* U+0318 "̘" */
    0x2, 0xc, 0x1f, 0xf0, 0x40, 0x83, 0x0,

    /* U+0319 "̙" */
    0x60, 0xc1, 0x3, 0xf4, 0x18, 0x30, 0x0,

    /* U+031A "̚" */
    0xfc, 0x30, 0x82, 0x18, 0x40,

    /* U+031B "̛" */
    0x1c, 0x3c, 0x70, 0x28, 0x9e, 0x0,

    /* U+031C "̜" */
    0x3a, 0x44,

    /* U+031D "̝" */
    0x4, 0x2, 0x1, 0x1, 0x80, 0xc3, 0xfc,

    /* U+031E "̞" */
    0xff, 0x10, 0x10, 0x10, 0x30, 0x30,

    /* U+031F "̟" */
    0x18, 0x30, 0x47, 0xf3, 0x6, 0xc, 0x0,

    /* U+0320 "̠" */
    0xff, 0x0,

    /* U+0321 "̡" */
    0xc, 0x10, 0x82, 0xeb, 0x46, 0x0,

    /* U+0322 "̢" */
    0x74, 0x48, 0xbb, 0x60,

    /* U+0323 "̣" */
    0x5d, 0x80,

    /* U+0324 "̤" */
    0x42, 0xe7, 0xc3,

    /* U+0325 "̥" */
    0x74, 0x63, 0x1f, 0x0,

    /* U+0326 "̦" */
    0x67, 0x72, 0x48,

    /* U+0327 "̧" */
    0x21, 0x1e, 0x31, 0xf8,

    /* U+0328 "̨" */
    0x26, 0x21, 0xee, 0x0,

    /* U+0329 "̩" */
    0x7a, 0x80,

    /* U+032A "̪" */
    0x3f, 0xd8, 0x34, 0x9, 0x2,

    /* U+032B "̫" */
    0xdb, 0x9a, 0xfe,

    /* U+032C "̬" */
    0x81, 0x82, 0x4c, 0x78, 0x30,

    /* U+032D "̭" */
    0xc, 0x1c, 0x36, 0x62, 0x81,

    /* U+032E "̮" */
    0x81, 0x82, 0x82, 0xfc, 0x78,

    /* U+032F "̯" */
    0xc, 0x3e, 0x43, 0x81, 0x81,

    /* U+0330 "̰" */
    0x3c, 0x5f, 0xe8, 0xf0,

    /* U+0331 "̱" */
    0xff,

    /* U+0332 "̲" */
    0xff, 0xfc,

    /* U+0333 "̳" */
    0xff, 0xfc, 0x0, 0x0, 0x0, 0x3f, 0xff,

    /* U+0334 "̴" */
    0x38, 0x5f, 0xe8, 0xf0,

    /* U+0335 "̵" */
    0xfc,

    /* U+0336 "̶" */
    0xff, 0xf0,

    /* U+0337 "̷" */
    0x0, 0x8, 0x3, 0x80, 0xe0, 0x18, 0x7, 0x0,
    0x40, 0x0,

    /* U+0338 "̸" */
    0x0, 0x2, 0x0, 0xc, 0x0, 0x10, 0x0, 0x40,
    0x1, 0x0, 0x4, 0x0, 0x10, 0x0, 0x20, 0x0,
    0x80, 0x2, 0x0, 0x8, 0x0, 0x20, 0x0, 0xc0,
    0x1, 0x0, 0x4, 0x0, 0x10, 0x0, 0x40, 0x1,
    0x0, 0x2, 0x0, 0x0,

    /* U+0339 "̹" */
    0x44, 0xa8,

    /* U+033A "̺" */
    0x40, 0xa0, 0xf0, 0x7f, 0xe0,

    /* U+033B "̻" */
    0x3f, 0x90, 0xd8, 0x4c, 0x24, 0x32, 0x1b, 0xf8,

    /* U+033C "̼" */
    0x23, 0xf7, 0x18, 0x10, 0x10,

    /* U+033D "̽" */
    0x61, 0x99, 0x87, 0x3, 0x86, 0x66, 0x18,

    /* U+033E "̾" */
    0x33, 0x18, 0xc2, 0x22, 0x0,

    /* U+033F "̿" */
    0xff, 0xfc, 0x0, 0x0, 0x0, 0x3f, 0xff,

    /* U+0340 "̀" */
    0x7, 0x18, 0x61, 0x80,

    /* U+0341 "́" */
    0x0, 0x31, 0x88, 0x40,

    /* U+0342 "͂" */
    0x38, 0x5f, 0xe8, 0xf0,

    /* U+0343 "̓" */
    0x38, 0xf0, 0xc2, 0xb, 0xc0,

    /* U+0344 "̈́" */
    0x3, 0x6, 0x6, 0xc, 0x8, 0xd3, 0x43,

    /* U+0345 "ͅ" */
    0x63, 0x33, 0x97, 0x0,

    /* U+0346 "͆" */
    0x7f, 0xe0, 0xf0, 0x70, 0x20,

    /* U+0347 "͇" */
    0x7f, 0x80, 0x0, 0x1f, 0xe0,

    /* U+0348 "͈" */
    0x4f, 0x3c, 0xa2, 0x88,

    /* U+0349 "͉" */
    0xff, 0x33, 0x20,

    /* U+034A "͊" */
    0x2, 0xf, 0xa7, 0xfa, 0x7c, 0x30, 0xc, 0x0,

    /* U+034B "͋" */
    0x3, 0x1, 0xc0, 0x20, 0xf1, 0x4f, 0xa4, 0x3,
    0x80, 0xc0,

    /* U+034C "͌" */
    0x0, 0x27, 0xf9, 0x1e, 0x0, 0x3, 0x84, 0xff,
    0x21, 0xc0,

    /* U+034D "͍" */
    0x20, 0x48, 0xb, 0xff, 0xc0, 0x24, 0x8,

    /* U+034E "͎" */
    0x0, 0x67, 0xc5, 0x20, 0x82, 0x8,

    /* U+034F "͏" */
    0x0,

    /* U+0350 "͐" */
    0x40, 0x70, 0x18, 0xee, 0x0,

    /* U+0351 "͑" */
    0x2a, 0x48, 0x80,

    /* U+0352 "͒" */
    0x18, 0xff, 0xc, 0x93, 0xa6, 0x0,

    /* U+0353 "͓" */
    0x40, 0xb1, 0x85, 0x83, 0x2, 0x46, 0x18, 0x0,

    /* U+0354 "͔" */
    0x6, 0x73, 0x3, 0x80, 0xc0,

    /* U+0355 "͕" */
    0x60, 0x38, 0x8, 0xee, 0x0,

    /* U+0356 "͖" */
    0x60, 0x30, 0x71, 0x40, 0x24, 0x87, 0x22, 0xe1,
    0x8,

    /* U+0357 "͗" */
    0x63, 0x12, 0xc0,

    /* U+0358 "͘" */
    0x7c,

    /* U+0359 "͙" */
    0x0, 0x46, 0x8c, 0xf8, 0x80,

    /* U+035A "͚" */
    0x71, 0xa7, 0x98, 0x86, 0x31, 0x94, 0xb8, 0xc0,

    /* U+035B "͛" */
    0x10, 0x60, 0x83, 0xf7, 0xc1, 0x86, 0xc,

    /* U+035C "͜" */
    0x80, 0x2, 0xc0, 0x38, 0xff, 0xc0, 0xfe, 0x0,

    /* U+035D "͝" */
    0x80, 0x2, 0xc0, 0x38, 0xff, 0xc0, 0xfe, 0x0,

    /* U+035E "͞" */
    0x7f, 0xff,

    /* U+035F "͟" */
    0xff, 0xfe,

    /* U+0360 "͠" */
    0xe, 0x1, 0x3f, 0x82, 0x41, 0xfc, 0x80, 0xf0,

    /* U+0361 "͡" */
    0x7, 0xe0, 0x3f, 0xf1, 0xc0, 0x74, 0x0, 0x10,

    /* U+0362 "͢" */
    0x0, 0x4, 0x0, 0x2, 0xff, 0xff, 0x0, 0x2,
    0x0, 0x4,

    /* U+0363 "ͣ" */
    0x1b, 0x63, 0x29, 0x38,

    /* U+0364 "ͤ" */
    0x17, 0x9e, 0x84,

    /* U+0365 "ͥ" */
    0x20, 0x24, 0xa0,

    /* U+0366 "ͦ" */
    0x13, 0x63, 0x19, 0x30,

    /* U+0367 "ͧ" */
    0x4a, 0x65, 0x6d, 0x0,

    /* U+0368 "ͨ" */
    0x13, 0x61, 0x8, 0x30,

    /* U+0369 "ͩ" */
    0x4, 0x11, 0x9a, 0x4a, 0x49, 0x1c,

    /* U+036A "ͪ" */
    0x62, 0x10, 0xae, 0xea, 0x53,

    /* U+036B "ͫ" */
    0x69, 0x3f, 0x92, 0x49, 0x45, 0x30,

    /* U+036C "ͬ" */
    0xfc, 0x88, 0x80,

    /* U+036D "ͭ" */
    0x2d, 0x25, 0x0,

    /* U+036E "ͮ" */
    0x95, 0x66, 0x40,

    /* U+036F "ͯ" */
    0x49, 0x88, 0x46, 0xc8,

    /* U+0374 "ʹ" */
    0x19, 0xcc, 0xc4, 0x40,

    /* U+0375 "͵" */
    0x8, 0xcc, 0xce, 0x60,

    /* U+037A "ͺ" */
    0x66, 0x72, 0xe0,

    /* U+037E ";" */
    0x1c, 0x71, 0xc0, 0x0, 0x0, 0x0, 0x1, 0x86,
    0x18, 0x21, 0x8, 0x0,

    /* U+0384 "΄" */
    0x33, 0x76, 0x48,

    /* U+0385 "΅" */
    0x2, 0x6, 0x6, 0xc, 0x8, 0xd3, 0xc3,

    /* U+0386 "Ά" */
    0x3, 0x0, 0x1, 0x88, 0x1, 0x86, 0x0, 0xc7,
    0x0, 0x43, 0x80, 0x42, 0xc0, 0x3, 0x60, 0x1,
    0x30, 0x1, 0x1c, 0x0, 0x8e, 0x0, 0x87, 0x0,
    0xc1, 0x80, 0x7f, 0xc0, 0x60, 0x60, 0x20, 0x38,
    0x30, 0x1c, 0x10, 0xe, 0x18, 0x7, 0x3e, 0x7,
    0xe0,

    /* U+0387 "·" */
    0x7f, 0x80,

    /* U+0388 "Έ" */
    0x30, 0x0, 0xd, 0xff, 0xf6, 0x1c, 0xd, 0x7,
    0x1, 0xc1, 0x80, 0x60, 0xe0, 0x0, 0x38, 0x0,
    0xe, 0x10, 0x3, 0x4, 0x1, 0xff, 0x0, 0x70,
    0x80, 0x1c, 0x20, 0x6, 0x8, 0x3, 0x80, 0x0,
    0xe0, 0x8, 0x30, 0x4, 0x1c, 0x3, 0x7, 0x1,
    0xc7, 0xff, 0xe0,

    /* U+0389 "Ή" */
    0x18, 0x0, 0x0, 0x6f, 0xf1, 0xfc, 0xc7, 0x80,
    0xe3, 0x6, 0x1, 0xc4, 0x1c, 0x3, 0x0, 0x38,
    0xe, 0x0, 0x60, 0x1c, 0x1, 0xc0, 0x30, 0x3,
    0x80, 0xe0, 0x7, 0xff, 0xc0, 0xc, 0x3, 0x80,
    0x38, 0x6, 0x0, 0x70, 0x1c, 0x0, 0xc0, 0x38,
    0x3, 0x80, 0x70, 0x7, 0x0, 0xc0, 0xe, 0x3,
    0x80, 0x18, 0x7, 0x0, 0xfc, 0x3f, 0x80,

    /* U+038A "Ί" */
    0x30, 0x3, 0x3f, 0x61, 0xc4, 0x1c, 0xc1, 0xc8,
    0x1c, 0x1, 0x80, 0x38, 0x3, 0x80, 0x30, 0x7,
    0x0, 0x70, 0x7, 0x0, 0x60, 0xe, 0x0, 0xe0,
    0xe, 0x0, 0xc0, 0x3f, 0x0,

    /* U+038C "Ό" */
    0x30, 0x7c, 0xc, 0x61, 0xc6, 0x70, 0x39, 0xb8,
    0x6, 0x5c, 0x1, 0xe7, 0x0, 0x73, 0x80, 0x1d,
    0xe0, 0x7, 0x70, 0x3, 0xdc, 0x0, 0xe7, 0x0,
    0x39, 0xc0, 0x1c, 0x60, 0x7, 0x18, 0x3, 0x87,
    0x0, 0xc0, 0xc0, 0x60, 0x18, 0x70, 0x3, 0xe0,
    0x0,

    /* U+038E "Ύ" */
    0x30, 0x0, 0x1, 0x9c, 0x3, 0x99, 0xf0, 0x3e,
    0xd8, 0xc3, 0x34, 0x2, 0x30, 0x40, 0x1b, 0x0,
    0x0, 0xd0, 0x0, 0x7, 0x80, 0x0, 0x38, 0x0,
    0x1, 0xc0, 0x0, 0xe, 0x0, 0x0, 0x60, 0x0,
    0x7, 0x0, 0x0, 0x38, 0x0, 0x1, 0x80, 0x0,
    0xc, 0x0, 0x0, 0xe0, 0x0, 0x7, 0x0, 0x0,
    0xfc, 0x0,

    /* U+038F "Ώ" */
    0x18, 0x0, 0x0, 0xc0, 0xfc, 0x6, 0x38, 0x38,
    0x63, 0x80, 0xe2, 0x38, 0x3, 0xa3, 0x80, 0x1c,
    0x38, 0x0, 0xe1, 0xc0, 0x7, 0xe, 0x0, 0x38,
    0x70, 0x1, 0xc3, 0x80, 0xe, 0x1c, 0x0, 0xe0,
    0xe0, 0xe, 0x7, 0x0, 0x60, 0x1c, 0xe, 0x8,
    0x30, 0xc2, 0x41, 0x8, 0x33, 0xf8, 0x7f, 0x3f,
    0xc3, 0xf8,

    /* U+0390 "ΐ" */
    0x0, 0x1, 0xc0, 0xc0, 0xc0, 0x41, 0x6c, 0x86,
    0x0, 0x0, 0x0, 0xe, 0x6, 0x3, 0x1, 0x81,
    0xc0, 0xc0, 0x60, 0x30, 0x31, 0x18, 0x8c, 0x83,
    0x80,

    /* U+0391 "Α" */
    0x0, 0x10, 0x0, 0xc, 0x0, 0xe, 0x0, 0x7,
    0x0, 0x5, 0x80, 0x6, 0xc0, 0x2, 0x60, 0x2,
    0x38, 0x1, 0x1c, 0x1, 0xe, 0x1, 0x83, 0x0,
    0xff, 0x80, 0xc0, 0xc0, 0x40, 0x70, 0x60, 0x38,
    0x20, 0x1c, 0x30, 0xe, 0x7c, 0xf, 0xc0,

    /* U+0392 "Β" */
    0xf, 0xfc, 0x3, 0x8e, 0x3, 0x7, 0x7, 0x7,
    0x7, 0x7, 0x7, 0x7, 0x6, 0xe, 0xe, 0x1c,
    0xf, 0xf0, 0xe, 0x38, 0xc, 0x1c, 0x1c, 0xe,
    0x1c, 0xe, 0x18, 0xe, 0x38, 0x1c, 0x38, 0x1c,
    0x38, 0x78, 0xff, 0xe0,

    /* U+0393 "Γ" */
    0xf, 0xff, 0x81, 0xc0, 0xc1, 0xc0, 0x40, 0xe0,
    0x20, 0x70, 0x0, 0x30, 0x0, 0x38, 0x0, 0x1c,
    0x0, 0xe, 0x0, 0x6, 0x0, 0x7, 0x0, 0x3,
    0x80, 0x1, 0x80, 0x0, 0xc0, 0x0, 0xe0, 0x0,
    0x70, 0x0, 0x38, 0x0, 0x7e, 0x0, 0x0,

    /* U+0394 "Δ" */
    0x0, 0x8, 0x0, 0x4, 0x0, 0x6, 0x0, 0x7,
    0x80, 0x7, 0xc0, 0x2, 0xe0, 0x2, 0x70, 0x3,
    0x18, 0x1, 0xe, 0x1, 0x7, 0x1, 0x3, 0x81,
    0x81, 0xc0, 0x80, 0x70, 0x80, 0x38, 0x80, 0x1c,
    0x40, 0xe, 0x40, 0x7, 0x7f, 0xff, 0xc0,

    /* U+0395 "Ε" */
    0xf, 0xff, 0x81, 0xc0, 0xc0, 0xc0, 0x20, 0xe0,
    0x20, 0x70, 0x0, 0x38, 0x0, 0x18, 0x20, 0x1c,
    0x30, 0xf, 0xf0, 0x6, 0x8, 0x7, 0x4, 0x3,
    0x80, 0x1, 0xc0, 0x0, 0xc0, 0x0, 0xe0, 0x8,
    0x70, 0xc, 0x38, 0x1c, 0x7f, 0xfe, 0x0,

    /* U+0396 "Ζ" */
    0x1f, 0xff, 0xc, 0x3, 0x84, 0x3, 0x84, 0x3,
    0x80, 0x3, 0x80, 0x3, 0xc0, 0x1, 0xc0, 0x1,
    0xc0, 0x1, 0xc0, 0x1, 0xc0, 0x0, 0xe0, 0x0,
    0xe0, 0x0, 0xe0, 0x0, 0xe0, 0x10, 0xe0, 0x8,
    0x70, 0x8, 0x70, 0xc, 0x7f, 0xfe, 0x0,

    /* U+0397 "Η" */
    0xf, 0xe3, 0xf8, 0x1c, 0x7, 0x0, 0xc0, 0x38,
    0x6, 0x1, 0xc0, 0x70, 0xc, 0x3, 0x80, 0xe0,
    0x18, 0x7, 0x1, 0xc0, 0x30, 0xf, 0xff, 0x80,
    0x60, 0x1c, 0x3, 0x0, 0xe0, 0x38, 0x6, 0x1,
    0xc0, 0x70, 0xc, 0x3, 0x80, 0xe0, 0x1c, 0x7,
    0x0, 0xc0, 0x38, 0xe, 0x7, 0xe1, 0xfc, 0x0,

    /* U+0398 "Θ" */
    0x0, 0xfc, 0x1, 0xc3, 0x1, 0x80, 0xc1, 0x80,
    0x71, 0xc0, 0x39, 0xc0, 0x1c, 0xc0, 0xe, 0xe8,
    0x17, 0x77, 0xfb, 0xf3, 0xf9, 0xfa, 0x5, 0xdd,
    0x2, 0xee, 0x0, 0xe7, 0x0, 0x71, 0x80, 0x70,
    0xe0, 0x60, 0x30, 0x60, 0xf, 0xc0, 0x0,

    /* U+0399 "Ι" */
    0xf, 0xc0, 0x70, 0xc, 0x3, 0x80, 0x70, 0xe,
    0x1, 0x80, 0x70, 0xe, 0x1, 0x80, 0x30, 0xe,
    0x1, 0xc0, 0x30, 0xe, 0x1, 0xc0, 0x38, 0x1f,
    0x80,

    /* U+039A "Κ" */
    0xf, 0xe3, 0xe0, 0x70, 0x38, 0xe, 0xc, 0x1,
    0x83, 0x0, 0x70, 0xc0, 0xe, 0x60, 0x1, 0x98,
    0x0, 0x76, 0x0, 0xf, 0xc0, 0x1, 0xf8, 0x0,
    0x33, 0x80, 0xe, 0x30, 0x1, 0xc7, 0x0, 0x30,
    0x70, 0xe, 0xe, 0x1, 0xc0, 0xe0, 0x38, 0x1e,
    0x1f, 0xcf, 0xf0,

    /* U+039B "Λ" */
    0x0, 0x10, 0x0, 0x30, 0x0, 0x30, 0x0, 0x70,
    0x0, 0xf8, 0x0, 0xb8, 0x1, 0xb8, 0x1, 0x18,
    0x2, 0x18, 0x2, 0x18, 0x4, 0x1c, 0xc, 0x1c,
    0x8, 0x1c, 0x18, 0x1c, 0x10, 0xc, 0x30, 0xc,
    0x60, 0xe, 0xf0, 0x3f,

    /* U+039C "Μ" */
    0xf, 0x80, 0x1f, 0x3, 0x80, 0x1c, 0x3, 0x80,
    0x3c, 0x3, 0x80, 0x7c, 0x7, 0x80, 0x58, 0x5,
    0xc0, 0xb8, 0x5, 0xc1, 0xb8, 0x5, 0xc1, 0x38,
    0x9, 0xc2, 0x30, 0x8, 0xc6, 0x70, 0x8, 0xc4,
    0x70, 0x18, 0xc8, 0x60, 0x10, 0xd8, 0xe0, 0x10,
    0xd0, 0xe0, 0x10, 0xe0, 0xe0, 0x30, 0xe0, 0xc0,
    0x20, 0xc1, 0xc0, 0xf8, 0x87, 0xf0,

    /* U+039D "Ν" */
    0xf, 0x1, 0xf0, 0x38, 0x4, 0x3, 0x80, 0x40,
    0x38, 0xc, 0x5, 0xc0, 0x80, 0x4c, 0x8, 0x4,
    0xe1, 0x80, 0xc6, 0x10, 0x8, 0x61, 0x0, 0x87,
    0x10, 0x8, 0x33, 0x1, 0x83, 0xa0, 0x10, 0x1a,
    0x1, 0x1, 0xe0, 0x30, 0x1c, 0x3, 0x0, 0xc0,
    0x20, 0xc, 0xf, 0x80, 0x40,

    /* U+039E "Ξ" */
    0x7, 0xff, 0xc3, 0xff, 0xf0, 0x80, 0x4, 0x40,
    0x1, 0x0, 0x0, 0x0, 0x0, 0x0, 0x0, 0x0,
    0x8, 0x10, 0x7, 0xfc, 0x1, 0xfe, 0x0, 0x40,
    0x80, 0x0, 0x0, 0x0, 0x0, 0x10, 0x0, 0x4,
    0x0, 0x21, 0x0, 0x8, 0x7f, 0xfc, 0x3f, 0xff,
    0x0,

    /* U+039F "Ο" */
    0x0, 0xfc, 0x1, 0xc3, 0x1, 0x80, 0xc1, 0x80,
    0x71, 0x80, 0x39, 0xc0, 0x1d, 0xc0, 0xe, 0xe0,
    0x7, 0xf0, 0x3, 0xf0, 0x1, 0xf8, 0x1, 0xdc,
    0x0, 0xee, 0x0, 0xe7, 0x0, 0x63, 0x80, 0x70,
    0xe0, 0x70, 0x30, 0xe0, 0xf, 0xc0, 0x0,

    /* U+03A0 "Π" */
    0xf, 0xff, 0xf8, 0x1c, 0x7, 0x0, 0xc0, 0x38,
    0xe, 0x1, 0x80, 0x70, 0x1c, 0x3, 0x0, 0xe0,
    0x38, 0x6, 0x1, 0xc0, 0x30, 0xc, 0x3, 0x80,
    0x60, 0x1c, 0x7, 0x0, 0xc0, 0x38, 0xe, 0x1,
    0x80, 0x70, 0xc, 0x3, 0x0, 0xe0, 0x18, 0x7,
    0x1, 0xc0, 0x30, 0xe, 0x7, 0xe1, 0xf8, 0x0,

    /* U+03A1 "Ρ" */
    0xf, 0xfc, 0x3, 0x8e, 0x3, 0x87, 0x7, 0x7,
    0x7, 0x3, 0x7, 0x7, 0x6, 0x7, 0xe, 0x6,
    0xe, 0x1c, 0xf, 0xf8, 0xc, 0x0, 0x1c, 0x0,
    0x1c, 0x0, 0x1c, 0x0, 0x38, 0x0, 0x38, 0x0,
    0x38, 0x0, 0xfc, 0x0,

    /* U+03A3 "Σ" */
    0xf, 0xff, 0xe0, 0xe0, 0x1c, 0xe, 0x1, 0x0,
    0xc0, 0x20, 0x1c, 0x4, 0x1, 0xc0, 0x0, 0x1c,
    0x0, 0x1, 0xc0, 0x0, 0x38, 0x0, 0x2, 0x0,
    0x1, 0x80, 0x0, 0x60, 0x0, 0x18, 0x0, 0xc,
    0x2, 0x3, 0x0, 0x40, 0xc0, 0x10, 0x3f, 0xfe,
    0x1f, 0xff, 0xc0,

    /* U+03A4 "Τ" */
    0x7f, 0xfe, 0xc3, 0xe, 0xe, 0xc, 0x1c, 0x20,
    0x30, 0x0, 0xe0, 0x1, 0xc0, 0x3, 0x80, 0x6,
    0x0, 0x1c, 0x0, 0x38, 0x0, 0x70, 0x0, 0xc0,
    0x3, 0x80, 0x7, 0x0, 0xc, 0x0, 0x38, 0x1,
    0xfe, 0x0,

    /* U+03A5 "Υ" */
    0x38, 0x7, 0x3f, 0x7, 0xf1, 0x86, 0x20, 0x46,
    0x0, 0x36, 0x0, 0x1a, 0x0, 0xf, 0x0, 0x7,
    0x0, 0x3, 0x80, 0x1, 0xc0, 0x0, 0xc0, 0x0,
    0xe0, 0x0, 0x70, 0x0, 0x30, 0x0, 0x18, 0x0,
    0x1c, 0x0, 0xe, 0x0, 0x1f, 0x80, 0x0,

    /* U+03A6 "Φ" */
    0x0, 0xfe, 0x0, 0x3, 0x80, 0x0, 0x38, 0x0,
    0x3f, 0xf0, 0xe, 0x39, 0xc1, 0x83, 0xe, 0x38,
    0x70, 0x67, 0x7, 0x7, 0x70, 0x60, 0x6e, 0xe,
    0xe, 0xe0, 0xe0, 0xe6, 0xc, 0x1c, 0x70, 0xc3,
    0x83, 0x9c, 0xf0, 0x1f, 0xfc, 0x0, 0x18, 0x0,
    0x3, 0x80, 0x0, 0x7e, 0x0,

    /* U+03A7 "Χ" */
    0x1f, 0xc7, 0xc1, 0xc0, 0xe0, 0x70, 0x20, 0xe,
    0x18, 0x3, 0x8c, 0x0, 0x66, 0x0, 0x1f, 0x0,
    0x3, 0x80, 0x0, 0xe0, 0x0, 0x38, 0x0, 0x16,
    0x0, 0xd, 0xc0, 0x6, 0x30, 0x3, 0xe, 0x1,
    0x83, 0x80, 0xc0, 0x60, 0x70, 0x1c, 0x3f, 0x1f,
    0xc0,

    /* U+03A8 "Ψ" */
    0x70, 0xfe, 0x3d, 0xf0, 0x70, 0xff, 0x20, 0xe1,
    0x10, 0x41, 0x82, 0x1, 0x87, 0x4, 0x7, 0xe,
    0xc, 0xc, 0x1c, 0x38, 0x38, 0x30, 0x70, 0x60,
    0xe0, 0xe0, 0xc1, 0xc1, 0x81, 0xc3, 0x86, 0x1,
    0x86, 0x18, 0x0, 0xff, 0xc0, 0x0, 0x38, 0x0,
    0x0, 0x60, 0x0, 0x0, 0xc0, 0x0, 0x3, 0x80,
    0x0, 0xf, 0x80, 0x0,

    /* U+03A9 "Ω" */
    0x0, 0x3f, 0x80, 0x7, 0xf, 0x0, 0xe0, 0x1c,
    0xe, 0x0, 0xe0, 0xe0, 0x3, 0x87, 0x0, 0x1c,
    0x70, 0x0, 0xe3, 0x80, 0x7, 0x1c, 0x0, 0x70,
    0xe0, 0x3, 0x87, 0x0, 0x38, 0x38, 0x1, 0xc0,
    0xc0, 0x1c, 0x3, 0x1, 0x80, 0xc, 0x30, 0x18,
    0x21, 0x4, 0xff, 0x1f, 0xe7, 0xf0, 0xfe, 0x0,

    /* U+03AA "Ϊ" */
    0xc, 0x70, 0xc7, 0x0, 0x0, 0x0, 0xf, 0xc0,
    0x38, 0x3, 0x0, 0x70, 0x7, 0x0, 0x70, 0x6,
    0x0, 0xe0, 0xe, 0x0, 0xc0, 0xc, 0x1, 0xc0,
    0x1c, 0x1, 0x80, 0x38, 0x3, 0x80, 0x38, 0xf,
    0xc0,

    /* U+03AB "Ϋ" */
    0x3, 0x18, 0x1, 0x8c, 0x0, 0x0, 0x0, 0x0,
    0x3, 0x80, 0x73, 0xf0, 0x7f, 0x18, 0x62, 0x4,
    0x60, 0x3, 0x60, 0x1, 0xa0, 0x0, 0xf0, 0x0,
    0x70, 0x0, 0x38, 0x0, 0x1c, 0x0, 0xc, 0x0,
    0xe, 0x0, 0x7, 0x0, 0x3, 0x0, 0x1, 0x80,
    0x1, 0xc0, 0x0, 0xe0, 0x1, 0xf8, 0x0,

    /* U+03AC "ά" */
    0x0, 0x30, 0x1, 0x80, 0x6, 0x0, 0x30, 0x0,
    0x80, 0x4, 0x0, 0x0, 0x1, 0xe3, 0x1c, 0x5c,
    0xe1, 0x63, 0x5, 0x98, 0x1c, 0x60, 0x73, 0x81,
    0x8e, 0x4, 0x38, 0x31, 0xe1, 0xa5, 0x8c, 0xe3,
    0xc3, 0x0,

    /* U+03AD "έ" */
    0x0, 0x40, 0x18, 0x3, 0x0, 0xc0, 0x10, 0x4,
    0x0, 0x0, 0x7c, 0x38, 0xe6, 0xc, 0xc0, 0x18,
    0x0, 0xf0, 0xe0, 0x18, 0x7, 0x2, 0xe0, 0x8c,
    0x20, 0xf8, 0x0,

    /* U+03AE "ή" */
    0x0, 0x0, 0x18, 0x6, 0x0, 0xc0, 0x30, 0x4,
    0x0, 0x3, 0x8e, 0x9a, 0x73, 0x84, 0xe0, 0x98,
    0x33, 0x6, 0xe0, 0x98, 0x13, 0x6, 0x60, 0xd8,
    0x3b, 0x6, 0x0, 0xc0, 0x38, 0x7, 0x0, 0xe0,
    0x38, 0x3, 0x0,

    /* U+03AF "ί" */
    0x3, 0x3, 0x6, 0x4, 0x8, 0x0, 0x38, 0x30,
    0x30, 0x30, 0x70, 0x60, 0x60, 0x60, 0xc4, 0xc4,
    0xc8, 0x70,

    /* U+03B0 "ΰ" */
    0x0, 0x40, 0x18, 0x3, 0x0, 0xc0, 0x10, 0x34,
    0xc6, 0x18, 0x0, 0x0, 0x0, 0x1, 0xc1, 0xcc,
    0x39, 0x86, 0x70, 0xcc, 0x19, 0x82, 0x70, 0x4c,
    0x9, 0x82, 0x30, 0x46, 0x30, 0x78, 0x0,

    /* U+03B1 "α" */
    0x7, 0x8c, 0x71, 0x73, 0x85, 0x8c, 0x16, 0x60,
    0x71, 0x81, 0xce, 0x6, 0x38, 0x10, 0xe0, 0xc7,
    0x86, 0x96, 0x33, 0x8f, 0xc,

    /* U+03B2 "β" */
    0x0, 0xf8, 0x4, 0x70, 0x20, 0xc1, 0x3, 0x4,
    0xc, 0x30, 0x20, 0x81, 0x2, 0x78, 0x8, 0x30,
    0x60, 0x61, 0x81, 0x86, 0x6, 0x10, 0x18, 0xc0,
    0x63, 0x3, 0x8e, 0xc, 0x38, 0x61, 0xde, 0x6,
    0x0, 0x18, 0x0, 0xe0, 0x3, 0x80, 0xe, 0x0,
    0x30, 0x0,

    /* U+03B3 "γ" */
    0x70, 0x6f, 0x7, 0x90, 0x78, 0x86, 0x8, 0x60,
    0x84, 0x8, 0x80, 0x90, 0xe, 0x0, 0x80, 0x8,
    0x1, 0x0, 0x10, 0x3, 0x0, 0x30, 0x7, 0x0,
    0x70, 0x6, 0x0,

    /* U+03B4 "δ" */
    0x3, 0xe0, 0x72, 0x6, 0x10, 0x70, 0x3, 0x0,
    0x18, 0xf, 0xc3, 0x8c, 0x70, 0xe6, 0x6, 0xe0,
    0x6c, 0x6, 0xc0, 0x6c, 0x6, 0xc0, 0xcc, 0x18,
    0xe3, 0x3, 0xe0,

    /* U+03B5 "ε" */
    0xf, 0x87, 0x1c, 0xc1, 0x98, 0x3, 0x0, 0x1e,
    0x1c, 0x3, 0x0, 0xe0, 0x5c, 0x11, 0x84, 0x1f,
    0x0,

    /* U+03B6 "ζ" */
    0x20, 0xe4, 0x7c, 0x7e, 0x4, 0x1, 0x0, 0x40,
    0x8, 0x2, 0x0, 0x40, 0x10, 0x2, 0x0, 0x40,
    0x8, 0x1, 0x0, 0x20, 0x4, 0x0, 0xfe, 0xf,
    0xe0, 0xc, 0x0, 0x88, 0x11, 0x84, 0x1f, 0x0,

    /* U+03B7 "η" */
    0x71, 0xd3, 0x4e, 0x70, 0x9c, 0x13, 0x6, 0x60,
    0xdc, 0x13, 0x2, 0x60, 0xcc, 0x1b, 0x7, 0x60,
    0xc0, 0x18, 0x7, 0x0, 0xe0, 0x1c, 0x7, 0x0,
    0x60,

    /* U+03B8 "θ" */
    0x3, 0xc0, 0xe6, 0x18, 0x31, 0x83, 0x30, 0x37,
    0x3, 0x60, 0x36, 0x3, 0xff, 0xfe, 0x7, 0xc0,
    0x6c, 0x6, 0xc0, 0xec, 0xc, 0xc1, 0x8c, 0x18,
    0x67, 0x3, 0xc0,

    /* U+03B9 "ι" */
    0x38, 0xc3, 0xc, 0x71, 0x86, 0x18, 0xc7, 0x1c,
    0x9c,

    /* U+03BA "κ" */
    0x7c, 0x30, 0xc6, 0x86, 0x40, 0x32, 0x3, 0x20,
    0x1f, 0x0, 0xcc, 0x6, 0x70, 0x63, 0x83, 0xc,
    0x58, 0x65, 0xc1, 0xc0,

    /* U+03BB "λ" */
    0x6, 0x0, 0xf0, 0x9, 0x0, 0x10, 0x1, 0x0,
    0x10, 0x1, 0x0, 0x30, 0x3, 0x0, 0x70, 0x6,
    0x80, 0xc8, 0x1c, 0x81, 0x88, 0x38, 0x97, 0x9,
    0x60, 0xee, 0xe,

    /* U+03BC "μ" */
    0x1c, 0x18, 0xc1, 0x86, 0xc, 0x30, 0x63, 0x87,
    0x18, 0x30, 0xc1, 0x86, 0x1c, 0x60, 0xeb, 0xe,
    0x6c, 0xb5, 0x78, 0xc8, 0x0, 0x40, 0x2, 0x0,
    0x18, 0x0, 0xc0, 0x6, 0x0, 0x0,

    /* U+03BD "ν" */
    0x70, 0x6b, 0x87, 0x98, 0x71, 0x86, 0x18, 0x61,
    0x86, 0x18, 0x41, 0x88, 0x19, 0x1, 0xe0, 0x1c,
    0x1, 0x80,

    /* U+03BE "ξ" */
    0x18, 0x1, 0x2, 0x10, 0xf0, 0xfe, 0x4, 0x0,
    0x80, 0x10, 0x1, 0x0, 0x11, 0xc1, 0xfc, 0x10,
    0x2, 0x0, 0x40, 0x4, 0x0, 0xc0, 0xc, 0x0,
    0x7f, 0xc7, 0xfc, 0x0, 0x40, 0x4, 0x30, 0x43,
    0x8, 0x1f, 0x0,

    /* U+03BF "ο" */
    0x7, 0xc1, 0x86, 0x30, 0x76, 0x3, 0xc0, 0x3c,
    0x3, 0xc0, 0x7c, 0x6, 0xc0, 0xec, 0xc, 0x63,
    0x83, 0xe0,

    /* U+03C0 "π" */
    0x7, 0xff, 0x87, 0xff, 0x84, 0x86, 0x0, 0x43,
    0x0, 0x23, 0x80, 0x11, 0x80, 0x10, 0xc0, 0x8,
    0x60, 0x4, 0x62, 0x4, 0x31, 0x3a, 0x19, 0xe,
    0x7, 0x0,

    /* U+03C1 "ρ" */
    0x7, 0xc0, 0xc6, 0x38, 0x33, 0x3, 0x60, 0x36,
    0x3, 0xe0, 0x7c, 0x6, 0xe0, 0x6e, 0xc, 0xe1,
    0x89, 0xe0, 0x80, 0xe, 0x0, 0x7c, 0x3, 0xe0,
    0x2, 0x0, 0x0,

    /* U+03C2 "ς" */
    0x7, 0xc3, 0x1c, 0xc3, 0xb0, 0x34, 0x0, 0x80,
    0x30, 0x6, 0x0, 0xc0, 0x1c, 0x1, 0xf8, 0x1f,
    0x80, 0x30, 0x2, 0x20, 0x46, 0x10, 0x7c, 0x0,

    /* U+03C3 "σ" */
    0x7, 0xfc, 0x18, 0x0, 0xe3, 0x81, 0x89, 0x86,
    0x3, 0xc, 0x6, 0x18, 0xc, 0x70, 0x38, 0x60,
    0x60, 0xc1, 0x81, 0xc6, 0x0, 0xf0, 0x0,

    /* U+03C4 "τ" */
    0x3f, 0xef, 0xfa, 0x30, 0xe, 0x1, 0x80, 0x30,
    0x6, 0x1, 0xc0, 0x31, 0x6, 0x40, 0xc8, 0xe,
    0x0,

    /* U+03C5 "υ" */
    0x70, 0x73, 0xe, 0x61, 0x9c, 0x33, 0x6, 0x60,
    0x9c, 0x13, 0x2, 0x60, 0x8c, 0x11, 0x8c, 0x1e,
    0x0,

    /* U+03C6 "φ" */
    0xe, 0x3c, 0x62, 0xcd, 0x83, 0xb, 0xc, 0x1e,
    0x18, 0x38, 0x30, 0x70, 0xc1, 0x61, 0x82, 0xc3,
    0x9, 0x8e, 0x21, 0x99, 0x80, 0xfe, 0x0, 0x60,
    0x1, 0xc0, 0x3, 0x0, 0x6, 0x0, 0xc, 0x0,
    0x18, 0x0,

    /* U+03C7 "χ" */
    0xc, 0xc, 0x78, 0x61, 0x23, 0x80, 0x8c, 0x2,
    0x60, 0xb, 0x80, 0x1c, 0x0, 0x60, 0x3, 0x80,
    0x1c, 0x0, 0x70, 0x3, 0x40, 0x1d, 0x0, 0x64,
    0x3, 0x11, 0x1c, 0x24, 0xe0, 0xe3, 0x3, 0x80,

    /* U+03C8 "ψ" */
    0x0, 0x20, 0x0, 0x10, 0x0, 0x8, 0x7, 0x4,
    0x6d, 0x84, 0x3c, 0xc2, 0x1a, 0x61, 0xc, 0x31,
    0x86, 0x30, 0xc3, 0x18, 0x41, 0xc, 0x61, 0x86,
    0x30, 0x83, 0x18, 0x81, 0x89, 0x80, 0x3f, 0x80,
    0x6, 0x0, 0x3, 0x0, 0x3, 0x80, 0x1, 0xc0,
    0x0, 0xc0, 0x0, 0x60, 0x0,

    /* U+03C9 "ω" */
    0xe, 0xe, 0x8, 0x1, 0x88, 0x30, 0xcc, 0x38,
    0x6e, 0x18, 0x36, 0xc, 0x1b, 0x6, 0xd, 0x82,
    0xe, 0xc1, 0x6, 0x61, 0x86, 0x31, 0x46, 0xf,
    0x1e, 0x0,

    /* U+03CA "ϊ" */
    0x63, 0x31, 0x80, 0x0, 0x1, 0x81, 0x80, 0xc0,
    0x60, 0x70, 0x30, 0x18, 0xc, 0xe, 0x46, 0x23,
    0x20, 0xe0,

    /* U+03CB "ϋ" */
    0x38, 0xc7, 0x18, 0x0, 0x0, 0x7, 0x7, 0x30,
    0xe6, 0x19, 0xc3, 0x30, 0x66, 0x9, 0xc1, 0x30,
    0x26, 0x8, 0xc1, 0x18, 0xc1, 0xe0,

    /* U+03CC "ό" */
    0x0, 0x60, 0xe, 0x0, 0xc0, 0x8, 0x1, 0x0,
    0x0, 0x0, 0x0, 0x7c, 0x18, 0x63, 0x7, 0x60,
    0x3c, 0x3, 0xc0, 0x3c, 0x7, 0xc0, 0x6c, 0xe,
    0xc0, 0xc6, 0x38, 0x3e, 0x0,

    /* U+03CD "ύ" */
    0x0, 0xc0, 0x38, 0x6, 0x1, 0x80, 0x20, 0x0,
    0x0, 0x3, 0x83, 0x98, 0x73, 0xc, 0xe1, 0x98,
    0x33, 0x4, 0xe0, 0x98, 0x13, 0x4, 0x60, 0x8c,
    0x60, 0xf0, 0x0,

    /* U+03CE "ώ" */
    0x0, 0x18, 0x0, 0x1c, 0x0, 0xc, 0x0, 0x4,
    0x0, 0x4, 0x0, 0x2, 0x0, 0x0, 0x0, 0x1c,
    0x1c, 0x10, 0x3, 0x10, 0x61, 0x98, 0x70, 0xdc,
    0x30, 0x6c, 0x18, 0x36, 0xc, 0x1b, 0x4, 0x1d,
    0x82, 0xc, 0xc3, 0xc, 0x62, 0x8c, 0x1e, 0x3c,
    0x0,

    /* U+03D0 "ϐ" */
    0x0, 0x78, 0xc, 0x41, 0x82, 0x10, 0x21, 0x1e,
    0xf, 0x0, 0x80, 0x8, 0xf8, 0x58, 0xe5, 0x83,
    0xb8, 0x1d, 0x80, 0xec, 0x7, 0x60, 0x33, 0x1,
    0x98, 0x18, 0xc1, 0xc7, 0x1c, 0xf, 0x80,

    /* U+03D1 "ϑ" */
    0x0, 0xf0, 0x6, 0x20, 0x18, 0x60, 0x30, 0xc0,
    0x61, 0x80, 0xc3, 0x1, 0xc6, 0x38, 0xfe, 0x98,
    0x3b, 0x30, 0x74, 0x60, 0xc1, 0x83, 0x83, 0x7,
    0x6, 0xc, 0x1c, 0x18, 0x30, 0x60, 0x60, 0x80,
    0x66, 0x0, 0xf8, 0x0,

    /* U+03D2 "ϒ" */
    0xf8, 0xe, 0x1c, 0x33, 0xe, 0x67, 0x6, 0x4e,
    0x7, 0x84, 0x7, 0x80, 0x7, 0x80, 0x7, 0x0,
    0x7, 0x0, 0x7, 0x0, 0x6, 0x0, 0xe, 0x0,
    0xe, 0x0, 0xc, 0x0, 0xc, 0x0, 0x1c, 0x0,
    0x1c, 0x0, 0x7e, 0x0,

    /* U+03D3 "ϓ" */
    0x30, 0x0, 0x1, 0xbc, 0x3, 0x9c, 0x78, 0x66,
    0xc0, 0xe4, 0x74, 0x3, 0x27, 0x40, 0x1a, 0x10,
    0x0, 0xf0, 0x0, 0x7, 0x0, 0x0, 0x38, 0x0,
    0x1, 0xc0, 0x0, 0xc, 0x0, 0x0, 0xe0, 0x0,
    0x7, 0x0, 0x0, 0x38, 0x0, 0x1, 0x80, 0x0,
    0x1c, 0x0, 0x0, 0xe0, 0x0, 0x7, 0x0, 0x0,
    0xfc, 0x0,

    /* U+03D4 "ϔ" */
    0xc, 0x60, 0x18, 0xc0, 0x0, 0x0, 0x0, 0xf,
    0x1, 0xe7, 0x84, 0xc3, 0x11, 0x87, 0x47, 0x6,
    0x8c, 0xf, 0x0, 0x1c, 0x0, 0x38, 0x0, 0xe0,
    0x1, 0xc0, 0x3, 0x80, 0x6, 0x0, 0xc, 0x0,
    0x38, 0x0, 0x70, 0x0, 0xc0, 0x3, 0x80, 0xf,
    0xc0, 0x0,

    /* U+03D5 "ϕ" */
    0x0, 0x20, 0x0, 0x80, 0x1, 0x0, 0x2, 0x0,
    0x4, 0x0, 0x18, 0x1, 0xfc, 0xc, 0x4e, 0x31,
    0x8c, 0xc3, 0xf, 0x4, 0x1e, 0x8, 0x3c, 0x30,
    0xf8, 0x61, 0xb0, 0x87, 0x61, 0x1c, 0x66, 0x70,
    0x7f, 0x80, 0x10, 0x0, 0x60, 0x0, 0xc0, 0x1,
    0x80, 0x3, 0x0, 0xc, 0x0,

    /* U+03D6 "ϖ" */
    0x1f, 0xff, 0xc7, 0xff, 0xf9, 0x60, 0xc, 0x18,
    0x20, 0x87, 0xc, 0x18, 0xc1, 0x83, 0x38, 0x30,
    0xe7, 0x4, 0x1c, 0xc1, 0x83, 0x18, 0x30, 0xe3,
    0xc, 0x18, 0x61, 0x87, 0x6, 0x49, 0xc0, 0xf1,
    0xe0, 0x0,

    /* U+03D7 "ϗ" */
    0x30, 0x37, 0x87, 0x48, 0x70, 0x8e, 0x9, 0xc0,
    0xf8, 0x1d, 0x3, 0x90, 0x71, 0x2e, 0x12, 0xe1,
    0xec, 0x1e, 0x0, 0x40, 0x44, 0x6, 0x80, 0x70,

    /* U+03D8 "Ϙ" */
    0x7, 0xfe, 0x78, 0x71, 0xc0, 0xe3, 0x81, 0x86,
    0x7, 0x1c, 0xe, 0x38, 0x1c, 0x38, 0x30, 0x78,
    0xe0, 0x3f, 0xc0, 0x3, 0x0, 0xe, 0x0, 0x1c,
    0x0, 0x38, 0x0, 0x60, 0x1, 0xc0, 0x3, 0x80,
    0x1f, 0x80,

    /* U+03D9 "ϙ" */
    0x7, 0xc1, 0x87, 0x30, 0x36, 0x3, 0xe0, 0x3c,
    0x3, 0xc0, 0x3c, 0x7, 0xc0, 0x6c, 0x4, 0xe0,
    0x86, 0x10, 0x1e, 0x1, 0x80, 0x18, 0x3, 0x80,
    0x30, 0x3, 0x0,

    /* U+03DA "Ϛ" */
    0x7, 0xe0, 0xc3, 0xdc, 0xe, 0xc0, 0x7e, 0x3,
    0xf0, 0x3, 0x0, 0x18, 0x0, 0xe0, 0x3, 0x80,
    0xf, 0xc0, 0xc, 0x0, 0x60, 0x7, 0x0, 0x38,
    0x1, 0x80, 0x1c, 0x1, 0xf8, 0x0,

    /* U+03DB "ϛ" */
    0x7, 0xfc, 0x7f, 0xe3, 0x80, 0x8, 0x0, 0x40,
    0x1, 0x0, 0xc, 0x0, 0x20, 0x0, 0xc0, 0x3,
    0x0, 0x7, 0xf0, 0xf, 0xe0, 0x1, 0x80, 0x2,
    0x4, 0x10, 0x18, 0xc0, 0x7c, 0x0,

    /* U+03DC "Ϝ" */
    0xf, 0xff, 0x81, 0xc0, 0xc0, 0xe0, 0x20, 0x60,
    0x10, 0x70, 0x0, 0x38, 0x0, 0x1c, 0x0, 0xc,
    0x0, 0xf, 0xf8, 0x7, 0x8, 0x3, 0x4, 0x3,
    0x82, 0x1, 0xc0, 0x0, 0xc0, 0x0, 0x60, 0x0,
    0x70, 0x0, 0x38, 0x0, 0x7f, 0x0, 0x0,

    /* U+03DD "ϝ" */
    0x0, 0xf2, 0x3, 0xfc, 0xc, 0x70, 0x30, 0x0,
    0x40, 0x1, 0x0, 0x2, 0x0, 0x4, 0x0, 0x17,
    0xe0, 0x1f, 0x80, 0x60, 0x0, 0x80, 0x1, 0x0,
    0x4, 0x0, 0x8, 0x0, 0x30, 0x0, 0xe0, 0x1,
    0x80, 0x0,

    /* U+03DE "Ϟ" */
    0x70, 0x0, 0xe0, 0x0, 0x20, 0x0, 0x80, 0x1,
    0x0, 0x42, 0x3, 0x84, 0x1f, 0x10, 0xfc, 0x27,
    0xe8, 0x7f, 0x11, 0xf8, 0x43, 0xe0, 0x8f, 0x2,
    0x18, 0x4, 0x0, 0x8, 0x0, 0x10, 0x0, 0x3c,
    0x0, 0x30,

    /* U+03DF "ϟ" */
    0xc, 0x3, 0x80, 0x60, 0x10, 0x8, 0x6, 0x1,
    0x0, 0x80, 0x7f, 0xc0, 0x60, 0x10, 0xc, 0x6,
    0x1, 0x80, 0xc0, 0x70, 0x18, 0xe, 0x7, 0x3,
    0xc0, 0xe0, 0x30, 0x0, 0x0,

    /* U+03E0 "Ϡ" */
    0x0, 0x10, 0x0, 0xc, 0x0, 0x7, 0x0, 0x1,
    0xe0, 0x0, 0xf8, 0x0, 0x26, 0x0, 0x11, 0xc0,
    0x4, 0x70, 0x2, 0x1c, 0x1, 0x87, 0x0, 0x41,
    0xe0, 0x30, 0xb8, 0x8, 0x26, 0x4, 0x11, 0xc1,
    0xc, 0x70, 0x82, 0x1c, 0x61, 0x87, 0xbe, 0xf7,
    0xf0,

    /* U+03E1 "ϡ" */
    0x7, 0x0, 0x1e, 0x0, 0x98, 0x2, 0x20, 0x0,
    0x80, 0x2, 0x0, 0x18, 0x0, 0xe0, 0x3, 0x40,
    0x1d, 0x0, 0x64, 0x3, 0x30, 0x1d, 0xc0, 0x67,
    0x3, 0xbc, 0x5c, 0xd9, 0x66, 0x3b, 0xb8, 0xc0,
    0xc0, 0x7, 0x0, 0x38, 0x0, 0xc0, 0x7, 0x0,
    0x18, 0x0,

    /* U+03F0 "ϰ" */
    0x38, 0x19, 0xc1, 0xd2, 0x1d, 0x10, 0xc0, 0x9c,
    0x5, 0xc0, 0x3a, 0x3, 0x10, 0x71, 0x13, 0xc,
    0xb8, 0x79, 0x81, 0x80,

    /* U+03F1 "ϱ" */
    0x3, 0xe0, 0x61, 0x86, 0xe, 0x60, 0x73, 0x3,
    0xb0, 0x1d, 0x80, 0xec, 0x6, 0xe0, 0x77, 0x3,
    0x2c, 0x31, 0x3e, 0x8, 0x0, 0x40, 0x3, 0x0,
    0xf, 0xc0, 0x3f, 0x0, 0x8, 0x0,

    /* U+03F2 "ϲ" */
    0x7, 0xc3, 0x8c, 0xc0, 0xb8, 0xe, 0x1, 0xc0,
    0x38, 0x6, 0x0, 0xc0, 0x18, 0x13, 0x84, 0x1f,
    0x0,

    /* U+03F3 "ϳ" */
    0x0, 0xc0, 0x1c, 0x3, 0x0, 0x0, 0x0, 0x0,
    0x0, 0x10, 0x3e, 0x1, 0x80, 0x30, 0x6, 0x0,
    0xc0, 0x30, 0x6, 0x0, 0xc0, 0x18, 0x6, 0x0,
    0xc0, 0x18, 0x3, 0x0, 0xc1, 0x98, 0x36, 0x3,
    0x80,

    /* U+03F4 "ϴ" */
    0x0, 0xfc, 0x1, 0xc3, 0x1, 0x80, 0xc1, 0x80,
    0x71, 0xc0, 0x39, 0xc0, 0x1c, 0xe0, 0xe, 0xe0,
    0x7, 0x7f, 0xff, 0xf0, 0x1, 0xf8, 0x1, 0xdc,
    0x0, 0xee, 0x0, 0xe7, 0x0, 0x71, 0x80, 0x70,
    0xe0, 0x60, 0x30, 0x60, 0xf, 0xc0, 0x0,

    /* U+03F5 "ϵ" */
    0x3, 0xc, 0x18, 0x30, 0x60, 0x7c, 0xe0, 0xe0,
    0xe0, 0xe0, 0x60, 0x38,

    /* U+03F6 "϶" */
    0x30, 0x30, 0x30, 0x70, 0xef, 0xc3, 0x86, 0x1c,
    0x30, 0xc6, 0x0,

    /* U+03F7 "Ϸ" */
    0xf, 0xc0, 0x3, 0x80, 0x3, 0x80, 0x3, 0x0,
    0x7, 0xf8, 0x7, 0xe, 0x7, 0xe, 0x6, 0x7,
    0xe, 0x6, 0xe, 0x6, 0xc, 0xe, 0x1c, 0x1c,
    0x1f, 0xf0, 0x1c, 0x0, 0x18, 0x0, 0x38, 0x0,
    0x38, 0x0, 0xfe, 0x0,

    /* U+03F8 "ϸ" */
    0xe, 0x0, 0x4c, 0x2, 0x30, 0x8, 0xc0, 0x6,
    0x0, 0x18, 0x0, 0x6f, 0x1, 0x46, 0xe, 0x1c,
    0x30, 0x70, 0xc1, 0xc2, 0x6, 0x18, 0x18, 0x60,
    0xc1, 0x7, 0xc, 0x18, 0x31, 0xc0, 0xfc, 0x3,
    0x0, 0x18, 0x0, 0x60, 0x1, 0x80, 0x6, 0x0,
    0x30, 0x0,

    /* U+03F9 "Ϲ" */
    0x0, 0xf8, 0x7, 0x86, 0xe, 0x1, 0x1c, 0x0,
    0x38, 0x0, 0x70, 0x0, 0x70, 0x0, 0xf0, 0x0,
    0xe0, 0x0, 0xe0, 0x0, 0xe0, 0x0, 0xe0, 0x0,
    0xe0, 0x0, 0xe0, 0x0, 0x60, 0x4, 0x70, 0x8,
    0x38, 0x30, 0xf, 0xc0,

    /* U+03FA "Ϻ" */
    0xf, 0x80, 0x1f, 0x7, 0x80, 0x3c, 0x7, 0x80,
    0x7c, 0x5, 0xc0, 0xf8, 0x5, 0xc1, 0xb8, 0x4,
    0xc3, 0x38, 0x8, 0xc2, 0x30, 0x8, 0xe4, 0x70,
    0x8, 0xe8, 0x70, 0x18, 0x70, 0x70, 0x10, 0x60,
    0xe0, 0x10, 0x40, 0xe0, 0x30, 0x0, 0xe0, 0x20,
    0x0, 0xc0, 0x20, 0x1, 0xc0, 0x20, 0x1, 0xc0,
    0x60, 0x3, 0xc0, 0xf8, 0xf, 0xe0,

    /* U+03FB "ϻ" */
    0x7, 0x8f, 0x1, 0x8a, 0x30, 0x21, 0x46, 0xc,
    0x30, 0xc1, 0x86, 0x18, 0x20, 0xc3, 0xc, 0x10,
    0xe1, 0x86, 0x18, 0x30, 0xc3, 0x26, 0x38, 0x69,
    0xc7, 0xd, 0x38, 0x1, 0xc6, 0x0, 0x0, 0xc0,
    0x0, 0x38, 0x0, 0x7, 0x0, 0x0, 0xe0, 0x0,
    0x18, 0x0, 0x0,

    /* U+03FC "ϼ" */
    0x0, 0xf8, 0x3, 0x18, 0xc, 0x18, 0x30, 0x30,
    0xc0, 0x61, 0x80, 0xc7, 0x3, 0x8c, 0x6, 0x1c,
    0xc, 0x58, 0x30, 0xb0, 0xc1, 0x1e, 0x3, 0x0,
    0x6, 0x40, 0xf, 0x0, 0x7c, 0x0, 0x38, 0x0,
    0x30, 0x0,

    /* U+03FD "Ͻ" */
    0x3, 0xf0, 0xc, 0x1c, 0x10, 0xe, 0x20, 0x6,
    0x0, 0x7, 0x0, 0x7, 0x0, 0x7, 0x0, 0x7,
    0x0, 0x7, 0x0, 0x7, 0x0, 0xf, 0x0, 0xe,
    0x0, 0xe, 0x0, 0x1c, 0x0, 0x38, 0x80, 0x70,
    0x61, 0xc0, 0x1f, 0x0,

    /* U+03FE "Ͼ" */
    0x0, 0xf8, 0x7, 0x86, 0xe, 0x1, 0x1c, 0x0,
    0x38, 0x0, 0x70, 0x0, 0x70, 0x0, 0xf0, 0xc0,
    0xe1, 0xc0, 0xe0, 0xc0, 0xe0, 0x0, 0xe0, 0x0,
    0xe0, 0x0, 0xe0, 0x0, 0x60, 0x4, 0x70, 0x8,
    0x38, 0x30, 0xf, 0xc0,

    /* U+03FF "Ͽ" */
    0x3, 0xf0, 0xc, 0x1c, 0x10, 0xe, 0x20, 0x6,
    0x0, 0x7, 0x0, 0x7, 0x0, 0x7, 0x3, 0x7,
    0x3, 0x87, 0x3, 0x7, 0x0, 0xf, 0x0, 0xe,
    0x0, 0xe, 0x0, 0x1c, 0x0, 0x38, 0x80, 0x70,
    0x61, 0xc0, 0x1f, 0x0,

    /* U+0400 "Ѐ" */
    0x0, 0xc0, 0x0, 0x70, 0x0, 0x18, 0x0, 0x6,
    0x0, 0x1, 0x0, 0x0, 0x0, 0x3f, 0xfe, 0x7,
    0x3, 0x3, 0x0, 0x83, 0x80, 0x81, 0xc0, 0x0,
    0xe0, 0x0, 0x60, 0x80, 0x70, 0xc0, 0x3f, 0xc0,
    0x18, 0x20, 0xc, 0x10, 0xe, 0x0, 0x7, 0x0,
    0x3, 0x0, 0x3, 0x80, 0x21, 0xc0, 0x30, 0xe0,
    0x71, 0xff, 0xf8,

    /* U+0401 "Ё" */
    0x0, 0xc3, 0x0, 0x73, 0x80, 0x10, 0x80, 0x0,
    0x0, 0x0, 0x0, 0x7f, 0xfc, 0xe, 0x6, 0x6,
    0x1, 0x7, 0x1, 0x3, 0x80, 0x1, 0xc0, 0x0,
    0xc1, 0x0, 0xe1, 0x80, 0x7f, 0x80, 0x30, 0x40,
    0x18, 0x20, 0x1c, 0x0, 0xe, 0x0, 0x6, 0x0,
    0x7, 0x0, 0x43, 0x80, 0x61, 0xc0, 0xe3, 0xff,
    0xf0,

    /* U+0402 "Ђ" */
    0x7f, 0xfe, 0xc3, 0x86, 0x83, 0x84, 0x83, 0x84,
    0x3, 0x0, 0x7, 0x0, 0x7, 0x0, 0x6, 0x7c,
    0xf, 0x8e, 0xe, 0x6, 0xc, 0x7, 0xc, 0x7,
    0x1c, 0x7, 0x1c, 0x6, 0x18, 0x6, 0x19, 0x8c,
    0x39, 0x88, 0xf9, 0xf0,

    /* U+0403 "Ѓ" */
    0x0, 0x0, 0x0, 0x1, 0x80, 0x1, 0x80, 0x1,
    0x0, 0x1, 0x0, 0x0, 0x0, 0x0, 0x0, 0x1f,
    0xff, 0x3, 0x81, 0x83, 0x80, 0x81, 0xc0, 0x40,
    0xe0, 0x0, 0x60, 0x0, 0x70, 0x0, 0x38, 0x0,
    0x1c, 0x0, 0xc, 0x0, 0xe, 0x0, 0x7, 0x0,
    0x3, 0x0, 0x3, 0x80, 0x1, 0xc0, 0x0, 0xe0,
    0x0, 0x70, 0x0, 0xfc, 0x0, 0x0,

    /* U+0404 "Є" */
    0x0, 0xff, 0x83, 0x83, 0x83, 0x80, 0xc3, 0x80,
    0x23, 0x80, 0x13, 0x80, 0x1, 0xc0, 0x1, 0xdf,
    0x0, 0xf1, 0xf0, 0x70, 0x0, 0x38, 0x0, 0x1c,
    0x0, 0xe, 0x0, 0x7, 0x0, 0x1, 0xc0, 0x10,
    0xe0, 0x30, 0x3c, 0x60, 0x7, 0xc0, 0x0,

    /* U+0405 "Ѕ" */
    0x3, 0xf8, 0x61, 0xc7, 0x6, 0x30, 0x31, 0xc1,
    0xe, 0x0, 0x38, 0x1, 0xe0, 0x7, 0x80, 0x1e,
    0x0, 0x78, 0x1, 0xc0, 0x6, 0x40, 0x31, 0x1,
    0x98, 0x18, 0xe1, 0xc4, 0xf8, 0x0,

    /* U+0406 "І" */
    0xf, 0xc0, 0x70, 0xc, 0x3, 0x80, 0x70, 0xe,
    0x1, 0x80, 0x70, 0xe, 0x1, 0x80, 0x30, 0xe,
    0x1, 0xc0, 0x30, 0xe, 0x1, 0xc0, 0x38, 0x1f,
    0x80,

    /* U+0407 "Ї" */
    0x4, 0x20, 0xe7, 0xc, 0x30, 0x0, 0x0, 0x0,
    0xfc, 0x3, 0x80, 0x30, 0x7, 0x0, 0x70, 0x7,
    0x0, 0x60, 0xe, 0x0, 0xe0, 0xc, 0x0, 0xc0,
    0x1c, 0x1, 0xc0, 0x18, 0x3, 0x80, 0x38, 0x3,
    0x80, 0xfc, 0x0,

    /* U+0408 "Ј" */
    0x1, 0xf8, 0x3, 0x80, 0x38, 0x1, 0xc0, 0xe,
    0x0, 0x60, 0x7, 0x0, 0x38, 0x1, 0xc0, 0xc,
    0x0, 0xe0, 0x7, 0x0, 0x30, 0x3, 0x83, 0x1c,
    0x1c, 0xc0, 0xee, 0x3, 0xc0, 0x0,

    /* U+0409 "Љ" */
    0x0, 0x7f, 0xfc, 0x0, 0xc, 0x1c, 0x0, 0x2,
    0x6, 0x0, 0x0, 0x83, 0x80, 0x0, 0x20, 0xe0,
    0x0, 0x18, 0x38, 0x0, 0x4, 0xc, 0x0, 0x1,
    0x7, 0x0, 0x0, 0xc1, 0xfe, 0x0, 0x20, 0x61,
    0xe0, 0x8, 0x38, 0x1c, 0x6, 0xe, 0x7, 0x1,
    0x3, 0x81, 0xc0, 0xc0, 0xc0, 0x70, 0x20, 0x70,
    0x3b, 0x18, 0x1c, 0x1c, 0xec, 0x7, 0x1e, 0x1c,
    0x7, 0xfe, 0x0,

    /* U+040A "Њ" */
    0xf, 0xe3, 0xf0, 0x1, 0xc0, 0x70, 0x1, 0xc0,
    0x38, 0x0, 0xe0, 0x18, 0x0, 0x70, 0x1c, 0x0,
    0x30, 0xe, 0x0, 0x38, 0x6, 0x0, 0x1c, 0x3,
    0x0, 0xf, 0xff, 0xfc, 0x6, 0x1, 0xc3, 0x87,
    0x0, 0xc0, 0xe3, 0x80, 0xe0, 0x71, 0x80, 0x70,
    0x39, 0xc0, 0x38, 0x1c, 0xe0, 0x18, 0x1c, 0x70,
    0x1c, 0x1e, 0x38, 0xe, 0x1c, 0x7e, 0x1f, 0xf8,
    0x0,

    /* U+040B "Ћ" */
    0x7f, 0xfe, 0x71, 0xc3, 0x20, 0xe1, 0x10, 0x70,
    0x80, 0x30, 0x40, 0x38, 0x0, 0x1c, 0x0, 0xe,
    0x0, 0xe, 0x7c, 0x7, 0xc7, 0x3, 0x81, 0xc1,
    0x80, 0xe1, 0xc0, 0x70, 0xe0, 0x30, 0x70, 0x38,
    0x30, 0x1c, 0x38, 0xe, 0x3f, 0x1f, 0x80,

    /* U+040C "Ќ" */
    0x0, 0x0, 0x0, 0x0, 0x70, 0x0, 0x1c, 0x0,
    0x6, 0x0, 0x1, 0x80, 0x0, 0x0, 0x0, 0x0,
    0x0, 0x7e, 0xe, 0x3, 0x83, 0xe0, 0xe0, 0xdc,
    0x1c, 0x10, 0x3, 0x84, 0x0, 0x60, 0x80, 0x1c,
    0x20, 0x3, 0x88, 0x0, 0x7e, 0x0, 0xc, 0x60,
    0x3, 0x8e, 0x0, 0x70, 0xc0, 0xc, 0x1c, 0x3,
    0x83, 0x80, 0x70, 0x38, 0xe, 0x7, 0x1, 0xc0,
    0xe0, 0xfc, 0x1f, 0x0,

    /* U+040D "Ѝ" */
    0x0, 0x18, 0x0, 0x0, 0xc0, 0x0, 0x7, 0x0,
    0x0, 0x18, 0x0, 0x0, 0x60, 0x0, 0x0, 0x0,
    0x3f, 0xf, 0xc0, 0x60, 0x1c, 0x7, 0x0, 0xc0,
    0x38, 0xe, 0x1, 0xc0, 0xf0, 0xc, 0xb, 0x80,
    0xe0, 0x98, 0x7, 0x9, 0xc0, 0x38, 0x8e, 0x1,
    0x88, 0x70, 0x1c, 0x83, 0x0, 0xe8, 0x38, 0x6,
    0x81, 0xc0, 0x78, 0xc, 0x3, 0xc0, 0x60, 0x1c,
    0x7, 0x0, 0xe0, 0x38, 0x1f, 0x87, 0xe0,

    /* U+040E "Ў" */
    0x0, 0x0, 0x0, 0x30, 0x80, 0x6, 0x20, 0x0,
    0x78, 0x0, 0x0, 0x0, 0x0, 0x0, 0x3f, 0xc3,
    0xf9, 0xe0, 0x18, 0x1c, 0x2, 0x3, 0x80, 0x40,
    0x30, 0x10, 0x7, 0x4, 0x0, 0xe0, 0x80, 0xc,
    0x20, 0x1, 0xc4, 0x0, 0x39, 0x0, 0x3, 0x40,
    0x0, 0x78, 0x0, 0xe, 0x0, 0x0, 0x80, 0x2,
    0x10, 0x0, 0xe4, 0x0, 0x1d, 0x0, 0x1, 0xc0,
    0x0,

    /* U+040F "Џ" */
    0xf, 0xe1, 0xf8, 0x1c, 0x7, 0x0, 0xc0, 0x38,
    0xe, 0x1, 0x80, 0x70, 0x1c, 0x3, 0x0, 0xe0,
    0x18, 0x7, 0x1, 0xc0, 0x30, 0xe, 0x3, 0x80,
    0x60, 0x1c, 0x7, 0x0, 0xc0, 0x38, 0xe, 0x1,
    0xc0, 0x70, 0xc, 0x3, 0x80, 0xe0, 0x18, 0x7,
    0x1, 0xc0, 0x38, 0xe, 0x7, 0xff, 0xfc, 0x0,
    0xf0, 0x0, 0x3, 0x0, 0x0, 0x10, 0x0, 0x0,
    0x80, 0x0, 0x0, 0x0, 0x0,

    /* U+0410 "А" */
    0x0, 0x10, 0x0, 0x18, 0x0, 0xc, 0x0, 0xf,
    0x0, 0x7, 0x80, 0x5, 0xc0, 0x2, 0x60, 0x2,
    0x30, 0x3, 0x18, 0x1, 0xe, 0x1, 0x7, 0x0,
    0xff, 0x80, 0x80, 0xc0, 0xc0, 0x60, 0x40, 0x30,
    0x60, 0x1c, 0x20, 0xe, 0x7c, 0x1f, 0x80,

    /* U+0411 "Б" */
    0xf, 0xff, 0x3, 0x83, 0x7, 0x1, 0x7, 0x1,
    0x7, 0x0, 0x7, 0x0, 0xe, 0x0, 0xe, 0x0,
    0xf, 0xf0, 0xc, 0x3c, 0x1c, 0xc, 0x1c, 0xe,
    0x1c, 0xe, 0x38, 0xc, 0x38, 0x1c, 0x38, 0x38,
    0x38, 0xf0, 0xff, 0xc0,

    /* U+0412 "В" */
    0xf, 0xfc, 0x3, 0x86, 0x3, 0x7, 0x7, 0x7,
    0x7, 0x7, 0x7, 0x7, 0x6, 0x6, 0xe, 0x1c,
    0xf, 0xf0, 0xc, 0x38, 0xc, 0x1c, 0x1c, 0xe,
    0x1c, 0xe, 0x18, 0xe, 0x38, 0x1c, 0x38, 0x1c,
    0x38, 0x38, 0xff, 0xe0,

    /* U+0413 "Г" */
    0xf, 0xff, 0x81, 0xc0, 0xc1, 0xc0, 0x40, 0xe0,
    0x20, 0x70, 0x0, 0x30, 0x0, 0x38, 0x0, 0x1c,
    0x0, 0xe, 0x0, 0x6, 0x0, 0x7, 0x0, 0x3,
    0x80, 0x1, 0x80, 0x1, 0xc0, 0x0, 0xe0, 0x0,
    0x70, 0x0, 0x38, 0x0, 0x7e, 0x0, 0x0,

    /* U+0414 "Д" */
    0x0, 0x7f, 0xf8, 0x0, 0x41, 0xc0, 0x3, 0x6,
    0x0, 0x8, 0x38, 0x0, 0x20, 0xe0, 0x0, 0x83,
    0x80, 0x4, 0xc, 0x0, 0x10, 0x70, 0x0, 0x41,
    0xc0, 0x2, 0x7, 0x0, 0x8, 0x18, 0x0, 0x40,
    0xe0, 0x1, 0x3, 0x80, 0x8, 0xc, 0x0, 0x20,
    0x70, 0x1, 0x1, 0xc0, 0x8, 0xf, 0x1, 0xff,
    0xfe, 0x6, 0x0, 0x1c, 0x10, 0x0, 0x20, 0x80,
    0x0, 0x82, 0x0, 0x2, 0x8, 0x0, 0x8, 0x0,

    /* U+0415 "Е" */
    0xf, 0xff, 0x81, 0xc0, 0xc0, 0xc0, 0x20, 0xe0,
    0x20, 0x70, 0x0, 0x38, 0x0, 0x18, 0x20, 0x1c,
    0x30, 0xf, 0xf0, 0x6, 0x8, 0x3, 0x4, 0x3,
    0x80, 0x1, 0xc0, 0x0, 0xc0, 0x0, 0xe0, 0x8,
    0x70, 0xc, 0x38, 0x1c, 0x7f, 0xfe, 0x0,

    /* U+0416 "Ж" */
    0x7, 0x87, 0xe0, 0xe0, 0xfc, 0x1c, 0x1f, 0x6,
    0x41, 0x82, 0x60, 0x4, 0x38, 0x60, 0x0, 0x43,
    0x84, 0x0, 0x4, 0x30, 0x80, 0x0, 0x63, 0x18,
    0x0, 0x2, 0x73, 0x0, 0x0, 0x1f, 0xe0, 0x0,
    0xe, 0x67, 0x0, 0x1, 0x8e, 0x38, 0x0, 0x38,
    0xe3, 0x80, 0x7, 0xe, 0x1c, 0x0, 0xe0, 0xc1,
    0xc0, 0x1e, 0x1c, 0x1c, 0x1, 0xc1, 0xc0, 0xe0,
    0x38, 0x1c, 0xe, 0xf, 0x7, 0xe0, 0xf8,

    /* U+0417 "З" */
    0x9, 0xf8, 0x1c, 0x3c, 0x60, 0x38, 0x80, 0x30,
    0x0, 0xe0, 0x1, 0xc0, 0xf, 0x0, 0xf0, 0x0,
    0xf0, 0x0, 0x70, 0x0, 0xf0, 0x0, 0xe0, 0x1,
    0xc0, 0x3, 0xa0, 0xe, 0x30, 0x1c, 0x38, 0xf0,
    0x1f, 0x80,

    /* U+0418 "И" */
    0xf, 0xc3, 0xf0, 0x18, 0x7, 0x1, 0xc0, 0x30,
    0xe, 0x3, 0x80, 0x70, 0x3c, 0x3, 0x2, 0xe0,
    0x38, 0x26, 0x1, 0xc2, 0x70, 0xe, 0x23, 0x80,
    0x62, 0x1c, 0x7, 0x20, 0xc0, 0x3a, 0xe, 0x1,
    0xa0, 0x70, 0x1e, 0x3, 0x0, 0xf0, 0x18, 0x7,
    0x1, 0xc0, 0x38, 0xe, 0x7, 0xe1, 0xf8, 0x0,

    /* U+0419 "Й" */
    0x0, 0x30, 0x0, 0x1, 0x84, 0x0, 0xc, 0x40,
    0x0, 0x3c, 0x0, 0x0, 0x0, 0x7, 0xe1, 0xf8,
    0xc, 0x3, 0x80, 0xe0, 0x18, 0x7, 0x1, 0xc0,
    0x38, 0x1e, 0x1, 0x81, 0x70, 0x1c, 0x13, 0x0,
    0xe1, 0x38, 0x7, 0x11, 0xc0, 0x31, 0xe, 0x3,
    0x90, 0x60, 0x1d, 0x7, 0x0, 0xd0, 0x38, 0xf,
    0x1, 0x80, 0x78, 0xc, 0x3, 0x80, 0xe0, 0x1c,
    0x7, 0x3, 0xf0, 0xfc, 0x0,

    /* U+041A "К" */
    0xf, 0xc1, 0xc0, 0x70, 0x7c, 0x1c, 0x1b, 0x83,
    0x82, 0x0, 0x70, 0x80, 0xc, 0x10, 0x3, 0x84,
    0x0, 0x71, 0x0, 0xf, 0xc0, 0x1, 0x8c, 0x0,
    0x71, 0xc0, 0xe, 0x18, 0x1, 0x83, 0x80, 0x70,
    0x70, 0xe, 0x7, 0x1, 0xc0, 0xe0, 0x38, 0x1c,
    0x1f, 0x83, 0xe0,

    /* U+041B "Л" */
    0x0, 0x7f, 0xf8, 0x0, 0xc1, 0xc0, 0x2, 0x6,
    0x0, 0x8, 0x38, 0x0, 0x20, 0xe0, 0x1, 0x83,
    0x80, 0x4, 0xc, 0x0, 0x10, 0x70, 0x0, 0x41,
    0xc0, 0x2, 0x6, 0x0, 0x8, 0x18, 0x0, 0x60,
    0xe0, 0x1, 0x3, 0x80, 0x4, 0xc, 0x0, 0x20,
    0x70, 0x39, 0x81, 0xc0, 0xec, 0x7, 0x1, 0xc0,
    0x7f, 0x0,

    /* U+041C "М" */
    0xf, 0x80, 0x1f, 0x3, 0x80, 0x1c, 0x3, 0x80,
    0x3c, 0x3, 0x80, 0x7c, 0x5, 0x80, 0x58, 0x5,
    0xc0, 0xb8, 0x5, 0xc1, 0xb8, 0xd, 0xc1, 0x30,
    0x9, 0xc2, 0x30, 0x8, 0xc6, 0x70, 0x8, 0xc4,
    0x70, 0x18, 0xc8, 0x60, 0x10, 0xd8, 0xe0, 0x10,
    0xd0, 0xe0, 0x30, 0xe0, 0xe0, 0x30, 0xe0, 0xc0,
    0x30, 0xc1, 0xc0, 0xf8, 0x87, 0xf0,

    /* U+041D "Н" */
    0xf, 0xe1, 0xf8, 0x1c, 0x7, 0x0, 0xc0, 0x38,
    0xe, 0x1, 0x80, 0x70, 0xc, 0x3, 0x80, 0xe0,
    0x18, 0x7, 0x1, 0xc0, 0x30, 0xf, 0xff, 0x80,
    0x70, 0x1c, 0x3, 0x0, 0xe0, 0x38, 0x6, 0x1,
    0xc0, 0x70, 0xc, 0x3, 0x80, 0xe0, 0x18, 0x7,
    0x0, 0xc0, 0x38, 0xe, 0x7, 0xe1, 0xfc, 0x0,

    /* U+041E "О" */
    0x0, 0xfc, 0x1, 0xc3, 0x1, 0x80, 0xc1, 0x80,
    0x71, 0x80, 0x39, 0xc0, 0x1d, 0xc0, 0xe, 0xe0,
    0x7, 0x70, 0x3, 0xf0, 0x1, 0xf8, 0x1, 0xdc,
    0x0, 0xee, 0x0, 0xe7, 0x0, 0x63, 0x80, 0x70,
    0xc0, 0x70, 0x30, 0x60, 0xf, 0xc0, 0x0,

    /* U+041F "П" */
    0xf, 0xff, 0xf0, 0x1c, 0x7, 0x1, 0xc0, 0x38,
    0xe, 0x1, 0x80, 0x70, 0x1c, 0x3, 0x0, 0xe0,
    0x38, 0x6, 0x1, 0xc0, 0x70, 0xc, 0x3, 0x80,
    0x60, 0x1c, 0x7, 0x0, 0xc0, 0x38, 0xe, 0x1,
    0x80, 0x70, 0x1c, 0x3, 0x0, 0xe0, 0x18, 0x7,
    0x1, 0xc0, 0x38, 0xe, 0x7, 0xe1, 0xf8, 0x0,

    /* U+0420 "Р" */
    0xf, 0xfc, 0x3, 0x8e, 0x3, 0x7, 0x7, 0x7,
    0x7, 0x3, 0x7, 0x7, 0x6, 0x7, 0xe, 0x6,
    0xe, 0x1c, 0xf, 0xf8, 0xc, 0x0, 0x1c, 0x0,
    0x1c, 0x0, 0x1c, 0x0, 0x38, 0x0, 0x38, 0x0,
    0x38, 0x0, 0xfc, 0x0,

    /* U+0421 "С" */
    0x0, 0xff, 0x81, 0xc3, 0xc3, 0x80, 0x63, 0x80,
    0x23, 0x80, 0x11, 0xc0, 0x1, 0xc0, 0x0, 0xe0,
    0x0, 0xf0, 0x0, 0x70, 0x0, 0x38, 0x0, 0x1c,
    0x0, 0xe, 0x0, 0x7, 0x0, 0x1, 0xc0, 0x10,
    0x70, 0x10, 0x1c, 0x30, 0x7, 0xe0, 0x0,

    /* U+0422 "Т" */
    0x7f, 0xff, 0x87, 0xe, 0xe, 0x14, 0x18, 0x20,
    0x70, 0x0, 0xe0, 0x1, 0xc0, 0x3, 0x0, 0xe,
    0x0, 0x1c, 0x0, 0x38, 0x0, 0x60, 0x1, 0xc0,
    0x3, 0x80, 0x6, 0x0, 0xc, 0x0, 0x38, 0x1,
    0xfc, 0x0,

    /* U+0423 "У" */
    0xff, 0xf, 0xe7, 0x80, 0x60, 0x70, 0x8, 0xe,
    0x1, 0x0, 0xc0, 0x40, 0x1c, 0x10, 0x3, 0x82,
    0x0, 0x30, 0x80, 0x7, 0x10, 0x0, 0xe4, 0x0,
    0xd, 0x0, 0x1, 0xe0, 0x0, 0x38, 0x0, 0x2,
    0x0, 0x8, 0x40, 0x3, 0x90, 0x0, 0x74, 0x0,
    0x7, 0x0, 0x0,

    /* U+0424 "Ф" */
    0x0, 0xfe, 0x0, 0x3, 0x80, 0x0, 0x38, 0x0,
    0x3f, 0xf0, 0xe, 0x31, 0xc1, 0x83, 0xe, 0x30,
    0x70, 0x67, 0x7, 0x7, 0x70, 0x60, 0x6e, 0xe,
    0xe, 0xe0, 0xe0, 0xe6, 0xe, 0x1c, 0x70, 0xc3,
    0x83, 0x9c, 0x70, 0xf, 0xf8, 0x0, 0x18, 0x0,
    0x3, 0x80, 0x0, 0x7e, 0x0,

    /* U+0425 "Х" */
    0x1f, 0xc7, 0xc1, 0xc0, 0xe0, 0x70, 0x30, 0xe,
    0x18, 0x3, 0x8c, 0x0, 0x66, 0x0, 0x1d, 0x0,
    0x7, 0x80, 0x0, 0xe0, 0x0, 0x38, 0x0, 0x1e,
    0x0, 0xd, 0xc0, 0x2, 0x70, 0x1, 0xc, 0x0,
    0x83, 0x80, 0x40, 0x60, 0x30, 0x1c, 0x3e, 0x1f,
    0xc0,

    /* U+0426 "Ц" */
    0xf, 0xc3, 0xf0, 0x18, 0x7, 0x1, 0xc0, 0x30,
    0xe, 0x1, 0x80, 0x70, 0x1c, 0x3, 0x0, 0xe0,
    0x38, 0x6, 0x1, 0xc0, 0x70, 0xe, 0x3, 0x80,
    0x60, 0x1c, 0x7, 0x0, 0xc0, 0x38, 0xe, 0x1,
    0x80, 0x70, 0xc, 0x3, 0x0, 0xe0, 0x18, 0x7,
    0x1, 0xc0, 0x38, 0xe, 0x3, 0xff, 0xf8, 0x0,
    0x0, 0xe0, 0x0, 0x2, 0x0, 0x0, 0x10, 0x0,
    0x0, 0x80, 0x0, 0x4, 0x0,

    /* U+0427 "Ч" */
    0xfc, 0x3f, 0x38, 0x1c, 0x30, 0x1c, 0x30, 0x1c,
    0x70, 0x18, 0x70, 0x18, 0x60, 0x38, 0x60, 0x38,
    0x70, 0xf0, 0x3f, 0x70, 0x0, 0x70, 0x0, 0x70,
    0x0, 0x60, 0x0, 0xe0, 0x0, 0xe0, 0x0, 0xc0,
    0x1, 0xc0, 0x3, 0xf0,

    /* U+0428 "Ш" */
    0xf, 0xc7, 0xe3, 0xf0, 0x30, 0x38, 0x1c, 0x7,
    0x3, 0x81, 0xc0, 0x70, 0x38, 0x1c, 0x7, 0x3,
    0x81, 0x80, 0x60, 0x30, 0x38, 0xe, 0x7, 0x3,
    0x80, 0xe0, 0x70, 0x38, 0xc, 0x6, 0x3, 0x0,
    0xc0, 0x60, 0x70, 0x1c, 0xe, 0x7, 0x1, 0xc0,
    0xe0, 0x70, 0x18, 0xc, 0x6, 0x3, 0x81, 0xc0,
    0xe0, 0x38, 0x1c, 0xe, 0x3, 0x81, 0x80, 0xc0,
    0x30, 0x38, 0x1c, 0xf, 0xff, 0xff, 0xf0,

    /* U+0429 "Щ" */
    0xf, 0xc7, 0xe3, 0xf0, 0x30, 0x18, 0x1c, 0x7,
    0x3, 0x81, 0xc0, 0x70, 0x38, 0x1c, 0x7, 0x3,
    0x81, 0x80, 0x60, 0x30, 0x38, 0xe, 0x7, 0x3,
    0x80, 0xe0, 0x70, 0x38, 0xc, 0x6, 0x3, 0x0,
    0xc0, 0x60, 0x70, 0x1c, 0xe, 0x7, 0x1, 0xc0,
    0xe0, 0x70, 0x18, 0xc, 0x6, 0x1, 0x81, 0xc0,
    0xe0, 0x38, 0x1c, 0xe, 0x3, 0x81, 0x80, 0xc0,
    0x30, 0x38, 0x1c, 0x7, 0xff, 0xff, 0xe0, 0x0,
    0x0, 0x7, 0x0, 0x0, 0x0, 0x30, 0x0, 0x0,
    0x3, 0x0, 0x0, 0x0, 0x20, 0x0, 0x0, 0x2,
    0x0,

    /* U+042A "Ъ" */
    0x7f, 0xf0, 0x61, 0xc0, 0x41, 0xc0, 0x81, 0xc0,
    0x81, 0x80, 0x3, 0x80, 0x3, 0x80, 0x3, 0x80,
    0x3, 0xfc, 0x7, 0xf, 0x7, 0x7, 0x6, 0x7,
    0xe, 0x7, 0xe, 0x7, 0xe, 0x7, 0xc, 0xe,
    0x1c, 0x3c, 0x3f, 0xe0,

    /* U+042B "Ы" */
    0xf, 0xc0, 0x1f, 0x81, 0xc0, 0x7, 0x1, 0xc0,
    0x3, 0x80, 0xe0, 0x1, 0xc0, 0x70, 0x0, 0xe0,
    0x30, 0x0, 0x60, 0x38, 0x0, 0x70, 0x1c, 0x0,
    0x38, 0xf, 0xf0, 0x18, 0x6, 0x1e, 0xc, 0x7,
    0x3, 0x8e, 0x3, 0x81, 0xc7, 0x1, 0xc0, 0xe3,
    0x1, 0xc0, 0xe3, 0x80, 0xe0, 0x71, 0xc0, 0x70,
    0x70, 0xe0, 0x30, 0xf0, 0x70, 0x7f, 0xe0, 0xfc,
    0x0,

    /* U+042C "Ь" */
    0xf, 0xc0, 0x7, 0x0, 0x1c, 0x0, 0x38, 0x0,
    0x70, 0x0, 0xc0, 0x3, 0x80, 0x7, 0x0, 0xf,
    0xf0, 0x18, 0x78, 0x70, 0x38, 0xe0, 0x71, 0xc0,
    0xe7, 0x3, 0x8e, 0x7, 0x1c, 0x1c, 0x30, 0xf1,
    0xff, 0x80,

    /* U+042D "Э" */
    0xf, 0xf8, 0xe, 0xc, 0x18, 0x6, 0x10, 0x7,
    0x10, 0x7, 0x0, 0x7, 0x0, 0x7, 0xf, 0x87,
    0x1, 0xff, 0x0, 0x7, 0x0, 0x7, 0x0, 0xe,
    0x0, 0xe, 0x0, 0x1c, 0x80, 0x1c, 0x40, 0x38,
    0x30, 0xe0, 0xf, 0xc0,

    /* U+042E "Ю" */
    0xf, 0xc0, 0x3f, 0x0, 0x70, 0x18, 0x30, 0xc,
    0x6, 0x3, 0x3, 0x83, 0x80, 0x70, 0x70, 0x60,
    0xe, 0xc, 0x1c, 0x1, 0xc3, 0x87, 0x0, 0x38,
    0x70, 0xe0, 0x7, 0xf, 0xf8, 0x0, 0xe1, 0x87,
    0x0, 0x3c, 0x70, 0xe0, 0x7, 0xe, 0x1c, 0x0,
    0xe1, 0x83, 0x80, 0x38, 0x70, 0x70, 0x6, 0xe,
    0xe, 0x1, 0x81, 0xc0, 0xc0, 0x60, 0x78, 0xc,
    0x38, 0x1f, 0x80, 0xfc, 0x0,

    /* U+042F "Я" */
    0x0, 0x3f, 0xf0, 0xe, 0xc, 0x3, 0xc0, 0xc0,
    0x38, 0x1c, 0x3, 0x81, 0xc0, 0x70, 0x18, 0x3,
    0x81, 0x80, 0x38, 0x38, 0x1, 0xe3, 0x0, 0x3,
    0xf0, 0x0, 0xe7, 0x0, 0x1c, 0x70, 0x3, 0x86,
    0x0, 0x70, 0x60, 0xe, 0xe, 0x1, 0xc0, 0xe0,
    0x38, 0xe, 0xf, 0x3, 0xf0,

    /* U+0430 "а" */
    0x3, 0xd0, 0x61, 0x86, 0xc, 0x30, 0x63, 0x6,
    0x38, 0x31, 0x81, 0x8c, 0x1c, 0xe1, 0xc7, 0x16,
    0xdd, 0xb4, 0x71, 0xc0,

    /* U+0431 "б" */
    0x0, 0x4, 0x0, 0xf0, 0xf, 0xc0, 0x3c, 0x0,
    0xc0, 0x2, 0x0, 0x8, 0x0, 0x13, 0xe0, 0x48,
    0x60, 0xe0, 0xc3, 0xc1, 0xc7, 0x3, 0x8e, 0x6,
    0x18, 0xc, 0x30, 0x38, 0x60, 0x60, 0xc1, 0x81,
    0x86, 0x0, 0xf0, 0x0,

    /* U+0432 "в" */
    0x7, 0xc6, 0x33, 0xd, 0xc6, 0x63, 0x3f, 0xcc,
    0x3b, 0x6, 0xc1, 0xb0, 0xcc, 0x31, 0xf0,

    /* U+0433 "г" */
    0xf, 0x8, 0xd8, 0x60, 0x70, 0x70, 0x70, 0xe0,
    0xe0, 0x60, 0x60, 0xb8, 0x8f, 0x80,

    /* U+0434 "д" */
    0x4, 0x0, 0x30, 0x1, 0x80, 0xc, 0x0, 0x60,
    0x6, 0x0, 0x60, 0x7b, 0x18, 0x73, 0x7, 0x70,
    0x76, 0x6, 0xe0, 0x6c, 0x6, 0xc0, 0xcc, 0xc,
    0xc1, 0x8c, 0x30, 0x7c, 0x0,

    /* U+0435 "е" */
    0x7, 0x82, 0x33, 0xc, 0xc2, 0x61, 0xb9, 0x8f,
    0x83, 0x0, 0xc0, 0x30, 0x4e, 0x21, 0xf0,

    /* U+0436 "ж" */
    0xf, 0x6, 0x1f, 0x19, 0xc6, 0x18, 0xc0, 0x63,
    0x18, 0xe0, 0x39, 0x98, 0x0, 0x1c, 0xcc, 0x0,
    0xf, 0xfe, 0x0, 0x6, 0x66, 0x0, 0x3, 0x33,
    0x0, 0x43, 0x19, 0x80, 0x61, 0x18, 0xe1, 0x31,
    0x8c, 0x31, 0xf, 0x6, 0xf, 0x0,

    /* U+0437 "з" */
    0x1f, 0x86, 0x18, 0x83, 0x80, 0x60, 0xc, 0xe,
    0x0, 0xe0, 0xe, 0x1, 0xd0, 0x31, 0xe, 0x1f,
    0x0,

    /* U+0438 "и" */
    0xf0, 0x63, 0x6, 0x30, 0xe7, 0xc, 0x61, 0xc6,
    0x1c, 0x63, 0xce, 0x58, 0xc5, 0x8c, 0x9a, 0xd3,
    0xce, 0x18,

    /* U+0439 "й" */
    0x6, 0x10, 0x62, 0x7, 0xc0, 0x0, 0x0, 0xf,
    0x6, 0x30, 0x63, 0xe, 0x60, 0xc6, 0x1c, 0x61,
    0xc6, 0x3c, 0xc5, 0x8c, 0x58, 0xc9, 0xad, 0x3c,
    0xe1, 0x80,

    /* U+043A "к" */
    0x1c, 0x71, 0xc7, 0xc6, 0x20, 0x32, 0x3, 0x20,
    0x1f, 0x0, 0xcc, 0x6, 0x70, 0x63, 0x83, 0xc,
    0x98, 0x75, 0x81, 0xc0,

    /* U+043B "л" */
    0x0, 0xf0, 0x4, 0x60, 0x21, 0x80, 0x86, 0x2,
    0x18, 0x10, 0xc0, 0x43, 0x1, 0xc, 0x4, 0x60,
    0x21, 0x9e, 0x86, 0x9c, 0x1c,

    /* U+043C "м" */
    0x7, 0x81, 0x80, 0x60, 0xe0, 0x18, 0x58, 0xe,
    0x1c, 0x3, 0x8b, 0x1, 0x62, 0xc0, 0x5d, 0x30,
    0x17, 0x98, 0x4, 0xe6, 0x2, 0x31, 0xae, 0x8c,
    0x69, 0xc2, 0x1c,

    /* U+043D "н" */
    0x38, 0x30, 0xc1, 0x86, 0xc, 0x30, 0xc3, 0x6,
    0x1f, 0xf0, 0xc1, 0x8c, 0x18, 0x60, 0xc3, 0x6,
    0x98, 0x39, 0x81, 0x80,

    /* U+043E "о" */
    0x7, 0xc1, 0x86, 0x30, 0x67, 0x7, 0x60, 0x7e,
    0x6, 0xc0, 0x6c, 0xc, 0xc0, 0xcc, 0x18, 0xc3,
    0x7, 0xc0,

    /* U+043F "п" */
    0x1c, 0xe1, 0xcf, 0x86, 0x8c, 0x38, 0xe3, 0x46,
    0x1c, 0x30, 0xc1, 0x86, 0x18, 0x60, 0xc3, 0x6,
    0x98, 0x35, 0x81, 0xc0,

    /* U+0440 "р" */
    0xf, 0x78, 0xd, 0x38, 0x1c, 0x38, 0x30, 0x70,
    0x60, 0xe1, 0x81, 0x83, 0x3, 0x6, 0xc, 0x8,
    0x18, 0x30, 0x60, 0x61, 0x80, 0xfc, 0x1, 0x80,
    0x6, 0x0, 0xc, 0x0, 0x18, 0x0, 0x30, 0x0,
    0xf0, 0x0,

    /* U+0441 "с" */
    0x7, 0x86, 0x33, 0xd, 0x80, 0x60, 0x30, 0xc,
    0x3, 0x0, 0xc0, 0x30, 0x4e, 0x31, 0xf0,

    /* U+0442 "т" */
    0x1c, 0x61, 0xc7, 0x3e, 0x58, 0x69, 0x93, 0xe,
    0x34, 0x63, 0xc7, 0x1c, 0x70, 0xc3, 0xc, 0x38,
    0x61, 0x86, 0xc, 0x60, 0xc3, 0xc, 0x18, 0x65,
    0x86, 0xd, 0x70, 0xc1, 0xc0,

    /* U+0443 "у" */
    0x78, 0x31, 0x83, 0x18, 0x73, 0x6, 0x30, 0xe3,
    0xe, 0x31, 0xe6, 0x2c, 0x62, 0xc6, 0x4c, 0x69,
    0x87, 0x18, 0x1, 0x80, 0x10, 0x3, 0xc, 0x20,
    0xc4, 0x7, 0x80,

    /* U+0444 "ф" */
    0x0, 0xf, 0x0, 0x6, 0xc0, 0x3, 0x10, 0x0,
    0xc0, 0x0, 0x20, 0x0, 0x18, 0x0, 0xf6, 0xf8,
    0x63, 0xc7, 0x30, 0xe1, 0xd8, 0x30, 0x36, 0xc,
    0x1f, 0x3, 0x7, 0xc0, 0xc1, 0xb0, 0x60, 0x6c,
    0x18, 0x33, 0xe, 0xc, 0xe7, 0xc6, 0x1e, 0x4e,
    0x0, 0x30, 0x0, 0xc, 0x0, 0x3, 0x0, 0xc,
    0x80, 0x3, 0x60, 0x0, 0xe0, 0x0,

    /* U+0445 "х" */
    0xe, 0x38, 0xb3, 0xc1, 0xe0, 0x7, 0x0, 0x30,
    0x1, 0x80, 0xc, 0x0, 0xb0, 0x9, 0x80, 0x4c,
    0xbc, 0x79, 0xc1, 0x80,

    /* U+0446 "ц" */
    0xf0, 0x63, 0x6, 0x30, 0xe7, 0xc, 0x61, 0xc6,
    0x1c, 0x63, 0xce, 0x58, 0xc5, 0x8c, 0x9a, 0xd3,
    0xee, 0x1c, 0x0, 0x40, 0x4, 0x0, 0x40, 0x4,
    0x0, 0x80,

    /* U+0447 "ч" */
    0xf0, 0x63, 0xe, 0x30, 0xe7, 0x1c, 0x62, 0xc6,
    0x2c, 0x65, 0xc7, 0x98, 0x1, 0x80, 0x1a, 0x3,
    0xc0, 0x18,

    /* U+0448 "ш" */
    0xf0, 0x60, 0xcc, 0x18, 0x73, 0xe, 0x19, 0xc3,
    0x6, 0x61, 0xc3, 0x98, 0x70, 0xe6, 0x3c, 0x73,
    0x96, 0x2c, 0xc5, 0x93, 0x32, 0x65, 0xdd, 0x1a,
    0x7b, 0x87, 0x1c,

    /* U+0449 "щ" */
    0xf0, 0x60, 0xcc, 0x18, 0x73, 0xe, 0x19, 0xc3,
    0x6, 0x61, 0xc3, 0x98, 0x70, 0xe6, 0x3c, 0x73,
    0x96, 0x2c, 0xc5, 0x93, 0x32, 0x65, 0xdd, 0x1a,
    0x7b, 0x87, 0xe, 0x0, 0x0, 0x80, 0x0, 0x20,
    0x0, 0x8, 0x0, 0x4, 0x0, 0x0, 0x0,

    /* U+044A "ъ" */
    0x3f, 0xc6, 0x3c, 0x30, 0xc0, 0xc, 0x0, 0x4f,
    0x7, 0x9c, 0x30, 0x63, 0x83, 0x18, 0x18, 0xc1,
    0x83, 0x18, 0xf, 0x80,

    /* U+044B "ы" */
    0x78, 0xf, 0x18, 0x1, 0x8c, 0x0, 0xc6, 0x0,
    0xc6, 0x78, 0x63, 0xce, 0x31, 0x83, 0x39, 0xc1,
    0x98, 0xc0, 0xcc, 0x60, 0xc6, 0x98, 0xc3, 0x87,
    0xc1, 0x80,

    /* U+044C "ь" */
    0xf0, 0xc, 0x3, 0x0, 0xc0, 0x67, 0x9e, 0x76,
    0xf, 0x83, 0xc0, 0xf0, 0x66, 0x30, 0xf8,

    /* U+044D "э" */
    0x1f, 0x86, 0x18, 0x83, 0x20, 0x30, 0xe, 0x3f,
    0xc0, 0x38, 0x6, 0x0, 0xd0, 0x31, 0xc, 0x1f,
    0x0,

    /* U+044E "ю" */
    0x1c, 0xf, 0xe, 0xc, 0x61, 0x8e, 0xc, 0x63,
    0x3, 0x31, 0x80, 0xcf, 0xe0, 0x73, 0x38, 0x18,
    0x8c, 0x6, 0x63, 0x3, 0x18, 0xc0, 0x86, 0x18,
    0x43, 0x3, 0xe0,

    /* U+044F "я" */
    0x7, 0xf8, 0x60, 0xc7, 0xc, 0x38, 0x60, 0xe3,
    0x1, 0xf8, 0x1d, 0x81, 0x8c, 0x1c, 0x60, 0xc3,
    0x6e, 0x3c, 0xe0, 0xc0,

    /* U+0450 "ѐ" */
    0x6, 0x1, 0x80, 0x30, 0x4, 0x0, 0x80, 0x0,
    0x78, 0x23, 0x30, 0xcc, 0x26, 0x1b, 0x98, 0xf8,
    0x30, 0xc, 0x3, 0x4, 0xe2, 0x1f, 0x0,

    /* U+0451 "ё" */
    0x8, 0x43, 0x9c, 0x61, 0x80, 0x0, 0x0, 0xf,
    0x2, 0x31, 0x86, 0x30, 0x8c, 0x33, 0x98, 0x7c,
    0xc, 0x1, 0x80, 0x30, 0x47, 0x10, 0x7c, 0x0,

    /* U+0452 "ђ" */
    0x1e, 0x0, 0xc0, 0xc, 0x7, 0xf8, 0x18, 0x1,
    0x80, 0x18, 0xe1, 0x97, 0x32, 0x33, 0x43, 0x38,
    0x37, 0x3, 0x70, 0x76, 0x7, 0x60, 0x6e, 0x6,
    0xc0, 0x6c, 0xc, 0x0, 0xc0, 0x18, 0x61, 0x86,
    0x30, 0x62, 0x3, 0xc0,

    /* U+0453 "ѓ" */
    0x0, 0xc0, 0x70, 0x38, 0x18, 0x8, 0x0, 0x0,
    0xf0, 0x46, 0x61, 0x80, 0xe0, 0x70, 0x38, 0x38,
    0x1c, 0x6, 0x3, 0x4, 0xe2, 0x1f, 0x0,

    /* U+0454 "є" */
    0xf, 0xc6, 0x13, 0x5, 0x80, 0x40, 0x3f, 0xcc,
    0x3, 0x0, 0xc0, 0x30, 0x4e, 0x20, 0xf0,

    /* U+0455 "ѕ" */
    0xf, 0x8c, 0x46, 0x23, 0x1, 0xc0, 0x60, 0x38,
    0xe, 0x83, 0x41, 0xb1, 0x9f, 0x80,

    /* U+0456 "і" */
    0x8, 0x70, 0x80, 0x0, 0xf, 0x8c, 0x30, 0xc7,
    0x18, 0x61, 0x8e, 0x32, 0xd3, 0x80,

    /* U+0457 "ї" */
    0x63, 0x71, 0xd0, 0x40, 0x0, 0x3, 0xc0, 0xe0,
    0x60, 0x30, 0x18, 0x1c, 0xc, 0x6, 0x3, 0x3,
    0xa1, 0xa0, 0x60, 0x0,

    /* U+0458 "ј" */
    0x0, 0xc0, 0x1c, 0x1, 0x0, 0x0, 0x0, 0x0,
    0x0, 0x0, 0x3e, 0x1, 0x80, 0x30, 0x6, 0x0,
    0xc0, 0x30, 0x6, 0x0, 0xc0, 0x18, 0x6, 0x0,
    0xc0, 0x18, 0x3, 0x0, 0xc1, 0x98, 0x32, 0x3,
    0x80,

    /* U+0459 "љ" */
    0x0, 0xf8, 0x0, 0x23, 0x0, 0x8, 0x60, 0x1,
    0xc, 0x0, 0x21, 0x3c, 0x8, 0x69, 0xc1, 0xe,
    0x18, 0x21, 0x83, 0x4, 0x30, 0x61, 0x6, 0x1b,
    0xa0, 0xc3, 0x38, 0xf, 0x80,

    /* U+045A "њ" */
    0x3c, 0x30, 0x6, 0xc, 0x1, 0x83, 0x0, 0x61,
    0x80, 0x30, 0x67, 0x8f, 0xfe, 0x73, 0x6, 0xc,
    0xc3, 0x83, 0x60, 0xc0, 0xd8, 0x30, 0x66, 0x6,
    0x33, 0x80, 0xf8,

    /* U+045B "ћ" */
    0x0, 0x3, 0xc0, 0xc, 0x0, 0xc0, 0x7f, 0x81,
    0x80, 0x18, 0x1, 0x8e, 0x33, 0xe3, 0x46, 0x38,
    0x66, 0x8e, 0x70, 0xc6, 0xc, 0x60, 0xce, 0x18,
    0xc1, 0x9c, 0x1a, 0xc1, 0xc0,

    /* U+045C "ќ" */
    0x0, 0x30, 0x3, 0x80, 0x30, 0x2, 0x0, 0x0,
    0x0, 0x0, 0x71, 0xc7, 0x1f, 0x18, 0x80, 0xc8,
    0xc, 0x80, 0x7c, 0x3, 0x30, 0x19, 0xc1, 0x8e,
    0xc, 0x32, 0x61, 0xd6, 0x7, 0x0,

    /* U+045D "ѝ" */
    0xc, 0x0, 0xe0, 0x6, 0x0, 0x30, 0x0, 0x0,
    0x0, 0xf0, 0x63, 0x6, 0x30, 0xe6, 0xc, 0x61,
    0xc6, 0x1c, 0x63, 0xcc, 0x58, 0xc5, 0x8c, 0x9a,
    0xd3, 0xce, 0x18,

    /* U+045E "ў" */
    0x0, 0x0, 0x38, 0x80, 0xc4, 0x3, 0xc0, 0x0,
    0x3c, 0x18, 0x60, 0xc3, 0xe, 0x38, 0x61, 0x87,
    0xc, 0x38, 0x63, 0xc6, 0x2c, 0x31, 0x61, 0x93,
    0xd, 0x30, 0x71, 0x80, 0xc, 0x0, 0x40, 0x6,
    0xc, 0x20, 0x62, 0x1, 0xe0, 0x0,

    /* U+045F "џ" */
    0xf0, 0x63, 0x6, 0x30, 0xe3, 0xe, 0x60, 0xc6,
    0x1c, 0x62, 0xc6, 0x38, 0xc5, 0x8c, 0x9a, 0xd1,
    0xce, 0x5c, 0xc, 0x0, 0xc0, 0xc, 0x0, 0x80,
    0x10, 0x0,

    /* U+0460 "Ѡ" */
    0x1, 0xf0, 0x78, 0x3, 0xc, 0xc7, 0x3, 0xe,
    0x71, 0xc3, 0x7, 0x38, 0x63, 0x80, 0x0, 0x33,
    0x80, 0x0, 0x1d, 0xc0, 0x0, 0xe, 0xc0, 0x0,
    0x7, 0xe0, 0x0, 0x7, 0x70, 0x3f, 0x3, 0xb8,
    0xe, 0x1, 0xdc, 0x7, 0x0, 0xce, 0x3, 0x80,
    0xe7, 0x1, 0x80, 0x61, 0x81, 0xc0, 0x70, 0xc0,
    0xb0, 0x30, 0x30, 0x88, 0x70, 0xf, 0x83, 0xe0,
    0x0,

    /* U+0461 "ѡ" */
    0xf, 0xe, 0x8, 0x8d, 0x8c, 0x46, 0x6c, 0x0,
    0x3e, 0x8, 0x3f, 0xe, 0x1f, 0x6, 0xd, 0x83,
    0x6, 0xc1, 0x6, 0x61, 0x83, 0x11, 0x43, 0x7,
    0x1e, 0x0,

    /* U+0462 "Ѣ" */
    0x7, 0xe0, 0x1, 0xc0, 0x7f, 0xff, 0xc3, 0x82,
    0x83, 0x82, 0x83, 0x82, 0x3, 0x0, 0x7, 0x0,
    0x7, 0xf8, 0x6, 0x1e, 0xe, 0x7, 0xe, 0x7,
    0xe, 0x7, 0xc, 0x7, 0x1c, 0xe, 0x1c, 0x1c,
    0x1c, 0x78, 0x7f, 0xe0,

    /* U+0463 "ѣ" */
    0x1c, 0xe0, 0xe, 0x7c, 0x1, 0xa3, 0x0, 0x71,
    0x80, 0x34, 0x67, 0x8e, 0x1e, 0x63, 0x6, 0xc,
    0xc3, 0x3, 0x60, 0xc1, 0x98, 0x30, 0x66, 0xe,
    0x33, 0x1, 0xf8,

    /* U+0464 "Ѥ" */
    0xf, 0xc0, 0x3f, 0xe0, 0x60, 0x1c, 0x3c, 0x1c,
    0xe, 0x1, 0x3, 0x83, 0x80, 0x20, 0x70, 0xe0,
    0x4, 0xc, 0x1c, 0x0, 0x3, 0x87, 0x0, 0x0,
    0x70, 0xff, 0x0, 0xf, 0xfc, 0x3e, 0x1, 0x87,
    0x0, 0x0, 0x70, 0xe0, 0x0, 0xe, 0x1c, 0x0,
    0x1, 0x83, 0x80, 0x0, 0x70, 0x30, 0x0, 0xe,
    0x7, 0x0, 0x41, 0xc0, 0x70, 0x10, 0x78, 0x7,
    0xc, 0x1f, 0x80, 0x7e, 0x0,

    /* U+0465 "ѥ" */
    0x1c, 0x1f, 0x9c, 0x30, 0xc6, 0x30, 0x23, 0x30,
    0x3, 0x18, 0x1, 0xff, 0xe0, 0xce, 0x0, 0x47,
    0x0, 0x63, 0x80, 0x30, 0xc1, 0x18, 0x71, 0x18,
    0x1f, 0x0,

    /* U+0466 "Ѧ" */
    0x0, 0x4, 0x0, 0x0, 0x60, 0x0, 0x3, 0x80,
    0x0, 0x3c, 0x0, 0x2, 0x60, 0x0, 0x13, 0x0,
    0x1, 0x1c, 0x0, 0x10, 0xe0, 0x0, 0x83, 0x0,
    0x8, 0x18, 0x0, 0x80, 0xe0, 0x7, 0xff, 0x0,
    0x47, 0x18, 0x4, 0x30, 0xc0, 0x61, 0x87, 0x2,
    0x1c, 0x38, 0x30, 0xe1, 0xc7, 0xdf, 0x9f, 0x80,

    /* U+0467 "ѧ" */
    0x0, 0x70, 0x0, 0x18, 0x0, 0x16, 0x0, 0x13,
    0x0, 0x11, 0x80, 0x10, 0xc0, 0xc, 0xf0, 0xb,
    0x98, 0x4, 0x8c, 0x4, 0x46, 0x7a, 0x41, 0xce,
    0x20, 0xc0,

    /* U+0468 "Ѩ" */
    0xf, 0xc0, 0x4, 0x0, 0x38, 0x0, 0xc0, 0x7,
    0x0, 0x1c, 0x0, 0x70, 0x1, 0xe0, 0x7, 0x0,
    0x2e, 0x0, 0x60, 0x4, 0x60, 0xe, 0x0, 0x46,
    0x0, 0xe0, 0x8, 0x70, 0xe, 0x1, 0x7, 0x0,
    0xc0, 0x10, 0x30, 0x1c, 0x2, 0x3, 0x1, 0xff,
    0xff, 0xf8, 0x18, 0x4, 0x63, 0x83, 0x80, 0x8e,
    0x38, 0x38, 0x10, 0xe1, 0x83, 0x83, 0xe, 0x1c,
    0x38, 0x20, 0xc1, 0xcf, 0xdf, 0x3f, 0x7f,

    /* U+0469 "ѩ" */
    0x1c, 0x7, 0x1, 0xc0, 0x18, 0x6, 0x1, 0xc0,
    0x30, 0x36, 0x3, 0x1, 0x18, 0x18, 0x10, 0xc0,
    0xff, 0xce, 0x6, 0xb, 0xb0, 0x60, 0x99, 0xc3,
    0x4, 0x86, 0x9b, 0x44, 0x35, 0xdc, 0x21, 0xc0,

    /* U+046A "Ѫ" */
    0x0, 0x3f, 0xfc, 0x0, 0xc, 0x4, 0x0, 0x7,
    0x4, 0x0, 0x3, 0x86, 0x0, 0x0, 0xc2, 0x0,
    0x0, 0x62, 0x0, 0x0, 0x3a, 0x0, 0x0, 0xd,
    0x0, 0x0, 0x3f, 0xe0, 0x0, 0x63, 0x18, 0x0,
    0xe3, 0x8e, 0x0, 0x71, 0xc7, 0x0, 0x70, 0xe1,
    0xc0, 0x70, 0x60, 0xe0, 0x78, 0x70, 0x70, 0x38,
    0x38, 0x1c, 0x38, 0x1c, 0xe, 0x78, 0x3f, 0x7,
    0xc0,

    /* U+046B "ѫ" */
    0x0, 0xff, 0x0, 0x18, 0x40, 0x1, 0x10, 0x0,
    0x34, 0x0, 0x2, 0x80, 0x3, 0xf8, 0x1, 0xcd,
    0x80, 0x73, 0x18, 0xc, 0x63, 0x3, 0x8c, 0x66,
    0x63, 0x8f, 0xb8, 0x60, 0xe0,

    /* U+046C "Ѭ" */
    0xf, 0xc0, 0x3f, 0xfc, 0x1, 0xc0, 0xc, 0x4,
    0x1, 0xc0, 0x7, 0x4, 0x0, 0xe0, 0x3, 0x82,
    0x0, 0x70, 0x0, 0xc2, 0x0, 0x30, 0x0, 0x72,
    0x0, 0x38, 0x0, 0x3a, 0x0, 0x1c, 0x0, 0xd,
    0x0, 0xf, 0xff, 0xff, 0xe0, 0x6, 0x0, 0x63,
    0x18, 0x7, 0x0, 0xe3, 0x8e, 0x3, 0x80, 0x71,
    0xc7, 0x1, 0x80, 0x70, 0xe1, 0xc1, 0xc0, 0x70,
    0x60, 0xe0, 0xe0, 0x78, 0x70, 0x70, 0x70, 0x38,
    0x38, 0x1c, 0x38, 0x38, 0x1c, 0xe, 0x7e, 0x78,
    0x3f, 0x7, 0xc0,

    /* U+046D "ѭ" */
    0x3c, 0xf, 0xf0, 0x30, 0x18, 0x40, 0x60, 0x11,
    0x0, 0xc0, 0x34, 0x3, 0x80, 0x28, 0x7, 0xff,
    0xf8, 0xc, 0x1c, 0xd8, 0x18, 0x73, 0x18, 0x60,
    0xc6, 0x30, 0xc3, 0x8c, 0x65, 0xa6, 0x38, 0xfb,
    0x38, 0x60, 0xe0,

    /* U+046E "Ѯ" */
    0x0, 0xc0, 0x80, 0x30, 0xf0, 0xe, 0x78, 0x1,
    0xa0, 0x0, 0x70, 0x0, 0x7f, 0x0, 0x70, 0xe0,
    0x18, 0x1c, 0xe, 0x7, 0x3, 0x81, 0xc0, 0x0,
    0x70, 0x0, 0x38, 0x0, 0x18, 0x1, 0xf8, 0x0,
    0x63, 0x80, 0x30, 0x70, 0x8, 0x1c, 0x2, 0x7,
    0x0, 0x1, 0xc0, 0x0, 0x70, 0x0, 0x3c, 0x7,
    0xfe, 0x7, 0xfe, 0x1, 0x0, 0x0, 0x80, 0x0,
    0x20, 0x18, 0x4, 0x1e, 0x1, 0x8f, 0x0, 0x1f,
    0x80, 0x0,

    /* U+046F "ѯ" */
    0xc, 0x30, 0xc7, 0x6, 0x80, 0x70, 0x1f, 0x83,
    0xc, 0x30, 0xc0, 0xc, 0x1, 0x81, 0xe0, 0x11,
    0x82, 0x18, 0x1, 0x80, 0x38, 0x7, 0x7, 0xe0,
    0xf0, 0x8, 0x0, 0x86, 0x8, 0xe0, 0x78, 0x0,

    /* U+0470 "Ѱ" */
    0x0, 0xfe, 0x3f, 0xf0, 0xe1, 0xf7, 0x3, 0x4,
    0xcc, 0x1c, 0x20, 0x38, 0x70, 0x80, 0xe1, 0xc4,
    0x3, 0x87, 0x10, 0xe, 0x18, 0x80, 0x18, 0xe2,
    0x0, 0x63, 0x88, 0x1, 0x8e, 0x40, 0x7, 0x39,
    0x0, 0x7f, 0xff, 0x2, 0x7, 0x0, 0x0, 0x1c,
    0x0, 0x0, 0x70, 0x0, 0x1, 0xc0, 0x0, 0x3f,
    0x80, 0x0,

    /* U+0471 "ѱ" */
    0x0, 0x60, 0x0, 0xf0, 0x0, 0x18, 0x0, 0x1c,
    0x0, 0xc, 0x0, 0x6, 0x9, 0xe3, 0xe, 0x63,
    0x89, 0x31, 0xc4, 0x18, 0xc4, 0xc, 0x62, 0x6,
    0x32, 0x3, 0x39, 0x1, 0x98, 0x80, 0xcc, 0x80,
    0x66, 0x40, 0x33, 0x20, 0x7f, 0xf8, 0x1, 0x80,
    0x0, 0xc0, 0x0, 0x60, 0x0, 0x30, 0x0, 0x38,
    0x0, 0x3e, 0x0,

    /* U+0472 "Ѳ" */
    0x0, 0xf8, 0x1, 0x83, 0x3, 0x81, 0xc3, 0x80,
    0x63, 0x80, 0x39, 0x80, 0x1d, 0xc0, 0xe, 0xee,
    0x7, 0xf9, 0xc7, 0xf0, 0x7f, 0xb8, 0x1, 0xdc,
    0x1, 0xcc, 0x0, 0xe6, 0x0, 0xe3, 0x80, 0x60,
    0xc0, 0x60, 0x30, 0xe0, 0xf, 0x80, 0x0,

    /* U+0473 "ѳ" */
    0x7, 0xc1, 0x86, 0x30, 0x67, 0x7, 0x60, 0x7f,
    0xc6, 0xe7, 0xec, 0xc, 0xc0, 0xcc, 0x18, 0xc3,
    0x7, 0xc0,

    /* U+0474 "Ѵ" */
    0xfe, 0x0, 0xe3, 0x80, 0x3f, 0x38, 0x6, 0xe3,
    0x80, 0x40, 0x38, 0x8, 0x3, 0x80, 0x80, 0x18,
    0x10, 0x1, 0x83, 0x0, 0x18, 0x20, 0x1, 0xc4,
    0x0, 0x1c, 0x40, 0x1, 0xc8, 0x0, 0xd, 0x0,
    0x0, 0xd0, 0x0, 0xe, 0x0, 0x0, 0xe0, 0x0,
    0xc, 0x0, 0x0, 0x80, 0x0,

    /* U+0475 "ѵ" */
    0x60, 0x1f, 0xc0, 0xf3, 0x4, 0xc, 0x20, 0x30,
    0x80, 0xe4, 0x3, 0x90, 0x6, 0x80, 0x1c, 0x0,
    0x70, 0x1, 0x80, 0x6, 0x0,

    /* U+0476 "Ѷ" */
    0x2, 0x0, 0x0, 0x73, 0x0, 0x3, 0x30, 0x0,
    0x19, 0x80, 0x0, 0x88, 0x0, 0x0, 0x0, 0x0,
    0x0, 0xf, 0xe0, 0xe, 0x38, 0x3, 0xf3, 0x80,
    0x6e, 0x38, 0x4, 0x3, 0x80, 0x80, 0x38, 0x8,
    0x1, 0x81, 0x0, 0x18, 0x30, 0x1, 0x82, 0x0,
    0x1c, 0x40, 0x1, 0xc4, 0x0, 0x1c, 0x80, 0x0,
    0xd0, 0x0, 0xd, 0x0, 0x0, 0xe0, 0x0, 0xe,
    0x0, 0x0, 0xc0, 0x0, 0x8, 0x0, 0x0,

    /* U+0477 "ѷ" */
    0x19, 0x80, 0x73, 0x0, 0xcc, 0x1, 0x98, 0x0,
    0x0, 0x0, 0x6, 0x1, 0xfc, 0xf, 0x30, 0x40,
    0xc2, 0x3, 0x8, 0xe, 0x40, 0x39, 0x0, 0x68,
    0x1, 0xc0, 0x7, 0x0, 0x18, 0x0, 0x60, 0x0,

    /* U+0478 "Ѹ" */
    0x1, 0xf0, 0x0, 0x0, 0xc3, 0x80, 0x0, 0x30,
    0x30, 0x0, 0xc, 0x3, 0x0, 0x3, 0x80, 0x60,
    0x0, 0x60, 0xc, 0x0, 0x1c, 0x1, 0xfc, 0x1f,
    0x0, 0x31, 0x83, 0xe0, 0xe, 0x30, 0xfc, 0x1,
    0xce, 0x1b, 0x0, 0x39, 0x87, 0x60, 0xe, 0x30,
    0xec, 0x1, 0xc6, 0x3d, 0x80, 0x71, 0xcb, 0x30,
    0xc, 0x31, 0x63, 0x3, 0x6, 0x4c, 0x70, 0xc0,
    0xd3, 0x3, 0xe0, 0x1c, 0x60, 0x0, 0x0, 0xc,
    0x0, 0x0, 0x1, 0x0, 0x0, 0x0, 0x60, 0x0,
    0x3, 0x8, 0x0, 0x0, 0x62, 0x0, 0x0, 0x7,
    0x80,

    /* U+0479 "ѹ" */
    0x7, 0x87, 0x6, 0x31, 0x8e, 0x18, 0xc1, 0x98,
    0x33, 0x3, 0x30, 0x66, 0x6, 0x61, 0xd8, 0x1c,
    0xc3, 0x30, 0x33, 0xe, 0x60, 0x66, 0x2c, 0xc1,
    0x8c, 0xb9, 0x82, 0x19, 0x63, 0x8, 0x7c, 0xc3,
    0xe0, 0x71, 0x80, 0x0, 0x6, 0x0, 0x0, 0xc,
    0x0, 0x0, 0x10, 0x0, 0x1c, 0x60, 0x0, 0x11,
    0x80, 0x0, 0x3e, 0x0,

    /* U+047A "Ѻ" */
    0x0, 0x6, 0x0, 0x0, 0x38, 0x0, 0x7, 0xf8,
    0x0, 0xe0, 0x18, 0x6, 0x0, 0x30, 0x70, 0x0,
    0xe3, 0x80, 0x1, 0xcc, 0x0, 0x7, 0x70, 0x0,
    0x1d, 0x80, 0x0, 0x7e, 0x0, 0x1, 0xf8, 0x0,
    0x7, 0xe0, 0x0, 0x3b, 0x80, 0x0, 0xee, 0x0,
    0x7, 0x38, 0x0, 0x1c, 0x60, 0x0, 0xe1, 0xc0,
    0x6, 0x3, 0x8c, 0x70, 0x3, 0xfe, 0x0, 0x1,
    0xc0, 0x0,

    /* U+047B "ѻ" */
    0x0, 0xc0, 0xf, 0xe0, 0x60, 0x61, 0x80, 0x66,
    0x0, 0xcc, 0x1, 0xf0, 0x3, 0xe0, 0x6, 0xc0,
    0xd, 0x80, 0x33, 0x80, 0xc3, 0x3, 0x3, 0xf8,
    0x0, 0x80, 0x0,

    /* U+047C "Ѽ" */
    0x0, 0x7, 0xc0, 0x0, 0xc, 0x30, 0x0, 0xc,
    0xcc, 0x0, 0x6, 0xb7, 0x0, 0x3, 0x8, 0xc0,
    0x0, 0x8, 0x0, 0x0, 0x0, 0x0, 0x3, 0xe0,
    0xf0, 0x6, 0x19, 0x8e, 0x6, 0x1c, 0xe3, 0x86,
    0xe, 0x70, 0xc7, 0x0, 0x0, 0x67, 0x0, 0x0,
    0x3b, 0x80, 0x0, 0x1d, 0x80, 0x0, 0xf, 0xc0,
    0x0, 0xe, 0xe0, 0x7e, 0x7, 0x70, 0x1c, 0x3,
    0xb8, 0xe, 0x1, 0x9c, 0x7, 0x1, 0xce, 0x3,
    0x0, 0xc3, 0x3, 0x80, 0xe1, 0x81, 0x60, 0x60,
    0x61, 0x10, 0xe0, 0x1f, 0x7, 0xc0, 0x0,

    /* U+047D "ѽ" */
    0x0, 0x7c, 0x0, 0x61, 0x80, 0x37, 0x30, 0xd,
    0x4e, 0x2, 0x11, 0xc0, 0x4, 0x0, 0xf1, 0xe0,
    0x4c, 0x4c, 0x33, 0x19, 0x98, 0x0, 0xee, 0x8,
    0x3b, 0x7, 0xe, 0xc1, 0x83, 0x30, 0x60, 0xcc,
    0x10, 0x63, 0xc, 0x18, 0x45, 0xc, 0x1e, 0x3c,
    0x0,

    /* U+047E "Ѿ" */
    0x0, 0x7f, 0xfc, 0x0, 0x61, 0x86, 0x0, 0x20,
    0xc1, 0x0, 0x20, 0x61, 0x0, 0x0, 0x0, 0x0,
    0xf, 0x83, 0xc0, 0x18, 0x66, 0x38, 0x18, 0x73,
    0x8e, 0x18, 0x39, 0xc3, 0x1c, 0x0, 0x1, 0x9c,
    0x0, 0x0, 0xee, 0x0, 0x0, 0x76, 0x0, 0x0,
    0x3f, 0x0, 0x0, 0x3b, 0x81, 0xf8, 0x1d, 0xc0,
    0x70, 0xe, 0xe0, 0x38, 0x6, 0x70, 0x1c, 0x7,
    0x38, 0xc, 0x3, 0xc, 0xe, 0x3, 0x86, 0x5,
    0x81, 0x81, 0x84, 0x43, 0x80, 0x7c, 0x1f, 0x0,

    /* U+047F "ѿ" */
    0xf, 0xff, 0xc2, 0xc, 0x31, 0x7, 0x8, 0x41,
    0x82, 0x0, 0x0, 0x3, 0xc3, 0x81, 0x11, 0xb0,
    0xc4, 0x66, 0x60, 0x1, 0xb8, 0x20, 0xee, 0x1c,
    0x3b, 0x6, 0xc, 0xc1, 0x83, 0x30, 0x41, 0x8c,
    0x30, 0x61, 0x14, 0x30, 0x38, 0xf0, 0x0,

    /* U+0480 "Ҁ" */
    0x7, 0xe0, 0xc1, 0x9c, 0xe, 0xc0, 0x7e, 0x3,
    0xf0, 0x3, 0x0, 0x18, 0x0, 0xe0, 0x3, 0x0,
    0x7, 0xc0, 0xc, 0x0, 0x60, 0x7, 0x0, 0x38,
    0x1, 0x80, 0x1c, 0x1, 0xf8, 0x0,

    /* U+0481 "ҁ" */
    0x7, 0x86, 0x33, 0xd, 0x80, 0x60, 0x30, 0xc,
    0x3, 0x0, 0xc0, 0x30, 0x2e, 0x38, 0xf4, 0x1,
    0x0, 0xc0, 0x70, 0x18, 0x0, 0x0,

    /* U+0482 "҂" */
    0x2, 0x3c, 0x18, 0x74, 0x70, 0x68, 0xe0, 0xe0,
    0xc0,

    /* U+0483 "҃" */
    0x1, 0xe8, 0xf3, 0x78, 0x40,

    /* U+0484 "҄" */
    0x2, 0x3, 0xf8, 0x83, 0x20, 0x18, 0x2,

    /* U+0485 "҅" */
    0x3b, 0xf1, 0xc, 0x38,

    /* U+0486 "҆" */
    0x73, 0xc2, 0x11, 0x70,

    /* U+0487 "҇" */
    0x1, 0xf8, 0x3, 0x87, 0xc7, 0x0, 0x7a, 0x0,
    0xe,

    /* U+0488 "҈" */
    0x0, 0x4, 0x0, 0x0, 0x1, 0x40, 0x0, 0x0,
    0x0, 0x0, 0x0, 0x0, 0x0, 0x0, 0xc0, 0x0,
    0x60, 0x20, 0x0, 0x12, 0x0, 0x0, 0x0, 0x0,
    0x0, 0x0, 0x0, 0x0, 0x0, 0x0, 0x0, 0x0,
    0x0, 0x0, 0x0, 0x0, 0x0, 0x0, 0x0, 0x0,
    0xc, 0x0, 0x0, 0x7, 0x0, 0x0, 0x1, 0x0,
    0x0, 0x0, 0x0, 0x0, 0x0, 0x0, 0x0, 0x0,
    0x0, 0x0, 0x0, 0x0, 0x0, 0x0, 0x0, 0x0,
    0x0, 0x0, 0x0, 0x0, 0x0, 0x0, 0x0, 0x18,
    0x0, 0xc, 0x4, 0x0, 0x2, 0x40, 0x0, 0x0,
    0x0, 0x0, 0x0, 0x0, 0x0, 0x0, 0x80, 0x0,
    0x0, 0x28, 0x0, 0x0,

    /* U+0489 "҉" */
    0x0, 0x0, 0x80, 0x0, 0x0, 0x2, 0x0, 0x0,
    0x0, 0x8, 0x0, 0x0, 0x0, 0x18, 0x0, 0x0,
    0x40, 0x10, 0x0, 0x0, 0x80, 0x0, 0x1c, 0x1,
    0xc0, 0x0, 0x60, 0x1, 0x80, 0x0, 0x80, 0x0,
    0x0, 0x0, 0x0, 0x0, 0x0, 0x0, 0x0, 0x0,
    0x0, 0x0, 0x0, 0x0, 0x0, 0x0, 0x0, 0x0,
    0x0, 0x0, 0x0, 0x0, 0x0, 0x0, 0x24, 0x0,
    0x0, 0xe, 0x38, 0x0, 0x0, 0x1a, 0x0, 0x0,
    0x0, 0x2, 0x0, 0x0, 0x0, 0x0, 0x0, 0x0,
    0x0, 0x0, 0x0, 0x0, 0x0, 0x0, 0x0, 0x0,
    0x0, 0x0, 0x0, 0x0, 0x0, 0x0, 0x0, 0x0,
    0x0, 0x1, 0x80, 0x0, 0xc0, 0x3, 0x0, 0x1,
    0x80, 0x1c, 0x0, 0x1, 0x0, 0x0, 0x4, 0x0,
    0x0, 0x0, 0x18, 0x0, 0x0, 0x0, 0x10, 0x0,
    0x0, 0x0, 0x20, 0x0, 0x0, 0x0, 0x0, 0x0,
    0x0,

    /* U+048A "Ҋ" */
    0x0, 0x30, 0x0, 0x1, 0x84, 0x0, 0xc, 0x40,
    0x0, 0x3c, 0x0, 0x0, 0x0, 0x7, 0xe1, 0xf8,
    0xc, 0x3, 0x80, 0xe0, 0x18, 0x7, 0x1, 0xc0,
    0x38, 0x1e, 0x1, 0x81, 0x70, 0x1c, 0x13, 0x0,
    0xe1, 0x38, 0x7, 0x11, 0xc0, 0x31, 0xe, 0x3,
    0x90, 0x60, 0x1d, 0x7, 0x0, 0xd0, 0x38, 0xf,
    0x1, 0x80, 0x78, 0xc, 0x3, 0x80, 0xe0, 0x1c,
    0x7, 0x3, 0xf0, 0xfc, 0x0, 0x0, 0x60, 0x0,
    0x6, 0x0, 0x0, 0x30, 0x0, 0x1, 0x0,

    /* U+048B "ҋ" */
    0x0, 0x0, 0xe2, 0x6, 0x20, 0x3c, 0x0, 0x0,
    0x0, 0x78, 0x63, 0x6, 0x30, 0x63, 0xe, 0x70,
    0xc6, 0x1c, 0x62, 0xc6, 0x3c, 0xe5, 0x8c, 0x9a,
    0xf1, 0xae, 0x1c, 0x1, 0x80, 0x30, 0x6, 0x0,
    0x0,

    /* U+048C "Ҍ" */
    0x3, 0x80, 0x7, 0x0, 0x1c, 0x0, 0xfe, 0x0,
    0x70, 0x0, 0xc0, 0x3, 0x80, 0x7, 0x0, 0xf,
    0xf0, 0x18, 0x78, 0x70, 0x30, 0xe0, 0x71, 0xc0,
    0xe7, 0x1, 0x8e, 0x7, 0x1c, 0x1c, 0x38, 0xf1,
    0xff, 0x80,

    /* U+048D "ҍ" */
    0x78, 0x3, 0x1, 0xf8, 0x18, 0x3, 0x3c, 0x79,
    0xcc, 0x1b, 0x83, 0x60, 0x6c, 0x18, 0xc6, 0xf,
    0x80,

    /* U+048E "Ҏ" */
    0xf, 0xfc, 0x3, 0x86, 0x3, 0x7, 0x7, 0x3,
    0x7, 0x3, 0x7, 0x67, 0x6, 0x27, 0xe, 0x36,
    0xe, 0x1c, 0xf, 0xf8, 0xc, 0xc, 0x1c, 0x4,
    0x1c, 0x0, 0x18, 0x0, 0x38, 0x0, 0x38, 0x0,
    0x38, 0x0, 0xfc, 0x0,

    /* U+048F "ҏ" */
    0xf, 0x38, 0xd, 0xb8, 0x1c, 0x38, 0x30, 0x70,
    0x60, 0xe1, 0x81, 0x83, 0x3, 0x6, 0x6c, 0xc,
    0x78, 0x30, 0x60, 0x61, 0xc0, 0xfc, 0x81, 0x80,
    0x6, 0x0, 0xc, 0x0, 0x18, 0x0, 0x30, 0x0,
    0xf0, 0x0,

    /* U+0490 "Ґ" */
    0x0, 0x0, 0x40, 0x0, 0x10, 0x0, 0x8, 0x3f,
    0xfe, 0x7, 0x80, 0x1, 0xc0, 0x0, 0x70, 0x0,
    0x1c, 0x0, 0x6, 0x0, 0x3, 0x80, 0x0, 0xe0,
    0x0, 0x38, 0x0, 0xc, 0x0, 0x7, 0x0, 0x1,
    0xc0, 0x0, 0x60, 0x0, 0x18, 0x0, 0xe, 0x0,
    0x3, 0x80, 0x0, 0xe0, 0x0, 0xfc, 0x0, 0x0,

    /* U+0491 "ґ" */
    0x0, 0x10, 0x0, 0x8f, 0xfc, 0x30, 0x1, 0x80,
    0xc, 0x0, 0xc0, 0x6, 0x0, 0x30, 0x1, 0x80,
    0x18, 0x0, 0xc0, 0x6, 0x0, 0x30, 0x0,

    /* U+0492 "Ғ" */
    0xf, 0xff, 0x81, 0xc1, 0xc1, 0xc0, 0x40, 0xe0,
    0x20, 0x70, 0x0, 0x30, 0x0, 0x38, 0x0, 0x1c,
    0x0, 0x3f, 0xe0, 0x6, 0x0, 0x7, 0x0, 0x3,
    0x80, 0x1, 0x80, 0x0, 0xc0, 0x0, 0xe0, 0x0,
    0x70, 0x0, 0x38, 0x0, 0x7e, 0x0, 0x0,

    /* U+0493 "ғ" */
    0x3f, 0xf1, 0x82, 0x18, 0x21, 0x82, 0x38, 0x3,
    0x0, 0xfe, 0x3, 0x0, 0x60, 0x6, 0x0, 0x60,
    0x6, 0x0,

    /* U+0494 "Ҕ" */
    0x7, 0xff, 0x81, 0xc0, 0xc0, 0xe0, 0x20, 0x60,
    0x10, 0x70, 0x0, 0x38, 0x0, 0x1b, 0xc0, 0xe,
    0x78, 0xe, 0xc, 0x7, 0x7, 0x3, 0x1, 0x81,
    0x80, 0xc1, 0xc0, 0x70, 0xe0, 0x38, 0x60, 0x1c,
    0x70, 0xc, 0x38, 0x6, 0x7e, 0x3, 0x0, 0x3,
    0x80, 0x1, 0x80, 0x1, 0xc0, 0x0, 0xc0, 0x38,
    0xc0, 0xc, 0xc0, 0x3, 0xc0, 0x0,

    /* U+0495 "ҕ" */
    0x3f, 0xf1, 0x82, 0x18, 0x21, 0x82, 0x3b, 0x83,
    0xfc, 0x30, 0xc3, 0xc, 0x60, 0xe6, 0xc, 0x60,
    0xc6, 0xc, 0x0, 0xc0, 0x18, 0x1, 0x82, 0x30,
    0x72, 0x3, 0xc0,

    /* U+0496 "Җ" */
    0x3, 0x83, 0xf0, 0x70, 0x7c, 0x1c, 0xf, 0x7,
    0x61, 0xc1, 0x30, 0x2, 0x1c, 0x20, 0x0, 0x21,
    0x82, 0x0, 0x2, 0x18, 0x40, 0x0, 0x23, 0x88,
    0x0, 0x3, 0x39, 0x0, 0x0, 0x1f, 0xe0, 0x0,
    0x6, 0x73, 0x80, 0x1, 0xc7, 0x1c, 0x0, 0x38,
    0x71, 0xc0, 0x3, 0x86, 0x1c, 0x0, 0x70, 0xe0,
    0xe0, 0xe, 0xe, 0xe, 0x1, 0xe0, 0xc0, 0xe0,
    0x1c, 0x1c, 0x7, 0x7, 0x83, 0xf0, 0x78, 0x0,
    0x0, 0x1, 0xc0, 0x0, 0x0, 0xc, 0x0, 0x0,
    0x0, 0x40, 0x0, 0x0, 0x8, 0x0, 0x0, 0x0,
    0x80,

    /* U+0497 "җ" */
    0xf, 0x6, 0x1f, 0x19, 0xc6, 0x18, 0xc0, 0x63,
    0x18, 0xe0, 0x39, 0x98, 0x0, 0x1c, 0xcc, 0x0,
    0xf, 0xfe, 0x0, 0x6, 0x66, 0x0, 0x3, 0x33,
    0x0, 0x43, 0x19, 0x80, 0x61, 0x18, 0xe1, 0x31,
    0x8c, 0x31, 0xf, 0x6, 0xf, 0x80, 0x0, 0x0,
    0x40, 0x0, 0x0, 0x20, 0x0, 0x0, 0x10, 0x0,
    0x0, 0x10, 0x0, 0x0, 0x0, 0x0,

    /* U+0498 "Ҙ" */
    0x9, 0xf8, 0x1c, 0x38, 0x60, 0x38, 0x80, 0x31,
    0x0, 0x60, 0x1, 0xc0, 0x3, 0x80, 0x1c, 0x1,
    0xe0, 0x1, 0xe0, 0x0, 0xe0, 0x1, 0xe0, 0x1,
    0xc0, 0x3, 0x80, 0xf, 0x20, 0x1c, 0x30, 0xf0,
    0x3f, 0x80, 0xc, 0x0, 0x8, 0x0, 0x18, 0x2,
    0x30, 0x7, 0xc0, 0x7, 0x80,

    /* U+0499 "ҙ" */
    0x3f, 0x8c, 0x32, 0xc, 0x3, 0x1, 0x81, 0xc0,
    0x30, 0x6, 0x1, 0xa0, 0x64, 0x38, 0xf8, 0x8,
    0x1, 0x4, 0xc0, 0xf0,

    /* U+049A "Қ" */
    0xf, 0xc1, 0xc0, 0x70, 0x7c, 0x1c, 0x1b, 0x83,
    0x82, 0x0, 0x70, 0x80, 0xc, 0x10, 0x3, 0x84,
    0x0, 0x71, 0x0, 0xf, 0xc0, 0x1, 0x8c, 0x0,
    0x71, 0xc0, 0xe, 0x18, 0x1, 0x83, 0x80, 0x30,
    0x70, 0xe, 0x6, 0x1, 0xc0, 0xe0, 0x38, 0x1c,
    0xf, 0x3, 0xc0, 0x0, 0xe, 0x0, 0x0, 0xc0,
    0x0, 0x10, 0x0, 0x2, 0x0, 0x0, 0x40,

    /* U+049B "қ" */
    0x1c, 0x31, 0xc7, 0xc6, 0x20, 0x32, 0x3, 0x20,
    0x1e, 0x0, 0xcc, 0x6, 0x70, 0x61, 0x83, 0xc,
    0x98, 0x74, 0xc1, 0xe0, 0x1, 0x0, 0x18, 0x0,
    0xc0, 0x4, 0x0, 0x0,

    /* U+049C "Ҝ" */
    0xf, 0xc0, 0xe0, 0x38, 0x1f, 0x7, 0x2, 0x70,
    0x70, 0x20, 0x7, 0x64, 0x0, 0x64, 0x40, 0xe,
    0x48, 0x0, 0xe5, 0x0, 0xf, 0xe0, 0x0, 0xcb,
    0x0, 0x1c, 0xb8, 0x1, 0xc9, 0x80, 0x19, 0x1c,
    0x3, 0x81, 0xc0, 0x38, 0xe, 0x3, 0x80, 0xe0,
    0x38, 0xe, 0xf, 0xc0, 0xf8,

    /* U+049D "ҝ" */
    0x1c, 0x18, 0xe1, 0xf1, 0x84, 0x86, 0xa0, 0x35,
    0x0, 0xfc, 0x3, 0x58, 0xd, 0x70, 0x60, 0xc1,
    0x83, 0x26, 0xe, 0x98, 0x1c,

    /* U+049E "Ҟ" */
    0xf, 0xc1, 0xc0, 0x70, 0x7c, 0xc, 0x1b, 0x83,
    0x82, 0x1, 0xfc, 0x80, 0xc, 0x10, 0x1, 0x84,
    0x0, 0x71, 0x0, 0xf, 0xc0, 0x1, 0x8c, 0x0,
    0x71, 0xc0, 0xe, 0x18, 0x1, 0x83, 0x80, 0x30,
    0x70, 0xe, 0x7, 0x1, 0xc0, 0xe0, 0x38, 0x1c,
    0x1f, 0x83, 0xe0,

    /* U+049F "ҟ" */
    0x1c, 0x31, 0xc7, 0xdf, 0xa0, 0x32, 0x3, 0x20,
    0x1e, 0x0, 0xcc, 0x6, 0x70, 0x63, 0x83, 0xc,
    0x98, 0x75, 0xc1, 0xc0,

    /* U+04A0 "Ҡ" */
    0x7f, 0xe0, 0xe6, 0x1c, 0x1f, 0xc1, 0x83, 0x78,
    0x38, 0x20, 0x3, 0x84, 0x0, 0x30, 0x40, 0x7,
    0x8, 0x0, 0x71, 0x0, 0x7, 0xe0, 0x0, 0x63,
    0x0, 0xe, 0x38, 0x0, 0xe1, 0x80, 0xc, 0x1c,
    0x0, 0xc1, 0xc0, 0x1c, 0xe, 0x1, 0xc0, 0xe0,
    0x1c, 0xe, 0x7, 0xe0, 0x78,

    /* U+04A1 "ҡ" */
    0x3f, 0xc3, 0xe0, 0xe3, 0xf0, 0x62, 0x18, 0x32,
    0x0, 0x19, 0x0, 0x1f, 0x0, 0xc, 0xc0, 0x6,
    0x30, 0x3, 0x18, 0x3, 0xe, 0x41, 0x87, 0xc0,
    0xc1, 0xc0,

    /* U+04A2 "Ң" */
    0xf, 0xe3, 0xf0, 0x1c, 0x7, 0x1, 0xc0, 0x38,
    0xe, 0x1, 0x80, 0x70, 0x1c, 0x3, 0x0, 0xe0,
    0x38, 0x6, 0x1, 0xc0, 0x30, 0xf, 0xff, 0x80,
    0x60, 0x1c, 0x7, 0x0, 0xc0, 0x38, 0xe, 0x1,
    0xc0, 0x70, 0xc, 0x3, 0x80, 0xe0, 0x18, 0x7,
    0x1, 0xc0, 0x38, 0xe, 0x3, 0xc0, 0xf8, 0x0,
    0x0, 0xe0, 0x0, 0x3, 0x0, 0x0, 0x10, 0x0,
    0x0, 0x80, 0x0, 0x4, 0x0,

    /* U+04A3 "ң" */
    0x3c, 0x30, 0xc1, 0x86, 0xc, 0x30, 0xe3, 0x6,
    0x1f, 0xf0, 0xc1, 0x86, 0x18, 0x60, 0xcb, 0x6,
    0x98, 0x35, 0xc1, 0xe0, 0x3, 0x0, 0x18, 0x0,
    0xc0, 0x4, 0x0, 0x40,

    /* U+04A4 "Ҥ" */
    0xf, 0xe3, 0xff, 0xc0, 0x70, 0x1c, 0x8, 0x1c,
    0x3, 0x1, 0x3, 0x80, 0x60, 0x20, 0x70, 0x1c,
    0x0, 0xc, 0x3, 0x80, 0x3, 0x80, 0x60, 0x0,
    0x70, 0xc, 0x0, 0xf, 0xff, 0x80, 0x1, 0x80,
    0x70, 0x0, 0x70, 0xc, 0x0, 0xe, 0x3, 0x80,
    0x1, 0x80, 0x70, 0x0, 0x70, 0xe, 0x0, 0xe,
    0x1, 0x80, 0x1, 0xc0, 0x70, 0x0, 0x38, 0xe,
    0x0, 0x1f, 0x87, 0xf0, 0x0,

    /* U+04A5 "ҥ" */
    0x3c, 0x3f, 0xc6, 0xc, 0x11, 0x83, 0x8, 0x61,
    0xc0, 0x30, 0x60, 0xf, 0xf8, 0x3, 0x6, 0x0,
    0xc3, 0x0, 0x60, 0xc0, 0x18, 0x34, 0x6, 0xd,
    0x3, 0x83, 0x80,

    /* U+04A6 "Ҧ" */
    0xf, 0xff, 0xf8, 0x0, 0xe0, 0x38, 0x0, 0x30,
    0xe, 0x0, 0x1c, 0x3, 0x0, 0x7, 0x0, 0xc0,
    0x1, 0xc0, 0x70, 0x0, 0x60, 0x1f, 0xc0, 0x38,
    0x7, 0x3c, 0xe, 0x3, 0x83, 0x3, 0x0, 0xe0,
    0x60, 0xc0, 0x30, 0x18, 0x70, 0xc, 0x7, 0x1c,
    0x7, 0x1, 0xc6, 0x1, 0xc0, 0x73, 0x80, 0x60,
    0x1c, 0xe0, 0x18, 0x7, 0x38, 0xe, 0x1, 0xbf,
    0xf, 0xe0, 0x60, 0x0, 0x0, 0x38, 0x0, 0x0,
    0xc, 0x0, 0x0, 0x3, 0x0, 0x0, 0x1, 0x80,
    0x0, 0x18, 0xc0, 0x0, 0x6, 0x60, 0x0, 0x0,
    0xf0, 0x0,

    /* U+04A7 "ҧ" */
    0x1c, 0x60, 0xe, 0x7c, 0x1, 0xa3, 0x0, 0x70,
    0xc0, 0x34, 0x67, 0xe, 0x1f, 0xe3, 0x6, 0x18,
    0xc3, 0x87, 0x70, 0xc1, 0xd8, 0x32, 0x76, 0xd,
    0x19, 0x83, 0x86, 0x0, 0x1, 0x80, 0x0, 0xc0,
    0x0, 0x30, 0x1, 0x8, 0x0, 0xe4, 0x0, 0x1e,
    0x0,

    /* U+04A8 "Ҩ" */
    0x0, 0x7f, 0x80, 0x73, 0x38, 0x18, 0xc3, 0xe,
    0x38, 0x73, 0x8e, 0xe, 0x71, 0xc1, 0xdc, 0x70,
    0x7f, 0x8e, 0xe, 0xe1, 0xc1, 0xdc, 0x78, 0x3b,
    0x8f, 0xe, 0x71, 0xe1, 0xcc, 0x1c, 0x71, 0xc3,
    0x9c, 0x38, 0x77, 0x3, 0x87, 0xc4, 0x38, 0x71,
    0x3, 0xf7, 0xc0,

    /* U+04A9 "ҩ" */
    0x3, 0x0, 0x67, 0x8c, 0x44, 0xe6, 0x36, 0x61,
    0xf3, 0x1f, 0x98, 0xd9, 0xc6, 0xce, 0x66, 0x73,
    0x39, 0xb0, 0xce, 0x3, 0xfe, 0x0,

    /* U+04AA "Ҫ" */
    0x0, 0xff, 0x81, 0x83, 0x83, 0x80, 0xc3, 0x80,
    0x23, 0x80, 0x11, 0x80, 0x1, 0xc0, 0x1, 0xc0,
    0x0, 0xe0, 0x0, 0x70, 0x0, 0x38, 0x0, 0x1c,
    0x0, 0xe, 0x0, 0x7, 0x0, 0x3, 0x80, 0x10,
    0xe0, 0x10, 0x7c, 0x70, 0xf, 0xe0, 0x1, 0x80,
    0x0, 0x40, 0x0, 0x30, 0x0, 0x18, 0x0, 0xf8,
    0x0, 0x3c, 0x0,

    /* U+04AB "ҫ" */
    0x7, 0x86, 0x33, 0xd, 0x80, 0x60, 0x30, 0xc,
    0x3, 0x0, 0xc0, 0x30, 0x2e, 0x31, 0xf0, 0x10,
    0x6, 0x9, 0x81, 0xc0,

    /* U+04AC "Ҭ" */
    0x7f, 0xff, 0x87, 0xe, 0xe, 0x14, 0x1c, 0x20,
    0x30, 0x0, 0xe0, 0x1, 0xc0, 0x3, 0x0, 0xe,
    0x0, 0x1c, 0x0, 0x38, 0x0, 0x60, 0x1, 0xc0,
    0x3, 0x80, 0x6, 0x0, 0x1c, 0x0, 0x38, 0x1,
    0xfe, 0x0, 0x8, 0x0, 0x10, 0x0, 0x20, 0x0,

    /* U+04AD "ҭ" */
    0x1c, 0x61, 0xc7, 0x3e, 0x58, 0x69, 0xd3, 0xe,
    0x34, 0x63, 0xc7, 0x1c, 0x70, 0xc3, 0xc, 0x38,
    0x61, 0x86, 0xc, 0x60, 0xc3, 0xc, 0x18, 0x65,
    0x86, 0xd, 0x70, 0xc1, 0xe0, 0x0, 0x4, 0x0,
    0x1, 0x80, 0x0, 0x30, 0x0, 0x4, 0x0, 0x1,
    0x0,

    /* U+04AE "Ү" */
    0x7e, 0x3e, 0x70, 0x18, 0x60, 0x60, 0xc0, 0x81,
    0xc2, 0x3, 0x88, 0x3, 0x30, 0x6, 0xc0, 0xf,
    0x0, 0x1c, 0x0, 0x38, 0x0, 0x70, 0x0, 0xc0,
    0x3, 0x80, 0x7, 0x0, 0xe, 0x0, 0x38, 0x1,
    0xfe, 0x0,

    /* U+04AF "ү" */
    0x70, 0xf, 0x60, 0x3c, 0xc0, 0x81, 0xc1, 0x3,
    0x84, 0x3, 0x10, 0x6, 0x20, 0xc, 0x80, 0x19,
    0x0, 0x34, 0x0, 0x78, 0x0, 0x60, 0x0, 0xc0,
    0x3, 0x0, 0x6, 0x0, 0xc, 0x0, 0x38, 0x1,
    0xf8, 0x0,

    /* U+04B0 "Ұ" */
    0x7e, 0x3e, 0x70, 0x18, 0x60, 0x60, 0xc0, 0x81,
    0xc2, 0x3, 0x8c, 0x3, 0x30, 0x7, 0xc0, 0xf,
    0x0, 0x1e, 0x3, 0xff, 0xc0, 0x70, 0x0, 0xe0,
    0x1, 0x80, 0x7, 0x0, 0xe, 0x0, 0x1c, 0x1,
    0xfc, 0x0,

    /* U+04B1 "ұ" */
    0x70, 0xf, 0x60, 0x3c, 0xc0, 0x81, 0xc2, 0x3,
    0x84, 0x3, 0x10, 0x6, 0x20, 0xc, 0x80, 0x1a,
    0x0, 0x3c, 0x0, 0x70, 0x7, 0xfc, 0x1, 0x80,
    0x3, 0x0, 0x6, 0x0, 0xc, 0x0, 0x38, 0x1,
    0xf8, 0x0,

    /* U+04B2 "Ҳ" */
    0x1f, 0xc7, 0xc1, 0xc0, 0xc0, 0x70, 0x20, 0xc,
    0x18, 0x3, 0x8c, 0x0, 0xe6, 0x0, 0x1f, 0x0,
    0x7, 0x80, 0x0, 0xc0, 0x0, 0x38, 0x0, 0x1e,
    0x0, 0xd, 0x80, 0x6, 0x70, 0x1, 0xc, 0x0,
    0x83, 0x80, 0x40, 0xe0, 0x30, 0x18, 0x3e, 0x1f,
    0x80, 0x0, 0x70, 0x0, 0xc, 0x0, 0x2, 0x0,
    0x0, 0x80, 0x0, 0x20,

    /* U+04B3 "ҳ" */
    0xe, 0x18, 0xb1, 0xc1, 0xd0, 0x7, 0x0, 0x30,
    0x1, 0x80, 0xc, 0x0, 0xb0, 0x9, 0x80, 0x4c,
    0xbc, 0x79, 0xc1, 0xc0, 0x2, 0x0, 0x10, 0x0,
    0x80, 0x4, 0x0, 0x40,

    /* U+04B4 "Ҵ" */
    0x7f, 0xfe, 0xff, 0x87, 0xc, 0x72, 0xe, 0x10,
    0xe4, 0x1c, 0x21, 0x80, 0x30, 0x7, 0x0, 0xe0,
    0xe, 0x1, 0xc0, 0x1c, 0x3, 0x0, 0x30, 0xe,
    0x0, 0xe0, 0x1c, 0x1, 0xc0, 0x38, 0x3, 0x80,
    0x60, 0x6, 0x1, 0xc0, 0x1c, 0x3, 0x80, 0x38,
    0x7, 0x0, 0x60, 0xc, 0x1, 0xc0, 0x38, 0x3,
    0x81, 0xf8, 0xf, 0xc0, 0xf, 0xe1, 0x80, 0x0,
    0x3, 0x0, 0x0, 0x4, 0x0, 0x0, 0x8, 0x0,

    /* U+04B5 "ҵ" */
    0xff, 0x9c, 0xc5, 0xa6, 0x2c, 0x30, 0xe1, 0x87,
    0x18, 0x70, 0xc7, 0x86, 0x2c, 0x32, 0xe3, 0x26,
    0x5f, 0x34, 0x61, 0xe0, 0x1, 0x0, 0x18, 0x0,
    0xc0, 0x4, 0x0, 0x40,

    /* U+04B6 "Ҷ" */
    0xfc, 0x3f, 0x38, 0x1c, 0x30, 0x1c, 0x30, 0x1c,
    0x70, 0x1c, 0x70, 0x18, 0x60, 0x38, 0x60, 0x38,
    0x70, 0xf0, 0x3f, 0x70, 0x0, 0x70, 0x0, 0x70,
    0x0, 0x60, 0x0, 0xe0, 0x0, 0xe0, 0x0, 0xe0,
    0x0, 0xc0, 0x1, 0xe0, 0x0, 0x30, 0x0, 0x30,
    0x0, 0x10, 0x0, 0x10, 0x0, 0x20,

    /* U+04B7 "ҷ" */
    0xf0, 0xcc, 0x19, 0x87, 0x31, 0x66, 0x39, 0x8b,
    0x32, 0x63, 0x9c, 0x3, 0x0, 0x68, 0xd, 0x1,
    0xa0, 0xc, 0x1, 0x80, 0x30, 0x4, 0x1, 0x0,

    /* U+04B8 "Ҹ" */
    0xfc, 0x3f, 0x9c, 0x7, 0xc, 0x3, 0x86, 0x1,
    0x87, 0x1, 0xc3, 0x88, 0xe1, 0x8c, 0x70, 0xc4,
    0x30, 0x72, 0x78, 0x1f, 0xdc, 0x1, 0xc, 0x0,
    0x86, 0x0, 0x47, 0x0, 0x63, 0x80, 0x1, 0x80,
    0x1, 0xc0, 0x0, 0xe0, 0x1, 0xfc, 0x0,

    /* U+04B9 "ҹ" */
    0xf0, 0x6c, 0x1d, 0x83, 0x30, 0xe6, 0x2d, 0xa7,
    0xb5, 0x63, 0xcc, 0x21, 0x84, 0x74, 0xf, 0x1,
    0xc0,

    /* U+04BA "Һ" */
    0xf, 0xc0, 0x3, 0x80, 0x7, 0x0, 0x7, 0x0,
    0x7, 0x0, 0x6, 0x0, 0xe, 0x0, 0xe, 0x0,
    0xe, 0xfc, 0xd, 0x1e, 0x1e, 0xe, 0x1c, 0x6,
    0x1c, 0xe, 0x18, 0xe, 0x38, 0xc, 0x38, 0xc,
    0x38, 0x1c, 0xfc, 0x3f,

    /* U+04BB "һ" */
    0x4, 0x3, 0xc0, 0xc, 0x0, 0xc0, 0x18, 0x1,
    0x80, 0x18, 0x3, 0x8e, 0x33, 0x63, 0x46, 0x38,
    0x66, 0x8e, 0x70, 0xc6, 0xc, 0x60, 0xce, 0x18,
    0xc1, 0x9c, 0x1a, 0xc1, 0xc0,

    /* U+04BC "Ҽ" */
    0x0, 0x3, 0xe0, 0x1, 0xc7, 0x0, 0x38, 0x70,
    0x7, 0x7, 0x0, 0xe0, 0x7e, 0x1c, 0xe, 0xe3,
    0xc1, 0xce, 0x38, 0x38, 0x87, 0x8e, 0x7, 0xff,
    0x0, 0x7, 0x0, 0x0, 0xf0, 0x0, 0xe, 0x0,
    0x0, 0x70, 0x4, 0x7, 0x0, 0x80, 0x78, 0x30,
    0x3, 0xfe, 0x0, 0x1f, 0x80,

    /* U+04BD "ҽ" */
    0x0, 0x3c, 0x3, 0x34, 0x18, 0xf8, 0xc3, 0xe7,
    0x19, 0x19, 0x83, 0xf8, 0x3, 0x0, 0xc, 0x0,
    0x38, 0x20, 0x73, 0x0, 0xf0,

    /* U+04BE "Ҿ" */
    0x0, 0x3, 0xe0, 0x0, 0xc7, 0x0, 0x38, 0x70,
    0x7, 0x7, 0x0, 0xe0, 0x70, 0x1c, 0xe, 0xe1,
    0xc1, 0xee, 0x38, 0x3c, 0xe7, 0x8f, 0x8, 0x7f,
    0xc0, 0x7f, 0x80, 0x0, 0x70, 0x0, 0xe, 0x0,
    0x0, 0x70, 0x0, 0x7, 0x0, 0x40, 0x70, 0x18,
    0x7, 0x83, 0x0, 0x3f, 0xc0, 0x0, 0xf0, 0x0,
    0x6, 0x0, 0x0, 0x40, 0x0, 0x4, 0x0,

    /* U+04BF "ҿ" */
    0x0, 0x3c, 0x3, 0x34, 0x18, 0xf8, 0xc3, 0xe7,
    0x19, 0x19, 0x83, 0xf8, 0x3, 0x80, 0xc, 0x0,
    0x38, 0x20, 0xe1, 0x1, 0xf8, 0x1, 0x0, 0x4,
    0x0, 0x10, 0x0, 0xc0,

    /* U+04C0 "Ӏ" */
    0xf, 0xc0, 0x70, 0xc, 0x3, 0x80, 0x70, 0xe,
    0x1, 0x80, 0x70, 0xe, 0x1, 0x80, 0x30, 0xe,
    0x1, 0xc0, 0x30, 0xe, 0x1, 0xc0, 0x38, 0x1f,
    0x80,

    /* U+04C1 "Ӂ" */
    0x0, 0x2, 0x0, 0x0, 0x0, 0x71, 0x0, 0x0,
    0x3, 0x10, 0x0, 0x0, 0x1e, 0x0, 0x0, 0x0,
    0x0, 0x0, 0x78, 0x7e, 0xe, 0xf, 0xc1, 0xc1,
    0xf0, 0x64, 0x18, 0x26, 0x0, 0x43, 0x86, 0x0,
    0x4, 0x38, 0x40, 0x0, 0x43, 0x8, 0x0, 0x6,
    0x31, 0x80, 0x0, 0x27, 0x30, 0x0, 0x1, 0xfe,
    0x0, 0x0, 0xe6, 0x70, 0x0, 0x18, 0xe3, 0x80,
    0x3, 0x8e, 0x38, 0x0, 0x70, 0xe1, 0xc0, 0xe,
    0xc, 0x1c, 0x1, 0xe1, 0xc1, 0xc0, 0x1c, 0x1c,
    0xe, 0x3, 0x81, 0xc0, 0xe0, 0xf0, 0x7e, 0xf,
    0x80,

    /* U+04C2 "ӂ" */
    0x0, 0x0, 0x0, 0x0, 0xc, 0x20, 0x0, 0x6,
    0x20, 0x0, 0x1, 0xe0, 0x0, 0x0, 0x0, 0x0,
    0x0, 0x0, 0x0, 0x3c, 0x18, 0x7c, 0x67, 0x18,
    0x63, 0x1, 0x8c, 0x63, 0x80, 0xe6, 0x60, 0x0,
    0x73, 0x30, 0x0, 0x3f, 0xf8, 0x0, 0x19, 0x98,
    0x0, 0xc, 0xcc, 0x1, 0xc, 0x66, 0x1, 0x84,
    0x63, 0x84, 0xc6, 0x30, 0xc4, 0x3c, 0x18, 0x3c,
    0x0,

    /* U+04C3 "Ӄ" */
    0xf, 0xc1, 0xc0, 0x70, 0x7c, 0x1c, 0x1b, 0x83,
    0x82, 0x0, 0x70, 0x80, 0xc, 0x10, 0x3, 0x84,
    0x0, 0x71, 0x0, 0xf, 0xc0, 0x1, 0x8e, 0x0,
    0x70, 0xe0, 0xe, 0x1c, 0x1, 0x81, 0xc0, 0x70,
    0x38, 0xe, 0x7, 0x1, 0xc0, 0xe0, 0x38, 0x1c,
    0x1f, 0x83, 0x80, 0x0, 0x60, 0x0, 0x1c, 0x0,
    0x3, 0x80, 0x0, 0xe0, 0x6, 0x18, 0x0, 0xe6,
    0x0, 0x7, 0x0, 0x0,

    /* U+04C4 "ӄ" */
    0x1c, 0x31, 0xc7, 0xc6, 0x20, 0x32, 0x3, 0x20,
    0x1e, 0x0, 0xcc, 0x6, 0x70, 0x63, 0x83, 0xc,
    0x18, 0x60, 0xc3, 0x0, 0x18, 0x0, 0xc0, 0x4,
    0x4, 0x60, 0x72, 0x1, 0xe0, 0x0,

    /* U+04C5 "Ӆ" */
    0x0, 0x7f, 0xf8, 0x0, 0xc1, 0xc0, 0x2, 0x6,
    0x0, 0x8, 0x38, 0x0, 0x20, 0xe0, 0x1, 0x83,
    0x80, 0x4, 0xc, 0x0, 0x10, 0x70, 0x0, 0x41,
    0xc0, 0x2, 0x6, 0x0, 0x8, 0x18, 0x0, 0x60,
    0xe0, 0x1, 0x3, 0x80, 0x4, 0xc, 0x0, 0x20,
    0x70, 0x39, 0x81, 0xc0, 0xec, 0x7, 0x1, 0xc0,
    0x7f, 0x0, 0x0, 0x18, 0x0, 0x0, 0xc0, 0x0,
    0x6, 0x0, 0x0, 0x0, 0x0,

    /* U+04C6 "ӆ" */
    0x1, 0xf0, 0xc, 0xe0, 0x21, 0x80, 0x8c, 0x4,
    0x30, 0x10, 0xc0, 0x46, 0x2, 0x18, 0x8, 0x60,
    0x21, 0xad, 0xf, 0x38, 0x18, 0x0, 0xc0, 0x6,
    0x0, 0x18, 0x0, 0x40,

    /* U+04C7 "Ӈ" */
    0xf, 0xe3, 0xf0, 0x1c, 0x7, 0x1, 0xc0, 0x38,
    0xe, 0x1, 0x80, 0x70, 0x1c, 0x3, 0x0, 0xe0,
    0x38, 0x6, 0x1, 0xc0, 0x30, 0xf, 0xff, 0x80,
    0x60, 0x1c, 0x7, 0x0, 0xc0, 0x38, 0xe, 0x1,
    0x80, 0x70, 0x1c, 0x3, 0x80, 0xe0, 0x18, 0x7,
    0x1, 0xc0, 0x38, 0xe, 0x7, 0xe0, 0x60, 0x0,
    0x7, 0x0, 0x0, 0x38, 0x0, 0x1, 0x80, 0x0,
    0x1c, 0x0, 0x30, 0xc0, 0x1, 0x8c, 0x0, 0x7,
    0x80, 0x0,

    /* U+04C8 "ӈ" */
    0x3c, 0x31, 0x83, 0x18, 0x31, 0x83, 0x38, 0x63,
    0x6, 0x3f, 0xe3, 0x4, 0x60, 0xc6, 0xc, 0x60,
    0xc6, 0x18, 0x1, 0x80, 0x10, 0x3, 0x0, 0x20,
    0x74, 0x7, 0x80,

    /* U+04C9 "Ӊ" */
    0xf, 0xe3, 0xf0, 0x1c, 0x7, 0x1, 0xc0, 0x30,
    0xe, 0x1, 0x80, 0x70, 0x1c, 0x3, 0x0, 0xe0,
    0x38, 0x6, 0x1, 0xc0, 0x30, 0xf, 0xff, 0x80,
    0x60, 0x1c, 0x7, 0x0, 0xc0, 0x38, 0xe, 0x1,
    0x80, 0x70, 0x1c, 0x3, 0x80, 0xe0, 0x18, 0x7,
    0x1, 0xc0, 0x38, 0xe, 0x7, 0xe1, 0xfc, 0x0,
    0x0, 0x60, 0x0, 0x6, 0x0, 0x0, 0x60, 0x0,
    0x2, 0x0,

    /* U+04CA "ӊ" */
    0x3c, 0x30, 0xc1, 0x86, 0xc, 0x30, 0x63, 0x86,
    0x18, 0x30, 0xff, 0x86, 0xc, 0x60, 0xc3, 0x6,
    0x58, 0x34, 0xc1, 0xc0, 0xc, 0x0, 0xc0, 0xc,
    0x0, 0x40,

    /* U+04CB "Ӌ" */
    0xfc, 0x3f, 0x38, 0x1c, 0x30, 0x1c, 0x30, 0x1c,
    0x70, 0x18, 0x70, 0x18, 0x60, 0x38, 0x60, 0x38,
    0x70, 0xf0, 0x3f, 0x70, 0x0, 0x70, 0x0, 0x70,
    0x0, 0x60, 0x0, 0xe0, 0x0, 0xe0, 0x0, 0xc0,
    0x1, 0xc0, 0x7, 0xf0, 0x6, 0x0, 0xc, 0x0,
    0x8, 0x0, 0x8, 0x0, 0x0, 0x0,

    /* U+04CC "ӌ" */
    0xf0, 0xcc, 0x19, 0x87, 0x31, 0x6e, 0x39, 0x8b,
    0x32, 0x63, 0x8c, 0x3, 0x0, 0x68, 0xd, 0x3,
    0xc0, 0x40, 0x18, 0x2, 0x0, 0x40, 0x0, 0x0,

    /* U+04CD "Ӎ" */
    0xf, 0x80, 0x1e, 0x3, 0x80, 0x3c, 0x7, 0x80,
    0x78, 0x7, 0x80, 0x78, 0x5, 0x80, 0xb8, 0xd,
    0x81, 0xb8, 0x9, 0x81, 0x30, 0x9, 0x82, 0x70,
    0x9, 0x86, 0x70, 0x19, 0xc4, 0x60, 0x11, 0xc8,
    0xe0, 0x11, 0xd8, 0xe0, 0x11, 0xd0, 0xe0, 0x30,
    0xe0, 0xc0, 0x20, 0xe1, 0xc0, 0x20, 0xc1, 0xc0,
    0x60, 0x81, 0xc0, 0xf8, 0x87, 0xe0, 0x0, 0x0,
    0x60, 0x0, 0x0, 0x60, 0x0, 0x0, 0xc0, 0x0,
    0x0, 0x80,

    /* U+04CE "ӎ" */
    0x7, 0x83, 0x81, 0xc1, 0x80, 0xe1, 0xc0, 0xb1,
    0x60, 0x58, 0xb0, 0x2c, 0xb0, 0x16, 0x98, 0x13,
    0x4c, 0x9, 0xc6, 0x4, 0xe6, 0x74, 0x63, 0x5c,
    0x21, 0xc0, 0x0, 0xc0, 0x0, 0xc0, 0x0, 0xc0,

    /* U+04CF "ӏ" */
    0xf, 0xc0, 0x70, 0xc, 0x3, 0x80, 0x70, 0xe,
    0x1, 0x80, 0x70, 0xe, 0x1, 0x80, 0x30, 0xe,
    0x1, 0xc0, 0x30, 0xe, 0x1, 0xc0, 0x38, 0x1f,
    0x80,

    /* U+04D0 "Ӑ" */
    0x1, 0x80, 0x0, 0xc2, 0x0, 0x72, 0x0, 0x1e,
    0x0, 0x0, 0x0, 0x0, 0x80, 0x0, 0xc0, 0x0,
    0x60, 0x0, 0x78, 0x0, 0x3c, 0x0, 0x2e, 0x0,
    0x13, 0x0, 0x11, 0x80, 0x18, 0xc0, 0x8, 0x70,
    0x8, 0x38, 0x7, 0xfc, 0x4, 0x6, 0x6, 0x3,
    0x2, 0x1, 0x83, 0x0, 0xe1, 0x0, 0x73, 0xe0,
    0xfc,

    /* U+04D1 "ӑ" */
    0x0, 0x0, 0x30, 0x81, 0x88, 0x7, 0x80, 0x0,
    0x0, 0x0, 0xf, 0x41, 0x86, 0x18, 0x30, 0xc1,
    0x8c, 0x18, 0xe0, 0xc6, 0x6, 0x30, 0x73, 0x87,
    0x1c, 0x5b, 0x76, 0xd1, 0xc7, 0x0,

    /* U+04D2 "Ӓ" */
    0x1, 0x86, 0x0, 0xe7, 0x0, 0x21, 0x0, 0x0,
    0x0, 0x0, 0x0, 0x0, 0x80, 0x0, 0xc0, 0x0,
    0x60, 0x0, 0x78, 0x0, 0x3c, 0x0, 0x2e, 0x0,
    0x13, 0x0, 0x11, 0x80, 0x18, 0xc0, 0x8, 0x70,
    0x8, 0x38, 0x7, 0xfc, 0x4, 0x6, 0x6, 0x3,
    0x2, 0x1, 0x83, 0x0, 0xe1, 0x0, 0x73, 0xe0,
    0xfc,

    /* U+04D3 "ӓ" */
    0x0, 0x10, 0x31, 0xc1, 0x8c, 0x0, 0x0, 0x0,
    0x1, 0xe8, 0x30, 0xc3, 0x6, 0x18, 0x31, 0x83,
    0x1c, 0x18, 0xc0, 0xc6, 0xe, 0x70, 0xe3, 0x8b,
    0x6e, 0xda, 0x38, 0xe0,

    /* U+04D4 "Ӕ" */
    0x0, 0xf, 0xff, 0x80, 0x2, 0xc0, 0xc0, 0x3,
    0xe0, 0x20, 0x1, 0x70, 0x10, 0x1, 0x30, 0x0,
    0x1, 0x98, 0x20, 0x1, 0x9c, 0x20, 0x1, 0x8e,
    0x10, 0x0, 0x87, 0xf8, 0x0, 0xc3, 0xc, 0x0,
    0xc3, 0x84, 0x0, 0xff, 0xc2, 0x0, 0x40, 0xc0,
    0x0, 0x40, 0xe0, 0x0, 0x60, 0x70, 0x8, 0x60,
    0x38, 0xc, 0x60, 0x38, 0xc, 0x7c, 0x3f, 0xfe,
    0x0,

    /* U+04D5 "ӕ" */
    0x3, 0xb7, 0x82, 0x3c, 0xc2, 0x1c, 0x63, 0xc,
    0x33, 0x6, 0x23, 0x87, 0x61, 0x83, 0x40, 0xc3,
    0x80, 0xe2, 0xc0, 0x71, 0x60, 0x9b, 0x39, 0x8f,
    0xf, 0x0,

    /* U+04D6 "Ӗ" */
    0x0, 0xc0, 0x0, 0x61, 0x0, 0x31, 0x0, 0xf,
    0x0, 0x0, 0x0, 0x7f, 0xfc, 0xe, 0x6, 0x6,
    0x1, 0x7, 0x1, 0x3, 0x80, 0x1, 0xc0, 0x0,
    0xc1, 0x0, 0xe1, 0x80, 0x7f, 0x80, 0x30, 0x40,
    0x18, 0x20, 0x1c, 0x0, 0xe, 0x0, 0x6, 0x0,
    0x7, 0x0, 0x43, 0x80, 0x61, 0xc0, 0xe3, 0xff,
    0xf0,

    /* U+04D7 "ӗ" */
    0x0, 0x0, 0x61, 0x6, 0x20, 0x3c, 0x0, 0x0,
    0x0, 0x7, 0x80, 0x8c, 0x30, 0xc3, 0x8, 0x61,
    0x8e, 0x60, 0xf8, 0xc, 0x0, 0xc0, 0xc, 0x10,
    0xe2, 0x7, 0xc0,

    /* U+04D8 "Ә" */
    0x1, 0xf8, 0xf, 0xf8, 0x30, 0x79, 0x80, 0x72,
    0x0, 0xe0, 0x1, 0xc0, 0x3, 0x80, 0x7, 0x0,
    0xfe, 0xe, 0x3c, 0x70, 0x71, 0xc1, 0xc7, 0x3,
    0x9c, 0xe, 0x38, 0x38, 0x70, 0xe0, 0xe3, 0x0,
    0xf8, 0x0,

    /* U+04D9 "ә" */
    0xf, 0xc, 0xe4, 0x1c, 0x3, 0x1, 0xc0, 0xf1,
    0xd9, 0x8e, 0xc3, 0x31, 0x8c, 0xc3, 0xc0,

    /* U+04DA "Ӛ" */
    0x0, 0x41, 0x0, 0x71, 0x80, 0x18, 0xc0, 0x0,
    0x0, 0x0, 0x0, 0x0, 0x0, 0x7, 0xe0, 0xf,
    0xf8, 0xc, 0x1e, 0x18, 0x7, 0x8, 0x3, 0x80,
    0x1, 0xc0, 0x0, 0xe0, 0x0, 0x70, 0x3, 0xf8,
    0xe, 0x3c, 0x1c, 0x1c, 0x1c, 0x1c, 0x1c, 0xe,
    0x1c, 0xe, 0xe, 0xe, 0x7, 0xe, 0x3, 0x8c,
    0x0, 0xf8, 0x0,

    /* U+04DB "ӛ" */
    0x8, 0x23, 0x8c, 0x31, 0x80, 0x0, 0x0, 0x1e,
    0xc, 0xe2, 0xe, 0x0, 0xc0, 0x38, 0xf, 0xe,
    0xc6, 0x39, 0x86, 0x31, 0x86, 0x60, 0xf0, 0x0,

    /* U+04DC "Ӝ" */
    0x0, 0x6, 0x18, 0x0, 0x0, 0x73, 0x80, 0x0,
    0x2, 0x10, 0x0, 0x0, 0x0, 0x0, 0x0, 0x0,
    0x0, 0x0, 0x78, 0x7e, 0xe, 0xf, 0xc1, 0xc1,
    0xf0, 0x64, 0x18, 0x26, 0x0, 0x43, 0x86, 0x0,
    0x4, 0x38, 0x40, 0x0, 0x43, 0x8, 0x0, 0x6,
    0x31, 0x80, 0x0, 0x27, 0x30, 0x0, 0x1, 0xfe,
    0x0, 0x0, 0xe6, 0x70, 0x0, 0x18, 0xe3, 0x80,
    0x3, 0x8e, 0x38, 0x0, 0x70, 0xe1, 0xc0, 0xe,
    0xc, 0x1c, 0x1, 0xe1, 0xc1, 0xc0, 0x1c, 0x1c,
    0xe, 0x3, 0x81, 0xc0, 0xe0, 0xf0, 0x7e, 0xf,
    0x80,

    /* U+04DD "ӝ" */
    0x0, 0x10, 0x0, 0x0, 0x1c, 0x60, 0x0, 0x6,
    0x30, 0x0, 0x0, 0x0, 0x0, 0x0, 0x0, 0x0,
    0x78, 0x30, 0xf8, 0xce, 0x30, 0xc6, 0x3, 0x18,
    0xc7, 0x1, 0xcc, 0xc0, 0x0, 0xe6, 0x60, 0x0,
    0x7f, 0xf0, 0x0, 0x33, 0x30, 0x0, 0x19, 0x98,
    0x2, 0x18, 0xcc, 0x3, 0x8, 0xc7, 0x9, 0x8c,
    0x61, 0x88, 0x78, 0x30, 0x78, 0x0,

    /* U+04DE "Ӟ" */
    0x1, 0x4, 0x7, 0x18, 0x6, 0x30, 0x0, 0x0,
    0x0, 0x0, 0x0, 0x2, 0x7e, 0x7, 0xf, 0x18,
    0xe, 0x20, 0xc, 0x0, 0x38, 0x0, 0x70, 0x3,
    0xc0, 0x3c, 0x0, 0x3c, 0x0, 0x1c, 0x0, 0x3c,
    0x0, 0x38, 0x0, 0x70, 0x0, 0xe8, 0x3, 0x8c,
    0x7, 0xe, 0x3c, 0x7, 0xe0,

    /* U+04DF "ӟ" */
    0x8, 0x23, 0x8c, 0x31, 0x80, 0x0, 0x0, 0x3f,
    0xc, 0x31, 0x7, 0x0, 0xc0, 0x18, 0x1c, 0x1,
    0xc0, 0x1c, 0x3, 0xa0, 0x62, 0x1c, 0x3e, 0x0,

    /* U+04E0 "Ӡ" */
    0x3, 0xff, 0x81, 0x83, 0x81, 0x81, 0x80, 0x81,
    0x80, 0x81, 0xc0, 0x1, 0xc0, 0x0, 0xc0, 0x0,
    0xf0, 0x0, 0xfc, 0x0, 0xe, 0x0, 0x7, 0x0,
    0x3, 0x80, 0x1, 0xc0, 0x0, 0xe2, 0x0, 0xe0,
    0x80, 0x60, 0x30, 0xe0, 0x7, 0xc0, 0x0,

    /* U+04E1 "ӡ" */
    0x1f, 0xe3, 0xf8, 0x42, 0x0, 0x40, 0x10, 0x4,
    0x1, 0xc0, 0x3c, 0x1, 0xc0, 0x38, 0x3, 0x0,
    0x60, 0xc, 0x1, 0x80, 0x26, 0x8, 0xe2, 0x1f,
    0x80,

    /* U+04E2 "Ӣ" */
    0x0, 0x7f, 0x80, 0x0, 0x0, 0x0, 0x0, 0x0,
    0x0, 0x0, 0x0, 0xfc, 0x3f, 0x1, 0x80, 0x70,
    0x1c, 0x3, 0x0, 0xe0, 0x38, 0x7, 0x3, 0xc0,
    0x30, 0x2e, 0x3, 0x82, 0x60, 0x1c, 0x27, 0x0,
    0xe2, 0x38, 0x6, 0x21, 0xc0, 0x72, 0xc, 0x3,
    0xa0, 0xe0, 0x1a, 0x7, 0x1, 0xe0, 0x30, 0xf,
    0x1, 0x80, 0x70, 0x1c, 0x3, 0x80, 0xe0, 0x7e,
    0x1f, 0x80,

    /* U+04E3 "ӣ" */
    0xf, 0xf0, 0x0, 0x0, 0x0, 0x0, 0xf0, 0x63,
    0x6, 0x30, 0xe7, 0xc, 0x61, 0xc6, 0x1c, 0x63,
    0xce, 0x58, 0xc5, 0x8c, 0x9a, 0xd3, 0xce, 0x18,

    /* U+04E4 "Ӥ" */
    0x0, 0x61, 0x80, 0x3, 0x8c, 0x0, 0x8, 0x40,
    0x0, 0x0, 0x0, 0x0, 0x0, 0x7, 0xe1, 0xf8,
    0xc, 0x3, 0x80, 0xe0, 0x18, 0x7, 0x1, 0xc0,
    0x38, 0x1e, 0x1, 0x81, 0x70, 0x1c, 0x13, 0x0,
    0xe1, 0x38, 0x7, 0x11, 0xc0, 0x31, 0xe, 0x3,
    0x90, 0x60, 0x1d, 0x7, 0x0, 0xd0, 0x38, 0xf,
    0x1, 0x80, 0x78, 0xc, 0x3, 0x80, 0xe0, 0x1c,
    0x7, 0x3, 0xf0, 0xfc, 0x0,

    /* U+04E5 "ӥ" */
    0x8, 0x20, 0xc7, 0xc, 0x70, 0x0, 0x0, 0xf,
    0x6, 0x30, 0x63, 0xe, 0x60, 0xc6, 0x1c, 0x61,
    0xc6, 0x3c, 0xc5, 0x8c, 0x58, 0xc9, 0xad, 0x3c,
    0xe1, 0x80,

    /* U+04E6 "Ӧ" */
    0x0, 0x21, 0x0, 0x31, 0xc0, 0x18, 0x60, 0x0,
    0x0, 0x0, 0x0, 0x0, 0x0, 0x3, 0xf0, 0x7,
    0xc, 0x6, 0x3, 0x6, 0x1, 0xc6, 0x0, 0xe7,
    0x0, 0x77, 0x0, 0x3b, 0x80, 0x1d, 0xc0, 0xf,
    0xc0, 0x7, 0xe0, 0x7, 0x70, 0x3, 0xb8, 0x3,
    0x9c, 0x1, 0x8e, 0x1, 0xc3, 0x1, 0xc0, 0xc1,
    0x80, 0x3f, 0x0,

    /* U+04E7 "ӧ" */
    0x0, 0x10, 0x31, 0xc1, 0x8c, 0x0, 0x0, 0x0,
    0x3, 0xe0, 0x61, 0x86, 0xc, 0x70, 0x73, 0x3,
    0xb8, 0x19, 0x80, 0xcc, 0xc, 0x60, 0x63, 0x6,
    0x18, 0x60, 0x7c, 0x0,

    /* U+04E8 "Ө" */
    0x0, 0xfc, 0x1, 0x83, 0x1, 0x80, 0xc1, 0x80,
    0x71, 0x80, 0x39, 0xc0, 0x1c, 0xc0, 0xe, 0xff,
    0xff, 0x60, 0x3, 0xf0, 0x3, 0xf8, 0x1, 0xdc,
    0x0, 0xee, 0x0, 0xe7, 0x0, 0x71, 0x80, 0x70,
    0xe0, 0x60, 0x30, 0x60, 0xf, 0xc0, 0x0,

    /* U+04E9 "ө" */
    0x7, 0xc1, 0x86, 0x30, 0x67, 0x7, 0x60, 0x7f,
    0xfe, 0xc0, 0x6c, 0xe, 0xc0, 0xcc, 0x18, 0xc3,
    0x7, 0xc0,

    /* U+04EA "Ӫ" */
    0x0, 0x21, 0x0, 0x31, 0xc0, 0x18, 0x60, 0x0,
    0x0, 0x0, 0x0, 0x0, 0x0, 0x3, 0xf0, 0x6,
    0xc, 0x6, 0x3, 0x6, 0x1, 0xc6, 0x0, 0xe7,
    0x0, 0x73, 0x0, 0x3b, 0xff, 0xfd, 0x80, 0xf,
    0xc0, 0xf, 0xe0, 0x7, 0x70, 0x3, 0xb8, 0x3,
    0x9c, 0x1, 0xc6, 0x1, 0xc3, 0x81, 0x80, 0xc1,
    0x80, 0x3f, 0x0,

    /* U+04EB "ӫ" */
    0x0, 0x10, 0x31, 0xc1, 0x8c, 0x0, 0x0, 0x0,
    0x3, 0xe0, 0x61, 0x86, 0xc, 0x70, 0x73, 0x3,
    0xbf, 0xf9, 0x80, 0xcc, 0xe, 0x60, 0x63, 0x6,
    0x18, 0x60, 0x7c, 0x0,

    /* U+04EC "Ӭ" */
    0x0, 0x84, 0x1, 0x8e, 0x1, 0x86, 0x0, 0x0,
    0x0, 0x0, 0x0, 0x0, 0xf, 0xf8, 0xe, 0xc,
    0x18, 0x6, 0x10, 0x7, 0x10, 0x7, 0x0, 0x7,
    0x0, 0x7, 0xf, 0x87, 0x1, 0xff, 0x0, 0x7,
    0x0, 0x7, 0x0, 0xe, 0x0, 0xe, 0x0, 0x1c,
    0x80, 0x1c, 0x40, 0x38, 0x30, 0xe0, 0xf, 0xc0,

    /* U+04ED "ӭ" */
    0x8, 0x43, 0x8c, 0x31, 0x80, 0x0, 0x0, 0x3f,
    0xc, 0x31, 0x6, 0x40, 0x60, 0x1c, 0x7f, 0x80,
    0x70, 0xc, 0x1, 0xa0, 0x62, 0x18, 0x3e, 0x0,

    /* U+04EE "Ӯ" */
    0x3, 0xfc, 0x0, 0x0, 0x0, 0x0, 0x0, 0x0,
    0x0, 0xf, 0xf0, 0xfe, 0x78, 0x6, 0x7, 0x0,
    0x80, 0xe0, 0x10, 0xc, 0x4, 0x1, 0xc1, 0x0,
    0x38, 0x20, 0x3, 0x8, 0x0, 0x71, 0x0, 0xe,
    0x40, 0x0, 0xd0, 0x0, 0x1e, 0x0, 0x3, 0x80,
    0x0, 0x20, 0x0, 0x84, 0x0, 0x39, 0x0, 0x7,
    0x40, 0x0, 0x70, 0x0, 0x0,

    /* U+04EF "ӯ" */
    0x7, 0xf8, 0x0, 0x0, 0x0, 0xf0, 0x61, 0x83,
    0xc, 0x38, 0xe1, 0x86, 0x1c, 0x30, 0xe1, 0x8f,
    0x18, 0xb0, 0xc5, 0x86, 0x4c, 0x34, 0xc1, 0xc6,
    0x0, 0x30, 0x1, 0x0, 0x18, 0x30, 0x81, 0x88,
    0x7, 0x80, 0x0,

    /* U+04F0 "Ӱ" */
    0x1, 0x8, 0x0, 0x71, 0x80, 0xc, 0x30, 0x0,
    0x0, 0x0, 0x0, 0x0, 0x0, 0x0, 0x3f, 0xc3,
    0xf9, 0xe0, 0x18, 0x1c, 0x2, 0x3, 0x80, 0x40,
    0x30, 0x10, 0x7, 0x4, 0x0, 0xe0, 0x80, 0xc,
    0x20, 0x1, 0xc4, 0x0, 0x39, 0x0, 0x3, 0x40,
    0x0, 0x78, 0x0, 0xe, 0x0, 0x0, 0x80, 0x2,
    0x10, 0x0, 0xe4, 0x0, 0x1d, 0x0, 0x1, 0xc0,
    0x0,

    /* U+04F1 "ӱ" */
    0x6, 0x30, 0x31, 0xc0, 0x4, 0x0, 0x7, 0x83,
    0xc, 0x18, 0x61, 0xc7, 0xc, 0x30, 0xe1, 0x87,
    0xc, 0x78, 0xc5, 0x86, 0x2c, 0x32, 0x61, 0xa6,
    0xe, 0x30, 0x1, 0x80, 0x8, 0x0, 0xc1, 0x84,
    0xc, 0x40, 0x3c, 0x0,

    /* U+04F2 "Ӳ" */
    0x0, 0x44, 0x0, 0x19, 0x80, 0x3, 0x30, 0x0,
    0xcc, 0x0, 0x13, 0x0, 0x0, 0x0, 0x0, 0x0,
    0x7, 0xf8, 0x7f, 0x3c, 0x3, 0x3, 0x80, 0x40,
    0x70, 0x8, 0x6, 0x2, 0x0, 0xe0, 0x80, 0x1c,
    0x10, 0x1, 0x84, 0x0, 0x38, 0x80, 0x7, 0x20,
    0x0, 0x68, 0x0, 0xf, 0x0, 0x1, 0xc0, 0x0,
    0x10, 0x0, 0x42, 0x0, 0x1c, 0x80, 0x3, 0xa0,
    0x0, 0x38, 0x0, 0x0,

    /* U+04F3 "ӳ" */
    0x1, 0x98, 0x19, 0xc0, 0xcc, 0xc, 0xc0, 0x48,
    0x0, 0x1, 0xe0, 0xc3, 0x6, 0x18, 0x71, 0xc3,
    0xc, 0x38, 0x61, 0xc3, 0x1e, 0x39, 0x61, 0x8b,
    0xc, 0x98, 0x69, 0x83, 0x8c, 0x0, 0x60, 0x2,
    0x0, 0x30, 0x61, 0x3, 0x10, 0xf, 0x0,

    /* U+04F4 "Ӵ" */
    0x6, 0x18, 0x7, 0x38, 0x2, 0x10, 0x0, 0x0,
    0x0, 0x0, 0xfc, 0x3f, 0x38, 0x1c, 0x30, 0x1c,
    0x30, 0x1c, 0x70, 0x18, 0x70, 0x18, 0x60, 0x38,
    0x60, 0x38, 0x70, 0xf0, 0x3f, 0x70, 0x0, 0x70,
    0x0, 0x70, 0x0, 0x60, 0x0, 0xe0, 0x0, 0xe0,
    0x0, 0xc0, 0x1, 0xc0, 0x3, 0xf0,

    /* U+04F5 "ӵ" */
    0x8, 0x41, 0xc6, 0x18, 0x60, 0x0, 0x0, 0xf,
    0x6, 0x30, 0xe3, 0xe, 0x71, 0xc6, 0x2c, 0x62,
    0xc6, 0x5c, 0x79, 0x80, 0x18, 0x1, 0xa0, 0x3c,
    0x1, 0x80,

    /* U+04F6 "Ӷ" */
    0x7, 0xff, 0x81, 0xc0, 0xc0, 0xe0, 0x20, 0x60,
    0x10, 0x70, 0x0, 0x38, 0x0, 0x1c, 0x0, 0xc,
    0x0, 0xe, 0x0, 0x7, 0x0, 0x3, 0x80, 0x1,
    0x80, 0x1, 0xc0, 0x0, 0xe0, 0x0, 0x60, 0x0,
    0x70, 0x0, 0x38, 0x0, 0x3e, 0x0, 0x3, 0x80,
    0x0, 0xc0, 0x0, 0x40, 0x0, 0x20, 0x0, 0x10,
    0x0,

    /* U+04F7 "ӷ" */
    0x3f, 0xf1, 0x82, 0x18, 0x21, 0x80, 0x30, 0x3,
    0x0, 0x30, 0x3, 0x0, 0x60, 0x6, 0x0, 0x60,
    0x6, 0x0, 0x40, 0x6, 0x0, 0x60, 0x4, 0x0,
    0x80, 0x0,

    /* U+04F8 "Ӹ" */
    0x0, 0xc, 0x60, 0x0, 0xe, 0x30, 0x0, 0x2,
    0x0, 0x0, 0x0, 0x0, 0x0, 0x0, 0x0, 0x0,
    0x7e, 0x0, 0xfc, 0xe, 0x0, 0x38, 0xe, 0x0,
    0x1c, 0x7, 0x0, 0xe, 0x3, 0x80, 0x7, 0x1,
    0x80, 0x3, 0x1, 0xc0, 0x3, 0x80, 0xe0, 0x1,
    0xc0, 0x7f, 0x80, 0xc0, 0x30, 0xf0, 0x60, 0x38,
    0x1c, 0x70, 0x1c, 0xe, 0x38, 0xe, 0x7, 0x18,
    0xe, 0x7, 0x1c, 0x7, 0x3, 0x8e, 0x3, 0x83,
    0x87, 0x1, 0x87, 0x83, 0x83, 0xff, 0x7, 0xe0,

    /* U+04F9 "ӹ" */
    0x1, 0x8, 0x1, 0xce, 0x0, 0xc3, 0x0, 0x0,
    0x0, 0x0, 0x7, 0x80, 0x78, 0xc0, 0xc, 0x60,
    0x6, 0x30, 0x6, 0x33, 0xc3, 0x1e, 0x71, 0x8c,
    0x19, 0xce, 0xc, 0xc6, 0x6, 0x63, 0x6, 0x34,
    0xc6, 0x1c, 0x3e, 0xc, 0x0,

    /* U+0510 "Ԑ" */
    0x3, 0xfe, 0xe, 0x38, 0x30, 0x30, 0xe0, 0x21,
    0xc0, 0x43, 0x0, 0x7, 0x0, 0xf, 0x0, 0x7,
    0xc0, 0x38, 0x1, 0xe0, 0x3, 0x80, 0xf, 0x0,
    0x1c, 0x0, 0x38, 0x0, 0x78, 0x18, 0x78, 0xc0,
    0x3e, 0x0,

    /* U+0511 "ԑ" */
    0x7, 0x81, 0xc6, 0x18, 0x23, 0x82, 0x38, 0x21,
    0x80, 0x6, 0x3, 0x80, 0x60, 0xe, 0x0, 0xe0,
    0x6, 0xc, 0x3f, 0x0,

    /* U+0512 "Ԓ" */
    0x0, 0x7f, 0xf8, 0x0, 0xc1, 0xc0, 0x2, 0x6,
    0x0, 0x8, 0x38, 0x0, 0x20, 0xe0, 0x1, 0x83,
    0x80, 0x4, 0xc, 0x0, 0x10, 0x70, 0x0, 0x41,
    0xc0, 0x2, 0x6, 0x0, 0x8, 0x38, 0x0, 0x60,
    0xe0, 0x1, 0x3, 0x80, 0x4, 0xc, 0x0, 0x20,
    0x70, 0x39, 0x81, 0xc0, 0xec, 0x6, 0x1, 0xc0,
    0x38, 0x0, 0x0, 0xe0, 0x0, 0x3, 0x0, 0x0,
    0x1c, 0x0, 0x10, 0xe0, 0x0, 0x67, 0x0, 0x0,
    0xf0, 0x0,

    /* U+0513 "ԓ" */
    0x1, 0xf0, 0x19, 0xc0, 0x86, 0x4, 0x60, 0x43,
    0x2, 0x18, 0x10, 0x81, 0xc, 0x8, 0x60, 0x43,
    0x34, 0x31, 0xc1, 0x80, 0xc, 0x0, 0xc0, 0x6,
    0x4, 0x20, 0x32, 0x1, 0xe0, 0x0,

    /* U+051A "Ԛ" */
    0x0, 0x7c, 0x1, 0xc3, 0x1, 0x80, 0xc1, 0x80,
    0x71, 0x80, 0x39, 0xc0, 0x1d, 0xc0, 0xe, 0xe0,
    0x7, 0x70, 0x3, 0xf0, 0x1, 0xf8, 0x1, 0xdc,
    0x0, 0xee, 0x0, 0xe7, 0x0, 0x73, 0x80, 0x70,
    0xc0, 0x70, 0x30, 0x60, 0xf, 0xc0, 0x3, 0x0,
    0x3, 0x0, 0x23, 0xf8, 0x23, 0xff, 0xe2, 0x7,
    0xc0,

    /* U+051B "ԛ" */
    0x7, 0xb0, 0x8b, 0x18, 0x63, 0x6, 0x60, 0x6e,
    0xc, 0xc0, 0xcc, 0x1c, 0xc2, 0xcc, 0x58, 0xe9,
    0x87, 0x18, 0x3, 0x80, 0x30, 0x3, 0x0, 0x30,
    0x6, 0x1, 0xf8,

    /* U+051C "Ԝ" */
    0x7e, 0x7e, 0x3e, 0x70, 0x70, 0x10, 0xe0, 0x60,
    0x20, 0xc0, 0xc0, 0x81, 0x83, 0x81, 0x3, 0x7,
    0x4, 0x6, 0x16, 0x8, 0xc, 0x2e, 0x20, 0x1c,
    0x9c, 0x40, 0x39, 0x39, 0x0, 0x74, 0x76, 0x0,
    0xe8, 0x68, 0x0, 0xe0, 0xf0, 0x1, 0xc1, 0xc0,
    0x3, 0x83, 0x80, 0x6, 0x6, 0x0, 0xc, 0xc,
    0x0, 0x10, 0x10, 0x0,

    /* U+051D "ԝ" */
    0x70, 0x21, 0x98, 0x30, 0xcc, 0x38, 0x26, 0x1c,
    0x33, 0x16, 0x10, 0xd3, 0x10, 0x69, 0x88, 0x38,
    0xc8, 0x1c, 0x68, 0xc, 0x18, 0x4, 0xc, 0x2,
    0x4, 0x0,

    /* U+051E "Ԟ" */
    0xf, 0xc1, 0xc0, 0x70, 0x7c, 0x1c, 0xdb, 0x83,
    0x8e, 0x0, 0x71, 0x80, 0xc, 0x18, 0x3, 0x85,
    0x80, 0x71, 0x18, 0xf, 0xc0, 0x1, 0x8c, 0x0,
    0x71, 0xc0, 0xe, 0x18, 0x1, 0x83, 0x80, 0x70,
    0x70, 0xe, 0x7, 0x1, 0xc0, 0xe0, 0x38, 0x1c,
    0x1f, 0x83, 0xe0,

    /* U+051F "ԟ" */
    0x1c, 0x31, 0xdf, 0xc6, 0x60, 0x33, 0x3, 0x2c,
    0x1e, 0x0, 0xcc, 0x6, 0x70, 0x63, 0x83, 0xc,
    0x98, 0x74, 0xc1, 0xc0
};


/*---------------------
 *  GLYPH DESCRIPTION
 *--------------------*/

static const lv_font_fmt_txt_glyph_dsc_t glyph_dsc[] = {
    {.bitmap_index = 0, .adv_w = 0, .box_w = 0, .box_h = 0, .ofs_x = 0, .ofs_y = 0} /* id = 0 reserved */,
    {.bitmap_index = 0, .adv_w = 108, .box_w = 1, .box_h = 1, .ofs_x = 0, .ofs_y = 0},
    {.bitmap_index = 1, .adv_w = 144, .box_w = 7, .box_h = 18, .ofs_x = 1, .ofs_y = 0},
    {.bitmap_index = 17, .adv_w = 144, .box_w = 7, .box_h = 7, .ofs_x = 4, .ofs_y = 11},
    {.bitmap_index = 24, .adv_w = 216, .box_w = 15, .box_h = 18, .ofs_x = 0, .ofs_y = 0},
    {.bitmap_index = 58, .adv_w = 216, .box_w = 12, .box_h = 23, .ofs_x = 1, .ofs_y = -3},
    {.bitmap_index = 93, .adv_w = 360, .box_w = 19, .box_h = 18, .ofs_x = 2, .ofs_y = 0},
    {.bitmap_index = 136, .adv_w = 336, .box_w = 18, .box_h = 18, .ofs_x = 2, .ofs_y = 0},
    {.bitmap_index = 177, .adv_w = 86, .box_w = 3, .box_h = 7, .ofs_x = 4, .ofs_y = 11},
    {.bitmap_index = 180, .adv_w = 144, .box_w = 8, .box_h = 23, .ofs_x = 1, .ofs_y = -5},
    {.bitmap_index = 203, .adv_w = 144, .box_w = 8, .box_h = 23, .ofs_x = 0, .ofs_y = -5},
    {.bitmap_index = 226, .adv_w = 216, .box_w = 10, .box_h = 11, .ofs_x = 3, .ofs_y = 7},
    {.bitmap_index = 240, .adv_w = 292, .box_w = 14, .box_h = 14, .ofs_x = 2, .ofs_y = 0},
    {.bitmap_index = 265, .adv_w = 108, .box_w = 4, .box_h = 6, .ofs_x = 0, .ofs_y = -3},
    {.bitmap_index = 268, .adv_w = 144, .box_w = 7, .box_h = 2, .ofs_x = 1, .ofs_y = 5},
    {.bitmap_index = 270, .adv_w = 108, .box_w = 3, .box_h = 3, .ofs_x = 1, .ofs_y = 0},
    {.bitmap_index = 272, .adv_w = 128, .box_w = 12, .box_h = 18, .ofs_x = 0, .ofs_y = 0},
    {.bitmap_index = 299, .adv_w = 216, .box_w = 12, .box_h = 18, .ofs_x = 1, .ofs_y = 0},
    {.bitmap_index = 326, .adv_w = 216, .box_w = 10, .box_h = 18, .ofs_x = 1, .ofs_y = 0},
    {.bitmap_index = 349, .adv_w = 216, .box_w = 12, .box_h = 18, .ofs_x = 0, .ofs_y = 0},
    {.bitmap_index = 376, .adv_w = 216, .box_w = 13, .box_h = 18, .ofs_x = 0, .ofs_y = 0},
    {.bitmap_index = 406, .adv_w = 216, .box_w = 13, .box_h = 18, .ofs_x = 0, .ofs_y = 0},
    {.bitmap_index = 436, .adv_w = 216, .box_w = 13, .box_h = 18, .ofs_x = 0, .ofs_y = 0},
    {.bitmap_index = 466, .adv_w = 216, .box_w = 13, .box_h = 19, .ofs_x = 1, .ofs_y = 0},
    {.bitmap_index = 497, .adv_w = 216, .box_w = 13, .box_h = 18, .ofs_x = 2, .ofs_y = 0},
    {.bitmap_index = 527, .adv_w = 216, .box_w = 12, .box_h = 18, .ofs_x = 1, .ofs_y = 0},
    {.bitmap_index = 554, .adv_w = 216, .box_w = 12, .box_h = 19, .ofs_x = 1, .ofs_y = -1},
    {.bitmap_index = 583, .adv_w = 108, .box_w = 6, .box_h = 12, .ofs_x = 1, .ofs_y = 0},
    {.bitmap_index = 592, .adv_w = 108, .box_w = 6, .box_h = 15, .ofs_x = 1, .ofs_y = -3},
    {.bitmap_index = 604, .adv_w = 246, .box_w = 14, .box_h = 14, .ofs_x = 1, .ofs_y = 0},
    {.bitmap_index = 629, .adv_w = 287, .box_w = 14, .box_h = 7, .ofs_x = 2, .ofs_y = 3},
    {.bitmap_index = 642, .adv_w = 246, .box_w = 13, .box_h = 14, .ofs_x = 2, .ofs_y = 0},
    {.bitmap_index = 665, .adv_w = 192, .box_w = 9, .box_h = 18, .ofs_x = 4, .ofs_y = 0},
    {.bitmap_index = 686, .adv_w = 337, .box_w = 18, .box_h = 18, .ofs_x = 2, .ofs_y = 0},
    {.bitmap_index = 727, .adv_w = 281, .box_w = 17, .box_h = 18, .ofs_x = 0, .ofs_y = 0},
    {.bitmap_index = 766, .adv_w = 255, .box_w = 16, .box_h = 18, .ofs_x = 0, .ofs_y = 0},
    {.bitmap_index = 802, .adv_w = 264, .box_w = 17, .box_h = 18, .ofs_x = 1, .ofs_y = 0},
    {.bitmap_index = 841, .adv_w = 303, .box_w = 19, .box_h = 18, .ofs_x = 0, .ofs_y = 0},
    {.bitmap_index = 884, .adv_w = 248, .box_w = 17, .box_h = 18, .ofs_x = 0, .ofs_y = 0},
    {.bitmap_index = 923, .adv_w = 249, .box_w = 17, .box_h = 18, .ofs_x = 0, .ofs_y = 0},
    {.bitmap_index = 962, .adv_w = 298, .box_w = 18, .box_h = 18, .ofs_x = 1, .ofs_y = 0},
    {.bitmap_index = 1003, .adv_w = 305, .box_w = 21, .box_h = 18, .ofs_x = 0, .ofs_y = 0},
    {.bitmap_index = 1051, .adv_w = 139, .box_w = 11, .box_h = 18, .ofs_x = 0, .ofs_y = 0},
    {.bitmap_index = 1076, .adv_w = 184, .box_w = 13, .box_h = 18, .ofs_x = 0, .ofs_y = 0},
    {.bitmap_index = 1106, .adv_w = 277, .box_w = 19, .box_h = 18, .ofs_x = 0, .ofs_y = 0},
    {.bitmap_index = 1149, .adv_w = 245, .box_w = 15, .box_h = 18, .ofs_x = 0, .ofs_y = 0},
    {.bitmap_index = 1183, .adv_w = 355, .box_w = 24, .box_h = 18, .ofs_x = 0, .ofs_y = 0},
    {.bitmap_index = 1237, .adv_w = 292, .box_w = 20, .box_h = 18, .ofs_x = 0, .ofs_y = 0},
    {.bitmap_index = 1282, .adv_w = 283, .box_w = 17, .box_h = 18, .ofs_x = 1, .ofs_y = 0},
    {.bitmap_index = 1321, .adv_w = 245, .box_w = 16, .box_h = 18, .ofs_x = 0, .ofs_y = 0},
    {.bitmap_index = 1357, .adv_w = 283, .box_w = 17, .box_h = 23, .ofs_x = 1, .ofs_y = -5},
    {.bitmap_index = 1406, .adv_w = 266, .box_w = 16, .box_h = 18, .ofs_x = 0, .ofs_y = 0},
    {.bitmap_index = 1442, .adv_w = 196, .box_w = 13, .box_h = 18, .ofs_x = 0, .ofs_y = 0},
    {.bitmap_index = 1472, .adv_w = 254, .box_w = 15, .box_h = 18, .ofs_x = 3, .ofs_y = 0},
    {.bitmap_index = 1506, .adv_w = 305, .box_w = 18, .box_h = 18, .ofs_x = 3, .ofs_y = 0},
    {.bitmap_index = 1547, .adv_w = 286, .box_w = 17, .box_h = 18, .ofs_x = 3, .ofs_y = 0},
    {.bitmap_index = 1586, .adv_w = 384, .box_w = 23, .box_h = 18, .ofs_x = 3, .ofs_y = 0},
    {.bitmap_index = 1638, .adv_w = 287, .box_w = 18, .box_h = 18, .ofs_x = 0, .ofs_y = 0},
    {.bitmap_index = 1679, .adv_w = 256, .box_w = 15, .box_h = 18, .ofs_x = 3, .ofs_y = 0},
    {.bitmap_index = 1713, .adv_w = 243, .box_w = 17, .box_h = 18, .ofs_x = 0, .ofs_y = 0},
    {.bitmap_index = 1752, .adv_w = 168, .box_w = 10, .box_h = 22, .ofs_x = 1, .ofs_y = -4},
    {.bitmap_index = 1780, .adv_w = 212, .box_w = 10, .box_h = 18, .ofs_x = 3, .ofs_y = 0},
    {.bitmap_index = 1803, .adv_w = 168, .box_w = 10, .box_h = 22, .ofs_x = 0, .ofs_y = -4},
    {.bitmap_index = 1831, .adv_w = 182, .box_w = 11, .box_h = 10, .ofs_x = 0, .ofs_y = 8},
    {.bitmap_index = 1845, .adv_w = 216, .box_w = 14, .box_h = 1, .ofs_x = 0, .ofs_y = -3},
    {.bitmap_index = 1847, .adv_w = 108, .box_w = 4, .box_h = 5, .ofs_x = 4, .ofs_y = 13},
    {.bitmap_index = 1850, .adv_w = 215, .box_w = 13, .box_h = 12, .ofs_x = 0, .ofs_y = 0},
    {.bitmap_index = 1870, .adv_w = 206, .box_w = 12, .box_h = 19, .ofs_x = 1, .ofs_y = 0},
    {.bitmap_index = 1899, .adv_w = 174, .box_w = 10, .box_h = 12, .ofs_x = 1, .ofs_y = 0},
    {.bitmap_index = 1914, .adv_w = 216, .box_w = 14, .box_h = 19, .ofs_x = 0, .ofs_y = 0},
    {.bitmap_index = 1948, .adv_w = 175, .box_w = 10, .box_h = 12, .ofs_x = 1, .ofs_y = 0},
    {.bitmap_index = 1963, .adv_w = 183, .box_w = 15, .box_h = 24, .ofs_x = -2, .ofs_y = -6},
    {.bitmap_index = 2008, .adv_w = 190, .box_w = 13, .box_h = 18, .ofs_x = -1, .ofs_y = -6},
    {.bitmap_index = 2038, .adv_w = 216, .box_w = 12, .box_h = 19, .ofs_x = 1, .ofs_y = 0},
    {.bitmap_index = 2067, .adv_w = 106, .box_w = 6, .box_h = 18, .ofs_x = 1, .ofs_y = 0},
    {.bitmap_index = 2081, .adv_w = 123, .box_w = 11, .box_h = 24, .ofs_x = -2, .ofs_y = -6},
    {.bitmap_index = 2114, .adv_w = 196, .box_w = 13, .box_h = 19, .ofs_x = 0, .ofs_y = 0},
    {.bitmap_index = 2145, .adv_w = 108, .box_w = 6, .box_h = 19, .ofs_x = 1, .ofs_y = 0},
    {.bitmap_index = 2160, .adv_w = 313, .box_w = 19, .box_h = 12, .ofs_x = 0, .ofs_y = 0},
    {.bitmap_index = 2189, .adv_w = 213, .box_w = 13, .box_h = 12, .ofs_x = 0, .ofs_y = 0},
    {.bitmap_index = 2209, .adv_w = 204, .box_w = 12, .box_h = 12, .ofs_x = 1, .ofs_y = 0},
    {.bitmap_index = 2227, .adv_w = 203, .box_w = 15, .box_h = 18, .ofs_x = -2, .ofs_y = -6},
    {.bitmap_index = 2261, .adv_w = 209, .box_w = 12, .box_h = 18, .ofs_x = 1, .ofs_y = -6},
    {.bitmap_index = 2288, .adv_w = 158, .box_w = 9, .box_h = 12, .ofs_x = 1, .ofs_y = 0},
    {.bitmap_index = 2302, .adv_w = 149, .box_w = 9, .box_h = 12, .ofs_x = 0, .ofs_y = 0},
    {.bitmap_index = 2316, .adv_w = 103, .box_w = 7, .box_h = 15, .ofs_x = 1, .ofs_y = 0},
    {.bitmap_index = 2330, .adv_w = 209, .box_w = 12, .box_h = 12, .ofs_x = 1, .ofs_y = 0},
    {.bitmap_index = 2348, .adv_w = 197, .box_w = 11, .box_h = 12, .ofs_x = 1, .ofs_y = 0},
    {.bitmap_index = 2365, .adv_w = 295, .box_w = 17, .box_h = 12, .ofs_x = 1, .ofs_y = 0},
    {.bitmap_index = 2391, .adv_w = 188, .box_w = 13, .box_h = 12, .ofs_x = -1, .ofs_y = 0},
    {.bitmap_index = 2411, .adv_w = 200, .box_w = 12, .box_h = 18, .ofs_x = 0, .ofs_y = -6},
    {.bitmap_index = 2438, .adv_w = 168, .box_w = 10, .box_h = 15, .ofs_x = 0, .ofs_y = -3},
    {.bitmap_index = 2457, .adv_w = 173, .box_w = 10, .box_h = 24, .ofs_x = 1, .ofs_y = -5},
    {.bitmap_index = 2487, .adv_w = 119, .box_w = 2, .box_h = 18, .ofs_x = 3, .ofs_y = 0},
    {.bitmap_index = 2492, .adv_w = 173, .box_w = 9, .box_h = 24, .ofs_x = 0, .ofs_y = -6},
    {.bitmap_index = 2519, .adv_w = 234, .box_w = 13, .box_h = 4, .ofs_x = 1, .ofs_y = 5},
    {.bitmap_index = 2526, .adv_w = 108, .box_w = 1, .box_h = 1, .ofs_x = 0, .ofs_y = 0},
    {.bitmap_index = 2527, .adv_w = 144, .box_w = 7, .box_h = 19, .ofs_x = 2, .ofs_y = -6},
    {.bitmap_index = 2544, .adv_w = 216, .box_w = 11, .box_h = 20, .ofs_x = 2, .ofs_y = -4},
    {.bitmap_index = 2572, .adv_w = 216, .box_w = 14, .box_h = 18, .ofs_x = 0, .ofs_y = 0},
    {.bitmap_index = 2604, .adv_w = 216, .box_w = 15, .box_h = 15, .ofs_x = -1, .ofs_y = 1},
    {.bitmap_index = 2633, .adv_w = 216, .box_w = 15, .box_h = 18, .ofs_x = 1, .ofs_y = 0},
    {.bitmap_index = 2667, .adv_w = 119, .box_w = 2, .box_h = 18, .ofs_x = 3, .ofs_y = 0},
    {.bitmap_index = 2672, .adv_w = 216, .box_w = 11, .box_h = 23, .ofs_x = 1, .ofs_y = -5},
    {.bitmap_index = 2704, .adv_w = 144, .box_w = 8, .box_h = 3, .ofs_x = 3, .ofs_y = 14},
    {.bitmap_index = 2707, .adv_w = 328, .box_w = 19, .box_h = 20, .ofs_x = 1, .ofs_y = 0},
    {.bitmap_index = 2755, .adv_w = 119, .box_w = 9, .box_h = 11, .ofs_x = 1, .ofs_y = 7},
    {.bitmap_index = 2768, .adv_w = 192, .box_w = 11, .box_h = 10, .ofs_x = 1, .ofs_y = 1},
    {.bitmap_index = 2782, .adv_w = 292, .box_w = 14, .box_h = 8, .ofs_x = 2, .ofs_y = 3},
    {.bitmap_index = 2796, .adv_w = 144, .box_w = 7, .box_h = 2, .ofs_x = 1, .ofs_y = 5},
    {.bitmap_index = 2798, .adv_w = 328, .box_w = 19, .box_h = 20, .ofs_x = 1, .ofs_y = 0},
    {.bitmap_index = 2846, .adv_w = 144, .box_w = 8, .box_h = 1, .ofs_x = 3, .ofs_y = 15},
    {.bitmap_index = 2847, .adv_w = 173, .box_w = 7, .box_h = 8, .ofs_x = 3, .ofs_y = 11},
    {.bitmap_index = 2854, .adv_w = 292, .box_w = 14, .box_h = 16, .ofs_x = 2, .ofs_y = 0},
    {.bitmap_index = 2882, .adv_w = 130, .box_w = 8, .box_h = 11, .ofs_x = 4, .ofs_y = 11},
    {.bitmap_index = 2893, .adv_w = 130, .box_w = 8, .box_h = 11, .ofs_x = 4, .ofs_y = 11},
    {.bitmap_index = 2904, .adv_w = 108, .box_w = 6, .box_h = 5, .ofs_x = 3, .ofs_y = 13},
    {.bitmap_index = 2908, .adv_w = 216, .box_w = 14, .box_h = 18, .ofs_x = -1, .ofs_y = -6},
    {.bitmap_index = 2940, .adv_w = 226, .box_w = 16, .box_h = 21, .ofs_x = 1, .ofs_y = -3},
    {.bitmap_index = 2982, .adv_w = 108, .box_w = 2, .box_h = 3, .ofs_x = 4, .ofs_y = 5},
    {.bitmap_index = 2983, .adv_w = 108, .box_w = 6, .box_h = 6, .ofs_x = -1, .ofs_y = -6},
    {.bitmap_index = 2988, .adv_w = 108, .box_w = 6, .box_h = 11, .ofs_x = 4, .ofs_y = 11},
    {.bitmap_index = 2997, .adv_w = 134, .box_w = 9, .box_h = 11, .ofs_x = 1, .ofs_y = 7},
    {.bitmap_index = 3010, .adv_w = 192, .box_w = 11, .box_h = 10, .ofs_x = 0, .ofs_y = 1},
    {.bitmap_index = 3024, .adv_w = 324, .box_w = 20, .box_h = 18, .ofs_x = 2, .ofs_y = 0},
    {.bitmap_index = 3069, .adv_w = 320, .box_w = 18, .box_h = 20, .ofs_x = 3, .ofs_y = -1},
    {.bitmap_index = 3114, .adv_w = 324, .box_w = 20, .box_h = 18, .ofs_x = 2, .ofs_y = 0},
    {.bitmap_index = 3159, .adv_w = 216, .box_w = 9, .box_h = 19, .ofs_x = 1, .ofs_y = -6},
    {.bitmap_index = 3181, .adv_w = 281, .box_w = 17, .box_h = 24, .ofs_x = 0, .ofs_y = 0},
    {.bitmap_index = 3232, .adv_w = 281, .box_w = 17, .box_h = 24, .ofs_x = 0, .ofs_y = 0},
    {.bitmap_index = 3283, .adv_w = 281, .box_w = 17, .box_h = 24, .ofs_x = 0, .ofs_y = 0},
    {.bitmap_index = 3334, .adv_w = 281, .box_w = 17, .box_h = 22, .ofs_x = 0, .ofs_y = 0},
    {.bitmap_index = 3381, .adv_w = 281, .box_w = 17, .box_h = 22, .ofs_x = 0, .ofs_y = 0},
    {.bitmap_index = 3428, .adv_w = 281, .box_w = 17, .box_h = 25, .ofs_x = 0, .ofs_y = 0},
    {.bitmap_index = 3482, .adv_w = 379, .box_w = 25, .box_h = 18, .ofs_x = 0, .ofs_y = 0},
    {.bitmap_index = 3539, .adv_w = 264, .box_w = 17, .box_h = 24, .ofs_x = 1, .ofs_y = -6},
    {.bitmap_index = 3590, .adv_w = 264, .box_w = 17, .box_h = 24, .ofs_x = 0, .ofs_y = 0},
    {.bitmap_index = 3641, .adv_w = 264, .box_w = 17, .box_h = 24, .ofs_x = 0, .ofs_y = 0},
    {.bitmap_index = 3692, .adv_w = 264, .box_w = 17, .box_h = 24, .ofs_x = 0, .ofs_y = 0},
    {.bitmap_index = 3743, .adv_w = 264, .box_w = 17, .box_h = 22, .ofs_x = 0, .ofs_y = 0},
    {.bitmap_index = 3790, .adv_w = 139, .box_w = 11, .box_h = 24, .ofs_x = 0, .ofs_y = 0},
    {.bitmap_index = 3823, .adv_w = 139, .box_w = 11, .box_h = 24, .ofs_x = 0, .ofs_y = 0},
    {.bitmap_index = 3856, .adv_w = 139, .box_w = 12, .box_h = 24, .ofs_x = 0, .ofs_y = 0},
    {.bitmap_index = 3892, .adv_w = 139, .box_w = 12, .box_h = 22, .ofs_x = 0, .ofs_y = 0},
    {.bitmap_index = 3925, .adv_w = 303, .box_w = 19, .box_h = 18, .ofs_x = 0, .ofs_y = 0},
    {.bitmap_index = 3968, .adv_w = 292, .box_w = 20, .box_h = 23, .ofs_x = 0, .ofs_y = 0},
    {.bitmap_index = 4026, .adv_w = 283, .box_w = 17, .box_h = 25, .ofs_x = 1, .ofs_y = 0},
    {.bitmap_index = 4080, .adv_w = 283, .box_w = 17, .box_h = 25, .ofs_x = 1, .ofs_y = 0},
    {.bitmap_index = 4134, .adv_w = 283, .box_w = 17, .box_h = 24, .ofs_x = 1, .ofs_y = 0},
    {.bitmap_index = 4185, .adv_w = 283, .box_w = 17, .box_h = 23, .ofs_x = 1, .ofs_y = 0},
    {.bitmap_index = 4234, .adv_w = 283, .box_w = 17, .box_h = 22, .ofs_x = 1, .ofs_y = 0},
    {.bitmap_index = 4281, .adv_w = 292, .box_w = 13, .box_h = 14, .ofs_x = 3, .ofs_y = 0},
    {.bitmap_index = 4304, .adv_w = 284, .box_w = 17, .box_h = 23, .ofs_x = 1, .ofs_y = -3},
    {.bitmap_index = 4353, .adv_w = 305, .box_w = 18, .box_h = 25, .ofs_x = 3, .ofs_y = 0},
    {.bitmap_index = 4410, .adv_w = 305, .box_w = 18, .box_h = 25, .ofs_x = 3, .ofs_y = 0},
    {.bitmap_index = 4467, .adv_w = 305, .box_w = 18, .box_h = 24, .ofs_x = 3, .ofs_y = 0},
    {.bitmap_index = 4521, .adv_w = 305, .box_w = 18, .box_h = 22, .ofs_x = 3, .ofs_y = 0},
    {.bitmap_index = 4571, .adv_w = 256, .box_w = 15, .box_h = 24, .ofs_x = 3, .ofs_y = 0},
    {.bitmap_index = 4616, .adv_w = 232, .box_w = 16, .box_h = 18, .ofs_x = -1, .ofs_y = 0},
    {.bitmap_index = 4652, .adv_w = 246, .box_w = 18, .box_h = 24, .ofs_x = -2, .ofs_y = -6},
    {.bitmap_index = 4706, .adv_w = 215, .box_w = 13, .box_h = 18, .ofs_x = 0, .ofs_y = 0},
    {.bitmap_index = 4736, .adv_w = 215, .box_w = 13, .box_h = 18, .ofs_x = 0, .ofs_y = 0},
    {.bitmap_index = 4766, .adv_w = 215, .box_w = 13, .box_h = 18, .ofs_x = 0, .ofs_y = 0},
    {.bitmap_index = 4796, .adv_w = 215, .box_w = 14, .box_h = 18, .ofs_x = 0, .ofs_y = 0},
    {.bitmap_index = 4828, .adv_w = 215, .box_w = 13, .box_h = 17, .ofs_x = 0, .ofs_y = 0},
    {.bitmap_index = 4856, .adv_w = 215, .box_w = 13, .box_h = 20, .ofs_x = 0, .ofs_y = 0},
    {.bitmap_index = 4889, .adv_w = 274, .box_w = 17, .box_h = 12, .ofs_x = 0, .ofs_y = 0},
    {.bitmap_index = 4915, .adv_w = 174, .box_w = 10, .box_h = 18, .ofs_x = 1, .ofs_y = -6},
    {.bitmap_index = 4938, .adv_w = 175, .box_w = 10, .box_h = 18, .ofs_x = 1, .ofs_y = 0},
    {.bitmap_index = 4961, .adv_w = 175, .box_w = 12, .box_h = 18, .ofs_x = 1, .ofs_y = 0},
    {.bitmap_index = 4988, .adv_w = 175, .box_w = 11, .box_h = 18, .ofs_x = 1, .ofs_y = 0},
    {.bitmap_index = 5013, .adv_w = 175, .box_w = 11, .box_h = 17, .ofs_x = 1, .ofs_y = 0},
    {.bitmap_index = 5037, .adv_w = 120, .box_w = 7, .box_h = 18, .ofs_x = 1, .ofs_y = 0},
    {.bitmap_index = 5053, .adv_w = 120, .box_w = 8, .box_h = 18, .ofs_x = 1, .ofs_y = 0},
    {.bitmap_index = 5071, .adv_w = 120, .box_w = 9, .box_h = 18, .ofs_x = 1, .ofs_y = 0},
    {.bitmap_index = 5092, .adv_w = 120, .box_w = 9, .box_h = 17, .ofs_x = 1, .ofs_y = 0},
    {.bitmap_index = 5112, .adv_w = 197, .box_w = 12, .box_h = 19, .ofs_x = 1, .ofs_y = 0},
    {.bitmap_index = 5141, .adv_w = 213, .box_w = 14, .box_h = 18, .ofs_x = 0, .ofs_y = 0},
    {.bitmap_index = 5173, .adv_w = 204, .box_w = 12, .box_h = 18, .ofs_x = 1, .ofs_y = 0},
    {.bitmap_index = 5200, .adv_w = 204, .box_w = 12, .box_h = 18, .ofs_x = 1, .ofs_y = 0},
    {.bitmap_index = 5227, .adv_w = 204, .box_w = 12, .box_h = 18, .ofs_x = 1, .ofs_y = 0},
    {.bitmap_index = 5254, .adv_w = 204, .box_w = 13, .box_h = 17, .ofs_x = 1, .ofs_y = 0},
    {.bitmap_index = 5282, .adv_w = 204, .box_w = 12, .box_h = 17, .ofs_x = 1, .ofs_y = 0},
    {.bitmap_index = 5308, .adv_w = 292, .box_w = 14, .box_h = 14, .ofs_x = 2, .ofs_y = 0},
    {.bitmap_index = 5333, .adv_w = 205, .box_w = 12, .box_h = 20, .ofs_x = 1, .ofs_y = -4},
    {.bitmap_index = 5363, .adv_w = 209, .box_w = 12, .box_h = 18, .ofs_x = 1, .ofs_y = 0},
    {.bitmap_index = 5390, .adv_w = 209, .box_w = 12, .box_h = 18, .ofs_x = 1, .ofs_y = 0},
    {.bitmap_index = 5417, .adv_w = 209, .box_w = 12, .box_h = 18, .ofs_x = 1, .ofs_y = 0},
    {.bitmap_index = 5444, .adv_w = 209, .box_w = 12, .box_h = 17, .ofs_x = 1, .ofs_y = 0},
    {.bitmap_index = 5470, .adv_w = 200, .box_w = 12, .box_h = 24, .ofs_x = 0, .ofs_y = -6},
    {.bitmap_index = 5506, .adv_w = 203, .box_w = 15, .box_h = 24, .ofs_x = -2, .ofs_y = -6},
    {.bitmap_index = 5551, .adv_w = 200, .box_w = 12, .box_h = 22, .ofs_x = 0, .ofs_y = -6},
    {.bitmap_index = 5584, .adv_w = 281, .box_w = 17, .box_h = 22, .ofs_x = 0, .ofs_y = 0},
    {.bitmap_index = 5631, .adv_w = 215, .box_w = 13, .box_h = 16, .ofs_x = 0, .ofs_y = 0},
    {.bitmap_index = 5657, .adv_w = 281, .box_w = 17, .box_h = 24, .ofs_x = 0, .ofs_y = 0},
    {.bitmap_index = 5708, .adv_w = 215, .box_w = 13, .box_h = 18, .ofs_x = 0, .ofs_y = 0},
    {.bitmap_index = 5738, .adv_w = 264, .box_w = 20, .box_h = 23, .ofs_x = -1, .ofs_y = -5},
    {.bitmap_index = 5796, .adv_w = 216, .box_w = 14, .box_h = 16, .ofs_x = 0, .ofs_y = -4},
    {.bitmap_index = 5824, .adv_w = 264, .box_w = 17, .box_h = 25, .ofs_x = 1, .ofs_y = 0},
    {.bitmap_index = 5878, .adv_w = 174, .box_w = 11, .box_h = 18, .ofs_x = 1, .ofs_y = 0},
    {.bitmap_index = 5903, .adv_w = 264, .box_w = 17, .box_h = 24, .ofs_x = 1, .ofs_y = 0},
    {.bitmap_index = 5954, .adv_w = 174, .box_w = 12, .box_h = 18, .ofs_x = 1, .ofs_y = 0},
    {.bitmap_index = 5981, .adv_w = 264, .box_w = 17, .box_h = 23, .ofs_x = 1, .ofs_y = 0},
    {.bitmap_index = 6030, .adv_w = 174, .box_w = 10, .box_h = 17, .ofs_x = 1, .ofs_y = 0},
    {.bitmap_index = 6052, .adv_w = 264, .box_w = 17, .box_h = 25, .ofs_x = 1, .ofs_y = 0},
    {.bitmap_index = 6106, .adv_w = 174, .box_w = 13, .box_h = 18, .ofs_x = 1, .ofs_y = 0},
    {.bitmap_index = 6136, .adv_w = 303, .box_w = 19, .box_h = 24, .ofs_x = 0, .ofs_y = 0},
    {.bitmap_index = 6193, .adv_w = 270, .box_w = 20, .box_h = 19, .ofs_x = 0, .ofs_y = 0},
    {.bitmap_index = 6241, .adv_w = 303, .box_w = 19, .box_h = 18, .ofs_x = 0, .ofs_y = 0},
    {.bitmap_index = 6284, .adv_w = 216, .box_w = 15, .box_h = 19, .ofs_x = 0, .ofs_y = 0},
    {.bitmap_index = 6320, .adv_w = 264, .box_w = 17, .box_h = 22, .ofs_x = 0, .ofs_y = 0},
    {.bitmap_index = 6367, .adv_w = 175, .box_w = 11, .box_h = 16, .ofs_x = 1, .ofs_y = 0},
    {.bitmap_index = 6389, .adv_w = 264, .box_w = 17, .box_h = 24, .ofs_x = 0, .ofs_y = 0},
    {.bitmap_index = 6440, .adv_w = 175, .box_w = 13, .box_h = 18, .ofs_x = 1, .ofs_y = 0},
    {.bitmap_index = 6470, .adv_w = 264, .box_w = 17, .box_h = 22, .ofs_x = 0, .ofs_y = 0},
    {.bitmap_index = 6517, .adv_w = 175, .box_w = 10, .box_h = 17, .ofs_x = 1, .ofs_y = 0},
    {.bitmap_index = 6539, .adv_w = 264, .box_w = 18, .box_h = 23, .ofs_x = 0, .ofs_y = -5},
    {.bitmap_index = 6591, .adv_w = 175, .box_w = 11, .box_h = 16, .ofs_x = 1, .ofs_y = -4},
    {.bitmap_index = 6613, .adv_w = 264, .box_w = 17, .box_h = 24, .ofs_x = 0, .ofs_y = 0},
    {.bitmap_index = 6664, .adv_w = 175, .box_w = 13, .box_h = 18, .ofs_x = 1, .ofs_y = 0},
    {.bitmap_index = 6694, .adv_w = 298, .box_w = 18, .box_h = 24, .ofs_x = 1, .ofs_y = 0},
    {.bitmap_index = 6748, .adv_w = 190, .box_w = 13, .box_h = 24, .ofs_x = -1, .ofs_y = -6},
    {.bitmap_index = 6787, .adv_w = 298, .box_w = 18, .box_h = 25, .ofs_x = 1, .ofs_y = 0},
    {.bitmap_index = 6844, .adv_w = 190, .box_w = 14, .box_h = 24, .ofs_x = -1, .ofs_y = -6},
    {.bitmap_index = 6886, .adv_w = 298, .box_w = 18, .box_h = 23, .ofs_x = 1, .ofs_y = 0},
    {.bitmap_index = 6938, .adv_w = 190, .box_w = 13, .box_h = 22, .ofs_x = -1, .ofs_y = -6},
    {.bitmap_index = 6974, .adv_w = 298, .box_w = 18, .box_h = 26, .ofs_x = 1, .ofs_y = -8},
    {.bitmap_index = 7033, .adv_w = 190, .box_w = 13, .box_h = 26, .ofs_x = -1, .ofs_y = -6},
    {.bitmap_index = 7076, .adv_w = 305, .box_w = 21, .box_h = 24, .ofs_x = 0, .ofs_y = 0},
    {.bitmap_index = 7139, .adv_w = 216, .box_w = 15, .box_h = 24, .ofs_x = 1, .ofs_y = 0},
    {.bitmap_index = 7184, .adv_w = 312, .box_w = 21, .box_h = 18, .ofs_x = 0, .ofs_y = 0},
    {.bitmap_index = 7232, .adv_w = 216, .box_w = 12, .box_h = 19, .ofs_x = 1, .ofs_y = 0},
    {.bitmap_index = 7261, .adv_w = 144, .box_w = 13, .box_h = 22, .ofs_x = 0, .ofs_y = 0},
    {.bitmap_index = 7297, .adv_w = 120, .box_w = 10, .box_h = 17, .ofs_x = 1, .ofs_y = 0},
    {.bitmap_index = 7319, .adv_w = 144, .box_w = 12, .box_h = 22, .ofs_x = 0, .ofs_y = 0},
    {.bitmap_index = 7352, .adv_w = 120, .box_w = 9, .box_h = 16, .ofs_x = 1, .ofs_y = 0},
    {.bitmap_index = 7370, .adv_w = 144, .box_w = 13, .box_h = 24, .ofs_x = 0, .ofs_y = 0},
    {.bitmap_index = 7409, .adv_w = 120, .box_w = 10, .box_h = 18, .ofs_x = 1, .ofs_y = 0},
    {.bitmap_index = 7432, .adv_w = 148, .box_w = 11, .box_h = 23, .ofs_x = 0, .ofs_y = -5},
    {.bitmap_index = 7464, .adv_w = 120, .box_w = 7, .box_h = 23, .ofs_x = 1, .ofs_y = -5},
    {.bitmap_index = 7485, .adv_w = 144, .box_w = 11, .box_h = 23, .ofs_x = 0, .ofs_y = 0},
    {.bitmap_index = 7517, .adv_w = 120, .box_w = 5, .box_h = 12, .ofs_x = 1, .ofs_y = 0},
    {.bitmap_index = 7525, .adv_w = 305, .box_w = 21, .box_h = 18, .ofs_x = 0, .ofs_y = 0},
    {.bitmap_index = 7573, .adv_w = 195, .box_w = 12, .box_h = 24, .ofs_x = 1, .ofs_y = -6},
    {.bitmap_index = 7609, .adv_w = 184, .box_w = 14, .box_h = 24, .ofs_x = 0, .ofs_y = 0},
    {.bitmap_index = 7651, .adv_w = 142, .box_w = 13, .box_h = 24, .ofs_x = -2, .ofs_y = -6},
    {.bitmap_index = 7690, .adv_w = 288, .box_w = 19, .box_h = 26, .ofs_x = 0, .ofs_y = -8},
    {.bitmap_index = 7752, .adv_w = 196, .box_w = 13, .box_h = 27, .ofs_x = 0, .ofs_y = -8},
    {.bitmap_index = 7796, .adv_w = 196, .box_w = 12, .box_h = 13, .ofs_x = 1, .ofs_y = 0},
    {.bitmap_index = 7816, .adv_w = 245, .box_w = 15, .box_h = 24, .ofs_x = 0, .ofs_y = 0},
    {.bitmap_index = 7861, .adv_w = 108, .box_w = 9, .box_h = 24, .ofs_x = 1, .ofs_y = 0},
    {.bitmap_index = 7888, .adv_w = 245, .box_w = 15, .box_h = 26, .ofs_x = 0, .ofs_y = -8},
    {.bitmap_index = 7937, .adv_w = 108, .box_w = 7, .box_h = 27, .ofs_x = 0, .ofs_y = -8},
    {.bitmap_index = 7961, .adv_w = 245, .box_w = 16, .box_h = 18, .ofs_x = 0, .ofs_y = 0},
    {.bitmap_index = 7997, .adv_w = 163, .box_w = 12, .box_h = 19, .ofs_x = 1, .ofs_y = 0},
    {.bitmap_index = 8026, .adv_w = 245, .box_w = 15, .box_h = 18, .ofs_x = 0, .ofs_y = 0},
    {.bitmap_index = 8060, .adv_w = 148, .box_w = 8, .box_h = 19, .ofs_x = 1, .ofs_y = 0},
    {.bitmap_index = 8079, .adv_w = 244, .box_w = 15, .box_h = 18, .ofs_x = 0, .ofs_y = 0},
    {.bitmap_index = 8113, .adv_w = 120, .box_w = 7, .box_h = 19, .ofs_x = 1, .ofs_y = 0},
    {.bitmap_index = 8130, .adv_w = 292, .box_w = 20, .box_h = 25, .ofs_x = 0, .ofs_y = 0},
    {.bitmap_index = 8193, .adv_w = 213, .box_w = 13, .box_h = 18, .ofs_x = 0, .ofs_y = 0},
    {.bitmap_index = 8223, .adv_w = 292, .box_w = 20, .box_h = 26, .ofs_x = 0, .ofs_y = -8},
    {.bitmap_index = 8288, .adv_w = 213, .box_w = 13, .box_h = 20, .ofs_x = 0, .ofs_y = -8},
    {.bitmap_index = 8321, .adv_w = 292, .box_w = 20, .box_h = 25, .ofs_x = 0, .ofs_y = 0},
    {.bitmap_index = 8384, .adv_w = 213, .box_w = 14, .box_h = 18, .ofs_x = 0, .ofs_y = 0},
    {.bitmap_index = 8416, .adv_w = 234, .box_w = 12, .box_h = 18, .ofs_x = 2, .ofs_y = 0},
    {.bitmap_index = 8443, .adv_w = 301, .box_w = 20, .box_h = 18, .ofs_x = 0, .ofs_y = 0},
    {.bitmap_index = 8488, .adv_w = 216, .box_w = 12, .box_h = 18, .ofs_x = 0, .ofs_y = -6},
    {.bitmap_index = 8515, .adv_w = 283, .box_w = 17, .box_h = 22, .ofs_x = 1, .ofs_y = 0},
    {.bitmap_index = 8562, .adv_w = 204, .box_w = 12, .box_h = 16, .ofs_x = 1, .ofs_y = 0},
    {.bitmap_index = 8586, .adv_w = 283, .box_w = 17, .box_h = 25, .ofs_x = 1, .ofs_y = 0},
    {.bitmap_index = 8640, .adv_w = 204, .box_w = 13, .box_h = 18, .ofs_x = 1, .ofs_y = 0},
    {.bitmap_index = 8670, .adv_w = 283, .box_w = 17, .box_h = 25, .ofs_x = 1, .ofs_y = 0},
    {.bitmap_index = 8724, .adv_w = 204, .box_w = 13, .box_h = 18, .ofs_x = 1, .ofs_y = 0},
    {.bitmap_index = 8754, .adv_w = 385, .box_w = 25, .box_h = 18, .ofs_x = 1, .ofs_y = 0},
    {.bitmap_index = 8811, .adv_w = 282, .box_w = 17, .box_h = 12, .ofs_x = 1, .ofs_y = 0},
    {.bitmap_index = 8837, .adv_w = 266, .box_w = 16, .box_h = 24, .ofs_x = 0, .ofs_y = 0},
    {.bitmap_index = 8885, .adv_w = 158, .box_w = 10, .box_h = 18, .ofs_x = 1, .ofs_y = 0},
    {.bitmap_index = 8908, .adv_w = 266, .box_w = 16, .box_h = 26, .ofs_x = 0, .ofs_y = -8},
    {.bitmap_index = 8960, .adv_w = 158, .box_w = 10, .box_h = 20, .ofs_x = 0, .ofs_y = -8},
    {.bitmap_index = 8985, .adv_w = 266, .box_w = 16, .box_h = 24, .ofs_x = 0, .ofs_y = 0},
    {.bitmap_index = 9033, .adv_w = 158, .box_w = 11, .box_h = 18, .ofs_x = 1, .ofs_y = 0},
    {.bitmap_index = 9058, .adv_w = 196, .box_w = 13, .box_h = 25, .ofs_x = 0, .ofs_y = 0},
    {.bitmap_index = 9099, .adv_w = 149, .box_w = 11, .box_h = 18, .ofs_x = 0, .ofs_y = 0},
    {.bitmap_index = 9124, .adv_w = 196, .box_w = 13, .box_h = 24, .ofs_x = 0, .ofs_y = 0},
    {.bitmap_index = 9163, .adv_w = 149, .box_w = 11, .box_h = 18, .ofs_x = 0, .ofs_y = 0},
    {.bitmap_index = 9188, .adv_w = 200, .box_w = 14, .box_h = 24, .ofs_x = 0, .ofs_y = -6},
    {.bitmap_index = 9230, .adv_w = 149, .box_w = 9, .box_h = 18, .ofs_x = 0, .ofs_y = -6},
    {.bitmap_index = 9251, .adv_w = 196, .box_w = 15, .box_h = 25, .ofs_x = 0, .ofs_y = 0},
    {.bitmap_index = 9298, .adv_w = 149, .box_w = 13, .box_h = 18, .ofs_x = 0, .ofs_y = 0},
    {.bitmap_index = 9328, .adv_w = 240, .box_w = 15, .box_h = 24, .ofs_x = 2, .ofs_y = -6},
    {.bitmap_index = 9373, .adv_w = 103, .box_w = 9, .box_h = 21, .ofs_x = -1, .ofs_y = -6},
    {.bitmap_index = 9397, .adv_w = 254, .box_w = 15, .box_h = 24, .ofs_x = 3, .ofs_y = 0},
    {.bitmap_index = 9442, .adv_w = 157, .box_w = 11, .box_h = 18, .ofs_x = 1, .ofs_y = 0},
    {.bitmap_index = 9467, .adv_w = 240, .box_w = 15, .box_h = 18, .ofs_x = 2, .ofs_y = 0},
    {.bitmap_index = 9501, .adv_w = 107, .box_w = 8, .box_h = 15, .ofs_x = 0, .ofs_y = 0},
    {.bitmap_index = 9516, .adv_w = 305, .box_w = 18, .box_h = 23, .ofs_x = 3, .ofs_y = 0},
    {.bitmap_index = 9568, .adv_w = 209, .box_w = 13, .box_h = 17, .ofs_x = 1, .ofs_y = 0},
    {.bitmap_index = 9596, .adv_w = 305, .box_w = 18, .box_h = 22, .ofs_x = 3, .ofs_y = 0},
    {.bitmap_index = 9646, .adv_w = 209, .box_w = 12, .box_h = 16, .ofs_x = 1, .ofs_y = 0},
    {.bitmap_index = 9670, .adv_w = 305, .box_w = 18, .box_h = 25, .ofs_x = 3, .ofs_y = 0},
    {.bitmap_index = 9727, .adv_w = 209, .box_w = 12, .box_h = 18, .ofs_x = 1, .ofs_y = 0},
    {.bitmap_index = 9754, .adv_w = 305, .box_w = 18, .box_h = 25, .ofs_x = 3, .ofs_y = 0},
    {.bitmap_index = 9811, .adv_w = 209, .box_w = 12, .box_h = 20, .ofs_x = 1, .ofs_y = 0},
    {.bitmap_index = 9841, .adv_w = 305, .box_w = 18, .box_h = 25, .ofs_x = 3, .ofs_y = 0},
    {.bitmap_index = 9898, .adv_w = 209, .box_w = 12, .box_h = 18, .ofs_x = 1, .ofs_y = 0},
    {.bitmap_index = 9925, .adv_w = 302, .box_w = 18, .box_h = 22, .ofs_x = 3, .ofs_y = -4},
    {.bitmap_index = 9975, .adv_w = 209, .box_w = 12, .box_h = 16, .ofs_x = 1, .ofs_y = -4},
    {.bitmap_index = 9999, .adv_w = 384, .box_w = 23, .box_h = 24, .ofs_x = 3, .ofs_y = 0},
    {.bitmap_index = 10068, .adv_w = 295, .box_w = 17, .box_h = 18, .ofs_x = 1, .ofs_y = 0},
    {.bitmap_index = 10107, .adv_w = 256, .box_w = 15, .box_h = 24, .ofs_x = 3, .ofs_y = 0},
    {.bitmap_index = 10152, .adv_w = 200, .box_w = 12, .box_h = 24, .ofs_x = 0, .ofs_y = -6},
    {.bitmap_index = 10188, .adv_w = 256, .box_w = 15, .box_h = 22, .ofs_x = 3, .ofs_y = 0},
    {.bitmap_index = 10230, .adv_w = 243, .box_w = 17, .box_h = 24, .ofs_x = 0, .ofs_y = 0},
    {.bitmap_index = 10281, .adv_w = 168, .box_w = 11, .box_h = 21, .ofs_x = 0, .ofs_y = -3},
    {.bitmap_index = 10310, .adv_w = 243, .box_w = 17, .box_h = 23, .ofs_x = 0, .ofs_y = 0},
    {.bitmap_index = 10359, .adv_w = 168, .box_w = 10, .box_h = 19, .ofs_x = 0, .ofs_y = -3},
    {.bitmap_index = 10383, .adv_w = 243, .box_w = 17, .box_h = 24, .ofs_x = 0, .ofs_y = 0},
    {.bitmap_index = 10434, .adv_w = 168, .box_w = 12, .box_h = 21, .ofs_x = 0, .ofs_y = -3},
    {.bitmap_index = 10466, .adv_w = 200, .box_w = 15, .box_h = 24, .ofs_x = -2, .ofs_y = -6},
    {.bitmap_index = 10511, .adv_w = 207, .box_w = 12, .box_h = 19, .ofs_x = 1, .ofs_y = 0},
    {.bitmap_index = 10540, .adv_w = 319, .box_w = 17, .box_h = 18, .ofs_x = 3, .ofs_y = 0},
    {.bitmap_index = 10579, .adv_w = 252, .box_w = 16, .box_h = 18, .ofs_x = 0, .ofs_y = 0},
    {.bitmap_index = 10615, .adv_w = 208, .box_w = 12, .box_h = 18, .ofs_x = 1, .ofs_y = 0},
    {.bitmap_index = 10642, .adv_w = 253, .box_w = 15, .box_h = 18, .ofs_x = 0, .ofs_y = 0},
    {.bitmap_index = 10676, .adv_w = 220, .box_w = 13, .box_h = 18, .ofs_x = 1, .ofs_y = 0},
    {.bitmap_index = 10706, .adv_w = 271, .box_w = 18, .box_h = 18, .ofs_x = -1, .ofs_y = 0},
    {.bitmap_index = 10747, .adv_w = 368, .box_w = 24, .box_h = 18, .ofs_x = 1, .ofs_y = 0},
    {.bitmap_index = 10801, .adv_w = 250, .box_w = 17, .box_h = 18, .ofs_x = 1, .ofs_y = 0},
    {.bitmap_index = 10840, .adv_w = 303, .box_w = 19, .box_h = 18, .ofs_x = 0, .ofs_y = 0},
    {.bitmap_index = 10883, .adv_w = 385, .box_w = 20, .box_h = 18, .ofs_x = 3, .ofs_y = 0},
    {.bitmap_index = 10928, .adv_w = 289, .box_w = 20, .box_h = 18, .ofs_x = 0, .ofs_y = 0},
    {.bitmap_index = 10973, .adv_w = 233, .box_w = 14, .box_h = 18, .ofs_x = 0, .ofs_y = 0},
    {.bitmap_index = 11005, .adv_w = 204, .box_w = 12, .box_h = 19, .ofs_x = 0, .ofs_y = -7},
    {.bitmap_index = 11034, .adv_w = 264, .box_w = 19, .box_h = 18, .ofs_x = 0, .ofs_y = 0},
    {.bitmap_index = 11077, .adv_w = 253, .box_w = 15, .box_h = 18, .ofs_x = 1, .ofs_y = 0},
    {.bitmap_index = 11111, .adv_w = 224, .box_w = 16, .box_h = 20, .ofs_x = 0, .ofs_y = 0},
    {.bitmap_index = 11151, .adv_w = 264, .box_w = 21, .box_h = 24, .ofs_x = -2, .ofs_y = -6},
    {.bitmap_index = 11214, .adv_w = 200, .box_w = 15, .box_h = 24, .ofs_x = -2, .ofs_y = -6},
    {.bitmap_index = 11259, .adv_w = 373, .box_w = 24, .box_h = 18, .ofs_x = 1, .ofs_y = 0},
    {.bitmap_index = 11313, .adv_w = 282, .box_w = 17, .box_h = 18, .ofs_x = 3, .ofs_y = 0},
    {.bitmap_index = 11352, .adv_w = 306, .box_w = 18, .box_h = 19, .ofs_x = 1, .ofs_y = 0},
    {.bitmap_index = 11395, .adv_w = 120, .box_w = 7, .box_h = 19, .ofs_x = 1, .ofs_y = 0},
    {.bitmap_index = 11412, .adv_w = 144, .box_w = 10, .box_h = 18, .ofs_x = 0, .ofs_y = 0},
    {.bitmap_index = 11435, .adv_w = 342, .box_w = 23, .box_h = 18, .ofs_x = 0, .ofs_y = 0},
    {.bitmap_index = 11487, .adv_w = 192, .box_w = 12, .box_h = 18, .ofs_x = 0, .ofs_y = 0},
    {.bitmap_index = 11514, .adv_w = 113, .box_w = 7, .box_h = 19, .ofs_x = 1, .ofs_y = 0},
    {.bitmap_index = 11531, .adv_w = 207, .box_w = 12, .box_h = 18, .ofs_x = 0, .ofs_y = 0},
    {.bitmap_index = 11558, .adv_w = 389, .box_w = 23, .box_h = 18, .ofs_x = 3, .ofs_y = 0},
    {.bitmap_index = 11610, .adv_w = 332, .box_w = 24, .box_h = 24, .ofs_x = -2, .ofs_y = -6},
    {.bitmap_index = 11682, .adv_w = 216, .box_w = 12, .box_h = 18, .ofs_x = 0, .ofs_y = -6},
    {.bitmap_index = 11709, .adv_w = 286, .box_w = 17, .box_h = 18, .ofs_x = 1, .ofs_y = 0},
    {.bitmap_index = 11748, .adv_w = 333, .box_w = 22, .box_h = 19, .ofs_x = 1, .ofs_y = 0},
    {.bitmap_index = 11801, .adv_w = 249, .box_w = 16, .box_h = 15, .ofs_x = 1, .ofs_y = 0},
    {.bitmap_index = 11831, .adv_w = 392, .box_w = 24, .box_h = 18, .ofs_x = 1, .ofs_y = 0},
    {.bitmap_index = 11885, .adv_w = 312, .box_w = 17, .box_h = 18, .ofs_x = 1, .ofs_y = -6},
    {.bitmap_index = 11924, .adv_w = 302, .box_w = 18, .box_h = 18, .ofs_x = 2, .ofs_y = 0},
    {.bitmap_index = 11965, .adv_w = 209, .box_w = 15, .box_h = 24, .ofs_x = -2, .ofs_y = -6},
    {.bitmap_index = 12010, .adv_w = 264, .box_w = 16, .box_h = 23, .ofs_x = 0, .ofs_y = -5},
    {.bitmap_index = 12056, .adv_w = 216, .box_w = 12, .box_h = 18, .ofs_x = 1, .ofs_y = 0},
    {.bitmap_index = 12083, .adv_w = 159, .box_w = 8, .box_h = 12, .ofs_x = 1, .ofs_y = 0},
    {.bitmap_index = 12095, .adv_w = 282, .box_w = 19, .box_h = 18, .ofs_x = 0, .ofs_y = 0},
    {.bitmap_index = 12138, .adv_w = 199, .box_w = 8, .box_h = 24, .ofs_x = 3, .ofs_y = -6},
    {.bitmap_index = 12162, .adv_w = 135, .box_w = 11, .box_h = 19, .ofs_x = -2, .ofs_y = -4},
    {.bitmap_index = 12189, .adv_w = 240, .box_w = 16, .box_h = 18, .ofs_x = 1, .ofs_y = 0},
    {.bitmap_index = 12225, .adv_w = 145, .box_w = 10, .box_h = 18, .ofs_x = 2, .ofs_y = 0},
    {.bitmap_index = 12248, .adv_w = 240, .box_w = 15, .box_h = 24, .ofs_x = 2, .ofs_y = -6},
    {.bitmap_index = 12293, .adv_w = 346, .box_w = 21, .box_h = 19, .ofs_x = 3, .ofs_y = 0},
    {.bitmap_index = 12343, .adv_w = 261, .box_w = 16, .box_h = 15, .ofs_x = 1, .ofs_y = 0},
    {.bitmap_index = 12373, .adv_w = 323, .box_w = 20, .box_h = 18, .ofs_x = 1, .ofs_y = 0},
    {.bitmap_index = 12418, .adv_w = 299, .box_w = 17, .box_h = 18, .ofs_x = 2, .ofs_y = 0},
    {.bitmap_index = 12457, .adv_w = 286, .box_w = 18, .box_h = 18, .ofs_x = 2, .ofs_y = 0},
    {.bitmap_index = 12498, .adv_w = 250, .box_w = 16, .box_h = 24, .ofs_x = 0, .ofs_y = -6},
    {.bitmap_index = 12546, .adv_w = 240, .box_w = 16, .box_h = 18, .ofs_x = 0, .ofs_y = 0},
    {.bitmap_index = 12582, .adv_w = 168, .box_w = 10, .box_h = 15, .ofs_x = 0, .ofs_y = -3},
    {.bitmap_index = 12601, .adv_w = 224, .box_w = 17, .box_h = 18, .ofs_x = -1, .ofs_y = 0},
    {.bitmap_index = 12640, .adv_w = 241, .box_w = 14, .box_h = 18, .ofs_x = 1, .ofs_y = 0},
    {.bitmap_index = 12672, .adv_w = 187, .box_w = 13, .box_h = 18, .ofs_x = -1, .ofs_y = -6},
    {.bitmap_index = 12702, .adv_w = 180, .box_w = 14, .box_h = 18, .ofs_x = -1, .ofs_y = -6},
    {.bitmap_index = 12734, .adv_w = 216, .box_w = 13, .box_h = 18, .ofs_x = 1, .ofs_y = 0},
    {.bitmap_index = 12764, .adv_w = 266, .box_w = 17, .box_h = 18, .ofs_x = 0, .ofs_y = 0},
    {.bitmap_index = 12803, .adv_w = 190, .box_w = 13, .box_h = 18, .ofs_x = -1, .ofs_y = -6},
    {.bitmap_index = 12833, .adv_w = 168, .box_w = 8, .box_h = 15, .ofs_x = 0, .ofs_y = 0},
    {.bitmap_index = 12848, .adv_w = 204, .box_w = 15, .box_h = 18, .ofs_x = -2, .ofs_y = -6},
    {.bitmap_index = 12882, .adv_w = 102, .box_w = 6, .box_h = 20, .ofs_x = 2, .ofs_y = 0},
    {.bitmap_index = 12897, .adv_w = 156, .box_w = 9, .box_h = 20, .ofs_x = 2, .ofs_y = 0},
    {.bitmap_index = 12920, .adv_w = 259, .box_w = 15, .box_h = 20, .ofs_x = 2, .ofs_y = 0},
    {.bitmap_index = 12958, .adv_w = 144, .box_w = 7, .box_h = 18, .ofs_x = 1, .ofs_y = 0},
    {.bitmap_index = 12974, .adv_w = 548, .box_w = 36, .box_h = 24, .ofs_x = 0, .ofs_y = 0},
    {.bitmap_index = 13082, .adv_w = 471, .box_w = 31, .box_h = 20, .ofs_x = 0, .ofs_y = -2},
    {.bitmap_index = 13160, .adv_w = 375, .box_w = 25, .box_h = 20, .ofs_x = 0, .ofs_y = -2},
    {.bitmap_index = 13223, .adv_w = 432, .box_w = 28, .box_h = 18, .ofs_x = 0, .ofs_y = 0},
    {.bitmap_index = 13286, .adv_w = 356, .box_w = 22, .box_h = 24, .ofs_x = 0, .ofs_y = -6},
    {.bitmap_index = 13352, .adv_w = 219, .box_w = 13, .box_h = 25, .ofs_x = 1, .ofs_y = -6},
    {.bitmap_index = 13393, .adv_w = 447, .box_w = 30, .box_h = 18, .ofs_x = 0, .ofs_y = 0},
    {.bitmap_index = 13461, .adv_w = 387, .box_w = 24, .box_h = 24, .ofs_x = 0, .ofs_y = -6},
    {.bitmap_index = 13533, .adv_w = 323, .box_w = 20, .box_h = 24, .ofs_x = 0, .ofs_y = -6},
    {.bitmap_index = 13593, .adv_w = 281, .box_w = 17, .box_h = 25, .ofs_x = 0, .ofs_y = 0},
    {.bitmap_index = 13647, .adv_w = 215, .box_w = 14, .box_h = 18, .ofs_x = 0, .ofs_y = 0},
    {.bitmap_index = 13679, .adv_w = 139, .box_w = 13, .box_h = 24, .ofs_x = 0, .ofs_y = 0},
    {.bitmap_index = 13718, .adv_w = 120, .box_w = 10, .box_h = 18, .ofs_x = 1, .ofs_y = 0},
    {.bitmap_index = 13741, .adv_w = 283, .box_w = 17, .box_h = 25, .ofs_x = 1, .ofs_y = 0},
    {.bitmap_index = 13795, .adv_w = 204, .box_w = 13, .box_h = 18, .ofs_x = 1, .ofs_y = 0},
    {.bitmap_index = 13825, .adv_w = 305, .box_w = 18, .box_h = 25, .ofs_x = 3, .ofs_y = 0},
    {.bitmap_index = 13882, .adv_w = 209, .box_w = 13, .box_h = 18, .ofs_x = 1, .ofs_y = 0},
    {.bitmap_index = 13912, .adv_w = 305, .box_w = 18, .box_h = 25, .ofs_x = 3, .ofs_y = 0},
    {.bitmap_index = 13969, .adv_w = 209, .box_w = 13, .box_h = 20, .ofs_x = 1, .ofs_y = 0},
    {.bitmap_index = 14002, .adv_w = 302, .box_w = 18, .box_h = 25, .ofs_x = 2, .ofs_y = 0},
    {.bitmap_index = 14059, .adv_w = 209, .box_w = 13, .box_h = 22, .ofs_x = 1, .ofs_y = 0},
    {.bitmap_index = 14095, .adv_w = 302, .box_w = 18, .box_h = 25, .ofs_x = 2, .ofs_y = 0},
    {.bitmap_index = 14152, .adv_w = 209, .box_w = 13, .box_h = 23, .ofs_x = 1, .ofs_y = 0},
    {.bitmap_index = 14190, .adv_w = 302, .box_w = 18, .box_h = 25, .ofs_x = 2, .ofs_y = 0},
    {.bitmap_index = 14247, .adv_w = 209, .box_w = 12, .box_h = 22, .ofs_x = 1, .ofs_y = 0},
    {.bitmap_index = 14280, .adv_w = 175, .box_w = 10, .box_h = 12, .ofs_x = 1, .ofs_y = 0},
    {.bitmap_index = 14295, .adv_w = 281, .box_w = 17, .box_h = 24, .ofs_x = 0, .ofs_y = 0},
    {.bitmap_index = 14346, .adv_w = 215, .box_w = 14, .box_h = 20, .ofs_x = 0, .ofs_y = 0},
    {.bitmap_index = 14381, .adv_w = 281, .box_w = 17, .box_h = 24, .ofs_x = 0, .ofs_y = 0},
    {.bitmap_index = 14432, .adv_w = 215, .box_w = 14, .box_h = 20, .ofs_x = 0, .ofs_y = 0},
    {.bitmap_index = 14467, .adv_w = 379, .box_w = 25, .box_h = 22, .ofs_x = 0, .ofs_y = 0},
    {.bitmap_index = 14536, .adv_w = 274, .box_w = 17, .box_h = 16, .ofs_x = 0, .ofs_y = 0},
    {.bitmap_index = 14570, .adv_w = 308, .box_w = 18, .box_h = 18, .ofs_x = 1, .ofs_y = 0},
    {.bitmap_index = 14611, .adv_w = 212, .box_w = 14, .box_h = 18, .ofs_x = -1, .ofs_y = -6},
    {.bitmap_index = 14643, .adv_w = 298, .box_w = 18, .box_h = 25, .ofs_x = 1, .ofs_y = 0},
    {.bitmap_index = 14700, .adv_w = 190, .box_w = 14, .box_h = 24, .ofs_x = -1, .ofs_y = -6},
    {.bitmap_index = 14742, .adv_w = 277, .box_w = 19, .box_h = 24, .ofs_x = 0, .ofs_y = 0},
    {.bitmap_index = 14799, .adv_w = 196, .box_w = 15, .box_h = 24, .ofs_x = 0, .ofs_y = 0},
    {.bitmap_index = 14844, .adv_w = 289, .box_w = 18, .box_h = 24, .ofs_x = 1, .ofs_y = -6},
    {.bitmap_index = 14898, .adv_w = 204, .box_w = 12, .box_h = 18, .ofs_x = 1, .ofs_y = -6},
    {.bitmap_index = 14925, .adv_w = 289, .box_w = 18, .box_h = 27, .ofs_x = 1, .ofs_y = -6},
    {.bitmap_index = 14986, .adv_w = 204, .box_w = 12, .box_h = 21, .ofs_x = 1, .ofs_y = -6},
    {.bitmap_index = 15018, .adv_w = 224, .box_w = 17, .box_h = 25, .ofs_x = -1, .ofs_y = 0},
    {.bitmap_index = 15072, .adv_w = 193, .box_w = 13, .box_h = 24, .ofs_x = -1, .ofs_y = -6},
    {.bitmap_index = 15111, .adv_w = 120, .box_w = 13, .box_h = 24, .ofs_x = -3, .ofs_y = -6},
    {.bitmap_index = 15150, .adv_w = 543, .box_w = 35, .box_h = 18, .ofs_x = 0, .ofs_y = 0},
    {.bitmap_index = 15229, .adv_w = 471, .box_w = 29, .box_h = 20, .ofs_x = 0, .ofs_y = -2},
    {.bitmap_index = 15302, .adv_w = 371, .box_w = 23, .box_h = 21, .ofs_x = 0, .ofs_y = -2},
    {.bitmap_index = 15363, .adv_w = 298, .box_w = 18, .box_h = 25, .ofs_x = 1, .ofs_y = 0},
    {.bitmap_index = 15420, .adv_w = 190, .box_w = 13, .box_h = 24, .ofs_x = -1, .ofs_y = -6},
    {.bitmap_index = 15459, .adv_w = 404, .box_w = 26, .box_h = 18, .ofs_x = 0, .ofs_y = 0},
    {.bitmap_index = 15518, .adv_w = 232, .box_w = 16, .box_h = 18, .ofs_x = 0, .ofs_y = 0},
    {.bitmap_index = 15554, .adv_w = 292, .box_w = 20, .box_h = 25, .ofs_x = 0, .ofs_y = 0},
    {.bitmap_index = 15617, .adv_w = 213, .box_w = 13, .box_h = 18, .ofs_x = 0, .ofs_y = 0},
    {.bitmap_index = 15647, .adv_w = 264, .box_w = 18, .box_h = 25, .ofs_x = 0, .ofs_y = 0},
    {.bitmap_index = 15704, .adv_w = 215, .box_w = 14, .box_h = 25, .ofs_x = 0, .ofs_y = 0},
    {.bitmap_index = 15748, .adv_w = 379, .box_w = 25, .box_h = 24, .ofs_x = 0, .ofs_y = 0},
    {.bitmap_index = 15823, .adv_w = 274, .box_w = 17, .box_h = 18, .ofs_x = 0, .ofs_y = 0},
    {.bitmap_index = 15862, .adv_w = 284, .box_w = 17, .box_h = 28, .ofs_x = 1, .ofs_y = -3},
    {.bitmap_index = 15922, .adv_w = 205, .box_w = 12, .box_h = 25, .ofs_x = 1, .ofs_y = -4},
    {.bitmap_index = 15960, .adv_w = 281, .box_w = 17, .box_h = 23, .ofs_x = 0, .ofs_y = 0},
    {.bitmap_index = 16009, .adv_w = 215, .box_w = 13, .box_h = 18, .ofs_x = 0, .ofs_y = 0},
    {.bitmap_index = 16039, .adv_w = 281, .box_w = 17, .box_h = 23, .ofs_x = 0, .ofs_y = 0},
    {.bitmap_index = 16088, .adv_w = 215, .box_w = 13, .box_h = 18, .ofs_x = 0, .ofs_y = 0},
    {.bitmap_index = 16118, .adv_w = 248, .box_w = 17, .box_h = 23, .ofs_x = 0, .ofs_y = 0},
    {.bitmap_index = 16167, .adv_w = 175, .box_w = 11, .box_h = 18, .ofs_x = 1, .ofs_y = 0},
    {.bitmap_index = 16192, .adv_w = 248, .box_w = 17, .box_h = 23, .ofs_x = 0, .ofs_y = 0},
    {.bitmap_index = 16241, .adv_w = 175, .box_w = 11, .box_h = 18, .ofs_x = 1, .ofs_y = 0},
    {.bitmap_index = 16266, .adv_w = 139, .box_w = 11, .box_h = 23, .ofs_x = 0, .ofs_y = 0},
    {.bitmap_index = 16298, .adv_w = 120, .box_w = 8, .box_h = 18, .ofs_x = 0, .ofs_y = 0},
    {.bitmap_index = 16316, .adv_w = 139, .box_w = 11, .box_h = 23, .ofs_x = 0, .ofs_y = 0},
    {.bitmap_index = 16348, .adv_w = 120, .box_w = 8, .box_h = 18, .ofs_x = 1, .ofs_y = 0},
    {.bitmap_index = 16366, .adv_w = 283, .box_w = 17, .box_h = 24, .ofs_x = 1, .ofs_y = 0},
    {.bitmap_index = 16417, .adv_w = 204, .box_w = 12, .box_h = 18, .ofs_x = 1, .ofs_y = 0},
    {.bitmap_index = 16444, .adv_w = 283, .box_w = 17, .box_h = 24, .ofs_x = 1, .ofs_y = 0},
    {.bitmap_index = 16495, .adv_w = 204, .box_w = 12, .box_h = 18, .ofs_x = 1, .ofs_y = 0},
    {.bitmap_index = 16522, .adv_w = 266, .box_w = 16, .box_h = 23, .ofs_x = 0, .ofs_y = 0},
    {.bitmap_index = 16568, .adv_w = 158, .box_w = 9, .box_h = 18, .ofs_x = 1, .ofs_y = 0},
    {.bitmap_index = 16589, .adv_w = 266, .box_w = 16, .box_h = 23, .ofs_x = 0, .ofs_y = 0},
    {.bitmap_index = 16635, .adv_w = 158, .box_w = 10, .box_h = 18, .ofs_x = 1, .ofs_y = 0},
    {.bitmap_index = 16658, .adv_w = 305, .box_w = 18, .box_h = 24, .ofs_x = 3, .ofs_y = 0},
    {.bitmap_index = 16712, .adv_w = 209, .box_w = 12, .box_h = 18, .ofs_x = 1, .ofs_y = 0},
    {.bitmap_index = 16739, .adv_w = 305, .box_w = 18, .box_h = 24, .ofs_x = 3, .ofs_y = 0},
    {.bitmap_index = 16793, .adv_w = 209, .box_w = 12, .box_h = 18, .ofs_x = 1, .ofs_y = 0},
    {.bitmap_index = 16820, .adv_w = 196, .box_w = 13, .box_h = 26, .ofs_x = 0, .ofs_y = -8},
    {.bitmap_index = 16863, .adv_w = 149, .box_w = 9, .box_h = 20, .ofs_x = 0, .ofs_y = -8},
    {.bitmap_index = 16886, .adv_w = 254, .box_w = 15, .box_h = 26, .ofs_x = 3, .ofs_y = -8},
    {.bitmap_index = 16935, .adv_w = 103, .box_w = 9, .box_h = 23, .ofs_x = -1, .ofs_y = -8},
    {.bitmap_index = 16961, .adv_w = 187, .box_w = 11, .box_h = 19, .ofs_x = 1, .ofs_y = -1},
    {.bitmap_index = 16988, .adv_w = 201, .box_w = 11, .box_h = 18, .ofs_x = 0, .ofs_y = -6},
    {.bitmap_index = 17013, .adv_w = 305, .box_w = 21, .box_h = 24, .ofs_x = 0, .ofs_y = 0},
    {.bitmap_index = 17076, .adv_w = 216, .box_w = 15, .box_h = 24, .ofs_x = 1, .ofs_y = 0},
    {.bitmap_index = 17121, .adv_w = 301, .box_w = 18, .box_h = 24, .ofs_x = 0, .ofs_y = -6},
    {.bitmap_index = 17175, .adv_w = 241, .box_w = 14, .box_h = 25, .ofs_x = 1, .ofs_y = -5},
    {.bitmap_index = 17219, .adv_w = 233, .box_w = 15, .box_h = 18, .ofs_x = 1, .ofs_y = 0},
    {.bitmap_index = 17253, .adv_w = 219, .box_w = 15, .box_h = 19, .ofs_x = 1, .ofs_y = 0},
    {.bitmap_index = 17289, .adv_w = 255, .box_w = 17, .box_h = 24, .ofs_x = 0, .ofs_y = -6},
    {.bitmap_index = 17340, .adv_w = 175, .box_w = 11, .box_h = 18, .ofs_x = 0, .ofs_y = -6},
    {.bitmap_index = 17365, .adv_w = 281, .box_w = 17, .box_h = 22, .ofs_x = 0, .ofs_y = 0},
    {.bitmap_index = 17412, .adv_w = 215, .box_w = 13, .box_h = 17, .ofs_x = 0, .ofs_y = 0},
    {.bitmap_index = 17440, .adv_w = 249, .box_w = 17, .box_h = 24, .ofs_x = 0, .ofs_y = -6},
    {.bitmap_index = 17491, .adv_w = 175, .box_w = 11, .box_h = 18, .ofs_x = 0, .ofs_y = -6},
    {.bitmap_index = 17516, .adv_w = 283, .box_w = 17, .box_h = 25, .ofs_x = 1, .ofs_y = 0},
    {.bitmap_index = 17570, .adv_w = 204, .box_w = 13, .box_h = 20, .ofs_x = 1, .ofs_y = 0},
    {.bitmap_index = 17603, .adv_w = 283, .box_w = 17, .box_h = 25, .ofs_x = 1, .ofs_y = 0},
    {.bitmap_index = 17657, .adv_w = 204, .box_w = 13, .box_h = 20, .ofs_x = 1, .ofs_y = 0},
    {.bitmap_index = 17690, .adv_w = 283, .box_w = 17, .box_h = 23, .ofs_x = 1, .ofs_y = 0},
    {.bitmap_index = 17739, .adv_w = 204, .box_w = 12, .box_h = 17, .ofs_x = 1, .ofs_y = 0},
    {.bitmap_index = 17765, .adv_w = 283, .box_w = 17, .box_h = 25, .ofs_x = 1, .ofs_y = 0},
    {.bitmap_index = 17819, .adv_w = 204, .box_w = 13, .box_h = 20, .ofs_x = 1, .ofs_y = 0},
    {.bitmap_index = 17852, .adv_w = 256, .box_w = 15, .box_h = 22, .ofs_x = 3, .ofs_y = 0},
    {.bitmap_index = 17894, .adv_w = 200, .box_w = 12, .box_h = 21, .ofs_x = 0, .ofs_y = -6},
    {.bitmap_index = 17926, .adv_w = 144, .box_w = 10, .box_h = 27, .ofs_x = -2, .ofs_y = -8},
    {.bitmap_index = 17960, .adv_w = 228, .box_w = 13, .box_h = 17, .ofs_x = 0, .ofs_y = -5},
    {.bitmap_index = 17988, .adv_w = 163, .box_w = 11, .box_h = 24, .ofs_x = -1, .ofs_y = -8},
    {.bitmap_index = 18021, .adv_w = 120, .box_w = 10, .box_h = 17, .ofs_x = -3, .ofs_y = -6},
    {.bitmap_index = 18043, .adv_w = 337, .box_w = 20, .box_h = 19, .ofs_x = 1, .ofs_y = 0},
    {.bitmap_index = 18091, .adv_w = 332, .box_w = 20, .box_h = 19, .ofs_x = 1, .ofs_y = -6},
    {.bitmap_index = 18139, .adv_w = 281, .box_w = 18, .box_h = 22, .ofs_x = 0, .ofs_y = -2},
    {.bitmap_index = 18189, .adv_w = 264, .box_w = 18, .box_h = 22, .ofs_x = 0, .ofs_y = -2},
    {.bitmap_index = 18239, .adv_w = 176, .box_w = 14, .box_h = 16, .ofs_x = -1, .ofs_y = -2},
    {.bitmap_index = 18267, .adv_w = 244, .box_w = 15, .box_h = 18, .ofs_x = 0, .ofs_y = 0},
    {.bitmap_index = 18301, .adv_w = 240, .box_w = 19, .box_h = 21, .ofs_x = -1, .ofs_y = -1},
    {.bitmap_index = 18351, .adv_w = 151, .box_w = 9, .box_h = 18, .ofs_x = 0, .ofs_y = -6},
    {.bitmap_index = 18372, .adv_w = 179, .box_w = 13, .box_h = 18, .ofs_x = 0, .ofs_y = -6},
    {.bitmap_index = 18402, .adv_w = 188, .box_w = 9, .box_h = 18, .ofs_x = 3, .ofs_y = 0},
    {.bitmap_index = 18423, .adv_w = 192, .box_w = 10, .box_h = 13, .ofs_x = 2, .ofs_y = 0},
    {.bitmap_index = 18440, .adv_w = 254, .box_w = 16, .box_h = 18, .ofs_x = 0, .ofs_y = 0},
    {.bitmap_index = 18476, .adv_w = 312, .box_w = 20, .box_h = 18, .ofs_x = 1, .ofs_y = 0},
    {.bitmap_index = 18521, .adv_w = 284, .box_w = 16, .box_h = 18, .ofs_x = 0, .ofs_y = 0},
    {.bitmap_index = 18557, .adv_w = 261, .box_w = 17, .box_h = 23, .ofs_x = 0, .ofs_y = -3},
    {.bitmap_index = 18606, .adv_w = 175, .box_w = 11, .box_h = 17, .ofs_x = 0, .ofs_y = -2},
    {.bitmap_index = 18630, .adv_w = 192, .box_w = 13, .box_h = 18, .ofs_x = 0, .ofs_y = 0},
    {.bitmap_index = 18660, .adv_w = 150, .box_w = 12, .box_h = 24, .ofs_x = -2, .ofs_y = -6},
    {.bitmap_index = 18696, .adv_w = 314, .box_w = 19, .box_h = 24, .ofs_x = 1, .ofs_y = -6},
    {.bitmap_index = 18753, .adv_w = 238, .box_w = 14, .box_h = 19, .ofs_x = 1, .ofs_y = -6},
    {.bitmap_index = 18787, .adv_w = 266, .box_w = 16, .box_h = 18, .ofs_x = 0, .ofs_y = 0},
    {.bitmap_index = 18823, .adv_w = 144, .box_w = 10, .box_h = 12, .ofs_x = 1, .ofs_y = 0},
    {.bitmap_index = 18838, .adv_w = 240, .box_w = 16, .box_h = 18, .ofs_x = 2, .ofs_y = 0},
    {.bitmap_index = 18874, .adv_w = 203, .box_w = 13, .box_h = 18, .ofs_x = 0, .ofs_y = -6},
    {.bitmap_index = 18904, .adv_w = 223, .box_w = 12, .box_h = 12, .ofs_x = 2, .ofs_y = 0},
    {.bitmap_index = 18922, .adv_w = 244, .box_w = 14, .box_h = 12, .ofs_x = 1, .ofs_y = 0},
    {.bitmap_index = 18943, .adv_w = 244, .box_w = 14, .box_h = 12, .ofs_x = 1, .ofs_y = 0},
    {.bitmap_index = 18964, .adv_w = 216, .box_w = 12, .box_h = 18, .ofs_x = 1, .ofs_y = 0},
    {.bitmap_index = 18991, .adv_w = 174, .box_w = 11, .box_h = 12, .ofs_x = 0, .ofs_y = 0},
    {.bitmap_index = 19008, .adv_w = 176, .box_w = 10, .box_h = 14, .ofs_x = 1, .ofs_y = -2},
    {.bitmap_index = 19026, .adv_w = 226, .box_w = 14, .box_h = 25, .ofs_x = 0, .ofs_y = -6},
    {.bitmap_index = 19070, .adv_w = 280, .box_w = 18, .box_h = 18, .ofs_x = 0, .ofs_y = 0},
    {.bitmap_index = 19111, .adv_w = 175, .box_w = 11, .box_h = 12, .ofs_x = 0, .ofs_y = 0},
    {.bitmap_index = 19128, .adv_w = 175, .box_w = 10, .box_h = 12, .ofs_x = 1, .ofs_y = 0},
    {.bitmap_index = 19143, .adv_w = 312, .box_w = 19, .box_h = 16, .ofs_x = 1, .ofs_y = 0},
    {.bitmap_index = 19181, .adv_w = 186, .box_w = 11, .box_h = 12, .ofs_x = 0, .ofs_y = 0},
    {.bitmap_index = 19198, .adv_w = 188, .box_w = 12, .box_h = 12, .ofs_x = 0, .ofs_y = 0},
    {.bitmap_index = 19216, .adv_w = 287, .box_w = 18, .box_h = 16, .ofs_x = 0, .ofs_y = 0},
    {.bitmap_index = 19252, .adv_w = 200, .box_w = 12, .box_h = 12, .ofs_x = 0, .ofs_y = 0},
    {.bitmap_index = 19270, .adv_w = 152, .box_w = 10, .box_h = 17, .ofs_x = -2, .ofs_y = -6},
    {.bitmap_index = 19292, .adv_w = 281, .box_w = 18, .box_h = 24, .ofs_x = 0, .ofs_y = -6},
    {.bitmap_index = 19346, .adv_w = 207, .box_w = 14, .box_h = 18, .ofs_x = -1, .ofs_y = -6},
    {.bitmap_index = 19378, .adv_w = 208, .box_w = 12, .box_h = 12, .ofs_x = 1, .ofs_y = 0},
    {.bitmap_index = 19396, .adv_w = 212, .box_w = 14, .box_h = 18, .ofs_x = 1, .ofs_y = -6},
    {.bitmap_index = 19428, .adv_w = 260, .box_w = 14, .box_h = 12, .ofs_x = 2, .ofs_y = 0},
    {.bitmap_index = 19449, .adv_w = 216, .box_w = 12, .box_h = 19, .ofs_x = 2, .ofs_y = -7},
    {.bitmap_index = 19478, .adv_w = 215, .box_w = 12, .box_h = 18, .ofs_x = 1, .ofs_y = 0},
    {.bitmap_index = 19505, .adv_w = 210, .box_w = 11, .box_h = 24, .ofs_x = 1, .ofs_y = -6},
    {.bitmap_index = 19538, .adv_w = 120, .box_w = 7, .box_h = 18, .ofs_x = 1, .ofs_y = 0},
    {.bitmap_index = 19554, .adv_w = 120, .box_w = 5, .box_h = 12, .ofs_x = 1, .ofs_y = 0},
    {.bitmap_index = 19562, .adv_w = 120, .box_w = 7, .box_h = 12, .ofs_x = 0, .ofs_y = 0},
    {.bitmap_index = 19573, .adv_w = 163, .box_w = 10, .box_h = 19, .ofs_x = 1, .ofs_y = 0},
    {.bitmap_index = 19597, .adv_w = 162, .box_w = 7, .box_h = 19, .ofs_x = 2, .ofs_y = 0},
    {.bitmap_index = 19614, .adv_w = 157, .box_w = 8, .box_h = 25, .ofs_x = 0, .ofs_y = -6},
    {.bitmap_index = 19639, .adv_w = 266, .box_w = 13, .box_h = 24, .ofs_x = 3, .ofs_y = -6},
    {.bitmap_index = 19678, .adv_w = 329, .box_w = 18, .box_h = 12, .ofs_x = 2, .ofs_y = 0},
    {.bitmap_index = 19705, .adv_w = 331, .box_w = 19, .box_h = 17, .ofs_x = 2, .ofs_y = -5},
    {.bitmap_index = 19746, .adv_w = 332, .box_w = 18, .box_h = 18, .ofs_x = 2, .ofs_y = -6},
    {.bitmap_index = 19787, .adv_w = 255, .box_w = 17, .box_h = 18, .ofs_x = -2, .ofs_y = -6},
    {.bitmap_index = 19826, .adv_w = 246, .box_w = 13, .box_h = 18, .ofs_x = 0, .ofs_y = -6},
    {.bitmap_index = 19856, .adv_w = 229, .box_w = 16, .box_h = 12, .ofs_x = 0, .ofs_y = 0},
    {.bitmap_index = 19880, .adv_w = 216, .box_w = 12, .box_h = 12, .ofs_x = 1, .ofs_y = 0},
    {.bitmap_index = 19898, .adv_w = 288, .box_w = 17, .box_h = 12, .ofs_x = 1, .ofs_y = 0},
    {.bitmap_index = 19924, .adv_w = 302, .box_w = 17, .box_h = 12, .ofs_x = 1, .ofs_y = 0},
    {.bitmap_index = 19950, .adv_w = 273, .box_w = 15, .box_h = 24, .ofs_x = 1, .ofs_y = -6},
    {.bitmap_index = 19995, .adv_w = 158, .box_w = 10, .box_h = 12, .ofs_x = 0, .ofs_y = 0},
    {.bitmap_index = 20010, .adv_w = 168, .box_w = 12, .box_h = 18, .ofs_x = 0, .ofs_y = 0},
    {.bitmap_index = 20037, .adv_w = 192, .box_w = 11, .box_h = 18, .ofs_x = 0, .ofs_y = -6},
    {.bitmap_index = 20062, .adv_w = 168, .box_w = 11, .box_h = 18, .ofs_x = 0, .ofs_y = -6},
    {.bitmap_index = 20087, .adv_w = 170, .box_w = 10, .box_h = 18, .ofs_x = 1, .ofs_y = -6},
    {.bitmap_index = 20110, .adv_w = 179, .box_w = 12, .box_h = 12, .ofs_x = 0, .ofs_y = 0},
    {.bitmap_index = 20128, .adv_w = 165, .box_w = 7, .box_h = 18, .ofs_x = 1, .ofs_y = -6},
    {.bitmap_index = 20144, .adv_w = 187, .box_w = 11, .box_h = 12, .ofs_x = 0, .ofs_y = 0},
    {.bitmap_index = 20161, .adv_w = 197, .box_w = 13, .box_h = 12, .ofs_x = 0, .ofs_y = 0},
    {.bitmap_index = 20181, .adv_w = 153, .box_w = 10, .box_h = 18, .ofs_x = 0, .ofs_y = -6},
    {.bitmap_index = 20204, .adv_w = 200, .box_w = 15, .box_h = 24, .ofs_x = -2, .ofs_y = -6},
    {.bitmap_index = 20249, .adv_w = 231, .box_w = 17, .box_h = 24, .ofs_x = -2, .ofs_y = -6},
    {.bitmap_index = 20300, .adv_w = 214, .box_w = 9, .box_h = 19, .ofs_x = 3, .ofs_y = -6},
    {.bitmap_index = 20322, .adv_w = 253, .box_w = 18, .box_h = 26, .ofs_x = -1, .ofs_y = -8},
    {.bitmap_index = 20381, .adv_w = 103, .box_w = 7, .box_h = 15, .ofs_x = 1, .ofs_y = 0},
    {.bitmap_index = 20395, .adv_w = 120, .box_w = 8, .box_h = 21, .ofs_x = 0, .ofs_y = -6},
    {.bitmap_index = 20416, .adv_w = 220, .box_w = 12, .box_h = 12, .ofs_x = 1, .ofs_y = 0},
    {.bitmap_index = 20434, .adv_w = 237, .box_w = 13, .box_h = 12, .ofs_x = 1, .ofs_y = 0},
    {.bitmap_index = 20454, .adv_w = 200, .box_w = 12, .box_h = 12, .ofs_x = 1, .ofs_y = 0},
    {.bitmap_index = 20472, .adv_w = 197, .box_w = 11, .box_h = 12, .ofs_x = 0, .ofs_y = 0},
    {.bitmap_index = 20489, .adv_w = 295, .box_w = 18, .box_h = 12, .ofs_x = -1, .ofs_y = 0},
    {.bitmap_index = 20516, .adv_w = 189, .box_w = 13, .box_h = 18, .ofs_x = -1, .ofs_y = 0},
    {.bitmap_index = 20546, .adv_w = 212, .box_w = 13, .box_h = 12, .ofs_x = 2, .ofs_y = 0},
    {.bitmap_index = 20566, .adv_w = 220, .box_w = 14, .box_h = 18, .ofs_x = 0, .ofs_y = -6},
    {.bitmap_index = 20598, .adv_w = 213, .box_w = 11, .box_h = 16, .ofs_x = 0, .ofs_y = -4},
    {.bitmap_index = 20620, .adv_w = 193, .box_w = 11, .box_h = 18, .ofs_x = -1, .ofs_y = -6},
    {.bitmap_index = 20645, .adv_w = 207, .box_w = 10, .box_h = 19, .ofs_x = 1, .ofs_y = -7},
    {.bitmap_index = 20669, .adv_w = 188, .box_w = 9, .box_h = 18, .ofs_x = 3, .ofs_y = 0},
    {.bitmap_index = 20690, .adv_w = 189, .box_w = 11, .box_h = 18, .ofs_x = 2, .ofs_y = 0},
    {.bitmap_index = 20715, .adv_w = 189, .box_w = 11, .box_h = 18, .ofs_x = 0, .ofs_y = 0},
    {.bitmap_index = 20740, .adv_w = 196, .box_w = 13, .box_h = 23, .ofs_x = 1, .ofs_y = -5},
    {.bitmap_index = 20778, .adv_w = 283, .box_w = 17, .box_h = 18, .ofs_x = 1, .ofs_y = 0},
    {.bitmap_index = 20817, .adv_w = 174, .box_w = 11, .box_h = 12, .ofs_x = 0, .ofs_y = 0},
    {.bitmap_index = 20834, .adv_w = 200, .box_w = 12, .box_h = 12, .ofs_x = 0, .ofs_y = 0},
    {.bitmap_index = 20852, .adv_w = 300, .box_w = 19, .box_h = 18, .ofs_x = 1, .ofs_y = 0},
    {.bitmap_index = 20895, .adv_w = 206, .box_w = 14, .box_h = 12, .ofs_x = 0, .ofs_y = 0},
    {.bitmap_index = 20916, .adv_w = 133, .box_w = 10, .box_h = 23, .ofs_x = -1, .ofs_y = -5},
    {.bitmap_index = 20945, .adv_w = 196, .box_w = 12, .box_h = 19, .ofs_x = 1, .ofs_y = -7},
    {.bitmap_index = 20974, .adv_w = 165, .box_w = 10, .box_h = 12, .ofs_x = 0, .ofs_y = 0},
    {.bitmap_index = 20989, .adv_w = 282, .box_w = 18, .box_h = 24, .ofs_x = 0, .ofs_y = -6},
    {.bitmap_index = 21043, .adv_w = 179, .box_w = 11, .box_h = 18, .ofs_x = 1, .ofs_y = 0},
    {.bitmap_index = 21068, .adv_w = 175, .box_w = 11, .box_h = 18, .ofs_x = 2, .ofs_y = 0},
    {.bitmap_index = 21093, .adv_w = 322, .box_w = 20, .box_h = 21, .ofs_x = 0, .ofs_y = -2},
    {.bitmap_index = 21146, .adv_w = 329, .box_w = 20, .box_h = 24, .ofs_x = 0, .ofs_y = -6},
    {.bitmap_index = 21206, .adv_w = 345, .box_w = 21, .box_h = 23, .ofs_x = 0, .ofs_y = -4},
    {.bitmap_index = 21267, .adv_w = 238, .box_w = 14, .box_h = 15, .ofs_x = 1, .ofs_y = 0},
    {.bitmap_index = 21294, .adv_w = 234, .box_w = 16, .box_h = 24, .ofs_x = 1, .ofs_y = -6},
    {.bitmap_index = 21342, .adv_w = 278, .box_w = 16, .box_h = 17, .ofs_x = 1, .ofs_y = -2},
    {.bitmap_index = 21376, .adv_w = 327, .box_w = 22, .box_h = 24, .ofs_x = -2, .ofs_y = -6},
    {.bitmap_index = 21442, .adv_w = 219, .box_w = 13, .box_h = 19, .ofs_x = 1, .ofs_y = 0},
    {.bitmap_index = 21473, .adv_w = 208, .box_w = 12, .box_h = 21, .ofs_x = 1, .ofs_y = -2},
    {.bitmap_index = 21505, .adv_w = 216, .box_w = 14, .box_h = 18, .ofs_x = 2, .ofs_y = 0},
    {.bitmap_index = 21537, .adv_w = 216, .box_w = 15, .box_h = 15, .ofs_x = 1, .ofs_y = 3},
    {.bitmap_index = 21566, .adv_w = 264, .box_w = 17, .box_h = 19, .ofs_x = 2, .ofs_y = -6},
    {.bitmap_index = 21607, .adv_w = 309, .box_w = 17, .box_h = 19, .ofs_x = 2, .ofs_y = -6},
    {.bitmap_index = 21648, .adv_w = 143, .box_w = 8, .box_h = 11, .ofs_x = 2, .ofs_y = 11},
    {.bitmap_index = 21659, .adv_w = 143, .box_w = 8, .box_h = 11, .ofs_x = 2, .ofs_y = 11},
    {.bitmap_index = 21670, .adv_w = 77, .box_w = 6, .box_h = 15, .ofs_x = 2, .ofs_y = 7},
    {.bitmap_index = 21682, .adv_w = 107, .box_w = 7, .box_h = 7, .ofs_x = 2, .ofs_y = 11},
    {.bitmap_index = 21689, .adv_w = 107, .box_w = 7, .box_h = 7, .ofs_x = 2, .ofs_y = 11},
    {.bitmap_index = 21696, .adv_w = 133, .box_w = 7, .box_h = 11, .ofs_x = 2, .ofs_y = 7},
    {.bitmap_index = 21706, .adv_w = 132, .box_w = 9, .box_h = 7, .ofs_x = 2, .ofs_y = 11},
    {.bitmap_index = 21714, .adv_w = 175, .box_w = 10, .box_h = 7, .ofs_x = 3, .ofs_y = 11},
    {.bitmap_index = 21723, .adv_w = 112, .box_w = 7, .box_h = 11, .ofs_x = 3, .ofs_y = 7},
    {.bitmap_index = 21733, .adv_w = 108, .box_w = 7, .box_h = 8, .ofs_x = 3, .ofs_y = 12},
    {.bitmap_index = 21740, .adv_w = 173, .box_w = 11, .box_h = 8, .ofs_x = 3, .ofs_y = 12},
    {.bitmap_index = 21751, .adv_w = 86, .box_w = 4, .box_h = 7, .ofs_x = 4, .ofs_y = 14},
    {.bitmap_index = 21755, .adv_w = 86, .box_w = 4, .box_h = 6, .ofs_x = 3, .ofs_y = 12},
    {.bitmap_index = 21758, .adv_w = 86, .box_w = 4, .box_h = 6, .ofs_x = 4, .ofs_y = 12},
    {.bitmap_index = 21761, .adv_w = 108, .box_w = 3, .box_h = 5, .ofs_x = 7, .ofs_y = 14},
    {.bitmap_index = 21763, .adv_w = 108, .box_w = 4, .box_h = 5, .ofs_x = 6, .ofs_y = 14},
    {.bitmap_index = 21766, .adv_w = 108, .box_w = 6, .box_h = 11, .ofs_x = 4, .ofs_y = 8},
    {.bitmap_index = 21775, .adv_w = 108, .box_w = 7, .box_h = 10, .ofs_x = 3, .ofs_y = 8},
    {.bitmap_index = 21784, .adv_w = 144, .box_w = 8, .box_h = 5, .ofs_x = 5, .ofs_y = 15},
    {.bitmap_index = 21789, .adv_w = 144, .box_w = 7, .box_h = 5, .ofs_x = 5, .ofs_y = 15},
    {.bitmap_index = 21794, .adv_w = 144, .box_w = 7, .box_h = 5, .ofs_x = 5, .ofs_y = 14},
    {.bitmap_index = 21799, .adv_w = 144, .box_w = 7, .box_h = 5, .ofs_x = 6, .ofs_y = 14},
    {.bitmap_index = 21804, .adv_w = 144, .box_w = 9, .box_h = 5, .ofs_x = 4, .ofs_y = 14},
    {.bitmap_index = 21810, .adv_w = 144, .box_w = 9, .box_h = 5, .ofs_x = 5, .ofs_y = 14},
    {.bitmap_index = 21816, .adv_w = 108, .box_w = 3, .box_h = 6, .ofs_x = 7, .ofs_y = 14},
    {.bitmap_index = 21819, .adv_w = 144, .box_w = 8, .box_h = 1, .ofs_x = 3, .ofs_y = 15},
    {.bitmap_index = 21820, .adv_w = 108, .box_w = 6, .box_h = 5, .ofs_x = 3, .ofs_y = 13},
    {.bitmap_index = 21824, .adv_w = 108, .box_w = 4, .box_h = 5, .ofs_x = 4, .ofs_y = 13},
    {.bitmap_index = 21827, .adv_w = 108, .box_w = 3, .box_h = 5, .ofs_x = 1, .ofs_y = -7},
    {.bitmap_index = 21829, .adv_w = 144, .box_w = 9, .box_h = 1, .ofs_x = -1, .ofs_y = -4},
    {.bitmap_index = 21831, .adv_w = 108, .box_w = 5, .box_h = 5, .ofs_x = -1, .ofs_y = -7},
    {.bitmap_index = 21835, .adv_w = 108, .box_w = 6, .box_h = 5, .ofs_x = -1, .ofs_y = -7},
    {.bitmap_index = 21839, .adv_w = 108, .box_w = 6, .box_h = 13, .ofs_x = 2, .ofs_y = 0},
    {.bitmap_index = 21849, .adv_w = 108, .box_w = 3, .box_h = 3, .ofs_x = 5, .ofs_y = 10},
    {.bitmap_index = 21851, .adv_w = 108, .box_w = 3, .box_h = 6, .ofs_x = 3, .ofs_y = 0},
    {.bitmap_index = 21854, .adv_w = 108, .box_w = 3, .box_h = 6, .ofs_x = 3, .ofs_y = 0},
    {.bitmap_index = 21857, .adv_w = 144, .box_w = 8, .box_h = 6, .ofs_x = 1, .ofs_y = 2},
    {.bitmap_index = 21863, .adv_w = 144, .box_w = 8, .box_h = 6, .ofs_x = 2, .ofs_y = 2},
    {.bitmap_index = 21869, .adv_w = 144, .box_w = 7, .box_h = 7, .ofs_x = 2, .ofs_y = 2},
    {.bitmap_index = 21876, .adv_w = 144, .box_w = 9, .box_h = 1, .ofs_x = 1, .ofs_y = 4},
    {.bitmap_index = 21878, .adv_w = 144, .box_w = 7, .box_h = 5, .ofs_x = 6, .ofs_y = 14},
    {.bitmap_index = 21883, .adv_w = 144, .box_w = 3, .box_h = 3, .ofs_x = 7, .ofs_y = 14},
    {.bitmap_index = 21885, .adv_w = 144, .box_w = 6, .box_h = 5, .ofs_x = 6, .ofs_y = 14},
    {.bitmap_index = 21889, .adv_w = 144, .box_w = 5, .box_h = 5, .ofs_x = 1, .ofs_y = -4},
    {.bitmap_index = 21893, .adv_w = 144, .box_w = 10, .box_h = 3, .ofs_x = 4, .ofs_y = 14},
    {.bitmap_index = 21897, .adv_w = 144, .box_w = 8, .box_h = 5, .ofs_x = 4, .ofs_y = 14},
    {.bitmap_index = 21902, .adv_w = 173, .box_w = 9, .box_h = 7, .ofs_x = 2, .ofs_y = 8},
    {.bitmap_index = 21910, .adv_w = 144, .box_w = 9, .box_h = 6, .ofs_x = 4, .ofs_y = 15},
    {.bitmap_index = 21917, .adv_w = 134, .box_w = 8, .box_h = 12, .ofs_x = 4, .ofs_y = 6},
    {.bitmap_index = 21929, .adv_w = 86, .box_w = 5, .box_h = 11, .ofs_x = 3, .ofs_y = 11},
    {.bitmap_index = 21936, .adv_w = 105, .box_w = 6, .box_h = 7, .ofs_x = 3, .ofs_y = 11},
    {.bitmap_index = 21942, .adv_w = 142, .box_w = 8, .box_h = 7, .ofs_x = 3, .ofs_y = 11},
    {.bitmap_index = 21949, .adv_w = 130, .box_w = 7, .box_h = 11, .ofs_x = 4, .ofs_y = 11},
    {.bitmap_index = 21959, .adv_w = 216, .box_w = 11, .box_h = 22, .ofs_x = 5, .ofs_y = 0},
    {.bitmap_index = 21990, .adv_w = 216, .box_w = 12, .box_h = 22, .ofs_x = 4, .ofs_y = 0},
    {.bitmap_index = 22023, .adv_w = 216, .box_w = 13, .box_h = 22, .ofs_x = 3, .ofs_y = 0},
    {.bitmap_index = 22059, .adv_w = 216, .box_w = 14, .box_h = 21, .ofs_x = 2, .ofs_y = 0},
    {.bitmap_index = 22096, .adv_w = 216, .box_w = 15, .box_h = 22, .ofs_x = 1, .ofs_y = 0},
    {.bitmap_index = 22138, .adv_w = 216, .box_w = 12, .box_h = 14, .ofs_x = 1, .ofs_y = 0},
    {.bitmap_index = 22159, .adv_w = 216, .box_w = 13, .box_h = 13, .ofs_x = 1, .ofs_y = 0},
    {.bitmap_index = 22181, .adv_w = 144, .box_w = 9, .box_h = 5, .ofs_x = 0, .ofs_y = -5},
    {.bitmap_index = 22187, .adv_w = 144, .box_w = 9, .box_h = 4, .ofs_x = 5, .ofs_y = 17},
    {.bitmap_index = 22192, .adv_w = 144, .box_w = 8, .box_h = 6, .ofs_x = 3, .ofs_y = 12},
    {.bitmap_index = 22198, .adv_w = 144, .box_w = 7, .box_h = 5, .ofs_x = 1, .ofs_y = -7},
    {.bitmap_index = 22203, .adv_w = 144, .box_w = 7, .box_h = 5, .ofs_x = 0, .ofs_y = -7},
    {.bitmap_index = 22208, .adv_w = 144, .box_w = 7, .box_h = 5, .ofs_x = 0, .ofs_y = -6},
    {.bitmap_index = 22213, .adv_w = 144, .box_w = 8, .box_h = 5, .ofs_x = -1, .ofs_y = -6},
    {.bitmap_index = 22218, .adv_w = 144, .box_w = 6, .box_h = 5, .ofs_x = 1, .ofs_y = -6},
    {.bitmap_index = 22222, .adv_w = 108, .box_w = 5, .box_h = 5, .ofs_x = 5, .ofs_y = 13},
    {.bitmap_index = 22226, .adv_w = 144, .box_w = 8, .box_h = 5, .ofs_x = 5, .ofs_y = 13},
    {.bitmap_index = 22231, .adv_w = 144, .box_w = 8, .box_h = 5, .ofs_x = 4, .ofs_y = 14},
    {.bitmap_index = 22236, .adv_w = 144, .box_w = 10, .box_h = 3, .ofs_x = -1, .ofs_y = -5},
    {.bitmap_index = 22240, .adv_w = 108, .box_w = 5, .box_h = 12, .ofs_x = 4, .ofs_y = 6},
    {.bitmap_index = 22248, .adv_w = 86, .box_w = 6, .box_h = 6, .ofs_x = 3, .ofs_y = 14},
    {.bitmap_index = 22253, .adv_w = 86, .box_w = 5, .box_h = 6, .ofs_x = 4, .ofs_y = 14},
    {.bitmap_index = 22257, .adv_w = 86, .box_w = 4, .box_h = 6, .ofs_x = 0, .ofs_y = -1},
    {.bitmap_index = 22260, .adv_w = 86, .box_w = 5, .box_h = 6, .ofs_x = 0, .ofs_y = -1},
    {.bitmap_index = 22264, .adv_w = 144, .box_w = 10, .box_h = 4, .ofs_x = -1, .ofs_y = -5},
    {.bitmap_index = 22269, .adv_w = 144, .box_w = 9, .box_h = 4, .ofs_x = -1, .ofs_y = -5},
    {.bitmap_index = 22274, .adv_w = 144, .box_w = 9, .box_h = 5, .ofs_x = -1, .ofs_y = -6},
    {.bitmap_index = 22280, .adv_w = 0, .box_w = 5, .box_h = 5, .ofs_x = -4, .ofs_y = 13},
    {.bitmap_index = 22284, .adv_w = 0, .box_w = 6, .box_h = 5, .ofs_x = -1, .ofs_y = 13},
    {.bitmap_index = 22288, .adv_w = 0, .box_w = 8, .box_h = 5, .ofs_x = -4, .ofs_y = 14},
    {.bitmap_index = 22293, .adv_w = 0, .box_w = 10, .box_h = 3, .ofs_x = -4, .ofs_y = 14},
    {.bitmap_index = 22297, .adv_w = 0, .box_w = 8, .box_h = 1, .ofs_x = -4, .ofs_y = 15},
    {.bitmap_index = 22298, .adv_w = 0, .box_w = 13, .box_h = 1, .ofs_x = -6, .ofs_y = 15},
    {.bitmap_index = 22300, .adv_w = 0, .box_w = 8, .box_h = 5, .ofs_x = -3, .ofs_y = 14},
    {.bitmap_index = 22305, .adv_w = 0, .box_w = 3, .box_h = 3, .ofs_x = -1, .ofs_y = 14},
    {.bitmap_index = 22307, .adv_w = 0, .box_w = 8, .box_h = 3, .ofs_x = -4, .ofs_y = 14},
    {.bitmap_index = 22310, .adv_w = 0, .box_w = 4, .box_h = 4, .ofs_x = -1, .ofs_y = 15},
    {.bitmap_index = 22312, .adv_w = 0, .box_w = 6, .box_h = 5, .ofs_x = -2, .ofs_y = 14},
    {.bitmap_index = 22316, .adv_w = 0, .box_w = 8, .box_h = 5, .ofs_x = -7, .ofs_y = 14},
    {.bitmap_index = 22321, .adv_w = 0, .box_w = 8, .box_h = 5, .ofs_x = -3, .ofs_y = 14},
    {.bitmap_index = 22326, .adv_w = 0, .box_w = 2, .box_h = 5, .ofs_x = 0, .ofs_y = 14},
    {.bitmap_index = 22328, .adv_w = 0, .box_w = 6, .box_h = 5, .ofs_x = -2, .ofs_y = 14},
    {.bitmap_index = 22332, .adv_w = 0, .box_w = 8, .box_h = 5, .ofs_x = -11, .ofs_y = 13},
    {.bitmap_index = 22337, .adv_w = 0, .box_w = 8, .box_h = 6, .ofs_x = -3, .ofs_y = 14},
    {.bitmap_index = 22343, .adv_w = 0, .box_w = 7, .box_h = 5, .ofs_x = -3, .ofs_y = 13},
    {.bitmap_index = 22348, .adv_w = 0, .box_w = 4, .box_h = 6, .ofs_x = -1, .ofs_y = 13},
    {.bitmap_index = 22351, .adv_w = 0, .box_w = 4, .box_h = 6, .ofs_x = -1, .ofs_y = 13},
    {.bitmap_index = 22354, .adv_w = 0, .box_w = 3, .box_h = 6, .ofs_x = 0, .ofs_y = 13},
    {.bitmap_index = 22357, .adv_w = 0, .box_w = 4, .box_h = 6, .ofs_x = 3, .ofs_y = 12},
    {.bitmap_index = 22360, .adv_w = 0, .box_w = 5, .box_h = 5, .ofs_x = -10, .ofs_y = -7},
    {.bitmap_index = 22364, .adv_w = 0, .box_w = 6, .box_h = 5, .ofs_x = -10, .ofs_y = -7},
    {.bitmap_index = 22368, .adv_w = 0, .box_w = 7, .box_h = 7, .ofs_x = -9, .ofs_y = -8},
    {.bitmap_index = 22375, .adv_w = 0, .box_w = 7, .box_h = 7, .ofs_x = -9, .ofs_y = -8},
    {.bitmap_index = 22382, .adv_w = 0, .box_w = 6, .box_h = 6, .ofs_x = 1, .ofs_y = 14},
    {.bitmap_index = 22387, .adv_w = 0, .box_w = 7, .box_h = 6, .ofs_x = 2, .ofs_y = 9},
    {.bitmap_index = 22393, .adv_w = 0, .box_w = 3, .box_h = 5, .ofs_x = -9, .ofs_y = -7},
    {.bitmap_index = 22395, .adv_w = 0, .box_w = 9, .box_h = 6, .ofs_x = -12, .ofs_y = -7},
    {.bitmap_index = 22402, .adv_w = 0, .box_w = 8, .box_h = 6, .ofs_x = -10, .ofs_y = -7},
    {.bitmap_index = 22408, .adv_w = 0, .box_w = 7, .box_h = 7, .ofs_x = -9, .ofs_y = -8},
    {.bitmap_index = 22415, .adv_w = 0, .box_w = 9, .box_h = 1, .ofs_x = -10, .ofs_y = -3},
    {.bitmap_index = 22417, .adv_w = 0, .box_w = 6, .box_h = 7, .ofs_x = -7, .ofs_y = -6},
    {.bitmap_index = 22423, .adv_w = 0, .box_w = 4, .box_h = 7, .ofs_x = -4, .ofs_y = -6},
    {.bitmap_index = 22427, .adv_w = 0, .box_w = 3, .box_h = 3, .ofs_x = -9, .ofs_y = -5},
    {.bitmap_index = 22429, .adv_w = 0, .box_w = 8, .box_h = 3, .ofs_x = -10, .ofs_y = -5},
    {.bitmap_index = 22432, .adv_w = 0, .box_w = 5, .box_h = 5, .ofs_x = -10, .ofs_y = -7},
    {.bitmap_index = 22436, .adv_w = 0, .box_w = 4, .box_h = 6, .ofs_x = -7, .ofs_y = -8},
    {.bitmap_index = 22439, .adv_w = 0, .box_w = 5, .box_h = 6, .ofs_x = -8, .ofs_y = -6},
    {.bitmap_index = 22443, .adv_w = 0, .box_w = 5, .box_h = 5, .ofs_x = -7, .ofs_y = -4},
    {.bitmap_index = 22447, .adv_w = 0, .box_w = 2, .box_h = 5, .ofs_x = -7, .ofs_y = -7},
    {.bitmap_index = 22449, .adv_w = 0, .box_w = 10, .box_h = 4, .ofs_x = -11, .ofs_y = -6},
    {.bitmap_index = 22454, .adv_w = 0, .box_w = 8, .box_h = 3, .ofs_x = -9, .ofs_y = -5},
    {.bitmap_index = 22457, .adv_w = 0, .box_w = 8, .box_h = 5, .ofs_x = -9, .ofs_y = -6},
    {.bitmap_index = 22462, .adv_w = 0, .box_w = 8, .box_h = 5, .ofs_x = -10, .ofs_y = -6},
    {.bitmap_index = 22467, .adv_w = 0, .box_w = 8, .box_h = 5, .ofs_x = -9, .ofs_y = -6},
    {.bitmap_index = 22472, .adv_w = 0, .box_w = 8, .box_h = 5, .ofs_x = -10, .ofs_y = -6},
    {.bitmap_index = 22477, .adv_w = 0, .box_w = 10, .box_h = 3, .ofs_x = -11, .ofs_y = -5},
    {.bitmap_index = 22481, .adv_w = 0, .box_w = 8, .box_h = 1, .ofs_x = -10, .ofs_y = -4},
    {.bitmap_index = 22482, .adv_w = 0, .box_w = 14, .box_h = 1, .ofs_x = -14, .ofs_y = -3},
    {.bitmap_index = 22484, .adv_w = 0, .box_w = 14, .box_h = 4, .ofs_x = -14, .ofs_y = -5},
    {.bitmap_index = 22491, .adv_w = 0, .box_w = 10, .box_h = 3, .ofs_x = -7, .ofs_y = 6},
    {.bitmap_index = 22495, .adv_w = 0, .box_w = 6, .box_h = 1, .ofs_x = -4, .ofs_y = 6},
    {.bitmap_index = 22496, .adv_w = 0, .box_w = 12, .box_h = 1, .ofs_x = -9, .ofs_y = 6},
    {.bitmap_index = 22498, .adv_w = 0, .box_w = 13, .box_h = 6, .ofs_x = -10, .ofs_y = 3},
    {.bitmap_index = 22508, .adv_w = 0, .box_w = 15, .box_h = 19, .ofs_x = -10, .ofs_y = -3},
    {.bitmap_index = 22544, .adv_w = 0, .box_w = 3, .box_h = 5, .ofs_x = -8, .ofs_y = -7},
    {.bitmap_index = 22546, .adv_w = 0, .box_w = 9, .box_h = 4, .ofs_x = -12, .ofs_y = -6},
    {.bitmap_index = 22551, .adv_w = 0, .box_w = 9, .box_h = 7, .ofs_x = -12, .ofs_y = -8},
    {.bitmap_index = 22559, .adv_w = 0, .box_w = 8, .box_h = 5, .ofs_x = -11, .ofs_y = -6},
    {.bitmap_index = 22564, .adv_w = 0, .box_w = 9, .box_h = 6, .ofs_x = -4, .ofs_y = 14},
    {.bitmap_index = 22571, .adv_w = 0, .box_w = 5, .box_h = 7, .ofs_x = 0, .ofs_y = 13},
    {.bitmap_index = 22576, .adv_w = 0, .box_w = 14, .box_h = 4, .ofs_x = -8, .ofs_y = 14},
    {.bitmap_index = 22583, .adv_w = 0, .box_w = 5, .box_h = 5, .ofs_x = -4, .ofs_y = 13},
    {.bitmap_index = 22587, .adv_w = 0, .box_w = 6, .box_h = 5, .ofs_x = -2, .ofs_y = 13},
    {.bitmap_index = 22591, .adv_w = 0, .box_w = 10, .box_h = 3, .ofs_x = -4, .ofs_y = 15},
    {.bitmap_index = 22595, .adv_w = 0, .box_w = 6, .box_h = 6, .ofs_x = -2, .ofs_y = 14},
    {.bitmap_index = 22600, .adv_w = 0, .box_w = 8, .box_h = 7, .ofs_x = -4, .ofs_y = 15},
    {.bitmap_index = 22607, .adv_w = 0, .box_w = 5, .box_h = 5, .ofs_x = -7, .ofs_y = -6},
    {.bitmap_index = 22611, .adv_w = 0, .box_w = 9, .box_h = 4, .ofs_x = -4, .ofs_y = 14},
    {.bitmap_index = 22616, .adv_w = 0, .box_w = 9, .box_h = 4, .ofs_x = -12, .ofs_y = -5},
    {.bitmap_index = 22621, .adv_w = 0, .box_w = 6, .box_h = 5, .ofs_x = -8, .ofs_y = -7},
    {.bitmap_index = 22625, .adv_w = 0, .box_w = 4, .box_h = 5, .ofs_x = -8, .ofs_y = -7},
    {.bitmap_index = 22628, .adv_w = 0, .box_w = 10, .box_h = 6, .ofs_x = -7, .ofs_y = 13},
    {.bitmap_index = 22636, .adv_w = 0, .box_w = 10, .box_h = 8, .ofs_x = -4, .ofs_y = 14},
    {.bitmap_index = 22646, .adv_w = 0, .box_w = 11, .box_h = 7, .ofs_x = -4, .ofs_y = 14},
    {.bitmap_index = 22656, .adv_w = 0, .box_w = 11, .box_h = 5, .ofs_x = -12, .ofs_y = -6},
    {.bitmap_index = 22663, .adv_w = 0, .box_w = 6, .box_h = 8, .ofs_x = -9, .ofs_y = -8},
    {.bitmap_index = 22669, .adv_w = 0, .box_w = 1, .box_h = 1, .ofs_x = 0, .ofs_y = 0},
    {.bitmap_index = 22670, .adv_w = 0, .box_w = 7, .box_h = 5, .ofs_x = -2, .ofs_y = 14},
    {.bitmap_index = 22675, .adv_w = 0, .box_w = 3, .box_h = 6, .ofs_x = -1, .ofs_y = 14},
    {.bitmap_index = 22678, .adv_w = 0, .box_w = 7, .box_h = 6, .ofs_x = -3, .ofs_y = 14},
    {.bitmap_index = 22684, .adv_w = 0, .box_w = 9, .box_h = 7, .ofs_x = -12, .ofs_y = -8},
    {.bitmap_index = 22692, .adv_w = 0, .box_w = 7, .box_h = 5, .ofs_x = -9, .ofs_y = -6},
    {.bitmap_index = 22697, .adv_w = 0, .box_w = 7, .box_h = 5, .ofs_x = -10, .ofs_y = -6},
    {.bitmap_index = 22702, .adv_w = 0, .box_w = 14, .box_h = 5, .ofs_x = -15, .ofs_y = -6},
    {.bitmap_index = 22711, .adv_w = 0, .box_w = 4, .box_h = 5, .ofs_x = -2, .ofs_y = 13},
    {.bitmap_index = 22714, .adv_w = 0, .box_w = 2, .box_h = 3, .ofs_x = -3, .ofs_y = 14},
    {.bitmap_index = 22715, .adv_w = 0, .box_w = 6, .box_h = 6, .ofs_x = -10, .ofs_y = -7},
    {.bitmap_index = 22720, .adv_w = 0, .box_w = 10, .box_h = 6, .ofs_x = -12, .ofs_y = -7},
    {.bitmap_index = 22728, .adv_w = 0, .box_w = 7, .box_h = 8, .ofs_x = -6, .ofs_y = 13},
    {.bitmap_index = 22735, .adv_w = 0, .box_w = 15, .box_h = 4, .ofs_x = -8, .ofs_y = -5},
    {.bitmap_index = 22743, .adv_w = 0, .box_w = 15, .box_h = 4, .ofs_x = -3, .ofs_y = 15},
    {.bitmap_index = 22751, .adv_w = 0, .box_w = 16, .box_h = 1, .ofs_x = -5, .ofs_y = 15},
    {.bitmap_index = 22753, .adv_w = 0, .box_w = 15, .box_h = 1, .ofs_x = -8, .ofs_y = -3},
    {.bitmap_index = 22755, .adv_w = 0, .box_w = 16, .box_h = 4, .ofs_x = -3, .ofs_y = 15},
    {.bitmap_index = 22763, .adv_w = 0, .box_w = 15, .box_h = 4, .ofs_x = -3, .ofs_y = 14},
    {.bitmap_index = 22771, .adv_w = 0, .box_w = 16, .box_h = 5, .ofs_x = -9, .ofs_y = -6},
    {.bitmap_index = 22781, .adv_w = 0, .box_w = 5, .box_h = 6, .ofs_x = -8, .ofs_y = 13},
    {.bitmap_index = 22785, .adv_w = 0, .box_w = 4, .box_h = 6, .ofs_x = -7, .ofs_y = 13},
    {.bitmap_index = 22788, .adv_w = 0, .box_w = 3, .box_h = 8, .ofs_x = -6, .ofs_y = 13},
    {.bitmap_index = 22791, .adv_w = 0, .box_w = 5, .box_h = 6, .ofs_x = -8, .ofs_y = 13},
    {.bitmap_index = 22795, .adv_w = 0, .box_w = 5, .box_h = 5, .ofs_x = -8, .ofs_y = 13},
    {.bitmap_index = 22799, .adv_w = 0, .box_w = 5, .box_h = 6, .ofs_x = -8, .ofs_y = 13},
    {.bitmap_index = 22803, .adv_w = 0, .box_w = 6, .box_h = 8, .ofs_x = -8, .ofs_y = 13},
    {.bitmap_index = 22809, .adv_w = 0, .box_w = 5, .box_h = 8, .ofs_x = -7, .ofs_y = 14},
    {.bitmap_index = 22814, .adv_w = 0, .box_w = 9, .box_h = 5, .ofs_x = -9, .ofs_y = 14},
    {.bitmap_index = 22820, .adv_w = 0, .box_w = 4, .box_h = 5, .ofs_x = -6, .ofs_y = 14},
    {.bitmap_index = 22823, .adv_w = 0, .box_w = 3, .box_h = 7, .ofs_x = -7, .ofs_y = 13},
    {.bitmap_index = 22826, .adv_w = 0, .box_w = 4, .box_h = 5, .ofs_x = -7, .ofs_y = 14},
    {.bitmap_index = 22829, .adv_w = 0, .box_w = 5, .box_h = 6, .ofs_x = -8, .ofs_y = 13},
    {.bitmap_index = 22833, .adv_w = 86, .box_w = 5, .box_h = 6, .ofs_x = 1, .ofs_y = 15},
    {.bitmap_index = 22837, .adv_w = 86, .box_w = 5, .box_h = 6, .ofs_x = 0, .ofs_y = -6},
    {.bitmap_index = 22841, .adv_w = 143, .box_w = 5, .box_h = 4, .ofs_x = 0, .ofs_y = -5},
    {.bitmap_index = 22844, .adv_w = 144, .box_w = 6, .box_h = 15, .ofs_x = 1, .ofs_y = -3},
    {.bitmap_index = 22856, .adv_w = 111, .box_w = 4, .box_h = 6, .ofs_x = 2, .ofs_y = 14},
    {.bitmap_index = 22859, .adv_w = 144, .box_w = 8, .box_h = 7, .ofs_x = 4, .ofs_y = 14},
    {.bitmap_index = 22866, .adv_w = 286, .box_w = 17, .box_h = 19, .ofs_x = 0, .ofs_y = 0},
    {.bitmap_index = 22907, .adv_w = 108, .box_w = 3, .box_h = 3, .ofs_x = 4, .ofs_y = 9},
    {.bitmap_index = 22909, .adv_w = 343, .box_w = 18, .box_h = 19, .ofs_x = 4, .ofs_y = 0},
    {.bitmap_index = 22952, .adv_w = 391, .box_w = 23, .box_h = 19, .ofs_x = 3, .ofs_y = 0},
    {.bitmap_index = 23007, .adv_w = 226, .box_w = 12, .box_h = 19, .ofs_x = 4, .ofs_y = 0},
    {.bitmap_index = 23036, .adv_w = 352, .box_w = 18, .box_h = 18, .ofs_x = 4, .ofs_y = 0},
    {.bitmap_index = 23077, .adv_w = 362, .box_w = 21, .box_h = 19, .ofs_x = 4, .ofs_y = 0},
    {.bitmap_index = 23127, .adv_w = 380, .box_w = 21, .box_h = 19, .ofs_x = 3, .ofs_y = 0},
    {.bitmap_index = 23177, .adv_w = 117, .box_w = 9, .box_h = 22, .ofs_x = 0, .ofs_y = 0},
    {.bitmap_index = 23202, .adv_w = 286, .box_w = 17, .box_h = 18, .ofs_x = 0, .ofs_y = 0},
    {.bitmap_index = 23241, .adv_w = 251, .box_w = 16, .box_h = 18, .ofs_x = 0, .ofs_y = 0},
    {.bitmap_index = 23277, .adv_w = 257, .box_w = 17, .box_h = 18, .ofs_x = 0, .ofs_y = 0},
    {.bitmap_index = 23316, .adv_w = 285, .box_w = 17, .box_h = 18, .ofs_x = 0, .ofs_y = 0},
    {.bitmap_index = 23355, .adv_w = 264, .box_w = 17, .box_h = 18, .ofs_x = 0, .ofs_y = 0},
    {.bitmap_index = 23394, .adv_w = 262, .box_w = 17, .box_h = 18, .ofs_x = 0, .ofs_y = 0},
    {.bitmap_index = 23433, .adv_w = 305, .box_w = 21, .box_h = 18, .ofs_x = 0, .ofs_y = 0},
    {.bitmap_index = 23481, .adv_w = 286, .box_w = 17, .box_h = 18, .ofs_x = 1, .ofs_y = 0},
    {.bitmap_index = 23520, .adv_w = 144, .box_w = 11, .box_h = 18, .ofs_x = 0, .ofs_y = 0},
    {.bitmap_index = 23545, .adv_w = 277, .box_w = 19, .box_h = 18, .ofs_x = 0, .ofs_y = 0},
    {.bitmap_index = 23588, .adv_w = 286, .box_w = 16, .box_h = 18, .ofs_x = 0, .ofs_y = 0},
    {.bitmap_index = 23624, .adv_w = 355, .box_w = 24, .box_h = 18, .ofs_x = 0, .ofs_y = 0},
    {.bitmap_index = 23678, .adv_w = 292, .box_w = 20, .box_h = 18, .ofs_x = 0, .ofs_y = 0},
    {.bitmap_index = 23723, .adv_w = 293, .box_w = 18, .box_h = 18, .ofs_x = 0, .ofs_y = 0},
    {.bitmap_index = 23764, .adv_w = 283, .box_w = 17, .box_h = 18, .ofs_x = 1, .ofs_y = 0},
    {.bitmap_index = 23803, .adv_w = 301, .box_w = 21, .box_h = 18, .ofs_x = 0, .ofs_y = 0},
    {.bitmap_index = 23851, .adv_w = 245, .box_w = 16, .box_h = 18, .ofs_x = 0, .ofs_y = 0},
    {.bitmap_index = 23887, .adv_w = 282, .box_w = 19, .box_h = 18, .ofs_x = 0, .ofs_y = 0},
    {.bitmap_index = 23930, .adv_w = 257, .box_w = 15, .box_h = 18, .ofs_x = 3, .ofs_y = 0},
    {.bitmap_index = 23964, .adv_w = 293, .box_w = 17, .box_h = 18, .ofs_x = 2, .ofs_y = 0},
    {.bitmap_index = 24003, .adv_w = 324, .box_w = 20, .box_h = 18, .ofs_x = 1, .ofs_y = 0},
    {.bitmap_index = 24048, .adv_w = 287, .box_w = 18, .box_h = 18, .ofs_x = 0, .ofs_y = 0},
    {.bitmap_index = 24089, .adv_w = 355, .box_w = 23, .box_h = 18, .ofs_x = 2, .ofs_y = 0},
    {.bitmap_index = 24141, .adv_w = 331, .box_w = 21, .box_h = 18, .ofs_x = 0, .ofs_y = 0},
    {.bitmap_index = 24189, .adv_w = 144, .box_w = 12, .box_h = 22, .ofs_x = 0, .ofs_y = 0},
    {.bitmap_index = 24222, .adv_w = 301, .box_w = 17, .box_h = 22, .ofs_x = 2, .ofs_y = 0},
    {.bitmap_index = 24269, .adv_w = 244, .box_w = 14, .box_h = 19, .ofs_x = 0, .ofs_y = 0},
    {.bitmap_index = 24303, .adv_w = 186, .box_w = 11, .box_h = 19, .ofs_x = 0, .ofs_y = 0},
    {.bitmap_index = 24330, .adv_w = 233, .box_w = 11, .box_h = 25, .ofs_x = 2, .ofs_y = -6},
    {.bitmap_index = 24365, .adv_w = 117, .box_w = 8, .box_h = 18, .ofs_x = 0, .ofs_y = 0},
    {.bitmap_index = 24383, .adv_w = 233, .box_w = 11, .box_h = 22, .ofs_x = 2, .ofs_y = 0},
    {.bitmap_index = 24414, .adv_w = 244, .box_w = 14, .box_h = 12, .ofs_x = 0, .ofs_y = 0},
    {.bitmap_index = 24435, .adv_w = 220, .box_w = 14, .box_h = 24, .ofs_x = -1, .ofs_y = -6},
    {.bitmap_index = 24477, .adv_w = 214, .box_w = 12, .box_h = 18, .ofs_x = 1, .ofs_y = -6},
    {.bitmap_index = 24504, .adv_w = 224, .box_w = 12, .box_h = 18, .ofs_x = 1, .ofs_y = 0},
    {.bitmap_index = 24531, .adv_w = 186, .box_w = 11, .box_h = 12, .ofs_x = 0, .ofs_y = 0},
    {.bitmap_index = 24548, .adv_w = 176, .box_w = 11, .box_h = 23, .ofs_x = 1, .ofs_y = -5},
    {.bitmap_index = 24580, .adv_w = 233, .box_w = 11, .box_h = 18, .ofs_x = 2, .ofs_y = -6},
    {.bitmap_index = 24605, .adv_w = 226, .box_w = 12, .box_h = 18, .ofs_x = 1, .ofs_y = 0},
    {.bitmap_index = 24632, .adv_w = 117, .box_w = 6, .box_h = 12, .ofs_x = 0, .ofs_y = 0},
    {.bitmap_index = 24641, .adv_w = 212, .box_w = 13, .box_h = 12, .ofs_x = 0, .ofs_y = 0},
    {.bitmap_index = 24661, .adv_w = 211, .box_w = 12, .box_h = 18, .ofs_x = 0, .ofs_y = 0},
    {.bitmap_index = 24688, .adv_w = 216, .box_w = 13, .box_h = 18, .ofs_x = -1, .ofs_y = -6},
    {.bitmap_index = 24718, .adv_w = 222, .box_w = 12, .box_h = 12, .ofs_x = 2, .ofs_y = 0},
    {.bitmap_index = 24736, .adv_w = 190, .box_w = 12, .box_h = 23, .ofs_x = 0, .ofs_y = -5},
    {.bitmap_index = 24771, .adv_w = 226, .box_w = 12, .box_h = 12, .ofs_x = 1, .ofs_y = 0},
    {.bitmap_index = 24789, .adv_w = 263, .box_w = 17, .box_h = 12, .ofs_x = -1, .ofs_y = 0},
    {.bitmap_index = 24815, .adv_w = 219, .box_w = 12, .box_h = 18, .ofs_x = 0, .ofs_y = -6},
    {.bitmap_index = 24842, .adv_w = 183, .box_w = 11, .box_h = 17, .ofs_x = 0, .ofs_y = -5},
    {.bitmap_index = 24866, .adv_w = 230, .box_w = 15, .box_h = 12, .ofs_x = 0, .ofs_y = 0},
    {.bitmap_index = 24889, .adv_w = 206, .box_w = 11, .box_h = 12, .ofs_x = 2, .ofs_y = 0},
    {.bitmap_index = 24906, .adv_w = 233, .box_w = 11, .box_h = 12, .ofs_x = 2, .ofs_y = 0},
    {.bitmap_index = 24923, .adv_w = 271, .box_w = 15, .box_h = 18, .ofs_x = 1, .ofs_y = -6},
    {.bitmap_index = 24957, .adv_w = 216, .box_w = 14, .box_h = 18, .ofs_x = -1, .ofs_y = -6},
    {.bitmap_index = 24989, .adv_w = 314, .box_w = 17, .box_h = 21, .ofs_x = 2, .ofs_y = -6},
    {.bitmap_index = 25034, .adv_w = 303, .box_w = 17, .box_h = 12, .ofs_x = 1, .ofs_y = 0},
    {.bitmap_index = 25060, .adv_w = 134, .box_w = 9, .box_h = 16, .ofs_x = 1, .ofs_y = 0},
    {.bitmap_index = 25078, .adv_w = 233, .box_w = 11, .box_h = 16, .ofs_x = 2, .ofs_y = 0},
    {.bitmap_index = 25100, .adv_w = 226, .box_w = 12, .box_h = 19, .ofs_x = 1, .ofs_y = 0},
    {.bitmap_index = 25129, .adv_w = 233, .box_w = 11, .box_h = 19, .ofs_x = 2, .ofs_y = 0},
    {.bitmap_index = 25156, .adv_w = 303, .box_w = 17, .box_h = 19, .ofs_x = 1, .ofs_y = 0},
    {.bitmap_index = 25197, .adv_w = 232, .box_w = 13, .box_h = 19, .ofs_x = 1, .ofs_y = 0},
    {.bitmap_index = 25228, .adv_w = 273, .box_w = 15, .box_h = 19, .ofs_x = 2, .ofs_y = 0},
    {.bitmap_index = 25264, .adv_w = 272, .box_w = 16, .box_h = 18, .ofs_x = 3, .ofs_y = 0},
    {.bitmap_index = 25300, .adv_w = 354, .box_w = 21, .box_h = 19, .ofs_x = 3, .ofs_y = 0},
    {.bitmap_index = 25350, .adv_w = 294, .box_w = 15, .box_h = 22, .ofs_x = 5, .ofs_y = 0},
    {.bitmap_index = 25392, .adv_w = 264, .box_w = 15, .box_h = 24, .ofs_x = 1, .ofs_y = -6},
    {.bitmap_index = 25437, .adv_w = 304, .box_w = 19, .box_h = 14, .ofs_x = 1, .ofs_y = 0},
    {.bitmap_index = 25471, .adv_w = 229, .box_w = 12, .box_h = 16, .ofs_x = 1, .ofs_y = -4},
    {.bitmap_index = 25495, .adv_w = 240, .box_w = 15, .box_h = 18, .ofs_x = 2, .ofs_y = 0},
    {.bitmap_index = 25529, .adv_w = 237, .box_w = 12, .box_h = 18, .ofs_x = 1, .ofs_y = -6},
    {.bitmap_index = 25556, .adv_w = 254, .box_w = 13, .box_h = 18, .ofs_x = 3, .ofs_y = 0},
    {.bitmap_index = 25586, .adv_w = 215, .box_w = 14, .box_h = 17, .ofs_x = 0, .ofs_y = -5},
    {.bitmap_index = 25616, .adv_w = 264, .box_w = 17, .box_h = 18, .ofs_x = 0, .ofs_y = 0},
    {.bitmap_index = 25655, .adv_w = 206, .box_w = 15, .box_h = 18, .ofs_x = -2, .ofs_y = -6},
    {.bitmap_index = 25689, .adv_w = 282, .box_w = 15, .box_h = 18, .ofs_x = 2, .ofs_y = 0},
    {.bitmap_index = 25723, .adv_w = 177, .box_w = 10, .box_h = 23, .ofs_x = 0, .ofs_y = -5},
    {.bitmap_index = 25752, .adv_w = 311, .box_w = 18, .box_h = 18, .ofs_x = 0, .ofs_y = 0},
    {.bitmap_index = 25793, .adv_w = 235, .box_w = 14, .box_h = 24, .ofs_x = 0, .ofs_y = -6},
    {.bitmap_index = 25835, .adv_w = 243, .box_w = 13, .box_h = 12, .ofs_x = 1, .ofs_y = 0},
    {.bitmap_index = 25855, .adv_w = 236, .box_w = 13, .box_h = 18, .ofs_x = 0, .ofs_y = -6},
    {.bitmap_index = 25885, .adv_w = 214, .box_w = 11, .box_h = 12, .ofs_x = 1, .ofs_y = 0},
    {.bitmap_index = 25902, .adv_w = 123, .box_w = 11, .box_h = 24, .ofs_x = -2, .ofs_y = -6},
    {.bitmap_index = 25935, .adv_w = 286, .box_w = 17, .box_h = 18, .ofs_x = 1, .ofs_y = 0},
    {.bitmap_index = 25974, .adv_w = 121, .box_w = 8, .box_h = 12, .ofs_x = 0, .ofs_y = 0},
    {.bitmap_index = 25986, .adv_w = 121, .box_w = 7, .box_h = 12, .ofs_x = 1, .ofs_y = 0},
    {.bitmap_index = 25997, .adv_w = 233, .box_w = 16, .box_h = 18, .ofs_x = -1, .ofs_y = 0},
    {.bitmap_index = 26033, .adv_w = 216, .box_w = 14, .box_h = 24, .ofs_x = -1, .ofs_y = -6},
    {.bitmap_index = 26075, .adv_w = 304, .box_w = 16, .box_h = 18, .ofs_x = 2, .ofs_y = 0},
    {.bitmap_index = 26111, .adv_w = 359, .box_w = 24, .box_h = 18, .ofs_x = 0, .ofs_y = 0},
    {.bitmap_index = 26165, .adv_w = 304, .box_w = 19, .box_h = 18, .ofs_x = -1, .ofs_y = -6},
    {.bitmap_index = 26208, .adv_w = 230, .box_w = 15, .box_h = 18, .ofs_x = -3, .ofs_y = -6},
    {.bitmap_index = 26242, .adv_w = 304, .box_w = 16, .box_h = 18, .ofs_x = 2, .ofs_y = 0},
    {.bitmap_index = 26278, .adv_w = 304, .box_w = 16, .box_h = 18, .ofs_x = 2, .ofs_y = 0},
    {.bitmap_index = 26314, .adv_w = 304, .box_w = 16, .box_h = 18, .ofs_x = 2, .ofs_y = 0},
    {.bitmap_index = 26350, .adv_w = 248, .box_w = 17, .box_h = 24, .ofs_x = 0, .ofs_y = 0},
    {.bitmap_index = 26401, .adv_w = 248, .box_w = 17, .box_h = 23, .ofs_x = 0, .ofs_y = 0},
    {.bitmap_index = 26450, .adv_w = 289, .box_w = 16, .box_h = 18, .ofs_x = 2, .ofs_y = 0},
    {.bitmap_index = 26486, .adv_w = 257, .box_w = 17, .box_h = 25, .ofs_x = 0, .ofs_y = 0},
    {.bitmap_index = 26540, .adv_w = 274, .box_w = 17, .box_h = 18, .ofs_x = 2, .ofs_y = 0},
    {.bitmap_index = 26579, .adv_w = 196, .box_w = 13, .box_h = 18, .ofs_x = 0, .ofs_y = 0},
    {.bitmap_index = 26609, .adv_w = 139, .box_w = 11, .box_h = 18, .ofs_x = 0, .ofs_y = 0},
    {.bitmap_index = 26634, .adv_w = 139, .box_w = 12, .box_h = 23, .ofs_x = 0, .ofs_y = 0},
    {.bitmap_index = 26669, .adv_w = 184, .box_w = 13, .box_h = 18, .ofs_x = 0, .ofs_y = 0},
    {.bitmap_index = 26699, .adv_w = 429, .box_w = 26, .box_h = 18, .ofs_x = 0, .ofs_y = 0},
    {.bitmap_index = 26758, .adv_w = 416, .box_w = 25, .box_h = 18, .ofs_x = 0, .ofs_y = 0},
    {.bitmap_index = 26815, .adv_w = 304, .box_w = 17, .box_h = 18, .ofs_x = 2, .ofs_y = 0},
    {.bitmap_index = 26854, .adv_w = 278, .box_w = 19, .box_h = 25, .ofs_x = 0, .ofs_y = 0},
    {.bitmap_index = 26914, .adv_w = 311, .box_w = 21, .box_h = 24, .ofs_x = 0, .ofs_y = 0},
    {.bitmap_index = 26977, .adv_w = 319, .box_w = 19, .box_h = 24, .ofs_x = 3, .ofs_y = 0},
    {.bitmap_index = 27034, .adv_w = 314, .box_w = 21, .box_h = 23, .ofs_x = 0, .ofs_y = -5},
    {.bitmap_index = 27095, .adv_w = 281, .box_w = 17, .box_h = 18, .ofs_x = 0, .ofs_y = 0},
    {.bitmap_index = 27134, .adv_w = 252, .box_w = 16, .box_h = 18, .ofs_x = 0, .ofs_y = 0},
    {.bitmap_index = 27170, .adv_w = 255, .box_w = 16, .box_h = 18, .ofs_x = 0, .ofs_y = 0},
    {.bitmap_index = 27206, .adv_w = 257, .box_w = 17, .box_h = 18, .ofs_x = 0, .ofs_y = 0},
    {.bitmap_index = 27245, .adv_w = 289, .box_w = 22, .box_h = 23, .ofs_x = -2, .ofs_y = -5},
    {.bitmap_index = 27309, .adv_w = 248, .box_w = 17, .box_h = 18, .ofs_x = 0, .ofs_y = 0},
    {.bitmap_index = 27348, .adv_w = 426, .box_w = 28, .box_h = 18, .ofs_x = 0, .ofs_y = 0},
    {.bitmap_index = 27411, .adv_w = 256, .box_w = 15, .box_h = 18, .ofs_x = 0, .ofs_y = 0},
    {.bitmap_index = 27445, .adv_w = 311, .box_w = 21, .box_h = 18, .ofs_x = 0, .ofs_y = 0},
    {.bitmap_index = 27493, .adv_w = 311, .box_w = 21, .box_h = 23, .ofs_x = 0, .ofs_y = 0},
    {.bitmap_index = 27554, .adv_w = 278, .box_w = 19, .box_h = 18, .ofs_x = 0, .ofs_y = 0},
    {.bitmap_index = 27597, .adv_w = 300, .box_w = 22, .box_h = 18, .ofs_x = -1, .ofs_y = 0},
    {.bitmap_index = 27647, .adv_w = 355, .box_w = 24, .box_h = 18, .ofs_x = 0, .ofs_y = 0},
    {.bitmap_index = 27701, .adv_w = 305, .box_w = 21, .box_h = 18, .ofs_x = 0, .ofs_y = 0},
    {.bitmap_index = 27749, .adv_w = 283, .box_w = 17, .box_h = 18, .ofs_x = 1, .ofs_y = 0},
    {.bitmap_index = 27788, .adv_w = 301, .box_w = 21, .box_h = 18, .ofs_x = 0, .ofs_y = 0},
    {.bitmap_index = 27836, .adv_w = 245, .box_w = 16, .box_h = 18, .ofs_x = 0, .ofs_y = 0},
    {.bitmap_index = 27872, .adv_w = 264, .box_w = 17, .box_h = 18, .ofs_x = 1, .ofs_y = 0},
    {.bitmap_index = 27911, .adv_w = 254, .box_w = 15, .box_h = 18, .ofs_x = 3, .ofs_y = 0},
    {.bitmap_index = 27945, .adv_w = 319, .box_w = 19, .box_h = 18, .ofs_x = 3, .ofs_y = 0},
    {.bitmap_index = 27988, .adv_w = 324, .box_w = 20, .box_h = 18, .ofs_x = 1, .ofs_y = 0},
    {.bitmap_index = 28033, .adv_w = 287, .box_w = 18, .box_h = 18, .ofs_x = 0, .ofs_y = 0},
    {.bitmap_index = 28074, .adv_w = 301, .box_w = 21, .box_h = 23, .ofs_x = 0, .ofs_y = -5},
    {.bitmap_index = 28135, .adv_w = 277, .box_w = 16, .box_h = 18, .ofs_x = 3, .ofs_y = 0},
    {.bitmap_index = 28171, .adv_w = 420, .box_w = 28, .box_h = 18, .ofs_x = 0, .ofs_y = 0},
    {.bitmap_index = 28234, .adv_w = 425, .box_w = 28, .box_h = 23, .ofs_x = 0, .ofs_y = -5},
    {.bitmap_index = 28315, .adv_w = 309, .box_w = 16, .box_h = 18, .ofs_x = 2, .ofs_y = 0},
    {.bitmap_index = 28351, .adv_w = 379, .box_w = 25, .box_h = 18, .ofs_x = 0, .ofs_y = 0},
    {.bitmap_index = 28408, .adv_w = 251, .box_w = 15, .box_h = 18, .ofs_x = 0, .ofs_y = 0},
    {.bitmap_index = 28442, .adv_w = 257, .box_w = 16, .box_h = 18, .ofs_x = 0, .ofs_y = 0},
    {.bitmap_index = 28478, .adv_w = 425, .box_w = 27, .box_h = 18, .ofs_x = 0, .ofs_y = 0},
    {.bitmap_index = 28539, .adv_w = 295, .box_w = 20, .box_h = 18, .ofs_x = 0, .ofs_y = 0},
    {.bitmap_index = 28584, .adv_w = 215, .box_w = 13, .box_h = 12, .ofs_x = 0, .ofs_y = 0},
    {.bitmap_index = 28604, .adv_w = 205, .box_w = 15, .box_h = 19, .ofs_x = 1, .ofs_y = 0},
    {.bitmap_index = 28640, .adv_w = 181, .box_w = 10, .box_h = 12, .ofs_x = 1, .ofs_y = 0},
    {.bitmap_index = 28655, .adv_w = 153, .box_w = 9, .box_h = 12, .ofs_x = 0, .ofs_y = 0},
    {.bitmap_index = 28669, .adv_w = 213, .box_w = 12, .box_h = 19, .ofs_x = 1, .ofs_y = 0},
    {.bitmap_index = 28698, .adv_w = 175, .box_w = 10, .box_h = 12, .ofs_x = 1, .ofs_y = 0},
    {.bitmap_index = 28713, .adv_w = 395, .box_w = 25, .box_h = 12, .ofs_x = 0, .ofs_y = 0},
    {.bitmap_index = 28751, .adv_w = 178, .box_w = 11, .box_h = 12, .ofs_x = 0, .ofs_y = 0},
    {.bitmap_index = 28768, .adv_w = 209, .box_w = 12, .box_h = 12, .ofs_x = 1, .ofs_y = 0},
    {.bitmap_index = 28786, .adv_w = 209, .box_w = 12, .box_h = 17, .ofs_x = 1, .ofs_y = 0},
    {.bitmap_index = 28812, .adv_w = 209, .box_w = 13, .box_h = 12, .ofs_x = 0, .ofs_y = 0},
    {.bitmap_index = 28832, .adv_w = 218, .box_w = 14, .box_h = 12, .ofs_x = -1, .ofs_y = 0},
    {.bitmap_index = 28853, .adv_w = 277, .box_w = 18, .box_h = 12, .ofs_x = -1, .ofs_y = 0},
    {.bitmap_index = 28880, .adv_w = 213, .box_w = 13, .box_h = 12, .ofs_x = 0, .ofs_y = 0},
    {.bitmap_index = 28900, .adv_w = 204, .box_w = 12, .box_h = 12, .ofs_x = 1, .ofs_y = 0},
    {.bitmap_index = 28918, .adv_w = 213, .box_w = 13, .box_h = 12, .ofs_x = 0, .ofs_y = 0},
    {.bitmap_index = 28938, .adv_w = 203, .box_w = 15, .box_h = 18, .ofs_x = -2, .ofs_y = -6},
    {.bitmap_index = 28972, .adv_w = 188, .box_w = 10, .box_h = 12, .ofs_x = 1, .ofs_y = 0},
    {.bitmap_index = 28987, .adv_w = 313, .box_w = 19, .box_h = 12, .ofs_x = 0, .ofs_y = 0},
    {.bitmap_index = 29016, .adv_w = 206, .box_w = 12, .box_h = 18, .ofs_x = 0, .ofs_y = -6},
    {.bitmap_index = 29043, .adv_w = 318, .box_w = 18, .box_h = 24, .ofs_x = 1, .ofs_y = -6},
    {.bitmap_index = 29097, .adv_w = 188, .box_w = 13, .box_h = 12, .ofs_x = -1, .ofs_y = 0},
    {.bitmap_index = 29117, .adv_w = 210, .box_w = 12, .box_h = 17, .ofs_x = 1, .ofs_y = -5},
    {.bitmap_index = 29143, .adv_w = 209, .box_w = 12, .box_h = 12, .ofs_x = 1, .ofs_y = 0},
    {.bitmap_index = 29161, .adv_w = 317, .box_w = 18, .box_h = 12, .ofs_x = 1, .ofs_y = 0},
    {.bitmap_index = 29188, .adv_w = 318, .box_w = 18, .box_h = 17, .ofs_x = 1, .ofs_y = -5},
    {.bitmap_index = 29227, .adv_w = 235, .box_w = 13, .box_h = 12, .ofs_x = 1, .ofs_y = 0},
    {.bitmap_index = 29247, .adv_w = 292, .box_w = 17, .box_h = 12, .ofs_x = 1, .ofs_y = 0},
    {.bitmap_index = 29273, .adv_w = 189, .box_w = 10, .box_h = 12, .ofs_x = 1, .ofs_y = 0},
    {.bitmap_index = 29288, .adv_w = 187, .box_w = 11, .box_h = 12, .ofs_x = 0, .ofs_y = 0},
    {.bitmap_index = 29305, .adv_w = 290, .box_w = 18, .box_h = 12, .ofs_x = 0, .ofs_y = 0},
    {.bitmap_index = 29332, .adv_w = 224, .box_w = 13, .box_h = 12, .ofs_x = 0, .ofs_y = 0},
    {.bitmap_index = 29352, .adv_w = 175, .box_w = 10, .box_h = 18, .ofs_x = 1, .ofs_y = 0},
    {.bitmap_index = 29375, .adv_w = 175, .box_w = 11, .box_h = 17, .ofs_x = 1, .ofs_y = 0},
    {.bitmap_index = 29399, .adv_w = 220, .box_w = 12, .box_h = 24, .ofs_x = 1, .ofs_y = -6},
    {.bitmap_index = 29435, .adv_w = 153, .box_w = 10, .box_h = 18, .ofs_x = 0, .ofs_y = 0},
    {.bitmap_index = 29458, .adv_w = 191, .box_w = 10, .box_h = 12, .ofs_x = 1, .ofs_y = 0},
    {.bitmap_index = 29473, .adv_w = 149, .box_w = 9, .box_h = 12, .ofs_x = 0, .ofs_y = 0},
    {.bitmap_index = 29487, .adv_w = 106, .box_w = 6, .box_h = 18, .ofs_x = 1, .ofs_y = 0},
    {.bitmap_index = 29501, .adv_w = 120, .box_w = 9, .box_h = 17, .ofs_x = 1, .ofs_y = 0},
    {.bitmap_index = 29521, .adv_w = 123, .box_w = 11, .box_h = 24, .ofs_x = -2, .ofs_y = -6},
    {.bitmap_index = 29554, .adv_w = 305, .box_w = 19, .box_h = 12, .ofs_x = -1, .ofs_y = 0},
    {.bitmap_index = 29583, .adv_w = 301, .box_w = 18, .box_h = 12, .ofs_x = 0, .ofs_y = 0},
    {.bitmap_index = 29610, .adv_w = 215, .box_w = 12, .box_h = 19, .ofs_x = 1, .ofs_y = 0},
    {.bitmap_index = 29639, .adv_w = 209, .box_w = 13, .box_h = 18, .ofs_x = 0, .ofs_y = 0},
    {.bitmap_index = 29669, .adv_w = 209, .box_w = 12, .box_h = 18, .ofs_x = 1, .ofs_y = 0},
    {.bitmap_index = 29696, .adv_w = 206, .box_w = 13, .box_h = 23, .ofs_x = 0, .ofs_y = -6},
    {.bitmap_index = 29734, .adv_w = 212, .box_w = 12, .box_h = 17, .ofs_x = 1, .ofs_y = -5},
    {.bitmap_index = 29760, .adv_w = 416, .box_w = 25, .box_h = 18, .ofs_x = 1, .ofs_y = 0},
    {.bitmap_index = 29817, .adv_w = 293, .box_w = 17, .box_h = 12, .ofs_x = 1, .ofs_y = 0},
    {.bitmap_index = 29843, .adv_w = 306, .box_w = 16, .box_h = 18, .ofs_x = 2, .ofs_y = 0},
    {.bitmap_index = 29879, .adv_w = 297, .box_w = 18, .box_h = 12, .ofs_x = 0, .ofs_y = 0},
    {.bitmap_index = 29906, .adv_w = 421, .box_w = 27, .box_h = 18, .ofs_x = 0, .ofs_y = 0},
    {.bitmap_index = 29967, .adv_w = 278, .box_w = 17, .box_h = 12, .ofs_x = 0, .ofs_y = 0},
    {.bitmap_index = 29993, .adv_w = 351, .box_w = 21, .box_h = 18, .ofs_x = 0, .ofs_y = 0},
    {.bitmap_index = 30041, .adv_w = 270, .box_w = 17, .box_h = 12, .ofs_x = -1, .ofs_y = 0},
    {.bitmap_index = 30067, .adv_w = 473, .box_w = 28, .box_h = 18, .ofs_x = 0, .ofs_y = 0},
    {.bitmap_index = 30130, .adv_w = 342, .box_w = 21, .box_h = 12, .ofs_x = 0, .ofs_y = 0},
    {.bitmap_index = 30162, .adv_w = 416, .box_w = 25, .box_h = 18, .ofs_x = 0, .ofs_y = 0},
    {.bitmap_index = 30219, .adv_w = 319, .box_w = 19, .box_h = 12, .ofs_x = 0, .ofs_y = 0},
    {.bitmap_index = 30248, .adv_w = 544, .box_w = 33, .box_h = 18, .ofs_x = 0, .ofs_y = 0},
    {.bitmap_index = 30323, .adv_w = 383, .box_w = 23, .box_h = 12, .ofs_x = 0, .ofs_y = 0},
    {.bitmap_index = 30358, .adv_w = 248, .box_w = 18, .box_h = 29, .ofs_x = -1, .ofs_y = -6},
    {.bitmap_index = 30424, .adv_w = 173, .box_w = 12, .box_h = 21, .ofs_x = 0, .ofs_y = -5},
    {.bitmap_index = 30456, .adv_w = 351, .box_w = 22, .box_h = 18, .ofs_x = 4, .ofs_y = 0},
    {.bitmap_index = 30506, .adv_w = 300, .box_w = 17, .box_h = 24, .ofs_x = 3, .ofs_y = -6},
    {.bitmap_index = 30557, .adv_w = 311, .box_w = 17, .box_h = 18, .ofs_x = 2, .ofs_y = 0},
    {.bitmap_index = 30596, .adv_w = 216, .box_w = 12, .box_h = 12, .ofs_x = 1, .ofs_y = 0},
    {.bitmap_index = 30614, .adv_w = 322, .box_w = 20, .box_h = 18, .ofs_x = 2, .ofs_y = 0},
    {.bitmap_index = 30659, .adv_w = 230, .box_w = 14, .box_h = 12, .ofs_x = 1, .ofs_y = 0},
    {.bitmap_index = 30680, .adv_w = 322, .box_w = 20, .box_h = 25, .ofs_x = 2, .ofs_y = 0},
    {.bitmap_index = 30743, .adv_w = 230, .box_w = 14, .box_h = 18, .ofs_x = 1, .ofs_y = 0},
    {.bitmap_index = 30775, .adv_w = 479, .box_w = 27, .box_h = 24, .ofs_x = 2, .ofs_y = -6},
    {.bitmap_index = 30856, .adv_w = 392, .box_w = 23, .box_h = 18, .ofs_x = 1, .ofs_y = -6},
    {.bitmap_index = 30908, .adv_w = 375, .box_w = 22, .box_h = 21, .ofs_x = 1, .ofs_y = -1},
    {.bitmap_index = 30966, .adv_w = 260, .box_w = 15, .box_h = 14, .ofs_x = 1, .ofs_y = -1},
    {.bitmap_index = 30993, .adv_w = 416, .box_w = 25, .box_h = 25, .ofs_x = 1, .ofs_y = 0},
    {.bitmap_index = 31072, .adv_w = 295, .box_w = 18, .box_h = 18, .ofs_x = 1, .ofs_y = 0},
    {.bitmap_index = 31113, .adv_w = 416, .box_w = 25, .box_h = 23, .ofs_x = 1, .ofs_y = 0},
    {.bitmap_index = 31185, .adv_w = 293, .box_w = 18, .box_h = 17, .ofs_x = 1, .ofs_y = 0},
    {.bitmap_index = 31224, .adv_w = 254, .box_w = 13, .box_h = 18, .ofs_x = 3, .ofs_y = 0},
    {.bitmap_index = 31254, .adv_w = 191, .box_w = 10, .box_h = 17, .ofs_x = 1, .ofs_y = -5},
    {.bitmap_index = 31276, .adv_w = 138, .box_w = 8, .box_h = 9, .ofs_x = 0, .ofs_y = -6},
    {.bitmap_index = 31285, .adv_w = 0, .box_w = 9, .box_h = 4, .ofs_x = -5, .ofs_y = 14},
    {.bitmap_index = 31290, .adv_w = 0, .box_w = 11, .box_h = 5, .ofs_x = -7, .ofs_y = 13},
    {.bitmap_index = 31297, .adv_w = 0, .box_w = 5, .box_h = 6, .ofs_x = -1, .ofs_y = 14},
    {.bitmap_index = 31301, .adv_w = 0, .box_w = 5, .box_h = 6, .ofs_x = -1, .ofs_y = 14},
    {.bitmap_index = 31305, .adv_w = 0, .box_w = 18, .box_h = 4, .ofs_x = -11, .ofs_y = 15},
    {.bitmap_index = 31314, .adv_w = 0, .box_w = 27, .box_h = 27, .ofs_x = -20, .ofs_y = -4},
    {.bitmap_index = 31406, .adv_w = 0, .box_w = 31, .box_h = 31, .ofs_x = -21, .ofs_y = -7},
    {.bitmap_index = 31527, .adv_w = 311, .box_w = 21, .box_h = 27, .ofs_x = 0, .ofs_y = -4},
    {.bitmap_index = 31598, .adv_w = 216, .box_w = 12, .box_h = 22, .ofs_x = 1, .ofs_y = -4},
    {.bitmap_index = 31631, .adv_w = 260, .box_w = 15, .box_h = 18, .ofs_x = 0, .ofs_y = 0},
    {.bitmap_index = 31665, .adv_w = 187, .box_w = 11, .box_h = 12, .ofs_x = 0, .ofs_y = 0},
    {.bitmap_index = 31682, .adv_w = 264, .box_w = 16, .box_h = 18, .ofs_x = 0, .ofs_y = 0},
    {.bitmap_index = 31718, .adv_w = 216, .box_w = 15, .box_h = 18, .ofs_x = -2, .ofs_y = -6},
    {.bitmap_index = 31752, .adv_w = 238, .box_w = 18, .box_h = 21, .ofs_x = 0, .ofs_y = 0},
    {.bitmap_index = 31800, .adv_w = 183, .box_w = 13, .box_h = 14, .ofs_x = 0, .ofs_y = 0},
    {.bitmap_index = 31823, .adv_w = 256, .box_w = 17, .box_h = 18, .ofs_x = 0, .ofs_y = 0},
    {.bitmap_index = 31862, .adv_w = 183, .box_w = 12, .box_h = 12, .ofs_x = 0, .ofs_y = 0},
    {.bitmap_index = 31880, .adv_w = 264, .box_w = 17, .box_h = 25, .ofs_x = 0, .ofs_y = -7},
    {.bitmap_index = 31934, .adv_w = 187, .box_w = 12, .box_h = 18, .ofs_x = 0, .ofs_y = -6},
    {.bitmap_index = 31961, .adv_w = 429, .box_w = 28, .box_h = 23, .ofs_x = -1, .ofs_y = -5},
    {.bitmap_index = 32042, .adv_w = 403, .box_w = 25, .box_h = 17, .ofs_x = 0, .ofs_y = -5},
    {.bitmap_index = 32096, .adv_w = 256, .box_w = 15, .box_h = 24, .ofs_x = 0, .ofs_y = -6},
    {.bitmap_index = 32141, .adv_w = 171, .box_w = 10, .box_h = 16, .ofs_x = 0, .ofs_y = -4},
    {.bitmap_index = 32161, .adv_w = 294, .box_w = 19, .box_h = 23, .ofs_x = 0, .ofs_y = -5},
    {.bitmap_index = 32216, .adv_w = 212, .box_w = 13, .box_h = 17, .ofs_x = 0, .ofs_y = -5},
    {.bitmap_index = 32244, .adv_w = 302, .box_w = 20, .box_h = 18, .ofs_x = 0, .ofs_y = 0},
    {.bitmap_index = 32289, .adv_w = 230, .box_w = 14, .box_h = 12, .ofs_x = 0, .ofs_y = 0},
    {.bitmap_index = 32310, .adv_w = 287, .box_w = 19, .box_h = 18, .ofs_x = 0, .ofs_y = 0},
    {.bitmap_index = 32353, .adv_w = 212, .box_w = 13, .box_h = 12, .ofs_x = 0, .ofs_y = 0},
    {.bitmap_index = 32373, .adv_w = 335, .box_w = 20, .box_h = 18, .ofs_x = 2, .ofs_y = 0},
    {.bitmap_index = 32418, .adv_w = 298, .box_w = 17, .box_h = 12, .ofs_x = 1, .ofs_y = 0},
    {.bitmap_index = 32444, .adv_w = 315, .box_w = 21, .box_h = 23, .ofs_x = 0, .ofs_y = -5},
    {.bitmap_index = 32505, .adv_w = 216, .box_w = 13, .box_h = 17, .ofs_x = 0, .ofs_y = -5},
    {.bitmap_index = 32533, .adv_w = 392, .box_w = 27, .box_h = 18, .ofs_x = 0, .ofs_y = 0},
    {.bitmap_index = 32594, .adv_w = 285, .box_w = 18, .box_h = 12, .ofs_x = 0, .ofs_y = 0},
    {.bitmap_index = 32621, .adv_w = 447, .box_w = 26, .box_h = 25, .ofs_x = 0, .ofs_y = -7},
    {.bitmap_index = 32703, .adv_w = 300, .box_w = 18, .box_h = 18, .ofs_x = 0, .ofs_y = -6},
    {.bitmap_index = 32744, .adv_w = 315, .box_w = 19, .box_h = 18, .ofs_x = 1, .ofs_y = 0},
    {.bitmap_index = 32787, .adv_w = 235, .box_w = 13, .box_h = 13, .ofs_x = 1, .ofs_y = 0},
    {.bitmap_index = 32809, .adv_w = 288, .box_w = 17, .box_h = 24, .ofs_x = 2, .ofs_y = -6},
    {.bitmap_index = 32860, .adv_w = 174, .box_w = 10, .box_h = 16, .ofs_x = 1, .ofs_y = -4},
    {.bitmap_index = 32880, .adv_w = 240, .box_w = 15, .box_h = 21, .ofs_x = 2, .ofs_y = -3},
    {.bitmap_index = 32920, .adv_w = 335, .box_w = 19, .box_h = 17, .ofs_x = 0, .ofs_y = -5},
    {.bitmap_index = 32961, .adv_w = 256, .box_w = 15, .box_h = 18, .ofs_x = 3, .ofs_y = 0},
    {.bitmap_index = 32995, .adv_w = 248, .box_w = 15, .box_h = 18, .ofs_x = 1, .ofs_y = -6},
    {.bitmap_index = 33029, .adv_w = 240, .box_w = 15, .box_h = 18, .ofs_x = 2, .ofs_y = 0},
    {.bitmap_index = 33063, .adv_w = 248, .box_w = 15, .box_h = 18, .ofs_x = 1, .ofs_y = -6},
    {.bitmap_index = 33097, .adv_w = 285, .box_w = 18, .box_h = 23, .ofs_x = 0, .ofs_y = -5},
    {.bitmap_index = 33149, .adv_w = 191, .box_w = 13, .box_h = 17, .ofs_x = -1, .ofs_y = -5},
    {.bitmap_index = 33177, .adv_w = 345, .box_w = 23, .box_h = 22, .ofs_x = 2, .ofs_y = -4},
    {.bitmap_index = 33241, .adv_w = 251, .box_w = 13, .box_h = 17, .ofs_x = 2, .ofs_y = -5},
    {.bitmap_index = 33269, .adv_w = 291, .box_w = 16, .box_h = 23, .ofs_x = 3, .ofs_y = -5},
    {.bitmap_index = 33315, .adv_w = 216, .box_w = 11, .box_h = 17, .ofs_x = 2, .ofs_y = -5},
    {.bitmap_index = 33339, .adv_w = 298, .box_w = 17, .box_h = 18, .ofs_x = 3, .ofs_y = 0},
    {.bitmap_index = 33378, .adv_w = 223, .box_w = 11, .box_h = 12, .ofs_x = 2, .ofs_y = 0},
    {.bitmap_index = 33395, .adv_w = 276, .box_w = 16, .box_h = 18, .ofs_x = 0, .ofs_y = 0},
    {.bitmap_index = 33431, .adv_w = 216, .box_w = 12, .box_h = 19, .ofs_x = 1, .ofs_y = 0},
    {.bitmap_index = 33460, .adv_w = 339, .box_w = 20, .box_h = 18, .ofs_x = 1, .ofs_y = 0},
    {.bitmap_index = 33505, .adv_w = 246, .box_w = 14, .box_h = 12, .ofs_x = 1, .ofs_y = 0},
    {.bitmap_index = 33526, .adv_w = 339, .box_w = 20, .box_h = 22, .ofs_x = 1, .ofs_y = -4},
    {.bitmap_index = 33581, .adv_w = 245, .box_w = 14, .box_h = 16, .ofs_x = 1, .ofs_y = -4},
    {.bitmap_index = 33609, .adv_w = 139, .box_w = 11, .box_h = 18, .ofs_x = 0, .ofs_y = 0},
    {.bitmap_index = 33634, .adv_w = 426, .box_w = 28, .box_h = 23, .ofs_x = 0, .ofs_y = 0},
    {.bitmap_index = 33715, .adv_w = 395, .box_w = 25, .box_h = 18, .ofs_x = 0, .ofs_y = 0},
    {.bitmap_index = 33772, .adv_w = 287, .box_w = 19, .box_h = 25, .ofs_x = 0, .ofs_y = -7},
    {.bitmap_index = 33832, .adv_w = 212, .box_w = 13, .box_h = 18, .ofs_x = 0, .ofs_y = -6},
    {.bitmap_index = 33862, .adv_w = 311, .box_w = 22, .box_h = 22, .ofs_x = -1, .ofs_y = -4},
    {.bitmap_index = 33923, .adv_w = 210, .box_w = 14, .box_h = 16, .ofs_x = -1, .ofs_y = -4},
    {.bitmap_index = 33951, .adv_w = 312, .box_w = 21, .box_h = 25, .ofs_x = 0, .ofs_y = -7},
    {.bitmap_index = 34017, .adv_w = 216, .box_w = 12, .box_h = 18, .ofs_x = 0, .ofs_y = -6},
    {.bitmap_index = 34044, .adv_w = 312, .box_w = 21, .box_h = 22, .ofs_x = 0, .ofs_y = -4},
    {.bitmap_index = 34102, .adv_w = 216, .box_w = 13, .box_h = 16, .ofs_x = 0, .ofs_y = -4},
    {.bitmap_index = 34128, .adv_w = 288, .box_w = 16, .box_h = 23, .ofs_x = 3, .ofs_y = -5},
    {.bitmap_index = 34174, .adv_w = 216, .box_w = 11, .box_h = 17, .ofs_x = 2, .ofs_y = -5},
    {.bitmap_index = 34198, .adv_w = 358, .box_w = 24, .box_h = 22, .ofs_x = 0, .ofs_y = -4},
    {.bitmap_index = 34264, .adv_w = 270, .box_w = 17, .box_h = 15, .ofs_x = -1, .ofs_y = -3},
    {.bitmap_index = 34296, .adv_w = 139, .box_w = 11, .box_h = 18, .ofs_x = 0, .ofs_y = 0},
    {.bitmap_index = 34321, .adv_w = 281, .box_w = 17, .box_h = 23, .ofs_x = 0, .ofs_y = 0},
    {.bitmap_index = 34370, .adv_w = 215, .box_w = 13, .box_h = 18, .ofs_x = 0, .ofs_y = 0},
    {.bitmap_index = 34400, .adv_w = 281, .box_w = 17, .box_h = 23, .ofs_x = 0, .ofs_y = 0},
    {.bitmap_index = 34449, .adv_w = 215, .box_w = 13, .box_h = 17, .ofs_x = 0, .ofs_y = 0},
    {.bitmap_index = 34477, .adv_w = 379, .box_w = 25, .box_h = 18, .ofs_x = 0, .ofs_y = 0},
    {.bitmap_index = 34534, .adv_w = 274, .box_w = 17, .box_h = 12, .ofs_x = 0, .ofs_y = 0},
    {.bitmap_index = 34560, .adv_w = 248, .box_w = 17, .box_h = 23, .ofs_x = 0, .ofs_y = 0},
    {.bitmap_index = 34609, .adv_w = 175, .box_w = 12, .box_h = 18, .ofs_x = 1, .ofs_y = 0},
    {.bitmap_index = 34636, .adv_w = 253, .box_w = 15, .box_h = 18, .ofs_x = 1, .ofs_y = 0},
    {.bitmap_index = 34670, .adv_w = 175, .box_w = 10, .box_h = 12, .ofs_x = 1, .ofs_y = 0},
    {.bitmap_index = 34685, .adv_w = 253, .box_w = 17, .box_h = 24, .ofs_x = 1, .ofs_y = 0},
    {.bitmap_index = 34736, .adv_w = 175, .box_w = 11, .box_h = 17, .ofs_x = 1, .ofs_y = 0},
    {.bitmap_index = 34760, .adv_w = 426, .box_w = 28, .box_h = 23, .ofs_x = 0, .ofs_y = 0},
    {.bitmap_index = 34841, .adv_w = 395, .box_w = 25, .box_h = 17, .ofs_x = 0, .ofs_y = 0},
    {.bitmap_index = 34895, .adv_w = 256, .box_w = 15, .box_h = 24, .ofs_x = 0, .ofs_y = 0},
    {.bitmap_index = 34940, .adv_w = 178, .box_w = 11, .box_h = 17, .ofs_x = 0, .ofs_y = 0},
    {.bitmap_index = 34964, .adv_w = 224, .box_w = 17, .box_h = 18, .ofs_x = -1, .ofs_y = 0},
    {.bitmap_index = 35003, .adv_w = 193, .box_w = 11, .box_h = 18, .ofs_x = -1, .ofs_y = -6},
    {.bitmap_index = 35028, .adv_w = 311, .box_w = 21, .box_h = 22, .ofs_x = 0, .ofs_y = 0},
    {.bitmap_index = 35086, .adv_w = 209, .box_w = 12, .box_h = 16, .ofs_x = 1, .ofs_y = 0},
    {.bitmap_index = 35110, .adv_w = 311, .box_w = 21, .box_h = 23, .ofs_x = 0, .ofs_y = 0},
    {.bitmap_index = 35171, .adv_w = 209, .box_w = 12, .box_h = 17, .ofs_x = 1, .ofs_y = 0},
    {.bitmap_index = 35197, .adv_w = 283, .box_w = 17, .box_h = 24, .ofs_x = 1, .ofs_y = 0},
    {.bitmap_index = 35248, .adv_w = 204, .box_w = 13, .box_h = 17, .ofs_x = 1, .ofs_y = 0},
    {.bitmap_index = 35276, .adv_w = 286, .box_w = 17, .box_h = 18, .ofs_x = 1, .ofs_y = 0},
    {.bitmap_index = 35315, .adv_w = 216, .box_w = 12, .box_h = 12, .ofs_x = 1, .ofs_y = 0},
    {.bitmap_index = 35333, .adv_w = 286, .box_w = 17, .box_h = 24, .ofs_x = 1, .ofs_y = 0},
    {.bitmap_index = 35384, .adv_w = 216, .box_w = 13, .box_h = 17, .ofs_x = 1, .ofs_y = 0},
    {.bitmap_index = 35412, .adv_w = 257, .box_w = 16, .box_h = 24, .ofs_x = 0, .ofs_y = 0},
    {.bitmap_index = 35460, .adv_w = 187, .box_w = 11, .box_h = 17, .ofs_x = 0, .ofs_y = 0},
    {.bitmap_index = 35484, .adv_w = 319, .box_w = 19, .box_h = 22, .ofs_x = 3, .ofs_y = 0},
    {.bitmap_index = 35537, .adv_w = 206, .box_w = 13, .box_h = 21, .ofs_x = 0, .ofs_y = -6},
    {.bitmap_index = 35572, .adv_w = 319, .box_w = 19, .box_h = 24, .ofs_x = 3, .ofs_y = 0},
    {.bitmap_index = 35629, .adv_w = 206, .box_w = 13, .box_h = 22, .ofs_x = 0, .ofs_y = -6},
    {.bitmap_index = 35665, .adv_w = 319, .box_w = 19, .box_h = 25, .ofs_x = 3, .ofs_y = 0},
    {.bitmap_index = 35725, .adv_w = 206, .box_w = 13, .box_h = 24, .ofs_x = 0, .ofs_y = -6},
    {.bitmap_index = 35764, .adv_w = 277, .box_w = 16, .box_h = 23, .ofs_x = 3, .ofs_y = 0},
    {.bitmap_index = 35810, .adv_w = 209, .box_w = 12, .box_h = 17, .ofs_x = 1, .ofs_y = 0},
    {.bitmap_index = 35836, .adv_w = 264, .box_w = 17, .box_h = 23, .ofs_x = 0, .ofs_y = -5},
    {.bitmap_index = 35885, .adv_w = 183, .box_w = 12, .box_h = 17, .ofs_x = 0, .ofs_y = -5},
    {.bitmap_index = 35911, .adv_w = 379, .box_w = 25, .box_h = 23, .ofs_x = 0, .ofs_y = 0},
    {.bitmap_index = 35983, .adv_w = 292, .box_w = 17, .box_h = 17, .ofs_x = 1, .ofs_y = 0},
    {.bitmap_index = 36020, .adv_w = 230, .box_w = 15, .box_h = 18, .ofs_x = 2, .ofs_y = 0},
    {.bitmap_index = 36054, .adv_w = 177, .box_w = 12, .box_h = 13, .ofs_x = 1, .ofs_y = 0},
    {.bitmap_index = 36074, .adv_w = 311, .box_w = 22, .box_h = 24, .ofs_x = -1, .ofs_y = -6},
    {.bitmap_index = 36140, .adv_w = 210, .box_w = 13, .box_h = 18, .ofs_x = -1, .ofs_y = -6},
    {.bitmap_index = 36170, .adv_w = 283, .box_w = 17, .box_h = 23, .ofs_x = 1, .ofs_y = -5},
    {.bitmap_index = 36219, .adv_w = 209, .box_w = 12, .box_h = 18, .ofs_x = 1, .ofs_y = -6},
    {.bitmap_index = 36246, .adv_w = 384, .box_w = 23, .box_h = 18, .ofs_x = 3, .ofs_y = 0},
    {.bitmap_index = 36298, .adv_w = 283, .box_w = 17, .box_h = 12, .ofs_x = 1, .ofs_y = 0},
    {.bitmap_index = 36324, .adv_w = 287, .box_w = 19, .box_h = 18, .ofs_x = 0, .ofs_y = 0},
    {.bitmap_index = 36367, .adv_w = 212, .box_w = 13, .box_h = 12, .ofs_x = 0, .ofs_y = 0}
};

/*---------------------
 *  CHARACTER MAPPING
 *--------------------*/

static const uint16_t unicode_list_4[] = {
    0x0, 0x1, 0x6, 0xa, 0x10, 0x11, 0x12, 0x13,
    0x14, 0x15, 0x16, 0x18
};

static const uint8_t glyph_id_ofs_list_10[] = {
    0, 1, 2, 3, 0, 0, 0, 0,
    0, 0, 4, 5, 6, 7, 8, 9
};

/*Collect the unicode lists and glyph_id offsets*/
static const lv_font_fmt_txt_cmap_t cmaps[] =
{
    {
        .range_start = 32, .range_length = 95, .glyph_id_start = 1,
        .unicode_list = NULL, .glyph_id_ofs_list = NULL, .list_length = 0, .type = LV_FONT_FMT_TXT_CMAP_FORMAT0_TINY
    },
    {
        .range_start = 160, .range_length = 208, .glyph_id_start = 96,
        .unicode_list = NULL, .glyph_id_ofs_list = NULL, .list_length = 0, .type = LV_FONT_FMT_TXT_CMAP_FORMAT0_TINY
    },
    {
        .range_start = 368, .range_length = 256, .glyph_id_start = 304,
        .unicode_list = NULL, .glyph_id_ofs_list = NULL, .list_length = 0, .type = LV_FONT_FMT_TXT_CMAP_FORMAT0_TINY
    },
    {
        .range_start = 624, .range_length = 256, .glyph_id_start = 560,
        .unicode_list = NULL, .glyph_id_ofs_list = NULL, .list_length = 0, .type = LV_FONT_FMT_TXT_CMAP_FORMAT0_TINY
    },
    {
        .range_start = 884, .range_length = 25, .glyph_id_start = 816,
        .unicode_list = unicode_list_4, .glyph_id_ofs_list = NULL, .list_length = 12, .type = LV_FONT_FMT_TXT_CMAP_SPARSE_TINY
    },
    {
        .range_start = 910, .range_length = 20, .glyph_id_start = 828,
        .unicode_list = NULL, .glyph_id_ofs_list = NULL, .list_length = 0, .type = LV_FONT_FMT_TXT_CMAP_FORMAT0_TINY
    },
    {
        .range_start = 931, .range_length = 44, .glyph_id_start = 848,
        .unicode_list = NULL, .glyph_id_ofs_list = NULL, .list_length = 0, .type = LV_FONT_FMT_TXT_CMAP_FORMAT0_TINY
    },
    {
        .range_start = 976, .range_length = 18, .glyph_id_start = 892,
        .unicode_list = NULL, .glyph_id_ofs_list = NULL, .list_length = 0, .type = LV_FONT_FMT_TXT_CMAP_FORMAT0_TINY
    },
    {
        .range_start = 1008, .range_length = 10, .glyph_id_start = 910,
        .unicode_list = NULL, .glyph_id_ofs_list = NULL, .list_length = 0, .type = LV_FONT_FMT_TXT_CMAP_FORMAT0_TINY
    },
    {
        .range_start = 1018, .range_length = 256, .glyph_id_start = 920,
        .unicode_list = NULL, .glyph_id_ofs_list = NULL, .list_length = 0, .type = LV_FONT_FMT_TXT_CMAP_FORMAT0_TINY
    },
    {
        .range_start = 1296, .range_length = 16, .glyph_id_start = 1176,
        .unicode_list = NULL, .glyph_id_ofs_list = glyph_id_ofs_list_10, .list_length = 16, .type = LV_FONT_FMT_TXT_CMAP_FORMAT0_FULL
    }
};



/*--------------------
 *  ALL CUSTOM DATA
 *--------------------*/

static lv_font_fmt_txt_dsc_t font_dsc = {
    .glyph_bitmap = glyph_bitmap,
    .glyph_dsc = glyph_dsc,
    .cmaps = cmaps,
    .kern_dsc = NULL,
    .kern_scale = 0,
    .cmap_num = 11,
    .bpp = 1,
    .kern_classes = 0,
    .bitmap_format = 0,
};

/*-----------------
 *  PUBLIC FONT
 *----------------*/

/*Initialize a public general font descriptor*/
lv_font_t FreeSerifItalic_27 = {
    .name = "FreeSerifItalic_27",
    .line_height = 33,          /*The maximum line height required by the font*/
    .base_line = 8,             /*Baseline measured from the bottom of the line*/
    .dsc = &font_dsc,          /*The custom font data. Will be accessed by `get_glyph_bitmap/dsc` */
};

REGISTER_FONT(FreeSerifItalic_27);

#endif /*#if FREESERIFITALIC_27*/
