/*******************************************************************************
 * Size: 39 px
 * Bpp: 1
 * Opts: --bpp 1 --size 39 --no-compress --stride 1 --align 1 --font arial.ttf --range 32-1327 --format lvgl -o Arial_39.c
 ******************************************************************************/

#include "../fontsdef.h"

 // Range:  0x20-0x52F
 // 0x20 -0x7E  Basic Latin
 // 0xA0 -0xFF  Latin Supplement
 // 0x100-0x17F Latin Extended A
 // 0x38E-0x3CE Greek
 // 0x400-0x45D Cyrillic

#if TFT_FONT == 3 // ARIAL

/*-----------------
 *    BITMAPS
 *----------------*/

/*Store the image of the glyphs*/
static LV_ATTRIBUTE_LARGE_CONST const uint8_t glyph_bitmap[] = {
    /* U+0020 " " */
    0x0,

    /* U+0021 "!" */
    0xff, 0xff, 0xff, 0xff, 0xff, 0xff, 0xff, 0xf7,
    0x77, 0x77, 0x70, 0x0, 0xff, 0xff,

    /* U+0022 "\"" */
    0xf3, 0xfc, 0xff, 0x3f, 0xcf, 0xf3, 0xfc, 0xff,
    0x3d, 0xc7, 0x61, 0x98, 0x60,

    /* U+0023 "#" */
    0x1, 0xc0, 0xe0, 0xe, 0x7, 0x0, 0x70, 0x38,
    0x3, 0x81, 0xc0, 0x38, 0x1c, 0x1, 0xc0, 0xe0,
    0xe, 0x7, 0x1f, 0xff, 0xff, 0xff, 0xff, 0xff,
    0xff, 0xff, 0xc1, 0xc0, 0xe0, 0xe, 0x7, 0x0,
    0x70, 0x38, 0x3, 0x3, 0x80, 0x38, 0x1c, 0x1,
    0xc0, 0xe0, 0xe, 0x7, 0x7, 0xff, 0xff, 0xff,
    0xff, 0xff, 0xff, 0xff, 0xf1, 0xc0, 0xe0, 0xe,
    0x7, 0x0, 0x70, 0x38, 0x3, 0x3, 0x80, 0x38,
    0x1c, 0x1, 0xc0, 0xe0, 0xe, 0x7, 0x0, 0x70,
    0x38, 0x0,

    /* U+0024 "$" */
    0x0, 0x60, 0x0, 0xc, 0x0, 0x7, 0xe0, 0x7,
    0xff, 0x1, 0xff, 0xf0, 0x7e, 0xdf, 0xf, 0x19,
    0xe3, 0xe3, 0x1e, 0x78, 0x63, 0xcf, 0xc, 0x61,
    0xe1, 0x80, 0x3c, 0x30, 0x7, 0xc6, 0x0, 0x7c,
    0xc0, 0xf, 0xd8, 0x0, 0xff, 0x80, 0x7, 0xfe,
    0x0, 0x3f, 0xe0, 0x1, 0xfe, 0x0, 0x33, 0xe0,
    0x6, 0x3c, 0x0, 0xc3, 0xc0, 0x18, 0x7b, 0x83,
    0xf, 0xf8, 0x61, 0xef, 0xc, 0x3d, 0xe1, 0x8f,
    0xbe, 0x31, 0xe3, 0xe6, 0x7c, 0x3f, 0xff, 0x3,
    0xff, 0xc0, 0x1f, 0xe0, 0x0, 0x60, 0x0, 0xc,
    0x0, 0x1, 0x80, 0x0, 0x30, 0x0,

    /* U+0025 "%" */
    0xf, 0x0, 0x7, 0x0, 0xff, 0x0, 0x38, 0x7,
    0xfe, 0x0, 0xe0, 0x1c, 0x78, 0x7, 0x0, 0xf0,
    0xf0, 0x1c, 0x3, 0x81, 0xc0, 0xe0, 0xe, 0x7,
    0x3, 0x80, 0x38, 0x1c, 0xc, 0x0, 0xe0, 0x70,
    0x70, 0x3, 0x81, 0xc1, 0x80, 0xe, 0x7, 0xe,
    0x0, 0x3c, 0x3c, 0x30, 0x0, 0x79, 0xe1, 0xc0,
    0x1, 0xff, 0x86, 0x0, 0x3, 0xfc, 0x38, 0x0,
    0x3, 0xc0, 0xc0, 0xf0, 0x0, 0x7, 0xf, 0xf0,
    0x0, 0x18, 0x7f, 0xe0, 0x0, 0xe1, 0xe7, 0x80,
    0x3, 0xf, 0xf, 0x0, 0x1c, 0x38, 0x1c, 0x0,
    0x70, 0xe0, 0x70, 0x3, 0x83, 0x81, 0xc0, 0xe,
    0xe, 0x7, 0x0, 0x70, 0x38, 0x1c, 0x1, 0xc0,
    0xe0, 0x70, 0xe, 0x3, 0xc3, 0xc0, 0x38, 0x7,
    0xe, 0x1, 0xc0, 0x1f, 0xf8, 0x7, 0x0, 0x3f,
    0xc0, 0x38, 0x0, 0x3c, 0x0,

    /* U+0026 "&" */
    0x1, 0xf8, 0x0, 0x7, 0xfe, 0x0, 0xf, 0xff,
    0x0, 0xf, 0xf, 0x0, 0x1e, 0x7, 0x80, 0x1e,
    0x7, 0x80, 0x1e, 0x7, 0x80, 0x1e, 0x7, 0x80,
    0xf, 0xf, 0x0, 0xf, 0x9f, 0x0, 0x7, 0xbc,
    0x0, 0x3, 0xf8, 0x0, 0x3, 0xe0, 0x0, 0xf,
    0xf0, 0x0, 0x1f, 0xf8, 0x0, 0x3e, 0x7c, 0x38,
    0x78, 0x3e, 0x38, 0xf8, 0x1f, 0x78, 0xf0, 0xf,
    0xf8, 0xf0, 0x7, 0xf0, 0xf0, 0x3, 0xf0, 0xf0,
    0x3, 0xe0, 0xf8, 0x3, 0xf0, 0x78, 0x7, 0xf8,
    0x7e, 0x1f, 0xfc, 0x3f, 0xff, 0x3e, 0xf, 0xfc,
    0x1e, 0x7, 0xf0, 0xc,

    /* U+0027 "'" */
    0xff, 0xff, 0xff, 0xff, 0x66,

    /* U+0028 "(" */
    0x1, 0x80, 0xe0, 0x70, 0x1c, 0xe, 0x7, 0x81,
    0xc0, 0xf0, 0x38, 0xe, 0x7, 0x81, 0xe0, 0x78,
    0x3c, 0xf, 0x3, 0xc0, 0xf0, 0x3c, 0xf, 0x3,
    0xc0, 0xf0, 0x3c, 0xf, 0x1, 0xe0, 0x78, 0x1e,
    0x3, 0x80, 0xf0, 0x3c, 0x7, 0x1, 0xe0, 0x38,
    0x7, 0x1, 0xc0, 0x38, 0x6,

    /* U+0029 ")" */
    0x60, 0x1c, 0x3, 0x80, 0xe0, 0x1c, 0x7, 0x80,
    0xe0, 0x3c, 0xf, 0x1, 0xc0, 0x78, 0x1e, 0x7,
    0x80, 0xf0, 0x3c, 0xf, 0x3, 0xc0, 0xf0, 0x3c,
    0xf, 0x3, 0xc0, 0xf0, 0x3c, 0x1e, 0x7, 0x81,
    0xe0, 0x70, 0x3c, 0xf, 0x3, 0x81, 0xe0, 0x70,
    0x38, 0xe, 0x7, 0x1, 0x80,

    /* U+002A "*" */
    0x7, 0x0, 0x38, 0x1, 0xc0, 0xce, 0x2f, 0xff,
    0xff, 0xfc, 0x7f, 0x1, 0xf0, 0x1d, 0xc1, 0xef,
    0xe, 0x38, 0x20, 0x80,

    /* U+002B "+" */
    0x0, 0xe0, 0x0, 0x38, 0x0, 0xe, 0x0, 0x3,
    0x80, 0x0, 0xe0, 0x0, 0x38, 0x0, 0xe, 0x3,
    0xff, 0xff, 0xff, 0xff, 0xff, 0xff, 0xf0, 0xe,
    0x0, 0x3, 0x80, 0x0, 0xe0, 0x0, 0x38, 0x0,
    0xe, 0x0, 0x3, 0x80, 0x0, 0xe0, 0x0, 0x38,
    0x0,

    /* U+002C "," */
    0xff, 0xff, 0x33, 0x36, 0xc0,

    /* U+002D "-" */
    0xff, 0xff, 0xff, 0xff, 0x80,

    /* U+002E "." */
    0xff, 0xff,

    /* U+002F "/" */
    0x0, 0xe0, 0x18, 0x7, 0x0, 0xe0, 0x1c, 0x7,
    0x0, 0xe0, 0x1c, 0x3, 0x0, 0xe0, 0x1c, 0x3,
    0x80, 0xe0, 0x1c, 0x3, 0x80, 0x60, 0x1c, 0x3,
    0x80, 0x70, 0x1c, 0x3, 0x80, 0x70, 0xc, 0x3,
    0x80, 0x70, 0xe, 0x3, 0x80, 0x70, 0x0,

    /* U+0030 "0" */
    0x3, 0xf0, 0x3, 0xff, 0x1, 0xff, 0xe0, 0xf8,
    0x7c, 0x3c, 0xf, 0x1e, 0x1, 0xe7, 0x80, 0x79,
    0xe0, 0x1e, 0xf0, 0x3, 0xfc, 0x0, 0xff, 0x0,
    0x3f, 0xc0, 0xf, 0xf0, 0x3, 0xfc, 0x0, 0xff,
    0x0, 0x3f, 0xc0, 0xf, 0xf0, 0x3, 0xfc, 0x0,
    0xff, 0x0, 0x3f, 0xc0, 0xf, 0x78, 0x7, 0x9e,
    0x1, 0xe7, 0x80, 0x78, 0xf0, 0x3c, 0x3e, 0x1f,
    0x7, 0xff, 0x80, 0xff, 0xc0, 0xf, 0xc0,

    /* U+0031 "1" */
    0x0, 0xe0, 0x3c, 0x7, 0x83, 0xf0, 0xfe, 0x3f,
    0xdf, 0xff, 0xcf, 0xf1, 0xf8, 0x3c, 0x7, 0x80,
    0xf0, 0x1e, 0x3, 0xc0, 0x78, 0xf, 0x1, 0xe0,
    0x3c, 0x7, 0x80, 0xf0, 0x1e, 0x3, 0xc0, 0x78,
    0xf, 0x1, 0xe0, 0x3c, 0x7, 0x80, 0xf0,

    /* U+0032 "2" */
    0x3, 0xf8, 0x1, 0xff, 0xe0, 0x7f, 0xfe, 0x1f,
    0x7, 0xe3, 0xc0, 0x3c, 0xf0, 0x7, 0xde, 0x0,
    0x7b, 0x80, 0xf, 0x10, 0x1, 0xe0, 0x0, 0x3c,
    0x0, 0xf, 0x80, 0x1, 0xe0, 0x0, 0x7c, 0x0,
    0x1f, 0x0, 0x7, 0xc0, 0x1, 0xf0, 0x0, 0x7c,
    0x0, 0x1f, 0x0, 0xf, 0xc0, 0x3, 0xf0, 0x0,
    0xf8, 0x0, 0x3e, 0x0, 0xf, 0x80, 0x1, 0xe0,
    0x0, 0x78, 0x0, 0x1f, 0xff, 0xff, 0xff, 0xff,
    0xff, 0xff, 0xf0,

    /* U+0033 "3" */
    0x7, 0xf0, 0x7, 0xff, 0x3, 0xff, 0xe1, 0xf0,
    0x7c, 0x78, 0xf, 0x3c, 0x1, 0xef, 0x0, 0x78,
    0x0, 0x1e, 0x0, 0x7, 0x80, 0x3, 0xc0, 0x3,
    0xe0, 0x7, 0xf0, 0x1, 0xfc, 0x0, 0xff, 0x80,
    0x1, 0xf0, 0x0, 0x3e, 0x0, 0x7, 0xc0, 0x0,
    0xf0, 0x0, 0x3c, 0x0, 0xf, 0xe0, 0x3, 0xfc,
    0x0, 0xff, 0x0, 0x79, 0xe0, 0x3e, 0x7c, 0x1f,
    0xf, 0xff, 0x81, 0xff, 0xc0, 0x1f, 0xc0,

    /* U+0034 "4" */
    0x0, 0xf, 0x0, 0x1, 0xe0, 0x0, 0x7c, 0x0,
    0x1f, 0x80, 0x3, 0xf0, 0x0, 0xfe, 0x0, 0x3b,
    0xc0, 0xf, 0x78, 0x1, 0xcf, 0x0, 0x71, 0xe0,
    0x1e, 0x3c, 0x3, 0x87, 0x80, 0xe0, 0xf0, 0x38,
    0x1e, 0xf, 0x3, 0xc1, 0xc0, 0x78, 0x70, 0xf,
    0x1e, 0x1, 0xe3, 0xff, 0xff, 0xff, 0xff, 0xff,
    0xff, 0xfe, 0x0, 0x1e, 0x0, 0x3, 0xc0, 0x0,
    0x78, 0x0, 0xf, 0x0, 0x1, 0xe0, 0x0, 0x3c,
    0x0, 0x7, 0x80,

    /* U+0035 "5" */
    0x1f, 0xff, 0xc3, 0xff, 0xf8, 0x7f, 0xff, 0xe,
    0x0, 0x1, 0xc0, 0x0, 0x78, 0x0, 0xf, 0x0,
    0x1, 0xc0, 0x0, 0x38, 0x0, 0x7, 0x3f, 0x1,
    0xff, 0xf8, 0x3f, 0xff, 0x87, 0xe0, 0xf8, 0xf0,
    0xf, 0x8c, 0x0, 0xf0, 0x0, 0xf, 0x0, 0x1,
    0xe0, 0x0, 0x3c, 0x0, 0x7, 0x80, 0x0, 0xff,
    0x0, 0x1f, 0xe0, 0x7, 0x9e, 0x0, 0xf3, 0xc0,
    0x3e, 0x3e, 0x1f, 0x83, 0xff, 0xe0, 0x3f, 0xf8,
    0x1, 0xfc, 0x0,

    /* U+0036 "6" */
    0x1, 0xf8, 0x0, 0xff, 0xc0, 0x3f, 0xfc, 0xf,
    0x87, 0xc3, 0xc0, 0x3c, 0x78, 0x7, 0x9e, 0x0,
    0x73, 0xc0, 0x0, 0x70, 0x0, 0x1e, 0x1f, 0x3,
    0xcf, 0xf8, 0x7b, 0xff, 0xcf, 0xf0, 0xf9, 0xf8,
    0xf, 0xbe, 0x0, 0xf7, 0xc0, 0xf, 0xf8, 0x1,
    0xff, 0x0, 0x3f, 0xe0, 0x7, 0xfc, 0x0, 0xf7,
    0x80, 0x1e, 0xf0, 0x7, 0xdf, 0x0, 0xf1, 0xe0,
    0x3e, 0x3f, 0xf, 0x83, 0xff, 0xe0, 0x1f, 0xf8,
    0x0, 0xfc, 0x0,

    /* U+0037 "7" */
    0xff, 0xff, 0xff, 0xff, 0xff, 0xff, 0xfc, 0x0,
    0x1e, 0x0, 0x7, 0x0, 0x3, 0xc0, 0x1, 0xe0,
    0x0, 0x70, 0x0, 0x3c, 0x0, 0x1e, 0x0, 0x7,
    0x80, 0x3, 0xc0, 0x0, 0xf0, 0x0, 0x78, 0x0,
    0x1e, 0x0, 0x7, 0x0, 0x3, 0xc0, 0x0, 0xf0,
    0x0, 0x38, 0x0, 0x1e, 0x0, 0x7, 0x80, 0x1,
    0xe0, 0x0, 0x70, 0x0, 0x3c, 0x0, 0xf, 0x0,
    0x3, 0xc0, 0x0, 0xf0, 0x0, 0x3c, 0x0,

    /* U+0038 "8" */
    0x3, 0xf0, 0x1, 0xff, 0x80, 0x7f, 0xf8, 0x1f,
    0xf, 0x87, 0xc0, 0xf8, 0xf0, 0xf, 0x1e, 0x1,
    0xe3, 0xc0, 0x3c, 0x78, 0x7, 0x8f, 0x81, 0xe0,
    0xf8, 0x7c, 0xf, 0xff, 0x0, 0x7f, 0x80, 0x3f,
    0xfc, 0xf, 0x83, 0xe3, 0xe0, 0x3e, 0x78, 0x3,
    0xde, 0x0, 0x3f, 0xc0, 0x7, 0xf8, 0x0, 0xff,
    0x0, 0x1f, 0xe0, 0x3, 0xfe, 0x0, 0xf3, 0xe0,
    0x3e, 0x3e, 0xf, 0x83, 0xff, 0xe0, 0x3f, 0xf8,
    0x1, 0xfc, 0x0,

    /* U+0039 "9" */
    0x3, 0xf0, 0x3, 0xff, 0x3, 0xff, 0xe0, 0xf8,
    0x7c, 0x7c, 0xf, 0x1e, 0x1, 0xef, 0x0, 0x3b,
    0xc0, 0xe, 0xf0, 0x3, 0xfc, 0x0, 0xff, 0x0,
    0x3f, 0xc0, 0xf, 0xf8, 0x7, 0xdf, 0x1, 0xf7,
    0xe1, 0xfc, 0xff, 0xff, 0x1f, 0xf3, 0xc1, 0xf8,
    0xf0, 0x0, 0x3c, 0x0, 0xe, 0x0, 0x3, 0x9c,
    0x1, 0xe7, 0x80, 0x78, 0xe0, 0x3c, 0x3c, 0x1e,
    0x7, 0xff, 0x80, 0xff, 0x80, 0xf, 0xc0,

    /* U+003A ":" */
    0xff, 0xff, 0x0, 0x0, 0x0, 0x0, 0x0, 0x0,
    0xf, 0xff, 0xf0,

    /* U+003B ";" */
    0xff, 0xff, 0x0, 0x0, 0x0, 0x0, 0x0, 0x0,
    0xf, 0xff, 0xf3, 0x33, 0x6c, 0x0,

    /* U+003C "<" */
    0x0, 0x0, 0x20, 0x0, 0x1c, 0x0, 0xf, 0x80,
    0xf, 0xf0, 0x7, 0xf8, 0x3, 0xfc, 0x3, 0xfc,
    0x1, 0xfe, 0x0, 0xfe, 0x0, 0x1f, 0x0, 0x3,
    0xe0, 0x0, 0x7f, 0x0, 0x3, 0xfc, 0x0, 0x1f,
    0xe0, 0x0, 0x7f, 0x80, 0x3, 0xfc, 0x0, 0x1f,
    0xe0, 0x0, 0x7c, 0x0, 0x3, 0x80, 0x0, 0x10,

    /* U+003D "=" */
    0xff, 0xff, 0xff, 0xff, 0xff, 0xff, 0xfc, 0x0,
    0x0, 0x0, 0x0, 0x0, 0x0, 0x0, 0x0, 0x0,
    0x0, 0x0, 0x0, 0x0, 0x3f, 0xff, 0xff, 0xff,
    0xff, 0xff, 0xff,

    /* U+003E ">" */
    0x0, 0x0, 0x1c, 0x0, 0x3, 0xe0, 0x0, 0x7f,
    0x0, 0x7, 0xfc, 0x0, 0x1f, 0xe0, 0x0, 0xff,
    0x0, 0x3, 0xfc, 0x0, 0x1f, 0xe0, 0x0, 0xfc,
    0x0, 0x1f, 0x80, 0xf, 0xf0, 0x7, 0xf0, 0x7,
    0xf8, 0x3, 0xfc, 0x1, 0xfe, 0x0, 0xfe, 0x0,
    0x1f, 0x0, 0x3, 0x80, 0x0, 0x0, 0x0, 0x0,

    /* U+003F "?" */
    0x7, 0xf8, 0x7, 0xff, 0x83, 0xff, 0xf1, 0xf0,
    0x7e, 0x78, 0xf, 0xbc, 0x1, 0xff, 0x0, 0x3f,
    0x80, 0xf, 0x0, 0x3, 0xc0, 0x0, 0xf0, 0x0,
    0x78, 0x0, 0x3e, 0x0, 0x1f, 0x0, 0xf, 0x80,
    0x7, 0xc0, 0x3, 0xe0, 0x0, 0xf0, 0x0, 0x78,
    0x0, 0x1e, 0x0, 0x7, 0x80, 0x1, 0xe0, 0x0,
    0x0, 0x0, 0x0, 0x0, 0x0, 0x0, 0x1, 0xe0,
    0x0, 0x78, 0x0, 0x1e, 0x0, 0x7, 0x80,

    /* U+0040 "@" */
    0x0, 0x3, 0xfe, 0x0, 0x0, 0x1, 0xff, 0xfc,
    0x0, 0x0, 0x7f, 0xff, 0xf0, 0x0, 0x1f, 0xe0,
    0x1f, 0xc0, 0x3, 0xf0, 0x0, 0x7e, 0x0, 0x7c,
    0x0, 0x1, 0xf0, 0xf, 0x0, 0x0, 0xf, 0x0,
    0xe0, 0x3e, 0x1e, 0x78, 0x1e, 0x7, 0xf9, 0xc3,
    0xc3, 0xc1, 0xff, 0xdc, 0x1c, 0x38, 0x3f, 0x1f,
    0xc1, 0xc7, 0x83, 0xc0, 0x7c, 0xe, 0x70, 0x78,
    0x7, 0xc0, 0xe7, 0xf, 0x80, 0x38, 0xe, 0xf0,
    0xf0, 0x3, 0x80, 0xee, 0xf, 0x0, 0x38, 0xe,
    0xe1, 0xe0, 0x3, 0x80, 0xee, 0x1e, 0x0, 0x38,
    0xe, 0xe1, 0xe0, 0x7, 0x81, 0xce, 0x1e, 0x0,
    0x70, 0x1c, 0xe1, 0xe0, 0x7, 0x3, 0xce, 0x1e,
    0x0, 0xf0, 0x38, 0xe1, 0xf0, 0x1f, 0x7, 0xf,
    0xf, 0x3, 0xf0, 0xf0, 0x70, 0xf8, 0x7f, 0x3e,
    0x7, 0x7, 0xfe, 0xff, 0xc0, 0x78, 0x3f, 0xcf,
    0xf0, 0x3, 0xc0, 0xf0, 0x7c, 0x0, 0x3c, 0x0,
    0x0, 0x0, 0xe1, 0xe0, 0x0, 0x0, 0x3e, 0xf,
    0x80, 0x0, 0x7, 0xc0, 0x7e, 0x0, 0x1, 0xf8,
    0x3, 0xfc, 0x0, 0xfe, 0x0, 0xf, 0xff, 0xff,
    0xc0, 0x0, 0x3f, 0xff, 0xf0, 0x0, 0x0, 0x3f,
    0xf0, 0x0,

    /* U+0041 "A" */
    0x0, 0x3e, 0x0, 0x0, 0xf, 0x80, 0x0, 0x3,
    0xf0, 0x0, 0x1, 0xdc, 0x0, 0x0, 0x77, 0x0,
    0x0, 0x1d, 0xe0, 0x0, 0xf, 0x38, 0x0, 0x3,
    0x8f, 0x0, 0x1, 0xe1, 0xc0, 0x0, 0x78, 0x78,
    0x0, 0x1c, 0x1e, 0x0, 0xf, 0x3, 0x80, 0x3,
    0x80, 0xf0, 0x1, 0xe0, 0x1c, 0x0, 0x78, 0x7,
    0x80, 0x1c, 0x1, 0xe0, 0xf, 0xff, 0xf8, 0x3,
    0xff, 0xff, 0x0, 0xff, 0xff, 0xc0, 0x78, 0x0,
    0x78, 0x1c, 0x0, 0x1e, 0xf, 0x0, 0x3, 0x83,
    0xc0, 0x0, 0xf0, 0xe0, 0x0, 0x3c, 0x78, 0x0,
    0x7, 0x9e, 0x0, 0x1, 0xef, 0x0, 0x0, 0x7b,
    0xc0, 0x0, 0xf,

    /* U+0042 "B" */
    0xff, 0xfe, 0x7, 0xff, 0xfc, 0x3f, 0xff, 0xf1,
    0xe0, 0x7, 0xcf, 0x0, 0x1e, 0x78, 0x0, 0x7b,
    0xc0, 0x3, 0xde, 0x0, 0x1e, 0xf0, 0x0, 0xf7,
    0x80, 0x7, 0xbc, 0x0, 0x79, 0xe0, 0x7, 0x8f,
    0xff, 0xf8, 0x7f, 0xff, 0xc3, 0xff, 0xff, 0x1e,
    0x0, 0x7c, 0xf0, 0x0, 0xf7, 0x80, 0x7, 0xfc,
    0x0, 0x1f, 0xe0, 0x0, 0xff, 0x0, 0x7, 0xf8,
    0x0, 0x3f, 0xc0, 0x3, 0xfe, 0x0, 0x1e, 0xf0,
    0x3, 0xf7, 0xff, 0xff, 0x3f, 0xff, 0xf1, 0xff,
    0xfc, 0x0,

    /* U+0043 "C" */
    0x0, 0x7f, 0x80, 0x0, 0xff, 0xf0, 0x1, 0xff,
    0xfe, 0x1, 0xf8, 0x1f, 0x81, 0xf0, 0x3, 0xe1,
    0xf0, 0x0, 0xf0, 0xf0, 0x0, 0x3c, 0xf0, 0x0,
    0x1e, 0x78, 0x0, 0x4, 0x7c, 0x0, 0x0, 0x3c,
    0x0, 0x0, 0x1e, 0x0, 0x0, 0xf, 0x0, 0x0,
    0x7, 0x80, 0x0, 0x3, 0xc0, 0x0, 0x1, 0xe0,
    0x0, 0x0, 0xf0, 0x0, 0x0, 0x78, 0x0, 0x0,
    0x1e, 0x0, 0x1, 0x8f, 0x0, 0x0, 0xf7, 0x80,
    0x0, 0xf1, 0xe0, 0x0, 0x78, 0xf8, 0x0, 0x78,
    0x3e, 0x0, 0x7c, 0xf, 0xc0, 0xfc, 0x3, 0xff,
    0xfc, 0x0, 0xff, 0xf8, 0x0, 0xf, 0xf0, 0x0,

    /* U+0044 "D" */
    0xff, 0xfe, 0x1, 0xff, 0xff, 0x3, 0xff, 0xff,
    0x87, 0x80, 0x1f, 0x8f, 0x0, 0xf, 0x9e, 0x0,
    0xf, 0x3c, 0x0, 0x1f, 0x78, 0x0, 0x1e, 0xf0,
    0x0, 0x3d, 0xe0, 0x0, 0x3f, 0xc0, 0x0, 0x7f,
    0x80, 0x0, 0xff, 0x0, 0x1, 0xfe, 0x0, 0x3,
    0xfc, 0x0, 0x7, 0xf8, 0x0, 0xf, 0xf0, 0x0,
    0x1f, 0xe0, 0x0, 0x3f, 0xc0, 0x0, 0xff, 0x80,
    0x1, 0xef, 0x0, 0x3, 0xde, 0x0, 0xf, 0xbc,
    0x0, 0x1e, 0x78, 0x0, 0x78, 0xf0, 0x3, 0xf1,
    0xff, 0xff, 0xc3, 0xff, 0xfe, 0x7, 0xff, 0xf0,
    0x0,

    /* U+0045 "E" */
    0xff, 0xff, 0xf7, 0xff, 0xff, 0xbf, 0xff, 0xfd,
    0xe0, 0x0, 0xf, 0x0, 0x0, 0x78, 0x0, 0x3,
    0xc0, 0x0, 0x1e, 0x0, 0x0, 0xf0, 0x0, 0x7,
    0x80, 0x0, 0x3c, 0x0, 0x1, 0xe0, 0x0, 0xf,
    0xff, 0xfe, 0x7f, 0xff, 0xf3, 0xff, 0xff, 0x9e,
    0x0, 0x0, 0xf0, 0x0, 0x7, 0x80, 0x0, 0x3c,
    0x0, 0x1, 0xe0, 0x0, 0xf, 0x0, 0x0, 0x78,
    0x0, 0x3, 0xc0, 0x0, 0x1e, 0x0, 0x0, 0xf0,
    0x0, 0x7, 0xff, 0xff, 0xff, 0xff, 0xff, 0xff,
    0xff, 0xf0,

    /* U+0046 "F" */
    0xff, 0xff, 0xff, 0xff, 0xff, 0xff, 0xff, 0xf8,
    0x0, 0xf, 0x0, 0x1, 0xe0, 0x0, 0x3c, 0x0,
    0x7, 0x80, 0x0, 0xf0, 0x0, 0x1e, 0x0, 0x3,
    0xc0, 0x0, 0x78, 0x0, 0xf, 0xff, 0xf9, 0xff,
    0xff, 0x3f, 0xff, 0xe7, 0x80, 0x0, 0xf0, 0x0,
    0x1e, 0x0, 0x3, 0xc0, 0x0, 0x78, 0x0, 0xf,
    0x0, 0x1, 0xe0, 0x0, 0x3c, 0x0, 0x7, 0x80,
    0x0, 0xf0, 0x0, 0x1e, 0x0, 0x3, 0xc0, 0x0,
    0x78, 0x0, 0x0,

    /* U+0047 "G" */
    0x0, 0x3f, 0xc0, 0x0, 0x7f, 0xfe, 0x0, 0x7f,
    0xff, 0xc0, 0x3f, 0x1, 0xf8, 0x1f, 0x0, 0x1f,
    0xf, 0x80, 0x3, 0xe3, 0xc0, 0x0, 0x79, 0xf0,
    0x0, 0xe, 0x78, 0x0, 0x0, 0x1e, 0x0, 0x0,
    0xf, 0x0, 0x0, 0x3, 0xc0, 0x0, 0x0, 0xf0,
    0x0, 0x0, 0x3c, 0x0, 0xff, 0xff, 0x0, 0x3f,
    0xff, 0xc0, 0xf, 0xff, 0xf0, 0x0, 0x3, 0xfc,
    0x0, 0x0, 0xf7, 0x80, 0x0, 0x3d, 0xe0, 0x0,
    0xf, 0x78, 0x0, 0x3, 0xcf, 0x0, 0x0, 0xf3,
    0xe0, 0x0, 0x7c, 0x7c, 0x0, 0x3f, 0xf, 0xe0,
    0x7f, 0x81, 0xff, 0xff, 0x80, 0x1f, 0xff, 0xc0,
    0x0, 0xff, 0x0,

    /* U+0048 "H" */
    0xf0, 0x0, 0x3f, 0xc0, 0x0, 0xff, 0x0, 0x3,
    0xfc, 0x0, 0xf, 0xf0, 0x0, 0x3f, 0xc0, 0x0,
    0xff, 0x0, 0x3, 0xfc, 0x0, 0xf, 0xf0, 0x0,
    0x3f, 0xc0, 0x0, 0xff, 0x0, 0x3, 0xff, 0xff,
    0xff, 0xff, 0xff, 0xff, 0xff, 0xff, 0xff, 0x0,
    0x3, 0xfc, 0x0, 0xf, 0xf0, 0x0, 0x3f, 0xc0,
    0x0, 0xff, 0x0, 0x3, 0xfc, 0x0, 0xf, 0xf0,
    0x0, 0x3f, 0xc0, 0x0, 0xff, 0x0, 0x3, 0xfc,
    0x0, 0xf, 0xf0, 0x0, 0x3f, 0xc0, 0x0, 0xff,
    0x0, 0x3, 0xfc, 0x0, 0xf,

    /* U+0049 "I" */
    0xff, 0xff, 0xff, 0xff, 0xff, 0xff, 0xff, 0xff,
    0xff, 0xff, 0xff, 0xff, 0xff, 0xff,

    /* U+004A "J" */
    0x0, 0xf, 0x0, 0xf, 0x0, 0xf, 0x0, 0xf,
    0x0, 0xf, 0x0, 0xf, 0x0, 0xf, 0x0, 0xf,
    0x0, 0xf, 0x0, 0xf, 0x0, 0xf, 0x0, 0xf,
    0x0, 0xf, 0x0, 0xf, 0x0, 0xf, 0x0, 0xf,
    0x0, 0xf, 0x0, 0xf, 0x0, 0xf, 0x0, 0xf,
    0xf0, 0xf, 0xf0, 0xf, 0xf0, 0xf, 0x78, 0x1e,
    0x7c, 0x3e, 0x3f, 0xfc, 0x1f, 0xf8, 0xf, 0xe0,

    /* U+004B "K" */
    0xf0, 0x0, 0x7d, 0xe0, 0x1, 0xf3, 0xc0, 0x7,
    0xc7, 0x80, 0x1f, 0xf, 0x0, 0x7c, 0x1e, 0x1,
    0xf0, 0x3c, 0x7, 0xc0, 0x78, 0x1f, 0x0, 0xf0,
    0x7c, 0x1, 0xe1, 0xf0, 0x3, 0xc7, 0xc0, 0x7,
    0x9f, 0x0, 0xf, 0x7f, 0x0, 0x1f, 0xff, 0x0,
    0x3f, 0xde, 0x0, 0x7f, 0x1e, 0x0, 0xfc, 0x3e,
    0x1, 0xf0, 0x3e, 0x3, 0xc0, 0x3c, 0x7, 0x80,
    0x3c, 0xf, 0x0, 0x7c, 0x1e, 0x0, 0x7c, 0x3c,
    0x0, 0x78, 0x78, 0x0, 0xf8, 0xf0, 0x0, 0xf9,
    0xe0, 0x0, 0xfb, 0xc0, 0x1, 0xf7, 0x80, 0x1,
    0xf0,

    /* U+004C "L" */
    0xf0, 0x0, 0x3c, 0x0, 0xf, 0x0, 0x3, 0xc0,
    0x0, 0xf0, 0x0, 0x3c, 0x0, 0xf, 0x0, 0x3,
    0xc0, 0x0, 0xf0, 0x0, 0x3c, 0x0, 0xf, 0x0,
    0x3, 0xc0, 0x0, 0xf0, 0x0, 0x3c, 0x0, 0xf,
    0x0, 0x3, 0xc0, 0x0, 0xf0, 0x0, 0x3c, 0x0,
    0xf, 0x0, 0x3, 0xc0, 0x0, 0xf0, 0x0, 0x3c,
    0x0, 0xf, 0x0, 0x3, 0xc0, 0x0, 0xf0, 0x0,
    0x3f, 0xff, 0xff, 0xff, 0xff, 0xff, 0xff,

    /* U+004D "M" */
    0xfc, 0x0, 0x7, 0xff, 0x80, 0x0, 0xff, 0xf8,
    0x0, 0x1f, 0xff, 0x0, 0x7, 0xff, 0xe0, 0x0,
    0xff, 0xfe, 0x0, 0x1f, 0xfd, 0xc0, 0x7, 0x7f,
    0xb8, 0x0, 0xef, 0xf7, 0x80, 0x1d, 0xfe, 0x70,
    0x7, 0x3f, 0xce, 0x0, 0xe7, 0xf9, 0xe0, 0x1c,
    0xff, 0x1c, 0x7, 0x1f, 0xe3, 0x80, 0xe3, 0xfc,
    0x78, 0x1c, 0x7f, 0x87, 0x7, 0xf, 0xf0, 0xe0,
    0xe1, 0xfe, 0x1e, 0x1c, 0x3f, 0xc1, 0xc7, 0x7,
    0xf8, 0x38, 0xe0, 0xff, 0x7, 0x9c, 0x1f, 0xe0,
    0x77, 0x3, 0xfc, 0xe, 0xe0, 0x7f, 0x81, 0xfc,
    0xf, 0xf0, 0x1f, 0x1, 0xfe, 0x3, 0xe0, 0x3f,
    0xc0, 0x7c, 0x7, 0xf8, 0x7, 0x0, 0xf0,

    /* U+004E "N" */
    0xf8, 0x0, 0x3f, 0xe0, 0x0, 0xff, 0xc0, 0x3,
    0xff, 0x0, 0xf, 0xfe, 0x0, 0x3f, 0xfc, 0x0,
    0xff, 0xf0, 0x3, 0xfd, 0xe0, 0xf, 0xf3, 0xc0,
    0x3f, 0xcf, 0x0, 0xff, 0x1e, 0x3, 0xfc, 0x78,
    0xf, 0xf0, 0xf0, 0x3f, 0xc1, 0xe0, 0xff, 0x7,
    0x83, 0xfc, 0xf, 0xf, 0xf0, 0x1e, 0x3f, 0xc0,
    0x78, 0xff, 0x0, 0xf3, 0xfc, 0x3, 0xcf, 0xf0,
    0x7, 0xbf, 0xc0, 0xf, 0xff, 0x0, 0x3f, 0xfc,
    0x0, 0x7f, 0xf0, 0x0, 0xff, 0xc0, 0x3, 0xff,
    0x0, 0x7, 0xfc, 0x0, 0x1f,

    /* U+004F "O" */
    0x0, 0x3f, 0x80, 0x0, 0x3f, 0xfe, 0x0, 0x1f,
    0xff, 0xf0, 0x7, 0xe0, 0x3f, 0x1, 0xf0, 0x1,
    0xf0, 0x7c, 0x0, 0x1f, 0xf, 0x0, 0x1, 0xe3,
    0xc0, 0x0, 0x3e, 0x78, 0x0, 0x3, 0xcf, 0x0,
    0x0, 0x7b, 0xc0, 0x0, 0x7, 0xf8, 0x0, 0x0,
    0xff, 0x0, 0x0, 0x1f, 0xe0, 0x0, 0x3, 0xfc,
    0x0, 0x0, 0x7f, 0x80, 0x0, 0xf, 0xf0, 0x0,
    0x1, 0xfe, 0x0, 0x0, 0x3d, 0xe0, 0x0, 0xf,
    0x3c, 0x0, 0x1, 0xe7, 0x80, 0x0, 0x3c, 0x78,
    0x0, 0xf, 0xf, 0x80, 0x3, 0xe0, 0xf8, 0x0,
    0xf8, 0xf, 0xc0, 0x7e, 0x0, 0xff, 0xff, 0x80,
    0x7, 0xff, 0xc0, 0x0, 0x3f, 0xe0, 0x0,

    /* U+0050 "P" */
    0xff, 0xfe, 0x7, 0xff, 0xfe, 0x3f, 0xff, 0xf9,
    0xe0, 0x3, 0xef, 0x0, 0xf, 0x78, 0x0, 0x7f,
    0xc0, 0x1, 0xfe, 0x0, 0xf, 0xf0, 0x0, 0x7f,
    0x80, 0x3, 0xfc, 0x0, 0x3f, 0xe0, 0x1, 0xef,
    0x0, 0x3f, 0x7f, 0xff, 0xf3, 0xff, 0xff, 0x1f,
    0xff, 0xc0, 0xf0, 0x0, 0x7, 0x80, 0x0, 0x3c,
    0x0, 0x1, 0xe0, 0x0, 0xf, 0x0, 0x0, 0x78,
    0x0, 0x3, 0xc0, 0x0, 0x1e, 0x0, 0x0, 0xf0,
    0x0, 0x7, 0x80, 0x0, 0x3c, 0x0, 0x1, 0xe0,
    0x0, 0x0,

    /* U+0051 "Q" */
    0x0, 0x3f, 0x80, 0x0, 0x1f, 0xff, 0x0, 0x7,
    0xff, 0xfc, 0x0, 0xfc, 0x7, 0xe0, 0x1f, 0x0,
    0x1f, 0x3, 0xe0, 0x0, 0xf8, 0x3c, 0x0, 0x7,
    0x87, 0x80, 0x0, 0x7c, 0x78, 0x0, 0x3, 0xc7,
    0x80, 0x0, 0x3c, 0xf0, 0x0, 0x1, 0xef, 0x0,
    0x0, 0x1e, 0xf0, 0x0, 0x1, 0xef, 0x0, 0x0,
    0x1e, 0xf0, 0x0, 0x1, 0xef, 0x0, 0x0, 0x1e,
    0xf0, 0x0, 0x1, 0xef, 0x0, 0x0, 0x1e, 0x78,
    0x0, 0x3, 0xc7, 0x80, 0x0, 0x3c, 0x78, 0x3,
    0x3, 0xc3, 0xc0, 0x3c, 0x78, 0x3e, 0x3, 0xff,
    0x81, 0xf0, 0xf, 0xf0, 0xf, 0xc0, 0x7e, 0x0,
    0x7f, 0xff, 0xf0, 0x1, 0xff, 0xff, 0xc0, 0x7,
    0xf8, 0x3e, 0x0, 0x0, 0x0, 0xe0, 0x0, 0x0,
    0x2,

    /* U+0052 "R" */
    0xff, 0xff, 0x80, 0xff, 0xff, 0xe0, 0xff, 0xff,
    0xf0, 0xf0, 0x1, 0xf8, 0xf0, 0x0, 0x78, 0xf0,
    0x0, 0x3c, 0xf0, 0x0, 0x3c, 0xf0, 0x0, 0x3c,
    0xf0, 0x0, 0x3c, 0xf0, 0x0, 0x7c, 0xf0, 0x0,
    0x78, 0xf0, 0x1, 0xf8, 0xff, 0xff, 0xf0, 0xff,
    0xff, 0xc0, 0xff, 0xff, 0x0, 0xf0, 0x1f, 0x0,
    0xf0, 0xf, 0x80, 0xf0, 0x7, 0xc0, 0xf0, 0x3,
    0xc0, 0xf0, 0x1, 0xe0, 0xf0, 0x1, 0xf0, 0xf0,
    0x0, 0xf0, 0xf0, 0x0, 0xf8, 0xf0, 0x0, 0x7c,
    0xf0, 0x0, 0x3c, 0xf0, 0x0, 0x3e, 0xf0, 0x0,
    0x1e, 0xf0, 0x0, 0x1f,

    /* U+0053 "S" */
    0x1, 0xfe, 0x0, 0x1f, 0xfe, 0x1, 0xff, 0xfe,
    0xf, 0xc0, 0xfc, 0x3c, 0x0, 0xf1, 0xe0, 0x3,
    0xe7, 0x80, 0x7, 0x9e, 0x0, 0x1e, 0x78, 0x0,
    0x1, 0xf0, 0x0, 0x3, 0xf0, 0x0, 0xf, 0xfc,
    0x0, 0x1f, 0xff, 0x0, 0x1f, 0xff, 0x0, 0x1f,
    0xff, 0x0, 0x7, 0xfe, 0x0, 0x1, 0xf8, 0x0,
    0x1, 0xf0, 0x0, 0x7, 0xf8, 0x0, 0xf, 0xf0,
    0x0, 0x3f, 0xc0, 0x0, 0xf7, 0x80, 0x7, 0x9f,
    0x0, 0x3e, 0x3f, 0x3, 0xf0, 0x7f, 0xff, 0x80,
    0xff, 0xfc, 0x0, 0x7f, 0x80,

    /* U+0054 "T" */
    0xff, 0xff, 0xff, 0xff, 0xff, 0xff, 0xff, 0xff,
    0xc0, 0x1e, 0x0, 0x0, 0x78, 0x0, 0x1, 0xe0,
    0x0, 0x7, 0x80, 0x0, 0x1e, 0x0, 0x0, 0x78,
    0x0, 0x1, 0xe0, 0x0, 0x7, 0x80, 0x0, 0x1e,
    0x0, 0x0, 0x78, 0x0, 0x1, 0xe0, 0x0, 0x7,
    0x80, 0x0, 0x1e, 0x0, 0x0, 0x78, 0x0, 0x1,
    0xe0, 0x0, 0x7, 0x80, 0x0, 0x1e, 0x0, 0x0,
    0x78, 0x0, 0x1, 0xe0, 0x0, 0x7, 0x80, 0x0,
    0x1e, 0x0, 0x0, 0x78, 0x0, 0x1, 0xe0, 0x0,
    0x7, 0x80, 0x0, 0x1e, 0x0,

    /* U+0055 "U" */
    0xf0, 0x0, 0x3f, 0xc0, 0x0, 0xff, 0x0, 0x3,
    0xfc, 0x0, 0xf, 0xf0, 0x0, 0x3f, 0xc0, 0x0,
    0xff, 0x0, 0x3, 0xfc, 0x0, 0xf, 0xf0, 0x0,
    0x3f, 0xc0, 0x0, 0xff, 0x0, 0x3, 0xfc, 0x0,
    0xf, 0xf0, 0x0, 0x3f, 0xc0, 0x0, 0xff, 0x0,
    0x3, 0xfc, 0x0, 0xf, 0xf0, 0x0, 0x3f, 0xc0,
    0x0, 0xff, 0x0, 0x3, 0xfc, 0x0, 0xf, 0xf0,
    0x0, 0x3d, 0xe0, 0x1, 0xe7, 0x80, 0x7, 0x9f,
    0x0, 0x3e, 0x3f, 0x3, 0xf0, 0x7f, 0xff, 0x80,
    0xff, 0xfc, 0x0, 0x7f, 0x80,

    /* U+0056 "V" */
    0xf0, 0x0, 0x3, 0xde, 0x0, 0x1, 0xe7, 0x80,
    0x0, 0x78, 0xe0, 0x0, 0x1c, 0x3c, 0x0, 0xf,
    0xf, 0x0, 0x3, 0xc1, 0xc0, 0x0, 0xe0, 0x78,
    0x0, 0x78, 0x1e, 0x0, 0x1c, 0x3, 0xc0, 0xf,
    0x0, 0xf0, 0x3, 0xc0, 0x1c, 0x0, 0xe0, 0x7,
    0x80, 0x78, 0x1, 0xe0, 0x1c, 0x0, 0x38, 0x7,
    0x0, 0xf, 0x3, 0xc0, 0x1, 0xc0, 0xe0, 0x0,
    0x70, 0x78, 0x0, 0x1e, 0x1e, 0x0, 0x3, 0x87,
    0x0, 0x0, 0xe3, 0xc0, 0x0, 0x3c, 0xe0, 0x0,
    0x7, 0x38, 0x0, 0x1, 0xde, 0x0, 0x0, 0x3f,
    0x0, 0x0, 0xf, 0xc0, 0x0, 0x3, 0xe0, 0x0,
    0x0, 0x78, 0x0,

    /* U+0057 "W" */
    0x70, 0x0, 0xf8, 0x0, 0x77, 0x80, 0xf, 0x80,
    0xf, 0x78, 0x0, 0xf8, 0x0, 0xf7, 0x80, 0x1f,
    0xc0, 0xe, 0x38, 0x1, 0xdc, 0x0, 0xe3, 0xc0,
    0x1d, 0xc0, 0x1e, 0x3c, 0x3, 0xde, 0x1, 0xe3,
    0xc0, 0x39, 0xe0, 0x1c, 0x1c, 0x3, 0x8e, 0x1,
    0xc1, 0xc0, 0x38, 0xe0, 0x3c, 0x1e, 0x7, 0x8f,
    0x3, 0xc0, 0xe0, 0x70, 0x70, 0x38, 0xe, 0x7,
    0x7, 0x3, 0x80, 0xe0, 0xf0, 0x78, 0x78, 0xf,
    0xe, 0x7, 0x87, 0x0, 0x70, 0xe0, 0x38, 0x70,
    0x7, 0xe, 0x3, 0x87, 0x0, 0x71, 0xe0, 0x3c,
    0xf0, 0x7, 0x9c, 0x1, 0xce, 0x0, 0x39, 0xc0,
    0x1c, 0xe0, 0x3, 0x9c, 0x1, 0xce, 0x0, 0x3b,
    0x80, 0x1d, 0xe0, 0x3, 0xb8, 0x0, 0xfc, 0x0,
    0x1f, 0x80, 0xf, 0xc0, 0x1, 0xf8, 0x0, 0xfc,
    0x0, 0x1f, 0x0, 0xf, 0x80, 0x0, 0xf0, 0x0,
    0x78, 0x0, 0xf, 0x0, 0x7, 0x80,

    /* U+0058 "X" */
    0x3c, 0x0, 0x7, 0x87, 0x80, 0x3, 0xc1, 0xf0,
    0x1, 0xe0, 0x3c, 0x0, 0xf0, 0x7, 0x80, 0x3c,
    0x1, 0xf0, 0x1e, 0x0, 0x3c, 0xf, 0x0, 0x7,
    0x87, 0x80, 0x1, 0xf1, 0xe0, 0x0, 0x3c, 0xf0,
    0x0, 0x7, 0xf8, 0x0, 0x0, 0xfc, 0x0, 0x0,
    0x3f, 0x0, 0x0, 0x7, 0x80, 0x0, 0x3, 0xf0,
    0x0, 0x1, 0xfe, 0x0, 0x0, 0x7f, 0xc0, 0x0,
    0x3c, 0xf0, 0x0, 0x1e, 0x1e, 0x0, 0xf, 0x87,
    0xc0, 0x3, 0xc0, 0xf0, 0x1, 0xe0, 0x1e, 0x0,
    0xf8, 0x7, 0xc0, 0x7c, 0x0, 0xf8, 0x1e, 0x0,
    0x1e, 0xf, 0x0, 0x7, 0xc7, 0xc0, 0x0, 0xf9,
    0xe0, 0x0, 0x1e,

    /* U+0059 "Y" */
    0x78, 0x0, 0x7, 0xdf, 0x0, 0x1, 0xe3, 0xc0,
    0x0, 0xf0, 0x78, 0x0, 0x7c, 0x1f, 0x0, 0x1e,
    0x3, 0xc0, 0xf, 0x0, 0x78, 0x7, 0xc0, 0x1f,
    0x1, 0xe0, 0x3, 0xc0, 0xf0, 0x0, 0x78, 0x7c,
    0x0, 0x1f, 0x1e, 0x0, 0x3, 0xcf, 0x0, 0x0,
    0x7b, 0xc0, 0x0, 0x1f, 0xe0, 0x0, 0x3, 0xf0,
    0x0, 0x0, 0x78, 0x0, 0x0, 0x1e, 0x0, 0x0,
    0x7, 0x80, 0x0, 0x1, 0xe0, 0x0, 0x0, 0x78,
    0x0, 0x0, 0x1e, 0x0, 0x0, 0x7, 0x80, 0x0,
    0x1, 0xe0, 0x0, 0x0, 0x78, 0x0, 0x0, 0x1e,
    0x0, 0x0, 0x7, 0x80, 0x0, 0x1, 0xe0, 0x0,
    0x0, 0x78, 0x0,

    /* U+005A "Z" */
    0x3f, 0xff, 0xfc, 0xff, 0xff, 0xf3, 0xff, 0xff,
    0xc0, 0x0, 0x1f, 0x0, 0x0, 0xf8, 0x0, 0x7,
    0xc0, 0x0, 0x1e, 0x0, 0x0, 0xf0, 0x0, 0x7,
    0xc0, 0x0, 0x3e, 0x0, 0x1, 0xf0, 0x0, 0x7,
    0x80, 0x0, 0x3e, 0x0, 0x1, 0xf0, 0x0, 0xf,
    0x80, 0x0, 0x7c, 0x0, 0x1, 0xe0, 0x0, 0xf,
    0x80, 0x0, 0x7c, 0x0, 0x3, 0xe0, 0x0, 0x1f,
    0x0, 0x0, 0x78, 0x0, 0x3, 0xe0, 0x0, 0x1f,
    0x0, 0x0, 0xf8, 0x0, 0x3, 0xff, 0xff, 0xff,
    0xff, 0xff, 0xff, 0xff, 0xff,

    /* U+005B "[" */
    0xff, 0xff, 0xff, 0xf0, 0xf0, 0xf0, 0xf0, 0xf0,
    0xf0, 0xf0, 0xf0, 0xf0, 0xf0, 0xf0, 0xf0, 0xf0,
    0xf0, 0xf0, 0xf0, 0xf0, 0xf0, 0xf0, 0xf0, 0xf0,
    0xf0, 0xf0, 0xf0, 0xf0, 0xf0, 0xf0, 0xf0, 0xf0,
    0xf0, 0xff, 0xff, 0xff,

    /* U+005C "\\" */
    0xe0, 0x1c, 0x1, 0x80, 0x38, 0x7, 0x0, 0x60,
    0xe, 0x1, 0xc0, 0x38, 0x3, 0x0, 0x70, 0xe,
    0x0, 0xc0, 0x1c, 0x3, 0x80, 0x70, 0x7, 0x0,
    0xe0, 0x1c, 0x1, 0x80, 0x38, 0x7, 0x0, 0xe0,
    0xe, 0x1, 0xc0, 0x38, 0x3, 0x0, 0x70,

    /* U+005D "]" */
    0xff, 0xff, 0xff, 0xf, 0xf, 0xf, 0xf, 0xf,
    0xf, 0xf, 0xf, 0xf, 0xf, 0xf, 0xf, 0xf,
    0xf, 0xf, 0xf, 0xf, 0xf, 0xf, 0xf, 0xf,
    0xf, 0xf, 0xf, 0xf, 0xf, 0xf, 0xf, 0xf,
    0xf, 0xff, 0xff, 0xff,

    /* U+005E "^" */
    0x1, 0xc0, 0x3, 0xc0, 0x3, 0xc0, 0x7, 0xe0,
    0x7, 0xe0, 0x7, 0x70, 0xe, 0x70, 0xe, 0x78,
    0x1e, 0x38, 0x1c, 0x38, 0x3c, 0x1c, 0x38, 0x1c,
    0x38, 0x1e, 0x78, 0xe, 0x70, 0xf, 0xf0, 0x7,

    /* U+005F "_" */
    0xff, 0xff, 0xff, 0xff, 0xff, 0xff, 0xff, 0xff,
    0xf8,

    /* U+0060 "`" */
    0xf8, 0xf0, 0xf0, 0xe0, 0xe0,

    /* U+0061 "a" */
    0x3, 0xfc, 0x1, 0xff, 0xe0, 0xff, 0xfe, 0x1e,
    0x7, 0xc7, 0x80, 0x7c, 0xf0, 0x7, 0x84, 0x0,
    0xf0, 0x0, 0x1e, 0x0, 0x1f, 0xc0, 0xff, 0xf8,
    0x7f, 0xff, 0x3f, 0xc1, 0xe7, 0x80, 0x3d, 0xe0,
    0x7, 0xbc, 0x0, 0xf7, 0x80, 0x3e, 0xf0, 0xf,
    0xdf, 0x83, 0xf9, 0xff, 0xff, 0x1f, 0xfc, 0xe0,
    0xfe, 0x1e,

    /* U+0062 "b" */
    0xf0, 0x0, 0x3c, 0x0, 0xf, 0x0, 0x3, 0xc0,
    0x0, 0xf0, 0x0, 0x3c, 0x0, 0xf, 0x0, 0x3,
    0xc7, 0xc0, 0xf7, 0xfc, 0x3f, 0xff, 0x8f, 0xe1,
    0xf3, 0xf0, 0x3e, 0xf8, 0x7, 0xbc, 0x1, 0xef,
    0x0, 0x3f, 0xc0, 0xf, 0xf0, 0x3, 0xfc, 0x0,
    0xff, 0x0, 0x3f, 0xc0, 0xf, 0xf0, 0x3, 0xfc,
    0x1, 0xef, 0x80, 0x7b, 0xe0, 0x3e, 0xfe, 0x1f,
    0x3f, 0xff, 0x8f, 0x7f, 0xc3, 0xc7, 0xc0,

    /* U+0063 "c" */
    0x3, 0xf8, 0x3, 0xff, 0x81, 0xff, 0xf0, 0xf8,
    0x3e, 0x7c, 0x7, 0x9e, 0x0, 0xff, 0x80, 0x3f,
    0xc0, 0x0, 0xf0, 0x0, 0x3c, 0x0, 0xf, 0x0,
    0x3, 0xc0, 0x0, 0xf0, 0x0, 0x3c, 0x0, 0x7f,
    0x80, 0x3d, 0xe0, 0xf, 0x7c, 0x7, 0x8f, 0x83,
    0xe1, 0xff, 0xf0, 0x3f, 0xf8, 0x3, 0xf8, 0x0,

    /* U+0064 "d" */
    0x0, 0x3, 0x80, 0x1, 0xc0, 0x0, 0xe0, 0x0,
    0x70, 0x0, 0x38, 0x0, 0x1c, 0x0, 0xe, 0x7,
    0xc7, 0xf, 0xfb, 0x8f, 0xff, 0xcf, 0x87, 0xef,
    0x81, 0xf7, 0x80, 0x7b, 0xc0, 0x3f, 0xc0, 0xf,
    0xe0, 0x7, 0xf0, 0x3, 0xf8, 0x1, 0xfc, 0x0,
    0xfe, 0x0, 0x7f, 0x0, 0x3b, 0xc0, 0x3d, 0xe0,
    0x1e, 0xf8, 0x1f, 0x3e, 0x1f, 0x8f, 0xff, 0xc3,
    0xfe, 0xe0, 0x7c, 0x70,

    /* U+0065 "e" */
    0x3, 0xf8, 0x1, 0xff, 0xc0, 0x7f, 0xfc, 0x1f,
    0x7, 0xc7, 0x80, 0x38, 0xf0, 0x7, 0x9c, 0x0,
    0x77, 0x80, 0xe, 0xff, 0xff, 0xdf, 0xff, 0xfb,
    0xff, 0xff, 0xf8, 0x0, 0xf, 0x0, 0x1, 0xe0,
    0x0, 0x3e, 0x0, 0x73, 0xc0, 0x1e, 0x7c, 0x7,
    0xc7, 0xc1, 0xf0, 0x7f, 0xfc, 0x7, 0xff, 0x0,
    0x3f, 0x80,

    /* U+0066 "f" */
    0x7, 0xe1, 0xfc, 0x7f, 0x8f, 0x81, 0xe0, 0x3c,
    0x7, 0x87, 0xfe, 0xff, 0xdf, 0xf8, 0x78, 0xf,
    0x1, 0xe0, 0x3c, 0x7, 0x80, 0xf0, 0x1e, 0x3,
    0xc0, 0x78, 0xf, 0x1, 0xe0, 0x3c, 0x7, 0x80,
    0xf0, 0x1e, 0x3, 0xc0, 0x78, 0xf, 0x0,

    /* U+0067 "g" */
    0x3, 0xf1, 0xc3, 0xfe, 0x71, 0xff, 0xfc, 0xf8,
    0x3f, 0x7c, 0x7, 0xde, 0x0, 0xf7, 0x80, 0x3f,
    0xc0, 0x7, 0xf0, 0x1, 0xfc, 0x0, 0x7f, 0x0,
    0x1f, 0xc0, 0x7, 0xf0, 0x1, 0xfc, 0x0, 0x77,
    0x80, 0x3d, 0xe0, 0xf, 0x7c, 0x7, 0xcf, 0x83,
    0xf1, 0xff, 0xdc, 0x3f, 0xe7, 0x3, 0xf1, 0xc0,
    0x0, 0x70, 0x0, 0x3d, 0xc0, 0xe, 0x78, 0x7,
    0x9f, 0x3, 0xe3, 0xff, 0xf0, 0x7f, 0xf8, 0x7,
    0xf0, 0x0,

    /* U+0068 "h" */
    0xf0, 0x0, 0x78, 0x0, 0x3c, 0x0, 0x1e, 0x0,
    0xf, 0x0, 0x7, 0x80, 0x3, 0xc0, 0x1, 0xe3,
    0xf0, 0xf7, 0xfe, 0x7f, 0xff, 0xbf, 0x87, 0xdf,
    0x81, 0xff, 0x80, 0x7f, 0x80, 0x3f, 0xc0, 0x1f,
    0xe0, 0xf, 0xf0, 0x7, 0xf8, 0x3, 0xfc, 0x1,
    0xfe, 0x0, 0xff, 0x0, 0x7f, 0x80, 0x3f, 0xc0,
    0x1f, 0xe0, 0xf, 0xf0, 0x7, 0xf8, 0x3, 0xfc,
    0x1, 0xfe, 0x0, 0xf0,

    /* U+0069 "i" */
    0xff, 0xff, 0x0, 0xf, 0xff, 0xff, 0xff, 0xff,
    0xff, 0xff, 0xff, 0xff, 0xff, 0xff,

    /* U+006A "j" */
    0xf, 0xf, 0xf, 0xf, 0x0, 0x0, 0x0, 0xf,
    0xf, 0xf, 0xf, 0xf, 0xf, 0xf, 0xf, 0xf,
    0xf, 0xf, 0xf, 0xf, 0xf, 0xf, 0xf, 0xf,
    0xf, 0xf, 0xf, 0xf, 0xf, 0xf, 0xf, 0xf,
    0x1f, 0xfe, 0xfe, 0xf8,

    /* U+006B "k" */
    0xf0, 0x0, 0x78, 0x0, 0x3c, 0x0, 0x1e, 0x0,
    0xf, 0x0, 0x7, 0x80, 0x3, 0xc0, 0x1, 0xe0,
    0x1e, 0xf0, 0x1e, 0x78, 0x1e, 0x3c, 0x1e, 0x1e,
    0x1e, 0xf, 0x1e, 0x7, 0x9e, 0x3, 0xde, 0x1,
    0xff, 0x0, 0xff, 0xc0, 0x7e, 0xf0, 0x3e, 0x78,
    0x1e, 0x1e, 0xf, 0xf, 0x87, 0x83, 0xc3, 0xc0,
    0xf1, 0xe0, 0x78, 0xf0, 0x1e, 0x78, 0x7, 0xbc,
    0x3, 0xde, 0x0, 0xf0,

    /* U+006C "l" */
    0xff, 0xff, 0xff, 0xff, 0xff, 0xff, 0xff, 0xff,
    0xff, 0xff, 0xff, 0xff, 0xff, 0xff,

    /* U+006D "m" */
    0xf1, 0xf8, 0x1f, 0x8f, 0x7f, 0xc7, 0xfc, 0xff,
    0xfe, 0xff, 0xef, 0xe3, 0xfe, 0x3e, 0xf8, 0x1f,
    0x81, 0xff, 0x80, 0xf8, 0xf, 0xf0, 0xf, 0x0,
    0xff, 0x0, 0xf0, 0xf, 0xf0, 0xf, 0x0, 0xff,
    0x0, 0xf0, 0xf, 0xf0, 0xf, 0x0, 0xff, 0x0,
    0xf0, 0xf, 0xf0, 0xf, 0x0, 0xff, 0x0, 0xf0,
    0xf, 0xf0, 0xf, 0x0, 0xff, 0x0, 0xf0, 0xf,
    0xf0, 0xf, 0x0, 0xff, 0x0, 0xf0, 0xf, 0xf0,
    0xf, 0x0, 0xff, 0x0, 0xf0, 0xf, 0xf0, 0xf,
    0x0, 0xf0,

    /* U+006E "n" */
    0xf1, 0xf8, 0x7b, 0xff, 0x3f, 0xff, 0xdf, 0xc3,
    0xef, 0x80, 0xff, 0xc0, 0x3f, 0xc0, 0x1f, 0xe0,
    0xf, 0xf0, 0x7, 0xf8, 0x3, 0xfc, 0x1, 0xfe,
    0x0, 0xff, 0x0, 0x7f, 0x80, 0x3f, 0xc0, 0x1f,
    0xe0, 0xf, 0xf0, 0x7, 0xf8, 0x3, 0xfc, 0x1,
    0xfe, 0x0, 0xff, 0x0, 0x78,

    /* U+006F "o" */
    0x3, 0xf8, 0x1, 0xff, 0xc0, 0x7f, 0xfc, 0x1f,
    0x7, 0xc7, 0xc0, 0x7c, 0xf0, 0x7, 0xbe, 0x0,
    0xf7, 0x80, 0xf, 0xf0, 0x1, 0xfe, 0x0, 0x3f,
    0xc0, 0x7, 0xf8, 0x0, 0xff, 0x0, 0x1f, 0xe0,
    0x3, 0xfe, 0x0, 0xfb, 0xc0, 0x1e, 0x7c, 0x7,
    0xc7, 0xc1, 0xf0, 0x7f, 0xfc, 0x7, 0xff, 0x0,
    0x3f, 0x80,

    /* U+0070 "p" */
    0xf1, 0xf0, 0x3d, 0xff, 0xf, 0xff, 0xe3, 0xf8,
    0x7c, 0xfc, 0xf, 0xbe, 0x1, 0xef, 0x0, 0x7b,
    0xc0, 0xf, 0xf0, 0x3, 0xfc, 0x0, 0xff, 0x0,
    0x3f, 0xc0, 0xf, 0xf0, 0x3, 0xfc, 0x0, 0xff,
    0x0, 0x7b, 0xe0, 0x1e, 0xf8, 0xf, 0xbf, 0x87,
    0xcf, 0xff, 0xe3, 0xdf, 0xf0, 0xf1, 0xf0, 0x3c,
    0x0, 0xf, 0x0, 0x3, 0xc0, 0x0, 0xf0, 0x0,
    0x3c, 0x0, 0xf, 0x0, 0x3, 0xc0, 0x0, 0xf0,
    0x0, 0x0,

    /* U+0071 "q" */
    0x3, 0xe3, 0xc3, 0xfe, 0xf1, 0xff, 0xfc, 0xf8,
    0x7f, 0x7c, 0xf, 0xde, 0x1, 0xff, 0x80, 0x3f,
    0xc0, 0xf, 0xf0, 0x3, 0xfc, 0x0, 0xff, 0x0,
    0x3f, 0xc0, 0xf, 0xf0, 0x3, 0xfc, 0x0, 0xf7,
    0x80, 0x3d, 0xe0, 0x1f, 0x7c, 0x7, 0xcf, 0x87,
    0xf1, 0xff, 0xfc, 0x3f, 0xef, 0x3, 0xe3, 0xc0,
    0x0, 0xf0, 0x0, 0x3c, 0x0, 0xf, 0x0, 0x3,
    0xc0, 0x0, 0xf0, 0x0, 0x3c, 0x0, 0xf, 0x0,
    0x3, 0xc0,

    /* U+0072 "r" */
    0xf3, 0xef, 0x7e, 0xff, 0xef, 0xc2, 0xf8, 0xf,
    0x80, 0xf0, 0xf, 0x0, 0xf0, 0xf, 0x0, 0xf0,
    0xf, 0x0, 0xf0, 0xf, 0x0, 0xf0, 0xf, 0x0,
    0xf0, 0xf, 0x0, 0xf0, 0xf, 0x0, 0xf0, 0x0,

    /* U+0073 "s" */
    0xf, 0xe0, 0x3f, 0xf8, 0x7f, 0xfc, 0xf8, 0x3c,
    0xf0, 0x1e, 0xf0, 0x1e, 0xf0, 0x0, 0xf8, 0x0,
    0x7f, 0x80, 0x3f, 0xf0, 0x1f, 0xfc, 0x3, 0xfe,
    0x0, 0x3f, 0x0, 0xf, 0xe0, 0xf, 0xf0, 0xf,
    0x70, 0x1f, 0x7c, 0x3e, 0x3f, 0xfe, 0x1f, 0xf8,
    0x7, 0xf0,

    /* U+0074 "t" */
    0x4, 0xe, 0xf, 0x7, 0x83, 0xc1, 0xe0, 0xf1,
    0xff, 0xff, 0xff, 0xcf, 0x7, 0x83, 0xc1, 0xe0,
    0xf0, 0x78, 0x3c, 0x1e, 0xf, 0x7, 0x83, 0xc1,
    0xe0, 0xf0, 0x78, 0x3c, 0x1f, 0xc7, 0xe1, 0xf0,

    /* U+0075 "u" */
    0xf0, 0x7, 0xf8, 0x3, 0xfc, 0x1, 0xfe, 0x0,
    0xff, 0x0, 0x7f, 0x80, 0x3f, 0xc0, 0x1f, 0xe0,
    0xf, 0xf0, 0x7, 0xf8, 0x3, 0xfc, 0x1, 0xfe,
    0x0, 0xff, 0x0, 0x7f, 0x80, 0x3f, 0xc0, 0x1f,
    0xe0, 0x1f, 0xf8, 0xf, 0xbe, 0x1f, 0xdf, 0xff,
    0xe7, 0xfe, 0xf0, 0xfc, 0x78,

    /* U+0076 "v" */
    0x70, 0x1, 0xef, 0x0, 0x3d, 0xe0, 0x7, 0x1c,
    0x1, 0xe3, 0xc0, 0x38, 0x38, 0x7, 0x7, 0x1,
    0xe0, 0xf0, 0x38, 0xe, 0x7, 0x1, 0xc1, 0xe0,
    0x3c, 0x38, 0x3, 0x8f, 0x0, 0x71, 0xc0, 0xf,
    0x38, 0x0, 0xef, 0x0, 0x1d, 0xc0, 0x1, 0xf8,
    0x0, 0x3f, 0x0, 0x7, 0xc0, 0x0, 0x78, 0x0,
    0xf, 0x0,

    /* U+0077 "w" */
    0xf0, 0xf, 0x0, 0xf7, 0x0, 0xf0, 0xe, 0x70,
    0xf, 0x0, 0xe7, 0x81, 0xf8, 0xe, 0x78, 0x1f,
    0x81, 0xe3, 0x81, 0xf8, 0x1c, 0x38, 0x1f, 0x81,
    0xc3, 0xc3, 0x9c, 0x3c, 0x1c, 0x39, 0xc3, 0x81,
    0xc3, 0x9c, 0x38, 0x1c, 0x39, 0xc3, 0x80, 0xe7,
    0xe, 0x70, 0xe, 0x70, 0xe7, 0x0, 0xe7, 0xe,
    0x70, 0xf, 0x70, 0xee, 0x0, 0x7e, 0x7, 0xe0,
    0x7, 0xe0, 0x7e, 0x0, 0x7e, 0x7, 0xe0, 0x3,
    0xe0, 0x7c, 0x0, 0x3c, 0x3, 0xc0, 0x3, 0xc0,
    0x3c, 0x0,

    /* U+0078 "x" */
    0x78, 0x3, 0xc7, 0x80, 0x78, 0x78, 0x1e, 0xf,
    0x7, 0x80, 0xf1, 0xf0, 0xf, 0x3c, 0x1, 0xef,
    0x0, 0x1f, 0xc0, 0x1, 0xf8, 0x0, 0x3e, 0x0,
    0x7, 0xc0, 0x0, 0xfc, 0x0, 0x3f, 0x80, 0xf,
    0x78, 0x1, 0xe7, 0x80, 0x78, 0xf0, 0x1e, 0xf,
    0x3, 0xc0, 0xf0, 0xf0, 0x1f, 0x3c, 0x1, 0xe7,
    0x80, 0x1e,

    /* U+0079 "y" */
    0xf0, 0x1, 0xfc, 0x0, 0xf7, 0x0, 0x39, 0xe0,
    0x1e, 0x78, 0x7, 0x8e, 0x1, 0xc3, 0xc0, 0xf0,
    0xf0, 0x38, 0x1c, 0xe, 0x7, 0x87, 0x81, 0xe1,
    0xc0, 0x38, 0x70, 0xf, 0x3c, 0x1, 0xce, 0x0,
    0x73, 0x80, 0x1f, 0xc0, 0x3, 0xf0, 0x0, 0xfc,
    0x0, 0x3e, 0x0, 0x7, 0x80, 0x1, 0xe0, 0x0,
    0x70, 0x0, 0x1c, 0x0, 0xe, 0x0, 0x3, 0x80,
    0x1, 0xe0, 0x7, 0xf0, 0x1, 0xf8, 0x0, 0x7c,
    0x0, 0x0,

    /* U+007A "z" */
    0x7f, 0xff, 0xdf, 0xff, 0xf7, 0xff, 0xfc, 0x0,
    0x1e, 0x0, 0xf, 0x0, 0x7, 0x80, 0x3, 0xe0,
    0x1, 0xf0, 0x0, 0x78, 0x0, 0x3c, 0x0, 0x1e,
    0x0, 0xf, 0x0, 0x7, 0xc0, 0x3, 0xe0, 0x1,
    0xf0, 0x0, 0xf8, 0x0, 0x7c, 0x0, 0x1e, 0x0,
    0xf, 0xff, 0xff, 0xff, 0xff, 0xff, 0xff, 0xc0,

    /* U+007B "{" */
    0x1, 0xe0, 0xfc, 0x1f, 0x87, 0x80, 0xe0, 0x1c,
    0x3, 0x80, 0x70, 0xe, 0x1, 0xc0, 0x38, 0x7,
    0x0, 0xe0, 0x1c, 0x7, 0x1, 0xe0, 0xf8, 0x1c,
    0x3, 0xe0, 0x1e, 0x1, 0xc0, 0x1c, 0x3, 0x80,
    0x70, 0xe, 0x1, 0xc0, 0x38, 0x7, 0x0, 0xe0,
    0x1c, 0x3, 0x80, 0x70, 0xf, 0x0, 0xfc, 0x1f,
    0x80, 0xf0,

    /* U+007C "|" */
    0xff, 0xff, 0xff, 0xff, 0xff, 0xff, 0xff, 0xff,
    0xff, 0xff, 0xff, 0xff, 0xff, 0xf0,

    /* U+007D "}" */
    0xf0, 0x1f, 0x83, 0xf0, 0xf, 0x0, 0xe0, 0x1c,
    0x3, 0x80, 0x70, 0xe, 0x1, 0xc0, 0x38, 0x7,
    0x0, 0xe0, 0x1c, 0x1, 0xc0, 0x3c, 0x3, 0xe0,
    0x1c, 0xf, 0x83, 0xc0, 0x70, 0x1c, 0x3, 0x80,
    0x70, 0xe, 0x1, 0xc0, 0x38, 0x7, 0x0, 0xe0,
    0x1c, 0x3, 0x80, 0x70, 0x1e, 0x1f, 0x83, 0xf0,
    0x78, 0x0,

    /* U+007E "~" */
    0x1f, 0x0, 0xf, 0xf8, 0x7, 0xff, 0xc3, 0xf0,
    0xff, 0xf8, 0x7, 0xfd, 0x0, 0x3e, 0x0,

    /* U+00A0 " " */
    0x0,

    /* U+00A1 "¡" */
    0xff, 0xff, 0x0, 0x0, 0xee, 0xee, 0xee, 0xff,
    0xff, 0xff, 0xff, 0xff, 0xff, 0xff, 0xf0,

    /* U+00A2 "¢" */
    0x0, 0x7, 0x0, 0x1, 0x80, 0x0, 0x60, 0x0,
    0x38, 0x0, 0xc, 0x0, 0x3, 0x0, 0x0, 0xc0,
    0xf, 0xf0, 0xf, 0xfe, 0x7, 0xff, 0xc3, 0xe3,
    0xf9, 0xf0, 0xde, 0x78, 0x33, 0xfe, 0xc, 0xff,
    0x6, 0x3, 0xc1, 0x80, 0xf0, 0x60, 0x3c, 0x38,
    0xf, 0xc, 0x3, 0xc3, 0x0, 0xf1, 0xc1, 0xde,
    0x60, 0xf7, 0x98, 0x3d, 0xfe, 0x1e, 0x3f, 0xf,
    0x7, 0xff, 0xc0, 0xff, 0xe0, 0x1f, 0xe0, 0x6,
    0x0, 0x1, 0x80, 0x0, 0xe0, 0x0, 0x38, 0x0,
    0xc, 0x0, 0x3, 0x0, 0x1, 0xc0, 0x0,

    /* U+00A3 "£" */
    0x1, 0xfc, 0x0, 0x7f, 0xf0, 0xf, 0xff, 0x81,
    0xf8, 0x7c, 0x1e, 0x1, 0xe3, 0xc0, 0x1e, 0x3c,
    0x0, 0xe3, 0xc0, 0x0, 0x3c, 0x0, 0x3, 0xc0,
    0x0, 0x3e, 0x0, 0x1, 0xe0, 0x0, 0xff, 0xf8,
    0xf, 0xff, 0x80, 0xff, 0xf8, 0x0, 0xf0, 0x0,
    0xf, 0x0, 0x0, 0xf0, 0x0, 0xf, 0x0, 0x0,
    0xe0, 0x0, 0x1e, 0x0, 0x1, 0xc0, 0x0, 0x38,
    0x0, 0x3, 0x7c, 0x0, 0xff, 0xf8, 0x6f, 0xff,
    0xff, 0xf0, 0x3f, 0xf4, 0x0, 0x7c,

    /* U+00A4 "¤" */
    0x60, 0x1, 0xbc, 0xfc, 0xff, 0xff, 0xfd, 0xff,
    0xfe, 0x3e, 0x1f, 0xe, 0x1, 0xc7, 0x80, 0x79,
    0xc0, 0xe, 0x70, 0x3, 0x9c, 0x0, 0xe7, 0x0,
    0x39, 0xe0, 0x1e, 0x38, 0x7, 0xf, 0x87, 0xc7,
    0xff, 0xfb, 0xff, 0xff, 0xf3, 0xf3, 0xd8, 0x0,
    0x60,

    /* U+00A5 "¥" */
    0xf0, 0x0, 0x7b, 0xc0, 0x3, 0x9e, 0x0, 0x3c,
    0x78, 0x1, 0xc3, 0xc0, 0x1e, 0xf, 0x1, 0xe0,
    0x3c, 0xf, 0x1, 0xe0, 0xf0, 0x7, 0x87, 0x80,
    0x3c, 0x78, 0x0, 0xf3, 0xc0, 0x3, 0xfc, 0x0,
    0x1f, 0xc0, 0x3f, 0xff, 0xf9, 0xff, 0xff, 0xcf,
    0xff, 0xfe, 0x0, 0x78, 0x0, 0x3, 0xc0, 0x0,
    0x1e, 0x0, 0xff, 0xff, 0xe7, 0xff, 0xff, 0x3f,
    0xff, 0xf8, 0x1, 0xe0, 0x0, 0xf, 0x0, 0x0,
    0x78, 0x0, 0x3, 0xc0, 0x0, 0x1e, 0x0, 0x0,
    0xf0, 0x0,

    /* U+00A6 "¦" */
    0xff, 0xff, 0xff, 0xff, 0xff, 0xf8, 0x0, 0x1,
    0xff, 0xff, 0xff, 0xff, 0xff, 0xf0,

    /* U+00A7 "§" */
    0x7, 0xf0, 0x7, 0xff, 0x3, 0xff, 0xe0, 0xf8,
    0x7c, 0x78, 0xf, 0x1e, 0x3, 0xc7, 0x80, 0xf9,
    0xf0, 0x0, 0x3c, 0x0, 0x7, 0xc0, 0x0, 0xf8,
    0x0, 0xff, 0x80, 0x7b, 0xf8, 0x1c, 0x3f, 0xe,
    0x7, 0xf3, 0x80, 0x7e, 0xe0, 0xf, 0xbc, 0x0,
    0xf7, 0x0, 0x3d, 0xf0, 0x7, 0x3e, 0x1, 0xc7,
    0xe0, 0x70, 0x7c, 0x38, 0xf, 0xdc, 0x0, 0xfc,
    0x0, 0x1f, 0x80, 0x1, 0xf0, 0x0, 0x3c, 0x0,
    0x7, 0x9e, 0x1, 0xe7, 0x80, 0x78, 0xf0, 0x3e,
    0x3e, 0x1f, 0x7, 0xff, 0xc0, 0xff, 0xe0, 0xf,
    0xe0,

    /* U+00A8 "¨" */
    0xf1, 0xfe, 0x3f, 0xc7, 0xf8, 0xf0,

    /* U+00A9 "©" */
    0x0, 0x1f, 0xc0, 0x0, 0x7, 0xff, 0xc0, 0x0,
    0xff, 0xff, 0x80, 0xf, 0xc0, 0x7e, 0x0, 0xf0,
    0x0, 0x78, 0xf, 0x0, 0x1, 0xe0, 0xe0, 0x3f,
    0x7, 0x87, 0x7, 0xfe, 0x1c, 0x70, 0x78, 0x78,
    0x73, 0x7, 0x80, 0xc1, 0x98, 0x38, 0x6, 0xd,
    0x83, 0x80, 0x0, 0x3c, 0x1c, 0x0, 0x1, 0xe0,
    0xe0, 0x0, 0xf, 0x7, 0x0, 0x0, 0x78, 0x38,
    0x0, 0x3, 0xc1, 0xc0, 0x0, 0x1e, 0xf, 0x0,
    0xe0, 0xd8, 0x38, 0xe, 0xc, 0xc1, 0xf0, 0xf0,
    0x67, 0x7, 0xff, 0x7, 0x1c, 0x1f, 0xf0, 0x70,
    0xf0, 0x3f, 0x7, 0x83, 0xc0, 0x0, 0x78, 0xf,
    0x0, 0x7, 0x80, 0x3f, 0x1, 0xf8, 0x0, 0xff,
    0xff, 0x80, 0x1, 0xff, 0xf0, 0x0, 0x1, 0xfc,
    0x0, 0x0,

    /* U+00AA "ª" */
    0x1f, 0xc1, 0xff, 0x1c, 0x3c, 0xe0, 0xe0, 0x7,
    0x0, 0xf8, 0xff, 0xcf, 0xee, 0xf0, 0x77, 0x3,
    0xb8, 0x3d, 0xe3, 0xe7, 0xff, 0x1f, 0x1c,

    /* U+00AB "«" */
    0x7, 0x7, 0x7, 0xe, 0xe, 0x1c, 0x1c, 0x1c,
    0x3c, 0x38, 0x38, 0x78, 0x78, 0xf0, 0xf0, 0xe0,
    0xe1, 0xe0, 0xf0, 0xe0, 0x78, 0xf0, 0x38, 0x78,
    0x3c, 0x38, 0x1c, 0x1c, 0xe, 0x1c, 0x7, 0xe,
    0x7, 0x7,

    /* U+00AC "¬" */
    0xff, 0xff, 0xff, 0xff, 0xff, 0xff, 0xfc, 0x0,
    0x7, 0x0, 0x1, 0xc0, 0x0, 0x70, 0x0, 0x1c,
    0x0, 0x7, 0x0, 0x1, 0xc0, 0x0, 0x70, 0x0,
    0x1c, 0x0, 0x7,

    /* U+00AD "­" */
    0xff, 0xff, 0xff, 0xff, 0x80,

    /* U+00AE "®" */
    0x0, 0x1f, 0xc0, 0x0, 0x7, 0xff, 0xc0, 0x0,
    0xff, 0xff, 0x80, 0xf, 0xc0, 0x7e, 0x0, 0xf0,
    0x0, 0x78, 0xf, 0x0, 0x1, 0xe0, 0xe0, 0x0,
    0x7, 0x87, 0x1f, 0xf0, 0x1c, 0x70, 0xff, 0xe0,
    0x73, 0x7, 0x7, 0x81, 0x98, 0x38, 0x1c, 0xd,
    0x81, 0xc0, 0xe0, 0x3c, 0xe, 0x7, 0x1, 0xe0,
    0x70, 0x70, 0xf, 0x3, 0xff, 0x80, 0x78, 0x1f,
    0xf0, 0x3, 0xc0, 0xe3, 0x80, 0x1e, 0x7, 0xe,
    0x0, 0xd8, 0x38, 0x38, 0xc, 0xc1, 0xc1, 0xc0,
    0x67, 0xe, 0x7, 0x7, 0x1c, 0x70, 0x3c, 0x70,
    0xf0, 0x0, 0x7, 0x83, 0xc0, 0x0, 0x78, 0xf,
    0x0, 0x7, 0x80, 0x3f, 0x1, 0xf8, 0x0, 0xff,
    0xff, 0x80, 0x1, 0xff, 0xf0, 0x0, 0x1, 0xfc,
    0x0, 0x0,

    /* U+00AF "¯" */
    0xff, 0xff, 0xff, 0xff, 0xff, 0xff, 0xff, 0xff,
    0xf8,

    /* U+00B0 "°" */
    0x1f, 0x7, 0xf1, 0xc7, 0x70, 0x7c, 0x7, 0x80,
    0xf0, 0x1f, 0x7, 0x71, 0xc7, 0xf0, 0x7c, 0x0,

    /* U+00B1 "±" */
    0x0, 0xe0, 0x0, 0x38, 0x0, 0xe, 0x0, 0x3,
    0x80, 0x0, 0xe0, 0x0, 0x38, 0x0, 0xe, 0x3,
    0xff, 0xff, 0xff, 0xff, 0xff, 0xff, 0xf0, 0xe,
    0x0, 0x3, 0x80, 0x0, 0xe0, 0x0, 0x38, 0x0,
    0xe, 0x0, 0x3, 0x80, 0x0, 0xe0, 0x0, 0x38,
    0x0, 0x0, 0x0, 0x0, 0x0, 0xff, 0xff, 0xff,
    0xff, 0xff, 0xff, 0xfc,

    /* U+00B2 "²" */
    0x1f, 0xc3, 0xfe, 0x70, 0xf7, 0x7, 0x0, 0x70,
    0xf, 0x1, 0xe0, 0x3c, 0x7, 0x81, 0xf0, 0x3e,
    0x7, 0x80, 0x7f, 0xff, 0xff,

    /* U+00B3 "³" */
    0x1f, 0x87, 0xfc, 0x71, 0xe2, 0xe, 0x1, 0xe0,
    0x78, 0x7, 0xc0, 0xe, 0x0, 0x70, 0x7, 0xe0,
    0x77, 0xe, 0x7f, 0xe1, 0xf8,

    /* U+00B4 "´" */
    0x3e, 0x79, 0xe3, 0x8e, 0x0,

    /* U+00B5 "µ" */
    0xf0, 0x7, 0xf8, 0x3, 0xfc, 0x1, 0xfe, 0x0,
    0xff, 0x0, 0x7f, 0x80, 0x3f, 0xc0, 0x1f, 0xe0,
    0xf, 0xf0, 0x7, 0xf8, 0x3, 0xfc, 0x1, 0xfe,
    0x0, 0xff, 0x0, 0x7f, 0x80, 0x3f, 0xc0, 0x1f,
    0xf0, 0x1f, 0xf8, 0xf, 0xfe, 0x1f, 0xff, 0xff,
    0xfe, 0xfe, 0xff, 0x3e, 0x7f, 0x80, 0x3, 0xc0,
    0x1, 0xe0, 0x0, 0xf0, 0x0, 0x78, 0x0, 0x3c,
    0x0, 0x1e, 0x0, 0xf, 0x0, 0x0,

    /* U+00B6 "¶" */
    0x3, 0xff, 0xfc, 0x3f, 0xff, 0xf3, 0xff, 0xff,
    0xcf, 0xf8, 0x38, 0x7f, 0xe0, 0xe1, 0xff, 0x83,
    0x87, 0xfe, 0xe, 0x3f, 0xf8, 0x38, 0x7f, 0xe0,
    0xe1, 0xff, 0x83, 0x87, 0xfe, 0xe, 0x1f, 0xf8,
    0x38, 0x3f, 0xe0, 0xe0, 0x7f, 0x83, 0x80, 0xfe,
    0xe, 0x0, 0xf8, 0x38, 0x0, 0xe0, 0xe0, 0x3,
    0x83, 0x80, 0xe, 0xe, 0x0, 0x38, 0x38, 0x0,
    0xe0, 0xe0, 0x3, 0x83, 0x80, 0xe, 0xe, 0x0,
    0x38, 0x38, 0x0, 0xe0, 0xe0, 0x3, 0x83, 0x80,
    0xe, 0xe, 0x0, 0x38, 0x38, 0x0, 0xe0, 0xe0,
    0x3, 0x83, 0x80, 0xe, 0xe, 0x0, 0x38, 0x38,
    0x0, 0xe0, 0xe0, 0x3, 0x83, 0x80, 0xe, 0xe,
    0x0, 0x38, 0x38,

    /* U+00B7 "·" */
    0xff, 0xff,

    /* U+00B8 "¸" */
    0x18, 0x38, 0x3e, 0x7, 0xf, 0xff, 0xfe, 0xfc,

    /* U+00B9 "¹" */
    0x7, 0xf, 0x1f, 0xff, 0xf7, 0x87, 0x7, 0x7,
    0x7, 0x7, 0x7, 0x7, 0x7, 0x7,

    /* U+00BA "º" */
    0xf, 0x81, 0xff, 0x1e, 0x3c, 0xe0, 0xee, 0x3,
    0xf0, 0x1f, 0x80, 0xfc, 0x7, 0xe0, 0x3f, 0x1,
    0xdc, 0x1c, 0xf1, 0xe3, 0xfe, 0x7, 0xc0,

    /* U+00BB "»" */
    0xe1, 0xc0, 0x70, 0xe0, 0x70, 0x70, 0x38, 0x70,
    0x3c, 0x38, 0x1c, 0x3c, 0x1e, 0x1e, 0xf, 0x1e,
    0x7, 0x8f, 0xf, 0x1e, 0x1e, 0x1e, 0x1c, 0x3c,
    0x3c, 0x38, 0x38, 0x70, 0x70, 0x70, 0x70, 0xe0,
    0xe1, 0xc0,

    /* U+00BC "¼" */
    0x7, 0x0, 0x0, 0xe0, 0x1e, 0x0, 0x3, 0xc0,
    0x7c, 0x0, 0x7, 0x3, 0xf8, 0x0, 0x1c, 0xf,
    0x70, 0x0, 0x70, 0x18, 0xe0, 0x0, 0xe0, 0x1,
    0xc0, 0x3, 0x80, 0x3, 0x80, 0xe, 0x0, 0x7,
    0x0, 0x3c, 0x0, 0xe, 0x0, 0x70, 0x0, 0x1c,
    0x1, 0xc0, 0x0, 0x38, 0x7, 0x0, 0x0, 0x70,
    0xe, 0x0, 0x0, 0xe0, 0x38, 0x0, 0x0, 0x0,
    0xe0, 0x0, 0x0, 0x3, 0xc0, 0x1c, 0x0, 0x7,
    0x0, 0x78, 0x0, 0x1c, 0x1, 0xf0, 0x0, 0x70,
    0x7, 0xe0, 0x0, 0xe0, 0x1f, 0xc0, 0x3, 0x80,
    0x3b, 0x80, 0xe, 0x0, 0xe7, 0x0, 0x3c, 0x3,
    0x8e, 0x0, 0x70, 0xe, 0x1c, 0x1, 0xc0, 0x1f,
    0xfe, 0x7, 0x0, 0x3f, 0xfc, 0xe, 0x0, 0x0,
    0xe0, 0x38, 0x0, 0x1, 0xc0, 0xe0, 0x0, 0x3,
    0x83, 0xc0, 0x0, 0x0, 0x0,

    /* U+00BD "½" */
    0x7, 0x0, 0x1, 0xc0, 0x3c, 0x0, 0x7, 0x1,
    0xf0, 0x0, 0x38, 0x1f, 0xc0, 0x1, 0xc0, 0xf7,
    0x0, 0xe, 0x3, 0x1c, 0x0, 0x38, 0x0, 0x70,
    0x1, 0xc0, 0x1, 0xc0, 0xe, 0x0, 0x7, 0x0,
    0x38, 0x0, 0x1c, 0x1, 0xc0, 0x0, 0x70, 0xe,
    0x0, 0x1, 0xc0, 0x38, 0x0, 0x7, 0x1, 0xc0,
    0x0, 0x1c, 0xe, 0x0, 0x0, 0x0, 0x78, 0x3f,
    0x0, 0x1, 0xc3, 0xfe, 0x0, 0xe, 0xf, 0xfc,
    0x0, 0x70, 0x78, 0xf0, 0x1, 0xc1, 0xc1, 0xc0,
    0xe, 0x0, 0x7, 0x0, 0x70, 0x0, 0x38, 0x1,
    0xc0, 0x1, 0xc0, 0xe, 0x0, 0xe, 0x0, 0x70,
    0x0, 0x70, 0x3, 0xc0, 0x3, 0x80, 0xe, 0x0,
    0x18, 0x0, 0x70, 0x0, 0xff, 0xc3, 0xc0, 0x7,
    0xff, 0xe, 0x0, 0x1f, 0xfc, 0x70, 0x0, 0x0,
    0x0,

    /* U+00BE "¾" */
    0x1f, 0x80, 0x0, 0xe0, 0x3f, 0xc0, 0x0, 0xe0,
    0x7f, 0xe0, 0x1, 0xc0, 0x71, 0xe0, 0x3, 0x80,
    0xe0, 0xe0, 0x3, 0x80, 0x0, 0xe0, 0x7, 0x0,
    0x1, 0xc0, 0xe, 0x0, 0x7, 0x80, 0xe, 0x0,
    0x7, 0xc0, 0x1c, 0x0, 0x0, 0xf0, 0x38, 0x0,
    0x0, 0x70, 0x38, 0x0, 0xe0, 0x70, 0x70, 0x0,
    0xf0, 0xf0, 0xe0, 0x0, 0x7f, 0xe0, 0xe0, 0x0,
    0x1f, 0x81, 0xc0, 0x0, 0x0, 0x3, 0x80, 0x38,
    0x0, 0x3, 0x80, 0x78, 0x0, 0x7, 0x0, 0x78,
    0x0, 0xe, 0x0, 0xf8, 0x0, 0xe, 0x1, 0xf8,
    0x0, 0x1c, 0x3, 0xb8, 0x0, 0x38, 0x3, 0xb8,
    0x0, 0x38, 0x7, 0x38, 0x0, 0x70, 0xe, 0x38,
    0x0, 0xe0, 0x1c, 0x38, 0x1, 0xe0, 0x1f, 0xff,
    0x1, 0xc0, 0x1f, 0xff, 0x3, 0x80, 0x0, 0x38,
    0x7, 0x0, 0x0, 0x38, 0x7, 0x0, 0x0, 0x38,
    0xe, 0x0, 0x0, 0x0,

    /* U+00BF "¿" */
    0x1, 0xe0, 0x0, 0x78, 0x0, 0x1e, 0x0, 0x7,
    0x80, 0x0, 0x0, 0x0, 0x0, 0x0, 0x0, 0x0,
    0x7, 0x80, 0x1, 0xe0, 0x0, 0x78, 0x0, 0x1e,
    0x0, 0xf, 0x0, 0x7, 0xc0, 0x3, 0xe0, 0x1,
    0xf8, 0x0, 0xfc, 0x0, 0x3e, 0x0, 0x1f, 0x0,
    0xf, 0x80, 0x3, 0xc0, 0x0, 0xf0, 0x3, 0xbc,
    0x0, 0xff, 0x0, 0x3f, 0xe0, 0xe, 0x7c, 0x7,
    0x9f, 0x87, 0xc3, 0xff, 0xf0, 0x7f, 0xf0, 0x3,
    0xf0, 0x0,

    /* U+00C0 "À" */
    0x0, 0x78, 0x0, 0x0, 0xf, 0x0, 0x0, 0x1,
    0xc0, 0x0, 0x0, 0x38, 0x0, 0x0, 0xe, 0x0,
    0x0, 0x0, 0x0, 0x0, 0x0, 0x0, 0x0, 0x0,
    0xf8, 0x0, 0x0, 0x3e, 0x0, 0x0, 0xf, 0xc0,
    0x0, 0x7, 0x70, 0x0, 0x1, 0xdc, 0x0, 0x0,
    0x77, 0x80, 0x0, 0x3c, 0xe0, 0x0, 0xe, 0x3c,
    0x0, 0x7, 0x87, 0x0, 0x1, 0xe1, 0xe0, 0x0,
    0x70, 0x78, 0x0, 0x3c, 0xe, 0x0, 0xe, 0x3,
    0xc0, 0x7, 0x80, 0x70, 0x1, 0xe0, 0x1e, 0x0,
    0x70, 0x7, 0x80, 0x3f, 0xff, 0xe0, 0xf, 0xff,
    0xfc, 0x3, 0xff, 0xff, 0x1, 0xe0, 0x1, 0xe0,
    0x70, 0x0, 0x78, 0x3c, 0x0, 0xe, 0xf, 0x0,
    0x3, 0xc3, 0x80, 0x0, 0xf1, 0xe0, 0x0, 0x1e,
    0x78, 0x0, 0x7, 0xbc, 0x0, 0x1, 0xef, 0x0,
    0x0, 0x3c,

    /* U+00C1 "Á" */
    0x0, 0x7, 0x80, 0x0, 0x3, 0xc0, 0x0, 0x0,
    0xe0, 0x0, 0x0, 0x70, 0x0, 0x0, 0x1c, 0x0,
    0x0, 0x0, 0x0, 0x0, 0x0, 0x0, 0x0, 0x0,
    0xf8, 0x0, 0x0, 0x3e, 0x0, 0x0, 0xf, 0xc0,
    0x0, 0x7, 0x70, 0x0, 0x1, 0xdc, 0x0, 0x0,
    0x77, 0x80, 0x0, 0x3c, 0xe0, 0x0, 0xe, 0x3c,
    0x0, 0x7, 0x87, 0x0, 0x1, 0xe1, 0xe0, 0x0,
    0x70, 0x78, 0x0, 0x3c, 0xe, 0x0, 0xe, 0x3,
    0xc0, 0x7, 0x80, 0x70, 0x1, 0xe0, 0x1e, 0x0,
    0x70, 0x7, 0x80, 0x3f, 0xff, 0xe0, 0xf, 0xff,
    0xfc, 0x3, 0xff, 0xff, 0x1, 0xe0, 0x1, 0xe0,
    0x70, 0x0, 0x78, 0x3c, 0x0, 0xe, 0xf, 0x0,
    0x3, 0xc3, 0x80, 0x0, 0xf1, 0xe0, 0x0, 0x1e,
    0x78, 0x0, 0x7, 0xbc, 0x0, 0x1, 0xef, 0x0,
    0x0, 0x3c,

    /* U+00C2 "Â" */
    0x0, 0x1c, 0x0, 0x0, 0xf, 0x80, 0x0, 0x7,
    0xf0, 0x0, 0x3, 0xde, 0x0, 0x0, 0xe3, 0x80,
    0x0, 0x78, 0xf0, 0x0, 0x0, 0x0, 0x0, 0x0,
    0x0, 0x0, 0x0, 0x3e, 0x0, 0x0, 0xf, 0x80,
    0x0, 0x3, 0xf0, 0x0, 0x1, 0xdc, 0x0, 0x0,
    0x77, 0x0, 0x0, 0x1d, 0xe0, 0x0, 0xf, 0x38,
    0x0, 0x3, 0x8f, 0x0, 0x1, 0xe1, 0xc0, 0x0,
    0x78, 0x78, 0x0, 0x1c, 0x1e, 0x0, 0xf, 0x3,
    0x80, 0x3, 0x80, 0xf0, 0x1, 0xe0, 0x1c, 0x0,
    0x78, 0x7, 0x80, 0x1c, 0x1, 0xe0, 0xf, 0xff,
    0xf8, 0x3, 0xff, 0xff, 0x0, 0xff, 0xff, 0xc0,
    0x78, 0x0, 0x78, 0x1c, 0x0, 0x1e, 0xf, 0x0,
    0x3, 0x83, 0xc0, 0x0, 0xf0, 0xe0, 0x0, 0x3c,
    0x78, 0x0, 0x7, 0x9e, 0x0, 0x1, 0xef, 0x0,
    0x0, 0x7b, 0xc0, 0x0, 0xf,

    /* U+00C3 "Ã" */
    0x0, 0x78, 0x60, 0x0, 0x3f, 0x18, 0x0, 0x1f,
    0xfe, 0x0, 0x7, 0x1f, 0x80, 0x1, 0xc3, 0xc0,
    0x0, 0x0, 0x0, 0x0, 0x0, 0x0, 0x0, 0x0,
    0x78, 0x0, 0x0, 0x1f, 0x0, 0x0, 0xf, 0xc0,
    0x0, 0x3, 0xf8, 0x0, 0x0, 0xee, 0x0, 0x0,
    0x7b, 0x80, 0x0, 0x1c, 0xf0, 0x0, 0xf, 0x1c,
    0x0, 0x3, 0xc7, 0x0, 0x0, 0xe1, 0xe0, 0x0,
    0x78, 0x38, 0x0, 0x1c, 0xf, 0x0, 0xf, 0x3,
    0xc0, 0x3, 0xc0, 0x70, 0x0, 0xe0, 0x1e, 0x0,
    0x78, 0x3, 0x80, 0x1f, 0xff, 0xf0, 0xf, 0xff,
    0xfc, 0x3, 0xff, 0xff, 0x0, 0xe0, 0x1, 0xe0,
    0x78, 0x0, 0x78, 0x1e, 0x0, 0xf, 0xf, 0x0,
    0x3, 0xc3, 0xc0, 0x0, 0xf0, 0xe0, 0x0, 0x1e,
    0x78, 0x0, 0x7, 0x9e, 0x0, 0x1, 0xf7, 0x0,
    0x0, 0x3c,

    /* U+00C4 "Ä" */
    0x1, 0xe3, 0xc0, 0x0, 0x78, 0xf0, 0x0, 0x1e,
    0x3c, 0x0, 0x7, 0x8f, 0x0, 0x0, 0x0, 0x0,
    0x0, 0x0, 0x0, 0x0, 0x1, 0xe0, 0x0, 0x0,
    0xf8, 0x0, 0x0, 0x3e, 0x0, 0x0, 0x1d, 0xc0,
    0x0, 0x7, 0x70, 0x0, 0x1, 0xde, 0x0, 0x0,
    0xf3, 0x80, 0x0, 0x38, 0xf0, 0x0, 0x1e, 0x1c,
    0x0, 0x7, 0x7, 0x0, 0x1, 0xc1, 0xe0, 0x0,
    0xf0, 0x38, 0x0, 0x38, 0xf, 0x0, 0x1e, 0x1,
    0xc0, 0x7, 0x0, 0x70, 0x1, 0xc0, 0x1e, 0x0,
    0xff, 0xff, 0x80, 0x3f, 0xff, 0xf0, 0x1f, 0xff,
    0xfc, 0x7, 0x80, 0x7, 0x81, 0xc0, 0x1, 0xe0,
    0xf0, 0x0, 0x38, 0x3c, 0x0, 0xf, 0x1e, 0x0,
    0x3, 0xc7, 0x80, 0x0, 0x79, 0xe0, 0x0, 0x1e,
    0xf0, 0x0, 0x7, 0xfc, 0x0, 0x0, 0xf0,

    /* U+00C5 "Å" */
    0x0, 0x1c, 0x0, 0x0, 0x8, 0x80, 0x0, 0x4,
    0x10, 0x0, 0x1, 0x4, 0x0, 0x0, 0x41, 0x0,
    0x0, 0x8, 0x80, 0x0, 0x3, 0xe0, 0x0, 0x0,
    0xfc, 0x0, 0x0, 0x7f, 0x0, 0x0, 0x1d, 0xc0,
    0x0, 0xf, 0x78, 0x0, 0x3, 0xde, 0x0, 0x0,
    0xe3, 0xc0, 0x0, 0x78, 0xf0, 0x0, 0x1e, 0x3c,
    0x0, 0x7, 0x7, 0x80, 0x3, 0xc1, 0xe0, 0x0,
    0xf0, 0x3c, 0x0, 0x78, 0xf, 0x0, 0x1e, 0x3,
    0xc0, 0x7, 0x0, 0x78, 0x3, 0xc0, 0x1e, 0x0,
    0xff, 0xff, 0xc0, 0x3f, 0xff, 0xf0, 0x1f, 0xff,
    0xfc, 0x7, 0x80, 0x7, 0x81, 0xc0, 0x1, 0xe0,
    0xf0, 0x0, 0x78, 0x3c, 0x0, 0xf, 0x1e, 0x0,
    0x3, 0xc7, 0x80, 0x0, 0x79, 0xe0, 0x0, 0x1e,
    0xf0, 0x0, 0x7, 0xbc, 0x0, 0x0, 0xf0,

    /* U+00C6 "Æ" */
    0x0, 0x3, 0xff, 0xff, 0xf8, 0x0, 0x1f, 0xff,
    0xff, 0xe0, 0x0, 0x7f, 0xff, 0xff, 0x80, 0x3,
    0xc7, 0x80, 0x0, 0x0, 0xf, 0x1e, 0x0, 0x0,
    0x0, 0x78, 0x78, 0x0, 0x0, 0x1, 0xe1, 0xe0,
    0x0, 0x0, 0xf, 0x7, 0x80, 0x0, 0x0, 0x3c,
    0x1e, 0x0, 0x0, 0x1, 0xe0, 0x78, 0x0, 0x0,
    0x7, 0x81, 0xe0, 0x0, 0x0, 0x3c, 0x7, 0x80,
    0x0, 0x0, 0xf0, 0x1f, 0xff, 0xf0, 0x7, 0x80,
    0x7f, 0xff, 0xc0, 0x1e, 0x1, 0xff, 0xff, 0x0,
    0xf0, 0x7, 0x80, 0x0, 0x3, 0xc0, 0x1e, 0x0,
    0x0, 0x1f, 0xff, 0xf8, 0x0, 0x0, 0x7f, 0xff,
    0xe0, 0x0, 0x3, 0xff, 0xff, 0x80, 0x0, 0xf,
    0x0, 0x1e, 0x0, 0x0, 0x3c, 0x0, 0x78, 0x0,
    0x1, 0xe0, 0x1, 0xe0, 0x0, 0x7, 0x80, 0x7,
    0x80, 0x0, 0x3c, 0x0, 0x1e, 0x0, 0x0, 0xf0,
    0x0, 0x7f, 0xff, 0xf7, 0x80, 0x1, 0xff, 0xff,
    0xde, 0x0, 0x7, 0xff, 0xff,

    /* U+00C7 "Ç" */
    0x0, 0x7f, 0x80, 0x0, 0xff, 0xf0, 0x1, 0xff,
    0xfe, 0x1, 0xf8, 0x1f, 0x81, 0xf0, 0x3, 0xe1,
    0xf0, 0x0, 0xf0, 0xf0, 0x0, 0x3c, 0xf0, 0x0,
    0x1e, 0x78, 0x0, 0x8, 0x7c, 0x0, 0x0, 0x3c,
    0x0, 0x0, 0x1e, 0x0, 0x0, 0xf, 0x0, 0x0,
    0x7, 0x80, 0x0, 0x3, 0xc0, 0x0, 0x1, 0xe0,
    0x0, 0x0, 0xf0, 0x0, 0x0, 0x78, 0x0, 0x0,
    0x1e, 0x0, 0x1, 0x8f, 0x0, 0x0, 0xe7, 0x80,
    0x0, 0xf1, 0xe0, 0x0, 0x78, 0xf8, 0x0, 0x78,
    0x3e, 0x0, 0x7c, 0xf, 0xc0, 0xfc, 0x3, 0xff,
    0xfc, 0x0, 0xff, 0xf8, 0x0, 0xf, 0xf0, 0x0,
    0x1, 0x80, 0x0, 0x1, 0xe0, 0x0, 0x0, 0x78,
    0x0, 0x0, 0xe, 0x0, 0x0, 0xf, 0x0, 0x0,
    0x7f, 0x80, 0x0, 0x3f, 0x80, 0x0, 0x1f, 0x0,
    0x0,

    /* U+00C8 "È" */
    0x1, 0xe0, 0x0, 0xf, 0x0, 0x0, 0x3c, 0x0,
    0x0, 0xe0, 0x0, 0x3, 0x80, 0x0, 0x0, 0x0,
    0x0, 0x0, 0x1f, 0xff, 0xfe, 0xff, 0xff, 0xf7,
    0xff, 0xff, 0xbc, 0x0, 0x1, 0xe0, 0x0, 0xf,
    0x0, 0x0, 0x78, 0x0, 0x3, 0xc0, 0x0, 0x1e,
    0x0, 0x0, 0xf0, 0x0, 0x7, 0x80, 0x0, 0x3c,
    0x0, 0x1, 0xff, 0xff, 0xcf, 0xff, 0xfe, 0x7f,
    0xff, 0xf3, 0xc0, 0x0, 0x1e, 0x0, 0x0, 0xf0,
    0x0, 0x7, 0x80, 0x0, 0x3c, 0x0, 0x1, 0xe0,
    0x0, 0xf, 0x0, 0x0, 0x78, 0x0, 0x3, 0xc0,
    0x0, 0x1e, 0x0, 0x0, 0xff, 0xff, 0xff, 0xff,
    0xff, 0xff, 0xff, 0xfe,

    /* U+00C9 "É" */
    0x0, 0x3c, 0x0, 0x1, 0xc0, 0x0, 0x1e, 0x0,
    0x0, 0xe0, 0x0, 0xe, 0x0, 0x0, 0x0, 0x0,
    0x0, 0x0, 0x1f, 0xff, 0xfe, 0xff, 0xff, 0xf7,
    0xff, 0xff, 0xbc, 0x0, 0x1, 0xe0, 0x0, 0xf,
    0x0, 0x0, 0x78, 0x0, 0x3, 0xc0, 0x0, 0x1e,
    0x0, 0x0, 0xf0, 0x0, 0x7, 0x80, 0x0, 0x3c,
    0x0, 0x1, 0xff, 0xff, 0xcf, 0xff, 0xfe, 0x7f,
    0xff, 0xf3, 0xc0, 0x0, 0x1e, 0x0, 0x0, 0xf0,
    0x0, 0x7, 0x80, 0x0, 0x3c, 0x0, 0x1, 0xe0,
    0x0, 0xf, 0x0, 0x0, 0x78, 0x0, 0x3, 0xc0,
    0x0, 0x1e, 0x0, 0x0, 0xff, 0xff, 0xff, 0xff,
    0xff, 0xff, 0xff, 0xfe,

    /* U+00CA "Ê" */
    0x0, 0x70, 0x0, 0x7, 0xc0, 0x0, 0x7f, 0x0,
    0x7, 0xb8, 0x0, 0x38, 0xe0, 0x3, 0xc7, 0x80,
    0x0, 0x0, 0x0, 0x0, 0x0, 0xff, 0xff, 0xf7,
    0xff, 0xff, 0xbf, 0xff, 0xfd, 0xe0, 0x0, 0xf,
    0x0, 0x0, 0x78, 0x0, 0x3, 0xc0, 0x0, 0x1e,
    0x0, 0x0, 0xf0, 0x0, 0x7, 0x80, 0x0, 0x3c,
    0x0, 0x1, 0xe0, 0x0, 0xf, 0xff, 0xfe, 0x7f,
    0xff, 0xf3, 0xff, 0xff, 0x9e, 0x0, 0x0, 0xf0,
    0x0, 0x7, 0x80, 0x0, 0x3c, 0x0, 0x1, 0xe0,
    0x0, 0xf, 0x0, 0x0, 0x78, 0x0, 0x3, 0xc0,
    0x0, 0x1e, 0x0, 0x0, 0xf0, 0x0, 0x7, 0xff,
    0xff, 0xff, 0xff, 0xff, 0xff, 0xff, 0xf0,

    /* U+00CB "Ë" */
    0x7, 0x8f, 0x0, 0x3c, 0x78, 0x1, 0xe3, 0xc0,
    0xf, 0x1e, 0x0, 0x0, 0x0, 0x0, 0x0, 0x3,
    0xff, 0xff, 0xdf, 0xff, 0xfe, 0xff, 0xff, 0xf7,
    0x80, 0x0, 0x3c, 0x0, 0x1, 0xe0, 0x0, 0xf,
    0x0, 0x0, 0x78, 0x0, 0x3, 0xc0, 0x0, 0x1e,
    0x0, 0x0, 0xf0, 0x0, 0x7, 0x80, 0x0, 0x3f,
    0xff, 0xf9, 0xff, 0xff, 0xcf, 0xff, 0xfe, 0x78,
    0x0, 0x3, 0xc0, 0x0, 0x1e, 0x0, 0x0, 0xf0,
    0x0, 0x7, 0x80, 0x0, 0x3c, 0x0, 0x1, 0xe0,
    0x0, 0xf, 0x0, 0x0, 0x78, 0x0, 0x3, 0xc0,
    0x0, 0x1f, 0xff, 0xff, 0xff, 0xff, 0xff, 0xff,
    0xff, 0xc0,

    /* U+00CC "Ì" */
    0x78, 0x3c, 0x1c, 0xe, 0xf, 0x0, 0x0, 0x1e,
    0x1e, 0x1e, 0x1e, 0x1e, 0x1e, 0x1e, 0x1e, 0x1e,
    0x1e, 0x1e, 0x1e, 0x1e, 0x1e, 0x1e, 0x1e, 0x1e,
    0x1e, 0x1e, 0x1e, 0x1e, 0x1e, 0x1e, 0x1e, 0x1e,
    0x1e, 0x1e, 0x1e,

    /* U+00CD "Í" */
    0x3e, 0x79, 0xe3, 0x8e, 0x0, 0x0, 0x3c, 0x78,
    0xf1, 0xe3, 0xc7, 0x8f, 0x1e, 0x3c, 0x78, 0xf1,
    0xe3, 0xc7, 0x8f, 0x1e, 0x3c, 0x78, 0xf1, 0xe3,
    0xc7, 0x8f, 0x1e, 0x3c, 0x78, 0xf1, 0xe0,

    /* U+00CE "Î" */
    0xf, 0x1, 0xf8, 0x3f, 0x83, 0x9c, 0x79, 0xef,
    0xf, 0x0, 0x0, 0x0, 0xf, 0x0, 0xf0, 0xf,
    0x0, 0xf0, 0xf, 0x0, 0xf0, 0xf, 0x0, 0xf0,
    0xf, 0x0, 0xf0, 0xf, 0x0, 0xf0, 0xf, 0x0,
    0xf0, 0xf, 0x0, 0xf0, 0xf, 0x0, 0xf0, 0xf,
    0x0, 0xf0, 0xf, 0x0, 0xf0, 0xf, 0x0, 0xf0,
    0xf, 0x0, 0xf0, 0xf, 0x0, 0xf0,

    /* U+00CF "Ï" */
    0xf1, 0xfe, 0x3f, 0xc7, 0xf8, 0xf0, 0x0, 0x0,
    0x3, 0xc0, 0x78, 0xf, 0x1, 0xe0, 0x3c, 0x7,
    0x80, 0xf0, 0x1e, 0x3, 0xc0, 0x78, 0xf, 0x1,
    0xe0, 0x3c, 0x7, 0x80, 0xf0, 0x1e, 0x3, 0xc0,
    0x78, 0xf, 0x1, 0xe0, 0x3c, 0x7, 0x80, 0xf0,
    0x1e, 0x3, 0xc0, 0x78, 0xf, 0x1, 0xe0,

    /* U+00D0 "Ð" */
    0x1f, 0xff, 0xc0, 0x7, 0xff, 0xfc, 0x1, 0xff,
    0xff, 0xc0, 0x78, 0x1, 0xf8, 0x1e, 0x0, 0x1f,
    0x7, 0x80, 0x3, 0xc1, 0xe0, 0x0, 0xf8, 0x78,
    0x0, 0x1e, 0x1e, 0x0, 0x7, 0x87, 0x80, 0x0,
    0xf1, 0xe0, 0x0, 0x3c, 0x78, 0x0, 0xf, 0xff,
    0xfc, 0x3, 0xff, 0xff, 0x0, 0xff, 0xff, 0xc0,
    0x3c, 0x78, 0x0, 0xf, 0x1e, 0x0, 0x3, 0xc7,
    0x80, 0x0, 0xf1, 0xe0, 0x0, 0x7c, 0x78, 0x0,
    0x1e, 0x1e, 0x0, 0x7, 0x87, 0x80, 0x3, 0xe1,
    0xe0, 0x0, 0xf0, 0x78, 0x0, 0x78, 0x1e, 0x0,
    0x7e, 0x7, 0xff, 0xff, 0x1, 0xff, 0xff, 0x0,
    0x7f, 0xff, 0x0,

    /* U+00D1 "Ñ" */
    0x1, 0xe1, 0x80, 0xf, 0xc6, 0x0, 0x7f, 0xf8,
    0x1, 0xc7, 0xe0, 0x7, 0xf, 0x0, 0x0, 0x0,
    0x0, 0x0, 0x0, 0x3c, 0x0, 0xf, 0xf8, 0x0,
    0x3f, 0xf0, 0x0, 0xff, 0xc0, 0x3, 0xff, 0x80,
    0xf, 0xff, 0x0, 0x3f, 0xfc, 0x0, 0xff, 0x78,
    0x3, 0xfc, 0xf0, 0xf, 0xf3, 0xc0, 0x3f, 0xc7,
    0x80, 0xff, 0x1e, 0x3, 0xfc, 0x3c, 0xf, 0xf0,
    0x78, 0x3f, 0xc1, 0xe0, 0xff, 0x3, 0xc3, 0xfc,
    0x7, 0x8f, 0xf0, 0x1e, 0x3f, 0xc0, 0x3c, 0xff,
    0x0, 0xf3, 0xfc, 0x1, 0xef, 0xf0, 0x3, 0xff,
    0xc0, 0xf, 0xff, 0x0, 0x1f, 0xfc, 0x0, 0x3f,
    0xf0, 0x0, 0xff, 0xc0, 0x1, 0xff, 0x0, 0x7,
    0xc0,

    /* U+00D2 "Ò" */
    0x0, 0x78, 0x0, 0x0, 0x7, 0x80, 0x0, 0x0,
    0x70, 0x0, 0x0, 0x7, 0x0, 0x0, 0x0, 0x60,
    0x0, 0x0, 0x0, 0x0, 0x0, 0x0, 0x0, 0x0,
    0x0, 0x0, 0x0, 0x0, 0x3f, 0x80, 0x0, 0x3f,
    0xfe, 0x0, 0x1f, 0xff, 0xf0, 0x7, 0xe0, 0x3f,
    0x1, 0xf0, 0x1, 0xf0, 0x7c, 0x0, 0x1f, 0xf,
    0x0, 0x1, 0xe3, 0xc0, 0x0, 0x3e, 0x78, 0x0,
    0x3, 0xcf, 0x0, 0x0, 0x7b, 0xc0, 0x0, 0x7,
    0xf8, 0x0, 0x0, 0xff, 0x0, 0x0, 0x1f, 0xe0,
    0x0, 0x3, 0xfc, 0x0, 0x0, 0x7f, 0x80, 0x0,
    0xf, 0xf0, 0x0, 0x1, 0xfe, 0x0, 0x0, 0x3d,
    0xe0, 0x0, 0xf, 0x3c, 0x0, 0x1, 0xe7, 0x80,
    0x0, 0x3c, 0x78, 0x0, 0xf, 0xf, 0x80, 0x3,
    0xe0, 0xf8, 0x0, 0xf8, 0xf, 0xc0, 0x7e, 0x0,
    0xff, 0xff, 0x80, 0x7, 0xff, 0xc0, 0x0, 0x3f,
    0xe0, 0x0,

    /* U+00D3 "Ó" */
    0x0, 0x7, 0xc0, 0x0, 0x0, 0xf0, 0x0, 0x0,
    0x3c, 0x0, 0x0, 0x7, 0x0, 0x0, 0x1, 0xc0,
    0x0, 0x0, 0x0, 0x0, 0x0, 0x0, 0x0, 0x0,
    0x0, 0x0, 0x0, 0x0, 0x3f, 0x80, 0x0, 0x3f,
    0xfe, 0x0, 0x1f, 0xff, 0xf0, 0x7, 0xe0, 0x3f,
    0x1, 0xf0, 0x1, 0xf0, 0x7c, 0x0, 0x1f, 0xf,
    0x0, 0x1, 0xe3, 0xc0, 0x0, 0x3e, 0x78, 0x0,
    0x3, 0xcf, 0x0, 0x0, 0x7b, 0xc0, 0x0, 0x7,
    0xf8, 0x0, 0x0, 0xff, 0x0, 0x0, 0x1f, 0xe0,
    0x0, 0x3, 0xfc, 0x0, 0x0, 0x7f, 0x80, 0x0,
    0xf, 0xf0, 0x0, 0x1, 0xfe, 0x0, 0x0, 0x3d,
    0xe0, 0x0, 0xf, 0x3c, 0x0, 0x1, 0xe7, 0x80,
    0x0, 0x3c, 0x78, 0x0, 0xf, 0xf, 0x80, 0x3,
    0xe0, 0xf8, 0x0, 0xf8, 0xf, 0xc0, 0x7e, 0x0,
    0xff, 0xff, 0x80, 0x7, 0xff, 0xc0, 0x0, 0x3f,
    0xe0, 0x0,

    /* U+00D4 "Ô" */
    0x0, 0x1f, 0x0, 0x0, 0x7, 0xe0, 0x0, 0x0,
    0xee, 0x0, 0x0, 0x3d, 0xe0, 0x0, 0xf, 0x1e,
    0x0, 0x3, 0xc1, 0xc0, 0x0, 0x0, 0x0, 0x0,
    0x0, 0x0, 0x0, 0x0, 0x3f, 0x80, 0x0, 0x3f,
    0xfe, 0x0, 0x1f, 0xff, 0xf0, 0x7, 0xe0, 0x3f,
    0x1, 0xf0, 0x1, 0xf0, 0x7c, 0x0, 0x1f, 0xf,
    0x0, 0x1, 0xe3, 0xc0, 0x0, 0x3e, 0x78, 0x0,
    0x3, 0xcf, 0x0, 0x0, 0x7b, 0xc0, 0x0, 0x7,
    0xf8, 0x0, 0x0, 0xff, 0x0, 0x0, 0x1f, 0xe0,
    0x0, 0x3, 0xfc, 0x0, 0x0, 0x7f, 0x80, 0x0,
    0xf, 0xf0, 0x0, 0x1, 0xfe, 0x0, 0x0, 0x3d,
    0xe0, 0x0, 0xf, 0x3c, 0x0, 0x1, 0xe7, 0x80,
    0x0, 0x3c, 0x78, 0x0, 0xf, 0xf, 0x80, 0x3,
    0xe0, 0xf8, 0x0, 0xf8, 0xf, 0xc0, 0x7e, 0x0,
    0xff, 0xff, 0x80, 0x7, 0xff, 0xc0, 0x0, 0x3f,
    0xe0, 0x0,

    /* U+00D5 "Õ" */
    0x0, 0x78, 0x70, 0x0, 0x1f, 0xce, 0x0, 0x7,
    0xff, 0xc0, 0x0, 0xe3, 0xf0, 0x0, 0x1c, 0x1c,
    0x0, 0x0, 0x0, 0x0, 0x0, 0x0, 0x0, 0x0,
    0x1, 0xfc, 0x0, 0x1, 0xff, 0xf0, 0x0, 0xff,
    0xff, 0x80, 0x3f, 0x1, 0xf8, 0xf, 0x80, 0xf,
    0x83, 0xe0, 0x0, 0xf8, 0x78, 0x0, 0xf, 0x1e,
    0x0, 0x1, 0xf3, 0xc0, 0x0, 0x1e, 0x78, 0x0,
    0x3, 0xde, 0x0, 0x0, 0x3f, 0xc0, 0x0, 0x7,
    0xf8, 0x0, 0x0, 0xff, 0x0, 0x0, 0x1f, 0xe0,
    0x0, 0x3, 0xfc, 0x0, 0x0, 0x7f, 0x80, 0x0,
    0xf, 0xf0, 0x0, 0x1, 0xef, 0x0, 0x0, 0x79,
    0xe0, 0x0, 0xf, 0x3c, 0x0, 0x1, 0xe3, 0xc0,
    0x0, 0x78, 0x7c, 0x0, 0x1f, 0x7, 0xc0, 0x7,
    0xc0, 0x7e, 0x3, 0xf0, 0x7, 0xff, 0xfc, 0x0,
    0x3f, 0xfe, 0x0, 0x1, 0xff, 0x0, 0x0,

    /* U+00D6 "Ö" */
    0x0, 0xf1, 0xe0, 0x0, 0x1e, 0x3c, 0x0, 0x3,
    0xc7, 0x80, 0x0, 0x78, 0xf0, 0x0, 0x0, 0x0,
    0x0, 0x0, 0x0, 0x0, 0x0, 0x0, 0x0, 0x0,
    0x1, 0xfc, 0x0, 0x1, 0xff, 0xf0, 0x0, 0xff,
    0xff, 0x80, 0x3f, 0x1, 0xf8, 0xf, 0x80, 0xf,
    0x83, 0xe0, 0x0, 0xf8, 0x78, 0x0, 0xf, 0x1e,
    0x0, 0x1, 0xf3, 0xc0, 0x0, 0x1e, 0x78, 0x0,
    0x3, 0xde, 0x0, 0x0, 0x3f, 0xc0, 0x0, 0x7,
    0xf8, 0x0, 0x0, 0xff, 0x0, 0x0, 0x1f, 0xe0,
    0x0, 0x3, 0xfc, 0x0, 0x0, 0x7f, 0x80, 0x0,
    0xf, 0xf0, 0x0, 0x1, 0xef, 0x0, 0x0, 0x79,
    0xe0, 0x0, 0xf, 0x3c, 0x0, 0x1, 0xe3, 0xc0,
    0x0, 0x78, 0x7c, 0x0, 0x1f, 0x7, 0xc0, 0x7,
    0xc0, 0x7e, 0x3, 0xf0, 0x7, 0xff, 0xfc, 0x0,
    0x3f, 0xfe, 0x0, 0x1, 0xff, 0x0, 0x0,

    /* U+00D7 "×" */
    0x60, 0x6, 0x38, 0x7, 0x9e, 0x7, 0xc7, 0x87,
    0xc1, 0xe3, 0xc0, 0x7b, 0xc0, 0x1f, 0xc0, 0x7,
    0xc0, 0x3, 0xe0, 0x3, 0xf8, 0x3, 0xde, 0x3,
    0xc7, 0x83, 0xc3, 0xe3, 0xc0, 0xfb, 0xc0, 0x3c,
    0xc0, 0xc,

    /* U+00D8 "Ø" */
    0x0, 0x0, 0x0, 0x0, 0x7, 0xf0, 0x1c, 0x7,
    0xff, 0xc3, 0x83, 0xff, 0xfc, 0xe0, 0xfc, 0x7,
    0xf8, 0x3e, 0x0, 0x3e, 0xf, 0x80, 0x3, 0xc1,
    0xe0, 0x0, 0xfc, 0x78, 0x0, 0x3b, 0xcf, 0x0,
    0xe, 0x79, 0xe0, 0x3, 0x8f, 0x78, 0x0, 0xe0,
    0xff, 0x0, 0x38, 0x1f, 0xe0, 0xe, 0x3, 0xfc,
    0x3, 0x80, 0x7f, 0x80, 0x70, 0xf, 0xf0, 0x1c,
    0x1, 0xfe, 0x7, 0x0, 0x3f, 0xc1, 0xc0, 0x7,
    0xbc, 0x70, 0x1, 0xe7, 0x9c, 0x0, 0x3c, 0xf7,
    0x0, 0xf, 0x8f, 0xc0, 0x1, 0xe0, 0xf8, 0x0,
    0x7c, 0x1f, 0x0, 0x1f, 0x7, 0xf8, 0xf, 0xc1,
    0xff, 0xff, 0xf0, 0x78, 0xff, 0xf8, 0xe, 0x3,
    0xfc, 0x0, 0x0, 0x0, 0x0, 0x0,

    /* U+00D9 "Ù" */
    0x1, 0xe0, 0x0, 0x3, 0x80, 0x0, 0xf, 0x0,
    0x0, 0x1c, 0x0, 0x0, 0x38, 0x0, 0x0, 0x0,
    0x0, 0x0, 0x0, 0x0, 0x0, 0x0, 0xf0, 0x0,
    0x3f, 0xc0, 0x0, 0xff, 0x0, 0x3, 0xfc, 0x0,
    0xf, 0xf0, 0x0, 0x3f, 0xc0, 0x0, 0xff, 0x0,
    0x3, 0xfc, 0x0, 0xf, 0xf0, 0x0, 0x3f, 0xc0,
    0x0, 0xff, 0x0, 0x3, 0xfc, 0x0, 0xf, 0xf0,
    0x0, 0x3f, 0xc0, 0x0, 0xff, 0x0, 0x3, 0xfc,
    0x0, 0xf, 0xf0, 0x0, 0x3f, 0xc0, 0x0, 0xff,
    0x0, 0x3, 0xfc, 0x0, 0xf, 0xf0, 0x0, 0x3d,
    0xe0, 0x1, 0xe7, 0x80, 0x7, 0x9f, 0x0, 0x3e,
    0x3f, 0x3, 0xf0, 0x7f, 0xff, 0x80, 0xff, 0xfc,
    0x0, 0x7f, 0x80,

    /* U+00DA "Ú" */
    0x0, 0x1e, 0x0, 0x0, 0xf0, 0x0, 0x3, 0x80,
    0x0, 0x1e, 0x0, 0x0, 0x70, 0x0, 0x0, 0x0,
    0x0, 0x0, 0x0, 0x0, 0x0, 0x0, 0xf0, 0x0,
    0x3f, 0xc0, 0x0, 0xff, 0x0, 0x3, 0xfc, 0x0,
    0xf, 0xf0, 0x0, 0x3f, 0xc0, 0x0, 0xff, 0x0,
    0x3, 0xfc, 0x0, 0xf, 0xf0, 0x0, 0x3f, 0xc0,
    0x0, 0xff, 0x0, 0x3, 0xfc, 0x0, 0xf, 0xf0,
    0x0, 0x3f, 0xc0, 0x0, 0xff, 0x0, 0x3, 0xfc,
    0x0, 0xf, 0xf0, 0x0, 0x3f, 0xc0, 0x0, 0xff,
    0x0, 0x3, 0xfc, 0x0, 0xf, 0xf0, 0x0, 0x3d,
    0xe0, 0x1, 0xe7, 0x80, 0x7, 0x9f, 0x0, 0x3e,
    0x3f, 0x3, 0xf0, 0x7f, 0xff, 0x80, 0xff, 0xfc,
    0x0, 0x7f, 0x80,

    /* U+00DB "Û" */
    0x0, 0x78, 0x0, 0x3, 0xf0, 0x0, 0x1f, 0xc0,
    0x0, 0x73, 0x80, 0x3, 0xcf, 0x0, 0x1e, 0x1e,
    0x0, 0x0, 0x0, 0x0, 0x0, 0x0, 0xf0, 0x0,
    0x3f, 0xc0, 0x0, 0xff, 0x0, 0x3, 0xfc, 0x0,
    0xf, 0xf0, 0x0, 0x3f, 0xc0, 0x0, 0xff, 0x0,
    0x3, 0xfc, 0x0, 0xf, 0xf0, 0x0, 0x3f, 0xc0,
    0x0, 0xff, 0x0, 0x3, 0xfc, 0x0, 0xf, 0xf0,
    0x0, 0x3f, 0xc0, 0x0, 0xff, 0x0, 0x3, 0xfc,
    0x0, 0xf, 0xf0, 0x0, 0x3f, 0xc0, 0x0, 0xff,
    0x0, 0x3, 0xfc, 0x0, 0xf, 0xf0, 0x0, 0x3d,
    0xe0, 0x1, 0xe7, 0x80, 0x7, 0x9f, 0x0, 0x3e,
    0x3f, 0x3, 0xf0, 0x7f, 0xff, 0x80, 0xff, 0xfc,
    0x0, 0x7f, 0x80,

    /* U+00DC "Ü" */
    0x7, 0x8f, 0x0, 0x1e, 0x3c, 0x0, 0x78, 0xf0,
    0x1, 0xe3, 0xc0, 0x0, 0x0, 0x0, 0x0, 0x0,
    0x0, 0x0, 0x0, 0x3c, 0x0, 0xf, 0xf0, 0x0,
    0x3f, 0xc0, 0x0, 0xff, 0x0, 0x3, 0xfc, 0x0,
    0xf, 0xf0, 0x0, 0x3f, 0xc0, 0x0, 0xff, 0x0,
    0x3, 0xfc, 0x0, 0xf, 0xf0, 0x0, 0x3f, 0xc0,
    0x0, 0xff, 0x0, 0x3, 0xfc, 0x0, 0xf, 0xf0,
    0x0, 0x3f, 0xc0, 0x0, 0xff, 0x0, 0x3, 0xfc,
    0x0, 0xf, 0xf0, 0x0, 0x3f, 0xc0, 0x0, 0xff,
    0x0, 0x3, 0xfc, 0x0, 0xf, 0x78, 0x0, 0x79,
    0xe0, 0x1, 0xe7, 0xc0, 0xf, 0x8f, 0xc0, 0xfc,
    0x1f, 0xff, 0xe0, 0x3f, 0xff, 0x0, 0x1f, 0xe0,
    0x0,

    /* U+00DD "Ý" */
    0x0, 0x7, 0xc0, 0x0, 0x1, 0xe0, 0x0, 0x0,
    0xf0, 0x0, 0x0, 0x78, 0x0, 0x0, 0x1c, 0x0,
    0x0, 0x0, 0x0, 0x0, 0x0, 0x0, 0x1, 0xe0,
    0x0, 0x1f, 0x7c, 0x0, 0x7, 0x8f, 0x0, 0x3,
    0xc1, 0xe0, 0x1, 0xf0, 0x7c, 0x0, 0x78, 0xf,
    0x0, 0x3c, 0x1, 0xe0, 0x1f, 0x0, 0x7c, 0x7,
    0x80, 0xf, 0x3, 0xc0, 0x1, 0xe1, 0xf0, 0x0,
    0x7c, 0x78, 0x0, 0xf, 0x3c, 0x0, 0x1, 0xef,
    0x0, 0x0, 0x7f, 0x80, 0x0, 0xf, 0xc0, 0x0,
    0x1, 0xe0, 0x0, 0x0, 0x78, 0x0, 0x0, 0x1e,
    0x0, 0x0, 0x7, 0x80, 0x0, 0x1, 0xe0, 0x0,
    0x0, 0x78, 0x0, 0x0, 0x1e, 0x0, 0x0, 0x7,
    0x80, 0x0, 0x1, 0xe0, 0x0, 0x0, 0x78, 0x0,
    0x0, 0x1e, 0x0, 0x0, 0x7, 0x80, 0x0, 0x1,
    0xe0, 0x0,

    /* U+00DE "Þ" */
    0xf0, 0x0, 0x7, 0x80, 0x0, 0x3c, 0x0, 0x1,
    0xe0, 0x0, 0xf, 0x0, 0x0, 0x78, 0x0, 0x3,
    0xff, 0xfc, 0x1f, 0xff, 0xf8, 0xff, 0xff, 0xe7,
    0x80, 0xf, 0xbc, 0x0, 0x3d, 0xe0, 0x1, 0xff,
    0x0, 0x7, 0xf8, 0x0, 0x3f, 0xc0, 0x1, 0xfe,
    0x0, 0xf, 0xf0, 0x0, 0xff, 0x80, 0x7, 0xbc,
    0x0, 0xfd, 0xff, 0xff, 0xcf, 0xff, 0xfc, 0x7f,
    0xff, 0x3, 0xc0, 0x0, 0x1e, 0x0, 0x0, 0xf0,
    0x0, 0x7, 0x80, 0x0, 0x3c, 0x0, 0x1, 0xe0,
    0x0, 0x0,

    /* U+00DF "ß" */
    0x7, 0xf0, 0x1, 0xff, 0xc0, 0x3f, 0xfe, 0x7,
    0xc3, 0xf0, 0x78, 0xf, 0xf, 0x0, 0xf0, 0xf0,
    0xf, 0xf, 0x0, 0xf0, 0xf0, 0x1e, 0xf, 0x1,
    0xe0, 0xf0, 0x3c, 0xf, 0x7, 0x80, 0xf0, 0x78,
    0xf, 0x7, 0x80, 0xf0, 0x7c, 0xf, 0x3, 0xe0,
    0xf0, 0x1f, 0x8f, 0x0, 0xfc, 0xf0, 0x7, 0xef,
    0x0, 0x1f, 0xf0, 0x0, 0xff, 0x0, 0xf, 0xf0,
    0x80, 0xff, 0x3c, 0x1f, 0xf1, 0xe3, 0xef, 0xf,
    0xfe, 0xf0, 0x7f, 0xcf, 0x3, 0xf0,

    /* U+00E0 "à" */
    0x3, 0xc0, 0x0, 0x38, 0x0, 0x7, 0x80, 0x0,
    0x70, 0x0, 0x7, 0x0, 0x0, 0x0, 0x0, 0x0,
    0x0, 0x1f, 0xe0, 0xf, 0xff, 0x7, 0xff, 0xf0,
    0xf0, 0x3e, 0x3c, 0x3, 0xe7, 0x80, 0x3c, 0x20,
    0x7, 0x80, 0x0, 0xf0, 0x0, 0xfe, 0x7, 0xff,
    0xc3, 0xff, 0xf9, 0xfe, 0xf, 0x3c, 0x1, 0xef,
    0x0, 0x3d, 0xe0, 0x7, 0xbc, 0x1, 0xf7, 0x80,
    0x7e, 0xfc, 0x1f, 0xcf, 0xff, 0xf8, 0xff, 0xe7,
    0x7, 0xf0, 0xf0,

    /* U+00E1 "á" */
    0x0, 0x3c, 0x0, 0xf, 0x0, 0x1, 0xc0, 0x0,
    0x78, 0x0, 0xe, 0x0, 0x0, 0x0, 0x0, 0x0,
    0x0, 0x1f, 0xe0, 0xf, 0xff, 0x7, 0xff, 0xf0,
    0xf0, 0x3e, 0x3c, 0x3, 0xe7, 0x80, 0x3c, 0x20,
    0x7, 0x80, 0x0, 0xf0, 0x0, 0xfe, 0x7, 0xff,
    0xc3, 0xff, 0xf9, 0xfe, 0xf, 0x3c, 0x1, 0xef,
    0x0, 0x3d, 0xe0, 0x7, 0xbc, 0x1, 0xf7, 0x80,
    0x7e, 0xfc, 0x1f, 0xcf, 0xff, 0xf8, 0xff, 0xe7,
    0x7, 0xf0, 0xf0,

    /* U+00E2 "â" */
    0x1, 0xf0, 0x0, 0x7e, 0x0, 0xe, 0xe0, 0x3,
    0x8e, 0x0, 0xf1, 0xe0, 0x0, 0x0, 0x0, 0x0,
    0x0, 0x1f, 0xe0, 0xf, 0xff, 0x7, 0xff, 0xf0,
    0xf0, 0x3e, 0x3c, 0x3, 0xe7, 0x80, 0x3c, 0x20,
    0x7, 0x80, 0x0, 0xf0, 0x0, 0xfe, 0x7, 0xff,
    0xc3, 0xff, 0xf9, 0xfe, 0xf, 0x3c, 0x1, 0xef,
    0x0, 0x3d, 0xe0, 0x7, 0xbc, 0x1, 0xf7, 0x80,
    0x7e, 0xfc, 0x1f, 0xcf, 0xff, 0xf8, 0xff, 0xe7,
    0x7, 0xf0, 0xf0,

    /* U+00E3 "ã" */
    0x7, 0xc7, 0x1, 0xff, 0xe0, 0x7f, 0xf8, 0xe,
    0x3e, 0x0, 0x0, 0x0, 0x0, 0x0, 0x0, 0x0,
    0x0, 0x1f, 0xe0, 0xf, 0xff, 0x7, 0xff, 0xf0,
    0xf8, 0x3e, 0x3c, 0x3, 0xe7, 0x80, 0x3c, 0x20,
    0x7, 0x80, 0x0, 0xf0, 0x0, 0xfe, 0x7, 0xff,
    0xc3, 0xff, 0xf9, 0xfe, 0xf, 0x3c, 0x1, 0xef,
    0x0, 0x3d, 0xe0, 0x7, 0xbc, 0x1, 0xf7, 0x80,
    0x7e, 0xfc, 0x1f, 0xcf, 0xff, 0xf8, 0xff, 0xe7,
    0x7, 0xf0, 0xf0,

    /* U+00E4 "ä" */
    0xf, 0x1e, 0x1, 0xe3, 0xc0, 0x3c, 0x78, 0x7,
    0x8f, 0x0, 0x0, 0x0, 0x0, 0x0, 0x0, 0x0,
    0x0, 0x1f, 0xe0, 0xf, 0xff, 0x7, 0xff, 0xf0,
    0xf0, 0x3e, 0x3c, 0x3, 0xe7, 0x0, 0x3c, 0x60,
    0x7, 0x80, 0x0, 0xf0, 0x0, 0xfe, 0x7, 0xff,
    0xc3, 0xff, 0xf9, 0xfe, 0xf, 0x3c, 0x1, 0xef,
    0x0, 0x3d, 0xe0, 0x7, 0xbc, 0x1, 0xf7, 0x80,
    0x7e, 0xfc, 0x1f, 0xcf, 0xff, 0xf8, 0xff, 0xe7,
    0x7, 0xf0, 0xf0,

    /* U+00E5 "å" */
    0x0, 0xe0, 0x0, 0x22, 0x0, 0x8, 0x20, 0x1,
    0x4, 0x0, 0x20, 0x80, 0x2, 0x20, 0x0, 0x38,
    0x0, 0x0, 0x0, 0x0, 0x0, 0x0, 0x7f, 0x80,
    0x3f, 0xfc, 0x1f, 0xff, 0xc3, 0xc0, 0xf8, 0xf0,
    0xf, 0x9e, 0x0, 0xf0, 0x80, 0x1e, 0x0, 0x3,
    0xc0, 0x3, 0xf8, 0x1f, 0xff, 0xf, 0xff, 0xe7,
    0xf8, 0x3c, 0xf0, 0x7, 0xbc, 0x0, 0xf7, 0x80,
    0x1e, 0xf0, 0x7, 0xde, 0x1, 0xfb, 0xf0, 0x7f,
    0x3f, 0xff, 0xe3, 0xff, 0x9c, 0x1f, 0xc3, 0xc0,

    /* U+00E6 "æ" */
    0x3, 0xf8, 0x1f, 0xc0, 0x1f, 0xfe, 0x3f, 0xf0,
    0x3f, 0xff, 0xff, 0xf8, 0x3c, 0xf, 0xf0, 0x7c,
    0x70, 0x7, 0xc0, 0x1e, 0x70, 0x7, 0xc0, 0xe,
    0x0, 0x7, 0x80, 0xe, 0x0, 0x7, 0x80, 0xf,
    0x0, 0xff, 0xff, 0xff, 0xf, 0xff, 0xff, 0xff,
    0x3f, 0xf7, 0xff, 0xff, 0x7e, 0x7, 0x80, 0x0,
    0x78, 0x7, 0x80, 0x0, 0xf0, 0x7, 0x80, 0x0,
    0xf0, 0x7, 0x80, 0xf, 0xf0, 0xf, 0xc0, 0x1e,
    0xf0, 0x1f, 0xe0, 0x1e, 0x78, 0x3d, 0xf0, 0x7c,
    0x7f, 0xf8, 0xff, 0xf8, 0x3f, 0xf0, 0x7f, 0xf0,
    0xf, 0xc0, 0x1f, 0xc0,

    /* U+00E7 "ç" */
    0x3, 0xf0, 0x3, 0xff, 0x1, 0xff, 0xe0, 0xf8,
    0x3c, 0x7c, 0x7, 0x9e, 0x1, 0xef, 0x80, 0x3b,
    0xc0, 0x0, 0xf0, 0x0, 0x3c, 0x0, 0xf, 0x0,
    0x3, 0xc0, 0x0, 0xf0, 0x0, 0x3c, 0x0, 0xef,
    0x80, 0x39, 0xe0, 0xe, 0x7c, 0x7, 0x8f, 0x83,
    0xc1, 0xff, 0xe0, 0x3f, 0xf0, 0x3, 0xf0, 0x0,
    0x70, 0x0, 0x1e, 0x0, 0x1, 0xc0, 0x0, 0x70,
    0x0, 0x1c, 0x0, 0x7f, 0x0, 0x1f, 0x80, 0x7,
    0xc0, 0x0,

    /* U+00E8 "è" */
    0x7, 0xc0, 0x0, 0x78, 0x0, 0x7, 0x80, 0x0,
    0x70, 0x0, 0x6, 0x0, 0x0, 0x0, 0x0, 0x0,
    0x0, 0x1f, 0xc0, 0xf, 0xfe, 0x3, 0xff, 0xe0,
    0xf8, 0x3e, 0x3c, 0x1, 0xc7, 0x80, 0x3c, 0xe0,
    0x3, 0xbc, 0x0, 0x77, 0xff, 0xfe, 0xff, 0xff,
    0xdf, 0xff, 0xff, 0xc0, 0x0, 0x78, 0x0, 0xf,
    0x0, 0x1, 0xf0, 0x3, 0x9e, 0x0, 0xf3, 0xe0,
    0x3e, 0x3e, 0xf, 0x83, 0xff, 0xe0, 0x3f, 0xf8,
    0x1, 0xfc, 0x0,

    /* U+00E9 "é" */
    0x0, 0x3c, 0x0, 0xf, 0x0, 0x1, 0xc0, 0x0,
    0x78, 0x0, 0xe, 0x0, 0x0, 0x0, 0x0, 0x0,
    0x0, 0x1f, 0xc0, 0xf, 0xfe, 0x3, 0xff, 0xe0,
    0xf8, 0x3e, 0x3c, 0x1, 0xc7, 0x80, 0x3c, 0xe0,
    0x3, 0xbc, 0x0, 0x77, 0xff, 0xfe, 0xff, 0xff,
    0xdf, 0xff, 0xff, 0xc0, 0x0, 0x78, 0x0, 0xf,
    0x0, 0x1, 0xf0, 0x3, 0x9e, 0x0, 0xf3, 0xe0,
    0x3e, 0x3e, 0xf, 0x83, 0xff, 0xe0, 0x3f, 0xf8,
    0x1, 0xfc, 0x0,

    /* U+00EA "ê" */
    0x1, 0xf0, 0x0, 0x7e, 0x0, 0xe, 0xe0, 0x3,
    0x8e, 0x0, 0xf1, 0xe0, 0x0, 0x0, 0x0, 0x0,
    0x0, 0x1f, 0xc0, 0xf, 0xfe, 0x3, 0xff, 0xe0,
    0xf8, 0x3e, 0x3c, 0x1, 0xc7, 0x80, 0x3c, 0xe0,
    0x3, 0xbc, 0x0, 0x77, 0xff, 0xfe, 0xff, 0xff,
    0xdf, 0xff, 0xff, 0xc0, 0x0, 0x78, 0x0, 0xf,
    0x0, 0x1, 0xf0, 0x3, 0x9e, 0x0, 0xf3, 0xe0,
    0x3e, 0x3e, 0xf, 0x83, 0xff, 0xe0, 0x3f, 0xf8,
    0x1, 0xfc, 0x0,

    /* U+00EB "ë" */
    0xf, 0x1e, 0x1, 0xe3, 0xc0, 0x3c, 0x78, 0x7,
    0x8f, 0x0, 0x0, 0x0, 0x0, 0x0, 0x0, 0x0,
    0x0, 0x1f, 0xc0, 0xf, 0xfe, 0x3, 0xff, 0xe0,
    0xf8, 0x3e, 0x3c, 0x1, 0xc7, 0x80, 0x1c, 0xe0,
    0x3, 0xbc, 0x0, 0x77, 0xff, 0xfe, 0xff, 0xff,
    0xdf, 0xff, 0xff, 0xc0, 0x0, 0x78, 0x0, 0xf,
    0x0, 0x1, 0xf0, 0x3, 0x9e, 0x0, 0xf3, 0xe0,
    0x3e, 0x3e, 0xf, 0x83, 0xff, 0xe0, 0x3f, 0xf8,
    0x1, 0xfc, 0x0,

    /* U+00EC "ì" */
    0xf8, 0x7c, 0x3c, 0x1e, 0xe, 0x0, 0x0, 0x1e,
    0x1e, 0x1e, 0x1e, 0x1e, 0x1e, 0x1e, 0x1e, 0x1e,
    0x1e, 0x1e, 0x1e, 0x1e, 0x1e, 0x1e, 0x1e, 0x1e,
    0x1e, 0x1e, 0x1e, 0x1e,

    /* U+00ED "í" */
    0x3e, 0x79, 0xe3, 0x8f, 0x0, 0x0, 0x78, 0xf1,
    0xe3, 0xc7, 0x8f, 0x1e, 0x3c, 0x78, 0xf1, 0xe3,
    0xc7, 0x8f, 0x1e, 0x3c, 0x78, 0xf1, 0xe3, 0xc7,
    0x80,

    /* U+00EE "î" */
    0xf, 0x80, 0xfe, 0xf, 0x78, 0xf1, 0xcf, 0xf,
    0x0, 0x0, 0x0, 0x1, 0xe0, 0xf, 0x0, 0x78,
    0x3, 0xc0, 0x1e, 0x0, 0xf0, 0x7, 0x80, 0x3c,
    0x1, 0xe0, 0xf, 0x0, 0x78, 0x3, 0xc0, 0x1e,
    0x0, 0xf0, 0x7, 0x80, 0x3c, 0x1, 0xe0, 0xf,
    0x0, 0x78, 0x3, 0xc0, 0x1e, 0x0,

    /* U+00EF "ï" */
    0xf0, 0xff, 0xf, 0xf0, 0xff, 0xf, 0x0, 0x0,
    0x0, 0x0, 0x0, 0xe0, 0xe, 0x0, 0xe0, 0xe,
    0x0, 0xe0, 0xe, 0x0, 0xe0, 0xe, 0x0, 0xe0,
    0xe, 0x0, 0xe0, 0xe, 0x0, 0xe0, 0xe, 0x0,
    0xe0, 0xe, 0x0, 0xe0, 0xe, 0x0, 0xe0, 0xe,
    0x0, 0xe0,

    /* U+00F0 "ð" */
    0x3, 0x82, 0x0, 0x3d, 0xe0, 0x3, 0xf0, 0x0,
    0xfc, 0x0, 0x7f, 0xc0, 0xc, 0x3c, 0x0, 0x3,
    0x80, 0x1f, 0x78, 0xf, 0xff, 0x3, 0xff, 0xf0,
    0xf8, 0x3e, 0x3e, 0x3, 0xe7, 0x80, 0x3d, 0xf0,
    0x7, 0xbc, 0x0, 0x7f, 0x80, 0xf, 0xf0, 0x1,
    0xfe, 0x0, 0x3f, 0xc0, 0x7, 0xf8, 0x0, 0xff,
    0x0, 0x1f, 0xf0, 0x7, 0x9e, 0x0, 0xf3, 0xe0,
    0x3e, 0x3e, 0xf, 0x83, 0xff, 0xe0, 0x3f, 0xf8,
    0x1, 0xfc, 0x0,

    /* U+00F1 "ñ" */
    0xf, 0x6, 0xf, 0xe7, 0xf, 0xff, 0x87, 0x1f,
    0xc3, 0x83, 0x80, 0x0, 0x0, 0x0, 0x1, 0xe3,
    0xf0, 0xf7, 0xfe, 0x7f, 0xff, 0xbf, 0x87, 0xdf,
    0x1, 0xff, 0x80, 0x7f, 0x80, 0x3f, 0xc0, 0x1f,
    0xe0, 0xf, 0xf0, 0x7, 0xf8, 0x3, 0xfc, 0x1,
    0xfe, 0x0, 0xff, 0x0, 0x7f, 0x80, 0x3f, 0xc0,
    0x1f, 0xe0, 0xf, 0xf0, 0x7, 0xf8, 0x3, 0xfc,
    0x1, 0xfe, 0x0, 0xf0,

    /* U+00F2 "ò" */
    0x7, 0xc0, 0x0, 0x78, 0x0, 0x7, 0x0, 0x0,
    0x70, 0x0, 0x6, 0x0, 0x0, 0x0, 0x0, 0x0,
    0x0, 0x1f, 0xc0, 0xf, 0xfe, 0x3, 0xff, 0xe0,
    0xf8, 0x3e, 0x3e, 0x3, 0xe7, 0x80, 0x3d, 0xf0,
    0x7, 0xbc, 0x0, 0x7f, 0x80, 0xf, 0xf0, 0x1,
    0xfe, 0x0, 0x3f, 0xc0, 0x7, 0xf8, 0x0, 0xff,
    0x0, 0x1f, 0xf0, 0x7, 0xde, 0x0, 0xf3, 0xe0,
    0x3e, 0x3e, 0xf, 0x83, 0xff, 0xe0, 0x3f, 0xf8,
    0x1, 0xfc, 0x0,

    /* U+00F3 "ó" */
    0x0, 0x3c, 0x0, 0xf, 0x0, 0x1, 0xc0, 0x0,
    0x78, 0x0, 0xe, 0x0, 0x0, 0x0, 0x0, 0x0,
    0x0, 0x1f, 0xc0, 0xf, 0xfe, 0x3, 0xff, 0xe0,
    0xf8, 0x3e, 0x3e, 0x3, 0xe7, 0x80, 0x3d, 0xf0,
    0x7, 0xbc, 0x0, 0x7f, 0x80, 0xf, 0xf0, 0x1,
    0xfe, 0x0, 0x3f, 0xc0, 0x7, 0xf8, 0x0, 0xff,
    0x0, 0x1f, 0xf0, 0x7, 0xde, 0x0, 0xf3, 0xe0,
    0x3e, 0x3e, 0xf, 0x83, 0xff, 0xe0, 0x3f, 0xf8,
    0x1, 0xfc, 0x0,

    /* U+00F4 "ô" */
    0x1, 0xf0, 0x0, 0x3e, 0x0, 0xe, 0xe0, 0x3,
    0xce, 0x0, 0xf1, 0xe0, 0x0, 0x0, 0x0, 0x0,
    0x0, 0x1f, 0xc0, 0xf, 0xfe, 0x3, 0xff, 0xe0,
    0xf8, 0x3e, 0x3e, 0x3, 0xe7, 0x80, 0x3d, 0xf0,
    0x7, 0xbc, 0x0, 0x7f, 0x80, 0xf, 0xf0, 0x1,
    0xfe, 0x0, 0x3f, 0xc0, 0x7, 0xf8, 0x0, 0xff,
    0x0, 0x1f, 0xf0, 0x7, 0xde, 0x0, 0xf3, 0xe0,
    0x3e, 0x3e, 0xf, 0x83, 0xff, 0xe0, 0x3f, 0xf8,
    0x1, 0xfc, 0x0,

    /* U+00F5 "õ" */
    0x7, 0xc6, 0x1, 0xff, 0xc0, 0x7f, 0xf8, 0xe,
    0x3e, 0x0, 0x0, 0x0, 0x0, 0x0, 0x0, 0x0,
    0x0, 0x1f, 0xc0, 0xf, 0xfe, 0x3, 0xff, 0xe0,
    0xf8, 0x3e, 0x3e, 0x3, 0xe7, 0x80, 0x3d, 0xf0,
    0x7, 0xbc, 0x0, 0x7f, 0x80, 0xf, 0xf0, 0x1,
    0xfe, 0x0, 0x3f, 0xc0, 0x7, 0xf8, 0x0, 0xff,
    0x0, 0x1f, 0xf0, 0x7, 0xde, 0x0, 0xf3, 0xe0,
    0x3e, 0x3e, 0xf, 0x83, 0xff, 0xe0, 0x3f, 0xf8,
    0x1, 0xfc, 0x0,

    /* U+00F6 "ö" */
    0xf, 0x1e, 0x1, 0xe3, 0xc0, 0x3c, 0x78, 0x7,
    0x8f, 0x0, 0x0, 0x0, 0x0, 0x0, 0x0, 0x0,
    0x0, 0x1f, 0xc0, 0xf, 0xfe, 0x3, 0xff, 0xe0,
    0xf8, 0x3e, 0x3e, 0x3, 0xe7, 0x80, 0x3d, 0xf0,
    0x7, 0xbc, 0x0, 0x7f, 0x80, 0xf, 0xf0, 0x1,
    0xfe, 0x0, 0x3f, 0xc0, 0x7, 0xf8, 0x0, 0xff,
    0x0, 0x1f, 0xf0, 0x7, 0xde, 0x0, 0xf3, 0xe0,
    0x3e, 0x3e, 0xf, 0x83, 0xff, 0xe0, 0x3f, 0xf8,
    0x1, 0xfc, 0x0,

    /* U+00F7 "÷" */
    0x1, 0xe0, 0x0, 0x78, 0x0, 0x1e, 0x0, 0x7,
    0x80, 0x0, 0x0, 0x0, 0x0, 0x0, 0x0, 0x3,
    0xff, 0xff, 0xff, 0xff, 0xff, 0xff, 0xf0, 0x0,
    0x0, 0x0, 0x0, 0x1, 0xe0, 0x0, 0x78, 0x0,
    0x1e, 0x0, 0x7, 0x80,

    /* U+00F8 "ø" */
    0x0, 0x0, 0x80, 0x7e, 0x1c, 0x3f, 0xff, 0xf,
    0xff, 0xc3, 0xe0, 0xf8, 0xf8, 0xf, 0x1e, 0x1,
    0xf7, 0xc0, 0x7e, 0xf0, 0x19, 0xfe, 0x6, 0x3f,
    0xc1, 0x87, 0xf8, 0x30, 0xff, 0xc, 0x1f, 0xe3,
    0x3, 0xfc, 0xe0, 0x7b, 0xf8, 0x1f, 0x7e, 0x3,
    0xc7, 0xc0, 0xf8, 0xf8, 0x3e, 0x1f, 0xff, 0x87,
    0x7f, 0xe1, 0xe3, 0xf0, 0x8, 0x0, 0x0,

    /* U+00F9 "ù" */
    0x7, 0x80, 0x1, 0xe0, 0x0, 0x70, 0x0, 0x1c,
    0x0, 0xe, 0x0, 0x0, 0x0, 0x0, 0x1, 0xe0,
    0xf, 0xf0, 0x7, 0xf8, 0x3, 0xfc, 0x1, 0xfe,
    0x0, 0xff, 0x0, 0x7f, 0x80, 0x3f, 0xc0, 0x1f,
    0xe0, 0xf, 0xf0, 0x7, 0xf8, 0x3, 0xfc, 0x1,
    0xfe, 0x0, 0xff, 0x0, 0x7f, 0x80, 0x3f, 0xc0,
    0x3f, 0xf0, 0x1f, 0x7c, 0x3f, 0xbf, 0xff, 0xcf,
    0xfd, 0xe1, 0xf8, 0xf0,

    /* U+00FA "ú" */
    0x0, 0x78, 0x0, 0x78, 0x0, 0x38, 0x0, 0x38,
    0x0, 0x1c, 0x0, 0x0, 0x0, 0x0, 0x1, 0xe0,
    0xf, 0xf0, 0x7, 0xf8, 0x3, 0xfc, 0x1, 0xfe,
    0x0, 0xff, 0x0, 0x7f, 0x80, 0x3f, 0xc0, 0x1f,
    0xe0, 0xf, 0xf0, 0x7, 0xf8, 0x3, 0xfc, 0x1,
    0xfe, 0x0, 0xff, 0x0, 0x7f, 0x80, 0x3f, 0xc0,
    0x3f, 0xf0, 0x1f, 0x7c, 0x3f, 0xbf, 0xff, 0xcf,
    0xfd, 0xe1, 0xf8, 0xf0,

    /* U+00FB "û" */
    0x3, 0xe0, 0x3, 0xf0, 0x3, 0xdc, 0x1, 0xc7,
    0x1, 0xe3, 0xc0, 0x0, 0x0, 0x0, 0x1, 0xe0,
    0xf, 0xf0, 0x7, 0xf8, 0x3, 0xfc, 0x1, 0xfe,
    0x0, 0xff, 0x0, 0x7f, 0x80, 0x3f, 0xc0, 0x1f,
    0xe0, 0xf, 0xf0, 0x7, 0xf8, 0x3, 0xfc, 0x1,
    0xfe, 0x0, 0xff, 0x0, 0x7f, 0x80, 0x3f, 0xc0,
    0x3f, 0xf0, 0x1f, 0x7c, 0x3f, 0xbf, 0xff, 0xcf,
    0xfd, 0xe1, 0xf8, 0xf0,

    /* U+00FC "ü" */
    0x1e, 0x3c, 0xf, 0x1e, 0x7, 0x8f, 0x3, 0xc7,
    0x80, 0x0, 0x0, 0x0, 0x0, 0x0, 0x1, 0xe0,
    0xf, 0xf0, 0x7, 0xf8, 0x3, 0xfc, 0x1, 0xfe,
    0x0, 0xff, 0x0, 0x7f, 0x80, 0x3f, 0xc0, 0x1f,
    0xe0, 0xf, 0xf0, 0x7, 0xf8, 0x3, 0xfc, 0x1,
    0xfe, 0x0, 0xff, 0x0, 0x7f, 0x80, 0x3f, 0xc0,
    0x3f, 0xf0, 0x1f, 0x7c, 0x3f, 0xbf, 0xff, 0xcf,
    0xfd, 0xe1, 0xf8, 0xf0,

    /* U+00FD "ý" */
    0x0, 0x7c, 0x0, 0x1e, 0x0, 0xf, 0x0, 0x3,
    0x80, 0x1, 0xc0, 0x0, 0x0, 0x0, 0x0, 0x3,
    0xc0, 0x7, 0xf0, 0x3, 0xdc, 0x0, 0xe7, 0x80,
    0x79, 0xe0, 0x1e, 0x38, 0x7, 0xf, 0x3, 0xc3,
    0xc0, 0xe0, 0x70, 0x38, 0x1e, 0x1e, 0x7, 0x87,
    0x0, 0xe1, 0xc0, 0x3c, 0xf0, 0x7, 0x38, 0x1,
    0xce, 0x0, 0x7f, 0x0, 0xf, 0xc0, 0x3, 0xf0,
    0x0, 0xf8, 0x0, 0x1e, 0x0, 0x7, 0x80, 0x1,
    0xc0, 0x0, 0x70, 0x0, 0x38, 0x0, 0xe, 0x0,
    0x7, 0x80, 0x1f, 0xc0, 0x7, 0xe0, 0x1, 0xf0,
    0x0,

    /* U+00FE "þ" */
    0xf0, 0x0, 0x3c, 0x0, 0xf, 0x0, 0x3, 0xc0,
    0x0, 0xf0, 0x0, 0x3c, 0x0, 0xf, 0x0, 0x3,
    0xc7, 0xc0, 0xf7, 0xfc, 0x3f, 0xff, 0x8f, 0xe1,
    0xf3, 0xf0, 0x3e, 0xf8, 0x7, 0xbc, 0x1, 0xef,
    0x0, 0x3f, 0xc0, 0xf, 0xf0, 0x3, 0xfc, 0x0,
    0xff, 0x0, 0x3f, 0xc0, 0xf, 0xf0, 0x3, 0xfc,
    0x1, 0xef, 0x80, 0x7b, 0xe0, 0x3e, 0xfe, 0x1f,
    0x3f, 0xff, 0x8f, 0x7f, 0xc3, 0xc7, 0xc0, 0xf0,
    0x0, 0x3c, 0x0, 0xf, 0x0, 0x3, 0xc0, 0x0,
    0xf0, 0x0, 0x3c, 0x0, 0xf, 0x0, 0x3, 0xc0,
    0x0,

    /* U+00FF "ÿ" */
    0xf, 0x1e, 0x1, 0xe3, 0xc0, 0x3c, 0x78, 0x7,
    0x8f, 0x0, 0x0, 0x0, 0x0, 0x0, 0x0, 0x0,
    0x7, 0x80, 0xf, 0x70, 0x1, 0xcf, 0x0, 0x79,
    0xe0, 0xf, 0x1c, 0x1, 0xc3, 0xc0, 0x78, 0x78,
    0xe, 0x7, 0x1, 0xc0, 0xf0, 0x78, 0xe, 0xe,
    0x1, 0xc1, 0xc0, 0x3c, 0x78, 0x3, 0x8e, 0x0,
    0x71, 0xc0, 0x7, 0x70, 0x0, 0xee, 0x0, 0x1d,
    0xc0, 0x1, 0xf0, 0x0, 0x3e, 0x0, 0x3, 0xc0,
    0x0, 0x70, 0x0, 0xe, 0x0, 0x3, 0x80, 0x0,
    0x70, 0x0, 0xe, 0x0, 0x3, 0x80, 0x7, 0xf0,
    0x0, 0xfc, 0x0, 0x1e, 0x0, 0x0,

    /* U+0100 "Ā" */
    0x1, 0xff, 0xe0, 0x0, 0x7f, 0xf8, 0x0, 0x1f,
    0xfe, 0x0, 0x0, 0x0, 0x0, 0x0, 0x0, 0x0,
    0x0, 0x7, 0x80, 0x0, 0x3, 0xf0, 0x0, 0x0,
    0xfc, 0x0, 0x0, 0x7f, 0x0, 0x0, 0x1d, 0xe0,
    0x0, 0x7, 0x38, 0x0, 0x3, 0xcf, 0x0, 0x0,
    0xe3, 0xc0, 0x0, 0x38, 0x70, 0x0, 0x1e, 0x1e,
    0x0, 0x7, 0x3, 0x80, 0x3, 0xc0, 0xf0, 0x0,
    0xf0, 0x3c, 0x0, 0x38, 0x7, 0x0, 0x1e, 0x1,
    0xe0, 0x7, 0x0, 0x38, 0x3, 0xff, 0xff, 0x0,
    0xff, 0xff, 0xc0, 0x3f, 0xff, 0xf0, 0x1e, 0x0,
    0x1e, 0x7, 0x80, 0x7, 0x81, 0xc0, 0x0, 0xf0,
    0xf0, 0x0, 0x3c, 0x3c, 0x0, 0x7, 0x9e, 0x0,
    0x1, 0xe7, 0x80, 0x0, 0x79, 0xe0, 0x0, 0xf,
    0xf0, 0x0, 0x3, 0xc0,

    /* U+0101 "ā" */
    0xf, 0xff, 0x1, 0xff, 0xe0, 0x3f, 0xfc, 0x0,
    0x0, 0x0, 0x0, 0x0, 0x0, 0x0, 0x0, 0xff,
    0x0, 0x7f, 0xf8, 0x3f, 0xff, 0x87, 0x81, 0xf1,
    0xe0, 0x1f, 0x3c, 0x1, 0xe1, 0x0, 0x3c, 0x0,
    0x7, 0x80, 0x7, 0xf0, 0x3f, 0xfe, 0x1f, 0xff,
    0xcf, 0xf0, 0x79, 0xe0, 0xf, 0x78, 0x1, 0xef,
    0x0, 0x3d, 0xe0, 0xf, 0xbc, 0x3, 0xf7, 0xe0,
    0xfe, 0x7f, 0xfd, 0xc7, 0xff, 0x38, 0x3f, 0x87,
    0x80,

    /* U+0102 "Ă" */
    0x1, 0xc0, 0xc0, 0x0, 0x38, 0x70, 0x0, 0xf,
    0xfc, 0x0, 0x1, 0xfe, 0x0, 0x0, 0x3f, 0x0,
    0x0, 0x0, 0x0, 0x0, 0x0, 0x0, 0x0, 0x0,
    0xf8, 0x0, 0x0, 0x3e, 0x0, 0x0, 0xf, 0xc0,
    0x0, 0x7, 0x70, 0x0, 0x1, 0xdc, 0x0, 0x0,
    0x77, 0x80, 0x0, 0x3c, 0xe0, 0x0, 0xe, 0x3c,
    0x0, 0x7, 0x87, 0x0, 0x1, 0xe1, 0xe0, 0x0,
    0x70, 0x78, 0x0, 0x3c, 0xe, 0x0, 0xe, 0x3,
    0xc0, 0x7, 0x80, 0x70, 0x1, 0xe0, 0x1e, 0x0,
    0x70, 0x7, 0x80, 0x3f, 0xff, 0xe0, 0xf, 0xff,
    0xfc, 0x3, 0xff, 0xff, 0x1, 0xe0, 0x1, 0xe0,
    0x70, 0x0, 0x78, 0x3c, 0x0, 0xe, 0xf, 0x0,
    0x3, 0xc3, 0x80, 0x0, 0xf1, 0xe0, 0x0, 0x1e,
    0x78, 0x0, 0x7, 0xbc, 0x0, 0x1, 0xef, 0x0,
    0x0, 0x3c,

    /* U+0103 "ă" */
    0x6, 0x6, 0x0, 0xe1, 0xc0, 0x1f, 0xf8, 0x1,
    0xfe, 0x0, 0x1f, 0x80, 0x0, 0x0, 0x0, 0x0,
    0x0, 0x1f, 0xe0, 0xf, 0xff, 0x7, 0xff, 0xf0,
    0xf0, 0x3e, 0x3c, 0x3, 0xe7, 0x80, 0x3c, 0x20,
    0x7, 0x80, 0x0, 0xf0, 0x0, 0xfe, 0x7, 0xff,
    0xc3, 0xff, 0xf9, 0xfe, 0xf, 0x3c, 0x1, 0xef,
    0x0, 0x3d, 0xe0, 0x7, 0xbc, 0x1, 0xf7, 0x80,
    0x7e, 0xfc, 0x1f, 0xcf, 0xff, 0xf8, 0xff, 0xe7,
    0x7, 0xf0, 0xf0,

    /* U+0104 "Ą" */
    0x0, 0x3e, 0x0, 0x0, 0x0, 0xf8, 0x0, 0x0,
    0x3, 0xf0, 0x0, 0x0, 0x1d, 0xc0, 0x0, 0x0,
    0x77, 0x0, 0x0, 0x3, 0xde, 0x0, 0x0, 0xe,
    0x38, 0x0, 0x0, 0x38, 0xf0, 0x0, 0x1, 0xe3,
    0xc0, 0x0, 0x7, 0x7, 0x0, 0x0, 0x3c, 0x1e,
    0x0, 0x0, 0xf0, 0x38, 0x0, 0x3, 0x80, 0xf0,
    0x0, 0x1e, 0x3, 0xc0, 0x0, 0x70, 0x7, 0x0,
    0x1, 0xc0, 0x1e, 0x0, 0xf, 0xff, 0xf8, 0x0,
    0x3f, 0xff, 0xf0, 0x1, 0xff, 0xff, 0xc0, 0x7,
    0x80, 0x7, 0x0, 0x1c, 0x0, 0x1e, 0x0, 0xf0,
    0x0, 0x78, 0x3, 0xc0, 0x0, 0xf0, 0xe, 0x0,
    0x3, 0xc0, 0x78, 0x0, 0xf, 0x1, 0xe0, 0x0,
    0x1e, 0xf, 0x0, 0x0, 0x78, 0x3c, 0x0, 0x1,
    0xf0, 0x0, 0x0, 0x6, 0x0, 0x0, 0x0, 0x18,
    0x0, 0x0, 0x0, 0x60, 0x0, 0x0, 0x1, 0x80,
    0x0, 0x0, 0x7, 0x4, 0x0, 0x0, 0x1f, 0xf0,
    0x0, 0x0, 0x3f, 0xc0, 0x0, 0x0, 0x7c,

    /* U+0105 "ą" */
    0x3, 0xfc, 0x0, 0x1f, 0xfe, 0x0, 0xff, 0xfe,
    0x1, 0xe0, 0x7c, 0x7, 0x80, 0x7c, 0xf, 0x0,
    0x78, 0x4, 0x0, 0xf0, 0x0, 0x1, 0xe0, 0x0,
    0x1f, 0xc0, 0xf, 0xff, 0x80, 0x7f, 0xff, 0x3,
    0xfc, 0x1e, 0x7, 0x80, 0x3c, 0x1e, 0x0, 0x78,
    0x3c, 0x0, 0xf0, 0x78, 0x3, 0xe0, 0xf0, 0xf,
    0xc1, 0xf8, 0x3f, 0x81, 0xff, 0xff, 0x1, 0xff,
    0xce, 0x0, 0xfe, 0x1e, 0x0, 0x0, 0x30, 0x0,
    0x0, 0x60, 0x0, 0x0, 0xc0, 0x0, 0x1, 0x80,
    0x0, 0x3, 0x84, 0x0, 0x7, 0xf8, 0x0, 0x7,
    0xf0, 0x0, 0x7, 0x80,

    /* U+0106 "Ć" */
    0x0, 0x7, 0x80, 0x0, 0x3, 0xc0, 0x0, 0x3,
    0xc0, 0x0, 0x1, 0xc0, 0x0, 0x1, 0xc0, 0x0,
    0x0, 0x0, 0x0, 0x0, 0x0, 0x0, 0x0, 0x0,
    0x0, 0x0, 0x7f, 0x80, 0x0, 0xff, 0xf0, 0x1,
    0xff, 0xfe, 0x1, 0xf8, 0x1f, 0x81, 0xf0, 0x3,
    0xe1, 0xf0, 0x0, 0xf0, 0xf0, 0x0, 0x3c, 0xf0,
    0x0, 0x1e, 0x78, 0x0, 0x4, 0x7c, 0x0, 0x0,
    0x3c, 0x0, 0x0, 0x1e, 0x0, 0x0, 0xf, 0x0,
    0x0, 0x7, 0x80, 0x0, 0x3, 0xc0, 0x0, 0x1,
    0xe0, 0x0, 0x0, 0xf0, 0x0, 0x0, 0x78, 0x0,
    0x0, 0x1e, 0x0, 0x1, 0x8f, 0x0, 0x0, 0xf7,
    0x80, 0x0, 0xf1, 0xe0, 0x0, 0x78, 0xf8, 0x0,
    0x78, 0x3e, 0x0, 0x7c, 0xf, 0xc0, 0xfc, 0x3,
    0xff, 0xfc, 0x0, 0xff, 0xf8, 0x0, 0xf, 0xf0,
    0x0,

    /* U+0107 "ć" */
    0x0, 0x7c, 0x0, 0x1e, 0x0, 0xf, 0x0, 0x3,
    0x80, 0x1, 0xc0, 0x0, 0x0, 0x0, 0x0, 0x0,
    0xf, 0xe0, 0xf, 0xfe, 0x7, 0xff, 0xc3, 0xe0,
    0xf9, 0xf0, 0x1e, 0x78, 0x3, 0xfe, 0x0, 0xff,
    0x0, 0x3, 0xc0, 0x0, 0xf0, 0x0, 0x3c, 0x0,
    0xf, 0x0, 0x3, 0xc0, 0x0, 0xf0, 0x1, 0xfe,
    0x0, 0xf7, 0x80, 0x3d, 0xf0, 0x1e, 0x3e, 0xf,
    0x87, 0xff, 0xc0, 0xff, 0xe0, 0xf, 0xe0,

    /* U+0108 "Ĉ" */
    0x0, 0x1e, 0x0, 0x0, 0x1f, 0x80, 0x0, 0x1f,
    0xe0, 0x0, 0x1e, 0x70, 0x0, 0xf, 0x3c, 0x0,
    0xf, 0xf, 0x0, 0x0, 0x0, 0x0, 0x0, 0x0,
    0x0, 0x0, 0x7f, 0x80, 0x0, 0xff, 0xf0, 0x1,
    0xff, 0xfe, 0x1, 0xf8, 0x1f, 0x81, 0xf0, 0x3,
    0xe1, 0xf0, 0x0, 0xf0, 0xf0, 0x0, 0x3c, 0xf0,
    0x0, 0x1e, 0x78, 0x0, 0x4, 0x7c, 0x0, 0x0,
    0x3c, 0x0, 0x0, 0x1e, 0x0, 0x0, 0xf, 0x0,
    0x0, 0x7, 0x80, 0x0, 0x3, 0xc0, 0x0, 0x1,
    0xe0, 0x0, 0x0, 0xf0, 0x0, 0x0, 0x78, 0x0,
    0x0, 0x1e, 0x0, 0x1, 0x8f, 0x0, 0x0, 0xf7,
    0x80, 0x0, 0xf1, 0xe0, 0x0, 0x78, 0xf8, 0x0,
    0x78, 0x3e, 0x0, 0x7c, 0xf, 0xc0, 0xfc, 0x3,
    0xff, 0xfc, 0x0, 0xff, 0xf8, 0x0, 0xf, 0xf0,
    0x0,

    /* U+0109 "ĉ" */
    0x0, 0xf0, 0x0, 0x7e, 0x0, 0x3d, 0xc0, 0x1e,
    0x78, 0x7, 0xf, 0x0, 0x0, 0x0, 0x0, 0x0,
    0xf, 0xe0, 0xf, 0xfe, 0x7, 0xff, 0xc3, 0xe0,
    0xf9, 0xf0, 0x1e, 0x78, 0x3, 0xfe, 0x0, 0xff,
    0x0, 0x3, 0xc0, 0x0, 0xf0, 0x0, 0x3c, 0x0,
    0xf, 0x0, 0x3, 0xc0, 0x0, 0xf0, 0x1, 0xfe,
    0x0, 0xf7, 0x80, 0x3d, 0xf0, 0x1e, 0x3e, 0xf,
    0x87, 0xff, 0xc0, 0xff, 0xe0, 0xf, 0xe0,

    /* U+010A "Ċ" */
    0x0, 0x1e, 0x0, 0x0, 0xf, 0x0, 0x0, 0x7,
    0x80, 0x0, 0x3, 0xc0, 0x0, 0x0, 0x0, 0x0,
    0x0, 0x0, 0x0, 0x0, 0x0, 0x0, 0x0, 0xff,
    0x0, 0x1, 0xff, 0xe0, 0x3, 0xff, 0xfc, 0x3,
    0xf0, 0x3f, 0x3, 0xe0, 0x7, 0xc3, 0xe0, 0x1,
    0xe1, 0xe0, 0x0, 0x79, 0xe0, 0x0, 0x3c, 0xf0,
    0x0, 0x8, 0xf8, 0x0, 0x0, 0x78, 0x0, 0x0,
    0x3c, 0x0, 0x0, 0x1e, 0x0, 0x0, 0xf, 0x0,
    0x0, 0x7, 0x80, 0x0, 0x3, 0xc0, 0x0, 0x1,
    0xe0, 0x0, 0x0, 0xf0, 0x0, 0x0, 0x3c, 0x0,
    0x3, 0x1e, 0x0, 0x1, 0xef, 0x0, 0x1, 0xe3,
    0xc0, 0x0, 0xf1, 0xf0, 0x0, 0xf0, 0x7c, 0x0,
    0xf8, 0x1f, 0x81, 0xf8, 0x7, 0xff, 0xf8, 0x1,
    0xff, 0xf0, 0x0, 0x1f, 0xe0, 0x0,

    /* U+010B "ċ" */
    0x0, 0xf0, 0x0, 0x3c, 0x0, 0xf, 0x0, 0x3,
    0xc0, 0x0, 0x0, 0x0, 0x0, 0x0, 0x0, 0x0,
    0xf, 0xe0, 0xf, 0xfe, 0x7, 0xff, 0xc3, 0xe0,
    0xf9, 0xf0, 0x1e, 0x78, 0x3, 0xbe, 0x0, 0xef,
    0x0, 0x3, 0xc0, 0x0, 0xf0, 0x0, 0x3c, 0x0,
    0xf, 0x0, 0x3, 0xc0, 0x0, 0xf0, 0x1, 0xfe,
    0x0, 0xf7, 0x80, 0x39, 0xf0, 0x1e, 0x3e, 0xf,
    0x7, 0xff, 0xc0, 0xff, 0xc0, 0xf, 0xc0,

    /* U+010C "Č" */
    0x0, 0xe1, 0xe0, 0x0, 0x79, 0xe0, 0x0, 0x1e,
    0xe0, 0x0, 0x7, 0xf0, 0x0, 0x1, 0xf0, 0x0,
    0x0, 0xf0, 0x0, 0x0, 0x0, 0x0, 0x0, 0x0,
    0x0, 0x0, 0x7f, 0x80, 0x0, 0xff, 0xf0, 0x1,
    0xff, 0xfe, 0x1, 0xf8, 0x1f, 0x81, 0xf0, 0x3,
    0xe1, 0xf0, 0x0, 0xf0, 0xf0, 0x0, 0x3c, 0xf0,
    0x0, 0x1e, 0x78, 0x0, 0x4, 0x7c, 0x0, 0x0,
    0x3c, 0x0, 0x0, 0x1e, 0x0, 0x0, 0xf, 0x0,
    0x0, 0x7, 0x80, 0x0, 0x3, 0xc0, 0x0, 0x1,
    0xe0, 0x0, 0x0, 0xf0, 0x0, 0x0, 0x78, 0x0,
    0x0, 0x1e, 0x0, 0x1, 0x8f, 0x0, 0x0, 0xf7,
    0x80, 0x0, 0xf1, 0xe0, 0x0, 0x78, 0xf8, 0x0,
    0x78, 0x3e, 0x0, 0x7c, 0xf, 0xc0, 0xfc, 0x3,
    0xff, 0xfc, 0x0, 0xff, 0xf8, 0x0, 0xf, 0xf0,
    0x0,

    /* U+010D "č" */
    0xf, 0x1e, 0x1, 0xc7, 0x0, 0x3b, 0xc0, 0xf,
    0xe0, 0x1, 0xf0, 0x0, 0x0, 0x0, 0x0, 0x0,
    0xf, 0xe0, 0xf, 0xfe, 0x7, 0xff, 0xc3, 0xe0,
    0xf9, 0xf0, 0x1e, 0x78, 0x3, 0xfe, 0x0, 0xff,
    0x0, 0x3, 0xc0, 0x0, 0xf0, 0x0, 0x3c, 0x0,
    0xf, 0x0, 0x3, 0xc0, 0x0, 0xf0, 0x1, 0xfe,
    0x0, 0xf7, 0x80, 0x3d, 0xf0, 0x1e, 0x3e, 0xf,
    0x87, 0xff, 0xc0, 0xff, 0xe0, 0xf, 0xe0,

    /* U+010E "Ď" */
    0x1c, 0x1c, 0x0, 0x3c, 0x78, 0x0, 0x3d, 0xe0,
    0x0, 0x3b, 0x80, 0x0, 0x3e, 0x0, 0x0, 0x7c,
    0x0, 0x0, 0x0, 0x0, 0x0, 0x0, 0x0, 0xff,
    0xfe, 0x1, 0xff, 0xff, 0x3, 0xff, 0xff, 0x87,
    0x80, 0x1f, 0x8f, 0x0, 0xf, 0x9e, 0x0, 0xf,
    0x3c, 0x0, 0x1f, 0x78, 0x0, 0x1e, 0xf0, 0x0,
    0x3d, 0xe0, 0x0, 0x3f, 0xc0, 0x0, 0x7f, 0x80,
    0x0, 0xff, 0x0, 0x1, 0xfe, 0x0, 0x3, 0xfc,
    0x0, 0x7, 0xf8, 0x0, 0xf, 0xf0, 0x0, 0x1f,
    0xe0, 0x0, 0x3f, 0xc0, 0x0, 0xff, 0x80, 0x1,
    0xef, 0x0, 0x3, 0xde, 0x0, 0xf, 0xbc, 0x0,
    0x1e, 0x78, 0x0, 0x78, 0xf0, 0x3, 0xf1, 0xff,
    0xff, 0xc3, 0xff, 0xfe, 0x7, 0xff, 0xf0, 0x0,

    /* U+010F "ď" */
    0x0, 0x3, 0x9e, 0x0, 0x7, 0x3c, 0x0, 0xe,
    0x78, 0x0, 0x1c, 0x30, 0x0, 0x38, 0x60, 0x0,
    0x71, 0xc0, 0x0, 0xe3, 0x1, 0xf1, 0xcc, 0xf,
    0xfb, 0x80, 0x3f, 0xff, 0x0, 0xf8, 0x7e, 0x3,
    0xe0, 0x7c, 0x7, 0x80, 0x78, 0xf, 0x0, 0xf0,
    0x3c, 0x0, 0xe0, 0x78, 0x1, 0xc0, 0xf0, 0x3,
    0x81, 0xe0, 0x7, 0x3, 0xc0, 0xe, 0x7, 0x80,
    0x1c, 0xf, 0x0, 0x38, 0xf, 0x0, 0xf0, 0x1e,
    0x1, 0xe0, 0x3e, 0x7, 0xc0, 0x3e, 0x1f, 0x80,
    0x3f, 0xff, 0x0, 0x3f, 0xee, 0x0, 0x1f, 0x1c,
    0x0,

    /* U+0110 "Đ" */
    0x1f, 0xff, 0xc0, 0x7, 0xff, 0xfc, 0x1, 0xff,
    0xff, 0xc0, 0x78, 0x1, 0xf8, 0x1e, 0x0, 0x1f,
    0x7, 0x80, 0x3, 0xc1, 0xe0, 0x0, 0xf8, 0x78,
    0x0, 0x1e, 0x1e, 0x0, 0x7, 0x87, 0x80, 0x0,
    0xf1, 0xe0, 0x0, 0x3c, 0x78, 0x0, 0xf, 0xff,
    0xfc, 0x3, 0xff, 0xff, 0x0, 0xff, 0xff, 0xc0,
    0x3c, 0x78, 0x0, 0xf, 0x1e, 0x0, 0x3, 0xc7,
    0x80, 0x0, 0xf1, 0xe0, 0x0, 0x7c, 0x78, 0x0,
    0x1e, 0x1e, 0x0, 0x7, 0x87, 0x80, 0x3, 0xe1,
    0xe0, 0x0, 0xf0, 0x78, 0x0, 0x78, 0x1e, 0x0,
    0x7e, 0x7, 0xff, 0xff, 0x1, 0xff, 0xff, 0x0,
    0x7f, 0xff, 0x0,

    /* U+0111 "đ" */
    0x0, 0x3, 0xc0, 0x1f, 0xff, 0x1, 0xff, 0xf0,
    0x1f, 0xff, 0x0, 0x3, 0xc0, 0x0, 0x3c, 0x0,
    0x3, 0xc0, 0x3e, 0x3c, 0xf, 0xfb, 0xc1, 0xff,
    0xfc, 0x3e, 0xf, 0xc7, 0xc0, 0x7c, 0x78, 0x3,
    0xc7, 0x80, 0x3c, 0xf0, 0x1, 0xcf, 0x0, 0x1c,
    0xf0, 0x1, 0xcf, 0x0, 0x1c, 0xf0, 0x1, 0xcf,
    0x0, 0x1c, 0xf0, 0x1, 0xc7, 0x80, 0x3c, 0x78,
    0x3, 0xc7, 0xc0, 0x7c, 0x3e, 0xf, 0xc1, 0xff,
    0xfc, 0xf, 0xfb, 0xc0, 0x3e, 0x3c,

    /* U+0112 "Ē" */
    0x7, 0xff, 0x80, 0x3f, 0xfc, 0x1, 0xff, 0xe0,
    0x0, 0x0, 0x0, 0x0, 0x0, 0x0, 0x0, 0x3,
    0xff, 0xff, 0xdf, 0xff, 0xfe, 0xff, 0xff, 0xf7,
    0x80, 0x0, 0x3c, 0x0, 0x1, 0xe0, 0x0, 0xf,
    0x0, 0x0, 0x78, 0x0, 0x3, 0xc0, 0x0, 0x1e,
    0x0, 0x0, 0xf0, 0x0, 0x7, 0x80, 0x0, 0x3f,
    0xff, 0xf9, 0xff, 0xff, 0xcf, 0xff, 0xfe, 0x78,
    0x0, 0x3, 0xc0, 0x0, 0x1e, 0x0, 0x0, 0xf0,
    0x0, 0x7, 0x80, 0x0, 0x3c, 0x0, 0x1, 0xe0,
    0x0, 0xf, 0x0, 0x0, 0x78, 0x0, 0x3, 0xc0,
    0x0, 0x1f, 0xff, 0xff, 0xff, 0xff, 0xff, 0xff,
    0xff, 0xc0,

    /* U+0113 "ē" */
    0x1f, 0xfe, 0x3, 0xff, 0xc0, 0x7f, 0xf8, 0x0,
    0x0, 0x0, 0x0, 0x0, 0x0, 0x0, 0x0, 0xfe,
    0x0, 0x7f, 0xf0, 0x1f, 0xff, 0x7, 0xc1, 0xf1,
    0xe0, 0x1e, 0x3c, 0x1, 0xe7, 0x0, 0x3d, 0xe0,
    0x3, 0xbf, 0xff, 0xf7, 0xff, 0xfe, 0xff, 0xff,
    0xfe, 0x0, 0x3, 0xc0, 0x0, 0x78, 0x0, 0xf,
    0x80, 0x1c, 0xf0, 0x7, 0x9f, 0x1, 0xf1, 0xf0,
    0x7c, 0x1f, 0xff, 0x1, 0xff, 0xc0, 0xf, 0xe0,
    0x0,

    /* U+0114 "Ĕ" */
    0x6, 0x3, 0x0, 0x38, 0x38, 0x1, 0xe3, 0x80,
    0x7, 0xfc, 0x0, 0x1f, 0xc0, 0x0, 0x7c, 0x0,
    0x0, 0x0, 0x0, 0x0, 0x0, 0xff, 0xff, 0xf7,
    0xff, 0xff, 0xbf, 0xff, 0xfd, 0xe0, 0x0, 0xf,
    0x0, 0x0, 0x78, 0x0, 0x3, 0xc0, 0x0, 0x1e,
    0x0, 0x0, 0xf0, 0x0, 0x7, 0x80, 0x0, 0x3c,
    0x0, 0x1, 0xe0, 0x0, 0xf, 0xff, 0xfe, 0x7f,
    0xff, 0xf3, 0xff, 0xff, 0x9e, 0x0, 0x0, 0xf0,
    0x0, 0x7, 0x80, 0x0, 0x3c, 0x0, 0x1, 0xe0,
    0x0, 0xf, 0x0, 0x0, 0x78, 0x0, 0x3, 0xc0,
    0x0, 0x1e, 0x0, 0x0, 0xf0, 0x0, 0x7, 0xff,
    0xff, 0xff, 0xff, 0xff, 0xff, 0xff, 0xf0,

    /* U+0115 "ĕ" */
    0xe, 0x6, 0x0, 0xe1, 0xc0, 0x1f, 0xf8, 0x1,
    0xfe, 0x0, 0x1f, 0x0, 0x0, 0x0, 0x0, 0x0,
    0x0, 0x1f, 0xc0, 0xf, 0xfe, 0x3, 0xff, 0xe0,
    0xf8, 0x3e, 0x3c, 0x1, 0xc7, 0x80, 0x3c, 0xe0,
    0x3, 0xbc, 0x0, 0x77, 0xff, 0xfe, 0xff, 0xff,
    0xdf, 0xff, 0xff, 0xc0, 0x0, 0x78, 0x0, 0xf,
    0x0, 0x1, 0xf0, 0x3, 0x9e, 0x0, 0xf3, 0xe0,
    0x3e, 0x3e, 0xf, 0x83, 0xff, 0xe0, 0x3f, 0xf8,
    0x1, 0xfc, 0x0,

    /* U+0116 "Ė" */
    0x0, 0x78, 0x0, 0x3, 0xc0, 0x0, 0x1e, 0x0,
    0x0, 0xf0, 0x0, 0x0, 0x0, 0x0, 0x0, 0x3,
    0xff, 0xff, 0xdf, 0xff, 0xfe, 0xff, 0xff, 0xf7,
    0x80, 0x0, 0x3c, 0x0, 0x1, 0xe0, 0x0, 0xf,
    0x0, 0x0, 0x78, 0x0, 0x3, 0xc0, 0x0, 0x1e,
    0x0, 0x0, 0xf0, 0x0, 0x7, 0x80, 0x0, 0x3f,
    0xff, 0xf9, 0xff, 0xff, 0xcf, 0xff, 0xfe, 0x78,
    0x0, 0x3, 0xc0, 0x0, 0x1e, 0x0, 0x0, 0xf0,
    0x0, 0x7, 0x80, 0x0, 0x3c, 0x0, 0x1, 0xe0,
    0x0, 0xf, 0x0, 0x0, 0x78, 0x0, 0x3, 0xc0,
    0x0, 0x1f, 0xff, 0xff, 0xff, 0xff, 0xff, 0xff,
    0xff, 0xc0,

    /* U+0117 "ė" */
    0x0, 0xf0, 0x0, 0x1e, 0x0, 0x3, 0xc0, 0x0,
    0x78, 0x0, 0x0, 0x0, 0x0, 0x0, 0x0, 0x0,
    0x0, 0x1f, 0xc0, 0xf, 0xfe, 0x3, 0xff, 0xe0,
    0xf8, 0x3e, 0x3c, 0x3, 0xc7, 0x80, 0x3c, 0xe0,
    0x3, 0xbc, 0x0, 0x77, 0xff, 0xfe, 0xff, 0xff,
    0xdf, 0xff, 0xff, 0xc0, 0x0, 0x78, 0x0, 0xf,
    0x0, 0x1, 0xf0, 0x3, 0x9e, 0x0, 0xf3, 0xe0,
    0x3e, 0x3e, 0xf, 0x83, 0xff, 0xe0, 0x3f, 0xf8,
    0x1, 0xfc, 0x0,

    /* U+0118 "Ę" */
    0xff, 0xff, 0xf7, 0xff, 0xff, 0xbf, 0xff, 0xfd,
    0xe0, 0x0, 0xf, 0x0, 0x0, 0x78, 0x0, 0x3,
    0xc0, 0x0, 0x1e, 0x0, 0x0, 0xf0, 0x0, 0x7,
    0x80, 0x0, 0x3c, 0x0, 0x1, 0xe0, 0x0, 0xf,
    0xff, 0xfe, 0x7f, 0xff, 0xf3, 0xff, 0xff, 0x9e,
    0x0, 0x0, 0xf0, 0x0, 0x7, 0x80, 0x0, 0x3c,
    0x0, 0x1, 0xe0, 0x0, 0xf, 0x0, 0x0, 0x78,
    0x0, 0x3, 0xc0, 0x0, 0x1e, 0x0, 0x0, 0xf0,
    0x0, 0x7, 0xff, 0xff, 0xff, 0xff, 0xff, 0xff,
    0xff, 0xf0, 0x0, 0x60, 0x0, 0x3, 0x0, 0x0,
    0x18, 0x0, 0x0, 0xc0, 0x0, 0x7, 0x8, 0x0,
    0x3f, 0xc0, 0x0, 0xfe, 0x0, 0x3, 0xc0,

    /* U+0119 "ę" */
    0x3, 0xf8, 0x1, 0xff, 0xc0, 0x7f, 0xfc, 0x1f,
    0x7, 0xc7, 0x80, 0x78, 0xf0, 0x7, 0x9c, 0x0,
    0x77, 0x80, 0xe, 0xff, 0xff, 0xdf, 0xff, 0xfb,
    0xff, 0xff, 0xf8, 0x0, 0xf, 0x0, 0x1, 0xe0,
    0x0, 0x3e, 0x0, 0x73, 0xc0, 0x1e, 0x7c, 0x7,
    0xc7, 0xc1, 0xf0, 0x7f, 0xfc, 0x7, 0xff, 0x0,
    0x3f, 0x80, 0x1, 0x80, 0x0, 0x30, 0x0, 0x6,
    0x0, 0x0, 0xc0, 0x0, 0x1c, 0x10, 0x3, 0xfe,
    0x0, 0x3f, 0xc0, 0x3, 0xe0,

    /* U+011A "Ě" */
    0xf, 0xf, 0x0, 0x38, 0xf0, 0x1, 0xe7, 0x0,
    0x7, 0xf0, 0x0, 0x1f, 0x80, 0x0, 0xf8, 0x0,
    0x0, 0x0, 0x0, 0x0, 0x0, 0xff, 0xff, 0xf7,
    0xff, 0xff, 0xbf, 0xff, 0xfd, 0xe0, 0x0, 0xf,
    0x0, 0x0, 0x78, 0x0, 0x3, 0xc0, 0x0, 0x1e,
    0x0, 0x0, 0xf0, 0x0, 0x7, 0x80, 0x0, 0x3c,
    0x0, 0x1, 0xe0, 0x0, 0xf, 0xff, 0xfe, 0x7f,
    0xff, 0xf3, 0xff, 0xff, 0x9e, 0x0, 0x0, 0xf0,
    0x0, 0x7, 0x80, 0x0, 0x3c, 0x0, 0x1, 0xe0,
    0x0, 0xf, 0x0, 0x0, 0x78, 0x0, 0x3, 0xc0,
    0x0, 0x1e, 0x0, 0x0, 0xf0, 0x0, 0x7, 0xff,
    0xff, 0xff, 0xff, 0xff, 0xff, 0xff, 0xf0,

    /* U+011B "ě" */
    0xf, 0xe, 0x0, 0xf3, 0x80, 0xe, 0xf0, 0x0,
    0xfc, 0x0, 0x1f, 0x0, 0x0, 0x0, 0x0, 0x0,
    0x0, 0x1f, 0xc0, 0xf, 0xfe, 0x3, 0xff, 0xe0,
    0xf8, 0x3e, 0x3c, 0x1, 0xc7, 0x80, 0x3c, 0xe0,
    0x3, 0xbc, 0x0, 0x77, 0xff, 0xfe, 0xff, 0xff,
    0xdf, 0xff, 0xff, 0xc0, 0x0, 0x78, 0x0, 0xf,
    0x0, 0x1, 0xf0, 0x3, 0x9e, 0x0, 0xf3, 0xe0,
    0x3e, 0x3e, 0xf, 0x83, 0xff, 0xe0, 0x3f, 0xf8,
    0x1, 0xfc, 0x0,

    /* U+011C "Ĝ" */
    0x0, 0xf, 0x0, 0x0, 0x7, 0xe0, 0x0, 0x1,
    0xdc, 0x0, 0x0, 0xf7, 0x80, 0x0, 0x78, 0xf0,
    0x0, 0x1c, 0x3c, 0x0, 0x0, 0x0, 0x0, 0x0,
    0x0, 0x0, 0x0, 0x3f, 0xc0, 0x0, 0x7f, 0xfe,
    0x0, 0x7f, 0xff, 0xc0, 0x3f, 0x1, 0xf8, 0x1f,
    0x0, 0x1f, 0xf, 0x80, 0x3, 0xe3, 0xc0, 0x0,
    0x79, 0xf0, 0x0, 0xe, 0x78, 0x0, 0x0, 0x1e,
    0x0, 0x0, 0xf, 0x0, 0x0, 0x3, 0xc0, 0x0,
    0x0, 0xf0, 0x0, 0x0, 0x3c, 0x0, 0xff, 0xff,
    0x0, 0x3f, 0xff, 0xc0, 0xf, 0xff, 0xf0, 0x0,
    0x3, 0xfc, 0x0, 0x0, 0xf7, 0x80, 0x0, 0x3d,
    0xe0, 0x0, 0xf, 0x78, 0x0, 0x3, 0xcf, 0x0,
    0x0, 0xf3, 0xe0, 0x0, 0x7c, 0x7c, 0x0, 0x3f,
    0xf, 0xe0, 0x7f, 0x81, 0xff, 0xff, 0x80, 0x1f,
    0xff, 0xc0, 0x0, 0xff, 0x0,

    /* U+011D "ĝ" */
    0x1, 0xf0, 0x0, 0xfc, 0x0, 0x3b, 0x80, 0x1c,
    0x70, 0xf, 0x1e, 0x0, 0x0, 0x0, 0x0, 0x0,
    0xf, 0xc7, 0xf, 0xf9, 0xc7, 0xff, 0xf3, 0xe0,
    0xfd, 0xf0, 0x1f, 0x78, 0x3, 0xde, 0x0, 0xff,
    0x0, 0x1f, 0xc0, 0x7, 0xf0, 0x1, 0xfc, 0x0,
    0x7f, 0x0, 0x1f, 0xc0, 0x7, 0xf0, 0x1, 0xde,
    0x0, 0xf7, 0x80, 0x3d, 0xf0, 0x1f, 0x3e, 0xf,
    0xc7, 0xff, 0x70, 0xff, 0x9c, 0xf, 0xc7, 0x0,
    0x1, 0xc0, 0x0, 0xf7, 0x0, 0x39, 0xe0, 0x1e,
    0x7c, 0xf, 0x8f, 0xff, 0xc1, 0xff, 0xe0, 0x1f,
    0xc0,

    /* U+011E "Ğ" */
    0x0, 0x60, 0x30, 0x0, 0x1c, 0x1c, 0x0, 0x7,
    0xe, 0x0, 0x0, 0xff, 0x80, 0x0, 0x1f, 0xc0,
    0x0, 0x3, 0xe0, 0x0, 0x0, 0x0, 0x0, 0x0,
    0x0, 0x0, 0x0, 0x3f, 0xc0, 0x0, 0x7f, 0xfe,
    0x0, 0x7f, 0xff, 0xc0, 0x3f, 0x1, 0xf8, 0x1f,
    0x0, 0x1f, 0xf, 0x80, 0x3, 0xe3, 0xc0, 0x0,
    0x79, 0xf0, 0x0, 0xe, 0x78, 0x0, 0x0, 0x1e,
    0x0, 0x0, 0xf, 0x0, 0x0, 0x3, 0xc0, 0x0,
    0x0, 0xf0, 0x0, 0x0, 0x3c, 0x0, 0xff, 0xff,
    0x0, 0x3f, 0xff, 0xc0, 0xf, 0xff, 0xf0, 0x0,
    0x3, 0xfc, 0x0, 0x0, 0xf7, 0x80, 0x0, 0x3d,
    0xe0, 0x0, 0xf, 0x78, 0x0, 0x3, 0xcf, 0x0,
    0x0, 0xf3, 0xe0, 0x0, 0x7c, 0x7c, 0x0, 0x3f,
    0xf, 0xe0, 0x7f, 0x81, 0xff, 0xff, 0x80, 0x1f,
    0xff, 0xc0, 0x0, 0xff, 0x0,

    /* U+011F "ğ" */
    0xe, 0x6, 0x1, 0xc3, 0x80, 0x7f, 0xe0, 0xf,
    0xf0, 0x1, 0xf8, 0x0, 0x0, 0x0, 0x0, 0x0,
    0xf, 0xc7, 0xf, 0xf9, 0xc7, 0xff, 0xf3, 0xe0,
    0xfd, 0xf0, 0x1f, 0x78, 0x3, 0xde, 0x0, 0xff,
    0x0, 0x1f, 0xc0, 0x7, 0xf0, 0x1, 0xfc, 0x0,
    0x7f, 0x0, 0x1f, 0xc0, 0x7, 0xf0, 0x1, 0xde,
    0x0, 0xf7, 0x80, 0x3d, 0xf0, 0x1f, 0x3e, 0xf,
    0xc7, 0xff, 0x70, 0xff, 0x9c, 0xf, 0xc7, 0x0,
    0x1, 0xc0, 0x0, 0xf7, 0x0, 0x39, 0xe0, 0x1e,
    0x7c, 0xf, 0x8f, 0xff, 0xc1, 0xff, 0xe0, 0x1f,
    0xc0,

    /* U+0120 "Ġ" */
    0x0, 0xf, 0x0, 0x0, 0x3, 0xc0, 0x0, 0x0,
    0xf0, 0x0, 0x0, 0x3c, 0x0, 0x0, 0x0, 0x0,
    0x0, 0x0, 0x0, 0x0, 0x0, 0x0, 0x0, 0x0,
    0xff, 0x0, 0x1, 0xff, 0xf8, 0x1, 0xff, 0xff,
    0x0, 0xfc, 0x7, 0xe0, 0x7c, 0x0, 0x7c, 0x3e,
    0x0, 0xf, 0x8f, 0x0, 0x1, 0xe7, 0xc0, 0x0,
    0x79, 0xe0, 0x0, 0x0, 0x78, 0x0, 0x0, 0x3c,
    0x0, 0x0, 0xf, 0x0, 0x0, 0x3, 0xc0, 0x0,
    0x0, 0xf0, 0x3, 0xff, 0xfc, 0x0, 0xff, 0xff,
    0x0, 0x3f, 0xff, 0xc0, 0x0, 0xf, 0xf0, 0x0,
    0x3, 0xde, 0x0, 0x0, 0xf7, 0x80, 0x0, 0x3d,
    0xe0, 0x0, 0xf, 0x3c, 0x0, 0x3, 0xcf, 0x80,
    0x1, 0xf1, 0xf0, 0x0, 0xfc, 0x3f, 0x81, 0xfe,
    0x7, 0xff, 0xfe, 0x0, 0x7f, 0xff, 0x0, 0x3,
    0xfc, 0x0,

    /* U+0121 "ġ" */
    0x0, 0xf0, 0x0, 0x3c, 0x0, 0xf, 0x0, 0x3,
    0xc0, 0x0, 0x0, 0x0, 0x0, 0x0, 0x0, 0x0,
    0xf, 0xc7, 0xf, 0xf9, 0xc7, 0xff, 0xf3, 0xe0,
    0xfd, 0xf0, 0x1f, 0x78, 0x3, 0xde, 0x0, 0xff,
    0x0, 0x1f, 0xc0, 0x7, 0xf0, 0x1, 0xfc, 0x0,
    0x7f, 0x0, 0x1f, 0xc0, 0x7, 0xf0, 0x1, 0xde,
    0x0, 0xf7, 0x80, 0x3d, 0xf0, 0x1f, 0x3e, 0xf,
    0xc7, 0xff, 0x70, 0xff, 0x9c, 0xf, 0xc7, 0x0,
    0x1, 0xc0, 0x0, 0xf7, 0x0, 0x39, 0xe0, 0x1e,
    0x7c, 0xf, 0x8f, 0xff, 0xc1, 0xff, 0xe0, 0x1f,
    0xc0,

    /* U+0122 "Ģ" */
    0x0, 0x3f, 0xc0, 0x0, 0x7f, 0xfe, 0x0, 0x7f,
    0xff, 0xc0, 0x3f, 0x1, 0xf8, 0x1f, 0x0, 0x1f,
    0xf, 0x80, 0x3, 0xe3, 0xc0, 0x0, 0x79, 0xf0,
    0x0, 0x1e, 0x78, 0x0, 0x3, 0x1e, 0x0, 0x0,
    0xf, 0x0, 0x0, 0x3, 0xc0, 0x0, 0x0, 0xf0,
    0x0, 0x0, 0x3c, 0x0, 0x0, 0xf, 0x0, 0x3f,
    0xff, 0xc0, 0xf, 0xff, 0xf0, 0x3, 0xff, 0xfc,
    0x0, 0x0, 0xf7, 0x80, 0x0, 0x3d, 0xe0, 0x0,
    0xf, 0x78, 0x0, 0x3, 0xcf, 0x0, 0x0, 0xf3,
    0xe0, 0x0, 0x3c, 0x7c, 0x0, 0x3f, 0xf, 0xe0,
    0x7f, 0x81, 0xff, 0xff, 0xc0, 0x1f, 0xff, 0xc0,
    0x0, 0xff, 0x80, 0x0, 0x6, 0x0, 0x0, 0x3,
    0xe0, 0x0, 0x0, 0x7c, 0x0, 0x0, 0x7, 0x0,
    0x0, 0x1, 0xc0, 0x0, 0xf, 0xf0, 0x0, 0x3,
    0xf8, 0x0, 0x0, 0xfc, 0x0,

    /* U+0123 "ģ" */
    0x0, 0x60, 0x0, 0x38, 0x0, 0x1c, 0x0, 0x6,
    0x0, 0x1, 0xe0, 0x0, 0x78, 0x0, 0x1e, 0x0,
    0x0, 0x0, 0x0, 0x0, 0x0, 0xfc, 0x70, 0xff,
    0x9c, 0x7f, 0xff, 0x3e, 0xf, 0xdf, 0x1, 0xf7,
    0x80, 0x3d, 0xe0, 0xf, 0xf0, 0x1, 0xfc, 0x0,
    0x7f, 0x0, 0x1f, 0xc0, 0x7, 0xf0, 0x1, 0xfc,
    0x0, 0x7f, 0x0, 0x1d, 0xe0, 0xf, 0x78, 0x3,
    0xdf, 0x1, 0xf3, 0xe0, 0xfc, 0x7f, 0xf7, 0xf,
    0xf9, 0xc0, 0xfc, 0x70, 0x0, 0x1c, 0x0, 0xf,
    0x70, 0x3, 0x9e, 0x1, 0xe7, 0xc0, 0xf8, 0xff,
    0xfc, 0x1f, 0xfe, 0x1, 0xfc, 0x0,

    /* U+0124 "Ĥ" */
    0x0, 0x38, 0x0, 0x1, 0xf0, 0x0, 0xf, 0xe0,
    0x0, 0x3b, 0xc0, 0x1, 0xe7, 0x0, 0xf, 0x1e,
    0x0, 0x0, 0x0, 0x0, 0x0, 0x0, 0xf0, 0x0,
    0x3f, 0xc0, 0x0, 0xff, 0x0, 0x3, 0xfc, 0x0,
    0xf, 0xf0, 0x0, 0x3f, 0xc0, 0x0, 0xff, 0x0,
    0x3, 0xfc, 0x0, 0xf, 0xf0, 0x0, 0x3f, 0xc0,
    0x0, 0xff, 0x0, 0x3, 0xff, 0xff, 0xff, 0xff,
    0xff, 0xff, 0xff, 0xff, 0xff, 0x0, 0x3, 0xfc,
    0x0, 0xf, 0xf0, 0x0, 0x3f, 0xc0, 0x0, 0xff,
    0x0, 0x3, 0xfc, 0x0, 0xf, 0xf0, 0x0, 0x3f,
    0xc0, 0x0, 0xff, 0x0, 0x3, 0xfc, 0x0, 0xf,
    0xf0, 0x0, 0x3f, 0xc0, 0x0, 0xff, 0x0, 0x3,
    0xfc, 0x0, 0xf,

    /* U+0125 "ĥ" */
    0x0, 0xe0, 0x0, 0xf8, 0x0, 0x7e, 0x0, 0x77,
    0x80, 0x79, 0xe0, 0x38, 0x78, 0x0, 0x0, 0x0,
    0x0, 0xf0, 0x0, 0x78, 0x0, 0x3c, 0x0, 0x1e,
    0x0, 0xf, 0x0, 0x7, 0x80, 0x3, 0xc0, 0x1,
    0xe3, 0xf0, 0xf7, 0xfe, 0x7f, 0xff, 0xbf, 0x87,
    0xdf, 0x81, 0xff, 0x80, 0x7f, 0x80, 0x3f, 0xc0,
    0x1f, 0xe0, 0xf, 0xf0, 0x7, 0xf8, 0x3, 0xfc,
    0x1, 0xfe, 0x0, 0xff, 0x0, 0x7f, 0x80, 0x3f,
    0xc0, 0x1f, 0xe0, 0xf, 0xf0, 0x7, 0xf8, 0x3,
    0xfc, 0x1, 0xfe, 0x0, 0xf0,

    /* U+0126 "Ħ" */
    0x3c, 0x0, 0x7, 0x87, 0x80, 0x0, 0xf0, 0xf0,
    0x0, 0x1e, 0x1e, 0x0, 0x3, 0xcf, 0xff, 0xff,
    0xff, 0xff, 0xff, 0xff, 0xff, 0xff, 0xff, 0xf9,
    0xe0, 0x0, 0x3c, 0x3c, 0x0, 0x7, 0x87, 0x80,
    0x0, 0xf0, 0xf0, 0x0, 0x1e, 0x1f, 0xff, 0xff,
    0xc3, 0xff, 0xff, 0xf8, 0x7f, 0xff, 0xff, 0xf,
    0x0, 0x1, 0xe1, 0xe0, 0x0, 0x3c, 0x3c, 0x0,
    0x7, 0x87, 0x80, 0x0, 0xf0, 0xf0, 0x0, 0x1e,
    0x1e, 0x0, 0x3, 0xc3, 0xc0, 0x0, 0x78, 0x78,
    0x0, 0xf, 0xf, 0x0, 0x1, 0xe1, 0xe0, 0x0,
    0x3c, 0x3c, 0x0, 0x7, 0x87, 0x80, 0x0, 0xf0,
    0xf0, 0x0, 0x1e, 0x1e, 0x0, 0x3, 0xc0,

    /* U+0127 "ħ" */
    0x3c, 0x0, 0x7, 0x80, 0x3, 0xff, 0xe0, 0x7f,
    0xfc, 0xf, 0xff, 0x80, 0x78, 0x0, 0xf, 0x0,
    0x1, 0xe3, 0xf0, 0x3d, 0xff, 0x87, 0xff, 0xf8,
    0xfe, 0x1f, 0x1f, 0x1, 0xf3, 0xe0, 0x1e, 0x78,
    0x3, 0xcf, 0x0, 0x79, 0xe0, 0xf, 0x3c, 0x1,
    0xe7, 0x80, 0x3c, 0xf0, 0x7, 0x9e, 0x0, 0xf3,
    0xc0, 0x1e, 0x78, 0x3, 0xcf, 0x0, 0x79, 0xe0,
    0xf, 0x3c, 0x1, 0xe7, 0x80, 0x3c, 0xf0, 0x7,
    0x9e, 0x0, 0xf0,

    /* U+0128 "Ĩ" */
    0x3c, 0x33, 0xf9, 0xbf, 0xfd, 0xc7, 0xee, 0x1e,
    0x0, 0x0, 0x0, 0x0, 0xf0, 0x7, 0x80, 0x3c,
    0x1, 0xe0, 0xf, 0x0, 0x78, 0x3, 0xc0, 0x1e,
    0x0, 0xf0, 0x7, 0x80, 0x3c, 0x1, 0xe0, 0xf,
    0x0, 0x78, 0x3, 0xc0, 0x1e, 0x0, 0xf0, 0x7,
    0x80, 0x3c, 0x1, 0xe0, 0xf, 0x0, 0x78, 0x3,
    0xc0, 0x1e, 0x0, 0xf0, 0x7, 0x80, 0x3c, 0x1,
    0xe0,

    /* U+0129 "ĩ" */
    0x3c, 0x33, 0xf1, 0xbf, 0xfd, 0xc7, 0xee, 0x1e,
    0x0, 0x0, 0x0, 0x1, 0xe0, 0xf, 0x0, 0x78,
    0x3, 0xc0, 0x1e, 0x0, 0xf0, 0x7, 0x80, 0x3c,
    0x1, 0xe0, 0xf, 0x0, 0x78, 0x3, 0xc0, 0x1e,
    0x0, 0xf0, 0x7, 0x80, 0x3c, 0x1, 0xe0, 0xf,
    0x0, 0x78, 0x3, 0xc0, 0x1e, 0x0,

    /* U+012A "Ī" */
    0xff, 0xff, 0xff, 0xff, 0xf0, 0x0, 0x0, 0x0,
    0xf0, 0xf, 0x0, 0xf0, 0xf, 0x0, 0xf0, 0xf,
    0x0, 0xf0, 0xf, 0x0, 0xf0, 0xf, 0x0, 0xf0,
    0xf, 0x0, 0xf0, 0xf, 0x0, 0xf0, 0xf, 0x0,
    0xf0, 0xf, 0x0, 0xf0, 0xf, 0x0, 0xf0, 0xf,
    0x0, 0xf0, 0xf, 0x0, 0xf0, 0xf, 0x0, 0xf0,
    0xf, 0x0,

    /* U+012B "ī" */
    0xff, 0xff, 0xff, 0xff, 0xf0, 0x0, 0x0, 0x0,
    0x0, 0xf, 0x0, 0xf0, 0xf, 0x0, 0xf0, 0xf,
    0x0, 0xf0, 0xf, 0x0, 0xf0, 0xf, 0x0, 0xf0,
    0xf, 0x0, 0xf0, 0xf, 0x0, 0xf0, 0xf, 0x0,
    0xf0, 0xf, 0x0, 0xf0, 0xf, 0x0, 0xf0, 0xf,
    0x0,

    /* U+012C "Ĭ" */
    0xe0, 0x76, 0x7, 0x70, 0xe7, 0xfe, 0x3f, 0xc0,
    0xf8, 0x0, 0x0, 0xf0, 0xf, 0x0, 0xf0, 0xf,
    0x0, 0xf0, 0xf, 0x0, 0xf0, 0xf, 0x0, 0xf0,
    0xf, 0x0, 0xf0, 0xf, 0x0, 0xf0, 0xf, 0x0,
    0xf0, 0xf, 0x0, 0xf0, 0xf, 0x0, 0xf0, 0xf,
    0x0, 0xf0, 0xf, 0x0, 0xf0, 0xf, 0x0, 0xf0,
    0xf, 0x0, 0xf0, 0xf, 0x0,

    /* U+012D "ĭ" */
    0xe0, 0x7f, 0xf, 0x7f, 0xe3, 0xfc, 0x1f, 0x80,
    0x0, 0x0, 0x0, 0xf0, 0xf, 0x0, 0xf0, 0xf,
    0x0, 0xf0, 0xf, 0x0, 0xf0, 0xf, 0x0, 0xf0,
    0xf, 0x0, 0xf0, 0xf, 0x0, 0xf0, 0xf, 0x0,
    0xf0, 0xf, 0x0, 0xf0, 0xf, 0x0, 0xf0, 0xf,
    0x0, 0xf0,

    /* U+012E "Į" */
    0xf0, 0x78, 0x3c, 0x1e, 0xf, 0x7, 0x83, 0xc1,
    0xe0, 0xf0, 0x78, 0x3c, 0x1e, 0xf, 0x7, 0x83,
    0xc1, 0xe0, 0xf0, 0x78, 0x3c, 0x1e, 0xf, 0x7,
    0x83, 0xc1, 0xe0, 0xf0, 0x78, 0x3c, 0x1e, 0xc,
    0x6, 0x3, 0x1, 0x80, 0xe0, 0xff, 0xdf, 0xe7,
    0xc0,

    /* U+012F "į" */
    0xf0, 0x78, 0x3c, 0x1e, 0x0, 0x0, 0x0, 0x1,
    0xe0, 0xf0, 0x78, 0x3c, 0x1e, 0xf, 0x7, 0x83,
    0xc1, 0xe0, 0xf0, 0x78, 0x3c, 0x1e, 0xf, 0x7,
    0x83, 0xc1, 0xe0, 0xf0, 0x78, 0x3c, 0x1e, 0xc,
    0x6, 0x3, 0x1, 0x80, 0xe0, 0xff, 0xdf, 0xe7,
    0xc0,

    /* U+0130 "İ" */
    0xff, 0xff, 0x0, 0xff, 0xff, 0xff, 0xff, 0xff,
    0xff, 0xff, 0xff, 0xff, 0xff, 0xff, 0xff, 0xff,
    0xff,

    /* U+0131 "ı" */
    0xff, 0xff, 0xff, 0xff, 0xff, 0xff, 0xff, 0xff,
    0xff, 0xff, 0xf0,

    /* U+0132 "Ĳ" */
    0xf0, 0x0, 0x1f, 0xe0, 0x0, 0x3f, 0xc0, 0x0,
    0x7f, 0x80, 0x0, 0xff, 0x0, 0x1, 0xfe, 0x0,
    0x3, 0xfc, 0x0, 0x7, 0xf8, 0x0, 0xf, 0xf0,
    0x0, 0x1f, 0xe0, 0x0, 0x3f, 0xc0, 0x0, 0x7f,
    0x80, 0x0, 0xff, 0x0, 0x1, 0xfe, 0x0, 0x3,
    0xfc, 0x0, 0x7, 0xf8, 0x0, 0xf, 0xf0, 0x0,
    0x1f, 0xe0, 0x0, 0x3f, 0xc0, 0x0, 0x7f, 0x80,
    0x0, 0xff, 0x1e, 0x1, 0xfe, 0x3c, 0x3, 0xfc,
    0x78, 0x7, 0xf8, 0x78, 0x1e, 0xf0, 0xf8, 0x7d,
    0xe0, 0xff, 0xf3, 0xc0, 0xff, 0xc7, 0x80, 0xfe,
    0x0,

    /* U+0133 "ĳ" */
    0xf0, 0x7f, 0x83, 0xfc, 0x1f, 0xe0, 0xf0, 0x0,
    0x0, 0x0, 0x0, 0x1e, 0xf, 0xf0, 0x7f, 0x83,
    0xfc, 0x1f, 0xe0, 0xff, 0x7, 0xf8, 0x3f, 0xc1,
    0xfe, 0xf, 0xf0, 0x7f, 0x83, 0xfc, 0x1f, 0xe0,
    0xff, 0x7, 0xf8, 0x3f, 0xc1, 0xfe, 0xf, 0xf0,
    0x7f, 0x83, 0xfc, 0x1f, 0xe0, 0xf0, 0x7, 0x80,
    0x3c, 0x1, 0xe0, 0xf, 0x0, 0xf8, 0x1f, 0x81,
    0xfc, 0xf, 0x80,

    /* U+0134 "Ĵ" */
    0x0, 0xf, 0x80, 0x0, 0xfe, 0x0, 0x7, 0x70,
    0x0, 0x7b, 0xc0, 0x7, 0x8f, 0x0, 0x78, 0x3c,
    0x0, 0x0, 0x0, 0x0, 0x0, 0x0, 0xf, 0x0,
    0x0, 0x78, 0x0, 0x3, 0xc0, 0x0, 0x1e, 0x0,
    0x0, 0xf0, 0x0, 0x7, 0x80, 0x0, 0x3c, 0x0,
    0x1, 0xe0, 0x0, 0xf, 0x0, 0x0, 0x78, 0x0,
    0x3, 0xc0, 0x0, 0x1e, 0x0, 0x0, 0xf0, 0x0,
    0x7, 0x80, 0x0, 0x3c, 0x0, 0x1, 0xe0, 0x0,
    0xf, 0x0, 0x0, 0x78, 0x0, 0x3, 0xc0, 0x0,
    0x1e, 0xf, 0x0, 0xf0, 0x78, 0x7, 0x83, 0xc0,
    0x3c, 0xf, 0x3, 0xc0, 0x7c, 0x3e, 0x1, 0xff,
    0xe0, 0x7, 0xfe, 0x0, 0x1f, 0xc0, 0x0,

    /* U+0135 "ĵ" */
    0x1f, 0x81, 0xf8, 0x39, 0xc7, 0x8e, 0xf0, 0xf0,
    0x0, 0x0, 0x0, 0xf0, 0xf, 0x0, 0xf0, 0xf,
    0x0, 0xf0, 0xf, 0x0, 0xf0, 0xf, 0x0, 0xf0,
    0xf, 0x0, 0xf0, 0xf, 0x0, 0xf0, 0xf, 0x0,
    0xf0, 0xf, 0x0, 0xf0, 0xf, 0x0, 0xf0, 0xf,
    0x0, 0xf0, 0xf, 0x0, 0xf0, 0xf, 0x0, 0xf0,
    0x1f, 0xf, 0xe0, 0xfe, 0xf, 0x80,

    /* U+0136 "Ķ" */
    0xf0, 0x0, 0x7d, 0xe0, 0x1, 0xf3, 0xc0, 0x7,
    0xc7, 0x80, 0x1f, 0xf, 0x0, 0x7c, 0x1e, 0x1,
    0xf0, 0x3c, 0x7, 0xc0, 0x78, 0x1f, 0x0, 0xf0,
    0x7c, 0x1, 0xe1, 0xf0, 0x3, 0xc7, 0xc0, 0x7,
    0x9f, 0x0, 0xf, 0x7f, 0x0, 0x1f, 0xfe, 0x0,
    0x3f, 0xde, 0x0, 0x7f, 0x1e, 0x0, 0xfc, 0x3e,
    0x1, 0xf0, 0x3c, 0x3, 0xc0, 0x3c, 0x7, 0x80,
    0x7c, 0xf, 0x0, 0x7c, 0x1e, 0x0, 0x78, 0x3c,
    0x0, 0xf8, 0x78, 0x0, 0xf8, 0xf0, 0x0, 0xf1,
    0xe0, 0x1, 0xf3, 0xc0, 0x1, 0xf7, 0x80, 0x1,
    0xf0, 0x0, 0x0, 0x0, 0x7, 0x80, 0x0, 0xf,
    0x80, 0x0, 0x3, 0x80, 0x0, 0x7, 0x0, 0x1,
    0xfe, 0x0, 0x3, 0xf8, 0x0, 0x7, 0xe0, 0x0,

    /* U+0137 "ķ" */
    0xf0, 0x0, 0x78, 0x0, 0x3c, 0x0, 0x1e, 0x0,
    0xf, 0x0, 0x7, 0x80, 0x3, 0xc0, 0x1, 0xe0,
    0x3c, 0xf0, 0x3c, 0x78, 0x3c, 0x3c, 0x3c, 0x1e,
    0x1e, 0xf, 0x1e, 0x7, 0x9e, 0x3, 0xde, 0x1,
    0xff, 0x0, 0xff, 0x80, 0x7f, 0xe0, 0x3e, 0x78,
    0x1e, 0x3c, 0xf, 0xf, 0x7, 0x83, 0xc3, 0xc1,
    0xe1, 0xe0, 0x78, 0xf0, 0x3c, 0x78, 0xf, 0x3c,
    0x3, 0xde, 0x1, 0xe0, 0x0, 0x0, 0xf, 0x0,
    0x7, 0xc0, 0x0, 0x70, 0x0, 0x38, 0x1, 0xfc,
    0x1, 0xfc, 0x0, 0xfc, 0x0,

    /* U+0138 "ĸ" */
    0xf0, 0xf, 0x78, 0xf, 0x3c, 0xf, 0x1e, 0xf,
    0xf, 0xf, 0x7, 0x8f, 0x3, 0xcf, 0x1, 0xef,
    0x0, 0xff, 0x80, 0x7f, 0xe0, 0x3f, 0x78, 0x1f,
    0x3c, 0xf, 0xf, 0x7, 0x87, 0xc3, 0xc1, 0xe1,
    0xe0, 0x78, 0xf0, 0x3c, 0x78, 0xf, 0x3c, 0x3,
    0xde, 0x1, 0xef, 0x0, 0x78,

    /* U+0139 "Ĺ" */
    0x7, 0xc0, 0x1, 0xe0, 0x0, 0xf0, 0x0, 0x38,
    0x0, 0x1c, 0x0, 0x0, 0x0, 0x0, 0x0, 0x3,
    0xc0, 0x0, 0xf0, 0x0, 0x3c, 0x0, 0xf, 0x0,
    0x3, 0xc0, 0x0, 0xf0, 0x0, 0x3c, 0x0, 0xf,
    0x0, 0x3, 0xc0, 0x0, 0xf0, 0x0, 0x3c, 0x0,
    0xf, 0x0, 0x3, 0xc0, 0x0, 0xf0, 0x0, 0x3c,
    0x0, 0xf, 0x0, 0x3, 0xc0, 0x0, 0xf0, 0x0,
    0x3c, 0x0, 0xf, 0x0, 0x3, 0xc0, 0x0, 0xf0,
    0x0, 0x3c, 0x0, 0xf, 0x0, 0x3, 0xc0, 0x0,
    0xff, 0xff, 0xff, 0xff, 0xff, 0xff, 0xfc,

    /* U+013A "ĺ" */
    0x3e, 0x79, 0xe3, 0x8e, 0x0, 0x0, 0x3c, 0x78,
    0xf1, 0xe3, 0xc7, 0x8f, 0x1e, 0x3c, 0x78, 0xf1,
    0xe3, 0xc7, 0x8f, 0x1e, 0x3c, 0x78, 0xf1, 0xe3,
    0xc7, 0x8f, 0x1e, 0x3c, 0x78, 0xf1, 0xe0,

    /* U+013B "Ļ" */
    0xf0, 0x0, 0x3c, 0x0, 0xf, 0x0, 0x3, 0xc0,
    0x0, 0xf0, 0x0, 0x3c, 0x0, 0xf, 0x0, 0x3,
    0xc0, 0x0, 0xf0, 0x0, 0x3c, 0x0, 0xf, 0x0,
    0x3, 0xc0, 0x0, 0xf0, 0x0, 0x3c, 0x0, 0xf,
    0x0, 0x3, 0xc0, 0x0, 0xf0, 0x0, 0x3c, 0x0,
    0xf, 0x0, 0x3, 0xc0, 0x0, 0xf0, 0x0, 0x3c,
    0x0, 0xf, 0x0, 0x3, 0xc0, 0x0, 0xf0, 0x0,
    0x3f, 0xff, 0xff, 0xff, 0xff, 0xff, 0xff, 0x0,
    0x0, 0x0, 0x3c, 0x0, 0xf, 0x80, 0x0, 0x70,
    0x0, 0x1c, 0x0, 0xff, 0x0, 0x3f, 0x80, 0xf,
    0xc0,

    /* U+013C "ļ" */
    0x1e, 0xf, 0x7, 0x83, 0xc1, 0xe0, 0xf0, 0x78,
    0x3c, 0x1e, 0xf, 0x7, 0x83, 0xc1, 0xe0, 0xf0,
    0x78, 0x3c, 0x1e, 0xf, 0x7, 0x83, 0xc1, 0xe0,
    0xf0, 0x78, 0x3c, 0x1e, 0xf, 0x7, 0x83, 0xc0,
    0x1, 0xf0, 0xfc, 0x7, 0x3, 0xbf, 0xdf, 0xdf,
    0x80,

    /* U+013D "Ľ" */
    0xf0, 0x1e, 0x3c, 0x7, 0x8f, 0x1, 0xe3, 0xc0,
    0x78, 0xf0, 0x6, 0x3c, 0x1, 0x8f, 0x0, 0x63,
    0xc0, 0x30, 0xf0, 0x18, 0x3c, 0x0, 0xf, 0x0,
    0x3, 0xc0, 0x0, 0xf0, 0x0, 0x3c, 0x0, 0xf,
    0x0, 0x3, 0xc0, 0x0, 0xf0, 0x0, 0x3c, 0x0,
    0xf, 0x0, 0x3, 0xc0, 0x0, 0xf0, 0x0, 0x3c,
    0x0, 0xf, 0x0, 0x3, 0xc0, 0x0, 0xf0, 0x0,
    0x3f, 0xff, 0xff, 0xff, 0xff, 0xff, 0xff,

    /* U+013E "ľ" */
    0xf7, 0xfb, 0xfd, 0xfe, 0x3f, 0x1f, 0x9f, 0xdd,
    0xec, 0xf0, 0x78, 0x3c, 0x1e, 0xf, 0x7, 0x83,
    0xc1, 0xe0, 0xf0, 0x78, 0x3c, 0x1e, 0xf, 0x7,
    0x83, 0xc1, 0xe0, 0xf0, 0x78, 0x3c, 0x1e, 0x0,

    /* U+013F "Ŀ" */
    0xf0, 0x0, 0x3c, 0x0, 0xf, 0x0, 0x3, 0xc0,
    0x0, 0xf0, 0x0, 0x3c, 0x0, 0xf, 0x0, 0x3,
    0xc0, 0x0, 0xf0, 0x0, 0x3c, 0x0, 0xf, 0x0,
    0x3, 0xc0, 0x0, 0xf0, 0x1e, 0x3c, 0x7, 0x8f,
    0x1, 0xe3, 0xc0, 0x78, 0xf0, 0x0, 0x3c, 0x0,
    0xf, 0x0, 0x3, 0xc0, 0x0, 0xf0, 0x0, 0x3c,
    0x0, 0xf, 0x0, 0x3, 0xc0, 0x0, 0xf0, 0x0,
    0x3f, 0xff, 0xff, 0xff, 0xff, 0xff, 0xff,

    /* U+0140 "ŀ" */
    0xf0, 0x3c, 0xf, 0x3, 0xc0, 0xf0, 0x3c, 0xf,
    0x3, 0xc0, 0xf0, 0x3c, 0xf, 0x3, 0xc0, 0xf3,
    0xfc, 0xff, 0x3f, 0xcf, 0xf0, 0x3c, 0xf, 0x3,
    0xc0, 0xf0, 0x3c, 0xf, 0x3, 0xc0, 0xf0, 0x3c,
    0xf, 0x3, 0xc0,

    /* U+0141 "Ł" */
    0x1e, 0x0, 0x0, 0xf0, 0x0, 0x7, 0x80, 0x0,
    0x3c, 0x0, 0x1, 0xe0, 0x0, 0xf, 0x0, 0x0,
    0x78, 0x20, 0x3, 0xc3, 0x0, 0x1e, 0x38, 0x0,
    0xf3, 0x80, 0x7, 0xb8, 0x0, 0x3f, 0x80, 0x1,
    0xf8, 0x0, 0xf, 0x80, 0x0, 0x78, 0x0, 0xf,
    0xc0, 0x0, 0xfe, 0x0, 0x7, 0xf0, 0x0, 0x37,
    0x80, 0x0, 0x3c, 0x0, 0x1, 0xe0, 0x0, 0xf,
    0x0, 0x0, 0x78, 0x0, 0x3, 0xc0, 0x0, 0x1e,
    0x0, 0x0, 0xff, 0xff, 0xc7, 0xff, 0xfe, 0x3f,
    0xff, 0xf0,

    /* U+0142 "ł" */
    0x1e, 0xf, 0x7, 0x83, 0xc1, 0xe0, 0xf0, 0x78,
    0x3c, 0x1e, 0xf, 0x47, 0xa3, 0xf1, 0xf0, 0xf8,
    0xf8, 0xfc, 0xfe, 0x6f, 0x27, 0x83, 0xc1, 0xe0,
    0xf0, 0x78, 0x3c, 0x1e, 0xf, 0x7, 0x83, 0xc0,

    /* U+0143 "Ń" */
    0x0, 0x3c, 0x0, 0x0, 0xf0, 0x0, 0x7, 0x80,
    0x0, 0x1c, 0x0, 0x0, 0xe0, 0x0, 0x0, 0x0,
    0x0, 0x0, 0x0, 0x3e, 0x0, 0xf, 0xf8, 0x0,
    0x3f, 0xf0, 0x0, 0xff, 0xc0, 0x3, 0xff, 0x80,
    0xf, 0xff, 0x0, 0x3f, 0xfc, 0x0, 0xff, 0x78,
    0x3, 0xfc, 0xf0, 0xf, 0xf3, 0xc0, 0x3f, 0xc7,
    0x80, 0xff, 0x1e, 0x3, 0xfc, 0x3c, 0xf, 0xf0,
    0x78, 0x3f, 0xc1, 0xe0, 0xff, 0x3, 0xc3, 0xfc,
    0x7, 0x8f, 0xf0, 0x1e, 0x3f, 0xc0, 0x3c, 0xff,
    0x0, 0xf3, 0xfc, 0x1, 0xef, 0xf0, 0x3, 0xff,
    0xc0, 0xf, 0xff, 0x0, 0x1f, 0xfc, 0x0, 0x3f,
    0xf0, 0x0, 0xff, 0xc0, 0x1, 0xff, 0x0, 0x7,
    0xc0,

    /* U+0144 "ń" */
    0x0, 0x78, 0x0, 0x78, 0x0, 0x38, 0x0, 0x38,
    0x0, 0x18, 0x0, 0x0, 0x0, 0x0, 0x1, 0xe3,
    0xf0, 0xf7, 0xfe, 0x7f, 0xff, 0xbf, 0x87, 0xdf,
    0x1, 0xff, 0x80, 0x7f, 0x80, 0x3f, 0xc0, 0x1f,
    0xe0, 0xf, 0xf0, 0x7, 0xf8, 0x3, 0xfc, 0x1,
    0xfe, 0x0, 0xff, 0x0, 0x7f, 0x80, 0x3f, 0xc0,
    0x1f, 0xe0, 0xf, 0xf0, 0x7, 0xf8, 0x3, 0xfc,
    0x1, 0xfe, 0x0, 0xf0,

    /* U+0145 "Ņ" */
    0xf8, 0x0, 0x3f, 0xe0, 0x0, 0xff, 0xc0, 0x3,
    0xff, 0x0, 0xf, 0xfe, 0x0, 0x3f, 0xfc, 0x0,
    0xff, 0xf0, 0x3, 0xfd, 0xe0, 0xf, 0xf3, 0xc0,
    0x3f, 0xcf, 0x0, 0xff, 0x1e, 0x3, 0xfc, 0x78,
    0xf, 0xf0, 0xf0, 0x3f, 0xc1, 0xe0, 0xff, 0x7,
    0x83, 0xfc, 0xf, 0xf, 0xf0, 0x1e, 0x3f, 0xc0,
    0x78, 0xff, 0x0, 0xf3, 0xfc, 0x3, 0xcf, 0xf0,
    0x7, 0xbf, 0xc0, 0xf, 0xff, 0x0, 0x3f, 0xfc,
    0x0, 0x7f, 0xf0, 0x0, 0xff, 0xc0, 0x3, 0xff,
    0x0, 0x7, 0xfc, 0x0, 0x1f, 0x0, 0x0, 0x0,
    0x0, 0xf0, 0x0, 0x3, 0xe0, 0x0, 0x1, 0xc0,
    0x0, 0x7, 0x0, 0x1, 0xfc, 0x0, 0xf, 0xe0,
    0x0, 0x3f, 0x0,

    /* U+0146 "ņ" */
    0xf1, 0xf8, 0x7b, 0xff, 0x3f, 0xff, 0xdf, 0xc3,
    0xef, 0x80, 0xff, 0xc0, 0x3f, 0xc0, 0x1f, 0xe0,
    0xf, 0xf0, 0x7, 0xf8, 0x3, 0xfc, 0x1, 0xfe,
    0x0, 0xff, 0x0, 0x7f, 0x80, 0x3f, 0xc0, 0x1f,
    0xe0, 0xf, 0xf0, 0x7, 0xf8, 0x3, 0xfc, 0x1,
    0xfe, 0x0, 0xff, 0x0, 0x78, 0x0, 0x0, 0xf,
    0x0, 0x7, 0xc0, 0x0, 0x70, 0x0, 0x38, 0x1,
    0xfc, 0x0, 0xfc, 0x0, 0x7c, 0x0,

    /* U+0147 "Ň" */
    0x7, 0x87, 0x80, 0xf, 0x3c, 0x0, 0x1c, 0xe0,
    0x0, 0x7f, 0x0, 0x0, 0xfc, 0x0, 0x1, 0xe0,
    0x0, 0x0, 0x0, 0x0, 0x0, 0x0, 0xf8, 0x0,
    0x3f, 0xe0, 0x0, 0xff, 0xc0, 0x3, 0xff, 0x0,
    0xf, 0xfe, 0x0, 0x3f, 0xfc, 0x0, 0xff, 0xf0,
    0x3, 0xfd, 0xe0, 0xf, 0xf3, 0xc0, 0x3f, 0xcf,
    0x0, 0xff, 0x1e, 0x3, 0xfc, 0x78, 0xf, 0xf0,
    0xf0, 0x3f, 0xc1, 0xe0, 0xff, 0x7, 0x83, 0xfc,
    0xf, 0xf, 0xf0, 0x1e, 0x3f, 0xc0, 0x78, 0xff,
    0x0, 0xf3, 0xfc, 0x3, 0xcf, 0xf0, 0x7, 0xbf,
    0xc0, 0xf, 0xff, 0x0, 0x3f, 0xfc, 0x0, 0x7f,
    0xf0, 0x0, 0xff, 0xc0, 0x3, 0xff, 0x0, 0x7,
    0xfc, 0x0, 0x1f,

    /* U+0148 "ň" */
    0x1e, 0x3c, 0x7, 0x9e, 0x1, 0xde, 0x0, 0x7e,
    0x0, 0x1e, 0x0, 0x0, 0x0, 0x0, 0x1, 0xe3,
    0xf0, 0xf7, 0xfe, 0x7f, 0xff, 0xbf, 0x87, 0xdf,
    0x1, 0xff, 0x80, 0x7f, 0x80, 0x3f, 0xc0, 0x1f,
    0xe0, 0xf, 0xf0, 0x7, 0xf8, 0x3, 0xfc, 0x1,
    0xfe, 0x0, 0xff, 0x0, 0x7f, 0x80, 0x3f, 0xc0,
    0x1f, 0xe0, 0xf, 0xf0, 0x7, 0xf8, 0x3, 0xfc,
    0x1, 0xfe, 0x0, 0xf0,

    /* U+0149 "ŉ" */
    0xf0, 0x0, 0x7, 0x80, 0x0, 0x3c, 0x0, 0x1,
    0xe0, 0x0, 0x3, 0x0, 0x0, 0x18, 0x0, 0x1,
    0x80, 0x0, 0x19, 0xe3, 0xf0, 0xf, 0x7f, 0xe0,
    0x7f, 0xff, 0x83, 0xf8, 0x7c, 0x1f, 0x1, 0xf0,
    0xf8, 0x7, 0x87, 0x80, 0x3c, 0x3c, 0x1, 0xe1,
    0xe0, 0xf, 0xf, 0x0, 0x78, 0x78, 0x3, 0xc3,
    0xc0, 0x1e, 0x1e, 0x0, 0xf0, 0xf0, 0x7, 0x87,
    0x80, 0x3c, 0x3c, 0x1, 0xe1, 0xe0, 0xf, 0xf,
    0x0, 0x78, 0x78, 0x3, 0xc3, 0xc0, 0x1e, 0x1e,
    0x0, 0xf0,

    /* U+014A "Ŋ" */
    0xf0, 0x7f, 0x1, 0xe3, 0xff, 0x83, 0xdf, 0xff,
    0x87, 0xfc, 0x1f, 0x8f, 0xe0, 0xf, 0x9f, 0x80,
    0xf, 0xbe, 0x0, 0xf, 0x7c, 0x0, 0x1e, 0xf0,
    0x0, 0x3f, 0xe0, 0x0, 0x3f, 0xc0, 0x0, 0x7f,
    0x80, 0x0, 0xff, 0x0, 0x1, 0xfe, 0x0, 0x3,
    0xfc, 0x0, 0x7, 0xf8, 0x0, 0xf, 0xf0, 0x0,
    0x1f, 0xe0, 0x0, 0x3f, 0xc0, 0x0, 0x7f, 0x80,
    0x1, 0xef, 0x0, 0x3, 0xde, 0x0, 0x7, 0xbc,
    0x0, 0x1f, 0x78, 0x0, 0x3c, 0xf0, 0x11, 0xf9,
    0xe0, 0x7f, 0xe3, 0xc0, 0xff, 0x87, 0x81, 0xfc,
    0x0,

    /* U+014B "ŋ" */
    0xf1, 0xf8, 0x7b, 0xff, 0x3f, 0xff, 0xdf, 0xc3,
    0xef, 0x80, 0xff, 0xc0, 0x3f, 0xc0, 0x1f, 0xe0,
    0xf, 0xf0, 0x7, 0xf8, 0x3, 0xfc, 0x1, 0xfe,
    0x0, 0xff, 0x0, 0x7f, 0x80, 0x3f, 0xc0, 0x1f,
    0xe0, 0xf, 0xf0, 0x7, 0xf8, 0x3, 0xfc, 0x1,
    0xfe, 0x0, 0xff, 0x0, 0x78, 0x0, 0x3c, 0x0,
    0x1e, 0x0, 0xf, 0x0, 0x7, 0x80, 0x7, 0xc0,
    0x1f, 0xc0, 0xf, 0xe0, 0x7, 0xc0,

    /* U+014C "Ō" */
    0x0, 0xff, 0xf0, 0x0, 0x1f, 0xfe, 0x0, 0x3,
    0xff, 0xc0, 0x0, 0x0, 0x0, 0x0, 0x0, 0x0,
    0x0, 0x0, 0x0, 0x0, 0x0, 0xf, 0xe0, 0x0,
    0xf, 0xff, 0x80, 0x7, 0xff, 0xfc, 0x1, 0xf8,
    0xf, 0xc0, 0x7c, 0x0, 0x7c, 0x1f, 0x0, 0x7,
    0xc3, 0xc0, 0x0, 0x78, 0xf0, 0x0, 0xf, 0x9e,
    0x0, 0x0, 0xf3, 0xc0, 0x0, 0x1e, 0xf0, 0x0,
    0x1, 0xfe, 0x0, 0x0, 0x3f, 0xc0, 0x0, 0x7,
    0xf8, 0x0, 0x0, 0xff, 0x0, 0x0, 0x1f, 0xe0,
    0x0, 0x3, 0xfc, 0x0, 0x0, 0x7f, 0x80, 0x0,
    0xf, 0x78, 0x0, 0x3, 0xcf, 0x0, 0x0, 0x79,
    0xe0, 0x0, 0xf, 0x1e, 0x0, 0x3, 0xc3, 0xe0,
    0x0, 0xf8, 0x3e, 0x0, 0x3e, 0x3, 0xf0, 0x1f,
    0x80, 0x3f, 0xff, 0xe0, 0x1, 0xff, 0xf0, 0x0,
    0xf, 0xf8, 0x0,

    /* U+014D "ō" */
    0xf, 0xff, 0x1, 0xff, 0xe0, 0x3f, 0xfc, 0x0,
    0x0, 0x0, 0x0, 0x0, 0x0, 0x0, 0x0, 0xfe,
    0x0, 0x7f, 0xf0, 0x1f, 0xff, 0x7, 0xc1, 0xf1,
    0xf0, 0x1f, 0x3c, 0x1, 0xef, 0x80, 0x3d, 0xe0,
    0x3, 0xfc, 0x0, 0x7f, 0x80, 0xf, 0xf0, 0x1,
    0xfe, 0x0, 0x3f, 0xc0, 0x7, 0xf8, 0x0, 0xff,
    0x80, 0x3e, 0xf0, 0x7, 0x9f, 0x1, 0xf1, 0xf0,
    0x7c, 0x1f, 0xff, 0x1, 0xff, 0xc0, 0xf, 0xe0,
    0x0,

    /* U+014E "Ŏ" */
    0x0, 0xe0, 0x60, 0x0, 0x1c, 0xc, 0x0, 0x1,
    0xc3, 0x80, 0x0, 0x3f, 0xe0, 0x0, 0x3, 0xfc,
    0x0, 0x0, 0x3e, 0x0, 0x0, 0x0, 0x0, 0x0,
    0x0, 0x0, 0x0, 0x0, 0x3f, 0x80, 0x0, 0x3f,
    0xfe, 0x0, 0x1f, 0xff, 0xf0, 0x7, 0xe0, 0x3f,
    0x1, 0xf0, 0x1, 0xf0, 0x7c, 0x0, 0x1f, 0xf,
    0x0, 0x1, 0xe3, 0xc0, 0x0, 0x3e, 0x78, 0x0,
    0x3, 0xcf, 0x0, 0x0, 0x7b, 0xc0, 0x0, 0x7,
    0xf8, 0x0, 0x0, 0xff, 0x0, 0x0, 0x1f, 0xe0,
    0x0, 0x3, 0xfc, 0x0, 0x0, 0x7f, 0x80, 0x0,
    0xf, 0xf0, 0x0, 0x1, 0xfe, 0x0, 0x0, 0x3d,
    0xe0, 0x0, 0xf, 0x3c, 0x0, 0x1, 0xe7, 0x80,
    0x0, 0x3c, 0x78, 0x0, 0xf, 0xf, 0x80, 0x3,
    0xe0, 0xf8, 0x0, 0xf8, 0xf, 0xc0, 0x7e, 0x0,
    0xff, 0xff, 0x80, 0x7, 0xff, 0xc0, 0x0, 0x3f,
    0xe0, 0x0,

    /* U+014F "ŏ" */
    0x6, 0x6, 0x0, 0xe1, 0xc0, 0x1f, 0xf0, 0x1,
    0xfc, 0x0, 0x1f, 0x0, 0x0, 0x0, 0x0, 0x0,
    0x0, 0x1f, 0xc0, 0xf, 0xfe, 0x3, 0xff, 0xe0,
    0xf8, 0x3e, 0x3e, 0x3, 0xe7, 0x80, 0x3d, 0xf0,
    0x7, 0xbc, 0x0, 0x7f, 0x80, 0xf, 0xf0, 0x1,
    0xfe, 0x0, 0x3f, 0xc0, 0x7, 0xf8, 0x0, 0xff,
    0x0, 0x1f, 0xf0, 0x7, 0xde, 0x0, 0xf3, 0xe0,
    0x3e, 0x3e, 0xf, 0x83, 0xff, 0xe0, 0x3f, 0xf8,
    0x1, 0xfc, 0x0,

    /* U+0150 "Ő" */
    0x0, 0x7c, 0xf0, 0x0, 0xf, 0x1e, 0x0, 0x3,
    0xc7, 0x80, 0x0, 0x70, 0xe0, 0x0, 0xc, 0x38,
    0x0, 0x0, 0x0, 0x0, 0x0, 0x0, 0x0, 0x0,
    0x0, 0x0, 0x0, 0x0, 0x3f, 0x80, 0x0, 0x3f,
    0xfe, 0x0, 0x1f, 0xff, 0xf0, 0x7, 0xe0, 0x3f,
    0x1, 0xf0, 0x1, 0xf0, 0x7c, 0x0, 0x1f, 0xf,
    0x0, 0x1, 0xe3, 0xc0, 0x0, 0x3e, 0x78, 0x0,
    0x3, 0xcf, 0x0, 0x0, 0x7b, 0xc0, 0x0, 0x7,
    0xf8, 0x0, 0x0, 0xff, 0x0, 0x0, 0x1f, 0xe0,
    0x0, 0x3, 0xfc, 0x0, 0x0, 0x7f, 0x80, 0x0,
    0xf, 0xf0, 0x0, 0x1, 0xfe, 0x0, 0x0, 0x3d,
    0xe0, 0x0, 0xf, 0x3c, 0x0, 0x1, 0xe7, 0x80,
    0x0, 0x3c, 0x78, 0x0, 0xf, 0xf, 0x80, 0x3,
    0xe0, 0xf8, 0x0, 0xf8, 0xf, 0xc0, 0x7e, 0x0,
    0xff, 0xff, 0x80, 0x7, 0xff, 0xc0, 0x0, 0x3f,
    0xe0, 0x0,

    /* U+0151 "ő" */
    0x3, 0xc7, 0x80, 0x79, 0xe0, 0xe, 0x38, 0x3,
    0x8f, 0x0, 0x61, 0xc0, 0x0, 0x0, 0x0, 0x0,
    0x0, 0x1f, 0xc0, 0xf, 0xfe, 0x3, 0xff, 0xe0,
    0xf8, 0x3e, 0x3e, 0x3, 0xe7, 0x80, 0x3d, 0xf0,
    0x7, 0xbc, 0x0, 0x7f, 0x80, 0xf, 0xf0, 0x1,
    0xfe, 0x0, 0x3f, 0xc0, 0x7, 0xf8, 0x0, 0xff,
    0x0, 0x1f, 0xf0, 0x7, 0xde, 0x0, 0xf3, 0xe0,
    0x3e, 0x3e, 0xf, 0x83, 0xff, 0xe0, 0x3f, 0xf8,
    0x1, 0xfc, 0x0,

    /* U+0152 "Œ" */
    0x0, 0xfe, 0x1f, 0xff, 0xe0, 0x7f, 0xf9, 0xff,
    0xfe, 0xf, 0xff, 0xdf, 0xff, 0xe1, 0xf8, 0x3f,
    0xe0, 0x0, 0x3e, 0x0, 0xfe, 0x0, 0x3, 0xc0,
    0x7, 0xe0, 0x0, 0x7c, 0x0, 0x7e, 0x0, 0x7,
    0x80, 0x3, 0xe0, 0x0, 0x78, 0x0, 0x3e, 0x0,
    0xf, 0x0, 0x1, 0xe0, 0x0, 0xf0, 0x0, 0x1e,
    0x0, 0xf, 0x0, 0x1, 0xff, 0xfc, 0xf0, 0x0,
    0x1f, 0xff, 0xcf, 0x0, 0x1, 0xff, 0xfc, 0xf0,
    0x0, 0x1e, 0x0, 0xf, 0x0, 0x1, 0xe0, 0x0,
    0xf0, 0x0, 0x1e, 0x0, 0xf, 0x0, 0x1, 0xe0,
    0x0, 0xf0, 0x0, 0x1e, 0x0, 0x7, 0x80, 0x3,
    0xe0, 0x0, 0x78, 0x0, 0x3e, 0x0, 0x7, 0xc0,
    0x7, 0xe0, 0x0, 0x3c, 0x0, 0x7e, 0x0, 0x3,
    0xe0, 0xf, 0xe0, 0x0, 0x1f, 0x83, 0xfe, 0x0,
    0x0, 0xff, 0xfd, 0xff, 0xff, 0x7, 0xff, 0x9f,
    0xff, 0xf0, 0xf, 0xe1, 0xff, 0xff,

    /* U+0153 "œ" */
    0x3, 0xf8, 0x7, 0xf0, 0x3, 0xff, 0x87, 0xff,
    0x1, 0xff, 0xf3, 0xff, 0xe0, 0xf8, 0x3f, 0xf0,
    0x7c, 0x7c, 0x7, 0xf8, 0x7, 0x9e, 0x0, 0xfc,
    0x0, 0xe7, 0x80, 0x3e, 0x0, 0x3b, 0xc0, 0x7,
    0x80, 0xf, 0xf0, 0x1, 0xff, 0xff, 0xfc, 0x0,
    0x7f, 0xff, 0xff, 0x0, 0x1f, 0xff, 0xff, 0xc0,
    0x7, 0x80, 0x0, 0xf0, 0x1, 0xe0, 0x0, 0x3c,
    0x0, 0x78, 0x0, 0xf, 0x80, 0x3f, 0x0, 0x3d,
    0xe0, 0xf, 0xc0, 0x1e, 0x7c, 0x7, 0xf8, 0x7,
    0x8f, 0x83, 0xff, 0x87, 0xc1, 0xff, 0xf3, 0xff,
    0xe0, 0x3f, 0xf8, 0x7f, 0xf0, 0x3, 0xf8, 0x3,
    0xf0, 0x0,

    /* U+0154 "Ŕ" */
    0x0, 0x78, 0x0, 0x0, 0xf0, 0x0, 0x0, 0xe0,
    0x0, 0x1, 0xe0, 0x0, 0x1, 0xc0, 0x0, 0x0,
    0x0, 0x0, 0x0, 0x0, 0x0, 0xff, 0xff, 0x80,
    0xff, 0xff, 0xe0, 0xff, 0xff, 0xf0, 0xf0, 0x1,
    0xf8, 0xf0, 0x0, 0x78, 0xf0, 0x0, 0x3c, 0xf0,
    0x0, 0x3c, 0xf0, 0x0, 0x3c, 0xf0, 0x0, 0x3c,
    0xf0, 0x0, 0x7c, 0xf0, 0x0, 0x78, 0xf0, 0x1,
    0xf8, 0xff, 0xff, 0xf0, 0xff, 0xff, 0xc0, 0xff,
    0xff, 0x0, 0xf0, 0x1f, 0x0, 0xf0, 0xf, 0x80,
    0xf0, 0x7, 0xc0, 0xf0, 0x3, 0xc0, 0xf0, 0x1,
    0xe0, 0xf0, 0x1, 0xf0, 0xf0, 0x0, 0xf0, 0xf0,
    0x0, 0xf8, 0xf0, 0x0, 0x7c, 0xf0, 0x0, 0x3c,
    0xf0, 0x0, 0x3e, 0xf0, 0x0, 0x1e, 0xf0, 0x0,
    0x1f,

    /* U+0155 "ŕ" */
    0x7, 0x80, 0xf0, 0xf, 0x1, 0xe0, 0x1c, 0x0,
    0x0, 0x0, 0xf, 0x3e, 0xf7, 0xef, 0xfe, 0xfc,
    0x2f, 0x80, 0xf8, 0xf, 0x0, 0xf0, 0xf, 0x0,
    0xf0, 0xf, 0x0, 0xf0, 0xf, 0x0, 0xf0, 0xf,
    0x0, 0xf0, 0xf, 0x0, 0xf0, 0xf, 0x0, 0xf0,
    0xf, 0x0,

    /* U+0156 "Ŗ" */
    0xff, 0xff, 0x80, 0xff, 0xff, 0xe0, 0xff, 0xff,
    0xf0, 0xf0, 0x1, 0xf8, 0xf0, 0x0, 0x78, 0xf0,
    0x0, 0x3c, 0xf0, 0x0, 0x3c, 0xf0, 0x0, 0x3c,
    0xf0, 0x0, 0x3c, 0xf0, 0x0, 0x7c, 0xf0, 0x0,
    0x78, 0xf0, 0x1, 0xf8, 0xff, 0xff, 0xf0, 0xff,
    0xff, 0xc0, 0xff, 0xfe, 0x0, 0xf0, 0x1e, 0x0,
    0xf0, 0xf, 0x80, 0xf0, 0x7, 0xc0, 0xf0, 0x3,
    0xc0, 0xf0, 0x1, 0xe0, 0xf0, 0x1, 0xf0, 0xf0,
    0x0, 0xf0, 0xf0, 0x0, 0xf8, 0xf0, 0x0, 0x7c,
    0xf0, 0x0, 0x3c, 0xf0, 0x0, 0x3e, 0xf0, 0x0,
    0x1e, 0xf0, 0x0, 0x1f, 0x0, 0x0, 0x0, 0x0,
    0x3c, 0x0, 0x0, 0x3e, 0x0, 0x0, 0x7, 0x0,
    0x0, 0x7, 0x0, 0x0, 0xff, 0x0, 0x0, 0xfe,
    0x0, 0x0, 0xfc, 0x0,

    /* U+0157 "ŗ" */
    0xf3, 0xde, 0xfb, 0xff, 0x7e, 0xf, 0x81, 0xf0,
    0x3c, 0x7, 0x80, 0xf0, 0x1e, 0x3, 0xc0, 0x78,
    0xf, 0x1, 0xe0, 0x3c, 0x7, 0x80, 0xf0, 0x1e,
    0x3, 0xc0, 0x78, 0xf, 0x0, 0x0, 0x7, 0x0,
    0xf0, 0x7, 0x0, 0xe3, 0xfc, 0x7f, 0xf, 0xc0,

    /* U+0158 "Ř" */
    0x1e, 0x1e, 0x0, 0xf, 0x1c, 0x0, 0x7, 0x38,
    0x0, 0x3, 0xf8, 0x0, 0x3, 0xf0, 0x0, 0x1,
    0xe0, 0x0, 0x0, 0x0, 0x0, 0x0, 0x0, 0x0,
    0xff, 0xff, 0x80, 0xff, 0xff, 0xe0, 0xff, 0xff,
    0xf0, 0xf0, 0x1, 0xf8, 0xf0, 0x0, 0x78, 0xf0,
    0x0, 0x3c, 0xf0, 0x0, 0x3c, 0xf0, 0x0, 0x3c,
    0xf0, 0x0, 0x3c, 0xf0, 0x0, 0x7c, 0xf0, 0x0,
    0x78, 0xf0, 0x1, 0xf8, 0xff, 0xff, 0xf0, 0xff,
    0xff, 0xc0, 0xff, 0xff, 0x0, 0xf0, 0x1f, 0x0,
    0xf0, 0xf, 0x80, 0xf0, 0x7, 0xc0, 0xf0, 0x3,
    0xc0, 0xf0, 0x1, 0xe0, 0xf0, 0x1, 0xf0, 0xf0,
    0x0, 0xf0, 0xf0, 0x0, 0xf8, 0xf0, 0x0, 0x7c,
    0xf0, 0x0, 0x3c, 0xf0, 0x0, 0x3e, 0xf0, 0x0,
    0x1e, 0xf0, 0x0, 0x1f,

    /* U+0159 "ř" */
    0xf0, 0xf3, 0xcf, 0xf, 0x70, 0x3f, 0x0, 0xf0,
    0x0, 0x0, 0x0, 0xf, 0x3e, 0x7b, 0xf3, 0xff,
    0x9f, 0x84, 0xf8, 0x7, 0xc0, 0x3c, 0x1, 0xe0,
    0xf, 0x0, 0x78, 0x3, 0xc0, 0x1e, 0x0, 0xf0,
    0x7, 0x80, 0x3c, 0x1, 0xe0, 0xf, 0x0, 0x78,
    0x3, 0xc0, 0x1e, 0x0, 0xf0, 0x0,

    /* U+015A "Ś" */
    0x0, 0x3c, 0x0, 0x1, 0xe0, 0x0, 0x7, 0x0,
    0x0, 0x3c, 0x0, 0x0, 0xe0, 0x0, 0x0, 0x0,
    0x0, 0x0, 0x0, 0x0, 0x0, 0x0, 0x1, 0xfe,
    0x0, 0x1f, 0xfe, 0x1, 0xff, 0xfe, 0xf, 0xc0,
    0xfc, 0x3c, 0x0, 0xf1, 0xe0, 0x3, 0xe7, 0x80,
    0x7, 0x9e, 0x0, 0x1e, 0x78, 0x0, 0x1, 0xf0,
    0x0, 0x3, 0xf0, 0x0, 0xf, 0xfc, 0x0, 0x1f,
    0xff, 0x0, 0x1f, 0xff, 0x0, 0x1f, 0xff, 0x0,
    0x7, 0xfe, 0x0, 0x1, 0xf8, 0x0, 0x1, 0xf0,
    0x0, 0x7, 0xf8, 0x0, 0xf, 0xf0, 0x0, 0x3f,
    0xc0, 0x0, 0xf7, 0x80, 0x7, 0x9f, 0x0, 0x3e,
    0x3f, 0x3, 0xf0, 0x7f, 0xff, 0x80, 0xff, 0xfc,
    0x0, 0x7f, 0x80,

    /* U+015B "ś" */
    0x0, 0xf0, 0x0, 0xe0, 0x1, 0xc0, 0x1, 0xc0,
    0x3, 0x80, 0x0, 0x0, 0x0, 0x0, 0xf, 0xe0,
    0x3f, 0xf8, 0x7f, 0xfc, 0xf8, 0x3c, 0xf0, 0x1e,
    0xf0, 0x1e, 0xf0, 0x0, 0xf8, 0x0, 0x7f, 0x80,
    0x3f, 0xf0, 0x1f, 0xfc, 0x3, 0xfe, 0x0, 0x3f,
    0x0, 0xf, 0xe0, 0xf, 0xf0, 0xf, 0x70, 0x1f,
    0x7c, 0x3e, 0x3f, 0xfe, 0x1f, 0xf8, 0x7, 0xf0,

    /* U+015C "Ŝ" */
    0x0, 0x78, 0x0, 0x3, 0xf0, 0x0, 0x1f, 0xc0,
    0x0, 0x73, 0x80, 0x3, 0xcf, 0x0, 0x1e, 0x1e,
    0x0, 0x0, 0x0, 0x0, 0x0, 0x0, 0x1, 0xfe,
    0x0, 0x1f, 0xfe, 0x1, 0xff, 0xfe, 0xf, 0xc0,
    0xfc, 0x3c, 0x0, 0xf1, 0xe0, 0x3, 0xe7, 0x80,
    0x7, 0x9e, 0x0, 0x1e, 0x78, 0x0, 0x1, 0xf0,
    0x0, 0x3, 0xf0, 0x0, 0xf, 0xfc, 0x0, 0x1f,
    0xff, 0x0, 0x1f, 0xff, 0x0, 0x1f, 0xff, 0x0,
    0x7, 0xfe, 0x0, 0x1, 0xf8, 0x0, 0x1, 0xf0,
    0x0, 0x7, 0xf8, 0x0, 0xf, 0xf0, 0x0, 0x3f,
    0xc0, 0x0, 0xf7, 0x80, 0x7, 0x9f, 0x0, 0x3e,
    0x3f, 0x3, 0xf0, 0x7f, 0xff, 0x80, 0xff, 0xfc,
    0x0, 0x7f, 0x80,

    /* U+015D "ŝ" */
    0x3, 0xc0, 0x7, 0xe0, 0x7, 0x70, 0xe, 0x78,
    0x1e, 0x38, 0x0, 0x0, 0x0, 0x0, 0xf, 0xe0,
    0x3f, 0xf8, 0x7f, 0xfc, 0xf8, 0x3c, 0xf0, 0x1e,
    0xf0, 0x1e, 0xf0, 0x0, 0xf8, 0x0, 0x7f, 0x80,
    0x3f, 0xf0, 0x1f, 0xfc, 0x3, 0xfe, 0x0, 0x3f,
    0x0, 0xf, 0xe0, 0xf, 0xf0, 0xf, 0x70, 0x1f,
    0x7c, 0x3e, 0x3f, 0xfe, 0x1f, 0xf8, 0x7, 0xf0,

    /* U+015E "Ş" */
    0x1, 0xfe, 0x0, 0x1f, 0xfe, 0x1, 0xff, 0xfe,
    0xf, 0xc0, 0xfc, 0x3c, 0x0, 0xf1, 0xe0, 0x3,
    0xe7, 0x80, 0x7, 0x9e, 0x0, 0x1e, 0x78, 0x0,
    0x1, 0xf0, 0x0, 0x3, 0xf0, 0x0, 0xf, 0xfc,
    0x0, 0x1f, 0xff, 0x0, 0x1f, 0xff, 0x0, 0x1f,
    0xff, 0x0, 0x7, 0xfe, 0x0, 0x1, 0xf8, 0x0,
    0x1, 0xf0, 0x0, 0x7, 0xf8, 0x0, 0xf, 0xf0,
    0x0, 0x3f, 0xc0, 0x0, 0xf7, 0x80, 0x7, 0x9f,
    0x0, 0x3e, 0x3f, 0x3, 0xf0, 0x7f, 0xff, 0x80,
    0xff, 0xfc, 0x0, 0x7f, 0x80, 0x0, 0x70, 0x0,
    0x1, 0xe0, 0x0, 0x1, 0xc0, 0x0, 0x3, 0x80,
    0x0, 0x1e, 0x0, 0x7, 0xf0, 0x0, 0x1f, 0xc0,
    0x0, 0x7c, 0x0,

    /* U+015F "ş" */
    0xf, 0xe0, 0x3f, 0xf8, 0x7f, 0xfc, 0xf8, 0x3c,
    0xf0, 0x1e, 0xf0, 0x1e, 0xf0, 0x0, 0xf8, 0x0,
    0x7f, 0x80, 0x3f, 0xf0, 0x1f, 0xfc, 0x3, 0xfe,
    0x0, 0x3f, 0x0, 0xf, 0xe0, 0xf, 0xf0, 0xf,
    0x70, 0x1f, 0x7c, 0x3e, 0x3f, 0xfe, 0x1f, 0xf8,
    0x7, 0xf0, 0x3, 0x0, 0x3, 0xc0, 0x0, 0xe0,
    0x0, 0xe0, 0x0, 0xe0, 0xf, 0xe0, 0xf, 0xc0,
    0xf, 0x80,

    /* U+0160 "Š" */
    0x7, 0x8f, 0x0, 0xf, 0x38, 0x0, 0x1d, 0xc0,
    0x0, 0x7f, 0x0, 0x0, 0xf8, 0x0, 0x1, 0xc0,
    0x0, 0x0, 0x0, 0x0, 0x0, 0x0, 0x1, 0xfe,
    0x0, 0x1f, 0xfe, 0x1, 0xff, 0xfe, 0xf, 0xc0,
    0xfc, 0x3c, 0x0, 0xf1, 0xe0, 0x3, 0xe7, 0x80,
    0x7, 0x9e, 0x0, 0x1e, 0x78, 0x0, 0x1, 0xf0,
    0x0, 0x3, 0xf0, 0x0, 0xf, 0xfc, 0x0, 0x1f,
    0xff, 0x0, 0x1f, 0xff, 0x0, 0x1f, 0xff, 0x0,
    0x7, 0xfe, 0x0, 0x1, 0xf8, 0x0, 0x1, 0xf0,
    0x0, 0x7, 0xf8, 0x0, 0xf, 0xf0, 0x0, 0x3f,
    0xc0, 0x0, 0xf7, 0x80, 0x7, 0x9f, 0x0, 0x3e,
    0x3f, 0x3, 0xf0, 0x7f, 0xff, 0x80, 0xff, 0xfc,
    0x0, 0x7f, 0x80,

    /* U+0161 "š" */
    0x1c, 0x78, 0x1e, 0x70, 0xe, 0xe0, 0x7, 0xe0,
    0x3, 0xc0, 0x0, 0x0, 0x0, 0x0, 0xf, 0xe0,
    0x3f, 0xf8, 0x7f, 0xfc, 0xf8, 0x3c, 0xf0, 0x1e,
    0xf0, 0x1e, 0xf0, 0x0, 0xf8, 0x0, 0x7f, 0x80,
    0x3f, 0xf0, 0x1f, 0xfc, 0x3, 0xfe, 0x0, 0x3f,
    0x0, 0xf, 0xe0, 0xf, 0xf0, 0xf, 0x70, 0x1f,
    0x7c, 0x3e, 0x3f, 0xfe, 0x1f, 0xf8, 0x7, 0xf0,

    /* U+0162 "Ţ" */
    0xff, 0xff, 0xff, 0xff, 0xff, 0xff, 0xff, 0xff,
    0xc0, 0x1e, 0x0, 0x0, 0x78, 0x0, 0x1, 0xe0,
    0x0, 0x7, 0x80, 0x0, 0x1e, 0x0, 0x0, 0x78,
    0x0, 0x1, 0xe0, 0x0, 0x7, 0x80, 0x0, 0x1e,
    0x0, 0x0, 0x78, 0x0, 0x1, 0xe0, 0x0, 0x7,
    0x80, 0x0, 0x1e, 0x0, 0x0, 0x78, 0x0, 0x1,
    0xe0, 0x0, 0x7, 0x80, 0x0, 0x1e, 0x0, 0x0,
    0x78, 0x0, 0x1, 0xe0, 0x0, 0x7, 0x80, 0x0,
    0x1e, 0x0, 0x0, 0x78, 0x0, 0x1, 0xe0, 0x0,
    0x7, 0x80, 0x0, 0x1e, 0x0, 0x0, 0x0, 0x0,
    0x0, 0x0, 0x0, 0x7, 0x80, 0x0, 0x1e, 0x0,
    0x0, 0x78, 0x0, 0x1, 0xe0, 0x0, 0x1, 0x80,
    0x0, 0x6, 0x0, 0x0, 0x30, 0x0, 0x1, 0xc0,
    0x0, 0x4, 0x0, 0x0,

    /* U+0163 "ţ" */
    0x4, 0xe, 0xf, 0x7, 0x83, 0xc1, 0xe0, 0xf1,
    0xff, 0xff, 0xff, 0xcf, 0x7, 0x83, 0xc1, 0xe0,
    0xf0, 0x78, 0x3c, 0x1e, 0xf, 0x7, 0x83, 0xc1,
    0xe0, 0xf0, 0x78, 0x3c, 0x1f, 0xc7, 0xe1, 0xf0,
    0x0, 0x0, 0x3c, 0x1e, 0xf, 0x1, 0x80, 0xc0,
    0xc0, 0xc0,

    /* U+0164 "Ť" */
    0x7, 0x87, 0x80, 0xe, 0x1c, 0x0, 0x3c, 0xf0,
    0x0, 0x7f, 0x80, 0x0, 0xfc, 0x0, 0x1, 0xe0,
    0x0, 0x0, 0x0, 0x0, 0x0, 0x0, 0xff, 0xff,
    0xff, 0xff, 0xff, 0xff, 0xff, 0xff, 0xc0, 0x1e,
    0x0, 0x0, 0x78, 0x0, 0x1, 0xe0, 0x0, 0x7,
    0x80, 0x0, 0x1e, 0x0, 0x0, 0x78, 0x0, 0x1,
    0xe0, 0x0, 0x7, 0x80, 0x0, 0x1e, 0x0, 0x0,
    0x78, 0x0, 0x1, 0xe0, 0x0, 0x7, 0x80, 0x0,
    0x1e, 0x0, 0x0, 0x78, 0x0, 0x1, 0xe0, 0x0,
    0x7, 0x80, 0x0, 0x1e, 0x0, 0x0, 0x78, 0x0,
    0x1, 0xe0, 0x0, 0x7, 0x80, 0x0, 0x1e, 0x0,
    0x0, 0x78, 0x0, 0x1, 0xe0, 0x0, 0x7, 0x80,
    0x0, 0x1e, 0x0,

    /* U+0165 "ť" */
    0x0, 0x3c, 0x30, 0xf3, 0xc3, 0xcf, 0x3, 0x3c,
    0xc, 0xf0, 0x73, 0xc3, 0xbf, 0xec, 0xff, 0x83,
    0xfe, 0x3, 0xc0, 0xf, 0x0, 0x3c, 0x0, 0xf0,
    0x3, 0xc0, 0xf, 0x0, 0x3c, 0x0, 0xf0, 0x3,
    0xc0, 0xf, 0x0, 0x3c, 0x0, 0xf0, 0x3, 0xc0,
    0xf, 0x0, 0x3c, 0x0, 0xfe, 0x1, 0xf8, 0x3,
    0xe0,

    /* U+0166 "Ŧ" */
    0xff, 0xff, 0xff, 0xff, 0xff, 0xff, 0xff, 0xff,
    0xc0, 0x1e, 0x0, 0x0, 0x78, 0x0, 0x1, 0xe0,
    0x0, 0x7, 0x80, 0x0, 0x1e, 0x0, 0x0, 0x78,
    0x0, 0x1, 0xe0, 0x0, 0x7, 0x80, 0x0, 0x1e,
    0x0, 0x0, 0x78, 0x0, 0x7f, 0xff, 0x81, 0xff,
    0xfe, 0x7, 0xff, 0xf8, 0x0, 0x78, 0x0, 0x1,
    0xe0, 0x0, 0x7, 0x80, 0x0, 0x1e, 0x0, 0x0,
    0x78, 0x0, 0x1, 0xe0, 0x0, 0x7, 0x80, 0x0,
    0x1e, 0x0, 0x0, 0x78, 0x0, 0x1, 0xe0, 0x0,
    0x7, 0x80, 0x0, 0x1e, 0x0,

    /* U+0167 "ŧ" */
    0x4, 0x7, 0x3, 0xc0, 0xf0, 0x3c, 0xf, 0x3,
    0xc3, 0xfe, 0xff, 0xbf, 0xe3, 0xc0, 0xf0, 0x3c,
    0xf, 0x3, 0xc3, 0xfe, 0xff, 0xbf, 0xe3, 0xc0,
    0xf0, 0x3c, 0xf, 0x3, 0xc0, 0xf0, 0x3c, 0xf,
    0xe1, 0xf8, 0x3e,

    /* U+0168 "Ũ" */
    0x1, 0xe1, 0xc0, 0xf, 0xc6, 0x0, 0x7f, 0xf8,
    0x1, 0xc7, 0xe0, 0x7, 0xf, 0x0, 0x0, 0x0,
    0x0, 0x0, 0x0, 0x0, 0x0, 0x0, 0xf0, 0x0,
    0x3f, 0xc0, 0x0, 0xff, 0x0, 0x3, 0xfc, 0x0,
    0xf, 0xf0, 0x0, 0x3f, 0xc0, 0x0, 0xff, 0x0,
    0x3, 0xfc, 0x0, 0xf, 0xf0, 0x0, 0x3f, 0xc0,
    0x0, 0xff, 0x0, 0x3, 0xfc, 0x0, 0xf, 0xf0,
    0x0, 0x3f, 0xc0, 0x0, 0xff, 0x0, 0x3, 0xfc,
    0x0, 0xf, 0xf0, 0x0, 0x3f, 0xc0, 0x0, 0xff,
    0x0, 0x3, 0xfc, 0x0, 0xf, 0xf0, 0x0, 0x3d,
    0xe0, 0x1, 0xe7, 0x80, 0x7, 0x9f, 0x0, 0x3e,
    0x3f, 0x3, 0xf0, 0x7f, 0xff, 0x80, 0xff, 0xfc,
    0x0, 0x7f, 0x80,

    /* U+0169 "ũ" */
    0xf, 0x8e, 0xf, 0xff, 0xf, 0xff, 0x87, 0xf,
    0x0, 0x0, 0x0, 0x0, 0x0, 0x0, 0x1, 0xe0,
    0xf, 0xf0, 0x7, 0xf8, 0x3, 0xfc, 0x1, 0xfe,
    0x0, 0xff, 0x0, 0x7f, 0x80, 0x3f, 0xc0, 0x1f,
    0xe0, 0xf, 0xf0, 0x7, 0xf8, 0x3, 0xfc, 0x1,
    0xfe, 0x0, 0xff, 0x0, 0x7f, 0x80, 0x3f, 0xc0,
    0x3f, 0xf0, 0x1f, 0x7c, 0x3f, 0xbf, 0xff, 0xcf,
    0xfd, 0xe1, 0xf8, 0xf0,

    /* U+016A "Ū" */
    0x7, 0xff, 0x80, 0x1f, 0xfe, 0x0, 0x7f, 0xf8,
    0x0, 0x0, 0x0, 0x0, 0x0, 0x0, 0x0, 0x0,
    0xf, 0x0, 0x3, 0xfc, 0x0, 0xf, 0xf0, 0x0,
    0x3f, 0xc0, 0x0, 0xff, 0x0, 0x3, 0xfc, 0x0,
    0xf, 0xf0, 0x0, 0x3f, 0xc0, 0x0, 0xff, 0x0,
    0x3, 0xfc, 0x0, 0xf, 0xf0, 0x0, 0x3f, 0xc0,
    0x0, 0xff, 0x0, 0x3, 0xfc, 0x0, 0xf, 0xf0,
    0x0, 0x3f, 0xc0, 0x0, 0xff, 0x0, 0x3, 0xfc,
    0x0, 0xf, 0xf0, 0x0, 0x3f, 0xc0, 0x0, 0xff,
    0x0, 0x3, 0xde, 0x0, 0x1e, 0x78, 0x0, 0x79,
    0xf0, 0x3, 0xe3, 0xf0, 0x3f, 0x7, 0xff, 0xf8,
    0xf, 0xff, 0xc0, 0x7, 0xf8, 0x0,

    /* U+016B "ū" */
    0x3f, 0xfc, 0x1f, 0xfe, 0xf, 0xff, 0x0, 0x0,
    0x0, 0x0, 0x0, 0x0, 0x3, 0xc0, 0x1f, 0xe0,
    0xf, 0xf0, 0x7, 0xf8, 0x3, 0xfc, 0x1, 0xfe,
    0x0, 0xff, 0x0, 0x7f, 0x80, 0x3f, 0xc0, 0x1f,
    0xe0, 0xf, 0xf0, 0x7, 0xf8, 0x3, 0xfc, 0x1,
    0xfe, 0x0, 0xff, 0x0, 0x7f, 0x80, 0x7f, 0xe0,
    0x3e, 0xf8, 0x7f, 0x7f, 0xff, 0x9f, 0xfb, 0xc3,
    0xf1, 0xe0,

    /* U+016C "Ŭ" */
    0x3, 0x3, 0x0, 0xc, 0xc, 0x0, 0x38, 0x70,
    0x0, 0x7f, 0xc0, 0x1, 0xfe, 0x0, 0x1, 0xe0,
    0x0, 0x0, 0x0, 0x0, 0x0, 0x0, 0xf0, 0x0,
    0x3f, 0xc0, 0x0, 0xff, 0x0, 0x3, 0xfc, 0x0,
    0xf, 0xf0, 0x0, 0x3f, 0xc0, 0x0, 0xff, 0x0,
    0x3, 0xfc, 0x0, 0xf, 0xf0, 0x0, 0x3f, 0xc0,
    0x0, 0xff, 0x0, 0x3, 0xfc, 0x0, 0xf, 0xf0,
    0x0, 0x3f, 0xc0, 0x0, 0xff, 0x0, 0x3, 0xfc,
    0x0, 0xf, 0xf0, 0x0, 0x3f, 0xc0, 0x0, 0xff,
    0x0, 0x3, 0xfc, 0x0, 0xf, 0xf0, 0x0, 0x3d,
    0xe0, 0x1, 0xe7, 0x80, 0x7, 0x9f, 0x0, 0x3e,
    0x3f, 0x3, 0xf0, 0x7f, 0xff, 0x80, 0xff, 0xfc,
    0x0, 0x7f, 0x80,

    /* U+016D "ŭ" */
    0x1c, 0xc, 0x7, 0xe, 0x3, 0xff, 0x0, 0xff,
    0x0, 0x3e, 0x0, 0x0, 0x0, 0x0, 0x1, 0xe0,
    0xf, 0xf0, 0x7, 0xf8, 0x3, 0xfc, 0x1, 0xfe,
    0x0, 0xff, 0x0, 0x7f, 0x80, 0x3f, 0xc0, 0x1f,
    0xe0, 0xf, 0xf0, 0x7, 0xf8, 0x3, 0xfc, 0x1,
    0xfe, 0x0, 0xff, 0x0, 0x7f, 0x80, 0x3f, 0xc0,
    0x3f, 0xf0, 0x1f, 0x7c, 0x3f, 0xbf, 0xff, 0xcf,
    0xfd, 0xe1, 0xf8, 0xf0,

    /* U+016E "Ů" */
    0x0, 0x78, 0x0, 0x1, 0x20, 0x0, 0x8, 0x40,
    0x0, 0x21, 0x0, 0x0, 0x84, 0x0, 0x1, 0x20,
    0x0, 0x7, 0x80, 0x0, 0x0, 0x0, 0xf0, 0x0,
    0x3f, 0xc0, 0x0, 0xff, 0x0, 0x3, 0xfc, 0x0,
    0xf, 0xf0, 0x0, 0x3f, 0xc0, 0x0, 0xff, 0x0,
    0x3, 0xfc, 0x0, 0xf, 0xf0, 0x0, 0x3f, 0xc0,
    0x0, 0xff, 0x0, 0x3, 0xfc, 0x0, 0xf, 0xf0,
    0x0, 0x3f, 0xc0, 0x0, 0xff, 0x0, 0x3, 0xfc,
    0x0, 0xf, 0xf0, 0x0, 0x3f, 0xc0, 0x0, 0xff,
    0x0, 0x3, 0xfc, 0x0, 0xf, 0xf0, 0x0, 0x3d,
    0xe0, 0x1, 0xe7, 0x80, 0x7, 0x9f, 0x0, 0x3e,
    0x3f, 0x3, 0xf0, 0x7f, 0xff, 0x80, 0xff, 0xfc,
    0x0, 0x7f, 0x80,

    /* U+016F "ů" */
    0x3, 0xc0, 0x1, 0x20, 0x1, 0x8, 0x0, 0x84,
    0x0, 0x42, 0x0, 0x12, 0x0, 0xf, 0x0, 0x0,
    0x0, 0x0, 0x0, 0x78, 0x3, 0xfc, 0x1, 0xfe,
    0x0, 0xff, 0x0, 0x7f, 0x80, 0x3f, 0xc0, 0x1f,
    0xe0, 0xf, 0xf0, 0x7, 0xf8, 0x3, 0xfc, 0x1,
    0xfe, 0x0, 0xff, 0x0, 0x7f, 0x80, 0x3f, 0xc0,
    0x1f, 0xe0, 0xf, 0xf0, 0xf, 0xfc, 0x7, 0xdf,
    0xf, 0xef, 0xff, 0xf3, 0xff, 0x78, 0x7e, 0x3c,

    /* U+0170 "Ű" */
    0x0, 0xf3, 0xe0, 0x3, 0x8f, 0x0, 0x1e, 0x38,
    0x0, 0x71, 0xc0, 0x3, 0x87, 0x0, 0x0, 0x0,
    0x0, 0x0, 0x0, 0x0, 0x0, 0x0, 0xf0, 0x0,
    0x3f, 0xc0, 0x0, 0xff, 0x0, 0x3, 0xfc, 0x0,
    0xf, 0xf0, 0x0, 0x3f, 0xc0, 0x0, 0xff, 0x0,
    0x3, 0xfc, 0x0, 0xf, 0xf0, 0x0, 0x3f, 0xc0,
    0x0, 0xff, 0x0, 0x3, 0xfc, 0x0, 0xf, 0xf0,
    0x0, 0x3f, 0xc0, 0x0, 0xff, 0x0, 0x3, 0xfc,
    0x0, 0xf, 0xf0, 0x0, 0x3f, 0xc0, 0x0, 0xff,
    0x0, 0x3, 0xfc, 0x0, 0xf, 0xf0, 0x0, 0x3d,
    0xe0, 0x1, 0xe7, 0x80, 0x7, 0x9f, 0x0, 0x3e,
    0x3f, 0x3, 0xf0, 0x7f, 0xff, 0x80, 0xff, 0xfc,
    0x0, 0x7f, 0x80,

    /* U+0171 "ű" */
    0x7, 0x9e, 0x7, 0x8f, 0x3, 0x8f, 0x3, 0x87,
    0x1, 0xc7, 0x0, 0x0, 0x0, 0x0, 0x1, 0xe0,
    0xf, 0xf0, 0x7, 0xf8, 0x3, 0xfc, 0x1, 0xfe,
    0x0, 0xff, 0x0, 0x7f, 0x80, 0x3f, 0xc0, 0x1f,
    0xe0, 0xf, 0xf0, 0x7, 0xf8, 0x3, 0xfc, 0x1,
    0xfe, 0x0, 0xff, 0x0, 0x7f, 0x80, 0x3f, 0xc0,
    0x3f, 0xf0, 0x1f, 0x7c, 0x3f, 0xbf, 0xff, 0xcf,
    0xfd, 0xe1, 0xf8, 0xf0,

    /* U+0172 "Ų" */
    0xf0, 0x0, 0x3f, 0xc0, 0x0, 0xff, 0x0, 0x3,
    0xfc, 0x0, 0xf, 0xf0, 0x0, 0x3f, 0xc0, 0x0,
    0xff, 0x0, 0x3, 0xfc, 0x0, 0xf, 0xf0, 0x0,
    0x3f, 0xc0, 0x0, 0xff, 0x0, 0x3, 0xfc, 0x0,
    0xf, 0xf0, 0x0, 0x3f, 0xc0, 0x0, 0xff, 0x0,
    0x3, 0xfc, 0x0, 0xf, 0xf0, 0x0, 0x3f, 0xc0,
    0x0, 0xff, 0x0, 0x3, 0xfc, 0x0, 0xf, 0xf0,
    0x0, 0x3d, 0xe0, 0x1, 0xe7, 0x80, 0x7, 0x9f,
    0x0, 0x3e, 0x3f, 0x3, 0xf0, 0x7f, 0xff, 0x80,
    0xff, 0xfc, 0x0, 0xff, 0xc0, 0x0, 0x60, 0x0,
    0x1, 0x80, 0x0, 0x6, 0x0, 0x0, 0x18, 0x0,
    0x0, 0x70, 0x80, 0x1, 0xfe, 0x0, 0x3, 0xf8,
    0x0, 0x7, 0x80,

    /* U+0173 "ų" */
    0xf0, 0x7, 0x87, 0x80, 0x3c, 0x3c, 0x1, 0xe1,
    0xe0, 0xf, 0xf, 0x0, 0x78, 0x78, 0x3, 0xc3,
    0xc0, 0x1e, 0x1e, 0x0, 0xf0, 0xf0, 0x7, 0x87,
    0x80, 0x3c, 0x3c, 0x1, 0xe1, 0xe0, 0xf, 0xf,
    0x0, 0x78, 0x78, 0x3, 0xc3, 0xc0, 0x1e, 0x1e,
    0x1, 0xf0, 0xf8, 0x1f, 0x83, 0xe1, 0xfc, 0x1f,
    0xff, 0xe0, 0x7f, 0xef, 0x0, 0xfc, 0x78, 0x0,
    0x3, 0x80, 0x0, 0x18, 0x0, 0x0, 0xc0, 0x0,
    0x6, 0x0, 0x0, 0x38, 0x40, 0x1, 0xfe, 0x0,
    0x7, 0xf0, 0x0, 0x1e, 0x0,

    /* U+0174 "Ŵ" */
    0x0, 0x0, 0xf0, 0x0, 0x0, 0x0, 0xf, 0x80,
    0x0, 0x0, 0x1, 0xfc, 0x0, 0x0, 0x0, 0x3d,
    0xc0, 0x0, 0x0, 0x7, 0x9e, 0x0, 0x0, 0x0,
    0x78, 0xf0, 0x0, 0x0, 0x0, 0x0, 0x0, 0x0,
    0x0, 0x0, 0x0, 0x0, 0x70, 0x0, 0xf8, 0x0,
    0x77, 0x80, 0xf, 0x80, 0xf, 0x78, 0x0, 0xf8,
    0x0, 0xf7, 0x80, 0x1f, 0xc0, 0xe, 0x38, 0x1,
    0xdc, 0x0, 0xe3, 0xc0, 0x1d, 0xc0, 0x1e, 0x3c,
    0x3, 0xde, 0x1, 0xe3, 0xc0, 0x39, 0xe0, 0x1c,
    0x1c, 0x3, 0x8e, 0x1, 0xc1, 0xc0, 0x38, 0xe0,
    0x3c, 0x1e, 0x7, 0x8f, 0x3, 0xc0, 0xe0, 0x70,
    0x70, 0x38, 0xe, 0x7, 0x7, 0x3, 0x80, 0xe0,
    0xf0, 0x78, 0x78, 0xf, 0xe, 0x7, 0x87, 0x0,
    0x70, 0xe0, 0x38, 0x70, 0x7, 0xe, 0x3, 0x87,
    0x0, 0x71, 0xe0, 0x3c, 0xf0, 0x7, 0x9c, 0x1,
    0xce, 0x0, 0x39, 0xc0, 0x1c, 0xe0, 0x3, 0x9c,
    0x1, 0xce, 0x0, 0x3b, 0x80, 0x1d, 0xe0, 0x3,
    0xb8, 0x0, 0xfc, 0x0, 0x1f, 0x80, 0xf, 0xc0,
    0x1, 0xf8, 0x0, 0xfc, 0x0, 0x1f, 0x0, 0xf,
    0x80, 0x0, 0xf0, 0x0, 0x78, 0x0, 0xf, 0x0,
    0x7, 0x80,

    /* U+0175 "ŵ" */
    0x0, 0xf, 0x80, 0x0, 0x1, 0xf8, 0x0, 0x0,
    0x3d, 0xc0, 0x0, 0x7, 0x8e, 0x0, 0x0, 0x70,
    0xf0, 0x0, 0x0, 0x0, 0x0, 0x0, 0x0, 0x0,
    0xf, 0x0, 0xf0, 0xf, 0x70, 0xf, 0x0, 0xe7,
    0x0, 0xf0, 0xe, 0x78, 0x1f, 0x80, 0xe7, 0x81,
    0xf8, 0x1e, 0x38, 0x1f, 0x81, 0xc3, 0x81, 0xf8,
    0x1c, 0x3c, 0x39, 0xc3, 0xc1, 0xc3, 0x9c, 0x38,
    0x1c, 0x39, 0xc3, 0x81, 0xc3, 0x9c, 0x38, 0xe,
    0x70, 0xe7, 0x0, 0xe7, 0xe, 0x70, 0xe, 0x70,
    0xe7, 0x0, 0xf7, 0xe, 0xe0, 0x7, 0xe0, 0x7e,
    0x0, 0x7e, 0x7, 0xe0, 0x7, 0xe0, 0x7e, 0x0,
    0x3e, 0x7, 0xc0, 0x3, 0xc0, 0x3c, 0x0, 0x3c,
    0x3, 0xc0,

    /* U+0176 "Ŷ" */
    0x0, 0xf, 0x0, 0x0, 0x7, 0xc0, 0x0, 0x3,
    0xf8, 0x0, 0x1, 0xef, 0x0, 0x0, 0x79, 0xe0,
    0x0, 0x3c, 0x3c, 0x0, 0x0, 0x0, 0x0, 0x0,
    0x0, 0x0, 0x78, 0x0, 0x7, 0xdf, 0x0, 0x1,
    0xe3, 0xc0, 0x0, 0xf0, 0x78, 0x0, 0x7c, 0x1f,
    0x0, 0x1e, 0x3, 0xc0, 0xf, 0x0, 0x78, 0x7,
    0xc0, 0x1f, 0x1, 0xe0, 0x3, 0xc0, 0xf0, 0x0,
    0x78, 0x7c, 0x0, 0x1f, 0x1e, 0x0, 0x3, 0xcf,
    0x0, 0x0, 0x7b, 0xc0, 0x0, 0x1f, 0xe0, 0x0,
    0x3, 0xf0, 0x0, 0x0, 0x78, 0x0, 0x0, 0x1e,
    0x0, 0x0, 0x7, 0x80, 0x0, 0x1, 0xe0, 0x0,
    0x0, 0x78, 0x0, 0x0, 0x1e, 0x0, 0x0, 0x7,
    0x80, 0x0, 0x1, 0xe0, 0x0, 0x0, 0x78, 0x0,
    0x0, 0x1e, 0x0, 0x0, 0x7, 0x80, 0x0, 0x1,
    0xe0, 0x0, 0x0, 0x78, 0x0,

    /* U+0177 "ŷ" */
    0x1, 0xf0, 0x0, 0xfe, 0x0, 0x3b, 0xc0, 0x1c,
    0x78, 0xf, 0xe, 0x0, 0x0, 0x0, 0x0, 0x3,
    0xc0, 0x7, 0xf0, 0x3, 0xdc, 0x0, 0xe7, 0x80,
    0x79, 0xe0, 0x1e, 0x38, 0x7, 0xf, 0x3, 0xc3,
    0xc0, 0xe0, 0x70, 0x38, 0x1e, 0x1e, 0x7, 0x87,
    0x0, 0xe1, 0xc0, 0x3c, 0xf0, 0x7, 0x38, 0x1,
    0xce, 0x0, 0x7f, 0x0, 0xf, 0xc0, 0x3, 0xf0,
    0x0, 0xf8, 0x0, 0x1e, 0x0, 0x7, 0x80, 0x1,
    0xc0, 0x0, 0x70, 0x0, 0x38, 0x0, 0xe, 0x0,
    0x7, 0x80, 0x1f, 0xc0, 0x7, 0xe0, 0x1, 0xf0,
    0x0,

    /* U+0178 "Ÿ" */
    0x1, 0xe1, 0xe0, 0x0, 0x78, 0x78, 0x0, 0x1e,
    0x1e, 0x0, 0x7, 0x87, 0x80, 0x0, 0x0, 0x0,
    0x0, 0x0, 0x0, 0xf, 0x0, 0x0, 0x3d, 0xe0,
    0x0, 0x1e, 0x7c, 0x0, 0xf, 0x8f, 0x0, 0x3,
    0xc3, 0xe0, 0x1, 0xe0, 0x7c, 0x0, 0xf0, 0xf,
    0x0, 0x78, 0x3, 0xe0, 0x1e, 0x0, 0x7c, 0xf,
    0x0, 0xf, 0x7, 0x80, 0x3, 0xe3, 0xc0, 0x0,
    0x7c, 0xf0, 0x0, 0xf, 0x78, 0x0, 0x3, 0xfc,
    0x0, 0x0, 0x7e, 0x0, 0x0, 0xf, 0x80, 0x0,
    0x3, 0xc0, 0x0, 0x0, 0xf0, 0x0, 0x0, 0x3c,
    0x0, 0x0, 0xf, 0x0, 0x0, 0x3, 0xc0, 0x0,
    0x0, 0xf0, 0x0, 0x0, 0x3c, 0x0, 0x0, 0xf,
    0x0, 0x0, 0x3, 0xc0, 0x0, 0x0, 0xf0, 0x0,
    0x0, 0x3c, 0x0, 0x0, 0xf, 0x0, 0x0,

    /* U+0179 "Ź" */
    0x0, 0x1e, 0x0, 0x0, 0xf0, 0x0, 0x3, 0xc0,
    0x0, 0x1e, 0x0, 0x0, 0x70, 0x0, 0x0, 0x0,
    0x0, 0x0, 0x0, 0xf, 0xff, 0xff, 0x3f, 0xff,
    0xfc, 0xff, 0xff, 0xf0, 0x0, 0x7, 0xc0, 0x0,
    0x3e, 0x0, 0x1, 0xf0, 0x0, 0x7, 0x80, 0x0,
    0x3c, 0x0, 0x1, 0xf0, 0x0, 0xf, 0x80, 0x0,
    0x7c, 0x0, 0x1, 0xe0, 0x0, 0xf, 0x80, 0x0,
    0x7c, 0x0, 0x3, 0xe0, 0x0, 0x1f, 0x0, 0x0,
    0x78, 0x0, 0x3, 0xe0, 0x0, 0x1f, 0x0, 0x0,
    0xf8, 0x0, 0x7, 0xc0, 0x0, 0x1e, 0x0, 0x0,
    0xf8, 0x0, 0x7, 0xc0, 0x0, 0x3e, 0x0, 0x0,
    0xff, 0xff, 0xff, 0xff, 0xff, 0xff, 0xff, 0xff,
    0xc0,

    /* U+017A "ź" */
    0x0, 0x7c, 0x0, 0x1e, 0x0, 0xf, 0x0, 0x3,
    0x80, 0x1, 0xc0, 0x0, 0x0, 0x0, 0x0, 0x1,
    0xff, 0xff, 0x7f, 0xff, 0xdf, 0xff, 0xf0, 0x0,
    0x78, 0x0, 0x3c, 0x0, 0x1e, 0x0, 0xf, 0x80,
    0x7, 0xc0, 0x1, 0xe0, 0x0, 0xf0, 0x0, 0x78,
    0x0, 0x3c, 0x0, 0x1f, 0x0, 0xf, 0x80, 0x7,
    0xc0, 0x3, 0xe0, 0x1, 0xf0, 0x0, 0x78, 0x0,
    0x3f, 0xff, 0xff, 0xff, 0xff, 0xff, 0xff,

    /* U+017B "Ż" */
    0x0, 0x78, 0x0, 0x1, 0xe0, 0x0, 0x7, 0x80,
    0x0, 0x1e, 0x0, 0x0, 0x0, 0x0, 0x0, 0x0,
    0x3, 0xff, 0xff, 0xcf, 0xff, 0xff, 0x3f, 0xff,
    0xfc, 0x0, 0x1, 0xf0, 0x0, 0xf, 0x80, 0x0,
    0x7c, 0x0, 0x3, 0xe0, 0x0, 0x1f, 0x0, 0x0,
    0x7c, 0x0, 0x3, 0xe0, 0x0, 0x1f, 0x0, 0x0,
    0xf8, 0x0, 0x7, 0xc0, 0x0, 0x1f, 0x0, 0x0,
    0xf8, 0x0, 0x7, 0xc0, 0x0, 0x3e, 0x0, 0x0,
    0xf0, 0x0, 0x7, 0xc0, 0x0, 0x3e, 0x0, 0x1,
    0xf0, 0x0, 0x7, 0x80, 0x0, 0x3e, 0x0, 0x1,
    0xf0, 0x0, 0xf, 0x80, 0x0, 0x3f, 0xff, 0xff,
    0xff, 0xff, 0xff, 0xff, 0xff, 0xf0,

    /* U+017C "ż" */
    0x1, 0xe0, 0x0, 0x78, 0x0, 0x1e, 0x0, 0x7,
    0x80, 0x0, 0x0, 0x0, 0x0, 0x7, 0xff, 0xfd,
    0xff, 0xff, 0x7f, 0xff, 0xc0, 0x1, 0xe0, 0x0,
    0xf0, 0x0, 0x78, 0x0, 0x3e, 0x0, 0x1f, 0x0,
    0xf, 0x80, 0x7, 0xc0, 0x1, 0xe0, 0x0, 0xf0,
    0x0, 0x78, 0x0, 0x3e, 0x0, 0x1f, 0x0, 0xf,
    0x80, 0x7, 0xc0, 0x1, 0xe0, 0x0, 0xff, 0xff,
    0xff, 0xff, 0xff, 0xff, 0xfc,

    /* U+017D "Ž" */
    0x3, 0xc3, 0xc0, 0xf, 0x1e, 0x0, 0x1e, 0xf0,
    0x0, 0x3f, 0x80, 0x0, 0x7e, 0x0, 0x1, 0xf0,
    0x0, 0x0, 0x0, 0x0, 0x0, 0x0, 0x3f, 0xff,
    0xfc, 0xff, 0xff, 0xf3, 0xff, 0xff, 0xc0, 0x0,
    0x1f, 0x0, 0x0, 0xf8, 0x0, 0x7, 0xc0, 0x0,
    0x1e, 0x0, 0x0, 0xf0, 0x0, 0x7, 0xc0, 0x0,
    0x3e, 0x0, 0x1, 0xf0, 0x0, 0x7, 0x80, 0x0,
    0x3e, 0x0, 0x1, 0xf0, 0x0, 0xf, 0x80, 0x0,
    0x7c, 0x0, 0x1, 0xe0, 0x0, 0xf, 0x80, 0x0,
    0x7c, 0x0, 0x3, 0xe0, 0x0, 0x1f, 0x0, 0x0,
    0x78, 0x0, 0x3, 0xe0, 0x0, 0x1f, 0x0, 0x0,
    0xf8, 0x0, 0x3, 0xff, 0xff, 0xff, 0xff, 0xff,
    0xff, 0xff, 0xff,

    /* U+017E "ž" */
    0xf, 0xf, 0x1, 0xe7, 0x80, 0x3d, 0xc0, 0x7,
    0xe0, 0x0, 0xf0, 0x0, 0x0, 0x0, 0x0, 0x1,
    0xff, 0xff, 0x7f, 0xff, 0xdf, 0xff, 0xf0, 0x0,
    0x78, 0x0, 0x3c, 0x0, 0x1e, 0x0, 0xf, 0x80,
    0x7, 0xc0, 0x1, 0xe0, 0x0, 0xf0, 0x0, 0x78,
    0x0, 0x3c, 0x0, 0x1f, 0x0, 0xf, 0x80, 0x7,
    0xc0, 0x3, 0xe0, 0x1, 0xf0, 0x0, 0x78, 0x0,
    0x3f, 0xff, 0xff, 0xff, 0xff, 0xff, 0xff,

    /* U+017F "ſ" */
    0x1f, 0xbf, 0xdf, 0xff, 0xf, 0x7, 0x83, 0xc1,
    0xe0, 0xf0, 0x78, 0x3c, 0x1e, 0xf, 0x7, 0x83,
    0xc1, 0xe0, 0xf0, 0x78, 0x3c, 0x1e, 0xf, 0x7,
    0x83, 0xc1, 0xe0, 0xf0, 0x78, 0x3c, 0x1e, 0x0,

    /* U+018F "Ə" */
    0x0, 0x7f, 0x80, 0x0, 0xff, 0xf8, 0x0, 0x7f,
    0xff, 0x80, 0x3f, 0x1, 0xf0, 0x1f, 0x0, 0x1e,
    0xf, 0x80, 0x3, 0xc3, 0xc0, 0x0, 0x70, 0xe0,
    0x0, 0x1e, 0x0, 0x0, 0x3, 0x80, 0x0, 0x0,
    0xf0, 0x0, 0x0, 0x3f, 0xff, 0xff, 0xff, 0xff,
    0xff, 0xff, 0xff, 0xff, 0xff, 0xff, 0x0, 0x0,
    0x3f, 0xc0, 0x0, 0xf, 0xf0, 0x0, 0x3, 0xfc,
    0x0, 0x0, 0xf7, 0x80, 0x0, 0x79, 0xe0, 0x0,
    0x1e, 0x78, 0x0, 0x7, 0x8f, 0x0, 0x3, 0xc3,
    0xe0, 0x1, 0xf0, 0x7c, 0x0, 0xf8, 0xf, 0xc0,
    0xfc, 0x1, 0xff, 0xfe, 0x0, 0x3f, 0xff, 0x0,
    0x1, 0xfe, 0x0,

    /* U+0192 "ƒ" */
    0x0, 0x7, 0xe0, 0x1, 0xfe, 0x0, 0x1f, 0xe0,
    0x3, 0xc0, 0x0, 0x3c, 0x0, 0x3, 0xc0, 0x0,
    0x38, 0x0, 0x3f, 0xf8, 0x3, 0xff, 0x80, 0x7f,
    0xf8, 0x0, 0x78, 0x0, 0x7, 0x0, 0x0, 0x70,
    0x0, 0x7, 0x0, 0x0, 0xf0, 0x0, 0xf, 0x0,
    0x0, 0xf0, 0x0, 0xe, 0x0, 0x0, 0xe0, 0x0,
    0xe, 0x0, 0x1, 0xe0, 0x0, 0x1e, 0x0, 0x1,
    0xe0, 0x0, 0x1c, 0x0, 0x1, 0xc0, 0x0, 0x1c,
    0x0, 0x3, 0xc0, 0x0, 0x3c, 0x0, 0x3, 0xc0,
    0x0, 0x38, 0x0, 0x3, 0x80, 0x0, 0x38, 0x0,
    0x7, 0x80, 0xf, 0xf0, 0x0, 0xff, 0x0, 0xf,
    0xe0, 0x0,

    /* U+01A0 "Ơ" */
    0x0, 0x7f, 0x80, 0x1e, 0x3, 0xff, 0xe0, 0x3c,
    0x1f, 0xff, 0xf0, 0x78, 0x7e, 0x3, 0xf0, 0xf1,
    0xf0, 0x1, 0xf0, 0x67, 0xc0, 0x1, 0xf0, 0xcf,
    0x0, 0x1, 0xe3, 0x3e, 0x0, 0x1, 0xee, 0x78,
    0x0, 0x3, 0xf0, 0xf0, 0x0, 0x7, 0xc3, 0xc0,
    0x0, 0x7, 0x87, 0x80, 0x0, 0xf, 0xf, 0x0,
    0x0, 0x1e, 0x1e, 0x0, 0x0, 0x3c, 0x3c, 0x0,
    0x0, 0x78, 0x78, 0x0, 0x0, 0xf0, 0xf0, 0x0,
    0x1, 0xe1, 0xe0, 0x0, 0x3, 0xc1, 0xe0, 0x0,
    0xf, 0x3, 0xc0, 0x0, 0x1e, 0x7, 0x80, 0x0,
    0x7c, 0x7, 0x80, 0x0, 0xf0, 0xf, 0x80, 0x3,
    0xe0, 0xf, 0x80, 0xf, 0x80, 0xf, 0xc0, 0x7e,
    0x0, 0xf, 0xff, 0xf8, 0x0, 0x7, 0xff, 0xc0,
    0x0, 0x3, 0xfe, 0x0, 0x0,

    /* U+01A1 "ơ" */
    0x3, 0xf8, 0x1e, 0x1f, 0xfc, 0x3c, 0x7f, 0xfc,
    0x79, 0xf0, 0x7c, 0xf7, 0xc0, 0x7c, 0x6f, 0x0,
    0x78, 0xfe, 0x0, 0xf3, 0x78, 0x0, 0xfe, 0xf0,
    0x1, 0xf9, 0xe0, 0x3, 0xc3, 0xc0, 0x7, 0x87,
    0x80, 0xf, 0xf, 0x0, 0x1e, 0x1e, 0x0, 0x3c,
    0x3e, 0x0, 0xf0, 0x3c, 0x1, 0xe0, 0x7c, 0x7,
    0xc0, 0x7c, 0x1f, 0x0, 0x7f, 0xfc, 0x0, 0x7f,
    0xf0, 0x0, 0x3f, 0x80, 0x0,

    /* U+01AF "Ư" */
    0xf0, 0x0, 0x3c, 0x7f, 0x80, 0x1, 0xe3, 0xfc,
    0x0, 0xf, 0x1f, 0xe0, 0x0, 0x78, 0xff, 0x0,
    0x3, 0xc1, 0xf8, 0x0, 0x1e, 0xf, 0xc0, 0x0,
    0xf0, 0x7e, 0x0, 0x7, 0x86, 0xf0, 0x0, 0x3c,
    0x67, 0x80, 0x1, 0xfe, 0x3c, 0x0, 0xf, 0xc1,
    0xe0, 0x0, 0x78, 0xf, 0x0, 0x3, 0xc0, 0x78,
    0x0, 0x1e, 0x3, 0xc0, 0x0, 0xf0, 0x1e, 0x0,
    0x7, 0x80, 0xf0, 0x0, 0x3c, 0x7, 0x80, 0x1,
    0xe0, 0x3c, 0x0, 0xf, 0x1, 0xe0, 0x0, 0x78,
    0xf, 0x0, 0x3, 0xc0, 0x3c, 0x0, 0x3c, 0x1,
    0xe0, 0x1, 0xe0, 0xf, 0x80, 0x1f, 0x0, 0x3f,
    0x3, 0xf0, 0x0, 0xff, 0xff, 0x0, 0x3, 0xff,
    0xf0, 0x0, 0x3, 0xfc, 0x0, 0x0,

    /* U+01B0 "ư" */
    0xf0, 0x7, 0x9f, 0xe0, 0xf, 0x3f, 0xc0, 0x1e,
    0x7f, 0x80, 0x3c, 0xff, 0x0, 0x78, 0x7e, 0x0,
    0xf0, 0xfc, 0x1, 0xe1, 0xf8, 0x3, 0xc6, 0xf0,
    0x7, 0x9d, 0xe0, 0xf, 0xf3, 0xc0, 0x1f, 0x87,
    0x80, 0x3c, 0xf, 0x0, 0x78, 0x1e, 0x0, 0xf0,
    0x3c, 0x1, 0xe0, 0x78, 0x7, 0xc0, 0xf8, 0xf,
    0x80, 0xf8, 0x7f, 0x1, 0xff, 0xee, 0x1, 0xff,
    0x9c, 0x0, 0xfc, 0x38, 0x0,

    /* U+01CD "Ǎ" */
    0x1, 0xe1, 0xe0, 0x0, 0x78, 0xf0, 0x0, 0xf,
    0x38, 0x0, 0x1, 0xfc, 0x0, 0x0, 0x3f, 0x0,
    0x0, 0xf, 0x80, 0x0, 0x0, 0x0, 0x0, 0x0,
    0x0, 0x0, 0x0, 0x3e, 0x0, 0x0, 0xf, 0x80,
    0x0, 0x3, 0xf0, 0x0, 0x1, 0xdc, 0x0, 0x0,
    0x77, 0x0, 0x0, 0x1d, 0xe0, 0x0, 0xf, 0x38,
    0x0, 0x3, 0x8f, 0x0, 0x1, 0xe1, 0xc0, 0x0,
    0x78, 0x78, 0x0, 0x1c, 0x1e, 0x0, 0xf, 0x3,
    0x80, 0x3, 0x80, 0xf0, 0x1, 0xe0, 0x1c, 0x0,
    0x78, 0x7, 0x80, 0x1c, 0x1, 0xe0, 0xf, 0xff,
    0xf8, 0x3, 0xff, 0xff, 0x0, 0xff, 0xff, 0xc0,
    0x78, 0x0, 0x78, 0x1c, 0x0, 0x1e, 0xf, 0x0,
    0x3, 0x83, 0xc0, 0x0, 0xf0, 0xe0, 0x0, 0x3c,
    0x78, 0x0, 0x7, 0x9e, 0x0, 0x1, 0xef, 0x0,
    0x0, 0x7b, 0xc0, 0x0, 0xf,

    /* U+01CE "ǎ" */
    0x7, 0xf, 0x0, 0xf3, 0xc0, 0xf, 0x70, 0x0,
    0xfc, 0x0, 0xf, 0x0, 0x0, 0x0, 0x0, 0x0,
    0x0, 0x1f, 0xe0, 0xf, 0xff, 0x7, 0xff, 0xf0,
    0xf0, 0x3e, 0x3c, 0x3, 0xe7, 0x80, 0x3c, 0x20,
    0x7, 0x80, 0x0, 0xf0, 0x0, 0xfe, 0x7, 0xff,
    0xc3, 0xff, 0xf9, 0xfe, 0xf, 0x3c, 0x1, 0xef,
    0x0, 0x3d, 0xe0, 0x7, 0xbc, 0x1, 0xf7, 0x80,
    0x7e, 0xfc, 0x1f, 0xcf, 0xff, 0xf8, 0xff, 0xe7,
    0x7, 0xf0, 0xf0,

    /* U+01CF "Ǐ" */
    0xf0, 0xf7, 0xe, 0x79, 0xe3, 0xfc, 0x1f, 0x80,
    0xf0, 0x0, 0x0, 0x0, 0xf, 0x0, 0xf0, 0xf,
    0x0, 0xf0, 0xf, 0x0, 0xf0, 0xf, 0x0, 0xf0,
    0xf, 0x0, 0xf0, 0xf, 0x0, 0xf0, 0xf, 0x0,
    0xf0, 0xf, 0x0, 0xf0, 0xf, 0x0, 0xf0, 0xf,
    0x0, 0xf0, 0xf, 0x0, 0xf0, 0xf, 0x0, 0xf0,
    0xf, 0x0, 0xf0, 0xf, 0x0, 0xf0,

    /* U+01D0 "ǐ" */
    0xf0, 0xf3, 0xc7, 0xf, 0x70, 0x3f, 0x0, 0xf0,
    0x0, 0x0, 0x0, 0x1, 0xe0, 0xf, 0x0, 0x78,
    0x3, 0xc0, 0x1e, 0x0, 0xf0, 0x7, 0x80, 0x3c,
    0x1, 0xe0, 0xf, 0x0, 0x78, 0x3, 0xc0, 0x1e,
    0x0, 0xf0, 0x7, 0x80, 0x3c, 0x1, 0xe0, 0xf,
    0x0, 0x78, 0x3, 0xc0, 0x1e, 0x0,

    /* U+01D1 "Ǒ" */
    0x0, 0xf1, 0xe0, 0x0, 0xf, 0x38, 0x0, 0x1,
    0xef, 0x0, 0x0, 0x1f, 0xc0, 0x0, 0x1, 0xf0,
    0x0, 0x0, 0x1c, 0x0, 0x0, 0x0, 0x0, 0x0,
    0x0, 0x0, 0x0, 0x0, 0x3f, 0x80, 0x0, 0x3f,
    0xfe, 0x0, 0x1f, 0xff, 0xf0, 0x7, 0xe0, 0x3f,
    0x1, 0xf0, 0x1, 0xf0, 0x7c, 0x0, 0x1f, 0xf,
    0x0, 0x1, 0xe3, 0xc0, 0x0, 0x3e, 0x78, 0x0,
    0x3, 0xcf, 0x0, 0x0, 0x7b, 0xc0, 0x0, 0x7,
    0xf8, 0x0, 0x0, 0xff, 0x0, 0x0, 0x1f, 0xe0,
    0x0, 0x3, 0xfc, 0x0, 0x0, 0x7f, 0x80, 0x0,
    0xf, 0xf0, 0x0, 0x1, 0xfe, 0x0, 0x0, 0x3d,
    0xe0, 0x0, 0xf, 0x3c, 0x0, 0x1, 0xe7, 0x80,
    0x0, 0x3c, 0x78, 0x0, 0xf, 0xf, 0x80, 0x3,
    0xe0, 0xf8, 0x0, 0xf8, 0xf, 0xc0, 0x7e, 0x0,
    0xff, 0xff, 0x80, 0x7, 0xff, 0xc0, 0x0, 0x3f,
    0xe0, 0x0,

    /* U+01D2 "ǒ" */
    0xf, 0x1e, 0x0, 0xe3, 0x80, 0xe, 0xe0, 0x0,
    0xf8, 0x0, 0x1f, 0x0, 0x0, 0x0, 0x0, 0x0,
    0x0, 0x1f, 0xc0, 0xf, 0xfe, 0x3, 0xff, 0xe0,
    0xf8, 0x3e, 0x3e, 0x3, 0xe7, 0x80, 0x3d, 0xf0,
    0x7, 0xbc, 0x0, 0x7f, 0x80, 0xf, 0xf0, 0x1,
    0xfe, 0x0, 0x3f, 0xc0, 0x7, 0xf8, 0x0, 0xff,
    0x0, 0x1f, 0xf0, 0x7, 0xde, 0x0, 0xf3, 0xe0,
    0x3e, 0x3e, 0xf, 0x83, 0xff, 0xe0, 0x3f, 0xf8,
    0x1, 0xfc, 0x0,

    /* U+01D3 "Ǔ" */
    0x3, 0xc7, 0x80, 0x7, 0x3c, 0x0, 0x1e, 0xe0,
    0x0, 0x3f, 0x80, 0x0, 0x7c, 0x0, 0x0, 0xe0,
    0x0, 0x0, 0x0, 0x0, 0x0, 0x0, 0xf0, 0x0,
    0x3f, 0xc0, 0x0, 0xff, 0x0, 0x3, 0xfc, 0x0,
    0xf, 0xf0, 0x0, 0x3f, 0xc0, 0x0, 0xff, 0x0,
    0x3, 0xfc, 0x0, 0xf, 0xf0, 0x0, 0x3f, 0xc0,
    0x0, 0xff, 0x0, 0x3, 0xfc, 0x0, 0xf, 0xf0,
    0x0, 0x3f, 0xc0, 0x0, 0xff, 0x0, 0x3, 0xfc,
    0x0, 0xf, 0xf0, 0x0, 0x3f, 0xc0, 0x0, 0xff,
    0x0, 0x3, 0xfc, 0x0, 0xf, 0xf0, 0x0, 0x3d,
    0xe0, 0x1, 0xe7, 0x80, 0x7, 0x9f, 0x0, 0x3e,
    0x3f, 0x3, 0xf0, 0x7f, 0xff, 0x80, 0xff, 0xfc,
    0x0, 0x7f, 0x80,

    /* U+01D4 "ǔ" */
    0x1e, 0x3c, 0x7, 0x9c, 0x1, 0xdc, 0x0, 0x7e,
    0x0, 0x1e, 0x0, 0x0, 0x0, 0x0, 0x1, 0xe0,
    0xf, 0xf0, 0x7, 0xf8, 0x3, 0xfc, 0x1, 0xfe,
    0x0, 0xff, 0x0, 0x7f, 0x80, 0x3f, 0xc0, 0x1f,
    0xe0, 0xf, 0xf0, 0x7, 0xf8, 0x3, 0xfc, 0x1,
    0xfe, 0x0, 0xff, 0x0, 0x7f, 0x80, 0x3f, 0xc0,
    0x3f, 0xf0, 0x1f, 0x7c, 0x3f, 0xbf, 0xff, 0xcf,
    0xfd, 0xe1, 0xf8, 0xf0,

    /* U+01D5 "Ǖ" */
    0x3, 0xff, 0x0, 0xf, 0xfc, 0x0, 0x3f, 0xf0,
    0x0, 0x0, 0x0, 0x3, 0x87, 0x0, 0xe, 0x1c,
    0x0, 0x38, 0x70, 0x0, 0x0, 0x0, 0xf0, 0x0,
    0x3f, 0xc0, 0x0, 0xff, 0x0, 0x3, 0xfc, 0x0,
    0xf, 0xf0, 0x0, 0x3f, 0xc0, 0x0, 0xff, 0x0,
    0x3, 0xfc, 0x0, 0xf, 0xf0, 0x0, 0x3f, 0xc0,
    0x0, 0xff, 0x0, 0x3, 0xfc, 0x0, 0xf, 0xf0,
    0x0, 0x3f, 0xc0, 0x0, 0xff, 0x0, 0x3, 0xfc,
    0x0, 0xf, 0xf0, 0x0, 0x3f, 0xc0, 0x0, 0xff,
    0x0, 0x3, 0xfc, 0x0, 0xf, 0xf0, 0x0, 0x3d,
    0xe0, 0x1, 0xe7, 0x80, 0x7, 0x9f, 0x0, 0x3e,
    0x3f, 0x3, 0xf0, 0x7f, 0xff, 0x80, 0xff, 0xfc,
    0x0, 0x7f, 0x80,

    /* U+01D6 "ǖ" */
    0x3f, 0xfc, 0x1f, 0xfe, 0xf, 0xff, 0x0, 0x0,
    0x0, 0x0, 0x0, 0x0, 0x0, 0x78, 0xf0, 0x3c,
    0x78, 0x1e, 0x3c, 0xf, 0x1e, 0x0, 0x0, 0x0,
    0x0, 0x0, 0x0, 0x7, 0x80, 0x3f, 0xc0, 0x1f,
    0xe0, 0xf, 0xf0, 0x7, 0xf8, 0x3, 0xfc, 0x1,
    0xfe, 0x0, 0xff, 0x0, 0x7f, 0x80, 0x3f, 0xc0,
    0x1f, 0xe0, 0xf, 0xf0, 0x7, 0xf8, 0x3, 0xfc,
    0x1, 0xfe, 0x0, 0xff, 0x0, 0xff, 0xc0, 0x7d,
    0xf0, 0xfe, 0xff, 0xff, 0x3f, 0xf7, 0x87, 0xe3,
    0xc0,

    /* U+01D7 "Ǘ" */
    0x0, 0x1e, 0x0, 0x0, 0xf0, 0x0, 0x3, 0x80,
    0x0, 0x18, 0x0, 0x3, 0x87, 0x0, 0xe, 0x1c,
    0x0, 0x38, 0x70, 0x0, 0x0, 0x0, 0xf0, 0x0,
    0x3f, 0xc0, 0x0, 0xff, 0x0, 0x3, 0xfc, 0x0,
    0xf, 0xf0, 0x0, 0x3f, 0xc0, 0x0, 0xff, 0x0,
    0x3, 0xfc, 0x0, 0xf, 0xf0, 0x0, 0x3f, 0xc0,
    0x0, 0xff, 0x0, 0x3, 0xfc, 0x0, 0xf, 0xf0,
    0x0, 0x3f, 0xc0, 0x0, 0xff, 0x0, 0x3, 0xfc,
    0x0, 0xf, 0xf0, 0x0, 0x3f, 0xc0, 0x0, 0xff,
    0x0, 0x3, 0xfc, 0x0, 0xf, 0xf0, 0x0, 0x3d,
    0xe0, 0x1, 0xe7, 0x80, 0x7, 0x9f, 0x0, 0x3e,
    0x3f, 0x3, 0xf0, 0x7f, 0xff, 0x80, 0xff, 0xfc,
    0x0, 0x7f, 0x80,

    /* U+01D8 "ǘ" */
    0x0, 0x78, 0x0, 0x78, 0x0, 0x38, 0x0, 0x38,
    0x0, 0x1c, 0x0, 0x0, 0x0, 0x0, 0x0, 0x0,
    0x0, 0x1e, 0x3c, 0xf, 0x1e, 0x7, 0x8f, 0x3,
    0xc7, 0x80, 0x0, 0x0, 0x0, 0x0, 0x0, 0x1,
    0xe0, 0xf, 0xf0, 0x7, 0xf8, 0x3, 0xfc, 0x1,
    0xfe, 0x0, 0xff, 0x0, 0x7f, 0x80, 0x3f, 0xc0,
    0x1f, 0xe0, 0xf, 0xf0, 0x7, 0xf8, 0x3, 0xfc,
    0x1, 0xfe, 0x0, 0xff, 0x0, 0x7f, 0x80, 0x3f,
    0xc0, 0x3f, 0xf0, 0x1f, 0x7c, 0x3f, 0xbf, 0xff,
    0xcf, 0xfd, 0xe1, 0xf8, 0xf0,

    /* U+01D9 "Ǚ" */
    0x1, 0xce, 0x0, 0x3, 0xf0, 0x0, 0x7, 0x80,
    0x0, 0xc, 0x0, 0x3, 0x87, 0x0, 0xe, 0x1c,
    0x0, 0x38, 0x70, 0x0, 0x0, 0x0, 0xf0, 0x0,
    0x3f, 0xc0, 0x0, 0xff, 0x0, 0x3, 0xfc, 0x0,
    0xf, 0xf0, 0x0, 0x3f, 0xc0, 0x0, 0xff, 0x0,
    0x3, 0xfc, 0x0, 0xf, 0xf0, 0x0, 0x3f, 0xc0,
    0x0, 0xff, 0x0, 0x3, 0xfc, 0x0, 0xf, 0xf0,
    0x0, 0x3f, 0xc0, 0x0, 0xff, 0x0, 0x3, 0xfc,
    0x0, 0xf, 0xf0, 0x0, 0x3f, 0xc0, 0x0, 0xff,
    0x0, 0x3, 0xfc, 0x0, 0xf, 0xf0, 0x0, 0x3d,
    0xe0, 0x1, 0xe7, 0x80, 0x7, 0x9f, 0x0, 0x3e,
    0x3f, 0x3, 0xf0, 0x7f, 0xff, 0x80, 0xff, 0xfc,
    0x0, 0x7f, 0x80,

    /* U+01DA "ǚ" */
    0x1e, 0x3e, 0x7, 0x9e, 0x1, 0xde, 0x0, 0xfe,
    0x0, 0x3e, 0x0, 0xe, 0x0, 0x0, 0x0, 0x0,
    0x0, 0x1e, 0x3c, 0xf, 0x1e, 0x7, 0x8f, 0x3,
    0xc7, 0x80, 0x0, 0x0, 0x0, 0x0, 0x0, 0x1,
    0xe0, 0xf, 0xf0, 0x7, 0xf8, 0x3, 0xfc, 0x1,
    0xfe, 0x0, 0xff, 0x0, 0x7f, 0x80, 0x3f, 0xc0,
    0x1f, 0xe0, 0xf, 0xf0, 0x7, 0xf8, 0x3, 0xfc,
    0x1, 0xfe, 0x0, 0xff, 0x0, 0x7f, 0x80, 0x3f,
    0xc0, 0x3f, 0xf0, 0x1f, 0x7c, 0x3f, 0xbf, 0xff,
    0xcf, 0xfd, 0xe1, 0xf8, 0xf0,

    /* U+01DB "Ǜ" */
    0x1, 0xe0, 0x0, 0x3, 0xc0, 0x0, 0x7, 0x0,
    0x0, 0x6, 0x0, 0x3, 0x87, 0x0, 0xe, 0x1c,
    0x0, 0x38, 0x70, 0x0, 0x0, 0x0, 0xf0, 0x0,
    0x3f, 0xc0, 0x0, 0xff, 0x0, 0x3, 0xfc, 0x0,
    0xf, 0xf0, 0x0, 0x3f, 0xc0, 0x0, 0xff, 0x0,
    0x3, 0xfc, 0x0, 0xf, 0xf0, 0x0, 0x3f, 0xc0,
    0x0, 0xff, 0x0, 0x3, 0xfc, 0x0, 0xf, 0xf0,
    0x0, 0x3f, 0xc0, 0x0, 0xff, 0x0, 0x3, 0xfc,
    0x0, 0xf, 0xf0, 0x0, 0x3f, 0xc0, 0x0, 0xff,
    0x0, 0x3, 0xfc, 0x0, 0xf, 0xf0, 0x0, 0x3d,
    0xe0, 0x1, 0xe7, 0x80, 0x7, 0x9f, 0x0, 0x3e,
    0x3f, 0x3, 0xf0, 0x7f, 0xff, 0x80, 0xff, 0xfc,
    0x0, 0x7f, 0x80,

    /* U+01DC "ǜ" */
    0xf, 0x0, 0x3, 0xc0, 0x0, 0xe0, 0x0, 0x38,
    0x0, 0x1c, 0x0, 0x0, 0x0, 0x0, 0x0, 0x0,
    0x0, 0x1e, 0x3c, 0xf, 0x1e, 0x7, 0x8f, 0x3,
    0xc7, 0x80, 0x0, 0x0, 0x0, 0x0, 0x0, 0x1,
    0xe0, 0xf, 0xf0, 0x7, 0xf8, 0x3, 0xfc, 0x1,
    0xfe, 0x0, 0xff, 0x0, 0x7f, 0x80, 0x3f, 0xc0,
    0x1f, 0xe0, 0xf, 0xf0, 0x7, 0xf8, 0x3, 0xfc,
    0x1, 0xfe, 0x0, 0xff, 0x0, 0x7f, 0x80, 0x3f,
    0xc0, 0x3f, 0xf0, 0x1f, 0x7c, 0x3f, 0xbf, 0xff,
    0xcf, 0xfd, 0xe1, 0xf8, 0xf0,

    /* U+01FA "Ǻ" */
    0x0, 0x7, 0x80, 0x0, 0x3, 0xc0, 0x0, 0x0,
    0xf0, 0x0, 0x0, 0x78, 0x0, 0x0, 0x3c, 0x0,
    0x0, 0x0, 0x0, 0x0, 0x1, 0xc0, 0x0, 0x0,
    0x88, 0x0, 0x0, 0x41, 0x0, 0x0, 0x10, 0x40,
    0x0, 0x4, 0x10, 0x0, 0x0, 0x88, 0x0, 0x0,
    0x3e, 0x0, 0x0, 0xf, 0xc0, 0x0, 0x7, 0xf0,
    0x0, 0x1, 0xdc, 0x0, 0x0, 0xf7, 0x80, 0x0,
    0x3d, 0xe0, 0x0, 0xe, 0x3c, 0x0, 0x7, 0x8f,
    0x0, 0x1, 0xe3, 0xc0, 0x0, 0x70, 0x78, 0x0,
    0x3c, 0x1e, 0x0, 0xf, 0x3, 0xc0, 0x7, 0x80,
    0xf0, 0x1, 0xe0, 0x3c, 0x0, 0x70, 0x7, 0x80,
    0x3c, 0x1, 0xe0, 0xf, 0xff, 0xfc, 0x3, 0xff,
    0xff, 0x1, 0xff, 0xff, 0xc0, 0x78, 0x0, 0x78,
    0x1c, 0x0, 0x1e, 0xf, 0x0, 0x7, 0x83, 0xc0,
    0x0, 0xf1, 0xe0, 0x0, 0x3c, 0x78, 0x0, 0x7,
    0x9e, 0x0, 0x1, 0xef, 0x0, 0x0, 0x7b, 0xc0,
    0x0, 0xf,

    /* U+01FB "ǻ" */
    0x0, 0x1e, 0x0, 0x7, 0x80, 0x1, 0xe0, 0x0,
    0x38, 0x0, 0xf, 0x0, 0x0, 0x0, 0x0, 0x0,
    0x0, 0x7, 0x0, 0x1, 0x10, 0x0, 0x41, 0x0,
    0x8, 0x20, 0x1, 0x4, 0x0, 0x11, 0x0, 0x1,
    0xc0, 0x0, 0x0, 0x0, 0x0, 0x0, 0x3, 0xfc,
    0x1, 0xff, 0xe0, 0xff, 0xfe, 0x1e, 0x7, 0xc7,
    0x80, 0x7c, 0xf0, 0x7, 0x84, 0x0, 0xf0, 0x0,
    0x1e, 0x0, 0x1f, 0xc0, 0xff, 0xf8, 0x7f, 0xff,
    0x3f, 0xc1, 0xe7, 0x80, 0x3d, 0xe0, 0x7, 0xbc,
    0x0, 0xf7, 0x80, 0x3e, 0xf0, 0xf, 0xdf, 0x83,
    0xf9, 0xff, 0xff, 0x1f, 0xfc, 0xe0, 0xfe, 0x1e,

    /* U+01FC "Ǽ" */
    0x0, 0x0, 0x1f, 0x0, 0x0, 0x0, 0x0, 0x78,
    0x0, 0x0, 0x0, 0x3, 0xc0, 0x0, 0x0, 0x0,
    0xe, 0x0, 0x0, 0x0, 0x0, 0x78, 0x0, 0x0,
    0x0, 0x0, 0x0, 0x0, 0x0, 0x0, 0x0, 0x0,
    0x0, 0x0, 0x0, 0xff, 0xff, 0xfe, 0x0, 0x7,
    0xff, 0xff, 0xf8, 0x0, 0x1f, 0xff, 0xff, 0xe0,
    0x0, 0xf1, 0xe0, 0x0, 0x0, 0x3, 0xc7, 0x80,
    0x0, 0x0, 0x1e, 0x1e, 0x0, 0x0, 0x0, 0x78,
    0x78, 0x0, 0x0, 0x3, 0xc1, 0xe0, 0x0, 0x0,
    0xf, 0x7, 0x80, 0x0, 0x0, 0x78, 0x1e, 0x0,
    0x0, 0x1, 0xe0, 0x78, 0x0, 0x0, 0xf, 0x1,
    0xe0, 0x0, 0x0, 0x3c, 0x7, 0xff, 0xfc, 0x1,
    0xe0, 0x1f, 0xff, 0xf0, 0x7, 0x80, 0x7f, 0xff,
    0xc0, 0x3c, 0x1, 0xe0, 0x0, 0x0, 0xf0, 0x7,
    0x80, 0x0, 0x7, 0xff, 0xfe, 0x0, 0x0, 0x1f,
    0xff, 0xf8, 0x0, 0x0, 0xff, 0xff, 0xe0, 0x0,
    0x3, 0xc0, 0x7, 0x80, 0x0, 0xf, 0x0, 0x1e,
    0x0, 0x0, 0x78, 0x0, 0x78, 0x0, 0x1, 0xe0,
    0x1, 0xe0, 0x0, 0xf, 0x0, 0x7, 0x80, 0x0,
    0x3c, 0x0, 0x1f, 0xff, 0xfd, 0xe0, 0x0, 0x7f,
    0xff, 0xf7, 0x80, 0x1, 0xff, 0xff, 0xc0,

    /* U+01FD "ǽ" */
    0x0, 0x0, 0xf8, 0x0, 0x0, 0x0, 0xf0, 0x0,
    0x0, 0x1, 0xe0, 0x0, 0x0, 0x1, 0xc0, 0x0,
    0x0, 0x3, 0x80, 0x0, 0x0, 0x0, 0x0, 0x0,
    0x0, 0x0, 0x0, 0x0, 0x3, 0xf8, 0x1f, 0xc0,
    0x1f, 0xfe, 0x3f, 0xf0, 0x3f, 0xff, 0xff, 0xf8,
    0x3c, 0xf, 0xf0, 0x7c, 0x70, 0x7, 0xc0, 0x1e,
    0x70, 0x7, 0xc0, 0xe, 0x0, 0x7, 0x80, 0xe,
    0x0, 0x7, 0x80, 0xf, 0x0, 0xff, 0xff, 0xff,
    0xf, 0xff, 0xff, 0xff, 0x3f, 0xf7, 0xff, 0xff,
    0x7e, 0x7, 0x80, 0x0, 0x78, 0x7, 0x80, 0x0,
    0xf0, 0x7, 0x80, 0x0, 0xf0, 0x7, 0x80, 0xf,
    0xf0, 0xf, 0xc0, 0x1e, 0xf0, 0x1f, 0xe0, 0x1e,
    0x78, 0x3d, 0xf0, 0x7c, 0x7f, 0xf8, 0xff, 0xf8,
    0x3f, 0xf0, 0x7f, 0xf0, 0xf, 0xc0, 0x1f, 0xc0,

    /* U+01FE "Ǿ" */
    0x0, 0x3, 0xc0, 0x0, 0x0, 0xf0, 0x0, 0x0,
    0x1c, 0x0, 0x0, 0x7, 0x0, 0x0, 0x0, 0xe0,
    0x0, 0x0, 0x0, 0x0, 0x0, 0x0, 0x0, 0x0,
    0x0, 0x0, 0x2, 0x0, 0x3f, 0x80, 0xe0, 0x3f,
    0xfe, 0x3c, 0x1f, 0xff, 0xe7, 0x7, 0xe0, 0x3f,
    0xc1, 0xf0, 0x1, 0xf0, 0x7c, 0x0, 0x1e, 0xf,
    0x0, 0x7, 0xe3, 0xc0, 0x1, 0xde, 0x78, 0x0,
    0x73, 0xcf, 0x0, 0x1c, 0x7b, 0xc0, 0x7, 0x7,
    0xf8, 0x1, 0xc0, 0xff, 0x0, 0x70, 0x1f, 0xe0,
    0x1c, 0x3, 0xfc, 0x3, 0x80, 0x7f, 0x80, 0xe0,
    0xf, 0xf0, 0x38, 0x1, 0xfe, 0xe, 0x0, 0x3d,
    0xe3, 0x80, 0xf, 0x3c, 0xe0, 0x1, 0xe7, 0xb8,
    0x0, 0x7c, 0x7e, 0x0, 0xf, 0x7, 0xc0, 0x3,
    0xe0, 0xf8, 0x0, 0xf8, 0x3f, 0xc0, 0x7e, 0xf,
    0xff, 0xff, 0x83, 0xc7, 0xff, 0xc0, 0x70, 0x1f,
    0xe0, 0x0, 0x0, 0x0, 0x0,

    /* U+01FF "ǿ" */
    0x0, 0x3c, 0x0, 0xf, 0x0, 0x1, 0xc0, 0x0,
    0x38, 0x0, 0xe, 0x0, 0x0, 0x0, 0x0, 0x0,
    0x20, 0x1f, 0x87, 0xf, 0xff, 0xc3, 0xff, 0xf0,
    0xf8, 0x3e, 0x3e, 0x3, 0xc7, 0x80, 0x7d, 0xf0,
    0x1f, 0xbc, 0x6, 0x7f, 0x81, 0x8f, 0xf0, 0x61,
    0xfe, 0xc, 0x3f, 0xc3, 0x7, 0xf8, 0xc0, 0xff,
    0x38, 0x1e, 0xfe, 0x7, 0xdf, 0x80, 0xf1, 0xf0,
    0x3e, 0x3e, 0xf, 0x87, 0xff, 0xe1, 0xdf, 0xf8,
    0x78, 0xfc, 0x2, 0x0, 0x0,

    /* U+0259 "ə" */
    0x3, 0xf8, 0x3, 0xff, 0xc0, 0xff, 0xfc, 0x3f,
    0x7, 0xc7, 0x80, 0x7d, 0xe0, 0x7, 0x8c, 0x0,
    0x70, 0x0, 0xf, 0x0, 0x1, 0xff, 0xff, 0xff,
    0xff, 0xff, 0xff, 0xff, 0xff, 0x0, 0x1f, 0xe0,
    0x3, 0xdc, 0x0, 0x73, 0xc0, 0x1e, 0x78, 0x7,
    0xc7, 0xc1, 0xf0, 0x7f, 0xfc, 0x7, 0xff, 0x0,
    0x3f, 0x80,

    /* U+02C6 "ˆ" */
    0x7, 0x0, 0x7c, 0x7, 0xf0, 0x7b, 0xc3, 0x8e,
    0x3c, 0x78,

    /* U+02C7 "ˇ" */
    0xf0, 0xff, 0x1e, 0x79, 0xc3, 0xf8, 0x1f, 0x81,
    0xf0,

    /* U+02C9 "ˉ" */
    0xff, 0xff, 0xff, 0xff, 0xf0,

    /* U+02D8 "˘" */
    0xc0, 0x7c, 0x1d, 0xff, 0x3f, 0xe1, 0xf0,

    /* U+02D9 "˙" */
    0xff, 0xff,

    /* U+02DA "˚" */
    0x38, 0x8a, 0xc, 0x18, 0x28, 0x8e, 0x0,

    /* U+02DB "˛" */
    0x60, 0x60, 0x30, 0x18, 0xc, 0x7, 0x7, 0xfe,
    0xff, 0x3e, 0x0,

    /* U+02DC "˜" */
    0x3c, 0x33, 0xf1, 0xbf, 0xfd, 0xc7, 0xee, 0x1e,
    0x0,

    /* U+02DD "˝" */
    0x3c, 0x78, 0xf3, 0xc7, 0x8f, 0x1c, 0x78, 0xe1,
    0xc0,

    /* U+0300 "̀" */
    0xf8, 0xf0, 0xf0, 0xe0, 0xe0,

    /* U+0301 "́" */
    0x3c, 0x79, 0xe3, 0x8e, 0x0,

    /* U+0303 "̃" */
    0x3c, 0x33, 0xf1, 0xbf, 0xfd, 0xc7, 0xee, 0x1e,
    0x0,

    /* U+0309 "̉" */
    0xfe, 0x3f, 0x81, 0xe0, 0x71, 0xf0, 0xc0, 0x60,

    /* U+0323 "̣" */
    0xff, 0xff,

    /* U+037E ";" */
    0xff, 0xff, 0x0, 0x0, 0x0, 0x0, 0x0, 0x0,
    0xf, 0xff, 0xf3, 0x33, 0x6c, 0x0,

    /* U+0384 "΄" */
    0x3e, 0x79, 0xe3, 0x8e, 0x0,

    /* U+0385 "΅" */
    0x1, 0xc0, 0x6, 0x0, 0x38, 0x3c, 0xcf, 0xf3,
    0x3f, 0xd8, 0xf0,

    /* U+0386 "Ά" */
    0x1f, 0x3e, 0x0, 0x7, 0x8f, 0x80, 0x3, 0xc3,
    0xf0, 0x0, 0xe1, 0xdc, 0x0, 0x70, 0x77, 0x80,
    0x0, 0x1d, 0xe0, 0x0, 0xf, 0x38, 0x0, 0x3,
    0x8f, 0x0, 0x1, 0xe1, 0xc0, 0x0, 0x78, 0x78,
    0x0, 0x1c, 0x1e, 0x0, 0xf, 0x3, 0x80, 0x3,
    0x80, 0xf0, 0x0, 0xe0, 0x1c, 0x0, 0x78, 0x7,
    0x80, 0x1c, 0x1, 0xe0, 0xf, 0xff, 0xf8, 0x3,
    0xff, 0xff, 0x0, 0xff, 0xff, 0xc0, 0x78, 0x0,
    0x78, 0x1c, 0x0, 0x1e, 0xf, 0x0, 0x3, 0x83,
    0xc0, 0x0, 0xf0, 0xe0, 0x0, 0x3c, 0x78, 0x0,
    0x7, 0x9e, 0x0, 0x1, 0xe7, 0x0, 0x0, 0x7b,
    0xc0, 0x0, 0xf,

    /* U+0387 "·" */
    0xff, 0xff,

    /* U+0388 "Έ" */
    0x3c, 0x7f, 0xff, 0xf9, 0xe1, 0xff, 0xff, 0xe7,
    0x87, 0xff, 0xff, 0xbc, 0x1e, 0x0, 0x0, 0xe0,
    0x78, 0x0, 0x0, 0x1, 0xe0, 0x0, 0x0, 0x7,
    0x80, 0x0, 0x0, 0x1e, 0x0, 0x0, 0x0, 0x78,
    0x0, 0x0, 0x1, 0xe0, 0x0, 0x0, 0x7, 0x80,
    0x0, 0x0, 0x1e, 0x0, 0x0, 0x0, 0x7f, 0xff,
    0xf0, 0x1, 0xff, 0xff, 0xc0, 0x7, 0xff, 0xff,
    0x0, 0x1e, 0x0, 0x0, 0x0, 0x78, 0x0, 0x0,
    0x1, 0xe0, 0x0, 0x0, 0x7, 0x80, 0x0, 0x0,
    0x1e, 0x0, 0x0, 0x0, 0x78, 0x0, 0x0, 0x1,
    0xe0, 0x0, 0x0, 0x7, 0x80, 0x0, 0x0, 0x1e,
    0x0, 0x0, 0x0, 0x78, 0x0, 0x0, 0x1, 0xff,
    0xff, 0xf0, 0x7, 0xff, 0xff, 0xc0, 0x1f, 0xff,
    0xff,

    /* U+0389 "Ή" */
    0x1e, 0x78, 0x0, 0x1e, 0x78, 0xf0, 0x0, 0x3c,
    0xe1, 0xe0, 0x0, 0x7b, 0xc3, 0xc0, 0x0, 0xf7,
    0x7, 0x80, 0x1, 0xe0, 0xf, 0x0, 0x3, 0xc0,
    0x1e, 0x0, 0x7, 0x80, 0x3c, 0x0, 0xf, 0x0,
    0x78, 0x0, 0x1e, 0x0, 0xf0, 0x0, 0x3c, 0x1,
    0xe0, 0x0, 0x78, 0x3, 0xff, 0xff, 0xf0, 0x7,
    0xff, 0xff, 0xe0, 0xf, 0xff, 0xff, 0xc0, 0x1e,
    0x0, 0x7, 0x80, 0x3c, 0x0, 0xf, 0x0, 0x78,
    0x0, 0x1e, 0x0, 0xf0, 0x0, 0x3c, 0x1, 0xe0,
    0x0, 0x78, 0x3, 0xc0, 0x0, 0xf0, 0x7, 0x80,
    0x1, 0xe0, 0xf, 0x0, 0x3, 0xc0, 0x1e, 0x0,
    0x7, 0x80, 0x3c, 0x0, 0xf, 0x0, 0x78, 0x0,
    0x1e, 0x0, 0xf0, 0x0, 0x3c, 0x1, 0xe0, 0x0,
    0x78, 0x3, 0xc0, 0x0, 0xf0,

    /* U+038A "Ί" */
    0x1e, 0x79, 0xe3, 0xce, 0x1e, 0xf0, 0xf7, 0x7,
    0x80, 0x3c, 0x1, 0xe0, 0xf, 0x0, 0x78, 0x3,
    0xc0, 0x1e, 0x0, 0xf0, 0x7, 0x80, 0x3c, 0x1,
    0xe0, 0xf, 0x0, 0x78, 0x3, 0xc0, 0x1e, 0x0,
    0xf0, 0x7, 0x80, 0x3c, 0x1, 0xe0, 0xf, 0x0,
    0x78, 0x3, 0xc0, 0x1e, 0x0, 0xf0,

    /* U+038C "Ό" */
    0x3c, 0x7, 0xf8, 0x1, 0xf0, 0xff, 0xf8, 0x7,
    0x8f, 0xff, 0xf8, 0x3c, 0x7e, 0x3, 0xf0, 0xe3,
    0xe0, 0x3, 0xe0, 0x1f, 0x0, 0x7, 0xc0, 0x78,
    0x0, 0xf, 0x3, 0xc0, 0x0, 0x3e, 0xf, 0x0,
    0x0, 0x78, 0x3c, 0x0, 0x1, 0xe1, 0xe0, 0x0,
    0x3, 0xc7, 0x80, 0x0, 0xf, 0x1e, 0x0, 0x0,
    0x3c, 0x78, 0x0, 0x0, 0xf1, 0xe0, 0x0, 0x3,
    0xc7, 0x80, 0x0, 0xf, 0x1e, 0x0, 0x0, 0x3c,
    0x78, 0x0, 0x0, 0xf0, 0xf0, 0x0, 0x7, 0x83,
    0xc0, 0x0, 0x1e, 0xf, 0x0, 0x0, 0xf8, 0x1e,
    0x0, 0x3, 0xc0, 0x7c, 0x0, 0x1f, 0x0, 0xf8,
    0x0, 0xf8, 0x1, 0xf8, 0xf, 0xc0, 0x3, 0xff,
    0xfe, 0x0, 0x3, 0xff, 0xe0, 0x0, 0x3, 0xfc,
    0x0,

    /* U+038E "Ύ" */
    0x1e, 0x3c, 0x0, 0x3, 0xe7, 0x87, 0xc0, 0x0,
    0x78, 0xe0, 0x78, 0x0, 0x1e, 0x38, 0x7, 0x80,
    0x7, 0xc7, 0x0, 0xf8, 0x0, 0xf0, 0x0, 0xf,
    0x0, 0x3c, 0x0, 0x0, 0xf0, 0xf, 0x80, 0x0,
    0x1f, 0x1, 0xe0, 0x0, 0x1, 0xe0, 0x78, 0x0,
    0x0, 0x1e, 0x1f, 0x0, 0x0, 0x3, 0xe3, 0xc0,
    0x0, 0x0, 0x3c, 0xf0, 0x0, 0x0, 0x3, 0xdc,
    0x0, 0x0, 0x0, 0x7f, 0x80, 0x0, 0x0, 0x7,
    0xe0, 0x0, 0x0, 0x0, 0x78, 0x0, 0x0, 0x0,
    0xf, 0x0, 0x0, 0x0, 0x1, 0xe0, 0x0, 0x0,
    0x0, 0x3c, 0x0, 0x0, 0x0, 0x7, 0x80, 0x0,
    0x0, 0x0, 0xf0, 0x0, 0x0, 0x0, 0x1e, 0x0,
    0x0, 0x0, 0x3, 0xc0, 0x0, 0x0, 0x0, 0x78,
    0x0, 0x0, 0x0, 0xf, 0x0, 0x0, 0x0, 0x1,
    0xe0, 0x0, 0x0, 0x0, 0x3c, 0x0, 0x0, 0x0,
    0x7, 0x80, 0x0,

    /* U+038F "Ώ" */
    0x1e, 0x7, 0xf8, 0x0, 0xf0, 0xff, 0xf8, 0x3,
    0x87, 0xff, 0xf0, 0x1c, 0x3f, 0x7, 0xe0, 0x71,
    0xf0, 0x7, 0xc0, 0xf, 0x80, 0xf, 0x80, 0x3c,
    0x0, 0x1e, 0x1, 0xe0, 0x0, 0x3c, 0x7, 0x80,
    0x0, 0xf0, 0x3e, 0x0, 0x3, 0xe0, 0xf0, 0x0,
    0x7, 0x83, 0xc0, 0x0, 0x1e, 0xf, 0x0, 0x0,
    0x78, 0x3c, 0x0, 0x1, 0xe0, 0xf0, 0x0, 0x7,
    0x83, 0xc0, 0x0, 0x1e, 0xf, 0x0, 0x0, 0x78,
    0x1c, 0x0, 0x1, 0xc0, 0x78, 0x0, 0xf, 0x1,
    0xe0, 0x0, 0x3c, 0x3, 0xc0, 0x0, 0xe0, 0x7,
    0x0, 0x7, 0x0, 0x1e, 0x0, 0x3c, 0x0, 0x3c,
    0x1, 0xe0, 0x0, 0x7c, 0xf, 0x0, 0x3f, 0xf8,
    0x7f, 0xf0, 0xff, 0xe1, 0xff, 0xc3, 0xff, 0x87,
    0xff,

    /* U+0390 "ΐ" */
    0x1, 0xc0, 0xe, 0xf, 0x33, 0xfd, 0xcf, 0xf6,
    0x3c, 0x0, 0x0, 0x0, 0x0, 0x0, 0x7, 0x80,
    0x1e, 0x0, 0x78, 0x1, 0xe0, 0x7, 0x80, 0x1e,
    0x0, 0x78, 0x1, 0xe0, 0x7, 0x80, 0x1e, 0x0,
    0x78, 0x1, 0xe0, 0x7, 0x80, 0x1e, 0x0, 0x78,
    0x1, 0xe0, 0x7, 0x80, 0x1e, 0x0, 0x78, 0x1,
    0xe0, 0x7, 0x80,

    /* U+0391 "Α" */
    0x0, 0x3e, 0x0, 0x0, 0xf, 0x80, 0x0, 0x3,
    0xf0, 0x0, 0x1, 0xdc, 0x0, 0x0, 0x77, 0x0,
    0x0, 0x1d, 0xe0, 0x0, 0xf, 0x38, 0x0, 0x3,
    0x8f, 0x0, 0x1, 0xe1, 0xc0, 0x0, 0x78, 0x78,
    0x0, 0x1c, 0x1e, 0x0, 0xf, 0x3, 0x80, 0x3,
    0x80, 0xf0, 0x1, 0xe0, 0x1c, 0x0, 0x78, 0x7,
    0x80, 0x1c, 0x1, 0xe0, 0xf, 0xff, 0xf8, 0x3,
    0xff, 0xff, 0x0, 0xff, 0xff, 0xc0, 0x78, 0x0,
    0x78, 0x1c, 0x0, 0x1e, 0xf, 0x0, 0x3, 0x83,
    0xc0, 0x0, 0xf0, 0xe0, 0x0, 0x3c, 0x78, 0x0,
    0x7, 0x9e, 0x0, 0x1, 0xef, 0x0, 0x0, 0x7b,
    0xc0, 0x0, 0xf,

    /* U+0392 "Β" */
    0xff, 0xfe, 0x7, 0xff, 0xfc, 0x3f, 0xff, 0xf1,
    0xe0, 0x7, 0xcf, 0x0, 0x1e, 0x78, 0x0, 0x7b,
    0xc0, 0x3, 0xde, 0x0, 0x1e, 0xf0, 0x0, 0xf7,
    0x80, 0x7, 0xbc, 0x0, 0x79, 0xe0, 0x7, 0x8f,
    0xff, 0xf8, 0x7f, 0xff, 0xc3, 0xff, 0xff, 0x1e,
    0x0, 0x7c, 0xf0, 0x0, 0xf7, 0x80, 0x7, 0xfc,
    0x0, 0x1f, 0xe0, 0x0, 0xff, 0x0, 0x7, 0xf8,
    0x0, 0x3f, 0xc0, 0x3, 0xfe, 0x0, 0x1e, 0xf0,
    0x3, 0xf7, 0xff, 0xff, 0x3f, 0xff, 0xf1, 0xff,
    0xfc, 0x0,

    /* U+0393 "Γ" */
    0xff, 0xff, 0xff, 0xff, 0xff, 0xff, 0xff, 0xc0,
    0x0, 0xf0, 0x0, 0x3c, 0x0, 0xf, 0x0, 0x3,
    0xc0, 0x0, 0xf0, 0x0, 0x3c, 0x0, 0xf, 0x0,
    0x3, 0xc0, 0x0, 0xf0, 0x0, 0x3c, 0x0, 0xf,
    0x0, 0x3, 0xc0, 0x0, 0xf0, 0x0, 0x3c, 0x0,
    0xf, 0x0, 0x3, 0xc0, 0x0, 0xf0, 0x0, 0x3c,
    0x0, 0xf, 0x0, 0x3, 0xc0, 0x0, 0xf0, 0x0,
    0x3c, 0x0, 0xf, 0x0, 0x3, 0xc0, 0x0,

    /* U+0394 "Δ" */
    0x0, 0x3e, 0x0, 0x0, 0xf, 0x80, 0x0, 0x3,
    0xf0, 0x0, 0x1, 0xdc, 0x0, 0x0, 0x77, 0x80,
    0x0, 0x1d, 0xe0, 0x0, 0xf, 0x38, 0x0, 0x3,
    0x8f, 0x0, 0x1, 0xe3, 0xc0, 0x0, 0x78, 0x78,
    0x0, 0x1c, 0x1e, 0x0, 0xf, 0x3, 0x80, 0x3,
    0xc0, 0xf0, 0x0, 0xe0, 0x3c, 0x0, 0x78, 0x7,
    0x80, 0x1e, 0x1, 0xe0, 0xf, 0x0, 0x78, 0x3,
    0xc0, 0xf, 0x0, 0xe0, 0x3, 0xc0, 0x78, 0x0,
    0x78, 0x1e, 0x0, 0x1e, 0xf, 0x0, 0x7, 0x83,
    0xc0, 0x0, 0xf0, 0xf0, 0x0, 0x3c, 0x78, 0x0,
    0xf, 0x9f, 0xff, 0xff, 0xe7, 0xff, 0xff, 0xfb,
    0xff, 0xff, 0xff,

    /* U+0395 "Ε" */
    0xff, 0xff, 0xf7, 0xff, 0xff, 0xbf, 0xff, 0xfd,
    0xe0, 0x0, 0xf, 0x0, 0x0, 0x78, 0x0, 0x3,
    0xc0, 0x0, 0x1e, 0x0, 0x0, 0xf0, 0x0, 0x7,
    0x80, 0x0, 0x3c, 0x0, 0x1, 0xe0, 0x0, 0xf,
    0xff, 0xfe, 0x7f, 0xff, 0xf3, 0xff, 0xff, 0x9e,
    0x0, 0x0, 0xf0, 0x0, 0x7, 0x80, 0x0, 0x3c,
    0x0, 0x1, 0xe0, 0x0, 0xf, 0x0, 0x0, 0x78,
    0x0, 0x3, 0xc0, 0x0, 0x1e, 0x0, 0x0, 0xf0,
    0x0, 0x7, 0xff, 0xff, 0xff, 0xff, 0xff, 0xff,
    0xff, 0xf0,

    /* U+0396 "Ζ" */
    0x3f, 0xff, 0xfc, 0xff, 0xff, 0xf3, 0xff, 0xff,
    0xc0, 0x0, 0x1f, 0x0, 0x0, 0xf8, 0x0, 0x7,
    0xc0, 0x0, 0x1e, 0x0, 0x0, 0xf0, 0x0, 0x7,
    0xc0, 0x0, 0x3e, 0x0, 0x1, 0xf0, 0x0, 0x7,
    0x80, 0x0, 0x3e, 0x0, 0x1, 0xf0, 0x0, 0xf,
    0x80, 0x0, 0x7c, 0x0, 0x1, 0xe0, 0x0, 0xf,
    0x80, 0x0, 0x7c, 0x0, 0x3, 0xe0, 0x0, 0x1f,
    0x0, 0x0, 0x78, 0x0, 0x3, 0xe0, 0x0, 0x1f,
    0x0, 0x0, 0xf8, 0x0, 0x3, 0xff, 0xff, 0xff,
    0xff, 0xff, 0xff, 0xff, 0xff,

    /* U+0397 "Η" */
    0xf0, 0x0, 0x3f, 0xc0, 0x0, 0xff, 0x0, 0x3,
    0xfc, 0x0, 0xf, 0xf0, 0x0, 0x3f, 0xc0, 0x0,
    0xff, 0x0, 0x3, 0xfc, 0x0, 0xf, 0xf0, 0x0,
    0x3f, 0xc0, 0x0, 0xff, 0x0, 0x3, 0xff, 0xff,
    0xff, 0xff, 0xff, 0xff, 0xff, 0xff, 0xff, 0x0,
    0x3, 0xfc, 0x0, 0xf, 0xf0, 0x0, 0x3f, 0xc0,
    0x0, 0xff, 0x0, 0x3, 0xfc, 0x0, 0xf, 0xf0,
    0x0, 0x3f, 0xc0, 0x0, 0xff, 0x0, 0x3, 0xfc,
    0x0, 0xf, 0xf0, 0x0, 0x3f, 0xc0, 0x0, 0xff,
    0x0, 0x3, 0xfc, 0x0, 0xf,

    /* U+0398 "Θ" */
    0x0, 0x3f, 0xc0, 0x0, 0x3f, 0xfe, 0x0, 0x1f,
    0xff, 0xf0, 0x7, 0xe0, 0x3f, 0x1, 0xf0, 0x1,
    0xf0, 0x7c, 0x0, 0x1f, 0xf, 0x0, 0x1, 0xe3,
    0xc0, 0x0, 0x3e, 0x78, 0x0, 0x3, 0xcf, 0x0,
    0x0, 0x7b, 0xc0, 0x0, 0x7, 0xf8, 0x0, 0x0,
    0xff, 0xf, 0xfe, 0x1f, 0xe1, 0xff, 0xc3, 0xfc,
    0x3f, 0xf8, 0x7f, 0x80, 0x0, 0xf, 0xf0, 0x0,
    0x1, 0xfe, 0x0, 0x0, 0x3d, 0xe0, 0x0, 0xf,
    0x3c, 0x0, 0x1, 0xe7, 0x80, 0x0, 0x7c, 0x78,
    0x0, 0xf, 0xf, 0x80, 0x3, 0xe0, 0xf8, 0x0,
    0xf8, 0xf, 0xc0, 0x7e, 0x0, 0xff, 0xff, 0x80,
    0x7, 0xff, 0xc0, 0x0, 0x3f, 0xe0, 0x0,

    /* U+0399 "Ι" */
    0xff, 0xff, 0xff, 0xff, 0xff, 0xff, 0xff, 0xff,
    0xff, 0xff, 0xff, 0xff, 0xff, 0xff,

    /* U+039A "Κ" */
    0xf0, 0x0, 0x7d, 0xe0, 0x1, 0xf3, 0xc0, 0x7,
    0xc7, 0x80, 0x1f, 0xf, 0x0, 0x7c, 0x1e, 0x1,
    0xf0, 0x3c, 0x7, 0xc0, 0x78, 0x1f, 0x0, 0xf0,
    0x7c, 0x1, 0xe1, 0xf0, 0x3, 0xc7, 0xc0, 0x7,
    0x9f, 0x0, 0xf, 0x7f, 0x0, 0x1f, 0xff, 0x0,
    0x3f, 0xde, 0x0, 0x7f, 0x1e, 0x0, 0xfc, 0x3e,
    0x1, 0xf0, 0x3e, 0x3, 0xc0, 0x3c, 0x7, 0x80,
    0x3c, 0xf, 0x0, 0x7c, 0x1e, 0x0, 0x7c, 0x3c,
    0x0, 0x78, 0x78, 0x0, 0xf8, 0xf0, 0x0, 0xf9,
    0xe0, 0x0, 0xfb, 0xc0, 0x1, 0xf7, 0x80, 0x1,
    0xf0,

    /* U+039B "Λ" */
    0x0, 0x1e, 0x0, 0x0, 0x7, 0xc0, 0x0, 0x3,
    0xf0, 0x0, 0x0, 0xfc, 0x0, 0x0, 0x7f, 0x80,
    0x0, 0x1c, 0xe0, 0x0, 0x7, 0x38, 0x0, 0x3,
    0xcf, 0x0, 0x0, 0xe1, 0xc0, 0x0, 0x78, 0x78,
    0x0, 0x1c, 0x1e, 0x0, 0x7, 0x3, 0x80, 0x3,
    0xc0, 0xf0, 0x0, 0xe0, 0x1c, 0x0, 0x78, 0x7,
    0x80, 0x1e, 0x1, 0xe0, 0x7, 0x0, 0x38, 0x3,
    0xc0, 0xf, 0x0, 0xf0, 0x3, 0xc0, 0x78, 0x0,
    0x70, 0x1e, 0x0, 0x1e, 0x7, 0x0, 0x7, 0x83,
    0xc0, 0x0, 0xf0, 0xf0, 0x0, 0x3c, 0x38, 0x0,
    0xf, 0x1e, 0x0, 0x1, 0xe7, 0x80, 0x0, 0x7b,
    0xc0, 0x0, 0xf,

    /* U+039C "Μ" */
    0xfc, 0x0, 0x7, 0xff, 0x80, 0x0, 0xff, 0xf8,
    0x0, 0x1f, 0xff, 0x0, 0x7, 0xff, 0xe0, 0x0,
    0xff, 0xfe, 0x0, 0x1f, 0xfd, 0xc0, 0x7, 0x7f,
    0xb8, 0x0, 0xef, 0xf7, 0x80, 0x1d, 0xfe, 0x70,
    0x7, 0x3f, 0xce, 0x0, 0xe7, 0xf9, 0xe0, 0x1c,
    0xff, 0x1c, 0x7, 0x1f, 0xe3, 0x80, 0xe3, 0xfc,
    0x78, 0x1c, 0x7f, 0x87, 0x7, 0xf, 0xf0, 0xe0,
    0xe1, 0xfe, 0x1e, 0x1c, 0x3f, 0xc1, 0xc7, 0x7,
    0xf8, 0x38, 0xe0, 0xff, 0x7, 0x9c, 0x1f, 0xe0,
    0x77, 0x3, 0xfc, 0xe, 0xe0, 0x7f, 0x81, 0xfc,
    0xf, 0xf0, 0x1f, 0x1, 0xfe, 0x3, 0xe0, 0x3f,
    0xc0, 0x7c, 0x7, 0xf8, 0x7, 0x0, 0xf0,

    /* U+039D "Ν" */
    0xf8, 0x0, 0x3f, 0xe0, 0x0, 0xff, 0xc0, 0x3,
    0xff, 0x0, 0xf, 0xfe, 0x0, 0x3f, 0xfc, 0x0,
    0xff, 0xf0, 0x3, 0xfd, 0xe0, 0xf, 0xf3, 0xc0,
    0x3f, 0xcf, 0x0, 0xff, 0x1e, 0x3, 0xfc, 0x78,
    0xf, 0xf0, 0xf0, 0x3f, 0xc1, 0xe0, 0xff, 0x7,
    0x83, 0xfc, 0xf, 0xf, 0xf0, 0x1e, 0x3f, 0xc0,
    0x78, 0xff, 0x0, 0xf3, 0xfc, 0x3, 0xcf, 0xf0,
    0x7, 0xbf, 0xc0, 0xf, 0xff, 0x0, 0x3f, 0xfc,
    0x0, 0x7f, 0xf0, 0x0, 0xff, 0xc0, 0x3, 0xff,
    0x0, 0x7, 0xfc, 0x0, 0x1f,

    /* U+039E "Ξ" */
    0x7f, 0xff, 0xfb, 0xff, 0xff, 0xdf, 0xff, 0xfe,
    0x0, 0x0, 0x0, 0x0, 0x0, 0x0, 0x0, 0x0,
    0x0, 0x0, 0x0, 0x0, 0x0, 0x0, 0x0, 0x0,
    0x0, 0x0, 0x0, 0x0, 0x0, 0x0, 0x0, 0x3,
    0xff, 0xfe, 0x1f, 0xff, 0xf0, 0xff, 0xff, 0x80,
    0x0, 0x0, 0x0, 0x0, 0x0, 0x0, 0x0, 0x0,
    0x0, 0x0, 0x0, 0x0, 0x0, 0x0, 0x0, 0x0,
    0x0, 0x0, 0x0, 0x0, 0x0, 0x0, 0x0, 0x0,
    0x0, 0x7, 0xff, 0xff, 0xff, 0xff, 0xff, 0xff,
    0xff, 0xf0,

    /* U+039F "Ο" */
    0x0, 0x3f, 0x80, 0x0, 0x3f, 0xfe, 0x0, 0x1f,
    0xff, 0xf0, 0x7, 0xe0, 0x3f, 0x1, 0xf0, 0x1,
    0xf0, 0x7c, 0x0, 0x1f, 0xf, 0x0, 0x1, 0xe3,
    0xc0, 0x0, 0x3e, 0x78, 0x0, 0x3, 0xcf, 0x0,
    0x0, 0x7b, 0xc0, 0x0, 0x7, 0xf8, 0x0, 0x0,
    0xff, 0x0, 0x0, 0x1f, 0xe0, 0x0, 0x3, 0xfc,
    0x0, 0x0, 0x7f, 0x80, 0x0, 0xf, 0xf0, 0x0,
    0x1, 0xfe, 0x0, 0x0, 0x3d, 0xe0, 0x0, 0xf,
    0x3c, 0x0, 0x1, 0xe7, 0x80, 0x0, 0x3c, 0x78,
    0x0, 0xf, 0xf, 0x80, 0x3, 0xe0, 0xf8, 0x0,
    0xf8, 0xf, 0xc0, 0x7e, 0x0, 0xff, 0xff, 0x80,
    0x7, 0xff, 0xc0, 0x0, 0x3f, 0xe0, 0x0,

    /* U+03A0 "Π" */
    0xff, 0xff, 0xff, 0xff, 0xff, 0xff, 0xff, 0xff,
    0xfc, 0x0, 0xf, 0xf0, 0x0, 0x3f, 0xc0, 0x0,
    0xff, 0x0, 0x3, 0xfc, 0x0, 0xf, 0xf0, 0x0,
    0x3f, 0xc0, 0x0, 0xff, 0x0, 0x3, 0xfc, 0x0,
    0xf, 0xf0, 0x0, 0x3f, 0xc0, 0x0, 0xff, 0x0,
    0x3, 0xfc, 0x0, 0xf, 0xf0, 0x0, 0x3f, 0xc0,
    0x0, 0xff, 0x0, 0x3, 0xfc, 0x0, 0xf, 0xf0,
    0x0, 0x3f, 0xc0, 0x0, 0xff, 0x0, 0x3, 0xfc,
    0x0, 0xf, 0xf0, 0x0, 0x3f, 0xc0, 0x0, 0xff,
    0x0, 0x3, 0xfc, 0x0, 0xf,

    /* U+03A1 "Ρ" */
    0xff, 0xfe, 0x7, 0xff, 0xfe, 0x3f, 0xff, 0xf9,
    0xe0, 0x3, 0xef, 0x0, 0xf, 0x78, 0x0, 0x7f,
    0xc0, 0x1, 0xfe, 0x0, 0xf, 0xf0, 0x0, 0x7f,
    0x80, 0x3, 0xfc, 0x0, 0x3f, 0xe0, 0x1, 0xef,
    0x0, 0x3f, 0x7f, 0xff, 0xf3, 0xff, 0xff, 0x1f,
    0xff, 0xc0, 0xf0, 0x0, 0x7, 0x80, 0x0, 0x3c,
    0x0, 0x1, 0xe0, 0x0, 0xf, 0x0, 0x0, 0x78,
    0x0, 0x3, 0xc0, 0x0, 0x1e, 0x0, 0x0, 0xf0,
    0x0, 0x7, 0x80, 0x0, 0x3c, 0x0, 0x1, 0xe0,
    0x0, 0x0,

    /* U+03A3 "Σ" */
    0xff, 0xff, 0xef, 0xff, 0xfe, 0xff, 0xff, 0xef,
    0x0, 0x0, 0x78, 0x0, 0x3, 0xc0, 0x0, 0x1e,
    0x0, 0x0, 0xf0, 0x0, 0x7, 0x80, 0x0, 0x3c,
    0x0, 0x3, 0xe0, 0x0, 0x1f, 0x0, 0x0, 0xf8,
    0x0, 0x7, 0xc0, 0x0, 0xf8, 0x0, 0x1f, 0x0,
    0x1, 0xe0, 0x0, 0x3c, 0x0, 0x7, 0x80, 0x0,
    0xf8, 0x0, 0x1f, 0x0, 0x3, 0xe0, 0x0, 0x3c,
    0x0, 0x7, 0x80, 0x0, 0xf0, 0x0, 0xf, 0xff,
    0xff, 0xff, 0xff, 0xff, 0xff, 0xff,

    /* U+03A4 "Τ" */
    0xff, 0xff, 0xff, 0xff, 0xff, 0xff, 0xff, 0xff,
    0xc0, 0x1e, 0x0, 0x0, 0x78, 0x0, 0x1, 0xe0,
    0x0, 0x7, 0x80, 0x0, 0x1e, 0x0, 0x0, 0x78,
    0x0, 0x1, 0xe0, 0x0, 0x7, 0x80, 0x0, 0x1e,
    0x0, 0x0, 0x78, 0x0, 0x1, 0xe0, 0x0, 0x7,
    0x80, 0x0, 0x1e, 0x0, 0x0, 0x78, 0x0, 0x1,
    0xe0, 0x0, 0x7, 0x80, 0x0, 0x1e, 0x0, 0x0,
    0x78, 0x0, 0x1, 0xe0, 0x0, 0x7, 0x80, 0x0,
    0x1e, 0x0, 0x0, 0x78, 0x0, 0x1, 0xe0, 0x0,
    0x7, 0x80, 0x0, 0x1e, 0x0,

    /* U+03A5 "Υ" */
    0x78, 0x0, 0x7, 0xdf, 0x0, 0x1, 0xe3, 0xc0,
    0x0, 0xf0, 0x78, 0x0, 0x7c, 0x1f, 0x0, 0x1e,
    0x3, 0xc0, 0xf, 0x0, 0x78, 0x7, 0xc0, 0x1f,
    0x1, 0xe0, 0x3, 0xc0, 0xf0, 0x0, 0x78, 0x7c,
    0x0, 0x1f, 0x1e, 0x0, 0x3, 0xcf, 0x0, 0x0,
    0x7b, 0xc0, 0x0, 0x1f, 0xe0, 0x0, 0x3, 0xf0,
    0x0, 0x0, 0x78, 0x0, 0x0, 0x1e, 0x0, 0x0,
    0x7, 0x80, 0x0, 0x1, 0xe0, 0x0, 0x0, 0x78,
    0x0, 0x0, 0x1e, 0x0, 0x0, 0x7, 0x80, 0x0,
    0x1, 0xe0, 0x0, 0x0, 0x78, 0x0, 0x0, 0x1e,
    0x0, 0x0, 0x7, 0x80, 0x0, 0x1, 0xe0, 0x0,
    0x0, 0x78, 0x0,

    /* U+03A6 "Φ" */
    0x0, 0xf, 0x0, 0x0, 0x0, 0xf0, 0x0, 0x0,
    0xf, 0x0, 0x0, 0x0, 0xf0, 0x0, 0x0, 0xff,
    0xf0, 0x0, 0x7f, 0xff, 0xe0, 0xf, 0xff, 0xff,
    0x1, 0xf8, 0xf1, 0xf8, 0x3e, 0xf, 0x7, 0xc7,
    0xc0, 0xf0, 0x3e, 0x78, 0xf, 0x1, 0xe7, 0x80,
    0xf0, 0x1f, 0xf0, 0xf, 0x0, 0xff, 0x0, 0xf0,
    0xf, 0xf0, 0xf, 0x0, 0xff, 0x0, 0xf0, 0xf,
    0xf0, 0xf, 0x0, 0xff, 0x0, 0xf0, 0xf, 0xf8,
    0xf, 0x1, 0xe7, 0x80, 0xf0, 0x1e, 0x7c, 0xf,
    0x3, 0xe3, 0xe0, 0xf0, 0x7c, 0x1f, 0x8f, 0x1f,
    0x80, 0xff, 0xff, 0xf0, 0x7, 0xff, 0xfe, 0x0,
    0xf, 0xff, 0x0, 0x0, 0xf, 0x0, 0x0, 0x0,
    0xf0, 0x0, 0x0, 0xf, 0x0, 0x0, 0x0, 0xf0,
    0x0,

    /* U+03A7 "Χ" */
    0x3c, 0x0, 0x7, 0x87, 0x80, 0x3, 0xc1, 0xf0,
    0x1, 0xe0, 0x3c, 0x0, 0xf0, 0x7, 0x80, 0x3c,
    0x1, 0xf0, 0x1e, 0x0, 0x3c, 0xf, 0x0, 0x7,
    0x87, 0x80, 0x1, 0xf1, 0xe0, 0x0, 0x3c, 0xf0,
    0x0, 0x7, 0xf8, 0x0, 0x0, 0xfc, 0x0, 0x0,
    0x3f, 0x0, 0x0, 0x7, 0x80, 0x0, 0x3, 0xf0,
    0x0, 0x1, 0xfe, 0x0, 0x0, 0x7f, 0xc0, 0x0,
    0x3c, 0xf0, 0x0, 0x1e, 0x1e, 0x0, 0xf, 0x87,
    0xc0, 0x3, 0xc0, 0xf0, 0x1, 0xe0, 0x1e, 0x0,
    0xf8, 0x7, 0xc0, 0x7c, 0x0, 0xf8, 0x1e, 0x0,
    0x1e, 0xf, 0x0, 0x7, 0xc7, 0xc0, 0x0, 0xf9,
    0xe0, 0x0, 0x1e,

    /* U+03A8 "Ψ" */
    0xf0, 0xf, 0x0, 0xff, 0x0, 0xf0, 0xf, 0xf0,
    0xf, 0x0, 0xff, 0x0, 0xf0, 0xf, 0xf0, 0xf,
    0x0, 0xff, 0x0, 0xf0, 0xf, 0xf0, 0xf, 0x0,
    0xff, 0x0, 0xf0, 0xf, 0xf0, 0xf, 0x0, 0xff,
    0x0, 0xf0, 0xf, 0xf0, 0xf, 0x0, 0xff, 0x80,
    0xf0, 0x1f, 0x78, 0xf, 0x1, 0xe7, 0xc0, 0xf0,
    0x3e, 0x3e, 0xf, 0x7, 0xc3, 0xf8, 0xf1, 0xfc,
    0x1f, 0xff, 0xff, 0x80, 0x7f, 0xff, 0xe0, 0x1,
    0xff, 0xf0, 0x0, 0x0, 0xf0, 0x0, 0x0, 0xf,
    0x0, 0x0, 0x0, 0xf0, 0x0, 0x0, 0xf, 0x0,
    0x0, 0x0, 0xf0, 0x0, 0x0, 0xf, 0x0, 0x0,
    0x0, 0xf0, 0x0, 0x0, 0xf, 0x0, 0x0, 0x0,
    0xf0, 0x0,

    /* U+03A9 "Ω" */
    0x0, 0x7f, 0x80, 0x0, 0xff, 0xf8, 0x0, 0x7f,
    0xff, 0x0, 0x3f, 0x7, 0xe0, 0x1f, 0x0, 0x7c,
    0xf, 0x80, 0xf, 0x83, 0xc0, 0x1, 0xe1, 0xe0,
    0x0, 0x3c, 0x78, 0x0, 0xf, 0x3e, 0x0, 0x3,
    0xef, 0x0, 0x0, 0x7b, 0xc0, 0x0, 0x1e, 0xf0,
    0x0, 0x7, 0xbc, 0x0, 0x1, 0xef, 0x0, 0x0,
    0x7b, 0xc0, 0x0, 0x1e, 0xf0, 0x0, 0x7, 0x9c,
    0x0, 0x1, 0xc7, 0x80, 0x0, 0xf1, 0xe0, 0x0,
    0x3c, 0x3c, 0x0, 0xe, 0x7, 0x0, 0x7, 0x1,
    0xe0, 0x3, 0xc0, 0x3c, 0x1, 0xe0, 0x7, 0xc0,
    0xf0, 0x3f, 0xf8, 0x7f, 0xff, 0xfe, 0x1f, 0xff,
    0xff, 0x87, 0xff,

    /* U+03AA "Ϊ" */
    0xf1, 0xfe, 0x3f, 0xc7, 0xf8, 0xf0, 0x0, 0x0,
    0x3, 0xc0, 0x78, 0xf, 0x1, 0xe0, 0x3c, 0x7,
    0x80, 0xf0, 0x1e, 0x3, 0xc0, 0x78, 0xf, 0x1,
    0xe0, 0x3c, 0x7, 0x80, 0xf0, 0x1e, 0x3, 0xc0,
    0x78, 0xf, 0x1, 0xe0, 0x3c, 0x7, 0x80, 0xf0,
    0x1e, 0x3, 0xc0, 0x78, 0xf, 0x1, 0xe0,

    /* U+03AB "Ϋ" */
    0x1, 0xe1, 0xe0, 0x0, 0x78, 0x78, 0x0, 0x1e,
    0x1e, 0x0, 0x7, 0x87, 0x80, 0x0, 0x0, 0x0,
    0x0, 0x0, 0x0, 0xf, 0x0, 0x0, 0x3d, 0xe0,
    0x0, 0x1e, 0x7c, 0x0, 0xf, 0x8f, 0x0, 0x3,
    0xc3, 0xe0, 0x1, 0xe0, 0x7c, 0x0, 0xf0, 0xf,
    0x0, 0x78, 0x3, 0xe0, 0x1e, 0x0, 0x7c, 0xf,
    0x0, 0xf, 0x7, 0x80, 0x3, 0xe3, 0xc0, 0x0,
    0x7c, 0xf0, 0x0, 0xf, 0x78, 0x0, 0x3, 0xfc,
    0x0, 0x0, 0x7e, 0x0, 0x0, 0xf, 0x80, 0x0,
    0x3, 0xc0, 0x0, 0x0, 0xf0, 0x0, 0x0, 0x3c,
    0x0, 0x0, 0xf, 0x0, 0x0, 0x3, 0xc0, 0x0,
    0x0, 0xf0, 0x0, 0x0, 0x3c, 0x0, 0x0, 0xf,
    0x0, 0x0, 0x3, 0xc0, 0x0, 0x0, 0xf0, 0x0,
    0x0, 0x3c, 0x0, 0x0, 0xf, 0x0, 0x0,

    /* U+03AC "ά" */
    0x0, 0x3c, 0x0, 0x7, 0x80, 0x0, 0x78, 0x0,
    0xf, 0x0, 0x0, 0xe0, 0x0, 0x0, 0x0, 0x0,
    0x0, 0x0, 0x3f, 0xf, 0xf, 0xf8, 0xe1, 0xff,
    0xce, 0x3e, 0x1f, 0xe7, 0xc0, 0x7e, 0x78, 0x7,
    0xcf, 0x80, 0x3c, 0xf0, 0x3, 0xcf, 0x0, 0x3c,
    0xf0, 0x3, 0xcf, 0x0, 0x38, 0xf0, 0x3, 0xcf,
    0x0, 0x3c, 0xf0, 0x3, 0xcf, 0x80, 0x3c, 0x78,
    0x7, 0xc7, 0xc0, 0xfe, 0x3e, 0x1f, 0xe1, 0xff,
    0xce, 0xf, 0xf8, 0xe0, 0x7e, 0xf,

    /* U+03AD "έ" */
    0x0, 0xf0, 0x3, 0xc0, 0x7, 0x0, 0x1c, 0x0,
    0x78, 0x0, 0x0, 0x0, 0x0, 0x7, 0xe0, 0x3f,
    0xf8, 0xff, 0xf9, 0xe1, 0xe7, 0x80, 0x8f, 0x0,
    0x1e, 0x0, 0x3e, 0x0, 0x3e, 0x0, 0x3f, 0xc0,
    0x1f, 0x80, 0xff, 0x3, 0xe0, 0xf, 0x80, 0x1e,
    0x0, 0x3c, 0x0, 0x78, 0xc, 0xfc, 0x3e, 0xff,
    0xf8, 0xff, 0xe0, 0x7f, 0x0,

    /* U+03AE "ή" */
    0x0, 0x78, 0x0, 0x78, 0x0, 0x38, 0x0, 0x38,
    0x0, 0x1c, 0x0, 0x0, 0x0, 0x0, 0x1, 0xe3,
    0xf0, 0xf7, 0xfe, 0x7f, 0xff, 0xbf, 0x87, 0xdf,
    0x1, 0xff, 0x80, 0x7f, 0x80, 0x3f, 0xc0, 0x1f,
    0xe0, 0xf, 0xf0, 0x7, 0xf8, 0x3, 0xfc, 0x1,
    0xfe, 0x0, 0xff, 0x0, 0x7f, 0x80, 0x3f, 0xc0,
    0x1f, 0xe0, 0xf, 0xf0, 0x7, 0xf8, 0x3, 0xfc,
    0x1, 0xfe, 0x0, 0xf0, 0x0, 0x78, 0x0, 0x3c,
    0x0, 0x1e, 0x0, 0xf, 0x0, 0x7, 0x80, 0x3,
    0xc0, 0x1, 0xe0, 0x0, 0xf0,

    /* U+03AF "ί" */
    0x1e, 0x3e, 0x3c, 0x78, 0x70, 0x0, 0x0, 0x78,
    0x78, 0x78, 0x78, 0x78, 0x78, 0x78, 0x78, 0x78,
    0x78, 0x78, 0x78, 0x78, 0x78, 0x78, 0x78, 0x78,
    0x78, 0x78, 0x78, 0x78,

    /* U+03B0 "ΰ" */
    0x0, 0xe0, 0x0, 0xc0, 0x79, 0xde, 0x79, 0x9e,
    0x7b, 0x1e, 0x0, 0x0, 0x0, 0x0, 0x0, 0x0,
    0x0, 0x0, 0xf0, 0xf, 0xf0, 0xf, 0xf0, 0xf,
    0xf0, 0xf, 0xf0, 0xf, 0xf0, 0xf, 0xf0, 0xf,
    0xf0, 0xf, 0xf0, 0xf, 0xf0, 0xf, 0xf0, 0xf,
    0xf0, 0xf, 0xf0, 0xf, 0xf0, 0xf, 0xf0, 0xf,
    0xf8, 0x1f, 0x78, 0x1e, 0x7c, 0x3e, 0x3f, 0xfc,
    0x1f, 0xf8, 0x7, 0xe0,

    /* U+03B1 "α" */
    0x3, 0xf0, 0xf0, 0xff, 0x8e, 0x1f, 0xfc, 0xe3,
    0xe1, 0xfe, 0x7c, 0x7, 0xe7, 0x80, 0x7c, 0xf8,
    0x3, 0xcf, 0x0, 0x3c, 0xf0, 0x3, 0xcf, 0x0,
    0x3c, 0xf0, 0x3, 0x8f, 0x0, 0x3c, 0xf0, 0x3,
    0xcf, 0x0, 0x3c, 0xf8, 0x3, 0xc7, 0x80, 0x7c,
    0x7c, 0xf, 0xe3, 0xe1, 0xfe, 0x1f, 0xfc, 0xe0,
    0xff, 0x8e, 0x7, 0xe0, 0xf0,

    /* U+03B2 "β" */
    0x7, 0xf0, 0x7, 0xfe, 0x3, 0xff, 0xc1, 0xf0,
    0x78, 0x78, 0xf, 0x3c, 0x1, 0xcf, 0x0, 0x73,
    0xc0, 0x1c, 0xf0, 0x7, 0x3c, 0x3, 0x8f, 0x3,
    0xe3, 0xc7, 0xe0, 0xf1, 0xf0, 0x3c, 0x7f, 0x8f,
    0x1, 0xf3, 0xc0, 0x3e, 0xf0, 0x7, 0xbc, 0x0,
    0xff, 0x0, 0x3f, 0xc0, 0xf, 0xf0, 0x3, 0xfe,
    0x0, 0xff, 0x80, 0x7f, 0xf0, 0x1e, 0xfe, 0x1f,
    0xbd, 0xff, 0xcf, 0x3f, 0xe3, 0xc7, 0xe0, 0xf0,
    0x0, 0x3c, 0x0, 0xf, 0x0, 0x3, 0xc0, 0x0,
    0xf0, 0x0, 0x3c, 0x0, 0xf, 0x0, 0x3, 0xc0,
    0x0,

    /* U+03B3 "γ" */
    0x70, 0x0, 0xe7, 0x80, 0x1e, 0x78, 0x1, 0xe3,
    0x80, 0x1c, 0x3c, 0x3, 0xc3, 0xc0, 0x3c, 0x1c,
    0x3, 0x81, 0xe0, 0x78, 0xe, 0x7, 0x80, 0xf0,
    0x70, 0xf, 0xf, 0x0, 0x70, 0xe0, 0x7, 0x9e,
    0x0, 0x79, 0xe0, 0x3, 0x9c, 0x0, 0x3f, 0xc0,
    0x3, 0xfc, 0x0, 0x1f, 0x80, 0x1, 0xf8, 0x0,
    0x1f, 0x80, 0x0, 0xf0, 0x0, 0xf, 0x0, 0x0,
    0xf0, 0x0, 0xf, 0x0, 0x0, 0xf0, 0x0, 0xf,
    0x0, 0x0, 0xf0, 0x0, 0xf, 0x0, 0x0, 0xf0,
    0x0,

    /* U+03B4 "δ" */
    0x3f, 0xff, 0x87, 0xff, 0xf0, 0xff, 0xfe, 0xf,
    0x0, 0x0, 0x70, 0x0, 0x7, 0x80, 0x0, 0x38,
    0x0, 0x1f, 0x80, 0xf, 0xfc, 0x3, 0xff, 0xc0,
    0xf8, 0x3c, 0x3e, 0x3, 0xc7, 0x80, 0x3d, 0xf0,
    0x7, 0xbc, 0x0, 0x7f, 0x80, 0xf, 0xf0, 0x1,
    0xfe, 0x0, 0x3f, 0xc0, 0x7, 0xf8, 0x0, 0xff,
    0x0, 0x1e, 0xf0, 0x7, 0xde, 0x0, 0xf3, 0xe0,
    0x3e, 0x3e, 0xf, 0x83, 0xff, 0xe0, 0x3f, 0xf8,
    0x1, 0xfc, 0x0,

    /* U+03B5 "ε" */
    0xf, 0xc0, 0x7f, 0xf1, 0xff, 0xf3, 0xc3, 0xcf,
    0x1, 0x1e, 0x0, 0x3c, 0x0, 0x7c, 0x0, 0x7c,
    0x0, 0x7f, 0x80, 0x3f, 0x1, 0xfe, 0x7, 0xc0,
    0x1f, 0x0, 0x3c, 0x0, 0x78, 0x0, 0xf0, 0x19,
    0xf8, 0x7d, 0xff, 0xf1, 0xff, 0xc0, 0xfe, 0x0,

    /* U+03B6 "ζ" */
    0x1f, 0xfe, 0x3f, 0xfc, 0x7f, 0xf8, 0x1, 0xe0,
    0xf, 0x0, 0x3c, 0x0, 0xf0, 0x3, 0xc0, 0x7,
    0x80, 0x1e, 0x0, 0x78, 0x0, 0xf0, 0x3, 0xc0,
    0x7, 0x80, 0x1e, 0x0, 0x3c, 0x0, 0xf8, 0x1,
    0xe0, 0x3, 0xc0, 0x7, 0x80, 0xf, 0x0, 0x1e,
    0x0, 0x3c, 0x0, 0x7c, 0x0, 0x7e, 0x0, 0xff,
    0xe0, 0xff, 0xf0, 0x7f, 0xe0, 0x3, 0xe0, 0x3,
    0xc0, 0x7, 0x80, 0xf, 0x0, 0x3c, 0x1, 0xf8,
    0x3, 0xe0, 0x7, 0x0,

    /* U+03B7 "η" */
    0xf1, 0xf8, 0x7b, 0xff, 0x3f, 0xff, 0xdf, 0xc3,
    0xef, 0x80, 0xff, 0xc0, 0x3f, 0xc0, 0x1f, 0xe0,
    0xf, 0xf0, 0x7, 0xf8, 0x3, 0xfc, 0x1, 0xfe,
    0x0, 0xff, 0x0, 0x7f, 0x80, 0x3f, 0xc0, 0x1f,
    0xe0, 0xf, 0xf0, 0x7, 0xf8, 0x3, 0xfc, 0x1,
    0xfe, 0x0, 0xff, 0x0, 0x78, 0x0, 0x3c, 0x0,
    0x1e, 0x0, 0xf, 0x0, 0x7, 0x80, 0x3, 0xc0,
    0x1, 0xe0, 0x0, 0xf0, 0x0, 0x78,

    /* U+03B8 "θ" */
    0x3, 0xf0, 0x3, 0xff, 0x1, 0xff, 0xe0, 0xf8,
    0x7c, 0x3c, 0xf, 0x1e, 0x1, 0xe7, 0x80, 0x79,
    0xc0, 0xe, 0xf0, 0x3, 0xfc, 0x0, 0xff, 0x0,
    0x3f, 0xc0, 0xf, 0xff, 0xff, 0xff, 0xff, 0xff,
    0xff, 0xff, 0xc0, 0xf, 0xf0, 0x3, 0xfc, 0x0,
    0xff, 0x0, 0x3f, 0xc0, 0xf, 0x78, 0x7, 0x9e,
    0x1, 0xe7, 0x80, 0x78, 0xf0, 0x3c, 0x3e, 0x1f,
    0x7, 0xff, 0x80, 0xff, 0xc0, 0xf, 0xc0,

    /* U+03B9 "ι" */
    0xff, 0xff, 0xff, 0xff, 0xff, 0xff, 0xff, 0xff,
    0xff, 0xff, 0xf0,

    /* U+03BA "κ" */
    0xf0, 0xf, 0x3c, 0x7, 0x8f, 0x3, 0xc3, 0xc1,
    0xe0, 0xf0, 0xf0, 0x3c, 0x78, 0xf, 0x3c, 0x3,
    0xde, 0x0, 0xff, 0x0, 0x3f, 0xc0, 0xf, 0xf8,
    0x3, 0xef, 0x0, 0xf3, 0xe0, 0x3c, 0x7c, 0xf,
    0xf, 0x3, 0xc1, 0xe0, 0xf0, 0x3c, 0x3c, 0xf,
    0x8f, 0x1, 0xf3, 0xc0, 0x3c, 0xf0, 0x7, 0x80,

    /* U+03BB "λ" */
    0x7, 0x80, 0x0, 0x70, 0x0, 0xe, 0x0, 0x1,
    0xe0, 0x0, 0x1c, 0x0, 0x3, 0xc0, 0x0, 0x78,
    0x0, 0x7, 0x0, 0x0, 0xf0, 0x0, 0x3e, 0x0,
    0x7, 0xc0, 0x0, 0xfc, 0x0, 0x3f, 0x80, 0x7,
    0x78, 0x0, 0xef, 0x0, 0x3c, 0xe0, 0x7, 0x1e,
    0x1, 0xe1, 0xc0, 0x3c, 0x38, 0x7, 0x7, 0x81,
    0xe0, 0x70, 0x38, 0xf, 0x7, 0x1, 0xe1, 0xe0,
    0x1c, 0x38, 0x3, 0xcf, 0x0, 0x79, 0xe0, 0x7,
    0x38, 0x0, 0xf0,

    /* U+03BC "μ" */
    0xf0, 0x7, 0xf8, 0x3, 0xfc, 0x1, 0xfe, 0x0,
    0xff, 0x0, 0x7f, 0x80, 0x3f, 0xc0, 0x1f, 0xe0,
    0xf, 0xf0, 0x7, 0xf8, 0x3, 0xfc, 0x1, 0xfe,
    0x0, 0xff, 0x0, 0x7f, 0x80, 0x3f, 0xc0, 0x1f,
    0xf0, 0x1f, 0xf8, 0xf, 0xfe, 0x1f, 0xff, 0xff,
    0xfe, 0xfe, 0xff, 0x3e, 0x7f, 0x80, 0x3, 0xc0,
    0x1, 0xe0, 0x0, 0xf0, 0x0, 0x78, 0x0, 0x3c,
    0x0, 0x1e, 0x0, 0xf, 0x0, 0x0,

    /* U+03BD "ν" */
    0x70, 0x1, 0xef, 0x0, 0x3d, 0xe0, 0x7, 0x1c,
    0x1, 0xe3, 0xc0, 0x38, 0x38, 0x7, 0x7, 0x1,
    0xe0, 0xf0, 0x38, 0xe, 0x7, 0x1, 0xc1, 0xe0,
    0x3c, 0x38, 0x3, 0x8f, 0x0, 0x71, 0xc0, 0xf,
    0x38, 0x0, 0xef, 0x0, 0x1d, 0xc0, 0x1, 0xf8,
    0x0, 0x3f, 0x0, 0x7, 0xc0, 0x0, 0x78, 0x0,
    0xf, 0x0,

    /* U+03BE "ξ" */
    0x7, 0xf8, 0x3f, 0xf0, 0xff, 0xe1, 0xe0, 0x7,
    0x80, 0xe, 0x0, 0x1c, 0x0, 0x38, 0x0, 0x3c,
    0x0, 0x7f, 0xf0, 0x3f, 0xe0, 0x3f, 0xc0, 0xf8,
    0x3, 0xc0, 0xf, 0x0, 0x3c, 0x0, 0x78, 0x1,
    0xe0, 0x3, 0xc0, 0x7, 0x80, 0xf, 0x0, 0x1e,
    0x0, 0x3e, 0x0, 0x3e, 0x0, 0x7f, 0x0, 0x7f,
    0xe0, 0x7f, 0xf0, 0x3f, 0xe0, 0x3, 0xe0, 0x3,
    0xc0, 0x7, 0x80, 0xf, 0x0, 0x3c, 0x1, 0xf8,
    0x7, 0xe0, 0xe, 0x0,

    /* U+03BF "ο" */
    0x3, 0xf8, 0x1, 0xff, 0xc0, 0x7f, 0xfc, 0x1f,
    0x7, 0xc7, 0xc0, 0x7c, 0xf0, 0x7, 0xbe, 0x0,
    0xf7, 0x80, 0xf, 0xf0, 0x1, 0xfe, 0x0, 0x3f,
    0xc0, 0x7, 0xf8, 0x0, 0xff, 0x0, 0x1f, 0xe0,
    0x3, 0xfe, 0x0, 0xfb, 0xc0, 0x1e, 0x7c, 0x7,
    0xc7, 0xc1, 0xf0, 0x7f, 0xfc, 0x7, 0xff, 0x0,
    0x3f, 0x80,

    /* U+03C0 "π" */
    0xff, 0xff, 0xff, 0xff, 0xff, 0xff, 0xff, 0xff,
    0xff, 0xe0, 0xf0, 0xf, 0x0, 0x78, 0x7, 0x80,
    0x3c, 0x3, 0xc0, 0x1e, 0x1, 0xe0, 0xf, 0x0,
    0xf0, 0x7, 0x80, 0x78, 0x3, 0xc0, 0x3c, 0x1,
    0xe0, 0x1e, 0x0, 0xf0, 0xf, 0x0, 0x78, 0x7,
    0x80, 0x3c, 0x3, 0xc0, 0x1e, 0x1, 0xe0, 0xf,
    0x0, 0xf0, 0x7, 0x80, 0x78, 0x3, 0xc0, 0x3c,
    0x1, 0xe0, 0x1e, 0x0, 0xf0, 0xf, 0x0, 0x78,
    0x7, 0x80,

    /* U+03C1 "ρ" */
    0x3, 0xf8, 0x1, 0xff, 0xc0, 0x7f, 0xfc, 0x1f,
    0x7, 0xc7, 0xc0, 0x7c, 0xf0, 0x7, 0x9e, 0x0,
    0xf7, 0x80, 0xf, 0xf0, 0x1, 0xfe, 0x0, 0x3f,
    0xc0, 0x7, 0xf8, 0x0, 0xff, 0x0, 0x1f, 0xe0,
    0x3, 0xfe, 0x0, 0xf7, 0xc0, 0x1e, 0xfc, 0x7,
    0xdf, 0xc1, 0xf3, 0xff, 0xfc, 0x7b, 0xff, 0xf,
    0x1f, 0x81, 0xe0, 0x0, 0x3c, 0x0, 0x7, 0x80,
    0x0, 0xf0, 0x0, 0x1e, 0x0, 0x3, 0xc0, 0x0,
    0x78, 0x0, 0xf, 0x0, 0x0,

    /* U+03C2 "ς" */
    0x0, 0xff, 0x1, 0xff, 0xc3, 0xff, 0xc3, 0xf0,
    0x23, 0xe0, 0x1, 0xe0, 0x1, 0xe0, 0x0, 0xf0,
    0x0, 0xf0, 0x0, 0x78, 0x0, 0x3c, 0x0, 0x1e,
    0x0, 0xf, 0x0, 0x7, 0x80, 0x3, 0xe0, 0x0,
    0xf8, 0x0, 0x7e, 0x0, 0x1f, 0xe0, 0x7, 0xfe,
    0x0, 0xff, 0xc0, 0xf, 0xe0, 0x0, 0xf8, 0x0,
    0x3c, 0x0, 0x1e, 0x0, 0xf, 0x0, 0xf, 0x0,
    0x7f, 0x80, 0x7f, 0x80, 0x3f, 0x0,

    /* U+03C3 "σ" */
    0x3, 0xff, 0xfc, 0x3f, 0xff, 0xf1, 0xff, 0xff,
    0xcf, 0x83, 0xe0, 0x7c, 0x7, 0x81, 0xe0, 0xf,
    0xf, 0x80, 0x3c, 0x3c, 0x0, 0x78, 0xf0, 0x1,
    0xe3, 0xc0, 0x7, 0x8f, 0x0, 0x1e, 0x3c, 0x0,
    0x78, 0xf0, 0x1, 0xe3, 0xc0, 0x7, 0x8f, 0x80,
    0x3c, 0x1e, 0x0, 0xf0, 0x7c, 0x7, 0xc0, 0xf8,
    0x3e, 0x1, 0xff, 0xf0, 0x3, 0xff, 0x80, 0x3,
    0xf8, 0x0,

    /* U+03C4 "τ" */
    0xff, 0xff, 0xff, 0xff, 0xff, 0xc1, 0xe0, 0x7,
    0x80, 0x1e, 0x0, 0x78, 0x1, 0xe0, 0x7, 0x80,
    0x1e, 0x0, 0x78, 0x1, 0xe0, 0x7, 0x80, 0x1e,
    0x0, 0x78, 0x1, 0xe0, 0x7, 0x80, 0x1e, 0x0,
    0x78, 0x1, 0xe0, 0x7, 0x80,

    /* U+03C5 "υ" */
    0xf0, 0xf, 0xf0, 0xf, 0xf0, 0xf, 0xf0, 0xf,
    0xf0, 0xf, 0xf0, 0xf, 0xf0, 0xf, 0xf0, 0xf,
    0xf0, 0xf, 0xf0, 0xf, 0xf0, 0xf, 0xf0, 0xf,
    0xf0, 0xf, 0xf0, 0xf, 0xf0, 0xf, 0xf8, 0x1f,
    0x78, 0x1e, 0x7c, 0x3e, 0x3f, 0xfc, 0x1f, 0xf8,
    0x7, 0xe0,

    /* U+03C6 "φ" */
    0x7, 0x1f, 0x80, 0x1c, 0x7f, 0xc0, 0x79, 0xff,
    0xc1, 0xe3, 0xe3, 0xc7, 0x87, 0x83, 0xcf, 0xf,
    0x7, 0xbc, 0x1e, 0x7, 0xf8, 0x3c, 0xf, 0xf0,
    0x78, 0x1f, 0xe0, 0xf0, 0x3f, 0xc1, 0xe0, 0x7f,
    0x83, 0xc0, 0xff, 0x7, 0x81, 0xff, 0xf, 0x7,
    0x9e, 0x1e, 0xf, 0x3c, 0x3c, 0x3c, 0x3c, 0x78,
    0xf8, 0x7e, 0xf7, 0xe0, 0x7f, 0xff, 0x80, 0x3f,
    0xfc, 0x0, 0x3f, 0xe0, 0x0, 0xf, 0x0, 0x0,
    0x1e, 0x0, 0x0, 0x3c, 0x0, 0x0, 0x78, 0x0,
    0x0, 0xf0, 0x0, 0x1, 0xe0, 0x0, 0x3, 0xc0,
    0x0, 0x7, 0x80, 0x0,

    /* U+03C7 "χ" */
    0x78, 0x0, 0xe3, 0x80, 0x1e, 0x3c, 0x1, 0xc1,
    0xc0, 0x3c, 0x1e, 0x3, 0x80, 0xe0, 0x78, 0xf,
    0x7, 0x0, 0x70, 0xf0, 0x7, 0x8e, 0x0, 0x39,
    0xe0, 0x3, 0xdc, 0x0, 0x1f, 0xc0, 0x1, 0xf8,
    0x0, 0xf, 0x80, 0x0, 0xf0, 0x0, 0xf, 0x80,
    0x1, 0xf8, 0x0, 0x3f, 0xc0, 0x3, 0x9e, 0x0,
    0x79, 0xe0, 0x7, 0xf, 0x0, 0xf0, 0xf0, 0xe,
    0x7, 0x81, 0xe0, 0x78, 0x1c, 0x3, 0xc3, 0xc0,
    0x3c, 0x38, 0x1, 0xe7, 0x80, 0x1e, 0x70, 0x0,
    0xf0,

    /* U+03C8 "ψ" */
    0xf0, 0x3c, 0xf, 0xf0, 0x3c, 0xf, 0xf0, 0x3c,
    0xf, 0xf0, 0x3c, 0xf, 0xf0, 0x3c, 0xf, 0xf0,
    0x3c, 0xf, 0xf0, 0x3c, 0xf, 0xf0, 0x3c, 0xf,
    0xf0, 0x3c, 0xf, 0xf0, 0x3c, 0xf, 0xf0, 0x3c,
    0xf, 0xf0, 0x3c, 0xf, 0xf0, 0x3c, 0xf, 0xf0,
    0x3c, 0xf, 0xf0, 0x3c, 0xf, 0x78, 0x3c, 0x1e,
    0x7c, 0x3c, 0x3e, 0x3e, 0x3c, 0x7c, 0x3f, 0xff,
    0xfc, 0xf, 0xff, 0xf0, 0x3, 0xff, 0xc0, 0x0,
    0x3c, 0x0, 0x0, 0x3c, 0x0, 0x0, 0x3c, 0x0,
    0x0, 0x3c, 0x0, 0x0, 0x3c, 0x0, 0x0, 0x3c,
    0x0, 0x0, 0x3c, 0x0, 0x0, 0x3c, 0x0,

    /* U+03C9 "ω" */
    0x1c, 0x0, 0x3, 0x81, 0xc0, 0x0, 0x38, 0x3c,
    0x0, 0x3, 0xc3, 0x80, 0x0, 0x1c, 0x78, 0x0,
    0x1, 0xe7, 0x80, 0xf0, 0x1e, 0xf0, 0xf, 0x1,
    0xef, 0x0, 0xf0, 0xf, 0xf0, 0xf, 0x0, 0xff,
    0x0, 0xf0, 0xf, 0xf0, 0xf, 0x0, 0xff, 0x0,
    0xf0, 0xf, 0xf0, 0xf, 0x0, 0xff, 0x0, 0xf0,
    0xf, 0xf8, 0xf, 0x1, 0xf7, 0x81, 0xf8, 0x1e,
    0x78, 0x1f, 0x83, 0xe3, 0xe3, 0x9c, 0x3c, 0x3f,
    0xf9, 0xff, 0xc1, 0xff, 0xf, 0xf8, 0x7, 0xc0,
    0x3e, 0x0,

    /* U+03CA "ϊ" */
    0xf0, 0xff, 0xf, 0xf0, 0xff, 0xf, 0x0, 0x0,
    0x0, 0x0, 0x1, 0xe0, 0x1e, 0x1, 0xe0, 0x1e,
    0x1, 0xe0, 0x1e, 0x1, 0xe0, 0x1e, 0x1, 0xe0,
    0x1e, 0x1, 0xe0, 0x1e, 0x1, 0xe0, 0x1e, 0x1,
    0xe0, 0x1e, 0x1, 0xe0, 0x1e, 0x1, 0xe0, 0x1e,
    0x1, 0xe0,

    /* U+03CB "ϋ" */
    0x1e, 0x3c, 0x1e, 0x3c, 0x1e, 0x3c, 0x1e, 0x3c,
    0x0, 0x0, 0x0, 0x0, 0x0, 0x0, 0xf0, 0xf,
    0xf0, 0xf, 0xf0, 0xf, 0xf0, 0xf, 0xf0, 0xf,
    0xf0, 0xf, 0xf0, 0xf, 0xf0, 0xf, 0xf0, 0xf,
    0xf0, 0xf, 0xf0, 0xf, 0xf0, 0xf, 0xf0, 0xf,
    0xf0, 0xf, 0xf0, 0xf, 0xf8, 0x1f, 0x78, 0x1e,
    0x7c, 0x3e, 0x3f, 0xfc, 0x1f, 0xf8, 0x7, 0xe0,

    /* U+03CC "ό" */
    0x0, 0x3c, 0x0, 0xf, 0x0, 0x1, 0xc0, 0x0,
    0x78, 0x0, 0xe, 0x0, 0x0, 0x0, 0x0, 0x0,
    0x0, 0x1f, 0xc0, 0xf, 0xfe, 0x3, 0xff, 0xe0,
    0xf8, 0x3e, 0x3e, 0x3, 0xe7, 0x80, 0x3d, 0xf0,
    0x7, 0xbc, 0x0, 0x7f, 0x80, 0xf, 0xf0, 0x1,
    0xfe, 0x0, 0x3f, 0xc0, 0x7, 0xf8, 0x0, 0xff,
    0x0, 0x1f, 0xf0, 0x7, 0xde, 0x0, 0xf3, 0xe0,
    0x3e, 0x3e, 0xf, 0x83, 0xff, 0xe0, 0x3f, 0xf8,
    0x1, 0xfc, 0x0,

    /* U+03CD "ύ" */
    0x0, 0xf0, 0x0, 0xe0, 0x1, 0xc0, 0x1, 0xc0,
    0x3, 0x80, 0x0, 0x0, 0x0, 0x0, 0xf0, 0xf,
    0xf0, 0xf, 0xf0, 0xf, 0xf0, 0xf, 0xf0, 0xf,
    0xf0, 0xf, 0xf0, 0xf, 0xf0, 0xf, 0xf0, 0xf,
    0xf0, 0xf, 0xf0, 0xf, 0xf0, 0xf, 0xf0, 0xf,
    0xf0, 0xf, 0xf0, 0xf, 0xf8, 0x1f, 0x78, 0x1e,
    0x7c, 0x3e, 0x3f, 0xfc, 0x1f, 0xf8, 0x7, 0xe0,

    /* U+03CE "ώ" */
    0x0, 0x3, 0xe0, 0x0, 0x0, 0x3c, 0x0, 0x0,
    0x7, 0x80, 0x0, 0x0, 0x70, 0x0, 0x0, 0xf,
    0x0, 0x0, 0x0, 0x0, 0x0, 0x0, 0x0, 0x0,
    0x1, 0xc0, 0x0, 0x38, 0x1c, 0x0, 0x3, 0x83,
    0xc0, 0x0, 0x3c, 0x38, 0x0, 0x1, 0xc7, 0x80,
    0x0, 0x1e, 0x78, 0xf, 0x1, 0xef, 0x0, 0xf0,
    0x1e, 0xf0, 0xf, 0x0, 0xff, 0x0, 0xf0, 0xf,
    0xf0, 0xf, 0x0, 0xff, 0x0, 0xf0, 0xf, 0xf0,
    0xf, 0x0, 0xff, 0x0, 0xf0, 0xf, 0xf0, 0xf,
    0x0, 0xff, 0x80, 0xf0, 0x1f, 0x78, 0x1f, 0x81,
    0xe7, 0x81, 0xf8, 0x3e, 0x3e, 0x39, 0xc3, 0xc3,
    0xff, 0x9f, 0xfc, 0x1f, 0xf0, 0xff, 0x80, 0x7c,
    0x3, 0xe0,

    /* U+0401 "Ё" */
    0x7, 0x8f, 0x0, 0x3c, 0x78, 0x1, 0xe3, 0xc0,
    0xf, 0x1e, 0x0, 0x0, 0x0, 0x0, 0x0, 0x3,
    0xff, 0xff, 0xdf, 0xff, 0xfe, 0xff, 0xff, 0xf7,
    0x80, 0x0, 0x3c, 0x0, 0x1, 0xe0, 0x0, 0xf,
    0x0, 0x0, 0x78, 0x0, 0x3, 0xc0, 0x0, 0x1e,
    0x0, 0x0, 0xf0, 0x0, 0x7, 0x80, 0x0, 0x3f,
    0xff, 0xf9, 0xff, 0xff, 0xcf, 0xff, 0xfe, 0x78,
    0x0, 0x3, 0xc0, 0x0, 0x1e, 0x0, 0x0, 0xf0,
    0x0, 0x7, 0x80, 0x0, 0x3c, 0x0, 0x1, 0xe0,
    0x0, 0xf, 0x0, 0x0, 0x78, 0x0, 0x3, 0xc0,
    0x0, 0x1f, 0xff, 0xff, 0xff, 0xff, 0xff, 0xff,
    0xff, 0xc0,

    /* U+0402 "Ђ" */
    0xff, 0xff, 0xfc, 0x1, 0xff, 0xff, 0xf8, 0x3,
    0xff, 0xff, 0xf0, 0x0, 0x3, 0xc0, 0x0, 0x0,
    0x7, 0x80, 0x0, 0x0, 0xf, 0x0, 0x0, 0x0,
    0x1e, 0x0, 0x0, 0x0, 0x3c, 0x0, 0x0, 0x0,
    0x78, 0x0, 0x0, 0x0, 0xf0, 0xff, 0x0, 0x1,
    0xef, 0xff, 0x80, 0x3, 0xff, 0xff, 0x80, 0x7,
    0xf8, 0x1f, 0x80, 0xf, 0x80, 0xf, 0x80, 0x1e,
    0x0, 0xf, 0x0, 0x3c, 0x0, 0x1f, 0x0, 0x78,
    0x0, 0x1e, 0x0, 0xf0, 0x0, 0x3c, 0x1, 0xe0,
    0x0, 0x78, 0x3, 0xc0, 0x0, 0xf0, 0x7, 0x80,
    0x1, 0xe0, 0xf, 0x0, 0x3, 0xc0, 0x1e, 0x0,
    0xf, 0x0, 0x3c, 0x0, 0x3e, 0x0, 0x78, 0x20,
    0xf8, 0x0, 0xf0, 0x7f, 0xe0, 0x1, 0xe0, 0xff,
    0x80, 0x3, 0xc1, 0xfe, 0x0,

    /* U+0403 "Ѓ" */
    0x0, 0xf8, 0x0, 0x3c, 0x0, 0x1e, 0x0, 0x7,
    0x0, 0x3, 0x80, 0x0, 0x0, 0x0, 0x0, 0x3,
    0xff, 0xff, 0xff, 0xff, 0xff, 0xff, 0xff, 0x0,
    0x3, 0xc0, 0x0, 0xf0, 0x0, 0x3c, 0x0, 0xf,
    0x0, 0x3, 0xc0, 0x0, 0xf0, 0x0, 0x3c, 0x0,
    0xf, 0x0, 0x3, 0xc0, 0x0, 0xf0, 0x0, 0x3c,
    0x0, 0xf, 0x0, 0x3, 0xc0, 0x0, 0xf0, 0x0,
    0x3c, 0x0, 0xf, 0x0, 0x3, 0xc0, 0x0, 0xf0,
    0x0, 0x3c, 0x0, 0xf, 0x0, 0x3, 0xc0, 0x0,
    0xf0, 0x0, 0x3c, 0x0, 0xf, 0x0, 0x0,

    /* U+0404 "Є" */
    0x0, 0x7f, 0x80, 0x0, 0xff, 0xf8, 0x1, 0xff,
    0xfe, 0x1, 0xf0, 0x1f, 0x81, 0xe0, 0x3, 0xe1,
    0xe0, 0x0, 0xf8, 0xe0, 0x0, 0x3c, 0xf0, 0x0,
    0xe, 0x70, 0x0, 0x0, 0x78, 0x0, 0x0, 0x3c,
    0x0, 0x0, 0x1f, 0xff, 0xc0, 0xf, 0xff, 0xe0,
    0x7, 0xff, 0xf0, 0x3, 0xc0, 0x0, 0x1, 0xe0,
    0x0, 0x0, 0xf0, 0x0, 0x0, 0x78, 0x0, 0x2,
    0x1e, 0x0, 0x1, 0xef, 0x0, 0x0, 0xe7, 0x80,
    0x0, 0xf1, 0xe0, 0x0, 0x78, 0xf8, 0x0, 0x78,
    0x3e, 0x0, 0x7c, 0xf, 0xc0, 0xfc, 0x3, 0xff,
    0xfc, 0x0, 0xff, 0xf8, 0x0, 0xf, 0xf0, 0x0,

    /* U+0405 "Ѕ" */
    0x1, 0xfe, 0x0, 0x1f, 0xfe, 0x1, 0xff, 0xfe,
    0xf, 0xc0, 0xfc, 0x3c, 0x0, 0xf1, 0xe0, 0x3,
    0xe7, 0x80, 0x7, 0x9e, 0x0, 0x1e, 0x78, 0x0,
    0x1, 0xf0, 0x0, 0x3, 0xf0, 0x0, 0xf, 0xfc,
    0x0, 0x1f, 0xff, 0x0, 0x1f, 0xff, 0x0, 0x1f,
    0xff, 0x0, 0x7, 0xfe, 0x0, 0x1, 0xf8, 0x0,
    0x1, 0xf0, 0x0, 0x7, 0xf8, 0x0, 0xf, 0xf0,
    0x0, 0x3f, 0xc0, 0x0, 0xf7, 0x80, 0x7, 0x9f,
    0x0, 0x3e, 0x3f, 0x3, 0xf0, 0x7f, 0xff, 0x80,
    0xff, 0xfc, 0x0, 0x7f, 0x80,

    /* U+0406 "І" */
    0xff, 0xff, 0xff, 0xff, 0xff, 0xff, 0xff, 0xff,
    0xff, 0xff, 0xff, 0xff, 0xff, 0xff,

    /* U+0407 "Ї" */
    0xf1, 0xfe, 0x3f, 0xc7, 0xf8, 0xf0, 0x0, 0x0,
    0x3, 0xc0, 0x78, 0xf, 0x1, 0xe0, 0x3c, 0x7,
    0x80, 0xf0, 0x1e, 0x3, 0xc0, 0x78, 0xf, 0x1,
    0xe0, 0x3c, 0x7, 0x80, 0xf0, 0x1e, 0x3, 0xc0,
    0x78, 0xf, 0x1, 0xe0, 0x3c, 0x7, 0x80, 0xf0,
    0x1e, 0x3, 0xc0, 0x78, 0xf, 0x1, 0xe0,

    /* U+0408 "Ј" */
    0x0, 0xf, 0x0, 0xf, 0x0, 0xf, 0x0, 0xf,
    0x0, 0xf, 0x0, 0xf, 0x0, 0xf, 0x0, 0xf,
    0x0, 0xf, 0x0, 0xf, 0x0, 0xf, 0x0, 0xf,
    0x0, 0xf, 0x0, 0xf, 0x0, 0xf, 0x0, 0xf,
    0x0, 0xf, 0x0, 0xf, 0x0, 0xf, 0x0, 0xf,
    0xf0, 0xf, 0xf0, 0xf, 0xf0, 0xf, 0x78, 0x1e,
    0x7c, 0x3e, 0x3f, 0xfc, 0x1f, 0xf8, 0xf, 0xe0,

    /* U+0409 "Љ" */
    0x7, 0xff, 0xfe, 0x0, 0x0, 0x7, 0xff, 0xfe,
    0x0, 0x0, 0x7, 0xff, 0xfe, 0x0, 0x0, 0x7,
    0x80, 0x1e, 0x0, 0x0, 0x7, 0x80, 0x1e, 0x0,
    0x0, 0x7, 0x80, 0x1e, 0x0, 0x0, 0x7, 0x80,
    0x1e, 0x0, 0x0, 0x7, 0x80, 0x1e, 0x0, 0x0,
    0x7, 0x80, 0x1e, 0x0, 0x0, 0x7, 0x80, 0x1e,
    0x0, 0x0, 0x7, 0x80, 0x1e, 0x0, 0x0, 0x7,
    0x80, 0x1f, 0xff, 0xc0, 0x7, 0x80, 0x1f, 0xff,
    0xf8, 0x7, 0x80, 0x1f, 0xff, 0xfc, 0x7, 0x80,
    0x1e, 0x0, 0x7e, 0x7, 0x80, 0x1e, 0x0, 0x1e,
    0x7, 0x80, 0x1e, 0x0, 0x1f, 0x7, 0x80, 0x1e,
    0x0, 0xf, 0x7, 0x80, 0x1e, 0x0, 0xf, 0x7,
    0x80, 0x1e, 0x0, 0xf, 0x7, 0x80, 0x1e, 0x0,
    0xf, 0x7, 0x80, 0x1e, 0x0, 0xf, 0x7, 0x80,
    0x1e, 0x0, 0x1e, 0x7, 0x80, 0x1e, 0x0, 0x1e,
    0xf, 0x0, 0x1e, 0x0, 0x7e, 0x7f, 0x0, 0x1f,
    0xff, 0xfc, 0x7e, 0x0, 0x1f, 0xff, 0xf8, 0xfc,
    0x0, 0x1f, 0xff, 0xe0,

    /* U+040A "Њ" */
    0xf0, 0x3, 0xc0, 0x0, 0x1e, 0x0, 0x78, 0x0,
    0x3, 0xc0, 0xf, 0x0, 0x0, 0x78, 0x1, 0xe0,
    0x0, 0xf, 0x0, 0x3c, 0x0, 0x1, 0xe0, 0x7,
    0x80, 0x0, 0x3c, 0x0, 0xf0, 0x0, 0x7, 0x80,
    0x1e, 0x0, 0x0, 0xf0, 0x3, 0xc0, 0x0, 0x1e,
    0x0, 0x78, 0x0, 0x3, 0xc0, 0xf, 0x0, 0x0,
    0x78, 0x1, 0xe0, 0x0, 0xf, 0xff, 0xff, 0xff,
    0x81, 0xff, 0xff, 0xff, 0xfe, 0x3f, 0xff, 0xff,
    0xff, 0xe7, 0x80, 0x1e, 0x0, 0x7e, 0xf0, 0x3,
    0xc0, 0x3, 0xde, 0x0, 0x78, 0x0, 0x7f, 0xc0,
    0xf, 0x0, 0x7, 0xf8, 0x1, 0xe0, 0x0, 0xff,
    0x0, 0x3c, 0x0, 0x1f, 0xe0, 0x7, 0x80, 0x3,
    0xfc, 0x0, 0xf0, 0x0, 0xff, 0x80, 0x1e, 0x0,
    0x1e, 0xf0, 0x3, 0xc0, 0xf, 0xde, 0x0, 0x7f,
    0xff, 0xf3, 0xc0, 0xf, 0xff, 0xfc, 0x78, 0x1,
    0xff, 0xfe, 0x0,

    /* U+040B "Ћ" */
    0xff, 0xff, 0xfc, 0x1, 0xff, 0xff, 0xf8, 0x3,
    0xff, 0xff, 0xf0, 0x0, 0x3, 0xc0, 0x0, 0x0,
    0x7, 0x80, 0x0, 0x0, 0xf, 0x0, 0x0, 0x0,
    0x1e, 0x0, 0x0, 0x0, 0x3c, 0x0, 0x0, 0x0,
    0x78, 0x0, 0x0, 0x0, 0xf0, 0x0, 0x0, 0x1,
    0xe0, 0xfe, 0x0, 0x3, 0xdf, 0xff, 0x0, 0x7,
    0xff, 0xff, 0x80, 0xf, 0xf0, 0x1f, 0x0, 0x1f,
    0x0, 0x1f, 0x0, 0x3c, 0x0, 0x1e, 0x0, 0x78,
    0x0, 0x1e, 0x0, 0xf0, 0x0, 0x3c, 0x1, 0xe0,
    0x0, 0x78, 0x3, 0xc0, 0x0, 0xf0, 0x7, 0x80,
    0x1, 0xe0, 0xf, 0x0, 0x3, 0xc0, 0x1e, 0x0,
    0x7, 0x80, 0x3c, 0x0, 0xf, 0x0, 0x78, 0x0,
    0x1e, 0x0, 0xf0, 0x0, 0x3c, 0x1, 0xe0, 0x0,
    0x78, 0x3, 0xc0, 0x0, 0xf0,

    /* U+040C "Ќ" */
    0x0, 0x7c, 0x0, 0xf, 0x0, 0x3, 0xc0, 0x0,
    0x70, 0x0, 0x1c, 0x0, 0x0, 0x0, 0x0, 0x0,
    0x7, 0x80, 0x1f, 0xf0, 0x7, 0xfe, 0x1, 0xff,
    0xc0, 0x78, 0x78, 0xf, 0xf, 0x3, 0xc1, 0xe0,
    0x78, 0x3c, 0xe, 0x7, 0x83, 0xc0, 0xf0, 0x70,
    0x1e, 0x1e, 0x3, 0xc7, 0x80, 0x7f, 0xe0, 0xf,
    0xf8, 0x1, 0xff, 0x80, 0x3c, 0xf8, 0x7, 0x87,
    0x80, 0xf0, 0xf8, 0x1e, 0xf, 0x83, 0xc0, 0xf0,
    0x78, 0x1f, 0xf, 0x1, 0xe1, 0xe0, 0x1e, 0x3c,
    0x3, 0xe7, 0x80, 0x3c, 0xf0, 0x7, 0xde, 0x0,
    0x7b, 0xc0, 0x7, 0x80,

    /* U+040E "Ў" */
    0x0, 0xc0, 0x60, 0x0, 0x70, 0x70, 0x0, 0x38,
    0x78, 0x0, 0xf, 0xf8, 0x0, 0x7, 0xf8, 0x0,
    0x0, 0xf8, 0x0, 0x0, 0x0, 0x0, 0x0, 0x0,
    0x0, 0x70, 0x0, 0x7, 0xbc, 0x0, 0x7, 0x8e,
    0x0, 0x3, 0xc7, 0x80, 0x3, 0xc1, 0xc0, 0x1,
    0xe0, 0xf0, 0x0, 0xe0, 0x3c, 0x0, 0xf0, 0xe,
    0x0, 0x70, 0x7, 0x80, 0x78, 0x1, 0xc0, 0x38,
    0x0, 0xf0, 0x3c, 0x0, 0x38, 0x1c, 0x0, 0x1e,
    0x1e, 0x0, 0x7, 0xe, 0x0, 0x3, 0xcf, 0x0,
    0x0, 0xe7, 0x0, 0x0, 0x3f, 0x80, 0x0, 0x1f,
    0x80, 0x0, 0x7, 0xc0, 0x0, 0x3, 0xc0, 0x0,
    0x0, 0xe0, 0x0, 0x0, 0xe0, 0x0, 0x0, 0x70,
    0x0, 0x0, 0x70, 0x0, 0x8, 0x78, 0x0, 0x7,
    0xf8, 0x0, 0x3, 0xf8, 0x0, 0x1, 0xf8, 0x0,
    0x0,

    /* U+040F "Џ" */
    0xf0, 0x0, 0x3f, 0xc0, 0x0, 0xff, 0x0, 0x3,
    0xfc, 0x0, 0xf, 0xf0, 0x0, 0x3f, 0xc0, 0x0,
    0xff, 0x0, 0x3, 0xfc, 0x0, 0xf, 0xf0, 0x0,
    0x3f, 0xc0, 0x0, 0xff, 0x0, 0x3, 0xfc, 0x0,
    0xf, 0xf0, 0x0, 0x3f, 0xc0, 0x0, 0xff, 0x0,
    0x3, 0xfc, 0x0, 0xf, 0xf0, 0x0, 0x3f, 0xc0,
    0x0, 0xff, 0x0, 0x3, 0xfc, 0x0, 0xf, 0xf0,
    0x0, 0x3f, 0xc0, 0x0, 0xff, 0x0, 0x3, 0xfc,
    0x0, 0xf, 0xf0, 0x0, 0x3f, 0xff, 0xff, 0xff,
    0xff, 0xff, 0xff, 0xff, 0xff, 0x0, 0x78, 0x0,
    0x1, 0xe0, 0x0, 0x7, 0x80, 0x0, 0x1e, 0x0,
    0x0, 0x78, 0x0, 0x1, 0xe0, 0x0, 0x7, 0x80,
    0x0, 0x1e, 0x0,

    /* U+0410 "А" */
    0x0, 0x3e, 0x0, 0x0, 0xf, 0x80, 0x0, 0x3,
    0xf0, 0x0, 0x1, 0xdc, 0x0, 0x0, 0x77, 0x0,
    0x0, 0x1d, 0xe0, 0x0, 0xf, 0x38, 0x0, 0x3,
    0x8f, 0x0, 0x1, 0xe1, 0xc0, 0x0, 0x78, 0x78,
    0x0, 0x1c, 0x1e, 0x0, 0xf, 0x3, 0x80, 0x3,
    0x80, 0xf0, 0x1, 0xe0, 0x1c, 0x0, 0x78, 0x7,
    0x80, 0x1c, 0x1, 0xe0, 0xf, 0xff, 0xf8, 0x3,
    0xff, 0xff, 0x0, 0xff, 0xff, 0xc0, 0x78, 0x0,
    0x78, 0x1c, 0x0, 0x1e, 0xf, 0x0, 0x3, 0x83,
    0xc0, 0x0, 0xf0, 0xe0, 0x0, 0x3c, 0x78, 0x0,
    0x7, 0x9e, 0x0, 0x1, 0xef, 0x0, 0x0, 0x7b,
    0xc0, 0x0, 0xf,

    /* U+0411 "Б" */
    0xff, 0xff, 0xc7, 0xff, 0xfe, 0x3f, 0xff, 0xf1,
    0xe0, 0x0, 0xf, 0x0, 0x0, 0x78, 0x0, 0x3,
    0xc0, 0x0, 0x1e, 0x0, 0x0, 0xf0, 0x0, 0x7,
    0x80, 0x0, 0x3c, 0x0, 0x1, 0xe0, 0x0, 0xf,
    0xff, 0xf0, 0x7f, 0xff, 0xe3, 0xff, 0xff, 0x9e,
    0x0, 0x7e, 0xf0, 0x0, 0xf7, 0x80, 0x7, 0xfc,
    0x0, 0x1f, 0xe0, 0x0, 0xff, 0x0, 0x7, 0xf8,
    0x0, 0x3f, 0xc0, 0x3, 0xfe, 0x0, 0x1e, 0xf0,
    0x3, 0xf7, 0xff, 0xff, 0x3f, 0xff, 0xf1, 0xff,
    0xfe, 0x0,

    /* U+0412 "В" */
    0xff, 0xfe, 0x7, 0xff, 0xfc, 0x3f, 0xff, 0xf1,
    0xe0, 0x7, 0xcf, 0x0, 0x1e, 0x78, 0x0, 0x7b,
    0xc0, 0x3, 0xde, 0x0, 0x1e, 0xf0, 0x0, 0xf7,
    0x80, 0x7, 0xbc, 0x0, 0x79, 0xe0, 0x7, 0x8f,
    0xff, 0xf8, 0x7f, 0xff, 0xc3, 0xff, 0xff, 0x1e,
    0x0, 0x7c, 0xf0, 0x0, 0xf7, 0x80, 0x7, 0xfc,
    0x0, 0x1f, 0xe0, 0x0, 0xff, 0x0, 0x7, 0xf8,
    0x0, 0x3f, 0xc0, 0x3, 0xfe, 0x0, 0x1e, 0xf0,
    0x3, 0xf7, 0xff, 0xff, 0x3f, 0xff, 0xf1, 0xff,
    0xfc, 0x0,

    /* U+0413 "Г" */
    0xff, 0xff, 0xff, 0xff, 0xff, 0xff, 0xff, 0xc0,
    0x0, 0xf0, 0x0, 0x3c, 0x0, 0xf, 0x0, 0x3,
    0xc0, 0x0, 0xf0, 0x0, 0x3c, 0x0, 0xf, 0x0,
    0x3, 0xc0, 0x0, 0xf0, 0x0, 0x3c, 0x0, 0xf,
    0x0, 0x3, 0xc0, 0x0, 0xf0, 0x0, 0x3c, 0x0,
    0xf, 0x0, 0x3, 0xc0, 0x0, 0xf0, 0x0, 0x3c,
    0x0, 0xf, 0x0, 0x3, 0xc0, 0x0, 0xf0, 0x0,
    0x3c, 0x0, 0xf, 0x0, 0x3, 0xc0, 0x0,

    /* U+0414 "Д" */
    0x7, 0xff, 0xfe, 0x3, 0xff, 0xff, 0x1, 0xff,
    0xff, 0x80, 0xf0, 0x3, 0xc0, 0x78, 0x1, 0xe0,
    0x3c, 0x0, 0xf0, 0x1e, 0x0, 0x78, 0xf, 0x0,
    0x3c, 0x7, 0x80, 0x1e, 0x3, 0xc0, 0xf, 0x1,
    0xe0, 0x7, 0x80, 0xf0, 0x3, 0xc0, 0x78, 0x1,
    0xe0, 0x38, 0x0, 0xf0, 0x1c, 0x0, 0x78, 0xe,
    0x0, 0x3c, 0xf, 0x0, 0x1e, 0x7, 0x80, 0xf,
    0x3, 0xc0, 0x7, 0x81, 0xc0, 0x3, 0xc0, 0xe0,
    0x1, 0xe0, 0x70, 0x0, 0xf0, 0x78, 0x0, 0x78,
    0x38, 0x0, 0x3c, 0x1c, 0x0, 0x1e, 0x7f, 0xff,
    0xff, 0xff, 0xff, 0xff, 0xff, 0xff, 0xff, 0xff,
    0x0, 0x0, 0x7f, 0x80, 0x0, 0x3f, 0xc0, 0x0,
    0x1f, 0xe0, 0x0, 0xf, 0xf0, 0x0, 0x7, 0xf8,
    0x0, 0x3, 0xfc, 0x0, 0x1, 0xe0,

    /* U+0415 "Е" */
    0xff, 0xff, 0xf7, 0xff, 0xff, 0xbf, 0xff, 0xfd,
    0xe0, 0x0, 0xf, 0x0, 0x0, 0x78, 0x0, 0x3,
    0xc0, 0x0, 0x1e, 0x0, 0x0, 0xf0, 0x0, 0x7,
    0x80, 0x0, 0x3c, 0x0, 0x1, 0xe0, 0x0, 0xf,
    0xff, 0xfe, 0x7f, 0xff, 0xf3, 0xff, 0xff, 0x9e,
    0x0, 0x0, 0xf0, 0x0, 0x7, 0x80, 0x0, 0x3c,
    0x0, 0x1, 0xe0, 0x0, 0xf, 0x0, 0x0, 0x78,
    0x0, 0x3, 0xc0, 0x0, 0x1e, 0x0, 0x0, 0xf0,
    0x0, 0x7, 0xff, 0xff, 0xff, 0xff, 0xff, 0xff,
    0xff, 0xf0,

    /* U+0416 "Ж" */
    0xf8, 0x0, 0xf0, 0x1, 0xff, 0xe0, 0xf, 0x0,
    0x7f, 0xff, 0x0, 0xf0, 0xf, 0xf0, 0xf0, 0xf,
    0x0, 0xf0, 0x7, 0x80, 0xf0, 0x1e, 0x0, 0x38,
    0xf, 0x1, 0xc0, 0x3, 0xc0, 0xf0, 0x3c, 0x0,
    0x3c, 0xf, 0x3, 0xc0, 0x1, 0xe0, 0xf0, 0x78,
    0x0, 0x1e, 0xf, 0x7, 0x80, 0x0, 0xf0, 0xf0,
    0xf0, 0x0, 0xf, 0x8f, 0x1f, 0x0, 0x0, 0x7f,
    0xff, 0xe0, 0x0, 0x1, 0xff, 0xf8, 0x0, 0x0,
    0x7f, 0xff, 0xe0, 0x0, 0xf, 0xcf, 0x3f, 0x0,
    0x1, 0xf0, 0xf0, 0xf8, 0x0, 0x1e, 0xf, 0x7,
    0x80, 0x3, 0xe0, 0xf0, 0x7c, 0x0, 0x7c, 0xf,
    0x3, 0xe0, 0x7, 0x80, 0xf0, 0x1e, 0x0, 0xf8,
    0xf, 0x1, 0xf0, 0xf, 0x0, 0xf0, 0xf, 0x1,
    0xf0, 0xf, 0x0, 0xf8, 0x3e, 0x0, 0xf0, 0x7,
    0xc3, 0xc0, 0xf, 0x0, 0x3c, 0x7c, 0x0, 0xf0,
    0x3, 0xe7, 0x80, 0xf, 0x0, 0x1e,

    /* U+0417 "З" */
    0x1, 0xfe, 0x0, 0x3f, 0xfc, 0x3, 0xff, 0xf0,
    0x3e, 0xf, 0xc3, 0xc0, 0x1e, 0x1e, 0x0, 0x79,
    0xe0, 0x3, 0xcf, 0x0, 0x1e, 0x18, 0x0, 0xf0,
    0x0, 0xf, 0x0, 0x1, 0xf0, 0x0, 0xff, 0x0,
    0x7, 0xf8, 0x0, 0x3f, 0xe0, 0x0, 0x1f, 0x80,
    0x0, 0x3e, 0x0, 0x0, 0xf8, 0x0, 0x3, 0xc0,
    0x0, 0x1e, 0xe0, 0x0, 0xf7, 0x80, 0x7, 0xbc,
    0x0, 0x3c, 0xf0, 0x3, 0xc7, 0xc0, 0x3e, 0x1f,
    0x3, 0xe0, 0x7f, 0xfe, 0x1, 0xff, 0xe0, 0x3,
    0xf8, 0x0,

    /* U+0418 "И" */
    0xf0, 0x0, 0x7f, 0xc0, 0x1, 0xff, 0x0, 0xf,
    0xfc, 0x0, 0x3f, 0xf0, 0x1, 0xff, 0xc0, 0xf,
    0xff, 0x0, 0x3f, 0xfc, 0x1, 0xef, 0xf0, 0xf,
    0x3f, 0xc0, 0x3c, 0xff, 0x1, 0xe3, 0xfc, 0x7,
    0x8f, 0xf0, 0x3c, 0x3f, 0xc1, 0xe0, 0xff, 0x7,
    0x83, 0xfc, 0x3c, 0xf, 0xf1, 0xe0, 0x3f, 0xc7,
    0x80, 0xff, 0x3c, 0x3, 0xfc, 0xf0, 0xf, 0xf7,
    0x80, 0x3f, 0xfc, 0x0, 0xff, 0xf0, 0x3, 0xff,
    0x80, 0xf, 0xfc, 0x0, 0x3f, 0xf0, 0x0, 0xff,
    0x80, 0x3, 0xfe, 0x0, 0xf,

    /* U+0419 "Й" */
    0x3, 0x3, 0x0, 0xe, 0x1c, 0x0, 0x3f, 0xe0,
    0x0, 0x7f, 0x0, 0x0, 0xf8, 0x0, 0x0, 0x0,
    0x0, 0x0, 0x0, 0x3c, 0x0, 0x1f, 0xf0, 0x0,
    0x7f, 0xc0, 0x3, 0xff, 0x0, 0xf, 0xfc, 0x0,
    0x7f, 0xf0, 0x3, 0xff, 0xc0, 0xf, 0xff, 0x0,
    0x7b, 0xfc, 0x3, 0xcf, 0xf0, 0xf, 0x3f, 0xc0,
    0x78, 0xff, 0x1, 0xe3, 0xfc, 0xf, 0xf, 0xf0,
    0x78, 0x3f, 0xc1, 0xe0, 0xff, 0xf, 0x3, 0xfc,
    0x78, 0xf, 0xf1, 0xe0, 0x3f, 0xcf, 0x0, 0xff,
    0x3c, 0x3, 0xfd, 0xe0, 0xf, 0xff, 0x0, 0x3f,
    0xfc, 0x0, 0xff, 0xe0, 0x3, 0xff, 0x0, 0xf,
    0xfc, 0x0, 0x3f, 0xe0, 0x0, 0xff, 0x80, 0x3,
    0xc0,

    /* U+041A "К" */
    0xf0, 0x3, 0xfe, 0x0, 0xff, 0xc0, 0x3f, 0xf8,
    0xf, 0xf, 0x1, 0xe1, 0xe0, 0x78, 0x3c, 0xf,
    0x7, 0x81, 0xc0, 0xf0, 0x78, 0x1e, 0xe, 0x3,
    0xc3, 0xc0, 0x78, 0xf0, 0xf, 0xfc, 0x1, 0xff,
    0x0, 0x3f, 0xf0, 0x7, 0x9f, 0x0, 0xf0, 0xf0,
    0x1e, 0x1f, 0x3, 0xc1, 0xf0, 0x78, 0x1e, 0xf,
    0x3, 0xe1, 0xe0, 0x3c, 0x3c, 0x3, 0xc7, 0x80,
    0x7c, 0xf0, 0x7, 0x9e, 0x0, 0xfb, 0xc0, 0xf,
    0x78, 0x0, 0xf0,

    /* U+041B "Л" */
    0x7, 0xff, 0xfe, 0xf, 0xff, 0xfc, 0x1f, 0xff,
    0xf8, 0x3c, 0x0, 0xf0, 0x78, 0x1, 0xe0, 0xf0,
    0x3, 0xc1, 0xe0, 0x7, 0x83, 0xc0, 0xf, 0x7,
    0x80, 0x1e, 0xf, 0x0, 0x3c, 0x1e, 0x0, 0x78,
    0x3c, 0x0, 0xf0, 0x78, 0x1, 0xe0, 0xf0, 0x3,
    0xc1, 0xe0, 0x7, 0x83, 0xc0, 0xf, 0x7, 0x80,
    0x1e, 0xf, 0x0, 0x3c, 0x1e, 0x0, 0x78, 0x3c,
    0x0, 0xf0, 0x78, 0x1, 0xe0, 0xf0, 0x3, 0xc1,
    0xe0, 0x7, 0x83, 0xc0, 0xf, 0xf, 0x0, 0x1e,
    0xfe, 0x0, 0x3d, 0xf8, 0x0, 0x7f, 0xe0, 0x0,
    0xf0,

    /* U+041C "М" */
    0xfc, 0x0, 0x7, 0xff, 0x80, 0x0, 0xff, 0xf8,
    0x0, 0x1f, 0xff, 0x0, 0x7, 0xff, 0xe0, 0x0,
    0xff, 0xfe, 0x0, 0x1f, 0xfd, 0xc0, 0x7, 0x7f,
    0xb8, 0x0, 0xef, 0xf7, 0x80, 0x1d, 0xfe, 0x70,
    0x7, 0x3f, 0xce, 0x0, 0xe7, 0xf9, 0xe0, 0x1c,
    0xff, 0x1c, 0x7, 0x1f, 0xe3, 0x80, 0xe3, 0xfc,
    0x78, 0x1c, 0x7f, 0x87, 0x7, 0xf, 0xf0, 0xe0,
    0xe1, 0xfe, 0x1e, 0x1c, 0x3f, 0xc1, 0xc7, 0x7,
    0xf8, 0x38, 0xe0, 0xff, 0x7, 0x9c, 0x1f, 0xe0,
    0x77, 0x3, 0xfc, 0xe, 0xe0, 0x7f, 0x81, 0xfc,
    0xf, 0xf0, 0x1f, 0x1, 0xfe, 0x3, 0xe0, 0x3f,
    0xc0, 0x7c, 0x7, 0xf8, 0x7, 0x0, 0xf0,

    /* U+041D "Н" */
    0xf0, 0x0, 0x3f, 0xc0, 0x0, 0xff, 0x0, 0x3,
    0xfc, 0x0, 0xf, 0xf0, 0x0, 0x3f, 0xc0, 0x0,
    0xff, 0x0, 0x3, 0xfc, 0x0, 0xf, 0xf0, 0x0,
    0x3f, 0xc0, 0x0, 0xff, 0x0, 0x3, 0xff, 0xff,
    0xff, 0xff, 0xff, 0xff, 0xff, 0xff, 0xff, 0x0,
    0x3, 0xfc, 0x0, 0xf, 0xf0, 0x0, 0x3f, 0xc0,
    0x0, 0xff, 0x0, 0x3, 0xfc, 0x0, 0xf, 0xf0,
    0x0, 0x3f, 0xc0, 0x0, 0xff, 0x0, 0x3, 0xfc,
    0x0, 0xf, 0xf0, 0x0, 0x3f, 0xc0, 0x0, 0xff,
    0x0, 0x3, 0xfc, 0x0, 0xf,

    /* U+041E "О" */
    0x0, 0x3f, 0x80, 0x0, 0x3f, 0xfe, 0x0, 0x1f,
    0xff, 0xf0, 0x7, 0xe0, 0x3f, 0x1, 0xf0, 0x1,
    0xf0, 0x7c, 0x0, 0x1f, 0xf, 0x0, 0x1, 0xe3,
    0xc0, 0x0, 0x3e, 0x78, 0x0, 0x3, 0xcf, 0x0,
    0x0, 0x7b, 0xc0, 0x0, 0x7, 0xf8, 0x0, 0x0,
    0xff, 0x0, 0x0, 0x1f, 0xe0, 0x0, 0x3, 0xfc,
    0x0, 0x0, 0x7f, 0x80, 0x0, 0xf, 0xf0, 0x0,
    0x1, 0xfe, 0x0, 0x0, 0x3d, 0xe0, 0x0, 0xf,
    0x3c, 0x0, 0x1, 0xe7, 0x80, 0x0, 0x3c, 0x78,
    0x0, 0xf, 0xf, 0x80, 0x3, 0xe0, 0xf8, 0x0,
    0xf8, 0xf, 0xc0, 0x7e, 0x0, 0xff, 0xff, 0x80,
    0x7, 0xff, 0xc0, 0x0, 0x3f, 0xe0, 0x0,

    /* U+041F "П" */
    0xff, 0xff, 0xff, 0xff, 0xff, 0xff, 0xff, 0xff,
    0xfc, 0x0, 0xf, 0xf0, 0x0, 0x3f, 0xc0, 0x0,
    0xff, 0x0, 0x3, 0xfc, 0x0, 0xf, 0xf0, 0x0,
    0x3f, 0xc0, 0x0, 0xff, 0x0, 0x3, 0xfc, 0x0,
    0xf, 0xf0, 0x0, 0x3f, 0xc0, 0x0, 0xff, 0x0,
    0x3, 0xfc, 0x0, 0xf, 0xf0, 0x0, 0x3f, 0xc0,
    0x0, 0xff, 0x0, 0x3, 0xfc, 0x0, 0xf, 0xf0,
    0x0, 0x3f, 0xc0, 0x0, 0xff, 0x0, 0x3, 0xfc,
    0x0, 0xf, 0xf0, 0x0, 0x3f, 0xc0, 0x0, 0xff,
    0x0, 0x3, 0xfc, 0x0, 0xf,

    /* U+0420 "Р" */
    0xff, 0xfe, 0x7, 0xff, 0xfe, 0x3f, 0xff, 0xf9,
    0xe0, 0x3, 0xef, 0x0, 0xf, 0x78, 0x0, 0x7f,
    0xc0, 0x1, 0xfe, 0x0, 0xf, 0xf0, 0x0, 0x7f,
    0x80, 0x3, 0xfc, 0x0, 0x3f, 0xe0, 0x1, 0xef,
    0x0, 0x3f, 0x7f, 0xff, 0xf3, 0xff, 0xff, 0x1f,
    0xff, 0xc0, 0xf0, 0x0, 0x7, 0x80, 0x0, 0x3c,
    0x0, 0x1, 0xe0, 0x0, 0xf, 0x0, 0x0, 0x78,
    0x0, 0x3, 0xc0, 0x0, 0x1e, 0x0, 0x0, 0xf0,
    0x0, 0x7, 0x80, 0x0, 0x3c, 0x0, 0x1, 0xe0,
    0x0, 0x0,

    /* U+0421 "С" */
    0x0, 0x7f, 0x80, 0x0, 0xff, 0xf0, 0x1, 0xff,
    0xfe, 0x1, 0xf8, 0x1f, 0x81, 0xf0, 0x3, 0xe1,
    0xf0, 0x0, 0xf0, 0xf0, 0x0, 0x3c, 0xf0, 0x0,
    0x1e, 0x78, 0x0, 0x4, 0x7c, 0x0, 0x0, 0x3c,
    0x0, 0x0, 0x1e, 0x0, 0x0, 0xf, 0x0, 0x0,
    0x7, 0x80, 0x0, 0x3, 0xc0, 0x0, 0x1, 0xe0,
    0x0, 0x0, 0xf0, 0x0, 0x0, 0x78, 0x0, 0x0,
    0x1e, 0x0, 0x1, 0x8f, 0x0, 0x0, 0xf7, 0x80,
    0x0, 0xf1, 0xe0, 0x0, 0x78, 0xf8, 0x0, 0x78,
    0x3e, 0x0, 0x7c, 0xf, 0xc0, 0xfc, 0x3, 0xff,
    0xfc, 0x0, 0xff, 0xf8, 0x0, 0xf, 0xf0, 0x0,

    /* U+0422 "Т" */
    0xff, 0xff, 0xff, 0xff, 0xff, 0xff, 0xff, 0xff,
    0xc0, 0x1e, 0x0, 0x0, 0x78, 0x0, 0x1, 0xe0,
    0x0, 0x7, 0x80, 0x0, 0x1e, 0x0, 0x0, 0x78,
    0x0, 0x1, 0xe0, 0x0, 0x7, 0x80, 0x0, 0x1e,
    0x0, 0x0, 0x78, 0x0, 0x1, 0xe0, 0x0, 0x7,
    0x80, 0x0, 0x1e, 0x0, 0x0, 0x78, 0x0, 0x1,
    0xe0, 0x0, 0x7, 0x80, 0x0, 0x1e, 0x0, 0x0,
    0x78, 0x0, 0x1, 0xe0, 0x0, 0x7, 0x80, 0x0,
    0x1e, 0x0, 0x0, 0x78, 0x0, 0x1, 0xe0, 0x0,
    0x7, 0x80, 0x0, 0x1e, 0x0,

    /* U+0423 "У" */
    0x70, 0x0, 0x7, 0xbc, 0x0, 0x7, 0x8e, 0x0,
    0x3, 0xc7, 0x80, 0x3, 0xc1, 0xc0, 0x1, 0xe0,
    0xf0, 0x0, 0xe0, 0x3c, 0x0, 0xf0, 0xe, 0x0,
    0x70, 0x7, 0x80, 0x78, 0x1, 0xc0, 0x38, 0x0,
    0xf0, 0x3c, 0x0, 0x38, 0x1c, 0x0, 0x1e, 0x1e,
    0x0, 0x7, 0xe, 0x0, 0x3, 0xcf, 0x0, 0x0,
    0xe7, 0x0, 0x0, 0x3f, 0x80, 0x0, 0x1f, 0x80,
    0x0, 0x7, 0xc0, 0x0, 0x3, 0xc0, 0x0, 0x0,
    0xe0, 0x0, 0x0, 0xe0, 0x0, 0x0, 0x70, 0x0,
    0x0, 0x70, 0x0, 0x8, 0x78, 0x0, 0x7, 0xf8,
    0x0, 0x3, 0xf8, 0x0, 0x1, 0xf8, 0x0, 0x0,

    /* U+0424 "Ф" */
    0x0, 0x1e, 0x0, 0x0, 0x3, 0xc0, 0x0, 0x0,
    0x78, 0x0, 0x0, 0xff, 0xf0, 0x0, 0x7f, 0xff,
    0xc0, 0x1f, 0xff, 0xfc, 0xf, 0xc7, 0x8f, 0xc1,
    0xe0, 0xf0, 0x7c, 0x78, 0x1e, 0x7, 0xcf, 0x3,
    0xc0, 0x7b, 0xc0, 0x78, 0x7, 0xf8, 0xf, 0x0,
    0xff, 0x1, 0xe0, 0x1f, 0xe0, 0x3c, 0x3, 0xfc,
    0x7, 0x80, 0x7f, 0x80, 0xf0, 0xf, 0xf0, 0x1e,
    0x3, 0xef, 0x3, 0xc0, 0x79, 0xe0, 0x78, 0x1f,
    0x1e, 0xf, 0x7, 0xc1, 0xf1, 0xe3, 0xf0, 0x1f,
    0xff, 0xfc, 0x1, 0xff, 0xff, 0x0, 0xf, 0xff,
    0x0, 0x0, 0x1e, 0x0, 0x0, 0x3, 0xc0, 0x0,
    0x0, 0x78, 0x0, 0x0, 0xf, 0x0, 0x0,

    /* U+0425 "Х" */
    0x3c, 0x0, 0x7, 0x87, 0x80, 0x3, 0xc1, 0xf0,
    0x1, 0xe0, 0x3c, 0x0, 0xf0, 0x7, 0x80, 0x3c,
    0x1, 0xf0, 0x1e, 0x0, 0x3c, 0xf, 0x0, 0x7,
    0x87, 0x80, 0x1, 0xf1, 0xe0, 0x0, 0x3c, 0xf0,
    0x0, 0x7, 0xf8, 0x0, 0x0, 0xfc, 0x0, 0x0,
    0x3f, 0x0, 0x0, 0x7, 0x80, 0x0, 0x3, 0xf0,
    0x0, 0x1, 0xfe, 0x0, 0x0, 0x7f, 0xc0, 0x0,
    0x3c, 0xf0, 0x0, 0x1e, 0x1e, 0x0, 0xf, 0x87,
    0xc0, 0x3, 0xc0, 0xf0, 0x1, 0xe0, 0x1e, 0x0,
    0xf8, 0x7, 0xc0, 0x7c, 0x0, 0xf8, 0x1e, 0x0,
    0x1e, 0xf, 0x0, 0x7, 0xc7, 0xc0, 0x0, 0xf9,
    0xe0, 0x0, 0x1e,

    /* U+0426 "Ц" */
    0xf0, 0x0, 0x3c, 0x78, 0x0, 0x1e, 0x3c, 0x0,
    0xf, 0x1e, 0x0, 0x7, 0x8f, 0x0, 0x3, 0xc7,
    0x80, 0x1, 0xe3, 0xc0, 0x0, 0xf1, 0xe0, 0x0,
    0x78, 0xf0, 0x0, 0x3c, 0x78, 0x0, 0x1e, 0x3c,
    0x0, 0xf, 0x1e, 0x0, 0x7, 0x8f, 0x0, 0x3,
    0xc7, 0x80, 0x1, 0xe3, 0xc0, 0x0, 0xf1, 0xe0,
    0x0, 0x78, 0xf0, 0x0, 0x3c, 0x78, 0x0, 0x1e,
    0x3c, 0x0, 0xf, 0x1e, 0x0, 0x7, 0x8f, 0x0,
    0x3, 0xc7, 0x80, 0x1, 0xe3, 0xc0, 0x0, 0xf1,
    0xe0, 0x0, 0x78, 0xf0, 0x0, 0x3c, 0x7f, 0xff,
    0xff, 0xff, 0xff, 0xff, 0xff, 0xff, 0xff, 0xf0,
    0x0, 0x0, 0x78, 0x0, 0x0, 0x3c, 0x0, 0x0,
    0x1e, 0x0, 0x0, 0xf, 0x0, 0x0, 0x7, 0x80,
    0x0, 0x3, 0xc0, 0x0, 0x1, 0xe0, 0x0, 0x0,
    0xf0,

    /* U+0427 "Ч" */
    0xf0, 0x0, 0x7f, 0x80, 0x3, 0xfc, 0x0, 0x1f,
    0xe0, 0x0, 0xff, 0x0, 0x7, 0xf8, 0x0, 0x3f,
    0xc0, 0x1, 0xfe, 0x0, 0xf, 0xf0, 0x0, 0x7f,
    0x80, 0x3, 0xfc, 0x0, 0x1f, 0xe0, 0x0, 0xff,
    0x80, 0x7, 0xbc, 0x0, 0x7d, 0xf8, 0x1f, 0xe7,
    0xff, 0xff, 0x1f, 0xff, 0x78, 0x3f, 0xc3, 0xc0,
    0x0, 0x1e, 0x0, 0x0, 0xf0, 0x0, 0x7, 0x80,
    0x0, 0x3c, 0x0, 0x1, 0xe0, 0x0, 0xf, 0x0,
    0x0, 0x78, 0x0, 0x3, 0xc0, 0x0, 0x1e, 0x0,
    0x0, 0xf0,

    /* U+0428 "Ш" */
    0xf0, 0x7, 0x80, 0x3f, 0xc0, 0x1e, 0x0, 0xff,
    0x0, 0x78, 0x3, 0xfc, 0x1, 0xe0, 0xf, 0xf0,
    0x7, 0x80, 0x3f, 0xc0, 0x1e, 0x0, 0xff, 0x0,
    0x78, 0x3, 0xfc, 0x1, 0xe0, 0xf, 0xf0, 0x7,
    0x80, 0x3f, 0xc0, 0x1e, 0x0, 0xff, 0x0, 0x78,
    0x3, 0xfc, 0x1, 0xe0, 0xf, 0xf0, 0x7, 0x80,
    0x3f, 0xc0, 0x1e, 0x0, 0xff, 0x0, 0x78, 0x3,
    0xfc, 0x1, 0xe0, 0xf, 0xf0, 0x7, 0x80, 0x3f,
    0xc0, 0x1e, 0x0, 0xff, 0x0, 0x78, 0x3, 0xfc,
    0x1, 0xe0, 0xf, 0xf0, 0x7, 0x80, 0x3f, 0xc0,
    0x1e, 0x0, 0xff, 0x0, 0x78, 0x3, 0xfc, 0x1,
    0xe0, 0xf, 0xf0, 0x7, 0x80, 0x3f, 0xff, 0xff,
    0xff, 0xff, 0xff, 0xff, 0xff, 0xff, 0xff, 0xff,
    0xff,

    /* U+0429 "Щ" */
    0xf0, 0x7, 0x80, 0x3c, 0x78, 0x3, 0xc0, 0x1e,
    0x3c, 0x1, 0xe0, 0xf, 0x1e, 0x0, 0xf0, 0x7,
    0x8f, 0x0, 0x78, 0x3, 0xc7, 0x80, 0x3c, 0x1,
    0xe3, 0xc0, 0x1e, 0x0, 0xf1, 0xe0, 0xf, 0x0,
    0x78, 0xf0, 0x7, 0x80, 0x3c, 0x78, 0x3, 0xc0,
    0x1e, 0x3c, 0x1, 0xe0, 0xf, 0x1e, 0x0, 0xf0,
    0x7, 0x8f, 0x0, 0x78, 0x3, 0xc7, 0x80, 0x3c,
    0x1, 0xe3, 0xc0, 0x1e, 0x0, 0xf1, 0xe0, 0xf,
    0x0, 0x78, 0xf0, 0x7, 0x80, 0x3c, 0x78, 0x3,
    0xc0, 0x1e, 0x3c, 0x1, 0xe0, 0xf, 0x1e, 0x0,
    0xf0, 0x7, 0x8f, 0x0, 0x78, 0x3, 0xc7, 0x80,
    0x3c, 0x1, 0xe3, 0xc0, 0x1e, 0x0, 0xf1, 0xe0,
    0xf, 0x0, 0x78, 0xf0, 0x7, 0x80, 0x3c, 0x7f,
    0xff, 0xff, 0xff, 0xff, 0xff, 0xff, 0xff, 0xff,
    0xff, 0xff, 0xff, 0xf0, 0x0, 0x0, 0x0, 0x78,
    0x0, 0x0, 0x0, 0x3c, 0x0, 0x0, 0x0, 0x1e,
    0x0, 0x0, 0x0, 0xf, 0x0, 0x0, 0x0, 0x7,
    0x80, 0x0, 0x0, 0x3, 0xc0, 0x0, 0x0, 0x1,
    0xe0, 0x0, 0x0, 0x0, 0xf0,

    /* U+042A "Ъ" */
    0xff, 0xf8, 0x0, 0x3, 0xff, 0xe0, 0x0, 0xf,
    0xff, 0x80, 0x0, 0x0, 0x1e, 0x0, 0x0, 0x0,
    0x78, 0x0, 0x0, 0x1, 0xe0, 0x0, 0x0, 0x7,
    0x80, 0x0, 0x0, 0x1e, 0x0, 0x0, 0x0, 0x78,
    0x0, 0x0, 0x1, 0xe0, 0x0, 0x0, 0x7, 0x80,
    0x0, 0x0, 0x1e, 0x0, 0x0, 0x0, 0x7f, 0xff,
    0x0, 0x1, 0xff, 0xff, 0x80, 0x7, 0xff, 0xff,
    0x0, 0x1e, 0x0, 0x7e, 0x0, 0x78, 0x0, 0x78,
    0x1, 0xe0, 0x1, 0xf0, 0x7, 0x80, 0x3, 0xc0,
    0x1e, 0x0, 0xf, 0x0, 0x78, 0x0, 0x3c, 0x1,
    0xe0, 0x0, 0xf0, 0x7, 0x80, 0x7, 0xc0, 0x1e,
    0x0, 0x1e, 0x0, 0x78, 0x1, 0xf8, 0x1, 0xff,
    0xff, 0xc0, 0x7, 0xff, 0xfe, 0x0, 0x1f, 0xff,
    0xc0,

    /* U+042B "Ы" */
    0xf0, 0x0, 0x0, 0xff, 0x0, 0x0, 0xf, 0xf0,
    0x0, 0x0, 0xff, 0x0, 0x0, 0xf, 0xf0, 0x0,
    0x0, 0xff, 0x0, 0x0, 0xf, 0xf0, 0x0, 0x0,
    0xff, 0x0, 0x0, 0xf, 0xf0, 0x0, 0x0, 0xff,
    0x0, 0x0, 0xf, 0xf0, 0x0, 0x0, 0xff, 0x0,
    0x0, 0xf, 0xff, 0xfe, 0x0, 0xff, 0xff, 0xfc,
    0xf, 0xff, 0xff, 0xe0, 0xff, 0x0, 0x3f, 0xf,
    0xf0, 0x0, 0xf0, 0xff, 0x0, 0xf, 0x8f, 0xf0,
    0x0, 0x78, 0xff, 0x0, 0x7, 0x8f, 0xf0, 0x0,
    0x78, 0xff, 0x0, 0x7, 0x8f, 0xf0, 0x0, 0xf8,
    0xff, 0x0, 0xf, 0xf, 0xf0, 0x3, 0xf0, 0xff,
    0xff, 0xfe, 0xf, 0xff, 0xff, 0xc0, 0xff, 0xff,
    0xe0, 0xf,

    /* U+042C "Ь" */
    0xf0, 0x0, 0x7, 0x80, 0x0, 0x3c, 0x0, 0x1,
    0xe0, 0x0, 0xf, 0x0, 0x0, 0x78, 0x0, 0x3,
    0xc0, 0x0, 0x1e, 0x0, 0x0, 0xf0, 0x0, 0x7,
    0x80, 0x0, 0x3c, 0x0, 0x1, 0xe0, 0x0, 0xf,
    0xff, 0xf0, 0x7f, 0xff, 0xe3, 0xff, 0xff, 0x9e,
    0x0, 0x7e, 0xf0, 0x0, 0xf7, 0x80, 0x7, 0xfc,
    0x0, 0x1f, 0xe0, 0x0, 0xff, 0x0, 0x7, 0xf8,
    0x0, 0x3f, 0xc0, 0x3, 0xfe, 0x0, 0x1e, 0xf0,
    0x3, 0xf7, 0xff, 0xff, 0x3f, 0xff, 0xf1, 0xff,
    0xfc, 0x0,

    /* U+042D "Э" */
    0x0, 0xff, 0x0, 0x3, 0xff, 0xe0, 0x3, 0xff,
    0xfc, 0x3, 0xf0, 0x1f, 0x3, 0xe0, 0x3, 0xc3,
    0xe0, 0x0, 0xf1, 0xe0, 0x0, 0x38, 0xe0, 0x0,
    0x1e, 0x0, 0x0, 0x7, 0x0, 0x0, 0x3, 0x80,
    0x0, 0x1, 0xe0, 0x7, 0xff, 0xf0, 0x3, 0xff,
    0xf8, 0x1, 0xff, 0xfc, 0x0, 0x0, 0x1e, 0x0,
    0x0, 0xf, 0x0, 0x0, 0x7, 0x88, 0x0, 0x3,
    0xfc, 0x0, 0x3, 0xce, 0x0, 0x1, 0xe7, 0x80,
    0x0, 0xf3, 0xc0, 0x0, 0xf0, 0xf0, 0x0, 0xf8,
    0x7c, 0x0, 0xf8, 0x1f, 0x81, 0xf8, 0x7, 0xff,
    0xf8, 0x0, 0xff, 0xf8, 0x0, 0x1f, 0xe0, 0x0,

    /* U+042E "Ю" */
    0xf0, 0x0, 0x3f, 0x80, 0x3c, 0x0, 0x7f, 0xf8,
    0xf, 0x0, 0x7f, 0xff, 0x83, 0xc0, 0x3f, 0x83,
    0xf0, 0xf0, 0x1f, 0x80, 0x3e, 0x3c, 0x7, 0xc0,
    0x7, 0xcf, 0x3, 0xe0, 0x0, 0xf3, 0xc0, 0xf0,
    0x0, 0x1e, 0xf0, 0x7c, 0x0, 0x7, 0xbc, 0x1f,
    0x0, 0x1, 0xff, 0x7, 0x80, 0x0, 0x3f, 0xc1,
    0xe0, 0x0, 0xf, 0xff, 0xf8, 0x0, 0x3, 0xff,
    0xfe, 0x0, 0x0, 0xff, 0xff, 0x80, 0x0, 0x3f,
    0xc1, 0xe0, 0x0, 0xf, 0xf0, 0x78, 0x0, 0x3,
    0xfc, 0x1e, 0x0, 0x0, 0xff, 0x7, 0xc0, 0x0,
    0x7b, 0xc0, 0xf0, 0x0, 0x1e, 0xf0, 0x3c, 0x0,
    0x7, 0xbc, 0x7, 0x80, 0x3, 0xcf, 0x1, 0xf0,
    0x1, 0xf3, 0xc0, 0x3e, 0x0, 0xf8, 0xf0, 0x7,
    0xe0, 0xfc, 0x3c, 0x0, 0xff, 0xfe, 0xf, 0x0,
    0x1f, 0xff, 0x3, 0xc0, 0x0, 0xfe, 0x0,

    /* U+042F "Я" */
    0x1, 0xff, 0xff, 0x7, 0xff, 0xff, 0xf, 0xff,
    0xff, 0x1f, 0x80, 0xf, 0x1e, 0x0, 0xf, 0x3c,
    0x0, 0xf, 0x3c, 0x0, 0xf, 0x3c, 0x0, 0xf,
    0x3c, 0x0, 0xf, 0x3e, 0x0, 0xf, 0x1e, 0x0,
    0xf, 0x1f, 0x80, 0xf, 0xf, 0xff, 0xff, 0x3,
    0xff, 0xff, 0x0, 0xff, 0xff, 0x0, 0xf8, 0xf,
    0x1, 0xf0, 0xf, 0x3, 0xe0, 0xf, 0x3, 0xc0,
    0xf, 0x7, 0x80, 0xf, 0xf, 0x80, 0xf, 0xf,
    0x0, 0xf, 0x1f, 0x0, 0xf, 0x3e, 0x0, 0xf,
    0x3e, 0x0, 0xf, 0x7c, 0x0, 0xf, 0x78, 0x0,
    0xf, 0xf8, 0x0, 0xf,

    /* U+0430 "а" */
    0x3, 0xfc, 0x1, 0xff, 0xe0, 0xff, 0xfe, 0x1e,
    0x7, 0xc7, 0x80, 0x7c, 0xf0, 0x7, 0x84, 0x0,
    0xf0, 0x0, 0x1e, 0x0, 0x1f, 0xc0, 0xff, 0xf8,
    0x7f, 0xff, 0x3f, 0xc1, 0xe7, 0x80, 0x3d, 0xe0,
    0x7, 0xbc, 0x0, 0xf7, 0x80, 0x3e, 0xf0, 0xf,
    0xdf, 0x83, 0xf9, 0xff, 0xff, 0x1f, 0xfc, 0xe0,
    0xfe, 0x1e,

    /* U+0431 "б" */
    0x0, 0x1, 0xe0, 0x0, 0x38, 0x7, 0xff, 0x7,
    0xff, 0xe1, 0xff, 0xf8, 0x7c, 0x0, 0x1e, 0x0,
    0x3, 0x80, 0x0, 0x70, 0x0, 0x1c, 0x3f, 0x3,
    0x9f, 0xf8, 0x77, 0xff, 0x8f, 0xe0, 0xf9, 0xf8,
    0xf, 0xbe, 0x0, 0xf7, 0xc0, 0x1e, 0xf0, 0x1,
    0xfe, 0x0, 0x3f, 0xc0, 0x7, 0xf8, 0x0, 0xff,
    0x0, 0x1f, 0xe0, 0x3, 0xdc, 0x0, 0x7b, 0xc0,
    0x1e, 0x78, 0x3, 0xc7, 0x80, 0xf8, 0xf8, 0x3e,
    0xf, 0xff, 0x80, 0xff, 0xe0, 0x7, 0xf0, 0x0,

    /* U+0432 "в" */
    0xff, 0xf0, 0x7f, 0xfe, 0x3f, 0xff, 0x9e, 0x3,
    0xef, 0x0, 0xf7, 0x80, 0x7b, 0xc0, 0x3d, 0xe0,
    0x1e, 0xf0, 0x1e, 0x7f, 0xfe, 0x3f, 0xff, 0x1f,
    0xff, 0xcf, 0x0, 0xf7, 0x80, 0x3f, 0xc0, 0x1f,
    0xe0, 0xf, 0xf0, 0x7, 0xf8, 0x7, 0xff, 0xff,
    0xdf, 0xff, 0xcf, 0xff, 0x80,

    /* U+0433 "г" */
    0xff, 0xff, 0xff, 0xff, 0xff, 0x0, 0xf0, 0xf,
    0x0, 0xf0, 0xf, 0x0, 0xf0, 0xf, 0x0, 0xf0,
    0xf, 0x0, 0xf0, 0xf, 0x0, 0xf0, 0xf, 0x0,
    0xf0, 0xf, 0x0, 0xf0, 0xf, 0x0, 0xf0, 0x0,

    /* U+0434 "д" */
    0x7, 0xff, 0xf0, 0x1f, 0xff, 0xc0, 0x7f, 0xff,
    0x1, 0xc0, 0x3c, 0x7, 0x0, 0xf0, 0x1c, 0x3,
    0xc0, 0x70, 0xf, 0x1, 0xc0, 0x3c, 0x7, 0x0,
    0xf0, 0x3c, 0x3, 0xc0, 0xe0, 0xf, 0x3, 0x80,
    0x3c, 0xe, 0x0, 0xf0, 0x38, 0x3, 0xc1, 0xc0,
    0xf, 0x7, 0x0, 0x3c, 0x1c, 0x0, 0xf0, 0xe0,
    0x3, 0xcf, 0xff, 0xff, 0xff, 0xff, 0xff, 0xff,
    0xff, 0xff, 0x80, 0x0, 0x7e, 0x0, 0x1, 0xf8,
    0x0, 0x7, 0xe0, 0x0, 0x1f, 0x80, 0x0, 0x70,

    /* U+0435 "е" */
    0x3, 0xf8, 0x1, 0xff, 0xc0, 0x7f, 0xfc, 0x1f,
    0x7, 0xc7, 0x80, 0x38, 0xf0, 0x7, 0x9c, 0x0,
    0x77, 0x80, 0xe, 0xff, 0xff, 0xdf, 0xff, 0xfb,
    0xff, 0xff, 0xf8, 0x0, 0xf, 0x0, 0x1, 0xe0,
    0x0, 0x3e, 0x0, 0x73, 0xc0, 0x1e, 0x7c, 0x7,
    0xc7, 0xc1, 0xf0, 0x7f, 0xfc, 0x7, 0xff, 0x0,
    0x3f, 0x80,

    /* U+0436 "ж" */
    0xf0, 0x1e, 0x7, 0xbe, 0x7, 0x83, 0xef, 0xc1,
    0xe0, 0xf8, 0x70, 0x78, 0x70, 0xe, 0x1e, 0x1c,
    0x3, 0x87, 0x86, 0x0, 0x71, 0xe3, 0x80, 0x1c,
    0x78, 0xe0, 0x3, 0x9e, 0x70, 0x0, 0x7f, 0xf8,
    0x0, 0x1f, 0xfe, 0x0, 0x1e, 0x79, 0xc0, 0x7,
    0x1e, 0x38, 0x3, 0xc7, 0x8f, 0x1, 0xe1, 0xe1,
    0xc0, 0x70, 0x78, 0x78, 0x3c, 0x1e, 0xe, 0xe,
    0x7, 0x83, 0xc7, 0x81, 0xe0, 0x71, 0xc0, 0x78,
    0x1e, 0xf0, 0x1e, 0x3, 0xc0,

    /* U+0437 "з" */
    0x7, 0xe0, 0x1f, 0xf8, 0x3f, 0xfc, 0x7c, 0x3e,
    0x78, 0x1e, 0x70, 0x1e, 0x0, 0x1e, 0x0, 0x3c,
    0x3, 0xfc, 0x3, 0xf8, 0x3, 0xfc, 0x0, 0x3e,
    0x0, 0x1f, 0x0, 0xf, 0xe0, 0xf, 0xf0, 0xf,
    0xf0, 0x1f, 0x7c, 0x3e, 0x3f, 0xfe, 0x1f, 0xfc,
    0x7, 0xf0,

    /* U+0438 "и" */
    0xf0, 0xf, 0xf8, 0x7, 0xfc, 0x7, 0xfe, 0x3,
    0xff, 0x3, 0xff, 0x81, 0xff, 0xc1, 0xdf, 0xe0,
    0xef, 0xf0, 0xe7, 0xf8, 0x73, 0xfc, 0x71, 0xfe,
    0x70, 0xff, 0x38, 0x7f, 0xb8, 0x3f, 0xdc, 0x1f,
    0xfc, 0xf, 0xfe, 0x7, 0xfe, 0x3, 0xff, 0x1,
    0xff, 0x0, 0xff, 0x80, 0x78,

    /* U+0439 "й" */
    0xc, 0xc, 0x7, 0xe, 0x3, 0xfe, 0x0, 0xff,
    0x0, 0x3e, 0x0, 0x0, 0x0, 0x0, 0x1, 0xe0,
    0x1f, 0xf0, 0xf, 0xf8, 0xf, 0xfc, 0x7, 0xfe,
    0x7, 0xff, 0x3, 0xff, 0x83, 0xbf, 0xc1, 0xdf,
    0xe1, 0xcf, 0xf0, 0xe7, 0xf8, 0xe3, 0xfc, 0xe1,
    0xfe, 0x70, 0xff, 0x70, 0x7f, 0xb8, 0x3f, 0xf8,
    0x1f, 0xfc, 0xf, 0xfc, 0x7, 0xfe, 0x3, 0xfe,
    0x1, 0xff, 0x0, 0xf0,

    /* U+043A "к" */
    0xf0, 0x3d, 0xe0, 0xfb, 0xc1, 0xf7, 0x87, 0xf,
    0xe, 0x1e, 0x18, 0x3c, 0x70, 0x78, 0xe0, 0xf3,
    0x81, 0xfe, 0x3, 0xfc, 0x7, 0x9c, 0xf, 0x1c,
    0x1e, 0x3c, 0x3c, 0x38, 0x78, 0x78, 0xf0, 0x71,
    0xe0, 0xf3, 0xc0, 0xe7, 0x81, 0xef, 0x1, 0xe0,

    /* U+043B "л" */
    0xf, 0xff, 0xf0, 0xff, 0xff, 0xf, 0xff, 0xf0,
    0xf0, 0xf, 0xf, 0x0, 0xf0, 0xf0, 0xf, 0xf,
    0x0, 0xf0, 0xf0, 0xf, 0xf, 0x0, 0xf0, 0xf0,
    0xf, 0xf, 0x0, 0xf0, 0xf0, 0xf, 0xf, 0x0,
    0xf0, 0xf0, 0xf, 0xf, 0x0, 0xf0, 0xf0, 0xf,
    0xf, 0x0, 0xf0, 0xf0, 0xf, 0xff, 0x0, 0xff,
    0xe0, 0xf, 0xfc, 0x0, 0xf0,

    /* U+043C "м" */
    0xfc, 0x0, 0xff, 0xf0, 0x3, 0xff, 0xe0, 0xf,
    0xff, 0x80, 0x7f, 0xfe, 0x1, 0xff, 0xdc, 0x7,
    0xff, 0x70, 0x3b, 0xfd, 0xc0, 0xef, 0xf3, 0x3,
    0xbf, 0xce, 0x1c, 0xff, 0x38, 0x73, 0xfc, 0xe1,
    0xcf, 0xf1, 0xce, 0x3f, 0xc7, 0x38, 0xff, 0x1c,
    0xe3, 0xfc, 0x3f, 0xf, 0xf0, 0xfc, 0x3f, 0xc3,
    0xf0, 0xff, 0x7, 0x83, 0xfc, 0x1e, 0xf, 0xf0,
    0x70, 0x3c,

    /* U+043D "н" */
    0xf0, 0x7, 0xf8, 0x3, 0xfc, 0x1, 0xfe, 0x0,
    0xff, 0x0, 0x7f, 0x80, 0x3f, 0xc0, 0x1f, 0xe0,
    0xf, 0xf0, 0x7, 0xff, 0xff, 0xff, 0xff, 0xff,
    0xff, 0xff, 0x0, 0x7f, 0x80, 0x3f, 0xc0, 0x1f,
    0xe0, 0xf, 0xf0, 0x7, 0xf8, 0x3, 0xfc, 0x1,
    0xfe, 0x0, 0xff, 0x0, 0x78,

    /* U+043E "о" */
    0x3, 0xf8, 0x1, 0xff, 0xc0, 0x7f, 0xfc, 0x1f,
    0x7, 0xc7, 0xc0, 0x7c, 0xf0, 0x7, 0xbe, 0x0,
    0xf7, 0x80, 0xf, 0xf0, 0x1, 0xfe, 0x0, 0x3f,
    0xc0, 0x7, 0xf8, 0x0, 0xff, 0x0, 0x1f, 0xe0,
    0x3, 0xfe, 0x0, 0xfb, 0xc0, 0x1e, 0x7c, 0x7,
    0xc7, 0xc1, 0xf0, 0x7f, 0xfc, 0x7, 0xff, 0x0,
    0x3f, 0x80,

    /* U+043F "п" */
    0xff, 0xff, 0xff, 0xff, 0xff, 0xff, 0xf0, 0xf,
    0xf0, 0xf, 0xf0, 0xf, 0xf0, 0xf, 0xf0, 0xf,
    0xf0, 0xf, 0xf0, 0xf, 0xf0, 0xf, 0xf0, 0xf,
    0xf0, 0xf, 0xf0, 0xf, 0xf0, 0xf, 0xf0, 0xf,
    0xf0, 0xf, 0xf0, 0xf, 0xf0, 0xf, 0xf0, 0xf,
    0xf0, 0xf,

    /* U+0440 "р" */
    0xf1, 0xf0, 0x3d, 0xff, 0xf, 0xff, 0xe3, 0xf8,
    0x7c, 0xfc, 0xf, 0xbe, 0x1, 0xef, 0x0, 0x7b,
    0xc0, 0xf, 0xf0, 0x3, 0xfc, 0x0, 0xff, 0x0,
    0x3f, 0xc0, 0xf, 0xf0, 0x3, 0xfc, 0x0, 0xff,
    0x0, 0x7b, 0xe0, 0x1e, 0xf8, 0xf, 0xbf, 0x87,
    0xcf, 0xff, 0xe3, 0xdf, 0xf0, 0xf1, 0xf0, 0x3c,
    0x0, 0xf, 0x0, 0x3, 0xc0, 0x0, 0xf0, 0x0,
    0x3c, 0x0, 0xf, 0x0, 0x3, 0xc0, 0x0, 0xf0,
    0x0, 0x0,

    /* U+0441 "с" */
    0x3, 0xf8, 0x3, 0xff, 0x81, 0xff, 0xf0, 0xf8,
    0x3e, 0x7c, 0x7, 0x9e, 0x0, 0xff, 0x80, 0x3f,
    0xc0, 0x0, 0xf0, 0x0, 0x3c, 0x0, 0xf, 0x0,
    0x3, 0xc0, 0x0, 0xf0, 0x0, 0x3c, 0x0, 0x7f,
    0x80, 0x3d, 0xe0, 0xf, 0x7c, 0x7, 0x8f, 0x83,
    0xe1, 0xff, 0xf0, 0x3f, 0xf8, 0x3, 0xf8, 0x0,

    /* U+0442 "т" */
    0xff, 0xff, 0xff, 0xff, 0xff, 0xff, 0x3, 0xc0,
    0x3, 0xc0, 0x3, 0xc0, 0x3, 0xc0, 0x3, 0xc0,
    0x3, 0xc0, 0x3, 0xc0, 0x3, 0xc0, 0x3, 0xc0,
    0x3, 0xc0, 0x3, 0xc0, 0x3, 0xc0, 0x3, 0xc0,
    0x3, 0xc0, 0x3, 0xc0, 0x3, 0xc0, 0x3, 0xc0,
    0x3, 0xc0,

    /* U+0443 "у" */
    0xf0, 0x1, 0xfc, 0x0, 0xf7, 0x0, 0x39, 0xe0,
    0x1e, 0x78, 0x7, 0x8e, 0x1, 0xc3, 0xc0, 0xf0,
    0xf0, 0x38, 0x1c, 0xe, 0x7, 0x87, 0x81, 0xe1,
    0xc0, 0x38, 0x70, 0xf, 0x3c, 0x1, 0xce, 0x0,
    0x73, 0x80, 0x1f, 0xc0, 0x3, 0xf0, 0x0, 0xfc,
    0x0, 0x3e, 0x0, 0x7, 0x80, 0x1, 0xe0, 0x0,
    0x70, 0x0, 0x1c, 0x0, 0xe, 0x0, 0x3, 0x80,
    0x1, 0xe0, 0x7, 0xf0, 0x1, 0xf8, 0x0, 0x7c,
    0x0, 0x0,

    /* U+0444 "ф" */
    0x0, 0x7, 0x80, 0x0, 0x0, 0x1e, 0x0, 0x0,
    0x0, 0x78, 0x0, 0x0, 0x1, 0xe0, 0x0, 0x0,
    0x7, 0x80, 0x0, 0x0, 0x1e, 0x0, 0x0, 0x0,
    0x78, 0x0, 0x1, 0xf1, 0xe3, 0xe0, 0xf, 0xf7,
    0xbf, 0xe0, 0x7f, 0xff, 0xff, 0xc3, 0xe1, 0xfe,
    0x1f, 0x1f, 0x3, 0xf0, 0x3e, 0x78, 0xf, 0xc0,
    0x7b, 0xc0, 0x3e, 0x1, 0xff, 0x0, 0x78, 0x3,
    0xfc, 0x1, 0xe0, 0xf, 0xf0, 0x7, 0x80, 0x3f,
    0xc0, 0x1e, 0x0, 0xff, 0x0, 0x78, 0x3, 0xfc,
    0x1, 0xe0, 0xf, 0xf0, 0x7, 0x80, 0x3f, 0xe0,
    0x1e, 0x1, 0xe7, 0x80, 0xfc, 0x7, 0x9f, 0x3,
    0xf0, 0x3e, 0x3e, 0x1f, 0xe1, 0xf0, 0x7f, 0xff,
    0xff, 0x80, 0xff, 0x7b, 0xfc, 0x1, 0xf9, 0xe7,
    0xe0, 0x0, 0x7, 0x80, 0x0, 0x0, 0x1e, 0x0,
    0x0, 0x0, 0x78, 0x0, 0x0, 0x1, 0xe0, 0x0,
    0x0, 0x7, 0x80, 0x0, 0x0, 0x1e, 0x0, 0x0,
    0x0, 0x78, 0x0, 0x0, 0x1, 0xe0, 0x0,

    /* U+0445 "х" */
    0x78, 0x3, 0xc7, 0x80, 0x78, 0x78, 0x1e, 0xf,
    0x7, 0x80, 0xf1, 0xf0, 0xf, 0x3c, 0x1, 0xef,
    0x0, 0x1f, 0xc0, 0x1, 0xf8, 0x0, 0x3e, 0x0,
    0x7, 0xc0, 0x0, 0xfc, 0x0, 0x3f, 0x80, 0xf,
    0x78, 0x1, 0xe7, 0x80, 0x78, 0xf0, 0x1e, 0xf,
    0x3, 0xc0, 0xf0, 0xf0, 0x1f, 0x3c, 0x1, 0xe7,
    0x80, 0x1e,

    /* U+0446 "ц" */
    0xf0, 0x7, 0x9e, 0x0, 0xf3, 0xc0, 0x1e, 0x78,
    0x3, 0xcf, 0x0, 0x79, 0xe0, 0xf, 0x3c, 0x1,
    0xe7, 0x80, 0x3c, 0xf0, 0x7, 0x9e, 0x0, 0xf3,
    0xc0, 0x1e, 0x78, 0x3, 0xcf, 0x0, 0x79, 0xe0,
    0xf, 0x3c, 0x1, 0xe7, 0x80, 0x3c, 0xf0, 0x7,
    0x9e, 0x0, 0xf3, 0xff, 0xff, 0xff, 0xff, 0xff,
    0xff, 0xfe, 0x0, 0x1, 0xc0, 0x0, 0x38, 0x0,
    0x7, 0x0, 0x0, 0xe0, 0x0, 0x1c,

    /* U+0447 "ч" */
    0xf0, 0x7, 0xf8, 0x3, 0xfc, 0x1, 0xfe, 0x0,
    0xff, 0x0, 0x7f, 0x80, 0x3f, 0xc0, 0x1f, 0xe0,
    0xf, 0xf0, 0x7, 0xbc, 0x3, 0xdf, 0x7, 0xe7,
    0xff, 0xf1, 0xff, 0xf8, 0x7f, 0x3c, 0x0, 0x1e,
    0x0, 0xf, 0x0, 0x7, 0x80, 0x3, 0xc0, 0x1,
    0xe0, 0x0, 0xf0, 0x0, 0x78,

    /* U+0448 "ш" */
    0xf0, 0x1e, 0x3, 0xfc, 0x7, 0x80, 0xff, 0x1,
    0xe0, 0x3f, 0xc0, 0x78, 0xf, 0xf0, 0x1e, 0x3,
    0xfc, 0x7, 0x80, 0xff, 0x1, 0xe0, 0x3f, 0xc0,
    0x78, 0xf, 0xf0, 0x1e, 0x3, 0xfc, 0x7, 0x80,
    0xff, 0x1, 0xe0, 0x3f, 0xc0, 0x78, 0xf, 0xf0,
    0x1e, 0x3, 0xfc, 0x7, 0x80, 0xff, 0x1, 0xe0,
    0x3f, 0xc0, 0x78, 0xf, 0xf0, 0x1e, 0x3, 0xfc,
    0x7, 0x80, 0xff, 0xff, 0xff, 0xff, 0xff, 0xff,
    0xff, 0xff, 0xff, 0xff, 0xc0,

    /* U+0449 "щ" */
    0xf0, 0x1e, 0x3, 0xcf, 0x1, 0xe0, 0x3c, 0xf0,
    0x1e, 0x3, 0xcf, 0x1, 0xe0, 0x3c, 0xf0, 0x1e,
    0x3, 0xcf, 0x1, 0xe0, 0x3c, 0xf0, 0x1e, 0x3,
    0xcf, 0x1, 0xe0, 0x3c, 0xf0, 0x1e, 0x3, 0xcf,
    0x1, 0xe0, 0x3c, 0xf0, 0x1e, 0x3, 0xcf, 0x1,
    0xe0, 0x3c, 0xf0, 0x1e, 0x3, 0xcf, 0x1, 0xe0,
    0x3c, 0xf0, 0x1e, 0x3, 0xcf, 0x1, 0xe0, 0x3c,
    0xf0, 0x1e, 0x3, 0xcf, 0x1, 0xe0, 0x3c, 0xff,
    0xff, 0xff, 0xff, 0xff, 0xff, 0xff, 0xff, 0xff,
    0xff, 0xf0, 0x0, 0x0, 0x7, 0x0, 0x0, 0x0,
    0x70, 0x0, 0x0, 0x7, 0x0, 0x0, 0x0, 0x70,
    0x0, 0x0, 0x7,

    /* U+044A "ъ" */
    0xff, 0xc0, 0x1, 0xff, 0x80, 0x3, 0xff, 0x0,
    0x0, 0x1e, 0x0, 0x0, 0x3c, 0x0, 0x0, 0x78,
    0x0, 0x0, 0xf0, 0x0, 0x1, 0xe0, 0x0, 0x3,
    0xff, 0xc0, 0x7, 0xff, 0xe0, 0xf, 0xff, 0xf0,
    0x1e, 0x3, 0xe0, 0x3c, 0x3, 0xe0, 0x78, 0x3,
    0xc0, 0xf0, 0x7, 0x81, 0xe0, 0xf, 0x3, 0xc0,
    0x3e, 0x7, 0x80, 0xf8, 0xf, 0xff, 0xf0, 0x1f,
    0xff, 0xc0, 0x3f, 0xfc, 0x0,

    /* U+044B "ы" */
    0xf0, 0x0, 0x1f, 0xe0, 0x0, 0x3f, 0xc0, 0x0,
    0x7f, 0x80, 0x0, 0xff, 0x0, 0x1, 0xfe, 0x0,
    0x3, 0xfc, 0x0, 0x7, 0xf8, 0x0, 0xf, 0xff,
    0xf0, 0x1f, 0xff, 0xf8, 0x3f, 0xff, 0xfc, 0x7f,
    0x80, 0xf8, 0xff, 0x0, 0xf9, 0xfe, 0x0, 0xf3,
    0xfc, 0x1, 0xe7, 0xf8, 0x3, 0xcf, 0xf0, 0xf,
    0x9f, 0xe0, 0x3e, 0x3f, 0xff, 0xfc, 0x7f, 0xff,
    0xf0, 0xff, 0xff, 0x81, 0xe0,

    /* U+044C "ь" */
    0xf0, 0x0, 0x78, 0x0, 0x3c, 0x0, 0x1e, 0x0,
    0xf, 0x0, 0x7, 0x80, 0x3, 0xc0, 0x1, 0xe0,
    0x0, 0xff, 0xf0, 0x7f, 0xfe, 0x3f, 0xff, 0xde,
    0x3, 0xef, 0x0, 0xff, 0x80, 0x3f, 0xc0, 0x1f,
    0xe0, 0xf, 0xf0, 0xf, 0xf8, 0xf, 0xbf, 0xff,
    0xdf, 0xff, 0xcf, 0xff, 0x80,

    /* U+044D "э" */
    0x7, 0xf0, 0x7, 0xff, 0x3, 0xff, 0xe1, 0xf0,
    0x7c, 0x78, 0x7, 0x9c, 0x1, 0xe0, 0x0, 0x3c,
    0x0, 0xf, 0x1, 0xff, 0xc0, 0x7f, 0xf0, 0x1f,
    0xfc, 0x0, 0xf, 0x0, 0x3, 0xfc, 0x0, 0xff,
    0x0, 0x39, 0xc0, 0x1e, 0x78, 0xf, 0x8f, 0x7,
    0xc1, 0xff, 0xe0, 0x3f, 0xf0, 0x3, 0xf0, 0x0,

    /* U+044E "ю" */
    0xf0, 0x7, 0xe0, 0x78, 0xf, 0xfc, 0x3c, 0xf,
    0xff, 0x1e, 0xf, 0x87, 0xcf, 0xf, 0x81, 0xf7,
    0x87, 0x80, 0x7b, 0xc7, 0xc0, 0x3f, 0xe3, 0xc0,
    0xf, 0xf1, 0xe0, 0x7, 0xff, 0xf0, 0x3, 0xff,
    0xf8, 0x1, 0xff, 0xfc, 0x0, 0xff, 0x1e, 0x0,
    0x7f, 0x8f, 0x0, 0x3f, 0xc7, 0xc0, 0x3f, 0xe3,
    0xe0, 0x1e, 0xf0, 0xf8, 0x1f, 0x78, 0x7e, 0x1f,
    0x3c, 0x1f, 0xff, 0x1e, 0x7, 0xff, 0xf, 0x0,
    0x7e, 0x0,

    /* U+044F "я" */
    0x7, 0xff, 0xc7, 0xff, 0xf3, 0xff, 0xfc, 0xf8,
    0xf, 0x78, 0x3, 0xde, 0x0, 0xf7, 0x80, 0x3d,
    0xe0, 0xf, 0x7c, 0x3, 0xcf, 0x80, 0xf1, 0xff,
    0xfc, 0x3f, 0xff, 0x1, 0xff, 0xc1, 0xf0, 0xf0,
    0xf8, 0x3c, 0x3c, 0xf, 0x1e, 0x3, 0xcf, 0x80,
    0xf7, 0xc0, 0x3d, 0xe0, 0xf, 0xf8, 0x3, 0xc0,

    /* U+0451 "ё" */
    0xf, 0x1e, 0x1, 0xe3, 0xc0, 0x3c, 0x78, 0x7,
    0x8f, 0x0, 0x0, 0x0, 0x0, 0x0, 0x0, 0x0,
    0x0, 0x1f, 0xc0, 0xf, 0xfe, 0x3, 0xff, 0xe0,
    0xf8, 0x3e, 0x3c, 0x1, 0xc7, 0x80, 0x1c, 0xe0,
    0x3, 0xbc, 0x0, 0x77, 0xff, 0xfe, 0xff, 0xff,
    0xdf, 0xff, 0xff, 0xc0, 0x0, 0x78, 0x0, 0xf,
    0x0, 0x1, 0xf0, 0x3, 0x9e, 0x0, 0xf3, 0xe0,
    0x3e, 0x3e, 0xf, 0x83, 0xff, 0xe0, 0x3f, 0xf8,
    0x1, 0xfc, 0x0,

    /* U+0452 "ђ" */
    0x3c, 0x0, 0x7, 0x80, 0x3, 0xff, 0xe0, 0x7f,
    0xfc, 0xf, 0xff, 0x80, 0x78, 0x0, 0xf, 0x0,
    0x1, 0xe3, 0xf0, 0x3d, 0xff, 0x87, 0xff, 0xf8,
    0xfe, 0x1f, 0x1f, 0x1, 0xf3, 0xe0, 0x1e, 0x78,
    0x3, 0xcf, 0x0, 0x79, 0xe0, 0xf, 0x3c, 0x1,
    0xe7, 0x80, 0x3c, 0xf0, 0x7, 0x9e, 0x0, 0xf3,
    0xc0, 0x1e, 0x78, 0x3, 0xcf, 0x0, 0x79, 0xe0,
    0xf, 0x3c, 0x1, 0xe7, 0x80, 0x3c, 0xf0, 0x7,
    0x9e, 0x0, 0xf0, 0x0, 0x1e, 0x0, 0x3, 0xc0,
    0x0, 0x78, 0x0, 0xf, 0x0, 0x3, 0xe0, 0x1,
    0xf8, 0x0, 0x3f, 0x0, 0x7, 0x80,

    /* U+0453 "ѓ" */
    0x1, 0xc0, 0x3c, 0x3, 0x80, 0x70, 0x6, 0x0,
    0x0, 0x0, 0xf, 0xff, 0xff, 0xff, 0xff, 0xf0,
    0xf, 0x0, 0xf0, 0xf, 0x0, 0xf0, 0xf, 0x0,
    0xf0, 0xf, 0x0, 0xf0, 0xf, 0x0, 0xf0, 0xf,
    0x0, 0xf0, 0xf, 0x0, 0xf0, 0xf, 0x0, 0xf0,
    0xf, 0x0,

    /* U+0454 "є" */
    0x3, 0xf8, 0x3, 0xff, 0x81, 0xff, 0xf0, 0xf8,
    0x3e, 0x78, 0x7, 0x9e, 0x0, 0xef, 0x0, 0x3,
    0xc0, 0x0, 0xff, 0xe0, 0x3f, 0xf8, 0xf, 0xfe,
    0x3, 0xc0, 0x0, 0xf0, 0x0, 0x3c, 0x0, 0xf7,
    0x0, 0x3d, 0xe0, 0xe, 0x7c, 0x7, 0x8f, 0x83,
    0xc1, 0xff, 0xe0, 0x3f, 0xf0, 0x3, 0xf0, 0x0,

    /* U+0455 "ѕ" */
    0xf, 0xe0, 0x3f, 0xf8, 0x7f, 0xfc, 0xf8, 0x3c,
    0xf0, 0x1e, 0xf0, 0x1e, 0xf0, 0x0, 0xf8, 0x0,
    0x7f, 0x80, 0x3f, 0xf0, 0x1f, 0xfc, 0x3, 0xfe,
    0x0, 0x3f, 0x0, 0xf, 0xe0, 0xf, 0xf0, 0xf,
    0x70, 0x1f, 0x7c, 0x3e, 0x3f, 0xfe, 0x1f, 0xf8,
    0x7, 0xf0,

    /* U+0456 "і" */
    0xff, 0xff, 0x0, 0xf, 0xff, 0xff, 0xff, 0xff,
    0xff, 0xff, 0xff, 0xff, 0xff, 0xff,

    /* U+0457 "ї" */
    0xf0, 0xff, 0xf, 0xf0, 0xff, 0xf, 0x0, 0x0,
    0x0, 0x0, 0x0, 0xe0, 0xe, 0x0, 0xe0, 0xe,
    0x0, 0xe0, 0xe, 0x0, 0xe0, 0xe, 0x0, 0xe0,
    0xe, 0x0, 0xe0, 0xe, 0x0, 0xe0, 0xe, 0x0,
    0xe0, 0xe, 0x0, 0xe0, 0xe, 0x0, 0xe0, 0xe,
    0x0, 0xe0,

    /* U+0458 "ј" */
    0xf, 0xf, 0xf, 0xf, 0x0, 0x0, 0x0, 0xf,
    0xf, 0xf, 0xf, 0xf, 0xf, 0xf, 0xf, 0xf,
    0xf, 0xf, 0xf, 0xf, 0xf, 0xf, 0xf, 0xf,
    0xf, 0xf, 0xf, 0xf, 0xf, 0xf, 0xf, 0xf,
    0x1f, 0xfe, 0xfe, 0xf8,

    /* U+0459 "љ" */
    0xf, 0xff, 0xf8, 0x0, 0x3, 0xff, 0xfe, 0x0,
    0x0, 0xff, 0xff, 0x80, 0x0, 0x3c, 0x1, 0xe0,
    0x0, 0xf, 0x0, 0x78, 0x0, 0x3, 0xc0, 0x1e,
    0x0, 0x0, 0xf0, 0x7, 0x80, 0x0, 0x3c, 0x1,
    0xe0, 0x0, 0xf, 0x0, 0x7f, 0xf8, 0x3, 0xc0,
    0x1f, 0xff, 0x80, 0xf0, 0x7, 0xff, 0xf8, 0x3c,
    0x1, 0xe0, 0x3e, 0xf, 0x0, 0x78, 0x7, 0xc3,
    0xc0, 0x1e, 0x0, 0xf0, 0xf0, 0x7, 0x80, 0x3c,
    0x3c, 0x1, 0xe0, 0xf, 0xf, 0x0, 0x78, 0x7,
    0xc7, 0xc0, 0x1e, 0x3, 0xef, 0xf0, 0x7, 0xff,
    0xfb, 0xf8, 0x1, 0xff, 0xfc, 0xfc, 0x0, 0x7f,
    0xfc, 0x0,

    /* U+045A "њ" */
    0xf0, 0x1e, 0x0, 0xf, 0x1, 0xe0, 0x0, 0xf0,
    0x1e, 0x0, 0xf, 0x1, 0xe0, 0x0, 0xf0, 0x1e,
    0x0, 0xf, 0x1, 0xe0, 0x0, 0xf0, 0x1e, 0x0,
    0xf, 0x1, 0xe0, 0x0, 0xf0, 0x1e, 0x0, 0xf,
    0xff, 0xff, 0xe0, 0xff, 0xff, 0xff, 0xcf, 0xff,
    0xff, 0xfe, 0xf0, 0x1e, 0x3, 0xef, 0x1, 0xe0,
    0xf, 0xf0, 0x1e, 0x0, 0xff, 0x1, 0xe0, 0xf,
    0xf0, 0x1e, 0x0, 0xff, 0x1, 0xe0, 0x3e, 0xf0,
    0x1f, 0xff, 0xef, 0x1, 0xff, 0xfc, 0xf0, 0x1f,
    0xff, 0x0,

    /* U+045B "ћ" */
    0x3c, 0x0, 0x7, 0x80, 0x3, 0xff, 0xe0, 0x7f,
    0xfc, 0xf, 0xff, 0x80, 0x78, 0x0, 0xf, 0x0,
    0x1, 0xe3, 0xf0, 0x3d, 0xff, 0x87, 0xff, 0xf8,
    0xfe, 0x1f, 0x1f, 0x1, 0xf3, 0xe0, 0x1e, 0x78,
    0x3, 0xcf, 0x0, 0x79, 0xe0, 0xf, 0x3c, 0x1,
    0xe7, 0x80, 0x3c, 0xf0, 0x7, 0x9e, 0x0, 0xf3,
    0xc0, 0x1e, 0x78, 0x3, 0xcf, 0x0, 0x79, 0xe0,
    0xf, 0x3c, 0x1, 0xe7, 0x80, 0x3c, 0xf0, 0x7,
    0x9e, 0x0, 0xf0,

    /* U+045C "ќ" */
    0x1, 0xe0, 0x7, 0x80, 0xe, 0x0, 0x38, 0x0,
    0x70, 0x0, 0x0, 0x0, 0x0, 0x78, 0x1e, 0xf0,
    0x7d, 0xe0, 0xfb, 0xc3, 0x87, 0x87, 0xf, 0xc,
    0x1e, 0x38, 0x3c, 0x70, 0x79, 0xc0, 0xff, 0x1,
    0xfe, 0x3, 0xce, 0x7, 0x8e, 0xf, 0x1e, 0x1e,
    0x1c, 0x3c, 0x3c, 0x78, 0x38, 0xf0, 0x79, 0xe0,
    0x73, 0xc0, 0xf7, 0x80, 0xf0,

    /* U+045E "ў" */
    0x1c, 0xe, 0x3, 0x87, 0x0, 0xff, 0xc0, 0x1f,
    0xe0, 0x3, 0xf0, 0x0, 0x0, 0x0, 0x0, 0x3,
    0xc0, 0x7, 0xf0, 0x3, 0xdc, 0x0, 0xe7, 0x80,
    0x79, 0xe0, 0x1e, 0x38, 0x7, 0xf, 0x3, 0xc3,
    0xc0, 0xe0, 0x70, 0x38, 0x1e, 0x1e, 0x7, 0x87,
    0x0, 0xe1, 0xc0, 0x3c, 0xf0, 0x7, 0x38, 0x1,
    0xce, 0x0, 0x7f, 0x0, 0xf, 0xc0, 0x3, 0xf0,
    0x0, 0xf8, 0x0, 0x1e, 0x0, 0x7, 0x80, 0x1,
    0xc0, 0x0, 0x70, 0x0, 0x38, 0x0, 0xe, 0x0,
    0x7, 0x80, 0x1f, 0xc0, 0x7, 0xe0, 0x1, 0xf0,
    0x0,

    /* U+045F "џ" */
    0xf0, 0x7, 0xf8, 0x3, 0xfc, 0x1, 0xfe, 0x0,
    0xff, 0x0, 0x7f, 0x80, 0x3f, 0xc0, 0x1f, 0xe0,
    0xf, 0xf0, 0x7, 0xf8, 0x3, 0xfc, 0x1, 0xfe,
    0x0, 0xff, 0x0, 0x7f, 0x80, 0x3f, 0xc0, 0x1f,
    0xe0, 0xf, 0xf0, 0x7, 0xf8, 0x3, 0xff, 0xff,
    0xff, 0xff, 0xff, 0xff, 0xf8, 0xe, 0x0, 0x7,
    0x0, 0x3, 0x80, 0x1, 0xc0, 0x0, 0xe0, 0x0,
    0x70, 0x0,

    /* U+0490 "Ґ" */
    0x0, 0x1e, 0x0, 0x3c, 0x0, 0x78, 0x0, 0xf0,
    0x1, 0xe0, 0x3, 0xc0, 0x7, 0x80, 0xf, 0xff,
    0xff, 0xff, 0xff, 0xff, 0xff, 0x80, 0xf, 0x0,
    0x1e, 0x0, 0x3c, 0x0, 0x78, 0x0, 0xf0, 0x1,
    0xe0, 0x3, 0xc0, 0x7, 0x80, 0xf, 0x0, 0x1e,
    0x0, 0x3c, 0x0, 0x78, 0x0, 0xf0, 0x1, 0xe0,
    0x3, 0xc0, 0x7, 0x80, 0xf, 0x0, 0x1e, 0x0,
    0x3c, 0x0, 0x78, 0x0, 0xf0, 0x1, 0xe0, 0x3,
    0xc0, 0x7, 0x80, 0x0,

    /* U+0491 "ґ" */
    0x0, 0x70, 0x7, 0x0, 0x70, 0x7, 0x0, 0x70,
    0x7, 0x0, 0x7f, 0xff, 0xff, 0xff, 0xff, 0xf0,
    0xf, 0x0, 0xf0, 0xf, 0x0, 0xf0, 0xf, 0x0,
    0xf0, 0xf, 0x0, 0xf0, 0xf, 0x0, 0xf0, 0xf,
    0x0, 0xf0, 0xf, 0x0, 0xf0, 0xf, 0x0, 0xf0,
    0xf, 0x0,

    /* U+0492 "Ғ" */
    0x1f, 0xff, 0xf8, 0xff, 0xff, 0xc7, 0xff, 0xfe,
    0x3c, 0x0, 0x1, 0xe0, 0x0, 0xf, 0x0, 0x0,
    0x78, 0x0, 0x3, 0xc0, 0x0, 0x1e, 0x0, 0x0,
    0xf0, 0x0, 0x7, 0x80, 0x0, 0x3c, 0x0, 0xf,
    0xff, 0xc0, 0x7f, 0xfe, 0x3, 0xff, 0xf0, 0x3,
    0xc0, 0x0, 0x1e, 0x0, 0x0, 0xf0, 0x0, 0x7,
    0x80, 0x0, 0x3c, 0x0, 0x1, 0xe0, 0x0, 0xf,
    0x0, 0x0, 0x78, 0x0, 0x3, 0xc0, 0x0, 0x1e,
    0x0, 0x0, 0xf0, 0x0, 0x7, 0x80, 0x0, 0x3c,
    0x0, 0x0,

    /* U+0493 "ғ" */
    0x3f, 0xfc, 0xff, 0xf3, 0xff, 0xcf, 0x0, 0x3c,
    0x0, 0xf0, 0x3, 0xc0, 0xf, 0x0, 0xff, 0xc3,
    0xff, 0xf, 0xfc, 0xf, 0x0, 0x3c, 0x0, 0xf0,
    0x3, 0xc0, 0xf, 0x0, 0x3c, 0x0, 0xf0, 0x3,
    0xc0, 0xf, 0x0, 0x3c, 0x0,

    /* U+0496 "Җ" */
    0xf8, 0x0, 0xf0, 0x1, 0xff, 0xe0, 0xf, 0x0,
    0x7f, 0xff, 0x0, 0xf0, 0xf, 0xf0, 0xf0, 0xf,
    0x0, 0xf0, 0x7, 0x80, 0xf0, 0x1e, 0x0, 0x38,
    0xf, 0x1, 0xc0, 0x3, 0xc0, 0xf0, 0x3c, 0x0,
    0x3c, 0xf, 0x3, 0x80, 0x1, 0xe0, 0xf0, 0x78,
    0x0, 0x1e, 0xf, 0x7, 0x80, 0x0, 0xf0, 0xf0,
    0xf0, 0x0, 0xf, 0x8f, 0x1e, 0x0, 0x0, 0x7f,
    0xff, 0xe0, 0x0, 0x1, 0xff, 0xf8, 0x0, 0x0,
    0x7f, 0xff, 0xc0, 0x0, 0xf, 0xcf, 0x3e, 0x0,
    0x1, 0xf0, 0xf0, 0xf0, 0x0, 0x1e, 0xf, 0xf,
    0x80, 0x3, 0xe0, 0xf0, 0x7c, 0x0, 0x7c, 0xf,
    0x3, 0xc0, 0x7, 0x80, 0xf0, 0x3e, 0x0, 0xf8,
    0xf, 0x1, 0xe0, 0xf, 0x0, 0xf0, 0xf, 0x1,
    0xe0, 0xf, 0x0, 0xf8, 0x3e, 0x0, 0xf0, 0x7,
    0x83, 0xc0, 0xf, 0x0, 0x7f, 0x7c, 0x0, 0xf0,
    0x3, 0xf7, 0x80, 0xf, 0x0, 0x3f, 0x0, 0x0,
    0x0, 0x0, 0xf0, 0x0, 0x0, 0x0, 0xf, 0x0,
    0x0, 0x0, 0x0, 0xf0, 0x0, 0x0, 0x0, 0xf,
    0x0, 0x0, 0x0, 0x0, 0xf0, 0x0, 0x0, 0x0,
    0xf, 0x0, 0x0, 0x0, 0x0, 0xf0, 0x0, 0x0,
    0x0, 0xf,

    /* U+0497 "җ" */
    0xf0, 0x1e, 0x3, 0xbe, 0x7, 0x81, 0xef, 0xc1,
    0xe0, 0xf8, 0x70, 0x78, 0x38, 0xe, 0x1e, 0x1c,
    0x3, 0x87, 0x87, 0x0, 0x71, 0xe3, 0x80, 0x1c,
    0x78, 0xe0, 0x3, 0x9e, 0x70, 0x0, 0x7f, 0xf8,
    0x0, 0x1f, 0xfe, 0x0, 0x1e, 0x79, 0xc0, 0x7,
    0x1e, 0x38, 0x3, 0xc7, 0x8f, 0x1, 0xe1, 0xe1,
    0xe0, 0x70, 0x78, 0x78, 0x3c, 0x1e, 0xf, 0xe,
    0x7, 0x81, 0xc7, 0x81, 0xe0, 0x7d, 0xc0, 0x78,
    0xf, 0xf0, 0x1e, 0x3, 0xc0, 0x0, 0x0, 0x70,
    0x0, 0x0, 0x1c, 0x0, 0x0, 0x7, 0x0, 0x0,
    0x1, 0xc0, 0x0, 0x0, 0x70,

    /* U+049A "Қ" */
    0xf0, 0x1, 0xff, 0x0, 0x7f, 0xf0, 0xf, 0xff,
    0x0, 0xf0, 0xf0, 0x1e, 0xf, 0x1, 0xc0, 0xf0,
    0x3c, 0xf, 0x3, 0x80, 0xf0, 0x78, 0xf, 0x7,
    0x80, 0xf0, 0xf0, 0xf, 0x1e, 0x0, 0xff, 0xc0,
    0xf, 0xf8, 0x0, 0xff, 0xc0, 0xf, 0x3e, 0x0,
    0xf0, 0xf0, 0xf, 0xf, 0x80, 0xf0, 0x7c, 0xf,
    0x3, 0xc0, 0xf0, 0x3e, 0xf, 0x1, 0xe0, 0xf0,
    0x1f, 0xf, 0x0, 0xf8, 0xf0, 0x7, 0x8f, 0x0,
    0x7f, 0xf0, 0x3, 0xff, 0x0, 0x3f, 0x0, 0x0,
    0xf0, 0x0, 0xf, 0x0, 0x0, 0xf0, 0x0, 0xf,
    0x0, 0x0, 0xf0, 0x0, 0xf, 0x0, 0x0, 0xf0,
    0x0, 0xf,

    /* U+049B "қ" */
    0xf0, 0x3f, 0xc1, 0xff, 0x7, 0xfc, 0x38, 0xf0,
    0xe3, 0xc3, 0xf, 0x1c, 0x3c, 0x60, 0xf3, 0x83,
    0xfc, 0xf, 0xf0, 0x3c, 0xe0, 0xf3, 0xc3, 0xc7,
    0xf, 0xe, 0x3c, 0x38, 0xf0, 0xf3, 0xc1, 0xcf,
    0x7, 0xfc, 0xf, 0xf0, 0x3c, 0x0, 0x70, 0x1,
    0xc0, 0x7, 0x0, 0x1c, 0x0, 0x70,

    /* U+049C "Ҝ" */
    0xf0, 0x3, 0xfe, 0x0, 0xff, 0xc0, 0x3f, 0xf8,
    0xf, 0x8f, 0x33, 0xc1, 0xe6, 0x78, 0x3c, 0xce,
    0x7, 0x9b, 0xc0, 0xf3, 0x78, 0x1e, 0x7e, 0x3,
    0xcf, 0xc0, 0x79, 0xf0, 0xf, 0xfc, 0x1, 0xfe,
    0x0, 0x3f, 0xf0, 0x7, 0x9f, 0x0, 0xf3, 0xf0,
    0x1e, 0x7f, 0x3, 0xcd, 0xe0, 0x79, 0xbe, 0xf,
    0x33, 0xe1, 0xe6, 0x3c, 0x3c, 0xc7, 0xc7, 0x80,
    0x7c, 0xf0, 0x7, 0x9e, 0x0, 0xfb, 0xc0, 0xf,
    0x78, 0x1, 0xf0,

    /* U+049D "ҝ" */
    0xf0, 0x3d, 0xe0, 0xfb, 0xc1, 0xf7, 0xb7, 0xf,
    0x6e, 0x1e, 0xf8, 0x3d, 0xf0, 0x7b, 0xe0, 0xf7,
    0x81, 0xfe, 0x3, 0xfc, 0x7, 0xbc, 0xf, 0x7c,
    0x1e, 0xfc, 0x3d, 0xb8, 0x7b, 0x78, 0xf6, 0x71,
    0xec, 0xf3, 0xc0, 0xe7, 0x81, 0xef, 0x1, 0xc0,

    /* U+04A2 "Ң" */
    0xf0, 0x0, 0x3c, 0x78, 0x0, 0x1e, 0x3c, 0x0,
    0xf, 0x1e, 0x0, 0x7, 0x8f, 0x0, 0x3, 0xc7,
    0x80, 0x1, 0xe3, 0xc0, 0x0, 0xf1, 0xe0, 0x0,
    0x78, 0xf0, 0x0, 0x3c, 0x78, 0x0, 0x1e, 0x3c,
    0x0, 0xf, 0x1e, 0x0, 0x7, 0x8f, 0xff, 0xff,
    0xc7, 0xff, 0xff, 0xe3, 0xff, 0xff, 0xf1, 0xe0,
    0x0, 0x78, 0xf0, 0x0, 0x3c, 0x78, 0x0, 0x1e,
    0x3c, 0x0, 0xf, 0x1e, 0x0, 0x7, 0x8f, 0x0,
    0x3, 0xc7, 0x80, 0x1, 0xe3, 0xc0, 0x0, 0xf1,
    0xe0, 0x0, 0x78, 0xf0, 0x0, 0x3c, 0x78, 0x0,
    0x1f, 0xfc, 0x0, 0xf, 0xfe, 0x0, 0x7, 0xf0,
    0x0, 0x0, 0x78, 0x0, 0x0, 0x3c, 0x0, 0x0,
    0x1e, 0x0, 0x0, 0xf, 0x0, 0x0, 0x7, 0x80,
    0x0, 0x3, 0xc0, 0x0, 0x1, 0xe0, 0x0, 0x0,
    0xf0,

    /* U+04A3 "ң" */
    0xf0, 0x7, 0x9e, 0x0, 0xf3, 0xc0, 0x1e, 0x78,
    0x3, 0xcf, 0x0, 0x79, 0xe0, 0xf, 0x3c, 0x1,
    0xe7, 0x80, 0x3c, 0xf0, 0x7, 0x9f, 0xff, 0xf3,
    0xff, 0xfe, 0x7f, 0xff, 0xcf, 0x0, 0x79, 0xe0,
    0xf, 0x3c, 0x1, 0xe7, 0x80, 0x3c, 0xf0, 0x7,
    0x9e, 0x0, 0xf3, 0xc0, 0x1f, 0xf8, 0x3, 0xff,
    0x0, 0x7e, 0x0, 0x1, 0xc0, 0x0, 0x38, 0x0,
    0x7, 0x0, 0x0, 0xe0, 0x0, 0x1c,

    /* U+04AE "Ү" */
    0xf0, 0x0, 0x3d, 0xe0, 0x1, 0xe7, 0x80, 0x7,
    0x8f, 0x0, 0x3c, 0x3c, 0x1, 0xf0, 0x78, 0x7,
    0x80, 0xe0, 0x3c, 0x3, 0xc0, 0xf0, 0x7, 0x87,
    0x80, 0x1e, 0x1e, 0x0, 0x3c, 0xf0, 0x0, 0xf3,
    0xc0, 0x1, 0xfe, 0x0, 0x3, 0xf0, 0x0, 0xf,
    0xc0, 0x0, 0x1e, 0x0, 0x0, 0x78, 0x0, 0x1,
    0xe0, 0x0, 0x7, 0x80, 0x0, 0x1e, 0x0, 0x0,
    0x78, 0x0, 0x1, 0xe0, 0x0, 0x7, 0x80, 0x0,
    0x1e, 0x0, 0x0, 0x78, 0x0, 0x1, 0xe0, 0x0,
    0x7, 0x80, 0x0, 0x1e, 0x0,

    /* U+04AF "ү" */
    0xf0, 0x0, 0xe7, 0x80, 0x1e, 0x78, 0x1, 0xe3,
    0x80, 0x1c, 0x3c, 0x3, 0xc3, 0xc0, 0x3c, 0x1c,
    0x3, 0x81, 0xe0, 0x78, 0x1e, 0x7, 0x80, 0xe0,
    0xf0, 0xf, 0xf, 0x0, 0x70, 0xe0, 0x7, 0x9e,
    0x0, 0x79, 0xe0, 0x3, 0x9c, 0x0, 0x3f, 0xc0,
    0x3, 0xfc, 0x0, 0x1f, 0x80, 0x1, 0xf8, 0x0,
    0x1f, 0x80, 0x0, 0xf0, 0x0, 0xf, 0x0, 0x0,
    0xf0, 0x0, 0xf, 0x0, 0x0, 0xf0, 0x0, 0xf,
    0x0, 0x0, 0xf0, 0x0, 0xf, 0x0, 0x0, 0xf0,
    0x0,

    /* U+04B0 "Ұ" */
    0xf0, 0x0, 0x7b, 0xc0, 0x3, 0x9e, 0x0, 0x3c,
    0x78, 0x1, 0xc3, 0xc0, 0x1e, 0xf, 0x1, 0xe0,
    0x3c, 0xf, 0x1, 0xe0, 0xf0, 0x7, 0x87, 0x80,
    0x3c, 0x78, 0x0, 0xf3, 0xc0, 0x3, 0xfc, 0x0,
    0x1f, 0xc0, 0x3f, 0xff, 0xf9, 0xff, 0xff, 0xcf,
    0xff, 0xfe, 0x0, 0x78, 0x0, 0x3, 0xc0, 0x0,
    0x1e, 0x0, 0x0, 0xf0, 0x0, 0x7, 0x80, 0x0,
    0x3c, 0x0, 0x1, 0xe0, 0x0, 0xf, 0x0, 0x0,
    0x78, 0x0, 0x3, 0xc0, 0x0, 0x1e, 0x0, 0x0,
    0xf0, 0x0,

    /* U+04B1 "ұ" */
    0x70, 0x0, 0xe7, 0x80, 0x1e, 0x78, 0x1, 0xe3,
    0x80, 0x1c, 0x3c, 0x3, 0xc3, 0xc0, 0x3c, 0x1c,
    0x3, 0x81, 0xe0, 0x78, 0xe, 0x7, 0x80, 0xf0,
    0xf0, 0xf, 0xf, 0x0, 0x70, 0xe0, 0x7, 0x9e,
    0x0, 0x79, 0xe0, 0x3, 0x9c, 0x0, 0x3f, 0xc0,
    0x3, 0xfc, 0x0, 0x1f, 0x80, 0x1, 0xf8, 0x0,
    0x1f, 0x80, 0x0, 0xf0, 0x3, 0xff, 0xfc, 0x3f,
    0xff, 0xc3, 0xff, 0xfc, 0x0, 0xf0, 0x0, 0xf,
    0x0, 0x0, 0xf0, 0x0, 0xf, 0x0, 0x0, 0xf0,
    0x0,

    /* U+04B2 "Ҳ" */
    0x7c, 0x0, 0xf, 0x8f, 0x0, 0x7, 0xc1, 0xe0,
    0x1, 0xe0, 0x7c, 0x0, 0xf0, 0xf, 0x80, 0x7c,
    0x1, 0xe0, 0x3e, 0x0, 0x3c, 0xf, 0x0, 0xf,
    0x87, 0x80, 0x1, 0xe3, 0xc0, 0x0, 0x3d, 0xf0,
    0x0, 0xf, 0xf8, 0x0, 0x1, 0xfc, 0x0, 0x0,
    0x3e, 0x0, 0x0, 0xf, 0x80, 0x0, 0x3, 0xf0,
    0x0, 0x1, 0xfc, 0x0, 0x0, 0xf7, 0x80, 0x0,
    0x3d, 0xf0, 0x0, 0x1e, 0x3c, 0x0, 0xf, 0x7,
    0x80, 0x7, 0xc1, 0xf0, 0x1, 0xe0, 0x3e, 0x0,
    0xf0, 0x7, 0x80, 0x78, 0x1, 0xf0, 0x3e, 0x0,
    0x3e, 0xf, 0x0, 0x7, 0xf7, 0x80, 0x0, 0xff,
    0xe0, 0x0, 0x3f, 0x0, 0x0, 0x3, 0xc0, 0x0,
    0x0, 0xf0, 0x0, 0x0, 0x3c, 0x0, 0x0, 0xf,
    0x0, 0x0, 0x3, 0xc0, 0x0, 0x0, 0xf0, 0x0,
    0x0, 0x3c, 0x0, 0x0, 0xf,

    /* U+04B3 "ҳ" */
    0x78, 0x3, 0xcf, 0x80, 0xf0, 0xf0, 0x3e, 0xf,
    0x7, 0x80, 0xf1, 0xe0, 0x1e, 0x78, 0x1, 0xef,
    0x0, 0x1f, 0xc0, 0x3, 0xf0, 0x0, 0x3e, 0x0,
    0x7, 0xc0, 0x1, 0xf8, 0x0, 0x3f, 0x80, 0xf,
    0x78, 0x3, 0xc7, 0x80, 0x78, 0xf0, 0x1e, 0xf,
    0x7, 0x81, 0xf0, 0xf0, 0x1f, 0xbc, 0x1, 0xff,
    0x0, 0x3e, 0x0, 0x1, 0xc0, 0x0, 0x38, 0x0,
    0x7, 0x0, 0x0, 0xe0, 0x0, 0x1c,

    /* U+04B8 "Ҹ" */
    0xf0, 0x0, 0x7f, 0x80, 0x3, 0xfc, 0x0, 0x1f,
    0xe0, 0x0, 0xff, 0x0, 0x7, 0xf8, 0x0, 0x3f,
    0xc0, 0x1, 0xfe, 0x6, 0xf, 0xf0, 0x30, 0x7f,
    0x81, 0x83, 0xfc, 0xc, 0x1f, 0xe0, 0x60, 0xf7,
    0x83, 0x7, 0xbe, 0x18, 0x3d, 0xf8, 0xcf, 0xe7,
    0xff, 0xff, 0xf, 0xff, 0x78, 0x1f, 0xc3, 0xc0,
    0xc, 0x1e, 0x0, 0x60, 0xf0, 0x3, 0x7, 0x80,
    0x18, 0x3c, 0x0, 0xc1, 0xe0, 0x6, 0xf, 0x0,
    0x0, 0x78, 0x0, 0x3, 0xc0, 0x0, 0x1e, 0x0,
    0x0, 0xf0,

    /* U+04B9 "ҹ" */
    0xf0, 0x7, 0xf8, 0x3, 0xfc, 0x1, 0xfe, 0x0,
    0xff, 0x0, 0x7f, 0x80, 0x3f, 0xc6, 0x1f, 0xe3,
    0xf, 0xf1, 0x87, 0xbc, 0xc3, 0xdf, 0x63, 0xe7,
    0xff, 0xf1, 0xff, 0xf8, 0x7f, 0xbc, 0x6, 0x1e,
    0x3, 0xf, 0x1, 0x87, 0x80, 0xc3, 0xc0, 0x1,
    0xe0, 0x0, 0xf0, 0x0, 0x78,

    /* U+04BA "Һ" */
    0xf0, 0x0, 0x7, 0x80, 0x0, 0x3c, 0x0, 0x1,
    0xe0, 0x0, 0xf, 0x0, 0x0, 0x78, 0x0, 0x3,
    0xc0, 0x0, 0x1e, 0x0, 0x0, 0xf0, 0x0, 0x7,
    0x87, 0xf8, 0x3d, 0xff, 0xf1, 0xff, 0xff, 0xcf,
    0xf0, 0x3f, 0x7c, 0x0, 0xfb, 0xc0, 0x3, 0xde,
    0x0, 0x1f, 0xf0, 0x0, 0x7f, 0x80, 0x3, 0xfc,
    0x0, 0x1f, 0xe0, 0x0, 0xff, 0x0, 0x7, 0xf8,
    0x0, 0x3f, 0xc0, 0x1, 0xfe, 0x0, 0xf, 0xf0,
    0x0, 0x7f, 0x80, 0x3, 0xfc, 0x0, 0x1f, 0xe0,
    0x0, 0xf0,

    /* U+04BB "һ" */
    0xf0, 0x0, 0x78, 0x0, 0x3c, 0x0, 0x1e, 0x0,
    0xf, 0x0, 0x7, 0x80, 0x3, 0xc0, 0x1, 0xe0,
    0x0, 0xf3, 0xf8, 0x7f, 0xfe, 0x3f, 0xff, 0xdf,
    0x83, 0xef, 0x0, 0xff, 0x80, 0x3f, 0xc0, 0x1f,
    0xe0, 0xf, 0xf0, 0x7, 0xf8, 0x3, 0xfc, 0x1,
    0xfe, 0x0, 0xff, 0x0, 0x78,

    /* U+04D8 "Ә" */
    0x0, 0x7f, 0x80, 0x0, 0xff, 0xf8, 0x0, 0x7f,
    0xff, 0x80, 0x3f, 0x1, 0xf0, 0x1f, 0x0, 0x1e,
    0xf, 0x80, 0x3, 0xc3, 0xc0, 0x0, 0x70, 0xe0,
    0x0, 0x1e, 0x0, 0x0, 0x3, 0x80, 0x0, 0x0,
    0xf0, 0x0, 0x0, 0x3f, 0xff, 0xff, 0xff, 0xff,
    0xff, 0xff, 0xff, 0xff, 0xff, 0xff, 0x0, 0x0,
    0x3f, 0xc0, 0x0, 0xf, 0xf0, 0x0, 0x3, 0xfc,
    0x0, 0x0, 0xf7, 0x80, 0x0, 0x79, 0xe0, 0x0,
    0x1e, 0x78, 0x0, 0x7, 0x8f, 0x0, 0x3, 0xc3,
    0xe0, 0x1, 0xf0, 0x7c, 0x0, 0xf8, 0xf, 0xc0,
    0xfc, 0x1, 0xff, 0xfe, 0x0, 0x3f, 0xff, 0x0,
    0x1, 0xfe, 0x0,

    /* U+04D9 "ә" */
    0x3, 0xf8, 0x3, 0xff, 0xc0, 0xff, 0xfc, 0x3f,
    0x7, 0xc7, 0x80, 0x7d, 0xe0, 0x7, 0x8c, 0x0,
    0x70, 0x0, 0xf, 0x0, 0x1, 0xff, 0xff, 0xff,
    0xff, 0xff, 0xff, 0xff, 0xff, 0x0, 0x1f, 0xe0,
    0x3, 0xdc, 0x0, 0x73, 0xc0, 0x1e, 0x78, 0x7,
    0xc7, 0xc1, 0xf0, 0x7f, 0xfc, 0x7, 0xff, 0x0,
    0x3f, 0x80,

    /* U+04E8 "Ө" */
    0x0, 0x7f, 0xc0, 0x0, 0x3f, 0xfe, 0x0, 0x1f,
    0xff, 0xf0, 0x7, 0xe0, 0x3f, 0x1, 0xf0, 0x1,
    0xf0, 0x7c, 0x0, 0x1f, 0xf, 0x0, 0x1, 0xe3,
    0xc0, 0x0, 0x1e, 0x78, 0x0, 0x3, 0xce, 0x0,
    0x0, 0x3b, 0xc0, 0x0, 0x7, 0xf8, 0x0, 0x0,
    0xff, 0xff, 0xff, 0xff, 0xff, 0xff, 0xff, 0xff,
    0xff, 0xff, 0xff, 0x80, 0x0, 0xf, 0xf0, 0x0,
    0x1, 0xfe, 0x0, 0x0, 0x3d, 0xe0, 0x0, 0xf,
    0x3c, 0x0, 0x1, 0xe7, 0xc0, 0x0, 0x7c, 0x78,
    0x0, 0xf, 0xf, 0x80, 0x3, 0xe0, 0xf8, 0x0,
    0xf8, 0xf, 0xc0, 0x7e, 0x0, 0xff, 0xff, 0x80,
    0x7, 0xff, 0xc0, 0x0, 0x1f, 0xc0, 0x0,

    /* U+04E9 "ө" */
    0x3, 0xf8, 0x1, 0xff, 0xc0, 0x7f, 0xfc, 0x1f,
    0x7, 0xc7, 0xc0, 0x7c, 0xf0, 0x7, 0xbc, 0x0,
    0x77, 0x80, 0xf, 0xff, 0xff, 0xff, 0xff, 0xff,
    0xff, 0xff, 0xf8, 0x0, 0xff, 0x0, 0x1f, 0xe0,
    0x3, 0xde, 0x0, 0xf3, 0xc0, 0x1e, 0x7c, 0x7,
    0xc7, 0xc1, 0xf0, 0x7f, 0xfc, 0x7, 0xff, 0x0,
    0x3f, 0x80
};


/*---------------------
 *  GLYPH DESCRIPTION
 *--------------------*/

static const lv_font_fmt_txt_glyph_dsc_t glyph_dsc[] = {
    {.bitmap_index = 0, .adv_w = 0, .box_w = 0, .box_h = 0, .ofs_x = 0, .ofs_y = 0} /* id = 0 reserved */,
    {.bitmap_index = 0, .adv_w = 173, .box_w = 1, .box_h = 1, .ofs_x = 0, .ofs_y = 0},
    {.bitmap_index = 1, .adv_w = 173, .box_w = 4, .box_h = 28, .ofs_x = 3, .ofs_y = 0},
    {.bitmap_index = 15, .adv_w = 222, .box_w = 10, .box_h = 10, .ofs_x = 2, .ofs_y = 18},
    {.bitmap_index = 28, .adv_w = 347, .box_w = 21, .box_h = 28, .ofs_x = 1, .ofs_y = 0},
    {.bitmap_index = 102, .adv_w = 347, .box_w = 19, .box_h = 36, .ofs_x = 1, .ofs_y = -4},
    {.bitmap_index = 188, .adv_w = 555, .box_w = 30, .box_h = 31, .ofs_x = 2, .ofs_y = -3},
    {.bitmap_index = 305, .adv_w = 416, .box_w = 24, .box_h = 28, .ofs_x = 2, .ofs_y = 0},
    {.bitmap_index = 389, .adv_w = 119, .box_w = 4, .box_h = 10, .ofs_x = 2, .ofs_y = 18},
    {.bitmap_index = 394, .adv_w = 208, .box_w = 10, .box_h = 36, .ofs_x = 2, .ofs_y = -8},
    {.bitmap_index = 439, .adv_w = 208, .box_w = 10, .box_h = 36, .ofs_x = 2, .ofs_y = -8},
    {.bitmap_index = 484, .adv_w = 243, .box_w = 13, .box_h = 12, .ofs_x = 1, .ofs_y = 16},
    {.bitmap_index = 504, .adv_w = 364, .box_w = 18, .box_h = 18, .ofs_x = 2, .ofs_y = 5},
    {.bitmap_index = 545, .adv_w = 173, .box_w = 4, .box_h = 10, .ofs_x = 3, .ofs_y = -6},
    {.bitmap_index = 550, .adv_w = 208, .box_w = 11, .box_h = 3, .ofs_x = 1, .ofs_y = 9},
    {.bitmap_index = 555, .adv_w = 173, .box_w = 4, .box_h = 4, .ofs_x = 4, .ofs_y = 0},
    {.bitmap_index = 557, .adv_w = 173, .box_w = 11, .box_h = 28, .ofs_x = 0, .ofs_y = 0},
    {.bitmap_index = 596, .adv_w = 347, .box_w = 18, .box_h = 28, .ofs_x = 2, .ofs_y = 0},
    {.bitmap_index = 659, .adv_w = 347, .box_w = 11, .box_h = 28, .ofs_x = 4, .ofs_y = 0},
    {.bitmap_index = 698, .adv_w = 347, .box_w = 19, .box_h = 28, .ofs_x = 1, .ofs_y = 0},
    {.bitmap_index = 765, .adv_w = 347, .box_w = 18, .box_h = 28, .ofs_x = 2, .ofs_y = 0},
    {.bitmap_index = 828, .adv_w = 347, .box_w = 19, .box_h = 28, .ofs_x = 1, .ofs_y = 0},
    {.bitmap_index = 895, .adv_w = 347, .box_w = 19, .box_h = 28, .ofs_x = 1, .ofs_y = 0},
    {.bitmap_index = 962, .adv_w = 347, .box_w = 19, .box_h = 28, .ofs_x = 1, .ofs_y = 0},
    {.bitmap_index = 1029, .adv_w = 347, .box_w = 18, .box_h = 28, .ofs_x = 2, .ofs_y = 0},
    {.bitmap_index = 1092, .adv_w = 347, .box_w = 19, .box_h = 28, .ofs_x = 2, .ofs_y = 0},
    {.bitmap_index = 1159, .adv_w = 347, .box_w = 18, .box_h = 28, .ofs_x = 2, .ofs_y = 0},
    {.bitmap_index = 1222, .adv_w = 173, .box_w = 4, .box_h = 21, .ofs_x = 4, .ofs_y = 0},
    {.bitmap_index = 1233, .adv_w = 173, .box_w = 4, .box_h = 27, .ofs_x = 3, .ofs_y = -6},
    {.bitmap_index = 1247, .adv_w = 364, .box_w = 19, .box_h = 20, .ofs_x = 2, .ofs_y = 4},
    {.bitmap_index = 1295, .adv_w = 364, .box_w = 18, .box_h = 12, .ofs_x = 2, .ofs_y = 8},
    {.bitmap_index = 1322, .adv_w = 364, .box_w = 19, .box_h = 20, .ofs_x = 2, .ofs_y = 4},
    {.bitmap_index = 1370, .adv_w = 347, .box_w = 18, .box_h = 28, .ofs_x = 2, .ofs_y = 0},
    {.bitmap_index = 1433, .adv_w = 633, .box_w = 36, .box_h = 36, .ofs_x = 2, .ofs_y = -8},
    {.bitmap_index = 1595, .adv_w = 416, .box_w = 26, .box_h = 28, .ofs_x = 0, .ofs_y = 0},
    {.bitmap_index = 1686, .adv_w = 416, .box_w = 21, .box_h = 28, .ofs_x = 3, .ofs_y = 0},
    {.bitmap_index = 1760, .adv_w = 451, .box_w = 25, .box_h = 28, .ofs_x = 2, .ofs_y = 0},
    {.bitmap_index = 1848, .adv_w = 451, .box_w = 23, .box_h = 28, .ofs_x = 3, .ofs_y = 0},
    {.bitmap_index = 1929, .adv_w = 416, .box_w = 21, .box_h = 28, .ofs_x = 3, .ofs_y = 0},
    {.bitmap_index = 2003, .adv_w = 381, .box_w = 19, .box_h = 28, .ofs_x = 3, .ofs_y = 0},
    {.bitmap_index = 2070, .adv_w = 485, .box_w = 26, .box_h = 28, .ofs_x = 2, .ofs_y = 0},
    {.bitmap_index = 2161, .adv_w = 451, .box_w = 22, .box_h = 28, .ofs_x = 3, .ofs_y = 0},
    {.bitmap_index = 2238, .adv_w = 173, .box_w = 4, .box_h = 28, .ofs_x = 4, .ofs_y = 0},
    {.bitmap_index = 2252, .adv_w = 312, .box_w = 16, .box_h = 28, .ofs_x = 1, .ofs_y = 0},
    {.bitmap_index = 2308, .adv_w = 416, .box_w = 23, .box_h = 28, .ofs_x = 3, .ofs_y = 0},
    {.bitmap_index = 2389, .adv_w = 347, .box_w = 18, .box_h = 28, .ofs_x = 3, .ofs_y = 0},
    {.bitmap_index = 2452, .adv_w = 520, .box_w = 27, .box_h = 28, .ofs_x = 3, .ofs_y = 0},
    {.bitmap_index = 2547, .adv_w = 451, .box_w = 22, .box_h = 28, .ofs_x = 3, .ofs_y = 0},
    {.bitmap_index = 2624, .adv_w = 485, .box_w = 27, .box_h = 28, .ofs_x = 2, .ofs_y = 0},
    {.bitmap_index = 2719, .adv_w = 416, .box_w = 21, .box_h = 28, .ofs_x = 3, .ofs_y = 0},
    {.bitmap_index = 2793, .adv_w = 485, .box_w = 28, .box_h = 30, .ofs_x = 2, .ofs_y = -2},
    {.bitmap_index = 2898, .adv_w = 451, .box_w = 24, .box_h = 28, .ofs_x = 3, .ofs_y = 0},
    {.bitmap_index = 2982, .adv_w = 416, .box_w = 22, .box_h = 28, .ofs_x = 2, .ofs_y = 0},
    {.bitmap_index = 3059, .adv_w = 381, .box_w = 22, .box_h = 28, .ofs_x = 1, .ofs_y = 0},
    {.bitmap_index = 3136, .adv_w = 451, .box_w = 22, .box_h = 28, .ofs_x = 3, .ofs_y = 0},
    {.bitmap_index = 3213, .adv_w = 416, .box_w = 26, .box_h = 28, .ofs_x = 0, .ofs_y = 0},
    {.bitmap_index = 3304, .adv_w = 589, .box_w = 36, .box_h = 28, .ofs_x = 0, .ofs_y = 0},
    {.bitmap_index = 3430, .adv_w = 416, .box_w = 26, .box_h = 28, .ofs_x = 0, .ofs_y = 0},
    {.bitmap_index = 3521, .adv_w = 416, .box_w = 26, .box_h = 28, .ofs_x = 0, .ofs_y = 0},
    {.bitmap_index = 3612, .adv_w = 381, .box_w = 22, .box_h = 28, .ofs_x = 1, .ofs_y = 0},
    {.bitmap_index = 3689, .adv_w = 173, .box_w = 8, .box_h = 36, .ofs_x = 3, .ofs_y = -8},
    {.bitmap_index = 3725, .adv_w = 173, .box_w = 11, .box_h = 28, .ofs_x = 0, .ofs_y = 0},
    {.bitmap_index = 3764, .adv_w = 173, .box_w = 8, .box_h = 36, .ofs_x = 1, .ofs_y = -8},
    {.bitmap_index = 3800, .adv_w = 293, .box_w = 16, .box_h = 16, .ofs_x = 1, .ofs_y = 13},
    {.bitmap_index = 3832, .adv_w = 347, .box_w = 23, .box_h = 3, .ofs_x = 0, .ofs_y = -8},
    {.bitmap_index = 3841, .adv_w = 208, .box_w = 7, .box_h = 5, .ofs_x = 2, .ofs_y = 23},
    {.bitmap_index = 3846, .adv_w = 347, .box_w = 19, .box_h = 21, .ofs_x = 1, .ofs_y = 0},
    {.bitmap_index = 3896, .adv_w = 347, .box_w = 18, .box_h = 28, .ofs_x = 3, .ofs_y = 0},
    {.bitmap_index = 3959, .adv_w = 312, .box_w = 18, .box_h = 21, .ofs_x = 2, .ofs_y = 0},
    {.bitmap_index = 4007, .adv_w = 347, .box_w = 17, .box_h = 28, .ofs_x = 1, .ofs_y = 0},
    {.bitmap_index = 4067, .adv_w = 347, .box_w = 19, .box_h = 21, .ofs_x = 1, .ofs_y = 0},
    {.bitmap_index = 4117, .adv_w = 173, .box_w = 11, .box_h = 28, .ofs_x = 1, .ofs_y = 0},
    {.bitmap_index = 4156, .adv_w = 347, .box_w = 18, .box_h = 29, .ofs_x = 1, .ofs_y = -8},
    {.bitmap_index = 4222, .adv_w = 347, .box_w = 17, .box_h = 28, .ofs_x = 3, .ofs_y = 0},
    {.bitmap_index = 4282, .adv_w = 139, .box_w = 4, .box_h = 28, .ofs_x = 3, .ofs_y = 0},
    {.bitmap_index = 4296, .adv_w = 139, .box_w = 8, .box_h = 36, .ofs_x = -1, .ofs_y = -8},
    {.bitmap_index = 4332, .adv_w = 312, .box_w = 17, .box_h = 28, .ofs_x = 3, .ofs_y = 0},
    {.bitmap_index = 4392, .adv_w = 139, .box_w = 4, .box_h = 28, .ofs_x = 2, .ofs_y = 0},
    {.bitmap_index = 4406, .adv_w = 520, .box_w = 28, .box_h = 21, .ofs_x = 3, .ofs_y = 0},
    {.bitmap_index = 4480, .adv_w = 347, .box_w = 17, .box_h = 21, .ofs_x = 3, .ofs_y = 0},
    {.bitmap_index = 4525, .adv_w = 347, .box_w = 19, .box_h = 21, .ofs_x = 1, .ofs_y = 0},
    {.bitmap_index = 4575, .adv_w = 347, .box_w = 18, .box_h = 29, .ofs_x = 3, .ofs_y = -8},
    {.bitmap_index = 4641, .adv_w = 347, .box_w = 18, .box_h = 29, .ofs_x = 1, .ofs_y = -8},
    {.bitmap_index = 4707, .adv_w = 208, .box_w = 12, .box_h = 21, .ofs_x = 3, .ofs_y = 0},
    {.bitmap_index = 4739, .adv_w = 312, .box_w = 16, .box_h = 21, .ofs_x = 2, .ofs_y = 0},
    {.bitmap_index = 4781, .adv_w = 173, .box_w = 9, .box_h = 28, .ofs_x = 1, .ofs_y = 0},
    {.bitmap_index = 4813, .adv_w = 347, .box_w = 17, .box_h = 21, .ofs_x = 2, .ofs_y = 0},
    {.bitmap_index = 4858, .adv_w = 312, .box_w = 19, .box_h = 21, .ofs_x = 0, .ofs_y = 0},
    {.bitmap_index = 4908, .adv_w = 451, .box_w = 28, .box_h = 21, .ofs_x = 0, .ofs_y = 0},
    {.bitmap_index = 4982, .adv_w = 312, .box_w = 19, .box_h = 21, .ofs_x = 0, .ofs_y = 0},
    {.bitmap_index = 5032, .adv_w = 312, .box_w = 18, .box_h = 29, .ofs_x = 1, .ofs_y = -8},
    {.bitmap_index = 5098, .adv_w = 312, .box_w = 18, .box_h = 21, .ofs_x = 1, .ofs_y = 0},
    {.bitmap_index = 5146, .adv_w = 208, .box_w = 11, .box_h = 36, .ofs_x = 1, .ofs_y = -8},
    {.bitmap_index = 5196, .adv_w = 162, .box_w = 3, .box_h = 36, .ofs_x = 4, .ofs_y = -8},
    {.bitmap_index = 5210, .adv_w = 208, .box_w = 11, .box_h = 36, .ofs_x = 1, .ofs_y = -8},
    {.bitmap_index = 5260, .adv_w = 364, .box_w = 19, .box_h = 6, .ofs_x = 2, .ofs_y = 11},
    {.bitmap_index = 5275, .adv_w = 173, .box_w = 1, .box_h = 1, .ofs_x = 0, .ofs_y = 0},
    {.bitmap_index = 5276, .adv_w = 208, .box_w = 4, .box_h = 29, .ofs_x = 5, .ofs_y = -8},
    {.bitmap_index = 5291, .adv_w = 347, .box_w = 18, .box_h = 35, .ofs_x = 2, .ofs_y = -7},
    {.bitmap_index = 5370, .adv_w = 347, .box_w = 20, .box_h = 28, .ofs_x = 1, .ofs_y = 0},
    {.bitmap_index = 5440, .adv_w = 347, .box_w = 18, .box_h = 18, .ofs_x = 2, .ofs_y = 5},
    {.bitmap_index = 5481, .adv_w = 347, .box_w = 21, .box_h = 28, .ofs_x = 0, .ofs_y = 0},
    {.bitmap_index = 5555, .adv_w = 162, .box_w = 3, .box_h = 36, .ofs_x = 4, .ofs_y = -8},
    {.bitmap_index = 5569, .adv_w = 347, .box_w = 18, .box_h = 36, .ofs_x = 2, .ofs_y = -8},
    {.bitmap_index = 5650, .adv_w = 208, .box_w = 11, .box_h = 4, .ofs_x = 1, .ofs_y = 25},
    {.bitmap_index = 5656, .adv_w = 460, .box_w = 29, .box_h = 29, .ofs_x = 1, .ofs_y = 0},
    {.bitmap_index = 5762, .adv_w = 231, .box_w = 13, .box_h = 14, .ofs_x = 1, .ofs_y = 14},
    {.bitmap_index = 5785, .adv_w = 347, .box_w = 16, .box_h = 17, .ofs_x = 3, .ofs_y = 1},
    {.bitmap_index = 5819, .adv_w = 364, .box_w = 18, .box_h = 12, .ofs_x = 2, .ofs_y = 8},
    {.bitmap_index = 5846, .adv_w = 208, .box_w = 11, .box_h = 3, .ofs_x = 1, .ofs_y = 9},
    {.bitmap_index = 5851, .adv_w = 460, .box_w = 29, .box_h = 29, .ofs_x = 1, .ofs_y = 0},
    {.bitmap_index = 5957, .adv_w = 345, .box_w = 23, .box_h = 3, .ofs_x = 0, .ofs_y = 30},
    {.bitmap_index = 5966, .adv_w = 250, .box_w = 11, .box_h = 11, .ofs_x = 2, .ofs_y = 18},
    {.bitmap_index = 5982, .adv_w = 342, .box_w = 18, .box_h = 23, .ofs_x = 1, .ofs_y = 0},
    {.bitmap_index = 6034, .adv_w = 208, .box_w = 12, .box_h = 14, .ofs_x = 0, .ofs_y = 14},
    {.bitmap_index = 6055, .adv_w = 208, .box_w = 12, .box_h = 14, .ofs_x = 1, .ofs_y = 14},
    {.bitmap_index = 6076, .adv_w = 208, .box_w = 7, .box_h = 5, .ofs_x = 4, .ofs_y = 23},
    {.bitmap_index = 6081, .adv_w = 360, .box_w = 17, .box_h = 29, .ofs_x = 3, .ofs_y = -8},
    {.bitmap_index = 6143, .adv_w = 335, .box_w = 22, .box_h = 36, .ofs_x = 0, .ofs_y = -8},
    {.bitmap_index = 6242, .adv_w = 173, .box_w = 4, .box_h = 4, .ofs_x = 4, .ofs_y = 12},
    {.bitmap_index = 6244, .adv_w = 208, .box_w = 8, .box_h = 8, .ofs_x = 2, .ofs_y = -8},
    {.bitmap_index = 6252, .adv_w = 208, .box_w = 8, .box_h = 14, .ofs_x = 2, .ofs_y = 14},
    {.bitmap_index = 6266, .adv_w = 228, .box_w = 13, .box_h = 14, .ofs_x = 1, .ofs_y = 14},
    {.bitmap_index = 6289, .adv_w = 347, .box_w = 16, .box_h = 17, .ofs_x = 3, .ofs_y = 1},
    {.bitmap_index = 6323, .adv_w = 520, .box_w = 31, .box_h = 30, .ofs_x = 2, .ofs_y = -2},
    {.bitmap_index = 6440, .adv_w = 520, .box_w = 30, .box_h = 30, .ofs_x = 2, .ofs_y = -2},
    {.bitmap_index = 6553, .adv_w = 520, .box_w = 32, .box_h = 31, .ofs_x = 1, .ofs_y = -2},
    {.bitmap_index = 6677, .adv_w = 381, .box_w = 18, .box_h = 29, .ofs_x = 3, .ofs_y = -8},
    {.bitmap_index = 6743, .adv_w = 416, .box_w = 26, .box_h = 35, .ofs_x = 0, .ofs_y = 0},
    {.bitmap_index = 6857, .adv_w = 416, .box_w = 26, .box_h = 35, .ofs_x = 0, .ofs_y = 0},
    {.bitmap_index = 6971, .adv_w = 416, .box_w = 26, .box_h = 36, .ofs_x = 0, .ofs_y = 0},
    {.bitmap_index = 7088, .adv_w = 416, .box_w = 26, .box_h = 35, .ofs_x = 0, .ofs_y = 0},
    {.bitmap_index = 7202, .adv_w = 416, .box_w = 26, .box_h = 34, .ofs_x = 0, .ofs_y = 0},
    {.bitmap_index = 7313, .adv_w = 416, .box_w = 26, .box_h = 34, .ofs_x = 0, .ofs_y = 0},
    {.bitmap_index = 7424, .adv_w = 624, .box_w = 38, .box_h = 28, .ofs_x = 0, .ofs_y = 0},
    {.bitmap_index = 7557, .adv_w = 451, .box_w = 25, .box_h = 36, .ofs_x = 2, .ofs_y = -8},
    {.bitmap_index = 7670, .adv_w = 416, .box_w = 21, .box_h = 35, .ofs_x = 3, .ofs_y = 0},
    {.bitmap_index = 7762, .adv_w = 416, .box_w = 21, .box_h = 35, .ofs_x = 3, .ofs_y = 0},
    {.bitmap_index = 7854, .adv_w = 416, .box_w = 21, .box_h = 36, .ofs_x = 3, .ofs_y = 0},
    {.bitmap_index = 7949, .adv_w = 416, .box_w = 21, .box_h = 34, .ofs_x = 3, .ofs_y = 0},
    {.bitmap_index = 8039, .adv_w = 173, .box_w = 8, .box_h = 35, .ofs_x = 1, .ofs_y = 0},
    {.bitmap_index = 8074, .adv_w = 173, .box_w = 7, .box_h = 35, .ofs_x = 3, .ofs_y = 0},
    {.bitmap_index = 8105, .adv_w = 173, .box_w = 12, .box_h = 36, .ofs_x = 0, .ofs_y = 0},
    {.bitmap_index = 8159, .adv_w = 173, .box_w = 11, .box_h = 34, .ofs_x = 1, .ofs_y = 0},
    {.bitmap_index = 8206, .adv_w = 451, .box_w = 26, .box_h = 28, .ofs_x = 0, .ofs_y = 0},
    {.bitmap_index = 8297, .adv_w = 451, .box_w = 22, .box_h = 35, .ofs_x = 3, .ofs_y = 0},
    {.bitmap_index = 8394, .adv_w = 485, .box_w = 27, .box_h = 36, .ofs_x = 2, .ofs_y = 0},
    {.bitmap_index = 8516, .adv_w = 485, .box_w = 27, .box_h = 36, .ofs_x = 2, .ofs_y = 0},
    {.bitmap_index = 8638, .adv_w = 485, .box_w = 27, .box_h = 36, .ofs_x = 2, .ofs_y = 0},
    {.bitmap_index = 8760, .adv_w = 485, .box_w = 27, .box_h = 35, .ofs_x = 2, .ofs_y = 0},
    {.bitmap_index = 8879, .adv_w = 485, .box_w = 27, .box_h = 35, .ofs_x = 2, .ofs_y = 0},
    {.bitmap_index = 8998, .adv_w = 364, .box_w = 17, .box_h = 16, .ofs_x = 3, .ofs_y = 6},
    {.bitmap_index = 9032, .adv_w = 485, .box_w = 27, .box_h = 30, .ofs_x = 2, .ofs_y = -1},
    {.bitmap_index = 9134, .adv_w = 451, .box_w = 22, .box_h = 36, .ofs_x = 3, .ofs_y = 0},
    {.bitmap_index = 9233, .adv_w = 451, .box_w = 22, .box_h = 36, .ofs_x = 3, .ofs_y = 0},
    {.bitmap_index = 9332, .adv_w = 451, .box_w = 22, .box_h = 36, .ofs_x = 3, .ofs_y = 0},
    {.bitmap_index = 9431, .adv_w = 451, .box_w = 22, .box_h = 35, .ofs_x = 3, .ofs_y = 0},
    {.bitmap_index = 9528, .adv_w = 416, .box_w = 26, .box_h = 35, .ofs_x = 0, .ofs_y = 0},
    {.bitmap_index = 9642, .adv_w = 416, .box_w = 21, .box_h = 28, .ofs_x = 3, .ofs_y = 0},
    {.bitmap_index = 9716, .adv_w = 381, .box_w = 20, .box_h = 28, .ofs_x = 3, .ofs_y = 0},
    {.bitmap_index = 9786, .adv_w = 347, .box_w = 19, .box_h = 28, .ofs_x = 1, .ofs_y = 0},
    {.bitmap_index = 9853, .adv_w = 347, .box_w = 19, .box_h = 28, .ofs_x = 1, .ofs_y = 0},
    {.bitmap_index = 9920, .adv_w = 347, .box_w = 19, .box_h = 28, .ofs_x = 1, .ofs_y = 0},
    {.bitmap_index = 9987, .adv_w = 347, .box_w = 19, .box_h = 28, .ofs_x = 1, .ofs_y = 0},
    {.bitmap_index = 10054, .adv_w = 347, .box_w = 19, .box_h = 28, .ofs_x = 1, .ofs_y = 0},
    {.bitmap_index = 10121, .adv_w = 347, .box_w = 19, .box_h = 30, .ofs_x = 1, .ofs_y = 0},
    {.bitmap_index = 10193, .adv_w = 555, .box_w = 32, .box_h = 21, .ofs_x = 1, .ofs_y = 0},
    {.bitmap_index = 10277, .adv_w = 312, .box_w = 18, .box_h = 29, .ofs_x = 2, .ofs_y = -8},
    {.bitmap_index = 10343, .adv_w = 347, .box_w = 19, .box_h = 28, .ofs_x = 1, .ofs_y = 0},
    {.bitmap_index = 10410, .adv_w = 347, .box_w = 19, .box_h = 28, .ofs_x = 1, .ofs_y = 0},
    {.bitmap_index = 10477, .adv_w = 347, .box_w = 19, .box_h = 28, .ofs_x = 1, .ofs_y = 0},
    {.bitmap_index = 10544, .adv_w = 347, .box_w = 19, .box_h = 28, .ofs_x = 1, .ofs_y = 0},
    {.bitmap_index = 10611, .adv_w = 173, .box_w = 8, .box_h = 28, .ofs_x = 1, .ofs_y = 0},
    {.bitmap_index = 10639, .adv_w = 173, .box_w = 7, .box_h = 28, .ofs_x = 4, .ofs_y = 0},
    {.bitmap_index = 10664, .adv_w = 173, .box_w = 13, .box_h = 28, .ofs_x = 0, .ofs_y = 0},
    {.bitmap_index = 10710, .adv_w = 173, .box_w = 12, .box_h = 28, .ofs_x = 1, .ofs_y = 0},
    {.bitmap_index = 10752, .adv_w = 347, .box_w = 19, .box_h = 28, .ofs_x = 1, .ofs_y = 0},
    {.bitmap_index = 10819, .adv_w = 347, .box_w = 17, .box_h = 28, .ofs_x = 3, .ofs_y = 0},
    {.bitmap_index = 10879, .adv_w = 347, .box_w = 19, .box_h = 28, .ofs_x = 1, .ofs_y = 0},
    {.bitmap_index = 10946, .adv_w = 347, .box_w = 19, .box_h = 28, .ofs_x = 1, .ofs_y = 0},
    {.bitmap_index = 11013, .adv_w = 347, .box_w = 19, .box_h = 28, .ofs_x = 1, .ofs_y = 0},
    {.bitmap_index = 11080, .adv_w = 347, .box_w = 19, .box_h = 28, .ofs_x = 1, .ofs_y = 0},
    {.bitmap_index = 11147, .adv_w = 347, .box_w = 19, .box_h = 28, .ofs_x = 1, .ofs_y = 0},
    {.bitmap_index = 11214, .adv_w = 342, .box_w = 18, .box_h = 16, .ofs_x = 1, .ofs_y = 6},
    {.bitmap_index = 11250, .adv_w = 381, .box_w = 19, .box_h = 23, .ofs_x = 2, .ofs_y = -1},
    {.bitmap_index = 11305, .adv_w = 347, .box_w = 17, .box_h = 28, .ofs_x = 2, .ofs_y = 0},
    {.bitmap_index = 11365, .adv_w = 347, .box_w = 17, .box_h = 28, .ofs_x = 2, .ofs_y = 0},
    {.bitmap_index = 11425, .adv_w = 347, .box_w = 17, .box_h = 28, .ofs_x = 2, .ofs_y = 0},
    {.bitmap_index = 11485, .adv_w = 347, .box_w = 17, .box_h = 28, .ofs_x = 2, .ofs_y = 0},
    {.bitmap_index = 11545, .adv_w = 312, .box_w = 18, .box_h = 36, .ofs_x = 1, .ofs_y = -8},
    {.bitmap_index = 11626, .adv_w = 347, .box_w = 18, .box_h = 36, .ofs_x = 3, .ofs_y = -8},
    {.bitmap_index = 11707, .adv_w = 312, .box_w = 19, .box_h = 36, .ofs_x = 1, .ofs_y = -8},
    {.bitmap_index = 11793, .adv_w = 416, .box_w = 26, .box_h = 33, .ofs_x = 0, .ofs_y = 0},
    {.bitmap_index = 11901, .adv_w = 347, .box_w = 19, .box_h = 27, .ofs_x = 1, .ofs_y = 0},
    {.bitmap_index = 11966, .adv_w = 416, .box_w = 26, .box_h = 35, .ofs_x = 0, .ofs_y = 0},
    {.bitmap_index = 12080, .adv_w = 347, .box_w = 19, .box_h = 28, .ofs_x = 1, .ofs_y = 0},
    {.bitmap_index = 12147, .adv_w = 416, .box_w = 30, .box_h = 36, .ofs_x = 0, .ofs_y = -8},
    {.bitmap_index = 12282, .adv_w = 347, .box_w = 23, .box_h = 29, .ofs_x = 1, .ofs_y = -8},
    {.bitmap_index = 12366, .adv_w = 451, .box_w = 25, .box_h = 36, .ofs_x = 2, .ofs_y = 0},
    {.bitmap_index = 12479, .adv_w = 312, .box_w = 18, .box_h = 28, .ofs_x = 2, .ofs_y = 0},
    {.bitmap_index = 12542, .adv_w = 451, .box_w = 25, .box_h = 36, .ofs_x = 2, .ofs_y = 0},
    {.bitmap_index = 12655, .adv_w = 312, .box_w = 18, .box_h = 28, .ofs_x = 2, .ofs_y = 0},
    {.bitmap_index = 12718, .adv_w = 451, .box_w = 25, .box_h = 35, .ofs_x = 2, .ofs_y = 0},
    {.bitmap_index = 12828, .adv_w = 312, .box_w = 18, .box_h = 28, .ofs_x = 2, .ofs_y = 0},
    {.bitmap_index = 12891, .adv_w = 451, .box_w = 25, .box_h = 36, .ofs_x = 2, .ofs_y = 0},
    {.bitmap_index = 13004, .adv_w = 312, .box_w = 18, .box_h = 28, .ofs_x = 2, .ofs_y = 0},
    {.bitmap_index = 13067, .adv_w = 451, .box_w = 23, .box_h = 36, .ofs_x = 3, .ofs_y = 0},
    {.bitmap_index = 13171, .adv_w = 384, .box_w = 23, .box_h = 28, .ofs_x = 1, .ofs_y = 0},
    {.bitmap_index = 13252, .adv_w = 451, .box_w = 26, .box_h = 28, .ofs_x = 0, .ofs_y = 0},
    {.bitmap_index = 13343, .adv_w = 347, .box_w = 20, .box_h = 28, .ofs_x = 1, .ofs_y = 0},
    {.bitmap_index = 13413, .adv_w = 416, .box_w = 21, .box_h = 34, .ofs_x = 3, .ofs_y = 0},
    {.bitmap_index = 13503, .adv_w = 347, .box_w = 19, .box_h = 27, .ofs_x = 1, .ofs_y = 0},
    {.bitmap_index = 13568, .adv_w = 416, .box_w = 21, .box_h = 36, .ofs_x = 3, .ofs_y = 0},
    {.bitmap_index = 13663, .adv_w = 347, .box_w = 19, .box_h = 28, .ofs_x = 1, .ofs_y = 0},
    {.bitmap_index = 13730, .adv_w = 416, .box_w = 21, .box_h = 34, .ofs_x = 3, .ofs_y = 0},
    {.bitmap_index = 13820, .adv_w = 347, .box_w = 19, .box_h = 28, .ofs_x = 1, .ofs_y = 0},
    {.bitmap_index = 13887, .adv_w = 416, .box_w = 21, .box_h = 36, .ofs_x = 3, .ofs_y = -8},
    {.bitmap_index = 13982, .adv_w = 347, .box_w = 19, .box_h = 29, .ofs_x = 1, .ofs_y = -8},
    {.bitmap_index = 14051, .adv_w = 416, .box_w = 21, .box_h = 36, .ofs_x = 3, .ofs_y = 0},
    {.bitmap_index = 14146, .adv_w = 347, .box_w = 19, .box_h = 28, .ofs_x = 1, .ofs_y = 0},
    {.bitmap_index = 14213, .adv_w = 485, .box_w = 26, .box_h = 36, .ofs_x = 2, .ofs_y = 0},
    {.bitmap_index = 14330, .adv_w = 347, .box_w = 18, .box_h = 36, .ofs_x = 1, .ofs_y = -8},
    {.bitmap_index = 14411, .adv_w = 485, .box_w = 26, .box_h = 36, .ofs_x = 2, .ofs_y = 0},
    {.bitmap_index = 14528, .adv_w = 347, .box_w = 18, .box_h = 36, .ofs_x = 1, .ofs_y = -8},
    {.bitmap_index = 14609, .adv_w = 485, .box_w = 26, .box_h = 35, .ofs_x = 2, .ofs_y = 0},
    {.bitmap_index = 14723, .adv_w = 347, .box_w = 18, .box_h = 36, .ofs_x = 1, .ofs_y = -8},
    {.bitmap_index = 14804, .adv_w = 485, .box_w = 26, .box_h = 36, .ofs_x = 2, .ofs_y = -8},
    {.bitmap_index = 14921, .adv_w = 347, .box_w = 18, .box_h = 38, .ofs_x = 1, .ofs_y = -8},
    {.bitmap_index = 15007, .adv_w = 451, .box_w = 22, .box_h = 36, .ofs_x = 3, .ofs_y = 0},
    {.bitmap_index = 15106, .adv_w = 347, .box_w = 17, .box_h = 36, .ofs_x = 3, .ofs_y = 0},
    {.bitmap_index = 15183, .adv_w = 451, .box_w = 27, .box_h = 28, .ofs_x = 1, .ofs_y = 0},
    {.bitmap_index = 15278, .adv_w = 347, .box_w = 19, .box_h = 28, .ofs_x = 1, .ofs_y = 0},
    {.bitmap_index = 15345, .adv_w = 173, .box_w = 13, .box_h = 35, .ofs_x = -1, .ofs_y = 0},
    {.bitmap_index = 15402, .adv_w = 173, .box_w = 13, .box_h = 28, .ofs_x = -1, .ofs_y = 0},
    {.bitmap_index = 15448, .adv_w = 173, .box_w = 12, .box_h = 33, .ofs_x = 0, .ofs_y = 0},
    {.bitmap_index = 15498, .adv_w = 173, .box_w = 12, .box_h = 27, .ofs_x = 0, .ofs_y = 0},
    {.bitmap_index = 15539, .adv_w = 173, .box_w = 12, .box_h = 35, .ofs_x = 0, .ofs_y = 0},
    {.bitmap_index = 15592, .adv_w = 173, .box_w = 12, .box_h = 28, .ofs_x = 0, .ofs_y = 0},
    {.bitmap_index = 15634, .adv_w = 173, .box_w = 9, .box_h = 36, .ofs_x = 3, .ofs_y = -8},
    {.bitmap_index = 15675, .adv_w = 139, .box_w = 9, .box_h = 36, .ofs_x = 2, .ofs_y = -8},
    {.bitmap_index = 15716, .adv_w = 173, .box_w = 4, .box_h = 34, .ofs_x = 3, .ofs_y = 0},
    {.bitmap_index = 15733, .adv_w = 173, .box_w = 4, .box_h = 21, .ofs_x = 4, .ofs_y = 0},
    {.bitmap_index = 15744, .adv_w = 459, .box_w = 23, .box_h = 28, .ofs_x = 4, .ofs_y = 0},
    {.bitmap_index = 15825, .adv_w = 277, .box_w = 13, .box_h = 36, .ofs_x = 3, .ofs_y = -8},
    {.bitmap_index = 15884, .adv_w = 312, .box_w = 21, .box_h = 36, .ofs_x = 1, .ofs_y = 0},
    {.bitmap_index = 15979, .adv_w = 139, .box_w = 12, .box_h = 36, .ofs_x = -1, .ofs_y = -8},
    {.bitmap_index = 16033, .adv_w = 416, .box_w = 23, .box_h = 36, .ofs_x = 3, .ofs_y = -8},
    {.bitmap_index = 16137, .adv_w = 312, .box_w = 17, .box_h = 36, .ofs_x = 3, .ofs_y = -8},
    {.bitmap_index = 16214, .adv_w = 312, .box_w = 17, .box_h = 21, .ofs_x = 3, .ofs_y = 0},
    {.bitmap_index = 16259, .adv_w = 347, .box_w = 18, .box_h = 35, .ofs_x = 3, .ofs_y = 0},
    {.bitmap_index = 16338, .adv_w = 139, .box_w = 7, .box_h = 35, .ofs_x = 1, .ofs_y = 0},
    {.bitmap_index = 16369, .adv_w = 347, .box_w = 18, .box_h = 36, .ofs_x = 3, .ofs_y = -8},
    {.bitmap_index = 16450, .adv_w = 139, .box_w = 9, .box_h = 36, .ofs_x = -1, .ofs_y = -8},
    {.bitmap_index = 16491, .adv_w = 347, .box_w = 18, .box_h = 28, .ofs_x = 3, .ofs_y = 0},
    {.bitmap_index = 16554, .adv_w = 182, .box_w = 9, .box_h = 28, .ofs_x = 3, .ofs_y = 0},
    {.bitmap_index = 16586, .adv_w = 347, .box_w = 18, .box_h = 28, .ofs_x = 3, .ofs_y = 0},
    {.bitmap_index = 16649, .adv_w = 208, .box_w = 10, .box_h = 28, .ofs_x = 2, .ofs_y = 0},
    {.bitmap_index = 16684, .adv_w = 347, .box_w = 21, .box_h = 28, .ofs_x = 0, .ofs_y = 0},
    {.bitmap_index = 16758, .adv_w = 139, .box_w = 9, .box_h = 28, .ofs_x = 0, .ofs_y = 0},
    {.bitmap_index = 16790, .adv_w = 451, .box_w = 22, .box_h = 35, .ofs_x = 3, .ofs_y = 0},
    {.bitmap_index = 16887, .adv_w = 347, .box_w = 17, .box_h = 28, .ofs_x = 3, .ofs_y = 0},
    {.bitmap_index = 16947, .adv_w = 451, .box_w = 22, .box_h = 36, .ofs_x = 3, .ofs_y = -8},
    {.bitmap_index = 17046, .adv_w = 347, .box_w = 17, .box_h = 29, .ofs_x = 3, .ofs_y = -8},
    {.bitmap_index = 17108, .adv_w = 451, .box_w = 22, .box_h = 36, .ofs_x = 3, .ofs_y = 0},
    {.bitmap_index = 17207, .adv_w = 347, .box_w = 17, .box_h = 28, .ofs_x = 3, .ofs_y = 0},
    {.bitmap_index = 17267, .adv_w = 377, .box_w = 21, .box_h = 28, .ofs_x = 0, .ofs_y = 0},
    {.bitmap_index = 17341, .adv_w = 451, .box_w = 23, .box_h = 28, .ofs_x = 3, .ofs_y = 0},
    {.bitmap_index = 17422, .adv_w = 347, .box_w = 17, .box_h = 29, .ofs_x = 3, .ofs_y = -8},
    {.bitmap_index = 17484, .adv_w = 485, .box_w = 27, .box_h = 34, .ofs_x = 2, .ofs_y = 0},
    {.bitmap_index = 17599, .adv_w = 347, .box_w = 19, .box_h = 27, .ofs_x = 1, .ofs_y = 0},
    {.bitmap_index = 17664, .adv_w = 485, .box_w = 27, .box_h = 36, .ofs_x = 2, .ofs_y = 0},
    {.bitmap_index = 17786, .adv_w = 347, .box_w = 19, .box_h = 28, .ofs_x = 1, .ofs_y = 0},
    {.bitmap_index = 17853, .adv_w = 485, .box_w = 27, .box_h = 36, .ofs_x = 2, .ofs_y = 0},
    {.bitmap_index = 17975, .adv_w = 347, .box_w = 19, .box_h = 28, .ofs_x = 1, .ofs_y = 0},
    {.bitmap_index = 18042, .adv_w = 624, .box_w = 36, .box_h = 28, .ofs_x = 2, .ofs_y = 0},
    {.bitmap_index = 18168, .adv_w = 589, .box_w = 34, .box_h = 21, .ofs_x = 2, .ofs_y = 0},
    {.bitmap_index = 18258, .adv_w = 451, .box_w = 24, .box_h = 35, .ofs_x = 3, .ofs_y = 0},
    {.bitmap_index = 18363, .adv_w = 208, .box_w = 12, .box_h = 28, .ofs_x = 3, .ofs_y = 0},
    {.bitmap_index = 18405, .adv_w = 451, .box_w = 24, .box_h = 36, .ofs_x = 3, .ofs_y = -8},
    {.bitmap_index = 18513, .adv_w = 208, .box_w = 11, .box_h = 29, .ofs_x = 3, .ofs_y = -8},
    {.bitmap_index = 18553, .adv_w = 451, .box_w = 24, .box_h = 36, .ofs_x = 3, .ofs_y = 0},
    {.bitmap_index = 18661, .adv_w = 208, .box_w = 13, .box_h = 28, .ofs_x = 2, .ofs_y = 0},
    {.bitmap_index = 18707, .adv_w = 416, .box_w = 22, .box_h = 36, .ofs_x = 2, .ofs_y = 0},
    {.bitmap_index = 18806, .adv_w = 312, .box_w = 16, .box_h = 28, .ofs_x = 2, .ofs_y = 0},
    {.bitmap_index = 18862, .adv_w = 416, .box_w = 22, .box_h = 36, .ofs_x = 2, .ofs_y = 0},
    {.bitmap_index = 18961, .adv_w = 312, .box_w = 16, .box_h = 28, .ofs_x = 2, .ofs_y = 0},
    {.bitmap_index = 19017, .adv_w = 416, .box_w = 22, .box_h = 36, .ofs_x = 2, .ofs_y = -8},
    {.bitmap_index = 19116, .adv_w = 312, .box_w = 16, .box_h = 29, .ofs_x = 2, .ofs_y = -8},
    {.bitmap_index = 19174, .adv_w = 416, .box_w = 22, .box_h = 36, .ofs_x = 2, .ofs_y = 0},
    {.bitmap_index = 19273, .adv_w = 312, .box_w = 16, .box_h = 28, .ofs_x = 2, .ofs_y = 0},
    {.bitmap_index = 19329, .adv_w = 381, .box_w = 22, .box_h = 39, .ofs_x = 1, .ofs_y = -11},
    {.bitmap_index = 19437, .adv_w = 173, .box_w = 9, .box_h = 37, .ofs_x = 1, .ofs_y = -9},
    {.bitmap_index = 19479, .adv_w = 381, .box_w = 22, .box_h = 36, .ofs_x = 1, .ofs_y = 0},
    {.bitmap_index = 19578, .adv_w = 234, .box_w = 14, .box_h = 28, .ofs_x = 1, .ofs_y = 0},
    {.bitmap_index = 19627, .adv_w = 381, .box_w = 22, .box_h = 28, .ofs_x = 1, .ofs_y = 0},
    {.bitmap_index = 19704, .adv_w = 173, .box_w = 10, .box_h = 28, .ofs_x = 1, .ofs_y = 0},
    {.bitmap_index = 19739, .adv_w = 451, .box_w = 22, .box_h = 36, .ofs_x = 3, .ofs_y = 0},
    {.bitmap_index = 19838, .adv_w = 347, .box_w = 17, .box_h = 28, .ofs_x = 2, .ofs_y = 0},
    {.bitmap_index = 19898, .adv_w = 451, .box_w = 22, .box_h = 34, .ofs_x = 3, .ofs_y = 0},
    {.bitmap_index = 19992, .adv_w = 347, .box_w = 17, .box_h = 27, .ofs_x = 2, .ofs_y = 0},
    {.bitmap_index = 20050, .adv_w = 451, .box_w = 22, .box_h = 36, .ofs_x = 3, .ofs_y = 0},
    {.bitmap_index = 20149, .adv_w = 347, .box_w = 17, .box_h = 28, .ofs_x = 2, .ofs_y = 0},
    {.bitmap_index = 20209, .adv_w = 451, .box_w = 22, .box_h = 36, .ofs_x = 3, .ofs_y = 0},
    {.bitmap_index = 20308, .adv_w = 347, .box_w = 17, .box_h = 30, .ofs_x = 2, .ofs_y = 0},
    {.bitmap_index = 20372, .adv_w = 451, .box_w = 22, .box_h = 36, .ofs_x = 3, .ofs_y = 0},
    {.bitmap_index = 20471, .adv_w = 347, .box_w = 17, .box_h = 28, .ofs_x = 2, .ofs_y = 0},
    {.bitmap_index = 20531, .adv_w = 451, .box_w = 22, .box_h = 36, .ofs_x = 3, .ofs_y = -8},
    {.bitmap_index = 20630, .adv_w = 347, .box_w = 21, .box_h = 29, .ofs_x = 2, .ofs_y = -8},
    {.bitmap_index = 20707, .adv_w = 589, .box_w = 36, .box_h = 36, .ofs_x = 0, .ofs_y = 0},
    {.bitmap_index = 20869, .adv_w = 451, .box_w = 28, .box_h = 28, .ofs_x = 0, .ofs_y = 0},
    {.bitmap_index = 20967, .adv_w = 416, .box_w = 26, .box_h = 36, .ofs_x = 0, .ofs_y = 0},
    {.bitmap_index = 21084, .adv_w = 312, .box_w = 18, .box_h = 36, .ofs_x = 1, .ofs_y = -8},
    {.bitmap_index = 21165, .adv_w = 416, .box_w = 26, .box_h = 34, .ofs_x = 1, .ofs_y = 0},
    {.bitmap_index = 21276, .adv_w = 381, .box_w = 22, .box_h = 35, .ofs_x = 1, .ofs_y = 0},
    {.bitmap_index = 21373, .adv_w = 312, .box_w = 18, .box_h = 28, .ofs_x = 1, .ofs_y = 0},
    {.bitmap_index = 21436, .adv_w = 381, .box_w = 22, .box_h = 34, .ofs_x = 1, .ofs_y = 0},
    {.bitmap_index = 21530, .adv_w = 312, .box_w = 18, .box_h = 27, .ofs_x = 1, .ofs_y = 0},
    {.bitmap_index = 21591, .adv_w = 381, .box_w = 22, .box_h = 36, .ofs_x = 1, .ofs_y = 0},
    {.bitmap_index = 21690, .adv_w = 312, .box_w = 18, .box_h = 28, .ofs_x = 1, .ofs_y = 0},
    {.bitmap_index = 21753, .adv_w = 139, .box_w = 9, .box_h = 28, .ofs_x = 3, .ofs_y = 0},
    {.bitmap_index = 21785, .adv_w = 470, .box_w = 26, .box_h = 28, .ofs_x = 2, .ofs_y = 0},
    {.bitmap_index = 21876, .adv_w = 347, .box_w = 20, .box_h = 36, .ofs_x = 1, .ofs_y = -8},
    {.bitmap_index = 21966, .adv_w = 535, .box_w = 31, .box_h = 28, .ofs_x = 2, .ofs_y = 0},
    {.bitmap_index = 22075, .adv_w = 409, .box_w = 23, .box_h = 21, .ofs_x = 1, .ofs_y = 0},
    {.bitmap_index = 22136, .adv_w = 533, .box_w = 29, .box_h = 28, .ofs_x = 3, .ofs_y = 0},
    {.bitmap_index = 22238, .adv_w = 418, .box_w = 23, .box_h = 21, .ofs_x = 2, .ofs_y = 0},
    {.bitmap_index = 22299, .adv_w = 416, .box_w = 26, .box_h = 36, .ofs_x = 0, .ofs_y = 0},
    {.bitmap_index = 22416, .adv_w = 347, .box_w = 19, .box_h = 28, .ofs_x = 1, .ofs_y = 0},
    {.bitmap_index = 22483, .adv_w = 173, .box_w = 12, .box_h = 36, .ofs_x = 0, .ofs_y = 0},
    {.bitmap_index = 22537, .adv_w = 139, .box_w = 13, .box_h = 28, .ofs_x = -1, .ofs_y = 0},
    {.bitmap_index = 22583, .adv_w = 485, .box_w = 27, .box_h = 36, .ofs_x = 2, .ofs_y = 0},
    {.bitmap_index = 22705, .adv_w = 347, .box_w = 19, .box_h = 28, .ofs_x = 1, .ofs_y = 0},
    {.bitmap_index = 22772, .adv_w = 451, .box_w = 22, .box_h = 36, .ofs_x = 3, .ofs_y = 0},
    {.bitmap_index = 22871, .adv_w = 347, .box_w = 17, .box_h = 28, .ofs_x = 2, .ofs_y = 0},
    {.bitmap_index = 22931, .adv_w = 451, .box_w = 22, .box_h = 36, .ofs_x = 3, .ofs_y = 0},
    {.bitmap_index = 23030, .adv_w = 347, .box_w = 17, .box_h = 34, .ofs_x = 2, .ofs_y = 0},
    {.bitmap_index = 23103, .adv_w = 451, .box_w = 22, .box_h = 36, .ofs_x = 3, .ofs_y = 0},
    {.bitmap_index = 23202, .adv_w = 347, .box_w = 17, .box_h = 36, .ofs_x = 2, .ofs_y = 0},
    {.bitmap_index = 23279, .adv_w = 451, .box_w = 22, .box_h = 36, .ofs_x = 3, .ofs_y = 0},
    {.bitmap_index = 23378, .adv_w = 347, .box_w = 17, .box_h = 36, .ofs_x = 2, .ofs_y = 0},
    {.bitmap_index = 23455, .adv_w = 451, .box_w = 22, .box_h = 36, .ofs_x = 3, .ofs_y = 0},
    {.bitmap_index = 23554, .adv_w = 347, .box_w = 17, .box_h = 36, .ofs_x = 2, .ofs_y = 0},
    {.bitmap_index = 23631, .adv_w = 416, .box_w = 26, .box_h = 40, .ofs_x = 0, .ofs_y = 0},
    {.bitmap_index = 23761, .adv_w = 347, .box_w = 19, .box_h = 37, .ofs_x = 1, .ofs_y = 0},
    {.bitmap_index = 23849, .adv_w = 624, .box_w = 38, .box_h = 35, .ofs_x = 0, .ofs_y = 0},
    {.bitmap_index = 24016, .adv_w = 555, .box_w = 32, .box_h = 28, .ofs_x = 1, .ofs_y = 0},
    {.bitmap_index = 24128, .adv_w = 485, .box_w = 27, .box_h = 37, .ofs_x = 2, .ofs_y = -1},
    {.bitmap_index = 24253, .adv_w = 381, .box_w = 19, .box_h = 29, .ofs_x = 2, .ofs_y = -1},
    {.bitmap_index = 24322, .adv_w = 347, .box_w = 19, .box_h = 21, .ofs_x = 2, .ofs_y = 0},
    {.bitmap_index = 24372, .adv_w = 208, .box_w = 13, .box_h = 6, .ofs_x = 0, .ofs_y = 23},
    {.bitmap_index = 24382, .adv_w = 208, .box_w = 12, .box_h = 6, .ofs_x = 1, .ofs_y = 23},
    {.bitmap_index = 24391, .adv_w = 208, .box_w = 12, .box_h = 3, .ofs_x = 1, .ofs_y = 24},
    {.bitmap_index = 24396, .adv_w = 208, .box_w = 11, .box_h = 5, .ofs_x = 1, .ofs_y = 23},
    {.bitmap_index = 24403, .adv_w = 208, .box_w = 4, .box_h = 4, .ofs_x = 4, .ofs_y = 23},
    {.bitmap_index = 24405, .adv_w = 208, .box_w = 7, .box_h = 7, .ofs_x = 3, .ofs_y = 22},
    {.bitmap_index = 24412, .adv_w = 208, .box_w = 9, .box_h = 9, .ofs_x = 3, .ofs_y = -8},
    {.bitmap_index = 24423, .adv_w = 208, .box_w = 13, .box_h = 5, .ofs_x = 1, .ofs_y = 24},
    {.bitmap_index = 24432, .adv_w = 208, .box_w = 14, .box_h = 5, .ofs_x = 1, .ofs_y = 23},
    {.bitmap_index = 24441, .adv_w = 0, .box_w = 7, .box_h = 5, .ofs_x = -10, .ofs_y = 30},
    {.bitmap_index = 24446, .adv_w = 0, .box_w = 7, .box_h = 5, .ofs_x = -7, .ofs_y = 30},
    {.bitmap_index = 24451, .adv_w = 0, .box_w = 13, .box_h = 5, .ofs_x = -17, .ofs_y = 30},
    {.bitmap_index = 24460, .adv_w = 0, .box_w = 9, .box_h = 7, .ofs_x = -9, .ofs_y = 29},
    {.bitmap_index = 24468, .adv_w = 0, .box_w = 4, .box_h = 4, .ofs_x = -15, .ofs_y = -6},
    {.bitmap_index = 24470, .adv_w = 173, .box_w = 4, .box_h = 27, .ofs_x = 3, .ofs_y = -6},
    {.bitmap_index = 24484, .adv_w = 208, .box_w = 7, .box_h = 5, .ofs_x = 4, .ofs_y = 23},
    {.bitmap_index = 24489, .adv_w = 208, .box_w = 14, .box_h = 6, .ofs_x = 0, .ofs_y = 24},
    {.bitmap_index = 24500, .adv_w = 417, .box_w = 26, .box_h = 28, .ofs_x = 0, .ofs_y = 0},
    {.bitmap_index = 24591, .adv_w = 173, .box_w = 4, .box_h = 4, .ofs_x = 4, .ofs_y = 17},
    {.bitmap_index = 24593, .adv_w = 489, .box_w = 30, .box_h = 28, .ofs_x = -1, .ofs_y = 0},
    {.bitmap_index = 24698, .adv_w = 523, .box_w = 31, .box_h = 28, .ofs_x = -2, .ofs_y = 0},
    {.bitmap_index = 24807, .adv_w = 239, .box_w = 13, .box_h = 28, .ofs_x = -2, .ofs_y = 0},
    {.bitmap_index = 24853, .adv_w = 483, .box_w = 30, .box_h = 28, .ofs_x = -1, .ofs_y = 0},
    {.bitmap_index = 24958, .adv_w = 534, .box_w = 35, .box_h = 28, .ofs_x = -2, .ofs_y = 0},
    {.bitmap_index = 25081, .adv_w = 470, .box_w = 30, .box_h = 28, .ofs_x = -2, .ofs_y = 0},
    {.bitmap_index = 25186, .adv_w = 139, .box_w = 14, .box_h = 29, .ofs_x = -2, .ofs_y = 0},
    {.bitmap_index = 25237, .adv_w = 416, .box_w = 26, .box_h = 28, .ofs_x = 0, .ofs_y = 0},
    {.bitmap_index = 25328, .adv_w = 416, .box_w = 21, .box_h = 28, .ofs_x = 3, .ofs_y = 0},
    {.bitmap_index = 25402, .adv_w = 344, .box_w = 18, .box_h = 28, .ofs_x = 3, .ofs_y = 0},
    {.bitmap_index = 25465, .adv_w = 417, .box_w = 26, .box_h = 28, .ofs_x = 0, .ofs_y = 0},
    {.bitmap_index = 25556, .adv_w = 416, .box_w = 21, .box_h = 28, .ofs_x = 3, .ofs_y = 0},
    {.bitmap_index = 25630, .adv_w = 381, .box_w = 22, .box_h = 28, .ofs_x = 1, .ofs_y = 0},
    {.bitmap_index = 25707, .adv_w = 451, .box_w = 22, .box_h = 28, .ofs_x = 3, .ofs_y = 0},
    {.bitmap_index = 25784, .adv_w = 485, .box_w = 27, .box_h = 28, .ofs_x = 2, .ofs_y = 0},
    {.bitmap_index = 25879, .adv_w = 173, .box_w = 4, .box_h = 28, .ofs_x = 4, .ofs_y = 0},
    {.bitmap_index = 25893, .adv_w = 416, .box_w = 23, .box_h = 28, .ofs_x = 3, .ofs_y = 0},
    {.bitmap_index = 25974, .adv_w = 417, .box_w = 26, .box_h = 28, .ofs_x = 0, .ofs_y = 0},
    {.bitmap_index = 26065, .adv_w = 520, .box_w = 27, .box_h = 28, .ofs_x = 3, .ofs_y = 0},
    {.bitmap_index = 26160, .adv_w = 451, .box_w = 22, .box_h = 28, .ofs_x = 3, .ofs_y = 0},
    {.bitmap_index = 26237, .adv_w = 406, .box_w = 21, .box_h = 28, .ofs_x = 2, .ofs_y = 0},
    {.bitmap_index = 26311, .adv_w = 485, .box_w = 27, .box_h = 28, .ofs_x = 2, .ofs_y = 0},
    {.bitmap_index = 26406, .adv_w = 451, .box_w = 22, .box_h = 28, .ofs_x = 3, .ofs_y = 0},
    {.bitmap_index = 26483, .adv_w = 416, .box_w = 21, .box_h = 28, .ofs_x = 3, .ofs_y = 0},
    {.bitmap_index = 26557, .adv_w = 386, .box_w = 20, .box_h = 28, .ofs_x = 3, .ofs_y = 0},
    {.bitmap_index = 26627, .adv_w = 381, .box_w = 22, .box_h = 28, .ofs_x = 1, .ofs_y = 0},
    {.bitmap_index = 26704, .adv_w = 416, .box_w = 26, .box_h = 28, .ofs_x = 0, .ofs_y = 0},
    {.bitmap_index = 26795, .adv_w = 498, .box_w = 28, .box_h = 30, .ofs_x = 2, .ofs_y = -1},
    {.bitmap_index = 26900, .adv_w = 416, .box_w = 26, .box_h = 28, .ofs_x = 0, .ofs_y = 0},
    {.bitmap_index = 26991, .adv_w = 521, .box_w = 28, .box_h = 28, .ofs_x = 2, .ofs_y = 0},
    {.bitmap_index = 27089, .adv_w = 466, .box_w = 26, .box_h = 28, .ofs_x = 2, .ofs_y = 0},
    {.bitmap_index = 27180, .adv_w = 173, .box_w = 11, .box_h = 34, .ofs_x = 1, .ofs_y = 0},
    {.bitmap_index = 27227, .adv_w = 416, .box_w = 26, .box_h = 34, .ofs_x = 1, .ofs_y = 0},
    {.bitmap_index = 27338, .adv_w = 361, .box_w = 20, .box_h = 28, .ofs_x = 1, .ofs_y = 0},
    {.bitmap_index = 27408, .adv_w = 278, .box_w = 15, .box_h = 28, .ofs_x = 2, .ofs_y = 0},
    {.bitmap_index = 27461, .adv_w = 347, .box_w = 17, .box_h = 36, .ofs_x = 3, .ofs_y = -8},
    {.bitmap_index = 27538, .adv_w = 139, .box_w = 8, .box_h = 28, .ofs_x = 2, .ofs_y = 0},
    {.bitmap_index = 27566, .adv_w = 341, .box_w = 16, .box_h = 30, .ofs_x = 3, .ofs_y = 0},
    {.bitmap_index = 27626, .adv_w = 361, .box_w = 20, .box_h = 21, .ofs_x = 1, .ofs_y = 0},
    {.bitmap_index = 27679, .adv_w = 359, .box_w = 18, .box_h = 36, .ofs_x = 3, .ofs_y = -8},
    {.bitmap_index = 27760, .adv_w = 312, .box_w = 20, .box_h = 29, .ofs_x = 0, .ofs_y = -8},
    {.bitmap_index = 27833, .adv_w = 347, .box_w = 19, .box_h = 28, .ofs_x = 1, .ofs_y = 0},
    {.bitmap_index = 27900, .adv_w = 278, .box_w = 15, .box_h = 21, .ofs_x = 2, .ofs_y = 0},
    {.bitmap_index = 27940, .adv_w = 275, .box_w = 15, .box_h = 36, .ofs_x = 1, .ofs_y = -8},
    {.bitmap_index = 28008, .adv_w = 347, .box_w = 17, .box_h = 29, .ofs_x = 3, .ofs_y = -8},
    {.bitmap_index = 28070, .adv_w = 347, .box_w = 18, .box_h = 28, .ofs_x = 2, .ofs_y = 0},
    {.bitmap_index = 28133, .adv_w = 139, .box_w = 4, .box_h = 21, .ofs_x = 3, .ofs_y = 0},
    {.bitmap_index = 28144, .adv_w = 312, .box_w = 18, .box_h = 21, .ofs_x = 3, .ofs_y = 0},
    {.bitmap_index = 28192, .adv_w = 312, .box_w = 19, .box_h = 28, .ofs_x = 0, .ofs_y = 0},
    {.bitmap_index = 28259, .adv_w = 360, .box_w = 17, .box_h = 29, .ofs_x = 3, .ofs_y = -8},
    {.bitmap_index = 28321, .adv_w = 312, .box_w = 19, .box_h = 21, .ofs_x = 0, .ofs_y = 0},
    {.bitmap_index = 28371, .adv_w = 279, .box_w = 15, .box_h = 36, .ofs_x = 2, .ofs_y = -8},
    {.bitmap_index = 28439, .adv_w = 347, .box_w = 19, .box_h = 21, .ofs_x = 1, .ofs_y = 0},
    {.bitmap_index = 28489, .adv_w = 431, .box_w = 25, .box_h = 21, .ofs_x = 1, .ofs_y = 0},
    {.bitmap_index = 28555, .adv_w = 355, .box_w = 19, .box_h = 29, .ofs_x = 2, .ofs_y = -8},
    {.bitmap_index = 28624, .adv_w = 301, .box_w = 17, .box_h = 29, .ofs_x = 2, .ofs_y = -8},
    {.bitmap_index = 28686, .adv_w = 385, .box_w = 22, .box_h = 21, .ofs_x = 1, .ofs_y = 0},
    {.bitmap_index = 28744, .adv_w = 246, .box_w = 14, .box_h = 21, .ofs_x = 1, .ofs_y = 0},
    {.bitmap_index = 28781, .adv_w = 341, .box_w = 16, .box_h = 21, .ofs_x = 3, .ofs_y = 0},
    {.bitmap_index = 28823, .adv_w = 405, .box_w = 23, .box_h = 29, .ofs_x = 1, .ofs_y = -8},
    {.bitmap_index = 28907, .adv_w = 328, .box_w = 20, .box_h = 29, .ofs_x = 0, .ofs_y = -8},
    {.bitmap_index = 28980, .adv_w = 445, .box_w = 24, .box_h = 29, .ofs_x = 2, .ofs_y = -8},
    {.bitmap_index = 29067, .adv_w = 487, .box_w = 28, .box_h = 21, .ofs_x = 2, .ofs_y = 0},
    {.bitmap_index = 29141, .adv_w = 139, .box_w = 12, .box_h = 28, .ofs_x = -1, .ofs_y = 0},
    {.bitmap_index = 29183, .adv_w = 341, .box_w = 16, .box_h = 28, .ofs_x = 3, .ofs_y = 0},
    {.bitmap_index = 29239, .adv_w = 347, .box_w = 19, .box_h = 28, .ofs_x = 1, .ofs_y = 0},
    {.bitmap_index = 29306, .adv_w = 341, .box_w = 16, .box_h = 28, .ofs_x = 3, .ofs_y = 0},
    {.bitmap_index = 29362, .adv_w = 487, .box_w = 28, .box_h = 28, .ofs_x = 2, .ofs_y = 0},
    {.bitmap_index = 29460, .adv_w = 417, .box_w = 21, .box_h = 34, .ofs_x = 3, .ofs_y = 0},
    {.bitmap_index = 29550, .adv_w = 540, .box_w = 31, .box_h = 28, .ofs_x = 1, .ofs_y = 0},
    {.bitmap_index = 29659, .adv_w = 338, .box_w = 18, .box_h = 35, .ofs_x = 3, .ofs_y = 0},
    {.bitmap_index = 29738, .adv_w = 449, .box_w = 25, .box_h = 28, .ofs_x = 2, .ofs_y = 0},
    {.bitmap_index = 29826, .adv_w = 416, .box_w = 22, .box_h = 28, .ofs_x = 2, .ofs_y = 0},
    {.bitmap_index = 29903, .adv_w = 173, .box_w = 4, .box_h = 28, .ofs_x = 4, .ofs_y = 0},
    {.bitmap_index = 29917, .adv_w = 173, .box_w = 11, .box_h = 34, .ofs_x = 1, .ofs_y = 0},
    {.bitmap_index = 29964, .adv_w = 312, .box_w = 16, .box_h = 28, .ofs_x = 1, .ofs_y = 0},
    {.bitmap_index = 30020, .adv_w = 660, .box_w = 40, .box_h = 28, .ofs_x = 0, .ofs_y = 0},
    {.bitmap_index = 30160, .adv_w = 630, .box_w = 35, .box_h = 28, .ofs_x = 3, .ofs_y = 0},
    {.bitmap_index = 30283, .adv_w = 533, .box_w = 31, .box_h = 28, .ofs_x = 1, .ofs_y = 0},
    {.bitmap_index = 30392, .adv_w = 363, .box_w = 19, .box_h = 35, .ofs_x = 3, .ofs_y = 0},
    {.bitmap_index = 30476, .adv_w = 396, .box_w = 25, .box_h = 36, .ofs_x = 0, .ofs_y = 0},
    {.bitmap_index = 30589, .adv_w = 449, .box_w = 22, .box_h = 36, .ofs_x = 3, .ofs_y = -8},
    {.bitmap_index = 30688, .adv_w = 416, .box_w = 26, .box_h = 28, .ofs_x = 0, .ofs_y = 0},
    {.bitmap_index = 30779, .adv_w = 410, .box_w = 21, .box_h = 28, .ofs_x = 3, .ofs_y = 0},
    {.bitmap_index = 30853, .adv_w = 416, .box_w = 21, .box_h = 28, .ofs_x = 3, .ofs_y = 0},
    {.bitmap_index = 30927, .adv_w = 338, .box_w = 18, .box_h = 28, .ofs_x = 3, .ofs_y = 0},
    {.bitmap_index = 30990, .adv_w = 423, .box_w = 25, .box_h = 35, .ofs_x = 0, .ofs_y = -7},
    {.bitmap_index = 31100, .adv_w = 416, .box_w = 21, .box_h = 28, .ofs_x = 3, .ofs_y = 0},
    {.bitmap_index = 31174, .adv_w = 576, .box_w = 36, .box_h = 28, .ofs_x = 0, .ofs_y = 0},
    {.bitmap_index = 31300, .adv_w = 377, .box_w = 21, .box_h = 28, .ofs_x = 1, .ofs_y = 0},
    {.bitmap_index = 31374, .adv_w = 449, .box_w = 22, .box_h = 28, .ofs_x = 3, .ofs_y = 0},
    {.bitmap_index = 31451, .adv_w = 449, .box_w = 22, .box_h = 35, .ofs_x = 3, .ofs_y = 0},
    {.bitmap_index = 31548, .adv_w = 363, .box_w = 19, .box_h = 28, .ofs_x = 3, .ofs_y = 0},
    {.bitmap_index = 31615, .adv_w = 410, .box_w = 23, .box_h = 28, .ofs_x = 0, .ofs_y = 0},
    {.bitmap_index = 31696, .adv_w = 520, .box_w = 27, .box_h = 28, .ofs_x = 3, .ofs_y = 0},
    {.bitmap_index = 31791, .adv_w = 451, .box_w = 22, .box_h = 28, .ofs_x = 3, .ofs_y = 0},
    {.bitmap_index = 31868, .adv_w = 485, .box_w = 27, .box_h = 28, .ofs_x = 2, .ofs_y = 0},
    {.bitmap_index = 31963, .adv_w = 449, .box_w = 22, .box_h = 28, .ofs_x = 3, .ofs_y = 0},
    {.bitmap_index = 32040, .adv_w = 416, .box_w = 21, .box_h = 28, .ofs_x = 3, .ofs_y = 0},
    {.bitmap_index = 32114, .adv_w = 451, .box_w = 25, .box_h = 28, .ofs_x = 2, .ofs_y = 0},
    {.bitmap_index = 32202, .adv_w = 381, .box_w = 22, .box_h = 28, .ofs_x = 1, .ofs_y = 0},
    {.bitmap_index = 32279, .adv_w = 396, .box_w = 25, .box_h = 28, .ofs_x = 0, .ofs_y = 0},
    {.bitmap_index = 32367, .adv_w = 474, .box_w = 27, .box_h = 28, .ofs_x = 2, .ofs_y = 0},
    {.bitmap_index = 32462, .adv_w = 416, .box_w = 26, .box_h = 28, .ofs_x = 0, .ofs_y = 0},
    {.bitmap_index = 32553, .adv_w = 462, .box_w = 25, .box_h = 36, .ofs_x = 3, .ofs_y = -8},
    {.bitmap_index = 32666, .adv_w = 416, .box_w = 21, .box_h = 28, .ofs_x = 2, .ofs_y = 0},
    {.bitmap_index = 32740, .adv_w = 572, .box_w = 30, .box_h = 28, .ofs_x = 3, .ofs_y = 0},
    {.bitmap_index = 32845, .adv_w = 585, .box_w = 33, .box_h = 36, .ofs_x = 3, .ofs_y = -8},
    {.bitmap_index = 32994, .adv_w = 494, .box_w = 30, .box_h = 28, .ofs_x = 0, .ofs_y = 0},
    {.bitmap_index = 33099, .adv_w = 552, .box_w = 28, .box_h = 28, .ofs_x = 3, .ofs_y = 0},
    {.bitmap_index = 33197, .adv_w = 410, .box_w = 21, .box_h = 28, .ofs_x = 3, .ofs_y = 0},
    {.bitmap_index = 33271, .adv_w = 449, .box_w = 25, .box_h = 28, .ofs_x = 1, .ofs_y = 0},
    {.bitmap_index = 33359, .adv_w = 630, .box_w = 34, .box_h = 28, .ofs_x = 3, .ofs_y = 0},
    {.bitmap_index = 33478, .adv_w = 451, .box_w = 24, .box_h = 28, .ofs_x = 1, .ofs_y = 0},
    {.bitmap_index = 33562, .adv_w = 347, .box_w = 19, .box_h = 21, .ofs_x = 1, .ofs_y = 0},
    {.bitmap_index = 33612, .adv_w = 357, .box_w = 19, .box_h = 30, .ofs_x = 2, .ofs_y = 0},
    {.bitmap_index = 33684, .adv_w = 332, .box_w = 17, .box_h = 21, .ofs_x = 3, .ofs_y = 0},
    {.bitmap_index = 33729, .adv_w = 228, .box_w = 12, .box_h = 21, .ofs_x = 3, .ofs_y = 0},
    {.bitmap_index = 33761, .adv_w = 364, .box_w = 22, .box_h = 26, .ofs_x = 0, .ofs_y = -5},
    {.bitmap_index = 33833, .adv_w = 347, .box_w = 19, .box_h = 21, .ofs_x = 1, .ofs_y = 0},
    {.bitmap_index = 33883, .adv_w = 417, .box_w = 26, .box_h = 21, .ofs_x = 0, .ofs_y = 0},
    {.bitmap_index = 33952, .adv_w = 286, .box_w = 16, .box_h = 21, .ofs_x = 1, .ofs_y = 0},
    {.bitmap_index = 33994, .adv_w = 349, .box_w = 17, .box_h = 21, .ofs_x = 3, .ofs_y = 0},
    {.bitmap_index = 34039, .adv_w = 349, .box_w = 17, .box_h = 28, .ofs_x = 3, .ofs_y = 0},
    {.bitmap_index = 34099, .adv_w = 273, .box_w = 15, .box_h = 21, .ofs_x = 3, .ofs_y = 0},
    {.bitmap_index = 34139, .adv_w = 364, .box_w = 20, .box_h = 21, .ofs_x = 1, .ofs_y = 0},
    {.bitmap_index = 34192, .adv_w = 429, .box_w = 22, .box_h = 21, .ofs_x = 3, .ofs_y = 0},
    {.bitmap_index = 34250, .adv_w = 345, .box_w = 17, .box_h = 21, .ofs_x = 3, .ofs_y = 0},
    {.bitmap_index = 34295, .adv_w = 347, .box_w = 19, .box_h = 21, .ofs_x = 1, .ofs_y = 0},
    {.bitmap_index = 34345, .adv_w = 338, .box_w = 16, .box_h = 21, .ofs_x = 3, .ofs_y = 0},
    {.bitmap_index = 34387, .adv_w = 347, .box_w = 18, .box_h = 29, .ofs_x = 3, .ofs_y = -8},
    {.bitmap_index = 34453, .adv_w = 312, .box_w = 18, .box_h = 21, .ofs_x = 2, .ofs_y = 0},
    {.bitmap_index = 34501, .adv_w = 286, .box_w = 16, .box_h = 21, .ofs_x = 1, .ofs_y = 0},
    {.bitmap_index = 34543, .adv_w = 312, .box_w = 18, .box_h = 29, .ofs_x = 1, .ofs_y = -8},
    {.bitmap_index = 34609, .adv_w = 513, .box_w = 30, .box_h = 36, .ofs_x = 1, .ofs_y = -8},
    {.bitmap_index = 34744, .adv_w = 312, .box_w = 19, .box_h = 21, .ofs_x = 0, .ofs_y = 0},
    {.bitmap_index = 34794, .adv_w = 357, .box_w = 19, .box_h = 26, .ofs_x = 3, .ofs_y = -5},
    {.bitmap_index = 34856, .adv_w = 325, .box_w = 17, .box_h = 21, .ofs_x = 1, .ofs_y = 0},
    {.bitmap_index = 34901, .adv_w = 501, .box_w = 26, .box_h = 21, .ofs_x = 3, .ofs_y = 0},
    {.bitmap_index = 34970, .adv_w = 513, .box_w = 28, .box_h = 26, .ofs_x = 3, .ofs_y = -5},
    {.bitmap_index = 35061, .adv_w = 390, .box_w = 23, .box_h = 21, .ofs_x = 0, .ofs_y = 0},
    {.bitmap_index = 35122, .adv_w = 449, .box_w = 23, .box_h = 21, .ofs_x = 3, .ofs_y = 0},
    {.bitmap_index = 35183, .adv_w = 325, .box_w = 17, .box_h = 21, .ofs_x = 3, .ofs_y = 0},
    {.bitmap_index = 35228, .adv_w = 318, .box_w = 18, .box_h = 21, .ofs_x = 1, .ofs_y = 0},
    {.bitmap_index = 35276, .adv_w = 468, .box_w = 25, .box_h = 21, .ofs_x = 3, .ofs_y = 0},
    {.bitmap_index = 35342, .adv_w = 338, .box_w = 18, .box_h = 21, .ofs_x = 1, .ofs_y = 0},
    {.bitmap_index = 35390, .adv_w = 347, .box_w = 19, .box_h = 28, .ofs_x = 1, .ofs_y = 0},
    {.bitmap_index = 35457, .adv_w = 347, .box_w = 19, .box_h = 36, .ofs_x = 0, .ofs_y = -8},
    {.bitmap_index = 35543, .adv_w = 228, .box_w = 12, .box_h = 28, .ofs_x = 3, .ofs_y = 0},
    {.bitmap_index = 35585, .adv_w = 318, .box_w = 18, .box_h = 21, .ofs_x = 1, .ofs_y = 0},
    {.bitmap_index = 35633, .adv_w = 312, .box_w = 16, .box_h = 21, .ofs_x = 2, .ofs_y = 0},
    {.bitmap_index = 35675, .adv_w = 139, .box_w = 4, .box_h = 28, .ofs_x = 3, .ofs_y = 0},
    {.bitmap_index = 35689, .adv_w = 173, .box_w = 12, .box_h = 28, .ofs_x = 1, .ofs_y = 0},
    {.bitmap_index = 35731, .adv_w = 139, .box_w = 8, .box_h = 36, .ofs_x = -1, .ofs_y = -8},
    {.bitmap_index = 35767, .adv_w = 566, .box_w = 34, .box_h = 21, .ofs_x = 1, .ofs_y = 0},
    {.bitmap_index = 35857, .adv_w = 507, .box_w = 28, .box_h = 21, .ofs_x = 2, .ofs_y = 0},
    {.bitmap_index = 35931, .adv_w = 347, .box_w = 19, .box_h = 28, .ofs_x = 0, .ofs_y = 0},
    {.bitmap_index = 35998, .adv_w = 273, .box_w = 15, .box_h = 28, .ofs_x = 3, .ofs_y = 0},
    {.bitmap_index = 36051, .adv_w = 312, .box_w = 18, .box_h = 36, .ofs_x = 1, .ofs_y = -8},
    {.bitmap_index = 36132, .adv_w = 345, .box_w = 17, .box_h = 27, .ofs_x = 3, .ofs_y = -6},
    {.bitmap_index = 36190, .adv_w = 305, .box_w = 15, .box_h = 36, .ofs_x = 3, .ofs_y = 0},
    {.bitmap_index = 36258, .adv_w = 257, .box_w = 12, .box_h = 28, .ofs_x = 3, .ofs_y = 0},
    {.bitmap_index = 36300, .adv_w = 338, .box_w = 21, .box_h = 28, .ofs_x = 0, .ofs_y = 0},
    {.bitmap_index = 36374, .adv_w = 228, .box_w = 14, .box_h = 21, .ofs_x = 1, .ofs_y = 0},
    {.bitmap_index = 36411, .adv_w = 576, .box_w = 36, .box_h = 36, .ofs_x = 0, .ofs_y = -8},
    {.bitmap_index = 36573, .adv_w = 417, .box_w = 26, .box_h = 26, .ofs_x = 0, .ofs_y = -5},
    {.bitmap_index = 36658, .adv_w = 363, .box_w = 20, .box_h = 36, .ofs_x = 3, .ofs_y = -8},
    {.bitmap_index = 36748, .adv_w = 273, .box_w = 14, .box_h = 26, .ofs_x = 3, .ofs_y = -5},
    {.bitmap_index = 36794, .adv_w = 363, .box_w = 19, .box_h = 28, .ofs_x = 3, .ofs_y = 0},
    {.bitmap_index = 36861, .adv_w = 273, .box_w = 15, .box_h = 21, .ofs_x = 3, .ofs_y = 0},
    {.bitmap_index = 36901, .adv_w = 451, .box_w = 25, .box_h = 36, .ofs_x = 3, .ofs_y = -8},
    {.bitmap_index = 37014, .adv_w = 345, .box_w = 19, .box_h = 26, .ofs_x = 3, .ofs_y = -5},
    {.bitmap_index = 37076, .adv_w = 347, .box_w = 22, .box_h = 28, .ofs_x = 0, .ofs_y = 0},
    {.bitmap_index = 37153, .adv_w = 312, .box_w = 20, .box_h = 29, .ofs_x = 0, .ofs_y = -8},
    {.bitmap_index = 37226, .adv_w = 347, .box_w = 21, .box_h = 28, .ofs_x = 0, .ofs_y = 0},
    {.bitmap_index = 37300, .adv_w = 312, .box_w = 20, .box_h = 29, .ofs_x = 0, .ofs_y = -8},
    {.bitmap_index = 37373, .adv_w = 416, .box_w = 26, .box_h = 36, .ofs_x = 0, .ofs_y = -8},
    {.bitmap_index = 37490, .adv_w = 312, .box_w = 19, .box_h = 26, .ofs_x = 0, .ofs_y = -5},
    {.bitmap_index = 37552, .adv_w = 416, .box_w = 21, .box_h = 28, .ofs_x = 2, .ofs_y = 0},
    {.bitmap_index = 37626, .adv_w = 325, .box_w = 17, .box_h = 21, .ofs_x = 1, .ofs_y = 0},
    {.bitmap_index = 37671, .adv_w = 416, .box_w = 21, .box_h = 28, .ofs_x = 3, .ofs_y = 0},
    {.bitmap_index = 37745, .adv_w = 325, .box_w = 17, .box_h = 21, .ofs_x = 3, .ofs_y = 0},
    {.bitmap_index = 37790, .adv_w = 470, .box_w = 26, .box_h = 28, .ofs_x = 2, .ofs_y = 0},
    {.bitmap_index = 37881, .adv_w = 347, .box_w = 19, .box_h = 21, .ofs_x = 2, .ofs_y = 0},
    {.bitmap_index = 37931, .adv_w = 485, .box_w = 27, .box_h = 28, .ofs_x = 2, .ofs_y = 0},
    {.bitmap_index = 38026, .adv_w = 347, .box_w = 19, .box_h = 21, .ofs_x = 1, .ofs_y = 0}
};

/*---------------------
 *  CHARACTER MAPPING
 *--------------------*/

static const uint16_t unicode_list_2[] = {
    0x0, 0x3, 0x11, 0x12, 0x20, 0x21, 0x3e, 0x3f,
    0x40, 0x41, 0x42, 0x43, 0x44, 0x45, 0x46, 0x47,
    0x48, 0x49, 0x4a, 0x4b, 0x4c, 0x4d, 0x6b, 0x6c,
    0x6d, 0x6e, 0x6f, 0x70, 0xca, 0x137, 0x138, 0x13a,
    0x149, 0x14a, 0x14b, 0x14c, 0x14d, 0x14e, 0x171, 0x172,
    0x174, 0x17a, 0x194, 0x1ef, 0x1f5, 0x1f6, 0x1f7, 0x1f8,
    0x1f9, 0x1fa, 0x1fb, 0x1fd
};

static const uint16_t unicode_list_8[] = {
    0x0, 0x1, 0x32, 0x33, 0x34, 0x35, 0x38, 0x39,
    0x3c, 0x3d, 0x3e, 0x3f, 0x44, 0x45, 0x50, 0x51,
    0x52, 0x53, 0x54, 0x55, 0x5a, 0x5b, 0x5c, 0x5d,
    0x7a, 0x7b, 0x8a, 0x8b
};

/*Collect the unicode lists and glyph_id offsets*/
static const lv_font_fmt_txt_cmap_t cmaps[] =
{
    {
        .range_start = 32, .range_length = 95, .glyph_id_start = 1,
        .unicode_list = NULL, .glyph_id_ofs_list = NULL, .list_length = 0, .type = LV_FONT_FMT_TXT_CMAP_FORMAT0_TINY
    },
    {
        .range_start = 160, .range_length = 224, .glyph_id_start = 96,
        .unicode_list = NULL, .glyph_id_ofs_list = NULL, .list_length = 0, .type = LV_FONT_FMT_TXT_CMAP_FORMAT0_TINY
    },
    {
        .range_start = 399, .range_length = 510, .glyph_id_start = 320,
        .unicode_list = unicode_list_2, .glyph_id_ofs_list = NULL, .list_length = 52, .type = LV_FONT_FMT_TXT_CMAP_SPARSE_TINY
    },
    {
        .range_start = 910, .range_length = 20, .glyph_id_start = 372,
        .unicode_list = NULL, .glyph_id_ofs_list = NULL, .list_length = 0, .type = LV_FONT_FMT_TXT_CMAP_FORMAT0_TINY
    },
    {
        .range_start = 931, .range_length = 44, .glyph_id_start = 392,
        .unicode_list = NULL, .glyph_id_ofs_list = NULL, .list_length = 0, .type = LV_FONT_FMT_TXT_CMAP_FORMAT0_TINY
    },
    {
        .range_start = 1025, .range_length = 12, .glyph_id_start = 436,
        .unicode_list = NULL, .glyph_id_ofs_list = NULL, .list_length = 0, .type = LV_FONT_FMT_TXT_CMAP_FORMAT0_TINY
    },
    {
        .range_start = 1038, .range_length = 66, .glyph_id_start = 448,
        .unicode_list = NULL, .glyph_id_ofs_list = NULL, .list_length = 0, .type = LV_FONT_FMT_TXT_CMAP_FORMAT0_TINY
    },
    {
        .range_start = 1105, .range_length = 12, .glyph_id_start = 514,
        .unicode_list = NULL, .glyph_id_ofs_list = NULL, .list_length = 0, .type = LV_FONT_FMT_TXT_CMAP_FORMAT0_TINY
    },
    {
        .range_start = 1118, .range_length = 140, .glyph_id_start = 526,
        .unicode_list = unicode_list_8, .glyph_id_ofs_list = NULL, .list_length = 28, .type = LV_FONT_FMT_TXT_CMAP_SPARSE_TINY
    }
};

/*-----------------
 *    KERNING
 *----------------*/


/*Pair left and right glyphs for kerning*/
static const uint16_t kern_pair_glyph_ids[] =
{
    1, 34,
    1, 53,
    1, 58,
    1, 366,
    1, 375,
    1, 378,
    1, 385,
    1, 393,
    1, 394,
    1, 400,
    18, 18,
    34, 1,
    34, 53,
    34, 55,
    34, 56,
    34, 58,
    34, 87,
    34, 88,
    34, 90,
    34, 96,
    39, 13,
    39, 15,
    39, 34,
    45, 1,
    45, 53,
    45, 55,
    45, 56,
    45, 58,
    45, 90,
    45, 96,
    49, 1,
    49, 13,
    49, 15,
    49, 34,
    49, 96,
    51, 53,
    51, 55,
    51, 56,
    51, 58,
    53, 1,
    53, 13,
    53, 14,
    53, 15,
    53, 27,
    53, 28,
    53, 34,
    53, 48,
    53, 66,
    53, 68,
    53, 70,
    53, 74,
    53, 80,
    53, 83,
    53, 84,
    53, 86,
    53, 88,
    53, 90,
    53, 96,
    53, 109,
    53, 363,
    55, 13,
    55, 14,
    55, 15,
    55, 27,
    55, 28,
    55, 34,
    55, 66,
    55, 70,
    55, 74,
    55, 80,
    55, 83,
    55, 86,
    55, 90,
    55, 109,
    55, 363,
    56, 13,
    56, 14,
    56, 15,
    56, 27,
    56, 28,
    56, 34,
    56, 66,
    56, 70,
    56, 80,
    56, 83,
    56, 86,
    56, 90,
    56, 109,
    56, 363,
    58, 1,
    58, 13,
    58, 14,
    58, 15,
    58, 27,
    58, 28,
    58, 34,
    58, 66,
    58, 70,
    58, 74,
    58, 80,
    58, 81,
    58, 82,
    58, 86,
    58, 87,
    58, 96,
    58, 109,
    58, 363,
    71, 71,
    83, 13,
    83, 15,
    87, 13,
    87, 15,
    88, 13,
    88, 15,
    90, 13,
    90, 15,
    96, 34,
    96, 53,
    96, 58,
    96, 366,
    96, 375,
    96, 378,
    96, 385,
    96, 393,
    96, 394,
    96, 400,
    366, 382,
    366, 389,
    366, 393,
    366, 394,
    366, 395,
    366, 400,
    366, 408,
    366, 418,
    366, 428,
    371, 394,
    372, 374,
    372, 375,
    372, 378,
    372, 382,
    372, 385,
    372, 389,
    372, 395,
    372, 398,
    372, 403,
    372, 404,
    372, 406,
    372, 412,
    372, 414,
    372, 415,
    372, 417,
    372, 420,
    372, 424,
    372, 427,
    372, 431,
    372, 433,
    373, 394,
    373, 400,
    375, 1,
    375, 96,
    375, 382,
    375, 389,
    375, 393,
    375, 394,
    375, 395,
    375, 400,
    375, 408,
    375, 418,
    375, 428,
    377, 13,
    377, 15,
    377, 374,
    377, 375,
    377, 378,
    377, 385,
    377, 414,
    377, 431,
    378, 1,
    378, 96,
    378, 382,
    378, 389,
    378, 393,
    378, 394,
    378, 400,
    382, 375,
    382, 378,
    382, 385,
    382, 394,
    382, 400,
    384, 382,
    384, 389,
    384, 395,
    384, 401,
    384, 406,
    384, 409,
    384, 411,
    384, 413,
    384, 419,
    384, 420,
    384, 424,
    384, 427,
    384, 430,
    384, 433,
    384, 435,
    385, 1,
    385, 96,
    385, 382,
    385, 389,
    385, 393,
    385, 394,
    385, 400,
    389, 375,
    389, 378,
    389, 385,
    389, 394,
    389, 400,
    391, 1,
    391, 13,
    391, 15,
    391, 96,
    391, 375,
    391, 378,
    391, 385,
    392, 421,
    392, 425,
    393, 1,
    393, 13,
    393, 15,
    393, 27,
    393, 28,
    393, 96,
    393, 363,
    393, 374,
    393, 375,
    393, 378,
    393, 382,
    393, 385,
    393, 389,
    393, 395,
    393, 398,
    393, 401,
    393, 402,
    393, 405,
    393, 406,
    393, 408,
    393, 410,
    393, 412,
    393, 414,
    393, 417,
    393, 418,
    393, 420,
    393, 424,
    393, 426,
    393, 427,
    393, 428,
    393, 429,
    393, 431,
    393, 432,
    393, 433,
    393, 434,
    394, 1,
    394, 13,
    394, 14,
    394, 15,
    394, 27,
    394, 28,
    394, 96,
    394, 109,
    394, 363,
    394, 374,
    394, 375,
    394, 378,
    394, 382,
    394, 385,
    394, 389,
    394, 395,
    394, 398,
    394, 403,
    394, 404,
    394, 406,
    394, 408,
    394, 412,
    394, 414,
    394, 415,
    394, 417,
    394, 420,
    394, 424,
    394, 427,
    394, 431,
    394, 433,
    395, 375,
    395, 394,
    395, 400,
    397, 401,
    397, 406,
    397, 409,
    397, 413,
    397, 420,
    397, 424,
    397, 427,
    397, 430,
    397, 433,
    397, 435,
    398, 394,
    398, 400,
    400, 1,
    400, 96,
    400, 374,
    400, 375,
    400, 378,
    400, 382,
    400, 385,
    400, 389,
    400, 395,
    400, 398,
    400, 403,
    400, 404,
    400, 406,
    400, 412,
    400, 414,
    400, 415,
    400, 417,
    400, 420,
    400, 424,
    400, 427,
    400, 431,
    400, 433,
    409, 416,
    409, 421,
    409, 425,
    409, 428,
    411, 401,
    411, 403,
    411, 406,
    411, 408,
    411, 409,
    411, 412,
    411, 413,
    411, 414,
    411, 415,
    411, 418,
    411, 420,
    411, 421,
    411, 424,
    411, 425,
    411, 427,
    411, 430,
    411, 433,
    411, 435,
    413, 416,
    415, 401,
    415, 406,
    415, 409,
    415, 411,
    415, 413,
    415, 419,
    415, 420,
    415, 423,
    415, 424,
    415, 427,
    415, 430,
    415, 433,
    415, 435,
    416, 401,
    416, 406,
    416, 409,
    416, 419,
    416, 420,
    416, 423,
    416, 424,
    416, 426,
    416, 427,
    416, 430,
    416, 433,
    416, 434,
    416, 435,
    419, 401,
    419, 406,
    419, 409,
    419, 411,
    419, 419,
    419, 420,
    419, 423,
    419, 424,
    419, 427,
    419, 433,
    420, 416,
    420, 421,
    420, 425,
    420, 428,
    421, 401,
    421, 406,
    421, 411,
    421, 420,
    421, 423,
    421, 424,
    421, 427,
    421, 430,
    421, 435,
    422, 416,
    422, 421,
    422, 425,
    425, 401,
    425, 406,
    425, 409,
    425, 411,
    425, 420,
    425, 423,
    425, 424,
    425, 427,
    425, 430,
    425, 435,
    427, 416,
    427, 421,
    427, 425,
    427, 428,
    428, 401,
    428, 406,
    428, 409,
    428, 411,
    428, 420,
    428, 423,
    428, 424,
    428, 427,
    428, 430,
    428, 433,
    428, 435,
    430, 416,
    430, 421,
    430, 425,
    430, 428,
    433, 416,
    433, 421,
    433, 425,
    433, 428,
    435, 416,
    435, 421,
    435, 425,
    435, 428,
    438, 13,
    438, 15,
    438, 107,
    438, 123,
    450, 454,
    450, 457,
    450, 461,
    450, 464,
    450, 465,
    450, 467,
    450, 468,
    450, 469,
    450, 470,
    450, 473,
    450, 479,
    450, 482,
    450, 500,
    450, 501,
    450, 502,
    450, 511,
    451, 450,
    451, 457,
    451, 464,
    451, 467,
    451, 468,
    451, 469,
    451, 470,
    451, 471,
    451, 473,
    451, 476,
    451, 479,
    451, 481,
    451, 493,
    451, 501,
    452, 450,
    452, 454,
    452, 456,
    452, 457,
    452, 461,
    452, 464,
    452, 467,
    452, 468,
    452, 469,
    452, 470,
    452, 471,
    452, 473,
    452, 476,
    452, 481,
    452, 486,
    452, 494,
    452, 500,
    452, 501,
    452, 503,
    452, 505,
    452, 513,
    453, 13,
    453, 15,
    453, 107,
    453, 123,
    453, 450,
    453, 454,
    453, 457,
    453, 461,
    453, 462,
    453, 464,
    453, 467,
    453, 481,
    453, 482,
    453, 484,
    453, 486,
    453, 487,
    453, 490,
    453, 493,
    453, 494,
    453, 495,
    453, 496,
    453, 498,
    453, 501,
    453, 509,
    453, 510,
    453, 512,
    453, 513,
    454, 469,
    454, 470,
    454, 473,
    454, 489,
    454, 496,
    454, 501,
    455, 457,
    455, 499,
    456, 457,
    456, 464,
    456, 467,
    456, 468,
    456, 469,
    456, 476,
    456, 482,
    456, 487,
    456, 496,
    456, 501,
    457, 461,
    457, 464,
    457, 467,
    457, 468,
    457, 469,
    457, 470,
    457, 473,
    457, 481,
    460, 457,
    460, 464,
    460, 467,
    460, 469,
    460, 470,
    461, 470,
    461, 483,
    461, 501,
    462, 470,
    462, 473,
    462, 482,
    462, 487,
    462, 496,
    462, 499,
    462, 501,
    462, 505,
    462, 511,
    464, 450,
    464, 454,
    464, 456,
    464, 461,
    464, 469,
    464, 471,
    464, 473,
    464, 481,
    464, 486,
    464, 493,
    464, 503,
    466, 13,
    466, 15,
    466, 27,
    466, 28,
    466, 123,
    466, 363,
    466, 450,
    466, 454,
    466, 456,
    466, 457,
    466, 461,
    466, 462,
    466, 464,
    466, 467,
    466, 468,
    466, 469,
    466, 470,
    466, 471,
    466, 481,
    466, 482,
    466, 486,
    466, 487,
    466, 496,
    466, 511,
    466, 513,
    467, 450,
    467, 454,
    467, 457,
    467, 461,
    467, 462,
    467, 464,
    467, 468,
    467, 469,
    467, 471,
    467, 473,
    467, 476,
    467, 479,
    467, 482,
    467, 488,
    467, 505,
    468, 13,
    468, 15,
    468, 107,
    468, 123,
    468, 450,
    468, 454,
    468, 456,
    468, 457,
    468, 461,
    468, 464,
    468, 470,
    468, 481,
    468, 482,
    468, 484,
    468, 487,
    468, 490,
    468, 492,
    468, 493,
    468, 494,
    468, 496,
    468, 497,
    468, 498,
    468, 499,
    468, 501,
    468, 503,
    468, 507,
    468, 509,
    468, 510,
    468, 512,
    468, 513,
    469, 13,
    469, 15,
    469, 27,
    469, 28,
    469, 107,
    469, 123,
    469, 363,
    469, 450,
    469, 454,
    469, 457,
    469, 461,
    469, 464,
    469, 470,
    469, 479,
    469, 481,
    469, 483,
    469, 484,
    469, 485,
    469, 486,
    469, 487,
    469, 488,
    469, 489,
    469, 490,
    469, 491,
    469, 492,
    469, 493,
    469, 494,
    469, 495,
    469, 496,
    469, 497,
    469, 498,
    469, 499,
    469, 503,
    469, 504,
    469, 506,
    469, 507,
    469, 512,
    469, 513,
    470, 450,
    470, 454,
    470, 461,
    470, 468,
    470, 469,
    470, 473,
    470, 481,
    470, 493,
    471, 457,
    471, 464,
    471, 467,
    471, 470,
    471, 479,
    471, 496,
    471, 501,
    472, 464,
    472, 482,
    475, 482,
    475, 501,
    476, 481,
    478, 450,
    478, 454,
    478, 456,
    478, 457,
    478, 461,
    478, 462,
    478, 464,
    478, 467,
    478, 468,
    478, 471,
    478, 473,
    478, 479,
    478, 481,
    479, 454,
    479, 456,
    479, 457,
    479, 461,
    479, 471,
    479, 481,
    479, 486,
    479, 488,
    479, 493,
    479, 494,
    479, 513,
    480, 450,
    480, 454,
    480, 456,
    480, 461,
    480, 464,
    480, 467,
    480, 468,
    480, 471,
    480, 473,
    480, 486,
    480, 493,
    480, 494,
    482, 489,
    482, 500,
    482, 501,
    482, 505,
    483, 482,
    483, 486,
    483, 487,
    483, 488,
    483, 489,
    483, 493,
    483, 494,
    483, 499,
    483, 501,
    483, 502,
    483, 503,
    483, 505,
    483, 508,
    483, 511,
    483, 513,
    484, 482,
    484, 483,
    484, 486,
    484, 487,
    484, 488,
    484, 489,
    484, 493,
    484, 494,
    484, 496,
    484, 499,
    484, 500,
    484, 501,
    484, 502,
    484, 505,
    484, 508,
    484, 513,
    485, 13,
    485, 15,
    485, 482,
    485, 486,
    485, 487,
    485, 489,
    485, 493,
    485, 496,
    485, 499,
    485, 513,
    486, 508,
    486, 511,
    487, 483,
    487, 486,
    487, 488,
    487, 489,
    487, 493,
    487, 500,
    487, 501,
    487, 503,
    487, 505,
    488, 483,
    488, 501,
    488, 505,
    488, 508,
    489, 483,
    489, 486,
    489, 487,
    489, 489,
    489, 493,
    489, 496,
    489, 499,
    489, 501,
    489, 502,
    489, 505,
    489, 508,
    492, 482,
    492, 483,
    492, 487,
    492, 489,
    492, 493,
    492, 496,
    492, 499,
    492, 500,
    492, 501,
    492, 511,
    493, 496,
    493, 505,
    494, 483,
    494, 489,
    494, 501,
    496, 486,
    496, 488,
    496, 489,
    496, 493,
    496, 500,
    496, 501,
    496, 503,
    496, 505,
    498, 486,
    498, 489,
    498, 493,
    498, 500,
    498, 501,
    498, 503,
    498, 505,
    498, 513,
    499, 488,
    499, 496,
    499, 505,
    499, 511,
    500, 13,
    500, 15,
    500, 482,
    500, 486,
    500, 487,
    500, 488,
    500, 493,
    500, 496,
    500, 499,
    500, 501,
    501, 13,
    501, 15,
    501, 123,
    501, 482,
    501, 483,
    501, 486,
    501, 487,
    501, 488,
    501, 493,
    501, 494,
    501, 496,
    501, 498,
    501, 499,
    501, 502,
    501, 511,
    501, 513,
    502, 483,
    502, 486,
    502, 493,
    502, 500,
    502, 501,
    502, 505,
    502, 513,
    503, 482,
    503, 483,
    503, 487,
    503, 489,
    503, 496,
    503, 499,
    503, 500,
    503, 502,
    503, 505,
    504, 487,
    504, 489,
    504, 496,
    504, 499,
    507, 487,
    507, 496,
    507, 501,
    510, 500,
    510, 505,
    511, 486,
    511, 487,
    511, 489,
    511, 493,
    511, 496,
    511, 500,
    511, 503,
    511, 513,
    512, 486,
    512, 488,
    512, 493,
    512, 494,
    512, 500,
    512, 503,
    512, 505,
    526, 13,
    526, 15,
    528, 13,
    528, 15,
    528, 27,
    528, 28,
    528, 107,
    528, 123,
    528, 363
};

/* Kerning between the respective left and right glyphs
 * 4.4 format which needs to scaled with `kern_scale`*/
static const int8_t kern_pair_values[] =
{
    -34, -11, -11, -34, -34, -34, -34, -11,
    -11, -11, -46, -34, -46, -46, -23, -46,
    -11, -11, -11, -34, -69, -69, -34, -23,
    -46, -46, -46, -46, -23, -23, -11, -80,
    -80, -46, -11, -11, -11, -11, -11, -11,
    -69, -34, -69, -69, -69, -46, -11, -69,
    -69, -69, -23, -69, -23, -69, -23, -34,
    -34, -11, -34, -69, -57, -34, -57, -23,
    -23, -46, -46, -34, -11, -34, -23, -23,
    -23, -34, -23, -34, -11, -34, -11, -11,
    -23, -23, -11, -11, -11, -11, -5, -11,
    -11, -11, -80, -57, -80, -34, -41, -46,
    -46, -57, -23, -57, -46, -57, -34, -34,
    -11, -57, -41, -11, -34, -34, -46, -46,
    -34, -34, -46, -46, -34, -11, -11, -34,
    -34, -34, -34, -11, -11, -11, -13, -13,
    -46, -46, -18, -46, -11, -11, -11, -20,
    52, -46, -46, -35, -46, -35, -35, -30,
    -46, -23, -57, -46, -23, -46, -46, -57,
    -57, -57, 30, -57, -14, -14, -34, -34,
    -13, -13, -46, -46, -18, -46, -11, -11,
    -11, -69, -69, 50, -57, -57, -57, -27,
    27, -34, -34, -13, -13, -36, -46, -46,
    -11, -11, -11, -20, -20, -19, -19, -34,
    -8, -8, -8, -8, -8, -8, -8, -8,
    -8, -8, -8, -8, -34, -34, -13, -13,
    -46, -46, -46, -11, -13, -11, -20, -20,
    -11, -80, -80, -11, -46, -46, -46, -30,
    -30, -11, -69, -69, -69, -69, -11, -69,
    57, -46, -46, -11, -46, -11, -11, -11,
    -69, -69, -54, -69, -54, -69, -46, -23,
    -46, -34, -69, -69, -54, -69, -34, -46,
    57, -54, -69, -54, -11, -80, -57, -80,
    -34, -34, -11, -57, -34, 57, -46, -46,
    -35, -46, -35, -35, -30, -46, -23, -57,
    -30, -46, -23, -46, -46, -57, -57, -57,
    37, -57, -18, -20, -20, -24, -24, -24,
    -12, -24, -24, -24, -24, -24, -24, -14,
    -14, -11, -11, 52, -46, -46, -35, -46,
    -35, -35, -30, -46, -23, -57, -46, -23,
    -46, -46, -57, -57, -57, 30, -57, -12,
    -9, -9, -17, -42, -11, -42, -26, -23,
    -11, -30, -11, -11, -26, -42, -26, -42,
    -26, -42, -42, -42, -42, -12, -8, -8,
    -8, -8, -8, -8, -8, -8, -8, -8,
    -8, -8, -8, -9, -9, -9, -9, -9,
    -14, -9, -15, -11, -9, -9, -15, -9,
    -17, -17, -17, -17, -17, -17, -17, -17,
    -17, -17, -12, -9, -9, -17, -9, -9,
    -9, -9, -9, -9, -9, -9, -9, -12,
    -9, -9, -9, -9, -9, -9, -9, -9,
    -9, -9, -9, -9, -12, -9, -9, -17,
    -17, -17, -17, -17, -17, -17, -17, -17,
    -17, -17, -17, -12, -9, -9, -17, -12,
    -9, -9, -17, -12, -9, -9, -17, -76,
    -76, -42, -42, 21, -7, 14, -14, -7,
    -14, -49, -27, -21, -49, -14, 7, -14,
    -7, 7, 14, -14, -7, -7, -7, -28,
    -14, -7, -14, -28, -21, -7, -7, -7,
    -14, -21, -14, -14, -21, -7, -21, -21,
    -42, -21, -21, -27, -28, -35, -21, -7,
    -7, -21, -7, -7, -21, -7, -76, -76,
    -42, -42, -42, -42, -14, -35, -14, -35,
    -28, -21, -35, -35, -42, -42, -35, -35,
    -35, -35, -42, -35, -42, -35, -35, -35,
    -42, 7, -14, -21, 21, 7, 14, -14,
    -7, -7, -14, -7, 7, 14, 14, 7,
    -8, -7, -7, -7, -7, -7, -14, -7,
    -7, -14, -7, -7, -7, -7, 7, -21,
    -7, 7, 7, -7, -7, 7, 7, 7,
    7, 7, -7, 7, -14, -14, -14, -7,
    -14, -28, -14, -14, -14, -7, -7, -118,
    -118, -14, -14, -35, -14, -42, -42, -7,
    -14, -35, -7, -14, -7, -28, -14, -7,
    -28, -14, -21, -49, -27, -27, -14, -21,
    -14, -14, -7, -21, -7, -14, -21, -21,
    -35, -21, -21, -7, 7, 14, -7, -69,
    -69, -27, -27, -21, -21, 7, -7, -14,
    -28, -21, -14, -28, -27, -35, -27, -27,
    -28, -27, -49, -27, -35, -35, -35, -27,
    -27, -27, -27, -27, -35, -83, -83, -14,
    -14, -27, -28, -14, -42, -28, -14, -21,
    -21, -21, -14, -14, -14, -35, -28, -49,
    -42, -21, -35, -28, -21, -28, -42, -28,
    -28, -42, -28, -28, -42, -28, -28, -28,
    -28, -28, -42, -14, -21, -21, -35, -28,
    -14, -21, -21, -14, -21, -21, -21, -21,
    -7, -14, -14, 14, 7, 14, -21, -14,
    -14, -21, -7, -21, -14, -14, -14, -62,
    -28, -49, -7, -28, -21, -8, -7, -21,
    -21, -14, -21, 7, -21, -7, -7, -21,
    -27, -14, -28, -7, -7, -35, -28, -21,
    -28, -28, -7, -7, -14, -7, -14, -14,
    -28, -7, -7, -14, -28, -14, -7, -14,
    -7, -21, -21, -21, -7, -14, -7, -7,
    -7, -7, -7, -7, -14, -7, -7, -7,
    -14, -14, -7, -28, -21, -7, -76, -76,
    -14, -28, -14, -7, -14, -14, -14, -7,
    -14, 7, -7, -14, -7, -14, -21, -21,
    -7, -14, -21, 7, 7, -7, 14, -7,
    -14, -7, -7, -7, -7, -7, -7, -7,
    -21, -14, 14, 14, 7, 7, 7, 7,
    7, 7, 7, 7, 7, -14, -7, -7,
    7, -14, -7, -7, -14, -14, -7, -7,
    -14, -14, -7, -21, -14, -7, -7, -14,
    -7, 7, 7, -7, 7, -69, -69, -7,
    -21, -7, 21, -14, -7, -7, 7, -62,
    -62, 7, -7, 7, -21, -7, 7, -14,
    -7, -8, -7, -7, -7, -7, -7, -7,
    -14, -14, -14, -7, -14, -7, -7, -7,
    -7, -7, -7, -7, -7, -7, -14, -7,
    -7, -7, -7, -7, -7, 7, -49, -42,
    -14, 7, -7, -14, 7, -14, -7, -7,
    -14, -7, -14, -7, -14, -7, -14, -62,
    -62, -76, -76, -14, -14, -49, -49, -14
};

/*Collect the kern pair's data in one place*/
static const lv_font_fmt_txt_kern_pair_t kern_pairs =
{
    .glyph_ids = kern_pair_glyph_ids,
    .values = kern_pair_values,
    .pair_cnt = 920,
    .glyph_ids_size = 1
};

/*--------------------
 *  ALL CUSTOM DATA
 *--------------------*/

static lv_font_fmt_txt_dsc_t font_dsc = {
    .glyph_bitmap = glyph_bitmap,
    .glyph_dsc = glyph_dsc,
    .cmaps = cmaps,
    .kern_dsc = &kern_pairs,
    .kern_scale = 16,
    .cmap_num = 9,
    .bpp = 1,
    .kern_classes = 0,
    .bitmap_format = 0,
};

/*-----------------
 *  PUBLIC FONT
 *----------------*/

/*Initialize a public general font descriptor*/
lv_font_t Arial_39 = {
    .name = "Arial_39",
    .line_height = 51,          /*The maximum line height required by the font*/
    .base_line = 11,             /*Baseline measured from the bottom of the line*/
    .dsc = &font_dsc,          /*The custom font data. Will be accessed by `get_glyph_bitmap/dsc` */
};

REGISTER_FONT(Arial_39);

#endif /*#if ARIAL_39*/
