/*******************************************************************************
 * Size: 27 px
 * Bpp: 1
 * Opts: --bpp 1 --size 27 --no-compress --stride 1 --align 1 --font arial.ttf --range 32-1327 --format lvgl -o Arial_27.c
 ******************************************************************************/

#include "../fontsdef.h"

 // Range:  0x20-0x52F
 // 0x20 -0x7E  Basic Latin
 // 0xA0 -0xFF  Latin Supplement
 // 0x100-0x17F Latin Extended A
 // 0x38E-0x3CE Greek
 // 0x400-0x45D Cyrillic

#if TFT_FONT == 3 // ARIAL

/*-----------------
 *    BITMAPS
 *----------------*/

/*Store the image of the glyphs*/
static LV_ATTRIBUTE_LARGE_CONST const uint8_t glyph_bitmap[] = {
    /* U+0020 " " */
    0x0,

    /* U+0021 "!" */
    0xff, 0xff, 0xff, 0xf0, 0x3c,

    /* U+0022 "\"" */
    0xc7, 0x8f, 0x1e, 0x3c, 0x78, 0xc0,

    /* U+0023 "#" */
    0x6, 0x18, 0x18, 0x60, 0xc3, 0x3, 0xc, 0xc,
    0x33, 0xff, 0xff, 0xff, 0xc6, 0x18, 0x18, 0x60,
    0x61, 0x81, 0x86, 0x6, 0x18, 0xff, 0xff, 0xff,
    0xf3, 0xc, 0xc, 0x30, 0x30, 0xc1, 0x86, 0x6,
    0x18, 0x0,

    /* U+0024 "$" */
    0x6, 0x1, 0xf8, 0x3f, 0xc7, 0x6e, 0xe6, 0x6c,
    0x67, 0xc6, 0xc, 0x60, 0xe6, 0x7, 0xe0, 0x3f,
    0x80, 0xfe, 0x6, 0xe0, 0x67, 0x6, 0x3c, 0x63,
    0xc6, 0x3c, 0x67, 0xe6, 0x67, 0xfc, 0x1f, 0x80,
    0x60, 0x6, 0x0, 0x60,

    /* U+0025 "%" */
    0x3c, 0x1, 0x83, 0xf0, 0x18, 0x39, 0xc0, 0xc1,
    0x86, 0xc, 0xc, 0x30, 0xc0, 0x61, 0x86, 0x3,
    0x9c, 0x60, 0xf, 0xc3, 0x0, 0x3c, 0x30, 0x0,
    0x1, 0xf, 0x0, 0x18, 0xfc, 0x1, 0x8e, 0x70,
    0xc, 0x61, 0x80, 0xc3, 0xc, 0x6, 0x18, 0x60,
    0x60, 0xc3, 0x6, 0x7, 0x38, 0x30, 0x1f, 0x83,
    0x0, 0x78,

    /* U+0026 "&" */
    0x7, 0xc0, 0x7, 0xf0, 0x7, 0x1c, 0x3, 0x6,
    0x1, 0x83, 0x0, 0xe1, 0x80, 0x3b, 0x80, 0x1f,
    0x80, 0xf, 0x80, 0x1f, 0xc0, 0x1e, 0x71, 0x8e,
    0x1d, 0xce, 0xf, 0xe7, 0x3, 0xe3, 0x80, 0xf1,
    0xe0, 0x78, 0x78, 0xfe, 0x1f, 0xf3, 0x87, 0xe0,
    0x80,

    /* U+0027 "'" */
    0xff, 0xf0,

    /* U+0028 "(" */
    0xc, 0x61, 0xc, 0x21, 0x86, 0x18, 0xc3, 0xc,
    0x30, 0xc3, 0xc, 0x30, 0x61, 0x86, 0xc, 0x30,
    0x41, 0x83,

    /* U+0029 ")" */
    0xc1, 0x82, 0xc, 0x30, 0x61, 0x86, 0xc, 0x30,
    0xc3, 0xc, 0x30, 0xc3, 0x18, 0x61, 0x8c, 0x30,
    0x86, 0x30,

    /* U+002A "*" */
    0x18, 0x18, 0xdb, 0xff, 0x18, 0x3c, 0x66, 0x66,

    /* U+002B "+" */
    0x6, 0x0, 0x30, 0x1, 0x80, 0xc, 0x0, 0x60,
    0x7f, 0xff, 0xff, 0xe0, 0xc0, 0x6, 0x0, 0x30,
    0x1, 0x80, 0xc, 0x0,

    /* U+002C "," */
    0xf5, 0xe0,

    /* U+002D "-" */
    0xff, 0xfc,

    /* U+002E "." */
    0xf0,

    /* U+002F "/" */
    0x6, 0x6, 0x6, 0x4, 0xc, 0xc, 0xc, 0x18,
    0x18, 0x18, 0x30, 0x30, 0x30, 0x30, 0x60, 0x60,
    0x60, 0xc0, 0xc0,

    /* U+0030 "0" */
    0xf, 0x3, 0xfc, 0x70, 0xe6, 0x6, 0x60, 0x6c,
    0x3, 0xc0, 0x3c, 0x3, 0xc0, 0x3c, 0x3, 0xc0,
    0x3c, 0x3, 0xc0, 0x3c, 0x3, 0x60, 0x66, 0x6,
    0x70, 0xe3, 0xfc, 0xf, 0x0,

    /* U+0031 "1" */
    0x6, 0xc, 0x38, 0xf7, 0xfc, 0xf1, 0x83, 0x6,
    0xc, 0x18, 0x30, 0x60, 0xc1, 0x83, 0x6, 0xc,
    0x18,

    /* U+0032 "2" */
    0xf, 0xc1, 0xff, 0x1e, 0x1c, 0xe0, 0x76, 0x1,
    0xf0, 0xc, 0x0, 0x60, 0x7, 0x0, 0x70, 0x7,
    0x0, 0x70, 0x7, 0x0, 0x70, 0xf, 0x0, 0xf0,
    0xf, 0x0, 0x70, 0x7, 0xff, 0xff, 0xfe,

    /* U+0033 "3" */
    0x1f, 0x3, 0xfc, 0x70, 0xce, 0x6, 0xe0, 0x60,
    0x6, 0x0, 0x60, 0x1c, 0x7, 0x80, 0xfc, 0x0,
    0xe0, 0x7, 0x0, 0x30, 0x3, 0xc0, 0x3e, 0x7,
    0x70, 0xe3, 0xfc, 0x1f, 0x80,

    /* U+0034 "4" */
    0x0, 0x60, 0x7, 0x0, 0x78, 0x3, 0xc0, 0x36,
    0x3, 0xb0, 0x39, 0x83, 0x8c, 0x18, 0x61, 0x83,
    0x1c, 0x19, 0xc0, 0xcf, 0xff, 0xff, 0xfc, 0x1,
    0x80, 0xc, 0x0, 0x60, 0x3, 0x0, 0x18,

    /* U+0035 "5" */
    0x3f, 0xe3, 0xfe, 0x70, 0x7, 0x0, 0x60, 0x6,
    0x0, 0x6f, 0x87, 0xfc, 0xf0, 0xee, 0x7, 0x0,
    0x30, 0x3, 0x0, 0x34, 0x3, 0xc0, 0x3e, 0x6,
    0x70, 0xe3, 0xfc, 0x1f, 0x0,

    /* U+0036 "6" */
    0x7, 0xc0, 0xff, 0x8e, 0x1c, 0xe0, 0x76, 0x0,
    0x60, 0x3, 0x3e, 0x1b, 0xfc, 0xf8, 0x77, 0x1,
    0xb8, 0x7, 0x80, 0x3c, 0x1, 0xf0, 0xd, 0x80,
    0x6c, 0x6, 0x38, 0x70, 0xff, 0x3, 0xe0,

    /* U+0037 "7" */
    0xff, 0xff, 0xff, 0xc0, 0x1c, 0x1, 0xc0, 0xc,
    0x0, 0xe0, 0x6, 0x0, 0x70, 0x3, 0x0, 0x30,
    0x1, 0x80, 0x1c, 0x0, 0xc0, 0x6, 0x0, 0x30,
    0x3, 0x0, 0x18, 0x0, 0xc0, 0x6, 0x0,

    /* U+0038 "8" */
    0xf, 0x81, 0xff, 0xc, 0x18, 0xc0, 0x66, 0x3,
    0x30, 0x19, 0xc1, 0x87, 0xf8, 0xf, 0xe1, 0x83,
    0x98, 0xd, 0x80, 0x3c, 0x1, 0xe0, 0xf, 0x0,
    0x7c, 0x6, 0x70, 0x71, 0xff, 0x3, 0xe0,

    /* U+0039 "9" */
    0x1f, 0x3, 0xfc, 0x70, 0xee, 0x6, 0xc0, 0x2c,
    0x3, 0xc0, 0x3c, 0x3, 0xe0, 0x77, 0xf, 0x3f,
    0xf1, 0xf3, 0x0, 0x30, 0x3, 0xc0, 0x6e, 0x6,
    0x70, 0xc7, 0xf8, 0x1f, 0x0,

    /* U+003A ":" */
    0xf0, 0x0, 0x0, 0xf0,

    /* U+003B ";" */
    0xf0, 0x0, 0x0, 0xf5, 0xe0,

    /* U+003C "<" */
    0x0, 0x8, 0x1, 0xc0, 0x3e, 0xf, 0xc1, 0xf0,
    0x7e, 0x3, 0x80, 0x1f, 0x0, 0x3e, 0x0, 0x7e,
    0x0, 0x7c, 0x0, 0xf0, 0x0, 0x80,

    /* U+003D "=" */
    0xff, 0xff, 0xff, 0xc0, 0x0, 0x0, 0x0, 0x0,
    0x0, 0x3, 0xff, 0xff, 0xff,

    /* U+003E ">" */
    0x80, 0x7, 0x0, 0x3e, 0x0, 0x7e, 0x0, 0x7c,
    0x0, 0xfc, 0x0, 0xe0, 0x1f, 0x3, 0xe0, 0xfc,
    0x1f, 0x1, 0xe0, 0x8, 0x0, 0x0,

    /* U+003F "?" */
    0x1f, 0x83, 0xfc, 0x70, 0xee, 0x7, 0xe0, 0x3c,
    0x3, 0x0, 0x30, 0x6, 0x0, 0xe0, 0x1c, 0x3,
    0x80, 0x30, 0x6, 0x0, 0x60, 0x6, 0x0, 0x0,
    0x0, 0x0, 0x60, 0x6, 0x0,

    /* U+0040 "@" */
    0x0, 0x7f, 0x80, 0x1, 0xff, 0xf0, 0x1, 0xe0,
    0x3e, 0x1, 0xc0, 0x7, 0x81, 0xc0, 0x0, 0xc1,
    0xc1, 0xe6, 0x70, 0xc3, 0xfb, 0x18, 0xc3, 0x8f,
    0x86, 0x63, 0x83, 0xc3, 0x61, 0x80, 0xc1, 0xb1,
    0xc0, 0x60, 0xd8, 0xc0, 0x30, 0x6c, 0x60, 0x38,
    0x36, 0x30, 0x18, 0x33, 0x18, 0xc, 0x39, 0x8c,
    0xe, 0x18, 0x63, 0xf, 0x38, 0x31, 0xfd, 0xf8,
    0x1c, 0x3c, 0xf0, 0x7, 0x0, 0x0, 0xe1, 0xc0,
    0x0, 0xe0, 0x7c, 0x3, 0xe0, 0xf, 0xff, 0xc0,
    0x0, 0xff, 0x80,

    /* U+0041 "A" */
    0x1, 0xc0, 0x0, 0x78, 0x0, 0x3e, 0x0, 0xd,
    0xc0, 0x3, 0x30, 0x1, 0xcc, 0x0, 0x63, 0x80,
    0x38, 0x60, 0xe, 0x1c, 0x3, 0x3, 0x1, 0xc0,
    0xe0, 0x7f, 0xf8, 0x3f, 0xfe, 0xe, 0x1, 0xc3,
    0x0, 0x71, 0xc0, 0xe, 0x70, 0x3, 0x98, 0x0,
    0x6e, 0x0, 0x1c,

    /* U+0042 "B" */
    0xff, 0xc3, 0xff, 0xcc, 0x3, 0x30, 0x6, 0xc0,
    0x1b, 0x0, 0x6c, 0x1, 0xb0, 0xc, 0xff, 0xe3,
    0xff, 0xcc, 0x3, 0xb0, 0x7, 0xc0, 0xf, 0x0,
    0x3c, 0x0, 0xf0, 0x7, 0xc0, 0x3b, 0xff, 0xcf,
    0xfe, 0x0,

    /* U+0043 "C" */
    0x3, 0xf0, 0xf, 0xfc, 0x3c, 0x1e, 0x30, 0xe,
    0x60, 0x7, 0x60, 0x6, 0xc0, 0x0, 0xc0, 0x0,
    0xc0, 0x0, 0xc0, 0x0, 0xc0, 0x0, 0xc0, 0x0,
    0xc0, 0x2, 0x60, 0x7, 0x60, 0x7, 0x30, 0xe,
    0x3c, 0x1e, 0x1f, 0xfc, 0x7, 0xf0,

    /* U+0044 "D" */
    0xff, 0xe0, 0xff, 0xf8, 0xc0, 0x3c, 0xc0, 0xe,
    0xc0, 0x6, 0xc0, 0x6, 0xc0, 0x3, 0xc0, 0x3,
    0xc0, 0x3, 0xc0, 0x3, 0xc0, 0x3, 0xc0, 0x3,
    0xc0, 0x3, 0xc0, 0x6, 0xc0, 0x6, 0xc0, 0xc,
    0xc0, 0x3c, 0xff, 0xf8, 0xff, 0xe0,

    /* U+0045 "E" */
    0xff, 0xfd, 0xff, 0xfb, 0x0, 0x6, 0x0, 0xc,
    0x0, 0x18, 0x0, 0x30, 0x0, 0x60, 0x0, 0xff,
    0xfd, 0xff, 0xfb, 0x0, 0x6, 0x0, 0xc, 0x0,
    0x18, 0x0, 0x30, 0x0, 0x60, 0x0, 0xc0, 0x1,
    0xff, 0xff, 0xff, 0xf8,

    /* U+0046 "F" */
    0xff, 0xff, 0xff, 0xf0, 0x1, 0x80, 0xc, 0x0,
    0x60, 0x3, 0x0, 0x18, 0x0, 0xff, 0xf7, 0xff,
    0xb0, 0x1, 0x80, 0xc, 0x0, 0x60, 0x3, 0x0,
    0x18, 0x0, 0xc0, 0x6, 0x0, 0x30, 0x0,

    /* U+0047 "G" */
    0x3, 0xf8, 0x3, 0xff, 0x81, 0xc0, 0x70, 0xe0,
    0xe, 0x70, 0x1, 0xd8, 0x0, 0x2e, 0x0, 0x3,
    0x0, 0x0, 0xc0, 0x0, 0x30, 0xf, 0xfc, 0x3,
    0xff, 0x0, 0x3, 0xc0, 0x0, 0xd8, 0x0, 0x37,
    0x0, 0xc, 0xe0, 0x7, 0x1e, 0x7, 0xc3, 0xff,
    0xc0, 0x3f, 0xc0,

    /* U+0048 "H" */
    0xc0, 0x7, 0x80, 0xf, 0x0, 0x1e, 0x0, 0x3c,
    0x0, 0x78, 0x0, 0xf0, 0x1, 0xe0, 0x3, 0xff,
    0xff, 0xff, 0xff, 0x0, 0x1e, 0x0, 0x3c, 0x0,
    0x78, 0x0, 0xf0, 0x1, 0xe0, 0x3, 0xc0, 0x7,
    0x80, 0xf, 0x0, 0x18,

    /* U+0049 "I" */
    0xff, 0xff, 0xff, 0xff, 0xfc,

    /* U+004A "J" */
    0x0, 0xc0, 0x30, 0xc, 0x3, 0x0, 0xc0, 0x30,
    0xc, 0x3, 0x0, 0xc0, 0x30, 0xc, 0x3, 0x0,
    0xf0, 0x3c, 0xf, 0x3, 0x61, 0x9f, 0xe3, 0xe0,

    /* U+004B "K" */
    0xc0, 0x1f, 0x80, 0x73, 0x1, 0xc6, 0x7, 0xc,
    0x1c, 0x18, 0x70, 0x31, 0xc0, 0x67, 0x0, 0xdf,
    0x1, 0xfe, 0x3, 0xce, 0x7, 0xe, 0xc, 0x1e,
    0x18, 0x1c, 0x30, 0x1c, 0x60, 0x1c, 0xc0, 0x3d,
    0x80, 0x3b, 0x0, 0x38,

    /* U+004C "L" */
    0xc0, 0xc, 0x0, 0xc0, 0xc, 0x0, 0xc0, 0xc,
    0x0, 0xc0, 0xc, 0x0, 0xc0, 0xc, 0x0, 0xc0,
    0xc, 0x0, 0xc0, 0xc, 0x0, 0xc0, 0xc, 0x0,
    0xc0, 0xf, 0xff, 0xff, 0xf0,

    /* U+004D "M" */
    0xf0, 0x1, 0xfc, 0x0, 0xff, 0x0, 0x3f, 0xe0,
    0xf, 0xd8, 0x6, 0xf6, 0x1, 0xbd, 0xc0, 0x6f,
    0x30, 0x33, 0xcc, 0xc, 0xf3, 0x83, 0x3c, 0x61,
    0x8f, 0x18, 0x63, 0xc7, 0x38, 0xf0, 0xcc, 0x3c,
    0x3b, 0xf, 0x7, 0x83, 0xc1, 0xe0, 0xf0, 0x78,
    0x3c, 0xc, 0xc,

    /* U+004E "N" */
    0xe0, 0x7, 0xc0, 0xf, 0xc0, 0x1f, 0xc0, 0x3f,
    0x80, 0x7b, 0x80, 0xf3, 0x81, 0xe7, 0x83, 0xc7,
    0x7, 0x87, 0xf, 0x7, 0x1e, 0xf, 0x3c, 0xe,
    0x78, 0xe, 0xf0, 0xf, 0xe0, 0x1f, 0xc0, 0x1f,
    0x80, 0x1f, 0x0, 0x38,

    /* U+004F "O" */
    0x3, 0xf0, 0x3, 0xff, 0x1, 0xc0, 0xe0, 0xc0,
    0x1c, 0x60, 0x3, 0x98, 0x0, 0x6c, 0x0, 0xf,
    0x0, 0x3, 0xc0, 0x0, 0xf0, 0x0, 0x3c, 0x0,
    0xf, 0x0, 0x3, 0xc0, 0x0, 0xd8, 0x0, 0x66,
    0x0, 0x38, 0xc0, 0xc, 0x1c, 0xe, 0x3, 0xff,
    0x0, 0x3f, 0x0,

    /* U+0050 "P" */
    0xff, 0xe3, 0xff, 0xcc, 0x3, 0xb0, 0x7, 0xc0,
    0xf, 0x0, 0x3c, 0x0, 0xf0, 0x7, 0xc0, 0x3b,
    0xff, 0xcf, 0xfe, 0x30, 0x0, 0xc0, 0x3, 0x0,
    0xc, 0x0, 0x30, 0x0, 0xc0, 0x3, 0x0, 0xc,
    0x0, 0x0,

    /* U+0051 "Q" */
    0x3, 0xf0, 0x3, 0xff, 0x1, 0xc0, 0xe0, 0xc0,
    0x1c, 0x60, 0x3, 0x98, 0x0, 0x6c, 0x0, 0xf,
    0x0, 0x3, 0xc0, 0x0, 0xf0, 0x0, 0x3c, 0x0,
    0xf, 0x0, 0x3, 0xc0, 0x0, 0xd8, 0x0, 0x66,
    0x7, 0x38, 0xc1, 0xfc, 0x1c, 0xe, 0x3, 0xff,
    0xc0, 0x3f, 0x1c, 0x0, 0x3,

    /* U+0052 "R" */
    0xff, 0xf0, 0x7f, 0xfe, 0x30, 0x7, 0x18, 0x1,
    0xcc, 0x0, 0x66, 0x0, 0x33, 0x0, 0x19, 0x80,
    0x1c, 0xc0, 0x1c, 0x7f, 0xfc, 0x3f, 0xf8, 0x18,
    0x1c, 0xc, 0x7, 0x6, 0x1, 0xc3, 0x0, 0x71,
    0x80, 0x38, 0xc0, 0xe, 0x60, 0x3, 0xb0, 0x1,
    0xc0,

    /* U+0053 "S" */
    0xf, 0xe0, 0x3f, 0xf0, 0xe0, 0xf3, 0x0, 0x66,
    0x0, 0xcc, 0x1, 0x9c, 0x0, 0x1f, 0x0, 0x1f,
    0xe0, 0x1f, 0xf0, 0x3, 0xf0, 0x0, 0xf0, 0x0,
    0x6c, 0x0, 0xd8, 0x1, 0xb8, 0x7, 0x3c, 0x1c,
    0x3f, 0xf0, 0x1f, 0x80,

    /* U+0054 "T" */
    0xff, 0xff, 0xff, 0xfc, 0x6, 0x0, 0xc, 0x0,
    0x18, 0x0, 0x30, 0x0, 0x60, 0x0, 0xc0, 0x1,
    0x80, 0x3, 0x0, 0x6, 0x0, 0xc, 0x0, 0x18,
    0x0, 0x30, 0x0, 0x60, 0x0, 0xc0, 0x1, 0x80,
    0x3, 0x0, 0x6, 0x0,

    /* U+0055 "U" */
    0xc0, 0x7, 0x80, 0xf, 0x0, 0x1e, 0x0, 0x3c,
    0x0, 0x78, 0x0, 0xf0, 0x1, 0xe0, 0x3, 0xc0,
    0x7, 0x80, 0xf, 0x0, 0x1e, 0x0, 0x3c, 0x0,
    0x78, 0x0, 0xf0, 0x3, 0xb0, 0x6, 0x78, 0x3c,
    0x7f, 0xf0, 0x3f, 0x80,

    /* U+0056 "V" */
    0xe0, 0x1, 0xd8, 0x0, 0x67, 0x0, 0x39, 0xc0,
    0xc, 0x38, 0x7, 0xe, 0x1, 0xc1, 0x80, 0x60,
    0x70, 0x38, 0x1c, 0xc, 0x3, 0x3, 0x0, 0xe1,
    0xc0, 0x18, 0x60, 0x6, 0x38, 0x1, 0xcc, 0x0,
    0x33, 0x0, 0xd, 0xc0, 0x1, 0xe0, 0x0, 0x78,
    0x0, 0x1c, 0x0,

    /* U+0057 "W" */
    0xe0, 0x1c, 0x3, 0xb0, 0xf, 0x1, 0xdc, 0x7,
    0x80, 0xee, 0x6, 0xc0, 0x63, 0x3, 0x70, 0x71,
    0x81, 0x98, 0x38, 0xc1, 0xcc, 0x18, 0x70, 0xc6,
    0xc, 0x18, 0x63, 0x8e, 0xc, 0x30, 0xc7, 0x6,
    0x30, 0x63, 0x3, 0x98, 0x39, 0x80, 0xcc, 0xd,
    0xc0, 0x6e, 0x6, 0xc0, 0x36, 0x3, 0x60, 0xf,
    0x1, 0xb0, 0x7, 0x80, 0x78, 0x3, 0x80, 0x38,
    0x1, 0xc0, 0x1c, 0x0,

    /* U+0058 "X" */
    0x70, 0x3, 0x8e, 0x1, 0xc1, 0xc0, 0x60, 0x38,
    0x38, 0xe, 0x1c, 0x1, 0xce, 0x0, 0x3b, 0x0,
    0xf, 0xc0, 0x1, 0xe0, 0x0, 0x78, 0x0, 0x1f,
    0x0, 0xf, 0xc0, 0x7, 0x38, 0x3, 0x87, 0x0,
    0xe1, 0xe0, 0x70, 0x38, 0x38, 0x7, 0x1c, 0x0,
    0xef, 0x0, 0x38,

    /* U+0059 "Y" */
    0xe0, 0x7, 0x38, 0x3, 0x9c, 0x3, 0x87, 0x3,
    0x81, 0xc1, 0xc0, 0xe1, 0xc0, 0x38, 0xc0, 0xc,
    0xc0, 0x7, 0xe0, 0x1, 0xe0, 0x0, 0x60, 0x0,
    0x30, 0x0, 0x18, 0x0, 0xc, 0x0, 0x6, 0x0,
    0x3, 0x0, 0x1, 0x80, 0x0, 0xc0, 0x0, 0x60,
    0x0,

    /* U+005A "Z" */
    0x7f, 0xfe, 0xff, 0xfc, 0x0, 0x78, 0x0, 0xe0,
    0x3, 0x80, 0xe, 0x0, 0x38, 0x0, 0xf0, 0x1,
    0xc0, 0x7, 0x0, 0x1c, 0x0, 0x70, 0x1, 0xe0,
    0x3, 0x80, 0xe, 0x0, 0x38, 0x0, 0xe0, 0x1,
    0xff, 0xff, 0xff, 0xf8,

    /* U+005B "[" */
    0xff, 0xf1, 0x8c, 0x63, 0x18, 0xc6, 0x31, 0x8c,
    0x63, 0x18, 0xc6, 0x31, 0x8c, 0x63, 0xff,

    /* U+005C "\\" */
    0xc0, 0xc0, 0x60, 0x60, 0x60, 0x30, 0x30, 0x30,
    0x10, 0x18, 0x18, 0x18, 0xc, 0xc, 0xc, 0x4,
    0x6, 0x6, 0x6,

    /* U+005D "]" */
    0xff, 0xc6, 0x31, 0x8c, 0x63, 0x18, 0xc6, 0x31,
    0x8c, 0x63, 0x18, 0xc6, 0x31, 0x8f, 0xff,

    /* U+005E "^" */
    0xc, 0x1, 0xc0, 0x78, 0xf, 0x81, 0xb0, 0x67,
    0xc, 0x63, 0x8c, 0x60, 0xdc, 0x1b, 0x3, 0x80,

    /* U+005F "_" */
    0xff, 0xff, 0xff, 0xff,

    /* U+0060 "`" */
    0x71, 0x86,

    /* U+0061 "a" */
    0x1f, 0xc1, 0xff, 0x1c, 0x1d, 0xc0, 0x60, 0x3,
    0x0, 0x38, 0x7f, 0xcf, 0xe6, 0xe0, 0x36, 0x1,
    0xb0, 0x1d, 0xc1, 0xe7, 0xff, 0x1f, 0x98,

    /* U+0062 "b" */
    0xc0, 0xc, 0x0, 0xc0, 0xc, 0x0, 0xc0, 0xc,
    0xf0, 0xff, 0xcf, 0xe, 0xe0, 0x6c, 0x3, 0xc0,
    0x3c, 0x3, 0xc0, 0x3c, 0x3, 0xc0, 0x3e, 0x6,
    0xf0, 0xef, 0xfc, 0xcf, 0x0,

    /* U+0063 "c" */
    0xf, 0x83, 0xfc, 0x70, 0xe6, 0x6, 0xc0, 0x4c,
    0x0, 0xc0, 0xc, 0x0, 0xc0, 0xc, 0x7, 0x60,
    0x67, 0xe, 0x3f, 0xc1, 0xf8,

    /* U+0064 "d" */
    0x0, 0x30, 0x3, 0x0, 0x30, 0x3, 0x0, 0x30,
    0xf3, 0x3f, 0xf7, 0xf, 0x60, 0x7c, 0x3, 0xc0,
    0x3c, 0x3, 0xc0, 0x3c, 0x3, 0xc0, 0x36, 0x7,
    0x70, 0xf3, 0xff, 0xf, 0x30,

    /* U+0065 "e" */
    0xf, 0x81, 0xff, 0x1c, 0x1c, 0x80, 0x6c, 0x3,
    0xff, 0xff, 0xff, 0xf8, 0x0, 0xc0, 0x6, 0x1,
    0xd8, 0xe, 0xe1, 0xe3, 0xfe, 0x7, 0xc0,

    /* U+0066 "f" */
    0x1f, 0x3f, 0x30, 0x30, 0x30, 0xfe, 0xfe, 0x30,
    0x30, 0x30, 0x30, 0x30, 0x30, 0x30, 0x30, 0x30,
    0x30, 0x30, 0x30,

    /* U+0067 "g" */
    0xf, 0x33, 0xff, 0x70, 0xf6, 0x7, 0xc0, 0x3c,
    0x3, 0xc0, 0x3c, 0x3, 0xc0, 0x3c, 0x3, 0x60,
    0x77, 0xf, 0x3f, 0xf1, 0xf3, 0x0, 0x3e, 0x7,
    0x70, 0xe7, 0xfc, 0x1f, 0x80,

    /* U+0068 "h" */
    0xc0, 0x18, 0x3, 0x0, 0x60, 0xc, 0x1, 0x9f,
    0x3f, 0xf7, 0x87, 0xe0, 0x78, 0xf, 0x1, 0xe0,
    0x3c, 0x7, 0x80, 0xf0, 0x1e, 0x3, 0xc0, 0x78,
    0xf, 0x1, 0x80,

    /* U+0069 "i" */
    0xf0, 0x3f, 0xff, 0xff, 0xfc,

    /* U+006A "j" */
    0x18, 0xc0, 0x0, 0xc, 0x63, 0x18, 0xc6, 0x31,
    0x8c, 0x63, 0x18, 0xc6, 0x31, 0x8f, 0xde,

    /* U+006B "k" */
    0xc0, 0x18, 0x3, 0x0, 0x60, 0xc, 0x1, 0x83,
    0xb0, 0xe6, 0x38, 0xce, 0x1b, 0x83, 0xf0, 0x7e,
    0xe, 0xe1, 0x8e, 0x31, 0xc6, 0x1c, 0xc1, 0xd8,
    0x3b, 0x3, 0x80,

    /* U+006C "l" */
    0xff, 0xff, 0xff, 0xff, 0xfc,

    /* U+006D "m" */
    0xcf, 0x87, 0x9f, 0xfb, 0xfb, 0xc3, 0xe3, 0xf0,
    0x38, 0x3c, 0x6, 0x7, 0x80, 0xc0, 0xf0, 0x18,
    0x1e, 0x3, 0x3, 0xc0, 0x60, 0x78, 0xc, 0xf,
    0x1, 0x81, 0xe0, 0x30, 0x3c, 0x6, 0x7, 0x80,
    0xc0, 0xc0,

    /* U+006E "n" */
    0xcf, 0x9b, 0xfb, 0xc3, 0xf0, 0x3c, 0x7, 0x80,
    0xf0, 0x1e, 0x3, 0xc0, 0x78, 0xf, 0x1, 0xe0,
    0x3c, 0x7, 0x80, 0xc0,

    /* U+006F "o" */
    0xf, 0x81, 0xff, 0x1c, 0x1c, 0xc0, 0x6c, 0x1,
    0xe0, 0xf, 0x0, 0x78, 0x3, 0xc0, 0x1e, 0x0,
    0xd8, 0xc, 0xe0, 0xe3, 0xfe, 0x7, 0xc0,

    /* U+0070 "p" */
    0xcf, 0x8d, 0xfc, 0xf0, 0xee, 0x6, 0xe0, 0x3c,
    0x3, 0xc0, 0x3c, 0x3, 0xc0, 0x3c, 0x3, 0xe0,
    0x6f, 0xe, 0xff, 0xcc, 0xf0, 0xc0, 0xc, 0x0,
    0xc0, 0xc, 0x0, 0xc0, 0x0,

    /* U+0071 "q" */
    0x1f, 0x33, 0xfb, 0x70, 0xf6, 0x7, 0xc0, 0x3c,
    0x3, 0xc0, 0x3c, 0x3, 0xc0, 0x3c, 0x3, 0x60,
    0x77, 0xf, 0x3f, 0xf0, 0xf3, 0x0, 0x30, 0x3,
    0x0, 0x30, 0x3, 0x0, 0x30,

    /* U+0072 "r" */
    0xdf, 0xff, 0x87, 0xc, 0x18, 0x30, 0x60, 0xc1,
    0x83, 0x6, 0xc, 0x18, 0x0,

    /* U+0073 "s" */
    0x1f, 0x83, 0xfe, 0x70, 0xe6, 0x6, 0x60, 0x7,
    0xc0, 0x3f, 0x80, 0x7e, 0x0, 0x76, 0x3, 0x60,
    0x37, 0x7, 0x3f, 0xe1, 0xf8,

    /* U+0074 "t" */
    0x0, 0x60, 0xc1, 0x83, 0x1f, 0xff, 0x98, 0x30,
    0x60, 0xc1, 0x83, 0x6, 0xc, 0x18, 0x30, 0x7c,
    0x78,

    /* U+0075 "u" */
    0xc0, 0x78, 0xf, 0x1, 0xe0, 0x3c, 0x7, 0x80,
    0xf0, 0x1e, 0x3, 0xc0, 0x78, 0xf, 0x3, 0xf0,
    0xf7, 0xfe, 0x7c, 0xc0,

    /* U+0076 "v" */
    0x60, 0x1b, 0x1, 0xdc, 0xc, 0x60, 0xe3, 0x7,
    0x1c, 0x30, 0x63, 0x83, 0x98, 0xc, 0xc0, 0x6e,
    0x3, 0xe0, 0xf, 0x0, 0x70, 0x3, 0x80,

    /* U+0077 "w" */
    0xe0, 0xe0, 0x6c, 0x1c, 0xd, 0x83, 0xc3, 0xb8,
    0x78, 0x67, 0x1b, 0xc, 0x63, 0x63, 0x8c, 0x6e,
    0x61, 0xdc, 0xcc, 0x1b, 0x1b, 0x83, 0x63, 0x60,
    0x6c, 0x3c, 0x7, 0x87, 0x80, 0xe0, 0xe0, 0x1c,
    0x1c, 0x0,

    /* U+0078 "x" */
    0x70, 0x39, 0xc3, 0x8e, 0x38, 0x39, 0x80, 0xdc,
    0x7, 0xc0, 0x1c, 0x0, 0xf0, 0xf, 0x80, 0xee,
    0x6, 0x38, 0x70, 0xe7, 0x7, 0x30, 0x1c,

    /* U+0079 "y" */
    0x60, 0x1b, 0x81, 0xdc, 0xc, 0x60, 0x63, 0x87,
    0xc, 0x30, 0x63, 0x83, 0x98, 0xc, 0xc0, 0x6e,
    0x3, 0xe0, 0xf, 0x0, 0x70, 0x1, 0x80, 0x1c,
    0x0, 0xc0, 0xe, 0x1, 0xe0, 0xe, 0x0,

    /* U+007A "z" */
    0x7f, 0xf7, 0xff, 0x0, 0x60, 0xe, 0x1, 0xc0,
    0x38, 0x7, 0x0, 0xe0, 0x1c, 0x3, 0xc0, 0x78,
    0x7, 0x0, 0xff, 0xff, 0xff,

    /* U+007B "{" */
    0x7, 0xf, 0x18, 0x18, 0x18, 0x18, 0x18, 0x18,
    0x18, 0x18, 0x30, 0xe0, 0xe0, 0x30, 0x18, 0x18,
    0x18, 0x18, 0x18, 0x18, 0x18, 0x1c, 0xf, 0x7,

    /* U+007C "|" */
    0xff, 0xff, 0xff, 0xff, 0xff, 0xff,

    /* U+007D "}" */
    0xe0, 0xf0, 0x18, 0x18, 0x18, 0x18, 0x18, 0x18,
    0x18, 0x18, 0xc, 0x7, 0x7, 0xc, 0x18, 0x18,
    0x18, 0x18, 0x18, 0x18, 0x18, 0x18, 0xf0, 0xe0,

    /* U+007E "~" */
    0x3c, 0x7, 0xfe, 0x3c, 0x3f, 0xe0, 0x3c,

    /* U+00A0 " " */
    0x0,

    /* U+00A1 "¡" */
    0xf0, 0x3f, 0xff, 0xff, 0xfc,

    /* U+00A2 "¢" */
    0x0, 0xc0, 0xc, 0x0, 0x80, 0x8, 0x1, 0x80,
    0xf8, 0x3f, 0xc7, 0x3e, 0x63, 0x6c, 0x24, 0xc6,
    0xc, 0x60, 0xc4, 0xc, 0xc0, 0xcc, 0x76, 0x86,
    0x78, 0xe3, 0xfc, 0x1f, 0x1, 0x0, 0x30, 0x3,
    0x0, 0x20, 0x2, 0x0,

    /* U+00A3 "£" */
    0x7, 0xc0, 0x7f, 0xc1, 0x87, 0x8c, 0xe, 0x30,
    0x18, 0xc0, 0x3, 0x0, 0xc, 0x0, 0xff, 0x83,
    0xfe, 0x1, 0x80, 0x6, 0x0, 0x18, 0x0, 0x60,
    0x3, 0x0, 0xc, 0x0, 0x7f, 0xb, 0xff, 0xf4,
    0xf, 0x80,

    /* U+00A4 "¤" */
    0x40, 0x17, 0x7d, 0xdf, 0xfc, 0x71, 0xc7, 0x7,
    0x30, 0x19, 0x80, 0xcc, 0x6, 0x70, 0x71, 0xc7,
    0x1f, 0xfd, 0xdf, 0x74, 0x1, 0x0,

    /* U+00A5 "¥" */
    0xe0, 0xe, 0xe0, 0x38, 0xc0, 0x61, 0xc1, 0xc1,
    0xc3, 0x1, 0x8e, 0x3, 0x98, 0x3, 0x70, 0x3,
    0xc0, 0xff, 0xf9, 0xff, 0xf0, 0xc, 0x0, 0x18,
    0xf, 0xff, 0x9f, 0xff, 0x0, 0xc0, 0x1, 0x80,
    0x3, 0x0, 0x6, 0x0,

    /* U+00A6 "¦" */
    0xff, 0xff, 0xf0, 0xf, 0xff, 0xff,

    /* U+00A7 "§" */
    0x1f, 0x81, 0xfe, 0x1c, 0x38, 0xc0, 0xe6, 0x2,
    0x38, 0x0, 0xe0, 0x7, 0xc0, 0x6f, 0x86, 0x1f,
    0x30, 0x3d, 0x80, 0x76, 0x1, 0xbc, 0xc, 0x78,
    0x61, 0xe6, 0x3, 0xc0, 0x7, 0x0, 0x1d, 0xc0,
    0x66, 0x3, 0x38, 0x38, 0xff, 0x83, 0xf0,

    /* U+00A8 "¨" */
    0xc7, 0x8c,

    /* U+00A9 "©" */
    0x1, 0xf8, 0x0, 0x7f, 0xe0, 0x1e, 0x7, 0x83,
    0x80, 0x1c, 0x30, 0x0, 0xc6, 0xf, 0x6, 0x63,
    0xfc, 0x6c, 0x30, 0xc3, 0xc7, 0x4, 0x3c, 0x60,
    0x3, 0xc6, 0x0, 0x3c, 0x60, 0x3, 0xc6, 0x6,
    0x36, 0x30, 0xc6, 0x63, 0xfc, 0x63, 0xf, 0xc,
    0x38, 0x1, 0xc1, 0xe0, 0x78, 0x7, 0xfe, 0x0,
    0x1f, 0x80,

    /* U+00AA "ª" */
    0x3e, 0x31, 0x90, 0xc0, 0x67, 0xf7, 0xdb, 0xd,
    0x86, 0xc7, 0x3f, 0x80,

    /* U+00AB "«" */
    0xc, 0x63, 0x18, 0xe7, 0x38, 0xc6, 0x31, 0xce,
    0x39, 0xc3, 0x18, 0x31, 0x86, 0x38, 0x63, 0x6,
    0x30,

    /* U+00AC "¬" */
    0xff, 0xff, 0xff, 0xc0, 0x6, 0x0, 0x30, 0x1,
    0x80, 0xc, 0x0, 0x60, 0x3,

    /* U+00AD "­" */
    0xff, 0xfc,

    /* U+00AE "®" */
    0x1, 0xf8, 0x0, 0x7f, 0xe0, 0x1e, 0x7, 0x83,
    0x80, 0x1c, 0x30, 0x0, 0xc6, 0x7f, 0x86, 0x67,
    0xfc, 0x6c, 0x60, 0xc3, 0xc6, 0xc, 0x3c, 0x7f,
    0x83, 0xc7, 0xf0, 0x3c, 0x63, 0x3, 0xc6, 0x18,
    0x36, 0x61, 0x86, 0x66, 0xc, 0x63, 0x0, 0xc,
    0x38, 0x1, 0xc1, 0xe0, 0x78, 0x7, 0xfe, 0x0,
    0x1f, 0x80,

    /* U+00AF "¯" */
    0xff, 0xff, 0xff, 0xff,

    /* U+00B0 "°" */
    0x3c, 0x7e, 0xe7, 0xc3, 0xe7, 0x7e, 0x3c,

    /* U+00B1 "±" */
    0x6, 0x0, 0x30, 0x1, 0x80, 0xc, 0x0, 0x60,
    0x7f, 0xff, 0xff, 0xe0, 0xc0, 0x6, 0x0, 0x30,
    0x1, 0x80, 0xc, 0x0, 0x0, 0x0, 0x3, 0xff,
    0xff, 0xff,

    /* U+00B2 "²" */
    0x3e, 0x63, 0xc3, 0x3, 0x7, 0x1e, 0x3c, 0x78,
    0xf0, 0xff,

    /* U+00B3 "³" */
    0x3e, 0x31, 0x88, 0xc0, 0x60, 0xe0, 0x18, 0x7,
    0x83, 0x63, 0x1f, 0x0,

    /* U+00B4 "´" */
    0x73, 0x30,

    /* U+00B5 "µ" */
    0xc0, 0x78, 0xf, 0x1, 0xe0, 0x3c, 0x7, 0x80,
    0xf0, 0x1e, 0x3, 0xc0, 0x78, 0xf, 0x83, 0xf8,
    0xff, 0xff, 0xbe, 0xf0, 0x6, 0x0, 0xc0, 0x18,
    0x3, 0x0, 0x0,

    /* U+00B6 "¶" */
    0xf, 0xff, 0x3f, 0xff, 0x7f, 0x18, 0x7f, 0x18,
    0x7f, 0x18, 0xff, 0x18, 0x7f, 0x18, 0x7f, 0x18,
    0x3f, 0x18, 0x1f, 0x18, 0x3, 0x18, 0x3, 0x18,
    0x3, 0x18, 0x3, 0x18, 0x3, 0x18, 0x3, 0x18,
    0x3, 0x18, 0x3, 0x18, 0x3, 0x18, 0x3, 0x18,
    0x3, 0x18, 0x3, 0x18, 0x3, 0x18, 0x3, 0x18,

    /* U+00B7 "·" */
    0xf0,

    /* U+00B8 "¸" */
    0x30, 0xe0, 0xc3, 0xff, 0xe0,

    /* U+00B9 "¹" */
    0x19, 0xff, 0xb1, 0x8c, 0x63, 0x18, 0xc0,

    /* U+00BA "º" */
    0x3e, 0x3f, 0xb8, 0xf8, 0x3c, 0x1e, 0xf, 0x7,
    0xc7, 0x7f, 0x1f, 0x0,

    /* U+00BB "»" */
    0xc6, 0xc, 0x61, 0xce, 0x18, 0xc3, 0x8c, 0x39,
    0xc7, 0x39, 0xc6, 0x31, 0x8e, 0x71, 0x8c, 0x63,
    0x0,

    /* U+00BC "¼" */
    0x18, 0x0, 0xc1, 0xc0, 0xc, 0x3e, 0x0, 0xc1,
    0xb0, 0x6, 0x1, 0x80, 0x60, 0xc, 0x6, 0x0,
    0x60, 0x30, 0x3, 0x3, 0x0, 0x18, 0x30, 0x0,
    0xc3, 0x80, 0x0, 0x18, 0x0, 0x1, 0x80, 0xc0,
    0x1c, 0xe, 0x0, 0xc0, 0xf0, 0xc, 0xd, 0x80,
    0xe0, 0xcc, 0x6, 0xf, 0xf8, 0x60, 0x7f, 0xc6,
    0x0, 0x18, 0x30, 0x0, 0xc3, 0x0, 0x0, 0x0,

    /* U+00BD "½" */
    0x18, 0x0, 0xc1, 0xc0, 0xe, 0x3e, 0x0, 0x61,
    0xb0, 0x6, 0x1, 0x80, 0x60, 0xc, 0x3, 0x0,
    0x60, 0x30, 0x3, 0x3, 0x0, 0x18, 0x30, 0x0,
    0xc1, 0x80, 0x0, 0x18, 0x7c, 0x1, 0x87, 0xf0,
    0x1c, 0x71, 0x80, 0xc0, 0xc, 0xc, 0x0, 0xc0,
    0xc0, 0xc, 0x6, 0x0, 0xc0, 0x60, 0x1c, 0x6,
    0x1, 0xfe, 0x60, 0xf, 0xf3, 0x0, 0x0, 0x0,

    /* U+00BE "¾" */
    0x3e, 0x0, 0x31, 0xfc, 0x1, 0x86, 0x30, 0xc,
    0x0, 0xc0, 0x30, 0xe, 0x1, 0x80, 0x3c, 0xc,
    0x0, 0x18, 0x60, 0x0, 0x61, 0x80, 0x63, 0x8c,
    0x1, 0xfc, 0x60, 0x3, 0xe3, 0x80, 0x0, 0xc,
    0x6, 0x0, 0x60, 0x38, 0x3, 0x1, 0xe0, 0xc,
    0xd, 0x80, 0x60, 0xe6, 0x3, 0x3, 0xfc, 0x1c,
    0xf, 0xf0, 0x60, 0x1, 0x83, 0x0, 0x6, 0x18,
    0x0, 0x0,

    /* U+00BF "¿" */
    0x6, 0x0, 0x60, 0x0, 0x0, 0x0, 0x6, 0x0,
    0x60, 0x6, 0x0, 0xc0, 0x1c, 0x3, 0x80, 0x70,
    0xe, 0x0, 0xc0, 0xc, 0x7, 0xc0, 0x7e, 0x6,
    0x70, 0xe3, 0xfc, 0x1f, 0x0,

    /* U+00C0 "À" */
    0x3, 0x80, 0x0, 0x70, 0x0, 0xe, 0x0, 0x0,
    0x0, 0x1, 0xc0, 0x0, 0x78, 0x0, 0x3e, 0x0,
    0xd, 0xc0, 0x3, 0x30, 0x1, 0xcc, 0x0, 0x63,
    0x80, 0x38, 0x60, 0xe, 0x1c, 0x3, 0x3, 0x1,
    0xc0, 0xe0, 0x7f, 0xf8, 0x3f, 0xfe, 0xe, 0x1,
    0xc3, 0x0, 0x71, 0xc0, 0xe, 0x70, 0x3, 0x98,
    0x0, 0x6e, 0x0, 0x1c,

    /* U+00C1 "Á" */
    0x0, 0x70, 0x0, 0x38, 0x0, 0x1c, 0x0, 0x0,
    0x0, 0x1, 0xc0, 0x0, 0x78, 0x0, 0x3e, 0x0,
    0xd, 0xc0, 0x3, 0x30, 0x1, 0xcc, 0x0, 0x63,
    0x80, 0x38, 0x60, 0xe, 0x1c, 0x3, 0x3, 0x1,
    0xc0, 0xe0, 0x7f, 0xf8, 0x3f, 0xfe, 0xe, 0x1,
    0xc3, 0x0, 0x71, 0xc0, 0xe, 0x70, 0x3, 0x98,
    0x0, 0x6e, 0x0, 0x1c,

    /* U+00C2 "Â" */
    0x1, 0xc0, 0x0, 0x78, 0x0, 0x37, 0x0, 0x1c,
    0xc0, 0x0, 0x0, 0x0, 0x70, 0x0, 0x1e, 0x0,
    0xf, 0x80, 0x3, 0x70, 0x0, 0xcc, 0x0, 0x73,
    0x0, 0x18, 0xe0, 0xe, 0x18, 0x3, 0x87, 0x0,
    0xc0, 0xc0, 0x70, 0x38, 0x1f, 0xfe, 0xf, 0xff,
    0x83, 0x80, 0x70, 0xc0, 0x1c, 0x70, 0x3, 0x9c,
    0x0, 0xe6, 0x0, 0x1b, 0x80, 0x7,

    /* U+00C3 "Ã" */
    0x3, 0xcc, 0x0, 0xff, 0x80, 0x19, 0xe0, 0x0,
    0x0, 0x0, 0xe, 0x0, 0x3, 0xc0, 0x0, 0x7c,
    0x0, 0x1d, 0x80, 0x3, 0xb8, 0x0, 0x67, 0x0,
    0x1c, 0x60, 0x3, 0xe, 0x0, 0xe0, 0xc0, 0x1c,
    0x1c, 0x3, 0x3, 0x80, 0xff, 0xf0, 0x1f, 0xff,
    0x3, 0x0, 0x60, 0xe0, 0xe, 0x18, 0x1, 0xc7,
    0x0, 0x1c, 0xe0, 0x3, 0x98, 0x0, 0x30,

    /* U+00C4 "Ä" */
    0x6, 0x30, 0x1, 0x8c, 0x0, 0x0, 0x0, 0x7,
    0x0, 0x3, 0xe0, 0x0, 0xd8, 0x0, 0x37, 0x0,
    0x1d, 0xc0, 0x7, 0x30, 0x1, 0x8e, 0x0, 0xe3,
    0x80, 0x30, 0x70, 0x1c, 0x1c, 0x7, 0x3, 0x1,
    0xff, 0xe0, 0xff, 0xf8, 0x38, 0x7, 0xc, 0x1,
    0xc7, 0x0, 0x71, 0xc0, 0xe, 0xe0, 0x3, 0xb8,
    0x0, 0x60,

    /* U+00C5 "Å" */
    0x1, 0xc0, 0x0, 0x88, 0x0, 0x22, 0x0, 0x8,
    0x80, 0x1, 0xc0, 0x0, 0xf8, 0x0, 0x36, 0x0,
    0xd, 0x80, 0x7, 0x70, 0x1, 0x8c, 0x0, 0xe3,
    0x80, 0x38, 0x60, 0xc, 0x1c, 0x7, 0x7, 0x1,
    0x80, 0xc0, 0x7f, 0xf8, 0x3f, 0xfe, 0xc, 0x1,
    0xc7, 0x0, 0x71, 0xc0, 0xc, 0x60, 0x3, 0xb8,
    0x0, 0xee, 0x0, 0x1c,

    /* U+00C6 "Æ" */
    0x0, 0x7f, 0xff, 0xc0, 0x1f, 0xff, 0xf0, 0xe,
    0x60, 0x0, 0x3, 0x18, 0x0, 0x1, 0xc6, 0x0,
    0x0, 0x61, 0x80, 0x0, 0x38, 0x60, 0x0, 0xc,
    0x18, 0x0, 0x7, 0x7, 0xff, 0x81, 0x81, 0xff,
    0xe0, 0xe0, 0x60, 0x0, 0x3f, 0xf8, 0x0, 0x1f,
    0xfe, 0x0, 0x6, 0x1, 0x80, 0x3, 0x80, 0x60,
    0x0, 0xc0, 0x18, 0x0, 0x70, 0x6, 0x0, 0x1c,
    0x1, 0xff, 0xfe, 0x0, 0x7f, 0xfc,

    /* U+00C7 "Ç" */
    0x3, 0xf0, 0x7, 0xfe, 0x7, 0x7, 0x86, 0x0,
    0xe6, 0x0, 0x73, 0x0, 0x1b, 0x0, 0x1, 0x80,
    0x0, 0xc0, 0x0, 0x60, 0x0, 0x30, 0x0, 0x18,
    0x0, 0xc, 0x0, 0x23, 0x0, 0x1d, 0x80, 0x1c,
    0x60, 0xe, 0x3c, 0x1e, 0x7, 0xfe, 0x0, 0xfc,
    0x0, 0x30, 0x0, 0x1e, 0x0, 0x3, 0x0, 0x1f,
    0x80, 0xf, 0x80,

    /* U+00C8 "È" */
    0xe, 0x0, 0xe, 0x0, 0xe, 0x0, 0x0, 0xf,
    0xff, 0xdf, 0xff, 0xb0, 0x0, 0x60, 0x0, 0xc0,
    0x1, 0x80, 0x3, 0x0, 0x6, 0x0, 0xf, 0xff,
    0xdf, 0xff, 0xb0, 0x0, 0x60, 0x0, 0xc0, 0x1,
    0x80, 0x3, 0x0, 0x6, 0x0, 0xc, 0x0, 0x1f,
    0xff, 0xff, 0xff, 0x80,

    /* U+00C9 "É" */
    0x3, 0xc0, 0x7, 0x0, 0x1c, 0x0, 0x0, 0xf,
    0xff, 0xdf, 0xff, 0xb0, 0x0, 0x60, 0x0, 0xc0,
    0x1, 0x80, 0x3, 0x0, 0x6, 0x0, 0xf, 0xff,
    0xdf, 0xff, 0xb0, 0x0, 0x60, 0x0, 0xc0, 0x1,
    0x80, 0x3, 0x0, 0x6, 0x0, 0xc, 0x0, 0x1f,
    0xff, 0xff, 0xff, 0x80,

    /* U+00CA "Ê" */
    0x3, 0x0, 0xf, 0x0, 0x37, 0x0, 0xe7, 0x0,
    0x0, 0x1f, 0xff, 0xbf, 0xff, 0x60, 0x0, 0xc0,
    0x1, 0x80, 0x3, 0x0, 0x6, 0x0, 0xc, 0x0,
    0x1f, 0xff, 0xbf, 0xff, 0x60, 0x0, 0xc0, 0x1,
    0x80, 0x3, 0x0, 0x6, 0x0, 0xc, 0x0, 0x18,
    0x0, 0x3f, 0xff, 0xff, 0xff,

    /* U+00CB "Ë" */
    0xc, 0x60, 0x18, 0xc0, 0x0, 0x7, 0xff, 0xef,
    0xff, 0xd8, 0x0, 0x30, 0x0, 0x60, 0x0, 0xc0,
    0x1, 0x80, 0x3, 0x0, 0x7, 0xff, 0xef, 0xff,
    0xd8, 0x0, 0x30, 0x0, 0x60, 0x0, 0xc0, 0x1,
    0x80, 0x3, 0x0, 0x6, 0x0, 0xf, 0xff, 0xff,
    0xff, 0xc0,

    /* U+00CC "Ì" */
    0x61, 0x8c, 0x3, 0x18, 0xc6, 0x31, 0x8c, 0x63,
    0x18, 0xc6, 0x31, 0x8c, 0x63, 0x18, 0xc0,

    /* U+00CD "Í" */
    0x33, 0x10, 0x6, 0x31, 0x8c, 0x63, 0x18, 0xc6,
    0x31, 0x8c, 0x63, 0x18, 0xc6, 0x31, 0x80,

    /* U+00CE "Î" */
    0x18, 0x3c, 0x7e, 0xe6, 0x0, 0x18, 0x18, 0x18,
    0x18, 0x18, 0x18, 0x18, 0x18, 0x18, 0x18, 0x18,
    0x18, 0x18, 0x18, 0x18, 0x18, 0x18, 0x18, 0x18,

    /* U+00CF "Ï" */
    0xe7, 0xcc, 0x0, 0x60, 0xc1, 0x83, 0x6, 0xc,
    0x18, 0x30, 0x60, 0xc1, 0x83, 0x6, 0xc, 0x18,
    0x30, 0x60, 0xc1, 0x80,

    /* U+00D0 "Ð" */
    0x3f, 0xf8, 0xf, 0xff, 0x83, 0x0, 0xf0, 0xc0,
    0xe, 0x30, 0x1, 0x8c, 0x0, 0x63, 0x0, 0xc,
    0xc0, 0x3, 0x30, 0x0, 0xff, 0xf0, 0x3f, 0xfc,
    0xc, 0xc0, 0x3, 0x30, 0x0, 0xcc, 0x0, 0x63,
    0x0, 0x18, 0xc0, 0xe, 0x30, 0xf, 0xf, 0xff,
    0x83, 0xff, 0x80,

    /* U+00D1 "Ñ" */
    0xf, 0x18, 0x1f, 0xe0, 0x63, 0xc0, 0x0, 0xe,
    0x0, 0x7c, 0x0, 0xfc, 0x1, 0xfc, 0x3, 0xf8,
    0x7, 0xb8, 0xf, 0x38, 0x1e, 0x78, 0x3c, 0x70,
    0x78, 0x70, 0xf0, 0x71, 0xe0, 0xf3, 0xc0, 0xe7,
    0x80, 0xef, 0x0, 0xfe, 0x1, 0xfc, 0x1, 0xf8,
    0x1, 0xf0, 0x3, 0x80,

    /* U+00D2 "Ò" */
    0x3, 0x80, 0x0, 0x70, 0x0, 0xc, 0x0, 0x0,
    0x0, 0x0, 0x0, 0x0, 0xfc, 0x0, 0xff, 0xc0,
    0x70, 0x38, 0x30, 0x7, 0x18, 0x0, 0xe6, 0x0,
    0x1b, 0x0, 0x3, 0xc0, 0x0, 0xf0, 0x0, 0x3c,
    0x0, 0xf, 0x0, 0x3, 0xc0, 0x0, 0xf0, 0x0,
    0x36, 0x0, 0x19, 0x80, 0xe, 0x30, 0x3, 0x7,
    0x3, 0x80, 0xff, 0xc0, 0xf, 0xc0,

    /* U+00D3 "Ó" */
    0x0, 0x70, 0x0, 0x38, 0x0, 0xc, 0x0, 0x0,
    0x0, 0x0, 0x0, 0x0, 0xfc, 0x0, 0xff, 0xc0,
    0x70, 0x38, 0x30, 0x7, 0x18, 0x0, 0xe6, 0x0,
    0x1b, 0x0, 0x3, 0xc0, 0x0, 0xf0, 0x0, 0x3c,
    0x0, 0xf, 0x0, 0x3, 0xc0, 0x0, 0xf0, 0x0,
    0x36, 0x0, 0x19, 0x80, 0xe, 0x30, 0x3, 0x7,
    0x3, 0x80, 0xff, 0xc0, 0xf, 0xc0,

    /* U+00D4 "Ô" */
    0x1, 0xe0, 0x0, 0xfc, 0x0, 0x73, 0x0, 0x18,
    0x60, 0x0, 0x0, 0x0, 0xfc, 0x0, 0xff, 0xc0,
    0x70, 0x38, 0x30, 0x7, 0x18, 0x0, 0xe6, 0x0,
    0x1b, 0x0, 0x3, 0xc0, 0x0, 0xf0, 0x0, 0x3c,
    0x0, 0xf, 0x0, 0x3, 0xc0, 0x0, 0xf0, 0x0,
    0x36, 0x0, 0x19, 0x80, 0xe, 0x30, 0x3, 0x7,
    0x3, 0x80, 0xff, 0xc0, 0xf, 0xc0,

    /* U+00D5 "Õ" */
    0x7, 0x8c, 0x1, 0xfe, 0x0, 0xc7, 0x80, 0x0,
    0x0, 0x3, 0xf0, 0x3, 0xff, 0x1, 0xc0, 0xe0,
    0xc0, 0x1c, 0x60, 0x3, 0x98, 0x0, 0x6c, 0x0,
    0xf, 0x0, 0x3, 0xc0, 0x0, 0xf0, 0x0, 0x3c,
    0x0, 0xf, 0x0, 0x3, 0xc0, 0x0, 0xd8, 0x0,
    0x66, 0x0, 0x38, 0xc0, 0xc, 0x1c, 0xe, 0x3,
    0xff, 0x0, 0x3f, 0x0,

    /* U+00D6 "Ö" */
    0x3, 0x18, 0x0, 0xc6, 0x0, 0x0, 0x0, 0x0,
    0x0, 0x3, 0xf0, 0x3, 0xff, 0x1, 0xc0, 0xe0,
    0xc0, 0x1c, 0x60, 0x3, 0x98, 0x0, 0x6c, 0x0,
    0xf, 0x0, 0x3, 0xc0, 0x0, 0xf0, 0x0, 0x3c,
    0x0, 0xf, 0x0, 0x3, 0xc0, 0x0, 0xd8, 0x0,
    0x66, 0x0, 0x38, 0xc0, 0xc, 0x1c, 0xe, 0x3,
    0xff, 0x0, 0x3f, 0x0,

    /* U+00D7 "×" */
    0x40, 0xe, 0x6, 0x70, 0xe3, 0xbc, 0x1f, 0x80,
    0xf0, 0x1f, 0x3, 0xf8, 0x79, 0xcf, 0xe, 0x60,
    0x60,

    /* U+00D8 "Ø" */
    0x3, 0xf0, 0xc3, 0xff, 0x31, 0xc1, 0xf8, 0xc0,
    0x1e, 0x60, 0xf, 0x98, 0x7, 0x6c, 0x3, 0x8f,
    0x1, 0xc3, 0xc0, 0x60, 0xf0, 0x30, 0x3c, 0x18,
    0xf, 0xc, 0x3, 0xc6, 0x0, 0xdb, 0x0, 0x67,
    0x80, 0x39, 0xc0, 0x1c, 0x7c, 0xe, 0x37, 0xff,
    0xc, 0x7f, 0x0,

    /* U+00D9 "Ù" */
    0xf, 0x0, 0xe, 0x0, 0x6, 0x0, 0x0, 0x0,
    0x0, 0x18, 0x0, 0xf0, 0x1, 0xe0, 0x3, 0xc0,
    0x7, 0x80, 0xf, 0x0, 0x1e, 0x0, 0x3c, 0x0,
    0x78, 0x0, 0xf0, 0x1, 0xe0, 0x3, 0xc0, 0x7,
    0x80, 0xf, 0x0, 0x1e, 0x0, 0x76, 0x0, 0xcf,
    0x7, 0x8f, 0xfe, 0x7, 0xf0,

    /* U+00DA "Ú" */
    0x1, 0xe0, 0x3, 0x0, 0xc, 0x0, 0x0, 0x0,
    0x0, 0x18, 0x0, 0xf0, 0x1, 0xe0, 0x3, 0xc0,
    0x7, 0x80, 0xf, 0x0, 0x1e, 0x0, 0x3c, 0x0,
    0x78, 0x0, 0xf0, 0x1, 0xe0, 0x3, 0xc0, 0x7,
    0x80, 0xf, 0x0, 0x1e, 0x0, 0x76, 0x0, 0xcf,
    0x7, 0x8f, 0xfe, 0x7, 0xf0,

    /* U+00DB "Û" */
    0x3, 0x80, 0xd, 0x80, 0x3b, 0x80, 0xe3, 0x80,
    0x0, 0x18, 0x0, 0xf0, 0x1, 0xe0, 0x3, 0xc0,
    0x7, 0x80, 0xf, 0x0, 0x1e, 0x0, 0x3c, 0x0,
    0x78, 0x0, 0xf0, 0x1, 0xe0, 0x3, 0xc0, 0x7,
    0x80, 0xf, 0x0, 0x1e, 0x0, 0x76, 0x0, 0xcf,
    0x7, 0x8f, 0xfe, 0x7, 0xf0,

    /* U+00DC "Ü" */
    0xc, 0x60, 0x18, 0xc0, 0x0, 0x0, 0x0, 0xc,
    0x0, 0x78, 0x0, 0xf0, 0x1, 0xe0, 0x3, 0xc0,
    0x7, 0x80, 0xf, 0x0, 0x1e, 0x0, 0x3c, 0x0,
    0x78, 0x0, 0xf0, 0x1, 0xe0, 0x3, 0xc0, 0x7,
    0x80, 0xf, 0x0, 0x3b, 0x0, 0x67, 0x83, 0xc7,
    0xff, 0x3, 0xf8, 0x0,

    /* U+00DD "Ý" */
    0x0, 0xe0, 0x0, 0xe0, 0x0, 0x60, 0x0, 0x0,
    0xe, 0x0, 0x73, 0x80, 0x39, 0xc0, 0x38, 0x70,
    0x38, 0x1c, 0x1c, 0xe, 0x1c, 0x3, 0x8c, 0x0,
    0xcc, 0x0, 0x7e, 0x0, 0x1e, 0x0, 0x6, 0x0,
    0x3, 0x0, 0x1, 0x80, 0x0, 0xc0, 0x0, 0x60,
    0x0, 0x30, 0x0, 0x18, 0x0, 0xc, 0x0, 0x6,
    0x0,

    /* U+00DE "Þ" */
    0xc0, 0x3, 0x0, 0xc, 0x0, 0x30, 0x0, 0xff,
    0xe3, 0xff, 0xcc, 0x3, 0xb0, 0x7, 0xc0, 0xf,
    0x0, 0x3c, 0x0, 0xf0, 0x7, 0xc0, 0x3b, 0xff,
    0xcf, 0xfe, 0x30, 0x0, 0xc0, 0x3, 0x0, 0xc,
    0x0, 0x0,

    /* U+00DF "ß" */
    0x1f, 0x3, 0xfc, 0x18, 0x71, 0x81, 0x8c, 0xc,
    0x60, 0x63, 0x6, 0x18, 0x60, 0xc3, 0x6, 0x18,
    0x30, 0x71, 0x81, 0xcc, 0x7, 0x60, 0x1f, 0x0,
    0x78, 0x83, 0xce, 0x3e, 0x3f, 0xb0, 0xf8,

    /* U+00E0 "à" */
    0xe, 0x0, 0x38, 0x0, 0xc0, 0x0, 0x0, 0x0,
    0xf, 0xe0, 0xff, 0x8e, 0xe, 0xe0, 0x30, 0x1,
    0x80, 0x1c, 0x3f, 0xe7, 0xf3, 0x70, 0x1b, 0x0,
    0xd8, 0xe, 0xe0, 0xf3, 0xff, 0x8f, 0xcc,

    /* U+00E1 "á" */
    0x3, 0xc0, 0x1c, 0x1, 0xc0, 0x0, 0x0, 0x0,
    0xf, 0xe0, 0xff, 0x8e, 0xe, 0xe0, 0x30, 0x1,
    0x80, 0x1c, 0x3f, 0xe7, 0xf3, 0x70, 0x1b, 0x0,
    0xd8, 0xe, 0xe0, 0xf3, 0xff, 0x8f, 0xcc,

    /* U+00E2 "â" */
    0xf, 0x0, 0x7c, 0x7, 0x70, 0x71, 0xc0, 0x0,
    0xf, 0xe0, 0xff, 0x8e, 0xe, 0xe0, 0x30, 0x1,
    0x80, 0x1c, 0x3f, 0xe7, 0xf3, 0x70, 0x1b, 0x0,
    0xd8, 0xe, 0xe0, 0xf3, 0xff, 0x8f, 0xcc,

    /* U+00E3 "ã" */
    0x1e, 0x61, 0xff, 0xc, 0xf0, 0x0, 0x0, 0x0,
    0xf, 0xe0, 0xff, 0x8e, 0xe, 0xe0, 0x30, 0x1,
    0x80, 0x1c, 0x3f, 0xe7, 0xf3, 0x70, 0x1b, 0x0,
    0xd8, 0xe, 0xe0, 0xf3, 0xff, 0x8f, 0xcc,

    /* U+00E4 "ä" */
    0x18, 0xc0, 0xc6, 0x0, 0x0, 0x0, 0x0, 0x0,
    0xf, 0xe0, 0xff, 0x8e, 0xe, 0xe0, 0x30, 0x1,
    0x80, 0x1c, 0x3f, 0xe7, 0xf3, 0x70, 0x1b, 0x0,
    0xd8, 0xe, 0xe0, 0xf3, 0xff, 0x8f, 0xcc,

    /* U+00E5 "å" */
    0x7, 0x0, 0x44, 0x2, 0x20, 0xe, 0x0, 0x0,
    0xf, 0xe0, 0xff, 0x8e, 0xe, 0xe0, 0x30, 0x1,
    0x80, 0x1c, 0x3f, 0xe7, 0xf3, 0x70, 0x1b, 0x0,
    0xd8, 0xe, 0xe0, 0xf3, 0xff, 0x8f, 0xcc,

    /* U+00E6 "æ" */
    0x1f, 0xc7, 0xe0, 0xff, 0xbf, 0xc7, 0x7, 0xc3,
    0xb8, 0xc, 0x6, 0x0, 0x30, 0x1c, 0x1f, 0xff,
    0xf3, 0xfb, 0xff, 0xdc, 0xc, 0x0, 0xc0, 0x30,
    0x3, 0x0, 0xc0, 0x7c, 0x7, 0x81, 0xf8, 0x3f,
    0xe, 0x7f, 0xcf, 0xf0, 0xfc, 0x1f, 0x0,

    /* U+00E7 "ç" */
    0xf, 0x83, 0xfc, 0x70, 0xe6, 0x7, 0xc0, 0x6c,
    0x0, 0xc0, 0xc, 0x0, 0xc0, 0xc, 0x7, 0x60,
    0x77, 0xe, 0x3f, 0xc0, 0xf8, 0xc, 0x0, 0x30,
    0x3, 0x81, 0xf0, 0x1e, 0x0,

    /* U+00E8 "è" */
    0x1c, 0x0, 0x70, 0x1, 0xc0, 0x0, 0x0, 0x0,
    0x7, 0xc0, 0xff, 0x8e, 0xe, 0x40, 0x36, 0x1,
    0xff, 0xff, 0xff, 0xfc, 0x0, 0x60, 0x3, 0x0,
    0xec, 0x7, 0x70, 0xf1, 0xff, 0x3, 0xe0,

    /* U+00E9 "é" */
    0x3, 0x80, 0x18, 0x1, 0x80, 0x0, 0x0, 0x0,
    0x7, 0xc0, 0xff, 0x8e, 0xe, 0x40, 0x36, 0x1,
    0xff, 0xff, 0xff, 0xfc, 0x0, 0x60, 0x3, 0x0,
    0xec, 0x7, 0x70, 0xf1, 0xff, 0x3, 0xe0,

    /* U+00EA "ê" */
    0xf, 0x0, 0x7c, 0x6, 0x70, 0x71, 0xc0, 0x0,
    0x7, 0xc0, 0xff, 0x8e, 0xe, 0x40, 0x36, 0x1,
    0xff, 0xff, 0xff, 0xfc, 0x0, 0x60, 0x3, 0x0,
    0xec, 0x7, 0x70, 0xf1, 0xff, 0x3, 0xe0,

    /* U+00EB "ë" */
    0x18, 0xc0, 0xc6, 0x0, 0x0, 0x0, 0x0, 0x0,
    0x7, 0xc0, 0xff, 0x8e, 0x1e, 0x40, 0x36, 0x1,
    0xff, 0xff, 0xff, 0xfc, 0x0, 0x60, 0x3, 0x0,
    0xec, 0x7, 0x70, 0xf1, 0xff, 0x3, 0xf0,

    /* U+00EC "ì" */
    0xe7, 0x30, 0x3, 0x33, 0x33, 0x33, 0x33, 0x33,
    0x33, 0x30,

    /* U+00ED "í" */
    0x76, 0xc0, 0xc, 0xcc, 0xcc, 0xcc, 0xcc, 0xcc,
    0xcc, 0xc0,

    /* U+00EE "î" */
    0x1c, 0x3c, 0x66, 0x1, 0x0, 0x18, 0x18, 0x18,
    0x18, 0x18, 0x18, 0x18, 0x18, 0x18, 0x18, 0x18,
    0x18, 0x18, 0x18,

    /* U+00EF "ï" */
    0xc3, 0xc3, 0x0, 0x0, 0x0, 0x18, 0x18, 0x18,
    0x18, 0x18, 0x18, 0x18, 0x18, 0x18, 0x18, 0x18,
    0x18, 0x18, 0x18,

    /* U+00F0 "ð" */
    0xe, 0x20, 0x3f, 0x1, 0xe0, 0x7b, 0x80, 0xe,
    0x7, 0xb0, 0xff, 0xce, 0xe, 0x60, 0x36, 0x0,
    0xf0, 0x7, 0x80, 0x3c, 0x1, 0xe0, 0xf, 0x0,
    0xec, 0x6, 0x70, 0x71, 0xff, 0x3, 0xe0,

    /* U+00F1 "ñ" */
    0x1c, 0x47, 0xf8, 0x8e, 0x0, 0x0, 0x1, 0x9f,
    0x37, 0xf7, 0x87, 0xe0, 0x78, 0xf, 0x1, 0xe0,
    0x3c, 0x7, 0x80, 0xf0, 0x1e, 0x3, 0xc0, 0x78,
    0xf, 0x1, 0x80,

    /* U+00F2 "ò" */
    0x1e, 0x0, 0x70, 0x0, 0xc0, 0x0, 0x0, 0x0,
    0x7, 0xc0, 0xff, 0x8e, 0xe, 0x60, 0x36, 0x0,
    0xf0, 0x7, 0x80, 0x3c, 0x1, 0xe0, 0xf, 0x0,
    0x6c, 0x6, 0x70, 0x71, 0xff, 0x3, 0xe0,

    /* U+00F3 "ó" */
    0x1, 0xc0, 0x1c, 0x1, 0xc0, 0x0, 0x0, 0x0,
    0x7, 0xc0, 0xff, 0x8e, 0xe, 0x60, 0x36, 0x0,
    0xf0, 0x7, 0x80, 0x3c, 0x1, 0xe0, 0xf, 0x0,
    0x6c, 0x6, 0x70, 0x71, 0xff, 0x3, 0xe0,

    /* U+00F4 "ô" */
    0x7, 0x0, 0x6c, 0x7, 0x70, 0x71, 0xc0, 0x0,
    0x7, 0xc0, 0xff, 0x8e, 0xe, 0x60, 0x36, 0x0,
    0xf0, 0x7, 0x80, 0x3c, 0x1, 0xe0, 0xf, 0x0,
    0x6c, 0x6, 0x70, 0x71, 0xff, 0x3, 0xe0,

    /* U+00F5 "õ" */
    0x1e, 0x61, 0xff, 0xc, 0xf0, 0x0, 0x0, 0x0,
    0x7, 0xc0, 0xff, 0x8e, 0xe, 0x60, 0x36, 0x0,
    0xf0, 0x7, 0x80, 0x3c, 0x1, 0xe0, 0xf, 0x0,
    0x6c, 0x6, 0x70, 0x71, 0xff, 0x3, 0xe0,

    /* U+00F6 "ö" */
    0x18, 0xc0, 0xc6, 0x0, 0x0, 0x0, 0x0, 0x0,
    0x7, 0xc0, 0xff, 0x8e, 0xe, 0x60, 0x36, 0x0,
    0xf0, 0x7, 0x80, 0x3c, 0x1, 0xe0, 0xf, 0x0,
    0x6c, 0x6, 0x70, 0x71, 0xff, 0x3, 0xe0,

    /* U+00F7 "÷" */
    0x6, 0x0, 0x30, 0x0, 0x0, 0x0, 0xf, 0xff,
    0xff, 0xfc, 0x0, 0x0, 0x0, 0x6, 0x0, 0x30,
    0x0,

    /* U+00F8 "ø" */
    0x0, 0x0, 0x7c, 0xcf, 0xfc, 0xe1, 0xe6, 0xf,
    0x60, 0xef, 0xe, 0x78, 0x63, 0xc6, 0x1e, 0x60,
    0xf6, 0xe, 0xf0, 0x67, 0x7, 0x3f, 0xf3, 0x7e,
    0x0, 0x0,

    /* U+00F9 "ù" */
    0x1c, 0x1, 0xc0, 0x1c, 0x0, 0x0, 0x1, 0x80,
    0xf0, 0x1e, 0x3, 0xc0, 0x78, 0xf, 0x1, 0xe0,
    0x3c, 0x7, 0x80, 0xf0, 0x1e, 0x7, 0xe1, 0xef,
    0xfc, 0xf9, 0x80,

    /* U+00FA "ú" */
    0x3, 0x80, 0xe0, 0x38, 0x0, 0x0, 0x1, 0x80,
    0xf0, 0x1e, 0x3, 0xc0, 0x78, 0xf, 0x1, 0xe0,
    0x3c, 0x7, 0x80, 0xf0, 0x1e, 0x7, 0xe1, 0xef,
    0xfc, 0xf9, 0x80,

    /* U+00FB "û" */
    0xe, 0x3, 0x60, 0xee, 0x0, 0x0, 0x1, 0x80,
    0xf0, 0x1e, 0x3, 0xc0, 0x78, 0xf, 0x1, 0xe0,
    0x3c, 0x7, 0x80, 0xf0, 0x1e, 0x7, 0xe1, 0xef,
    0xfc, 0xf9, 0x80,

    /* U+00FC "ü" */
    0x31, 0x86, 0x30, 0x0, 0x0, 0x0, 0x1, 0x80,
    0xf0, 0x1e, 0x3, 0xc0, 0x78, 0xf, 0x1, 0xe0,
    0x3c, 0x7, 0x80, 0xf0, 0x1e, 0x7, 0xe1, 0xef,
    0xfc, 0xf9, 0x80,

    /* U+00FD "ý" */
    0x1, 0xc0, 0x1c, 0x0, 0xc0, 0x0, 0x0, 0x0,
    0x30, 0xd, 0xc0, 0xee, 0x6, 0x30, 0x31, 0xc3,
    0x86, 0x18, 0x31, 0xc1, 0xcc, 0x6, 0x60, 0x37,
    0x1, 0xf0, 0x7, 0x80, 0x38, 0x0, 0xc0, 0xe,
    0x0, 0x60, 0x7, 0x0, 0xf0, 0x7, 0x0,

    /* U+00FE "þ" */
    0xc0, 0xc, 0x0, 0xc0, 0xc, 0x0, 0xc0, 0xc,
    0xf0, 0xff, 0xcf, 0xe, 0xe0, 0x6e, 0x3, 0xc0,
    0x3c, 0x3, 0xc0, 0x3c, 0x3, 0xc0, 0x3e, 0x6,
    0xf0, 0xef, 0xfc, 0xcf, 0xc, 0x0, 0xc0, 0xc,
    0x0, 0xc0, 0xc, 0x0,

    /* U+00FF "ÿ" */
    0x18, 0xc0, 0xc6, 0x0, 0x0, 0x0, 0x0, 0x0,
    0x70, 0x19, 0x80, 0xce, 0xe, 0x70, 0x61, 0x83,
    0xe, 0x38, 0x31, 0x81, 0x8c, 0xe, 0xc0, 0x36,
    0x1, 0xb0, 0xf, 0x0, 0x38, 0x1, 0xc0, 0xc,
    0x0, 0xe0, 0x6, 0x1, 0xf0, 0xf, 0x0,

    /* U+0100 "Ā" */
    0x7, 0xf8, 0x1, 0xfe, 0x0, 0x0, 0x0, 0x7,
    0x0, 0x1, 0xe0, 0x0, 0x78, 0x0, 0x37, 0x0,
    0xc, 0xc0, 0x7, 0x38, 0x1, 0x8e, 0x0, 0x61,
    0x80, 0x38, 0x70, 0xc, 0xc, 0x7, 0x3, 0x81,
    0xff, 0xe0, 0x7f, 0xf8, 0x38, 0x7, 0xe, 0x1,
    0xc3, 0x0, 0x39, 0xc0, 0xe, 0x60, 0x1, 0xb8,
    0x0, 0x70,

    /* U+0101 "ā" */
    0x1f, 0xe0, 0xff, 0x0, 0x0, 0x0, 0x1, 0xfc,
    0x1f, 0xf1, 0xc1, 0xdc, 0x6, 0x0, 0x30, 0x3,
    0x87, 0xfc, 0xfe, 0x6e, 0x3, 0x60, 0x1b, 0x1,
    0xdc, 0x1e, 0x7f, 0xf1, 0xf9, 0x80,

    /* U+0102 "Ă" */
    0x6, 0x18, 0x1, 0x86, 0x0, 0x3f, 0x0, 0x7,
    0x80, 0x0, 0x0, 0x0, 0x70, 0x0, 0x1e, 0x0,
    0xf, 0x80, 0x3, 0x70, 0x0, 0xcc, 0x0, 0x73,
    0x0, 0x18, 0xe0, 0xe, 0x18, 0x3, 0x87, 0x0,
    0xc0, 0xc0, 0x70, 0x38, 0x1f, 0xfe, 0xf, 0xff,
    0x83, 0x80, 0x70, 0xc0, 0x1c, 0x70, 0x3, 0x9c,
    0x0, 0xe6, 0x0, 0x1b, 0x80, 0x7,

    /* U+0103 "ă" */
    0x38, 0x60, 0xfe, 0x3, 0xe0, 0x0, 0x0, 0x0,
    0xf, 0xe0, 0xff, 0x8e, 0xe, 0xe0, 0x30, 0x1,
    0x80, 0x1c, 0x3f, 0xe7, 0xf3, 0x70, 0x1b, 0x0,
    0xd8, 0xe, 0xe0, 0xf3, 0xff, 0x8f, 0xcc,

    /* U+0104 "Ą" */
    0x0, 0xe0, 0x0, 0xf, 0x0, 0x0, 0x7c, 0x0,
    0x7, 0x60, 0x0, 0x33, 0x0, 0x1, 0x9c, 0x0,
    0x1c, 0x60, 0x0, 0xc3, 0x80, 0xe, 0x1c, 0x0,
    0x60, 0x70, 0x3, 0x3, 0x80, 0x3f, 0xfc, 0x1,
    0xff, 0xf0, 0x1c, 0x3, 0x80, 0xe0, 0xe, 0x6,
    0x0, 0x70, 0x70, 0x1, 0xc3, 0x80, 0xe, 0x18,
    0x0, 0x70, 0x0, 0x3, 0x0, 0x0, 0x18, 0x0,
    0x0, 0xe0, 0x0, 0x7, 0xe0, 0x0, 0x1e,

    /* U+0105 "ą" */
    0x1f, 0xc0, 0x3f, 0xe0, 0x70, 0x70, 0xe0, 0x30,
    0x0, 0x30, 0x0, 0x70, 0x1f, 0xf0, 0x7f, 0x30,
    0xe0, 0x30, 0xc0, 0x30, 0xc0, 0x70, 0xe0, 0xf0,
    0x7f, 0xf0, 0x3f, 0x38, 0x0, 0x30, 0x0, 0x30,
    0x0, 0x38, 0x0, 0x3f, 0x0, 0x1e,

    /* U+0106 "Ć" */
    0x0, 0xe0, 0x0, 0xc0, 0x1, 0x80, 0x0, 0x0,
    0x0, 0x0, 0x3, 0xf0, 0xf, 0xfc, 0x3c, 0x1e,
    0x30, 0xe, 0x60, 0x7, 0x60, 0x6, 0xc0, 0x0,
    0xc0, 0x0, 0xc0, 0x0, 0xc0, 0x0, 0xc0, 0x0,
    0xc0, 0x0, 0xc0, 0x2, 0x60, 0x7, 0x60, 0x7,
    0x30, 0xe, 0x3c, 0x1e, 0x1f, 0xfc, 0x7, 0xf0,

    /* U+0107 "ć" */
    0x3, 0x0, 0x70, 0xe, 0x0, 0x0, 0x0, 0x0,
    0xf8, 0x3f, 0xc7, 0xe, 0x60, 0x6c, 0x4, 0xc0,
    0xc, 0x0, 0xc0, 0xc, 0x0, 0xc0, 0x76, 0x6,
    0x70, 0xe3, 0xfc, 0x1f, 0x80,

    /* U+0108 "Ĉ" */
    0x3, 0xc0, 0x3, 0xe0, 0x6, 0x70, 0xe, 0x30,
    0x0, 0x0, 0x3, 0xf0, 0xf, 0xfc, 0x3c, 0x1e,
    0x30, 0xe, 0x60, 0x7, 0x60, 0x6, 0xc0, 0x0,
    0xc0, 0x0, 0xc0, 0x0, 0xc0, 0x0, 0xc0, 0x0,
    0xc0, 0x0, 0xc0, 0x2, 0x60, 0x7, 0x60, 0x7,
    0x30, 0xe, 0x3c, 0x1e, 0x1f, 0xfc, 0x7, 0xf0,

    /* U+0109 "ĉ" */
    0x7, 0x0, 0xf8, 0x1d, 0xc3, 0x8c, 0x0, 0x0,
    0xf8, 0x3f, 0xc7, 0xe, 0x60, 0x6c, 0x4, 0xc0,
    0xc, 0x0, 0xc0, 0xc, 0x0, 0xc0, 0x76, 0x6,
    0x70, 0xe3, 0xfc, 0x1f, 0x80,

    /* U+010A "Ċ" */
    0x1, 0xc0, 0x0, 0xe0, 0x0, 0x70, 0x0, 0x0,
    0x0, 0x0, 0x0, 0x1f, 0x80, 0x3f, 0xf0, 0x78,
    0x3c, 0x30, 0x7, 0x30, 0x3, 0x98, 0x0, 0xd8,
    0x0, 0xc, 0x0, 0x6, 0x0, 0x3, 0x0, 0x1,
    0x80, 0x0, 0xc0, 0x0, 0x60, 0x1, 0x18, 0x0,
    0xec, 0x0, 0xe3, 0x0, 0xf1, 0xe0, 0xf0, 0x7f,
    0xf0, 0xf, 0xe0,

    /* U+010B "ċ" */
    0x7, 0x0, 0x70, 0x7, 0x0, 0x0, 0x0, 0x0,
    0xf8, 0x3f, 0xc7, 0xe, 0x60, 0x7c, 0x2, 0xc0,
    0xc, 0x0, 0xc0, 0xc, 0x0, 0xc0, 0x36, 0x7,
    0x70, 0xe3, 0xfc, 0xf, 0x80,

    /* U+010C "Č" */
    0x6, 0x30, 0x7, 0x60, 0x3, 0xc0, 0x1, 0xc0,
    0x0, 0x0, 0x3, 0xf0, 0xf, 0xfc, 0x3c, 0x1e,
    0x30, 0xe, 0x60, 0x7, 0x60, 0x6, 0xc0, 0x0,
    0xc0, 0x0, 0xc0, 0x0, 0xc0, 0x0, 0xc0, 0x0,
    0xc0, 0x0, 0xc0, 0x2, 0x60, 0x7, 0x60, 0x7,
    0x30, 0xe, 0x3c, 0x1e, 0x1f, 0xfc, 0x7, 0xf0,

    /* U+010D "č" */
    0x39, 0xc1, 0xb8, 0xf, 0x0, 0xe0, 0x0, 0x0,
    0xf8, 0x3f, 0xc7, 0xe, 0x60, 0x6c, 0x4, 0xc0,
    0xc, 0x0, 0xc0, 0xc, 0x0, 0xc0, 0x76, 0x6,
    0x70, 0xe3, 0xfc, 0x1f, 0x80,

    /* U+010E "Ď" */
    0x71, 0xc0, 0x39, 0x80, 0x1f, 0x0, 0xe, 0x0,
    0x0, 0x0, 0xff, 0xe0, 0xff, 0xf8, 0xc0, 0x3c,
    0xc0, 0xe, 0xc0, 0x6, 0xc0, 0x6, 0xc0, 0x3,
    0xc0, 0x3, 0xc0, 0x3, 0xc0, 0x3, 0xc0, 0x3,
    0xc0, 0x3, 0xc0, 0x3, 0xc0, 0x6, 0xc0, 0x6,
    0xc0, 0xc, 0xc0, 0x3c, 0xff, 0xf8, 0xff, 0xe0,

    /* U+010F "ď" */
    0x0, 0x36, 0x0, 0x6c, 0x0, 0xc8, 0x1, 0x90,
    0x3, 0x61, 0xe6, 0x8f, 0xfc, 0x38, 0x78, 0x60,
    0x71, 0x80, 0x63, 0x0, 0xc6, 0x1, 0x8c, 0x3,
    0x18, 0x6, 0x30, 0xc, 0x30, 0x38, 0x70, 0xf0,
    0x7f, 0xe0, 0x3c, 0xc0,

    /* U+0110 "Đ" */
    0x3f, 0xf8, 0xf, 0xff, 0x83, 0x0, 0xf0, 0xc0,
    0xe, 0x30, 0x1, 0x8c, 0x0, 0x63, 0x0, 0xc,
    0xc0, 0x3, 0x30, 0x0, 0xff, 0xf0, 0x3f, 0xfc,
    0xc, 0xc0, 0x3, 0x30, 0x0, 0xcc, 0x0, 0x63,
    0x0, 0x18, 0xc0, 0xe, 0x30, 0xf, 0xf, 0xff,
    0x83, 0xff, 0x80,

    /* U+0111 "đ" */
    0x0, 0x30, 0x1f, 0xf0, 0x7f, 0xc0, 0xc, 0x0,
    0x30, 0x3c, 0xc3, 0xff, 0x1c, 0x3c, 0x60, 0x73,
    0x0, 0xcc, 0x3, 0x30, 0xc, 0xc0, 0x33, 0x0,
    0xcc, 0x3, 0x18, 0x1c, 0x70, 0xf0, 0xff, 0xc0,
    0xf3, 0x0,

    /* U+0112 "Ē" */
    0x1f, 0xe0, 0x3f, 0xc0, 0x0, 0x7, 0xff, 0xef,
    0xff, 0xd8, 0x0, 0x30, 0x0, 0x60, 0x0, 0xc0,
    0x1, 0x80, 0x3, 0x0, 0x7, 0xff, 0xef, 0xff,
    0xd8, 0x0, 0x30, 0x0, 0x60, 0x0, 0xc0, 0x1,
    0x80, 0x3, 0x0, 0x6, 0x0, 0xf, 0xff, 0xff,
    0xff, 0xc0,

    /* U+0113 "ē" */
    0x3f, 0xc1, 0xfe, 0x0, 0x0, 0x0, 0x0, 0xf8,
    0x1f, 0xf1, 0xc3, 0xc8, 0xe, 0xc0, 0x3f, 0xff,
    0xff, 0xff, 0x80, 0xc, 0x0, 0x60, 0x1d, 0x80,
    0xee, 0x1e, 0x3f, 0xe0, 0x7e, 0x0,

    /* U+0114 "Ĕ" */
    0x18, 0x60, 0x30, 0xc0, 0x7f, 0x0, 0x3c, 0x0,
    0x0, 0x1f, 0xff, 0xbf, 0xff, 0x60, 0x0, 0xc0,
    0x1, 0x80, 0x3, 0x0, 0x6, 0x0, 0xc, 0x0,
    0x1f, 0xff, 0xbf, 0xff, 0x60, 0x0, 0xc0, 0x1,
    0x80, 0x3, 0x0, 0x6, 0x0, 0xc, 0x0, 0x18,
    0x0, 0x3f, 0xff, 0xff, 0xff,

    /* U+0115 "ĕ" */
    0x30, 0xc0, 0xfe, 0x3, 0xe0, 0x0, 0x0, 0x0,
    0x7, 0xc0, 0xff, 0x8e, 0xe, 0x40, 0x36, 0x1,
    0xff, 0xff, 0xff, 0xfc, 0x0, 0x60, 0x3, 0x0,
    0xec, 0x7, 0x70, 0xf1, 0xff, 0x3, 0xe0,

    /* U+0116 "Ė" */
    0x3, 0x80, 0x7, 0x0, 0xe, 0x0, 0x0, 0xf,
    0xff, 0xdf, 0xff, 0xb0, 0x0, 0x60, 0x0, 0xc0,
    0x1, 0x80, 0x3, 0x0, 0x6, 0x0, 0xf, 0xff,
    0xdf, 0xff, 0xb0, 0x0, 0x60, 0x0, 0xc0, 0x1,
    0x80, 0x3, 0x0, 0x6, 0x0, 0xc, 0x0, 0x1f,
    0xff, 0xff, 0xff, 0x80,

    /* U+0117 "ė" */
    0x7, 0x0, 0x38, 0x1, 0xc0, 0x0, 0x0, 0x0,
    0x7, 0xc0, 0xff, 0x8e, 0x1e, 0x40, 0x36, 0x1,
    0xff, 0xff, 0xff, 0xfc, 0x0, 0x60, 0x3, 0x0,
    0xec, 0x7, 0x70, 0xf1, 0xff, 0x3, 0xf0,

    /* U+0118 "Ę" */
    0xff, 0xfd, 0xff, 0xfb, 0x0, 0x6, 0x0, 0xc,
    0x0, 0x18, 0x0, 0x30, 0x0, 0x60, 0x0, 0xff,
    0xfd, 0xff, 0xfb, 0x0, 0x6, 0x0, 0xc, 0x0,
    0x18, 0x0, 0x30, 0x0, 0x60, 0x0, 0xc0, 0x1,
    0xff, 0xff, 0xff, 0xf8, 0x6, 0x0, 0xc, 0x0,
    0x1c, 0x0, 0x3f, 0x80, 0x3e,

    /* U+0119 "ę" */
    0xf, 0x81, 0xff, 0x1c, 0x1c, 0x80, 0x6c, 0x3,
    0xff, 0xff, 0xff, 0xf8, 0x0, 0xc0, 0x6, 0x1,
    0xd8, 0xe, 0xe1, 0xe3, 0xfe, 0x7, 0xc0, 0x18,
    0x0, 0xc0, 0x7, 0x10, 0x3f, 0x80, 0xf8,

    /* U+011A "Ě" */
    0x38, 0xe0, 0x3b, 0x80, 0x36, 0x0, 0x78, 0x0,
    0x0, 0x1f, 0xff, 0xbf, 0xff, 0x60, 0x0, 0xc0,
    0x1, 0x80, 0x3, 0x0, 0x6, 0x0, 0xc, 0x0,
    0x1f, 0xff, 0xbf, 0xff, 0x60, 0x0, 0xc0, 0x1,
    0x80, 0x3, 0x0, 0x6, 0x0, 0xc, 0x0, 0x18,
    0x0, 0x3f, 0xff, 0xff, 0xff,

    /* U+011B "ě" */
    0x38, 0xc0, 0xee, 0x3, 0xe0, 0xe, 0x0, 0x0,
    0x7, 0xc0, 0xff, 0x8e, 0xe, 0x40, 0x36, 0x1,
    0xff, 0xff, 0xff, 0xfc, 0x0, 0x60, 0x3, 0x0,
    0xec, 0x7, 0x70, 0xf1, 0xff, 0x3, 0xe0,

    /* U+011C "Ĝ" */
    0x0, 0xf0, 0x0, 0x7e, 0x0, 0x39, 0xc0, 0x1c,
    0x38, 0x0, 0x0, 0x0, 0xfe, 0x0, 0xff, 0xe0,
    0x70, 0x1c, 0x38, 0x3, 0x9c, 0x0, 0x76, 0x0,
    0xb, 0x80, 0x0, 0xc0, 0x0, 0x30, 0x0, 0xc,
    0x3, 0xff, 0x0, 0xff, 0xc0, 0x0, 0xf0, 0x0,
    0x36, 0x0, 0xd, 0xc0, 0x3, 0x38, 0x1, 0xc7,
    0x81, 0xf0, 0xff, 0xf0, 0xf, 0xf0,

    /* U+011D "ĝ" */
    0xf, 0x1, 0xf8, 0x19, 0xc3, 0x8c, 0x0, 0x0,
    0xf3, 0x3f, 0xf7, 0xf, 0x60, 0x7c, 0x3, 0xc0,
    0x3c, 0x3, 0xc0, 0x3c, 0x3, 0xc0, 0x36, 0x7,
    0x70, 0xf3, 0xff, 0x1f, 0x30, 0x3, 0xe0, 0x77,
    0xe, 0x7f, 0xc1, 0xf8,

    /* U+011E "Ğ" */
    0x3, 0x4, 0x0, 0xc3, 0x0, 0x1f, 0xc0, 0x3,
    0xc0, 0x0, 0x0, 0x0, 0xfe, 0x0, 0xff, 0xe0,
    0x70, 0x1c, 0x38, 0x3, 0x9c, 0x0, 0x76, 0x0,
    0xb, 0x80, 0x0, 0xc0, 0x0, 0x30, 0x0, 0xc,
    0x3, 0xff, 0x0, 0xff, 0xc0, 0x0, 0xf0, 0x0,
    0x36, 0x0, 0xd, 0xc0, 0x3, 0x38, 0x1, 0xc7,
    0x81, 0xf0, 0xff, 0xf0, 0xf, 0xf0,

    /* U+011F "ğ" */
    0x30, 0x41, 0xfc, 0xf, 0x80, 0x0, 0x0, 0x0,
    0xf3, 0x3f, 0xf7, 0xf, 0x60, 0x7c, 0x3, 0xc0,
    0x3c, 0x3, 0xc0, 0x3c, 0x3, 0xc0, 0x36, 0x7,
    0x70, 0xf3, 0xff, 0x1f, 0x30, 0x3, 0xe0, 0x77,
    0xe, 0x7f, 0xc1, 0xf8,

    /* U+0120 "Ġ" */
    0x0, 0xe0, 0x0, 0x38, 0x0, 0xe, 0x0, 0x0,
    0x0, 0x3, 0xf8, 0x3, 0xff, 0x81, 0xc0, 0x70,
    0xe0, 0xe, 0x70, 0x1, 0xd8, 0x0, 0x2e, 0x0,
    0x3, 0x0, 0x0, 0xc0, 0x0, 0x30, 0x1f, 0xfc,
    0x7, 0xff, 0x0, 0x3, 0xc0, 0x0, 0xd8, 0x0,
    0x37, 0x0, 0xc, 0xe0, 0x7, 0x1e, 0x7, 0xc3,
    0xff, 0xc0, 0x3f, 0xc0,

    /* U+0121 "ġ" */
    0x7, 0x0, 0x70, 0x7, 0x0, 0x0, 0x0, 0x0,
    0xf3, 0x3f, 0xf7, 0xf, 0x60, 0x7c, 0x3, 0xc0,
    0x3c, 0x3, 0xc0, 0x3c, 0x3, 0xc0, 0x36, 0x7,
    0x70, 0xf3, 0xff, 0x1f, 0x30, 0x3, 0xe0, 0x77,
    0xe, 0x7f, 0xc1, 0xf8,

    /* U+0122 "Ģ" */
    0x3, 0xf8, 0x3, 0xff, 0x81, 0xc0, 0x70, 0xe0,
    0xe, 0x70, 0x1, 0xd8, 0x0, 0x2e, 0x0, 0x3,
    0x0, 0x0, 0xc0, 0x0, 0x30, 0xf, 0xfc, 0x3,
    0xff, 0x0, 0x3, 0xc0, 0x0, 0xd8, 0x0, 0x37,
    0x0, 0xc, 0xe0, 0x7, 0x1e, 0x7, 0xc3, 0xff,
    0xc0, 0x3f, 0xc0, 0x1, 0x80, 0x0, 0x78, 0x0,
    0xe, 0x0, 0x1f, 0x80, 0x7, 0xc0,

    /* U+0123 "ģ" */
    0x3, 0x0, 0x60, 0x6, 0x0, 0x70, 0x7, 0x0,
    0x0, 0x0, 0x1, 0xf3, 0x3f, 0xf7, 0xf, 0x60,
    0x7c, 0x3, 0xc0, 0x3c, 0x3, 0xc0, 0x3c, 0x3,
    0xc0, 0x36, 0x7, 0x70, 0xf3, 0xff, 0xf, 0x30,
    0x3, 0xe0, 0x77, 0xe, 0x7f, 0xc1, 0xf8,

    /* U+0124 "Ĥ" */
    0x3, 0x80, 0x7, 0x80, 0x1b, 0x80, 0x73, 0x80,
    0x0, 0x18, 0x0, 0xf0, 0x1, 0xe0, 0x3, 0xc0,
    0x7, 0x80, 0xf, 0x0, 0x1e, 0x0, 0x3c, 0x0,
    0x7f, 0xff, 0xff, 0xff, 0xe0, 0x3, 0xc0, 0x7,
    0x80, 0xf, 0x0, 0x1e, 0x0, 0x3c, 0x0, 0x78,
    0x0, 0xf0, 0x1, 0xe0, 0x3,

    /* U+0125 "ĥ" */
    0x7, 0x1, 0xf0, 0x76, 0xc, 0x60, 0x1, 0x80,
    0x30, 0x6, 0x0, 0xc0, 0x18, 0x3, 0x3e, 0x7f,
    0xef, 0xf, 0xc0, 0xf0, 0x1e, 0x3, 0xc0, 0x78,
    0xf, 0x1, 0xe0, 0x3c, 0x7, 0x80, 0xf0, 0x1e,
    0x3,

    /* U+0126 "Ħ" */
    0x30, 0x1, 0x86, 0x0, 0x30, 0xc0, 0x6, 0x7f,
    0xff, 0xff, 0xff, 0xfe, 0x60, 0x3, 0xc, 0x0,
    0x61, 0x80, 0xc, 0x3f, 0xff, 0x87, 0xff, 0xf0,
    0xc0, 0x6, 0x18, 0x0, 0xc3, 0x0, 0x18, 0x60,
    0x3, 0xc, 0x0, 0x61, 0x80, 0xc, 0x30, 0x1,
    0x86, 0x0, 0x30, 0xc0, 0x6, 0x0,

    /* U+0127 "ħ" */
    0x30, 0x1, 0x80, 0x3f, 0xe1, 0xff, 0x3, 0x0,
    0x19, 0xf0, 0xff, 0xc7, 0x87, 0x38, 0x19, 0x80,
    0xcc, 0x6, 0x60, 0x33, 0x1, 0x98, 0xc, 0xc0,
    0x66, 0x3, 0x30, 0x19, 0x80, 0xcc, 0x6,

    /* U+0128 "Ĩ" */
    0x39, 0x9f, 0xe4, 0x70, 0x0, 0xc, 0x3, 0x0,
    0xc0, 0x30, 0xc, 0x3, 0x0, 0xc0, 0x30, 0xc,
    0x3, 0x0, 0xc0, 0x30, 0xc, 0x3, 0x0, 0xc0,
    0x30, 0xc, 0x3, 0x0, 0xc0,

    /* U+0129 "ĩ" */
    0x71, 0x7f, 0xb3, 0xc0, 0x0, 0x0, 0xc0, 0x60,
    0x30, 0x18, 0xc, 0x6, 0x3, 0x1, 0x80, 0xc0,
    0x60, 0x30, 0x18, 0xc, 0x6, 0x0,

    /* U+012A "Ī" */
    0xff, 0xff, 0x0, 0x18, 0x18, 0x18, 0x18, 0x18,
    0x18, 0x18, 0x18, 0x18, 0x18, 0x18, 0x18, 0x18,
    0x18, 0x18, 0x18, 0x18, 0x18, 0x18,

    /* U+012B "ī" */
    0xff, 0xff, 0x0, 0x0, 0x18, 0x18, 0x18, 0x18,
    0x18, 0x18, 0x18, 0x18, 0x18, 0x18, 0x18, 0x18,
    0x18, 0x18,

    /* U+012C "Ĭ" */
    0x43, 0x7e, 0x3c, 0x0, 0x18, 0x18, 0x18, 0x18,
    0x18, 0x18, 0x18, 0x18, 0x18, 0x18, 0x18, 0x18,
    0x18, 0x18, 0x18, 0x18, 0x18, 0x18, 0x18,

    /* U+012D "ĭ" */
    0xc3, 0x66, 0x7e, 0x3c, 0x0, 0x18, 0x18, 0x18,
    0x18, 0x18, 0x18, 0x18, 0x18, 0x18, 0x18, 0x18,
    0x18, 0x18, 0x18,

    /* U+012E "Į" */
    0x61, 0x86, 0x18, 0x61, 0x86, 0x18, 0x61, 0x86,
    0x18, 0x61, 0x86, 0x18, 0x61, 0x86, 0x10, 0xc3,
    0xf, 0xde,

    /* U+012F "į" */
    0x61, 0x80, 0x0, 0x1, 0x86, 0x18, 0x61, 0x86,
    0x18, 0x61, 0x86, 0x18, 0x61, 0x86, 0x10, 0xc3,
    0xf, 0xde,

    /* U+0130 "İ" */
    0xfc, 0xff, 0xff, 0xff, 0xff, 0xfc,

    /* U+0131 "ı" */
    0xff, 0xff, 0xff, 0xf0,

    /* U+0132 "Ĳ" */
    0xc0, 0x3, 0xc0, 0x3, 0xc0, 0x3, 0xc0, 0x3,
    0xc0, 0x3, 0xc0, 0x3, 0xc0, 0x3, 0xc0, 0x3,
    0xc0, 0x3, 0xc0, 0x3, 0xc0, 0x3, 0xc0, 0x3,
    0xc0, 0x3, 0xc6, 0x3, 0xc6, 0x3, 0xc6, 0x3,
    0xc3, 0x6, 0xc3, 0xfe, 0xc0, 0xf8,

    /* U+0133 "ĳ" */
    0xc3, 0xc3, 0x0, 0x0, 0x0, 0xc3, 0xc3, 0xc3,
    0xc3, 0xc3, 0xc3, 0xc3, 0xc3, 0xc3, 0xc3, 0xc3,
    0xc3, 0xc3, 0xc3, 0x3, 0x3, 0x3, 0x1e, 0x1e,

    /* U+0134 "Ĵ" */
    0x0, 0xe0, 0xf, 0x80, 0xec, 0xe, 0x30, 0x0,
    0x0, 0x60, 0x3, 0x0, 0x18, 0x0, 0xc0, 0x6,
    0x0, 0x30, 0x1, 0x80, 0xc, 0x0, 0x60, 0x3,
    0x0, 0x18, 0x0, 0xc0, 0x6, 0x30, 0x31, 0x81,
    0x8c, 0xc, 0x30, 0xc1, 0xfe, 0x7, 0xc0,

    /* U+0135 "ĵ" */
    0x3c, 0x3c, 0x66, 0x1, 0x0, 0x18, 0x18, 0x18,
    0x18, 0x18, 0x18, 0x18, 0x18, 0x18, 0x18, 0x18,
    0x18, 0x18, 0x18, 0x18, 0x18, 0x18, 0xf0, 0xf0,

    /* U+0136 "Ķ" */
    0xc0, 0x1e, 0xc0, 0x3c, 0xc0, 0x78, 0xc0, 0xf0,
    0xc1, 0xe0, 0xc3, 0xc0, 0xc7, 0x80, 0xcf, 0x0,
    0xdf, 0x0, 0xfb, 0x80, 0xf3, 0x80, 0xe1, 0xc0,
    0xc0, 0xe0, 0xc0, 0xf0, 0xc0, 0x70, 0xc0, 0x38,
    0xc0, 0x1c, 0xc0, 0x1e, 0xc0, 0xe, 0x1, 0xc0,
    0x1, 0xe0, 0x0, 0x60, 0x7, 0xe0, 0x7, 0xc0,

    /* U+0137 "ķ" */
    0xc0, 0x18, 0x3, 0x0, 0x60, 0xc, 0x1, 0x83,
    0xb0, 0xe6, 0x38, 0xce, 0x1b, 0x83, 0xf0, 0x7f,
    0xe, 0xe1, 0x8e, 0x30, 0xe6, 0x1c, 0xc1, 0xd8,
    0x1b, 0x3, 0x83, 0x80, 0x78, 0x3, 0x7, 0xe0,
    0xf8,

    /* U+0138 "ĸ" */
    0xc1, 0xd8, 0x73, 0x1c, 0x67, 0xd, 0xc1, 0xf8,
    0x3f, 0x7, 0x70, 0xc7, 0x18, 0xe3, 0xe, 0x60,
    0xec, 0x1d, 0x81, 0xc0,

    /* U+0139 "Ĺ" */
    0x1c, 0x3, 0x80, 0x30, 0x0, 0x0, 0xc0, 0xc,
    0x0, 0xc0, 0xc, 0x0, 0xc0, 0xc, 0x0, 0xc0,
    0xc, 0x0, 0xc0, 0xc, 0x0, 0xc0, 0xc, 0x0,
    0xc0, 0xc, 0x0, 0xc0, 0xc, 0x0, 0xc0, 0xf,
    0xff, 0xff, 0xf0,

    /* U+013A "ĺ" */
    0x73, 0x30, 0x6, 0x31, 0x8c, 0x63, 0x18, 0xc6,
    0x31, 0x8c, 0x63, 0x18, 0xc6, 0x31, 0x80,

    /* U+013B "Ļ" */
    0xc0, 0xc, 0x0, 0xc0, 0xc, 0x0, 0xc0, 0xc,
    0x0, 0xc0, 0xc, 0x0, 0xc0, 0xc, 0x0, 0xc0,
    0xc, 0x0, 0xc0, 0xc, 0x0, 0xc0, 0xc, 0x0,
    0xc0, 0xf, 0xff, 0xff, 0xf0, 0x78, 0x7, 0xc0,
    0xc, 0xf, 0xc0, 0xf8,

    /* U+013C "ļ" */
    0x30, 0xc3, 0xc, 0x30, 0xc3, 0xc, 0x30, 0xc3,
    0xc, 0x30, 0xc3, 0xc, 0x30, 0xc3, 0x1e, 0x7c,
    0x3f, 0xfe,

    /* U+013D "Ľ" */
    0xc0, 0xcc, 0xc, 0xc0, 0x4c, 0x4, 0xc0, 0xcc,
    0x8, 0xc0, 0xc, 0x0, 0xc0, 0xc, 0x0, 0xc0,
    0xc, 0x0, 0xc0, 0xc, 0x0, 0xc0, 0xc, 0x0,
    0xc0, 0xf, 0xff, 0xff, 0xf0,

    /* U+013E "ľ" */
    0xcf, 0x3c, 0x71, 0xcb, 0xc, 0x30, 0xc3, 0xc,
    0x30, 0xc3, 0xc, 0x30, 0xc3, 0xc, 0x0,

    /* U+013F "Ŀ" */
    0xc0, 0xc, 0x0, 0xc0, 0xc, 0x0, 0xc0, 0xc,
    0x0, 0xc0, 0xc, 0x0, 0xc0, 0xcc, 0xc, 0xc0,
    0xc, 0x0, 0xc0, 0xc, 0x0, 0xc0, 0xc, 0x0,
    0xc0, 0xf, 0xff, 0xff, 0xf0,

    /* U+0140 "ŀ" */
    0xc1, 0x83, 0x6, 0xc, 0x18, 0x30, 0x60, 0xc7,
    0x8f, 0x6, 0xc, 0x18, 0x30, 0x60, 0xc1, 0x83,
    0x0,

    /* U+0141 "Ł" */
    0x30, 0x0, 0xc0, 0x3, 0x0, 0xc, 0x0, 0x30,
    0x80, 0xc6, 0x3, 0x70, 0xf, 0x80, 0x3c, 0x0,
    0xc0, 0x7, 0x0, 0x3c, 0x0, 0xb0, 0x0, 0xc0,
    0x3, 0x0, 0xc, 0x0, 0x30, 0x0, 0xff, 0xf3,
    0xff, 0xc0,

    /* U+0142 "ł" */
    0x30, 0xc3, 0xc, 0x30, 0xc3, 0x4f, 0x38, 0xc7,
    0x3c, 0xb0, 0xc3, 0xc, 0x30, 0xc3, 0x0,

    /* U+0143 "Ń" */
    0x1, 0xc0, 0x7, 0x0, 0xc, 0x0, 0x0, 0xe,
    0x0, 0x7c, 0x0, 0xfc, 0x1, 0xfc, 0x3, 0xf8,
    0x7, 0xb8, 0xf, 0x38, 0x1e, 0x78, 0x3c, 0x70,
    0x78, 0x70, 0xf0, 0x71, 0xe0, 0xf3, 0xc0, 0xe7,
    0x80, 0xef, 0x0, 0xfe, 0x1, 0xfc, 0x1, 0xf8,
    0x1, 0xf0, 0x3, 0x80,

    /* U+0144 "ń" */
    0x3, 0x0, 0xe0, 0x38, 0x0, 0x0, 0x1, 0x9f,
    0x37, 0xf7, 0x87, 0xe0, 0x78, 0xf, 0x1, 0xe0,
    0x3c, 0x7, 0x80, 0xf0, 0x1e, 0x3, 0xc0, 0x78,
    0xf, 0x1, 0x80,

    /* U+0145 "Ņ" */
    0xe0, 0x7, 0xc0, 0xf, 0xc0, 0x1f, 0xc0, 0x3f,
    0x80, 0x7b, 0x80, 0xf3, 0x81, 0xe7, 0x83, 0xc7,
    0x7, 0x87, 0xf, 0x7, 0x1e, 0xf, 0x3c, 0xe,
    0x78, 0xe, 0xf0, 0x1f, 0xe0, 0x1f, 0xc0, 0x1f,
    0x80, 0x1f, 0x0, 0x38, 0xe, 0x0, 0x1e, 0x0,
    0xc, 0x0, 0xf8, 0x3, 0xe0,

    /* U+0146 "ņ" */
    0xcf, 0x9b, 0xfb, 0xc3, 0xf0, 0x3c, 0x7, 0x80,
    0xf0, 0x1e, 0x3, 0xc0, 0x78, 0xf, 0x1, 0xe0,
    0x3c, 0x7, 0x80, 0xc1, 0xc0, 0x3c, 0x1, 0x83,
    0xf0, 0x7c, 0x0,

    /* U+0147 "Ň" */
    0x1c, 0x70, 0x1d, 0xc0, 0x1b, 0x0, 0x1c, 0x0,
    0x0, 0x1c, 0x0, 0xf8, 0x1, 0xf8, 0x3, 0xf8,
    0x7, 0xf0, 0xf, 0x70, 0x1e, 0x70, 0x3c, 0xf0,
    0x78, 0xe0, 0xf0, 0xe1, 0xe0, 0xe3, 0xc1, 0xe7,
    0x81, 0xcf, 0x1, 0xde, 0x1, 0xfc, 0x3, 0xf8,
    0x3, 0xf0, 0x3, 0xe0, 0x7,

    /* U+0148 "ň" */
    0x39, 0xc3, 0x70, 0x3c, 0x7, 0x0, 0x1, 0x9f,
    0x37, 0xf7, 0x87, 0xe0, 0x78, 0xf, 0x1, 0xe0,
    0x3c, 0x7, 0x80, 0xf0, 0x1e, 0x3, 0xc0, 0x78,
    0xf, 0x1, 0x80,

    /* U+0149 "ŉ" */
    0xc0, 0x1, 0x80, 0x1, 0x0, 0x2, 0x0, 0xc,
    0x0, 0x13, 0x3e, 0x6, 0xff, 0xf, 0x7, 0x1c,
    0x6, 0x30, 0xc, 0x60, 0x18, 0xc0, 0x31, 0x80,
    0x63, 0x0, 0xc6, 0x1, 0x8c, 0x3, 0x18, 0x6,
    0x30, 0xc, 0x60, 0x18,

    /* U+014A "Ŋ" */
    0xc7, 0xf0, 0xdf, 0xf8, 0xf8, 0x1c, 0xf0, 0xe,
    0xe0, 0x6, 0xc0, 0x7, 0xc0, 0x3, 0xc0, 0x3,
    0xc0, 0x3, 0xc0, 0x3, 0xc0, 0x3, 0xc0, 0x3,
    0xc0, 0x3, 0xc0, 0x7, 0xc0, 0x6, 0xc0, 0x6,
    0xc1, 0x1c, 0xc1, 0xf8, 0xc3, 0xf0,

    /* U+014B "ŋ" */
    0xcf, 0x9b, 0xfb, 0xc3, 0xf0, 0x3c, 0x7, 0x80,
    0xf0, 0x1e, 0x3, 0xc0, 0x78, 0xf, 0x1, 0xe0,
    0x3c, 0x7, 0x80, 0xc0, 0x18, 0x3, 0x0, 0x60,
    0x78, 0xf, 0x0,

    /* U+014C "Ō" */
    0x7, 0xf8, 0x1, 0xfe, 0x0, 0x0, 0x0, 0x0,
    0x0, 0x3, 0xf0, 0x3, 0xff, 0x1, 0xc0, 0xe0,
    0xc0, 0x1c, 0x60, 0x3, 0x98, 0x0, 0x6c, 0x0,
    0xf, 0x0, 0x3, 0xc0, 0x0, 0xf0, 0x0, 0x3c,
    0x0, 0xf, 0x0, 0x3, 0xc0, 0x0, 0xd8, 0x0,
    0x66, 0x0, 0x38, 0xc0, 0xc, 0x1c, 0xe, 0x3,
    0xff, 0x0, 0x3f, 0x0,

    /* U+014D "ō" */
    0x1f, 0xe0, 0xff, 0x0, 0x0, 0x0, 0x0, 0xf8,
    0x1f, 0xf1, 0xc1, 0xcc, 0x6, 0xc0, 0x1e, 0x0,
    0xf0, 0x7, 0x80, 0x3c, 0x1, 0xe0, 0xd, 0x80,
    0xce, 0xe, 0x3f, 0xe0, 0x7c, 0x0,

    /* U+014E "Ŏ" */
    0x6, 0x8, 0x1, 0xc6, 0x0, 0x3f, 0x0, 0x7,
    0x80, 0x0, 0x0, 0x0, 0xfc, 0x0, 0xff, 0xc0,
    0x70, 0x38, 0x30, 0x7, 0x18, 0x0, 0xe6, 0x0,
    0x1b, 0x0, 0x3, 0xc0, 0x0, 0xf0, 0x0, 0x3c,
    0x0, 0xf, 0x0, 0x3, 0xc0, 0x0, 0xf0, 0x0,
    0x36, 0x0, 0x19, 0x80, 0xe, 0x30, 0x3, 0x7,
    0x3, 0x80, 0xff, 0xc0, 0xf, 0xc0,

    /* U+014F "ŏ" */
    0x18, 0x60, 0xfe, 0x3, 0xe0, 0x0, 0x0, 0x0,
    0x7, 0xc0, 0xff, 0x8e, 0xe, 0x60, 0x36, 0x0,
    0xf0, 0x7, 0x80, 0x3c, 0x1, 0xe0, 0xf, 0x0,
    0x6c, 0x6, 0x70, 0x71, 0xff, 0x3, 0xe0,

    /* U+0150 "Ő" */
    0x3, 0x9c, 0x1, 0xce, 0x0, 0x63, 0x0, 0x0,
    0x0, 0x0, 0x0, 0x0, 0xfc, 0x0, 0xff, 0xc0,
    0x70, 0x38, 0x30, 0x7, 0x18, 0x0, 0xe6, 0x0,
    0x1b, 0x0, 0x3, 0xc0, 0x0, 0xf0, 0x0, 0x3c,
    0x0, 0xf, 0x0, 0x3, 0xc0, 0x0, 0xf0, 0x0,
    0x36, 0x0, 0x19, 0x80, 0xe, 0x30, 0x3, 0x7,
    0x3, 0x80, 0xff, 0xc0, 0xf, 0xc0,

    /* U+0151 "ő" */
    0xe, 0x70, 0xe7, 0x6, 0x30, 0x0, 0x0, 0x0,
    0x7, 0xc0, 0xff, 0x8e, 0xe, 0x60, 0x36, 0x0,
    0xf0, 0x7, 0x80, 0x3c, 0x1, 0xe0, 0xf, 0x0,
    0x6c, 0x6, 0x70, 0x71, 0xff, 0x3, 0xe0,

    /* U+0152 "Œ" */
    0x7, 0xe7, 0xff, 0xf, 0xfb, 0xff, 0x8e, 0xf,
    0x80, 0xe, 0x3, 0xc0, 0x6, 0x0, 0xe0, 0x3,
    0x0, 0x70, 0x3, 0x0, 0x18, 0x1, 0x80, 0xc,
    0x0, 0xc0, 0x7, 0xff, 0x60, 0x3, 0xff, 0xb0,
    0x1, 0x80, 0x18, 0x0, 0xc0, 0xc, 0x0, 0x60,
    0x3, 0x0, 0x70, 0x1, 0x80, 0x38, 0x0, 0xe0,
    0x3c, 0x0, 0x38, 0x3e, 0x0, 0xf, 0xfb, 0xff,
    0xc1, 0xf1, 0xff, 0xe0,

    /* U+0153 "œ" */
    0xf, 0x81, 0xf0, 0x3f, 0xe7, 0xf8, 0x70, 0x7e,
    0x1c, 0x60, 0x3c, 0xe, 0xe0, 0x18, 0x6, 0xc0,
    0x18, 0x6, 0xc0, 0x1f, 0xfe, 0xc0, 0x1f, 0xfe,
    0xc0, 0x18, 0x0, 0xc0, 0x38, 0x0, 0x60, 0x3c,
    0xe, 0x70, 0x7e, 0x1e, 0x3f, 0xe7, 0xfc, 0xf,
    0x83, 0xf0,

    /* U+0154 "Ŕ" */
    0x3, 0x80, 0x3, 0x80, 0x3, 0x80, 0x0, 0x0,
    0xf, 0xff, 0x7, 0xff, 0xe3, 0x0, 0x71, 0x80,
    0x1c, 0xc0, 0x6, 0x60, 0x3, 0x30, 0x1, 0x98,
    0x1, 0xcc, 0x1, 0xc7, 0xff, 0xc3, 0xff, 0x81,
    0x81, 0xc0, 0xc0, 0x70, 0x60, 0x1c, 0x30, 0x7,
    0x18, 0x3, 0x8c, 0x0, 0xe6, 0x0, 0x3b, 0x0,
    0x1c,

    /* U+0155 "ŕ" */
    0x1c, 0x70, 0xc0, 0x0, 0x1b, 0xff, 0xf0, 0xe1,
    0x83, 0x6, 0xc, 0x18, 0x30, 0x60, 0xc1, 0x83,
    0x0,

    /* U+0156 "Ŗ" */
    0xff, 0xf0, 0x7f, 0xfe, 0x30, 0x7, 0x18, 0x0,
    0xcc, 0x0, 0x66, 0x0, 0x33, 0x0, 0x39, 0x80,
    0x38, 0xff, 0xf8, 0x7f, 0xf0, 0x30, 0x38, 0x18,
    0xe, 0xc, 0x3, 0x86, 0x1, 0xc3, 0x0, 0x71,
    0x80, 0x1c, 0xc0, 0xe, 0x60, 0x3, 0xb0, 0x1,
    0xc0, 0x38, 0x0, 0x1e, 0x0, 0x3, 0x0, 0x1f,
    0x80, 0xf, 0x80,

    /* U+0157 "ŗ" */
    0xdf, 0xfe, 0xe0, 0xe0, 0xc0, 0xc0, 0xc0, 0xc0,
    0xc0, 0xc0, 0xc0, 0xc0, 0xc0, 0xc0, 0x78, 0x7c,
    0xc, 0xfc, 0xf8,

    /* U+0158 "Ř" */
    0x38, 0xe0, 0xc, 0xe0, 0x7, 0xe0, 0x1, 0xe0,
    0x0, 0x0, 0x7, 0xff, 0x83, 0xff, 0xf1, 0x80,
    0x38, 0xc0, 0xe, 0x60, 0x3, 0x30, 0x1, 0x98,
    0x0, 0xcc, 0x0, 0xe6, 0x0, 0xe3, 0xff, 0xe1,
    0xff, 0xc0, 0xc0, 0xe0, 0x60, 0x38, 0x30, 0xe,
    0x18, 0x3, 0x8c, 0x1, 0xc6, 0x0, 0x73, 0x0,
    0x1d, 0x80, 0xe,

    /* U+0159 "ř" */
    0xe7, 0x76, 0x3c, 0x18, 0x0, 0x6f, 0x7f, 0x70,
    0x70, 0x60, 0x60, 0x60, 0x60, 0x60, 0x60, 0x60,
    0x60, 0x60, 0x60,

    /* U+015A "Ś" */
    0x1, 0xc0, 0x7, 0x0, 0x1c, 0x0, 0x0, 0x0,
    0x0, 0x1, 0xfc, 0x7, 0xfe, 0x1c, 0x1e, 0x60,
    0xc, 0xc0, 0x19, 0x80, 0x33, 0x80, 0x3, 0xe0,
    0x3, 0xfc, 0x3, 0xfe, 0x0, 0x7e, 0x0, 0x1e,
    0x0, 0xd, 0x80, 0x1b, 0x0, 0x37, 0x0, 0xe7,
    0x83, 0x87, 0xfe, 0x3, 0xf0,

    /* U+015B "ś" */
    0x3, 0xc0, 0x30, 0x6, 0x0, 0x0, 0x0, 0x1,
    0xf8, 0x3f, 0xe7, 0xe, 0x60, 0x66, 0x0, 0x7c,
    0x3, 0xf8, 0x7, 0xe0, 0x7, 0x60, 0x36, 0x3,
    0x70, 0x73, 0xfe, 0x1f, 0x80,

    /* U+015C "Ŝ" */
    0x3, 0x80, 0xd, 0x80, 0x3b, 0x80, 0xe3, 0x80,
    0x0, 0x1, 0xfc, 0x7, 0xfe, 0x1c, 0x1e, 0x60,
    0xc, 0xc0, 0x19, 0x80, 0x33, 0x80, 0x3, 0xe0,
    0x3, 0xfc, 0x3, 0xfe, 0x0, 0x7e, 0x0, 0x1e,
    0x0, 0xd, 0x80, 0x1b, 0x0, 0x37, 0x0, 0xe7,
    0x83, 0x87, 0xfe, 0x3, 0xf0,

    /* U+015D "ŝ" */
    0x7, 0x0, 0xf8, 0x1c, 0xc3, 0x8e, 0x0, 0x1,
    0xf8, 0x3f, 0xe7, 0xe, 0x60, 0x66, 0x0, 0x7c,
    0x3, 0xf8, 0x7, 0xe0, 0x7, 0x60, 0x36, 0x3,
    0x70, 0x73, 0xfe, 0x1f, 0x80,

    /* U+015E "Ş" */
    0xf, 0xe0, 0x3f, 0xf0, 0xe0, 0xf3, 0x0, 0x66,
    0x0, 0xcc, 0x1, 0x9c, 0x0, 0x1f, 0x0, 0x1f,
    0xe0, 0x1f, 0xf0, 0x3, 0xf0, 0x0, 0xf0, 0x0,
    0x6c, 0x0, 0xd8, 0x1, 0xb8, 0x7, 0x3c, 0x1c,
    0x3f, 0xf0, 0x1f, 0x80, 0x18, 0x0, 0x1c, 0x0,
    0x18, 0x1, 0xf0, 0x3, 0xc0,

    /* U+015F "ş" */
    0x1f, 0x83, 0xfe, 0x70, 0xe6, 0x6, 0x60, 0x7,
    0xc0, 0x3f, 0x80, 0x7e, 0x0, 0x76, 0x3, 0x60,
    0x37, 0x7, 0x3f, 0xe1, 0xf8, 0x6, 0x0, 0x38,
    0x1, 0x81, 0xf8, 0x1f, 0x0,

    /* U+0160 "Š" */
    0x1c, 0xe0, 0x1d, 0x80, 0x1e, 0x0, 0x1c, 0x0,
    0x0, 0x1, 0xfc, 0x7, 0xfe, 0x1c, 0x1e, 0x60,
    0xc, 0xc0, 0x19, 0x80, 0x33, 0x80, 0x3, 0xe0,
    0x3, 0xfc, 0x3, 0xfe, 0x0, 0x7e, 0x0, 0x1e,
    0x0, 0xd, 0x80, 0x1b, 0x0, 0x37, 0x0, 0xe7,
    0x83, 0x87, 0xfe, 0x3, 0xf0,

    /* U+0161 "š" */
    0x38, 0xc1, 0xd8, 0xf, 0x80, 0x70, 0x0, 0x1,
    0xf8, 0x3f, 0xe7, 0xe, 0x60, 0x66, 0x0, 0x7c,
    0x3, 0xf8, 0x7, 0xe0, 0x7, 0x60, 0x36, 0x3,
    0x70, 0x73, 0xfe, 0x1f, 0x80,

    /* U+0162 "Ţ" */
    0xff, 0xff, 0xff, 0xfc, 0x6, 0x0, 0xc, 0x0,
    0x18, 0x0, 0x30, 0x0, 0x60, 0x0, 0xc0, 0x1,
    0x80, 0x3, 0x0, 0x6, 0x0, 0xc, 0x0, 0x18,
    0x0, 0x30, 0x0, 0x60, 0x0, 0xc0, 0x1, 0x80,
    0x3, 0x0, 0x6, 0x0, 0x0, 0x0, 0x0, 0x0,
    0x30, 0x0, 0x60, 0x0, 0x40, 0x0, 0x80, 0x2,
    0x0,

    /* U+0163 "ţ" */
    0x0, 0x60, 0xc1, 0x83, 0x1f, 0xff, 0x98, 0x30,
    0x60, 0xc1, 0x83, 0x6, 0xc, 0x18, 0x30, 0x7c,
    0x78, 0x0, 0x3, 0x6, 0x4, 0x8, 0x20,

    /* U+0164 "Ť" */
    0xe, 0x70, 0xc, 0xc0, 0xf, 0x0, 0x1c, 0x0,
    0x0, 0x1f, 0xff, 0xff, 0xff, 0x80, 0xc0, 0x1,
    0x80, 0x3, 0x0, 0x6, 0x0, 0xc, 0x0, 0x18,
    0x0, 0x30, 0x0, 0x60, 0x0, 0xc0, 0x1, 0x80,
    0x3, 0x0, 0x6, 0x0, 0xc, 0x0, 0x18, 0x0,
    0x30, 0x0, 0x60, 0x0, 0xc0,

    /* U+0165 "ť" */
    0x1, 0x98, 0xcc, 0x26, 0x13, 0x1f, 0xeb, 0xf0,
    0x60, 0x30, 0x18, 0xc, 0x6, 0x3, 0x1, 0x80,
    0xc0, 0x60, 0x30, 0x1e, 0x7, 0x0,

    /* U+0166 "Ŧ" */
    0xff, 0xff, 0xff, 0xfc, 0x6, 0x0, 0xc, 0x0,
    0x18, 0x0, 0x30, 0x0, 0x60, 0x0, 0xc0, 0x1,
    0x80, 0x7f, 0xf0, 0xff, 0xe0, 0xc, 0x0, 0x18,
    0x0, 0x30, 0x0, 0x60, 0x0, 0xc0, 0x1, 0x80,
    0x3, 0x0, 0x6, 0x0,

    /* U+0167 "ŧ" */
    0x0, 0x60, 0xc1, 0x83, 0x1f, 0xff, 0x98, 0x30,
    0x63, 0xff, 0xf3, 0x6, 0xc, 0x18, 0x30, 0x7c,
    0x78,

    /* U+0168 "Ũ" */
    0xf, 0x18, 0x3f, 0xe0, 0x63, 0xc0, 0x0, 0x0,
    0x0, 0x18, 0x0, 0xf0, 0x1, 0xe0, 0x3, 0xc0,
    0x7, 0x80, 0xf, 0x0, 0x1e, 0x0, 0x3c, 0x0,
    0x78, 0x0, 0xf0, 0x1, 0xe0, 0x3, 0xc0, 0x7,
    0x80, 0xf, 0x0, 0x1e, 0x0, 0x76, 0x0, 0xcf,
    0x7, 0x8f, 0xfe, 0x7, 0xf0,

    /* U+0169 "ũ" */
    0x3c, 0xc7, 0xf9, 0x9e, 0x0, 0x0, 0x1, 0x80,
    0xf0, 0x1e, 0x3, 0xc0, 0x78, 0xf, 0x1, 0xe0,
    0x3c, 0x7, 0x80, 0xf0, 0x1e, 0x7, 0xe1, 0xef,
    0xfc, 0xf9, 0x80,

    /* U+016A "Ū" */
    0xf, 0xf0, 0x1f, 0xe0, 0x0, 0x0, 0x0, 0xc,
    0x0, 0x78, 0x0, 0xf0, 0x1, 0xe0, 0x3, 0xc0,
    0x7, 0x80, 0xf, 0x0, 0x1e, 0x0, 0x3c, 0x0,
    0x78, 0x0, 0xf0, 0x1, 0xe0, 0x3, 0xc0, 0x7,
    0x80, 0xf, 0x0, 0x3b, 0x0, 0x67, 0x83, 0xc7,
    0xff, 0x3, 0xf8, 0x0,

    /* U+016B "ū" */
    0x3f, 0xc7, 0xf8, 0x0, 0x0, 0xc, 0x7, 0x80,
    0xf0, 0x1e, 0x3, 0xc0, 0x78, 0xf, 0x1, 0xe0,
    0x3c, 0x7, 0x80, 0xf0, 0x3f, 0xf, 0x7f, 0xe7,
    0xcc,

    /* U+016C "Ŭ" */
    0x18, 0x30, 0x18, 0xc0, 0x3f, 0x80, 0x3e, 0x0,
    0x0, 0x18, 0x0, 0xf0, 0x1, 0xe0, 0x3, 0xc0,
    0x7, 0x80, 0xf, 0x0, 0x1e, 0x0, 0x3c, 0x0,
    0x78, 0x0, 0xf0, 0x1, 0xe0, 0x3, 0xc0, 0x7,
    0x80, 0xf, 0x0, 0x1e, 0x0, 0x76, 0x0, 0xcf,
    0x7, 0x8f, 0xfe, 0x7, 0xf0,

    /* U+016D "ŭ" */
    0x30, 0xc7, 0xf0, 0x7c, 0x0, 0x0, 0x1, 0x80,
    0xf0, 0x1e, 0x3, 0xc0, 0x78, 0xf, 0x1, 0xe0,
    0x3c, 0x7, 0x80, 0xf0, 0x1e, 0x7, 0xe1, 0xef,
    0xfc, 0xf9, 0x80,

    /* U+016E "Ů" */
    0x3, 0x80, 0x8, 0x80, 0x11, 0x0, 0x22, 0x0,
    0x38, 0x18, 0x0, 0xf0, 0x1, 0xe0, 0x3, 0xc0,
    0x7, 0x80, 0xf, 0x0, 0x1e, 0x0, 0x3c, 0x0,
    0x78, 0x0, 0xf0, 0x1, 0xe0, 0x3, 0xc0, 0x7,
    0x80, 0xf, 0x0, 0x1e, 0x0, 0x76, 0x0, 0xcf,
    0x7, 0x8f, 0xfe, 0x7, 0xf0,

    /* U+016F "ů" */
    0xe, 0x2, 0x20, 0x44, 0x7, 0x0, 0x1, 0x80,
    0xf0, 0x1e, 0x3, 0xc0, 0x78, 0xf, 0x1, 0xe0,
    0x3c, 0x7, 0x80, 0xf0, 0x1e, 0x7, 0xe1, 0xef,
    0xfc, 0xf9, 0x80,

    /* U+0170 "Ű" */
    0x7, 0x38, 0x1c, 0xe0, 0x31, 0x80, 0x0, 0x0,
    0x0, 0x18, 0x0, 0xf0, 0x1, 0xe0, 0x3, 0xc0,
    0x7, 0x80, 0xf, 0x0, 0x1e, 0x0, 0x3c, 0x0,
    0x78, 0x0, 0xf0, 0x1, 0xe0, 0x3, 0xc0, 0x7,
    0x80, 0xf, 0x0, 0x1e, 0x0, 0x76, 0x0, 0xcf,
    0x7, 0x8f, 0xfe, 0x7, 0xf0,

    /* U+0171 "ű" */
    0x39, 0xc6, 0x31, 0x8c, 0x0, 0x0, 0x1, 0x80,
    0xf0, 0x1e, 0x3, 0xc0, 0x78, 0xf, 0x1, 0xe0,
    0x3c, 0x7, 0x80, 0xf0, 0x1e, 0x7, 0xe1, 0xef,
    0xfc, 0xf9, 0x80,

    /* U+0172 "Ų" */
    0xc0, 0x7, 0x80, 0xf, 0x0, 0x1e, 0x0, 0x3c,
    0x0, 0x78, 0x0, 0xf0, 0x1, 0xe0, 0x3, 0xc0,
    0x7, 0x80, 0xf, 0x0, 0x1e, 0x0, 0x3c, 0x0,
    0x78, 0x0, 0xf0, 0x3, 0xb0, 0x6, 0x78, 0x3c,
    0x7f, 0xf0, 0x3f, 0x80, 0x18, 0x0, 0x30, 0x0,
    0x70, 0x0, 0xfc, 0x0, 0xf8,

    /* U+0173 "ų" */
    0xc0, 0x61, 0x80, 0xc3, 0x1, 0x86, 0x3, 0xc,
    0x6, 0x18, 0xc, 0x30, 0x18, 0x60, 0x30, 0xc0,
    0x61, 0x80, 0xc3, 0x3, 0x87, 0xf, 0x7, 0xfe,
    0x7, 0xcc, 0x0, 0x18, 0x0, 0x30, 0x0, 0x62,
    0x0, 0xfc, 0x0, 0xf0,

    /* U+0174 "Ŵ" */
    0x0, 0x1c, 0x0, 0x0, 0xf, 0x0, 0x0, 0xd,
    0xc0, 0x0, 0xe, 0x60, 0x0, 0x0, 0x0, 0x7,
    0x0, 0xe0, 0x1d, 0x80, 0x78, 0xe, 0xe0, 0x3c,
    0x7, 0x70, 0x36, 0x3, 0x18, 0x1b, 0x83, 0x8c,
    0xc, 0xc1, 0xc6, 0xe, 0x60, 0xc3, 0x86, 0x30,
    0x60, 0xc3, 0x1c, 0x70, 0x61, 0x86, 0x38, 0x31,
    0x83, 0x18, 0x1c, 0xc1, 0xcc, 0x6, 0x60, 0x6e,
    0x3, 0x70, 0x36, 0x1, 0xb0, 0x1b, 0x0, 0x78,
    0xd, 0x80, 0x3c, 0x3, 0xc0, 0x1c, 0x1, 0xc0,
    0xe, 0x0, 0xe0,

    /* U+0175 "ŵ" */
    0x0, 0xf0, 0x0, 0x3e, 0x0, 0xe, 0x60, 0x0,
    0x2, 0x0, 0x0, 0x1, 0xc1, 0xc0, 0xd8, 0x38,
    0x1b, 0x7, 0x87, 0x70, 0xf0, 0xce, 0x36, 0x18,
    0xc6, 0xc7, 0x18, 0xdc, 0xc3, 0xb9, 0x98, 0x36,
    0x37, 0x6, 0xc6, 0xc0, 0xd8, 0x78, 0xf, 0xf,
    0x1, 0xc1, 0xc0, 0x38, 0x38, 0x0,

    /* U+0176 "Ŷ" */
    0x1, 0x80, 0x0, 0xe0, 0x0, 0xd8, 0x0, 0xee,
    0x0, 0x0, 0x7, 0x0, 0x39, 0xc0, 0x1c, 0xe0,
    0x1c, 0x38, 0x1c, 0xe, 0xe, 0x7, 0xe, 0x1,
    0xc6, 0x0, 0x66, 0x0, 0x3f, 0x0, 0xf, 0x0,
    0x3, 0x0, 0x1, 0x80, 0x0, 0xc0, 0x0, 0x60,
    0x0, 0x30, 0x0, 0x18, 0x0, 0xc, 0x0, 0x6,
    0x0, 0x3, 0x0,

    /* U+0177 "ŷ" */
    0x3, 0x80, 0x36, 0x3, 0xb8, 0x0, 0x0, 0x0,
    0x30, 0xd, 0xc0, 0xee, 0x6, 0x30, 0x31, 0xc3,
    0x86, 0x18, 0x31, 0xc1, 0xcc, 0x6, 0x60, 0x37,
    0x1, 0xf0, 0x7, 0x80, 0x38, 0x0, 0xc0, 0xe,
    0x0, 0x60, 0x7, 0x0, 0xf0, 0x7, 0x0,

    /* U+0178 "Ÿ" */
    0x7, 0x18, 0x1, 0xc6, 0x0, 0x0, 0x3, 0x80,
    0x7, 0x70, 0x3, 0x8e, 0x1, 0xc3, 0x80, 0x70,
    0x70, 0x38, 0xe, 0x1c, 0x1, 0xc6, 0x0, 0x73,
    0x80, 0xf, 0xc0, 0x1, 0xe0, 0x0, 0x30, 0x0,
    0xc, 0x0, 0x3, 0x0, 0x0, 0xc0, 0x0, 0x30,
    0x0, 0xc, 0x0, 0x3, 0x0, 0x0, 0xc0, 0x0,
    0x30, 0x0,

    /* U+0179 "Ź" */
    0x1, 0xc0, 0x3, 0x0, 0xc, 0x0, 0x0, 0x7,
    0xff, 0xef, 0xff, 0xc0, 0x7, 0x80, 0xe, 0x0,
    0x38, 0x0, 0xe0, 0x3, 0x80, 0xf, 0x0, 0x1c,
    0x0, 0x70, 0x1, 0xc0, 0x7, 0x0, 0x1e, 0x0,
    0x38, 0x0, 0xe0, 0x3, 0x80, 0xe, 0x0, 0x1f,
    0xff, 0xff, 0xff, 0x80,

    /* U+017A "ź" */
    0x3, 0x80, 0x30, 0x6, 0x0, 0x0, 0x0, 0x7,
    0xff, 0x7f, 0xf0, 0x6, 0x0, 0xe0, 0x1c, 0x3,
    0x80, 0x70, 0xe, 0x1, 0xc0, 0x3c, 0x7, 0x80,
    0x70, 0xf, 0xff, 0xff, 0xf0,

    /* U+017B "Ż" */
    0x3, 0x80, 0x7, 0x0, 0xe, 0x0, 0x0, 0x7,
    0xff, 0xef, 0xff, 0xc0, 0x7, 0x80, 0x1e, 0x0,
    0x38, 0x0, 0xe0, 0x3, 0x80, 0xf, 0x0, 0x3c,
    0x0, 0x70, 0x1, 0xc0, 0x7, 0x0, 0x1c, 0x0,
    0x38, 0x0, 0xe0, 0x3, 0x80, 0xe, 0x0, 0x1f,
    0xff, 0xff, 0xff, 0x80,

    /* U+017C "ż" */
    0x7, 0x0, 0x70, 0x7, 0x0, 0x0, 0x7f, 0xf7,
    0xff, 0x0, 0x60, 0xe, 0x1, 0xc0, 0x38, 0x7,
    0x0, 0xe0, 0x1c, 0x3, 0xc0, 0x78, 0x7, 0x0,
    0xff, 0xff, 0xff,

    /* U+017D "Ž" */
    0xc, 0x70, 0x1c, 0xc0, 0x1f, 0x0, 0x1c, 0x0,
    0x0, 0xf, 0xff, 0xdf, 0xff, 0x80, 0xf, 0x0,
    0x1c, 0x0, 0x70, 0x1, 0xc0, 0x7, 0x0, 0x1e,
    0x0, 0x38, 0x0, 0xe0, 0x3, 0x80, 0xe, 0x0,
    0x3c, 0x0, 0x70, 0x1, 0xc0, 0x7, 0x0, 0x1c,
    0x0, 0x3f, 0xff, 0xff, 0xff,

    /* U+017E "ž" */
    0x1c, 0xc0, 0xdc, 0x7, 0x80, 0x0, 0x0, 0x7,
    0xff, 0x7f, 0xf0, 0x6, 0x0, 0xe0, 0x1c, 0x3,
    0x80, 0x70, 0xe, 0x1, 0xc0, 0x3c, 0x7, 0x80,
    0x70, 0xf, 0xff, 0xff, 0xf0,

    /* U+017F "ſ" */
    0x7f, 0xfc, 0x30, 0xc3, 0xc, 0x30, 0xc3, 0xc,
    0x30, 0xc3, 0xc, 0x30, 0xc3, 0xc, 0x0,

    /* U+018F "Ə" */
    0x3, 0xf0, 0x7, 0xff, 0x3, 0xc1, 0xe0, 0xc0,
    0x1c, 0x60, 0x3, 0x88, 0x0, 0x60, 0x0, 0x1c,
    0x0, 0x7, 0xff, 0xff, 0xff, 0xff, 0xfc, 0x0,
    0x1f, 0x0, 0x7, 0xc0, 0x1, 0xd8, 0x0, 0xe6,
    0x0, 0x38, 0xc0, 0x1c, 0x3c, 0x1f, 0x7, 0xff,
    0x0, 0x7f, 0x0,

    /* U+0192 "ƒ" */
    0x0, 0xf8, 0xf, 0xc0, 0x70, 0x3, 0x0, 0x38,
    0x7, 0xf0, 0x3f, 0x80, 0x60, 0x3, 0x0, 0x18,
    0x1, 0xc0, 0xe, 0x0, 0x70, 0x3, 0x0, 0x18,
    0x0, 0xc0, 0xe, 0x0, 0x70, 0x3, 0x0, 0x18,
    0x0, 0xc0, 0xe, 0x3, 0xe0, 0x1f, 0x0,

    /* U+01A0 "Ơ" */
    0x3, 0xf0, 0x18, 0x7f, 0xe0, 0xc7, 0x3, 0xc2,
    0x60, 0xf, 0x16, 0x0, 0x39, 0x30, 0x0, 0xf3,
    0x0, 0x3, 0x18, 0x0, 0x18, 0xc0, 0x0, 0xc6,
    0x0, 0x6, 0x30, 0x0, 0x31, 0x80, 0x1, 0x8c,
    0x0, 0xc, 0x30, 0x0, 0xc1, 0xc0, 0xe, 0x6,
    0x0, 0x60, 0x1c, 0xe, 0x0, 0x7f, 0xe0, 0x0,
    0xfc, 0x0,

    /* U+01A1 "ơ" */
    0xf, 0x83, 0x3f, 0xe3, 0x70, 0x71, 0x60, 0x31,
    0xc0, 0x1a, 0xc0, 0x1c, 0xc0, 0x18, 0xc0, 0x18,
    0xc0, 0x18, 0xc0, 0x18, 0x60, 0x30, 0x70, 0x70,
    0x3f, 0xe0, 0xf, 0x80,

    /* U+01AF "Ư" */
    0xc0, 0x6, 0x3c, 0x0, 0x63, 0xc0, 0x6, 0x1c,
    0x0, 0x61, 0xc0, 0x6, 0x3c, 0x0, 0x66, 0xc0,
    0x7, 0x8c, 0x0, 0x60, 0xc0, 0x6, 0xc, 0x0,
    0x60, 0xc0, 0x6, 0xc, 0x0, 0x60, 0xc0, 0x6,
    0xc, 0x0, 0x60, 0xc0, 0xe, 0x6, 0x0, 0xc0,
    0x78, 0x3c, 0x3, 0xff, 0x80, 0xf, 0xe0, 0x0,

    /* U+01B0 "ư" */
    0xc0, 0x67, 0x80, 0xcf, 0x1, 0x8e, 0x3, 0x1c,
    0x6, 0x38, 0xd, 0xb0, 0x1e, 0x60, 0x30, 0xc0,
    0x61, 0x80, 0xc3, 0x3, 0x87, 0xf, 0x7, 0xf6,
    0x7, 0xcc, 0x0,

    /* U+01CD "Ǎ" */
    0x6, 0x38, 0x1, 0xcc, 0x0, 0x3e, 0x0, 0x7,
    0x0, 0x0, 0x0, 0x0, 0x70, 0x0, 0x1e, 0x0,
    0xf, 0x80, 0x3, 0x70, 0x0, 0xcc, 0x0, 0x73,
    0x0, 0x18, 0xe0, 0xe, 0x18, 0x3, 0x87, 0x0,
    0xc0, 0xc0, 0x70, 0x38, 0x1f, 0xfe, 0xf, 0xff,
    0x83, 0x80, 0x70, 0xc0, 0x1c, 0x70, 0x3, 0x9c,
    0x0, 0xe6, 0x0, 0x1b, 0x80, 0x7,

    /* U+01CE "ǎ" */
    0x1c, 0xe0, 0x6e, 0x3, 0xe0, 0xe, 0x0, 0x0,
    0xf, 0xe0, 0xff, 0x8e, 0xe, 0xe0, 0x30, 0x1,
    0x80, 0x1c, 0x3f, 0xe7, 0xf3, 0x70, 0x1b, 0x0,
    0xd8, 0xe, 0xe0, 0xf3, 0xff, 0x8f, 0xcc,

    /* U+01CF "Ǐ" */
    0xe7, 0x66, 0x3c, 0x18, 0x0, 0x18, 0x18, 0x18,
    0x18, 0x18, 0x18, 0x18, 0x18, 0x18, 0x18, 0x18,
    0x18, 0x18, 0x18, 0x18, 0x18, 0x18, 0x18, 0x18,

    /* U+01D0 "ǐ" */
    0x67, 0x76, 0x3c, 0x0, 0x0, 0x18, 0x18, 0x18,
    0x18, 0x18, 0x18, 0x18, 0x18, 0x18, 0x18, 0x18,
    0x18, 0x18, 0x18,

    /* U+01D1 "Ǒ" */
    0x7, 0x38, 0x0, 0xec, 0x0, 0x1e, 0x0, 0x3,
    0x0, 0x0, 0x0, 0x0, 0xfc, 0x0, 0xff, 0xc0,
    0x70, 0x38, 0x30, 0x7, 0x18, 0x0, 0xe6, 0x0,
    0x1b, 0x0, 0x3, 0xc0, 0x0, 0xf0, 0x0, 0x3c,
    0x0, 0xf, 0x0, 0x3, 0xc0, 0x0, 0xf0, 0x0,
    0x36, 0x0, 0x19, 0x80, 0xe, 0x30, 0x3, 0x7,
    0x3, 0x80, 0xff, 0xc0, 0xf, 0xc0,

    /* U+01D2 "ǒ" */
    0x38, 0xe0, 0xee, 0x3, 0xe0, 0xe, 0x0, 0x0,
    0x7, 0xc0, 0xff, 0x8e, 0xe, 0x60, 0x36, 0x0,
    0xf0, 0x7, 0x80, 0x3c, 0x1, 0xe0, 0xf, 0x0,
    0x6c, 0x6, 0x70, 0x71, 0xff, 0x3, 0xe0,

    /* U+01D3 "Ǔ" */
    0xe, 0x70, 0xd, 0xc0, 0x1f, 0x0, 0x1c, 0x0,
    0x0, 0x18, 0x0, 0xf0, 0x1, 0xe0, 0x3, 0xc0,
    0x7, 0x80, 0xf, 0x0, 0x1e, 0x0, 0x3c, 0x0,
    0x78, 0x0, 0xf0, 0x1, 0xe0, 0x3, 0xc0, 0x7,
    0x80, 0xf, 0x0, 0x1e, 0x0, 0x76, 0x0, 0xcf,
    0x7, 0x8f, 0xfe, 0x7, 0xf0,

    /* U+01D4 "ǔ" */
    0x39, 0x83, 0x70, 0x3c, 0x0, 0x0, 0x1, 0x80,
    0xf0, 0x1e, 0x3, 0xc0, 0x78, 0xf, 0x1, 0xe0,
    0x3c, 0x7, 0x80, 0xf0, 0x1e, 0x7, 0xe1, 0xef,
    0xfc, 0xf9, 0x80,

    /* U+01D5 "Ǖ" */
    0xf, 0xe0, 0x1f, 0xc0, 0x31, 0x80, 0x63, 0x0,
    0x0, 0x18, 0x0, 0xf0, 0x1, 0xe0, 0x3, 0xc0,
    0x7, 0x80, 0xf, 0x0, 0x1e, 0x0, 0x3c, 0x0,
    0x78, 0x0, 0xf0, 0x1, 0xe0, 0x3, 0xc0, 0x7,
    0x80, 0xf, 0x0, 0x1e, 0x0, 0x76, 0x0, 0xcf,
    0x7, 0x8f, 0xfe, 0x7, 0xf0,

    /* U+01D6 "ǖ" */
    0x3f, 0xc7, 0xf8, 0x0, 0x0, 0x3, 0x18, 0x63,
    0x0, 0x0, 0x0, 0x0, 0x18, 0xf, 0x1, 0xe0,
    0x3c, 0x7, 0x80, 0xf0, 0x1e, 0x3, 0xc0, 0x78,
    0xf, 0x1, 0xe0, 0x7e, 0x1e, 0xff, 0xcf, 0x98,

    /* U+01D7 "Ǘ" */
    0x1, 0xc0, 0x3, 0x0, 0x31, 0x80, 0x63, 0x0,
    0x0, 0x18, 0x0, 0xf0, 0x1, 0xe0, 0x3, 0xc0,
    0x7, 0x80, 0xf, 0x0, 0x1e, 0x0, 0x3c, 0x0,
    0x78, 0x0, 0xf0, 0x1, 0xe0, 0x3, 0xc0, 0x7,
    0x80, 0xf, 0x0, 0x1e, 0x0, 0x76, 0x0, 0xcf,
    0x7, 0x8f, 0xfe, 0x7, 0xf0,

    /* U+01D8 "ǘ" */
    0x3, 0x80, 0xe0, 0x38, 0x0, 0x0, 0x0, 0x63,
    0xc, 0x60, 0x0, 0x0, 0x0, 0x3, 0x1, 0xe0,
    0x3c, 0x7, 0x80, 0xf0, 0x1e, 0x3, 0xc0, 0x78,
    0xf, 0x1, 0xe0, 0x3c, 0xf, 0xc3, 0xdf, 0xf9,
    0xf3,

    /* U+01D9 "Ǚ" */
    0x6, 0xc0, 0x7, 0x0, 0x31, 0x80, 0x63, 0x0,
    0x0, 0x18, 0x0, 0xf0, 0x1, 0xe0, 0x3, 0xc0,
    0x7, 0x80, 0xf, 0x0, 0x1e, 0x0, 0x3c, 0x0,
    0x78, 0x0, 0xf0, 0x1, 0xe0, 0x3, 0xc0, 0x7,
    0x80, 0xf, 0x0, 0x1e, 0x0, 0x76, 0x0, 0xcf,
    0x7, 0x8f, 0xfe, 0x7, 0xf0,

    /* U+01DA "ǚ" */
    0x31, 0x83, 0x70, 0x7c, 0x7, 0x0, 0x0, 0x63,
    0xc, 0x60, 0x0, 0x0, 0x0, 0x3, 0x1, 0xe0,
    0x3c, 0x7, 0x80, 0xf0, 0x1e, 0x3, 0xc0, 0x78,
    0xf, 0x1, 0xe0, 0x3c, 0xf, 0xc3, 0xdf, 0xf9,
    0xf3,

    /* U+01DB "Ǜ" */
    0x7, 0x0, 0x6, 0x0, 0x31, 0x80, 0x63, 0x0,
    0x0, 0x18, 0x0, 0xf0, 0x1, 0xe0, 0x3, 0xc0,
    0x7, 0x80, 0xf, 0x0, 0x1e, 0x0, 0x3c, 0x0,
    0x78, 0x0, 0xf0, 0x1, 0xe0, 0x3, 0xc0, 0x7,
    0x80, 0xf, 0x0, 0x1e, 0x0, 0x76, 0x0, 0xcf,
    0x7, 0x8f, 0xfe, 0x7, 0xf0,

    /* U+01DC "ǜ" */
    0x38, 0x3, 0x80, 0x38, 0x0, 0x0, 0x0, 0x63,
    0xc, 0x60, 0x0, 0x0, 0x0, 0x3, 0x1, 0xe0,
    0x3c, 0x7, 0x80, 0xf0, 0x1e, 0x3, 0xc0, 0x78,
    0xf, 0x1, 0xe0, 0x3c, 0xf, 0xc3, 0xdf, 0xf9,
    0xf3,

    /* U+01FA "Ǻ" */
    0x0, 0x70, 0x0, 0x38, 0x0, 0x1c, 0x0, 0x7,
    0x0, 0x2, 0x20, 0x0, 0x88, 0x0, 0x22, 0x0,
    0x7, 0x0, 0x3, 0xe0, 0x0, 0xd8, 0x0, 0x36,
    0x0, 0x1d, 0xc0, 0x6, 0x30, 0x3, 0x8e, 0x0,
    0xe1, 0x80, 0x30, 0x70, 0x1c, 0x1c, 0x6, 0x3,
    0x1, 0xff, 0xe0, 0xff, 0xf8, 0x30, 0x7, 0x1c,
    0x1, 0xc7, 0x0, 0x31, 0x80, 0xe, 0xe0, 0x3,
    0xb8, 0x0, 0x70,

    /* U+01FB "ǻ" */
    0x1, 0xc0, 0x1c, 0x0, 0xc0, 0x0, 0x0, 0x0,
    0x0, 0x0, 0x1c, 0x1, 0x10, 0x8, 0x80, 0x38,
    0x0, 0x0, 0x3f, 0x83, 0xfe, 0x38, 0x3b, 0x80,
    0xc0, 0x6, 0x0, 0x70, 0xff, 0x9f, 0xcd, 0xc0,
    0x6c, 0x3, 0x60, 0x3b, 0x83, 0xcf, 0xfe, 0x3f,
    0x30,

    /* U+01FC "Ǽ" */
    0x0, 0x7, 0x0, 0x0, 0x1, 0x80, 0x0, 0x0,
    0xc0, 0x0, 0x0, 0x0, 0x0, 0x0, 0x7f, 0xff,
    0xc0, 0x1f, 0xff, 0xf0, 0xe, 0x60, 0x0, 0x3,
    0x18, 0x0, 0x1, 0xc6, 0x0, 0x0, 0x61, 0x80,
    0x0, 0x38, 0x60, 0x0, 0xc, 0x18, 0x0, 0x7,
    0x7, 0xff, 0x81, 0x81, 0xff, 0xe0, 0xe0, 0x60,
    0x0, 0x3f, 0xf8, 0x0, 0x1f, 0xfe, 0x0, 0x6,
    0x1, 0x80, 0x3, 0x80, 0x60, 0x0, 0xc0, 0x18,
    0x0, 0x70, 0x6, 0x0, 0x1c, 0x1, 0xff, 0xfe,
    0x0, 0x7f, 0xfc,

    /* U+01FD "ǽ" */
    0x0, 0xc, 0x0, 0x0, 0x60, 0x0, 0x1, 0x0,
    0x0, 0x0, 0x0, 0x0, 0x0, 0x0, 0x7f, 0x1f,
    0x83, 0xfe, 0xff, 0x1c, 0x1f, 0xe, 0xe0, 0x30,
    0x18, 0x0, 0xc0, 0x70, 0x7f, 0xff, 0xcf, 0xef,
    0xff, 0x70, 0x30, 0x3, 0x0, 0xc0, 0xc, 0x3,
    0x1, 0xf0, 0x1e, 0x7, 0xe0, 0xfc, 0x39, 0xff,
    0x3f, 0xc3, 0xf0, 0x7c, 0x0,

    /* U+01FE "Ǿ" */
    0x0, 0x70, 0x0, 0x38, 0x0, 0xc, 0x0, 0x0,
    0x0, 0x0, 0x0, 0x0, 0xfc, 0x30, 0xff, 0xdc,
    0x70, 0x7e, 0x30, 0x7, 0x98, 0x3, 0xe6, 0x1,
    0xdb, 0x0, 0xe3, 0xc0, 0x70, 0xf0, 0x18, 0x3c,
    0xc, 0xf, 0x6, 0x3, 0xc3, 0x0, 0xf1, 0x80,
    0x36, 0xc0, 0x19, 0xe0, 0xe, 0x70, 0x7, 0x1f,
    0x3, 0x8d, 0xff, 0xc3, 0x1f, 0xc0,

    /* U+01FF "ǿ" */
    0x1, 0xc0, 0x1c, 0x1, 0xc0, 0x0, 0x0, 0x0,
    0x7, 0xcc, 0xff, 0xce, 0x1e, 0x60, 0xf6, 0xe,
    0xf0, 0xe7, 0x86, 0x3c, 0x61, 0xe6, 0xf, 0x60,
    0xef, 0x6, 0x70, 0x73, 0xff, 0x37, 0xe0, 0x0,
    0x0,

    /* U+0259 "ə" */
    0xf, 0x81, 0xff, 0x1e, 0x1c, 0xe0, 0x60, 0x1,
    0x80, 0xf, 0xff, 0xef, 0xff, 0x60, 0x1b, 0x0,
    0xdc, 0xc, 0x70, 0xe1, 0xfe, 0x7, 0xc0,

    /* U+02C6 "ˆ" */
    0x1c, 0x1f, 0xd, 0x8c, 0x60,

    /* U+02C7 "ˇ" */
    0xc7, 0xe6, 0x7c, 0x38,

    /* U+02C9 "ˉ" */
    0xff, 0xff,

    /* U+02D8 "˘" */
    0x83, 0x8f, 0xfb, 0xe0,

    /* U+02D9 "˙" */
    0xff, 0x80,

    /* U+02DA "˚" */
    0x74, 0x63, 0x17, 0x0,

    /* U+02DB "˛" */
    0xc3, 0xc, 0x38, 0xfd, 0xe0,

    /* U+02DC "˜" */
    0x79, 0xff, 0xf3, 0xc0,

    /* U+02DD "˝" */
    0x73, 0xb3, 0xb1, 0x80,

    /* U+0300 "̀" */
    0xe3, 0x8e,

    /* U+0301 "́" */
    0x73, 0x30,

    /* U+0303 "̃" */
    0x79, 0xff, 0xf1, 0xc0,

    /* U+0309 "̉" */
    0xf3, 0xf0, 0xcf, 0x30,

    /* U+0323 "̣" */
    0xf0,

    /* U+037E ";" */
    0xf0, 0x0, 0x0, 0xf5, 0xe0,

    /* U+0384 "΄" */
    0x73, 0x30,

    /* U+0385 "΅" */
    0x6, 0x6, 0x33, 0x7b, 0x30,

    /* U+0386 "Ά" */
    0x39, 0xc0, 0xc, 0x78, 0x6, 0x3e, 0x0, 0xd,
    0xc0, 0x3, 0x30, 0x1, 0xcc, 0x0, 0x63, 0x80,
    0x38, 0x60, 0xe, 0x1c, 0x3, 0x3, 0x1, 0xc0,
    0xe0, 0x7f, 0xf8, 0x1f, 0xfe, 0xe, 0x1, 0xc3,
    0x0, 0x71, 0xc0, 0xe, 0x70, 0x3, 0x98, 0x0,
    0x6e, 0x0, 0x1c,

    /* U+0387 "·" */
    0xf0,

    /* U+0388 "Έ" */
    0x73, 0xff, 0xf7, 0x1f, 0xff, 0xb0, 0xc0, 0x0,
    0x6, 0x0, 0x0, 0x30, 0x0, 0x1, 0x80, 0x0,
    0xc, 0x0, 0x0, 0x60, 0x0, 0x3, 0xff, 0xf0,
    0x1f, 0xff, 0x80, 0xc0, 0x0, 0x6, 0x0, 0x0,
    0x30, 0x0, 0x1, 0x80, 0x0, 0xc, 0x0, 0x0,
    0x60, 0x0, 0x3, 0x0, 0x0, 0x1f, 0xff, 0xc0,
    0xff, 0xfe,

    /* U+0389 "Ή" */
    0x33, 0x0, 0x1b, 0x98, 0x0, 0xf8, 0xc0, 0x6,
    0x6, 0x0, 0x30, 0x30, 0x1, 0x81, 0x80, 0xc,
    0xc, 0x0, 0x60, 0x60, 0x3, 0x3, 0xff, 0xf8,
    0x1f, 0xff, 0xc0, 0xc0, 0x6, 0x6, 0x0, 0x30,
    0x30, 0x1, 0x81, 0x80, 0xc, 0xc, 0x0, 0x60,
    0x60, 0x3, 0x3, 0x0, 0x18, 0x18, 0x0, 0xc0,
    0xc0, 0x6,

    /* U+038A "Ί" */
    0x33, 0x73, 0xe3, 0x3, 0x3, 0x3, 0x3, 0x3,
    0x3, 0x3, 0x3, 0x3, 0x3, 0x3, 0x3, 0x3,
    0x3, 0x3, 0x3,

    /* U+038C "Ό" */
    0x70, 0xfc, 0x6, 0x3f, 0xf0, 0xc7, 0x3, 0x80,
    0xc0, 0x1c, 0x18, 0x0, 0xe1, 0x80, 0x6, 0x30,
    0x0, 0x33, 0x0, 0x3, 0x30, 0x0, 0x33, 0x0,
    0x3, 0x30, 0x0, 0x33, 0x0, 0x3, 0x30, 0x0,
    0x31, 0x80, 0x6, 0x18, 0x0, 0x60, 0xc0, 0xc,
    0x7, 0x3, 0x80, 0x3f, 0xf0, 0x0, 0xfc, 0x0,

    /* U+038E "Ύ" */
    0x39, 0xc0, 0xe, 0x70, 0xe0, 0xe, 0x60, 0xe0,
    0x1c, 0x0, 0x70, 0x38, 0x0, 0x38, 0x30, 0x0,
    0x38, 0x70, 0x0, 0x1c, 0xe0, 0x0, 0xe, 0xc0,
    0x0, 0x7, 0xc0, 0x0, 0x7, 0x80, 0x0, 0x3,
    0x0, 0x0, 0x3, 0x0, 0x0, 0x3, 0x0, 0x0,
    0x3, 0x0, 0x0, 0x3, 0x0, 0x0, 0x3, 0x0,
    0x0, 0x3, 0x0, 0x0, 0x3, 0x0, 0x0, 0x3,
    0x0,

    /* U+038F "Ώ" */
    0x30, 0xfc, 0xc, 0x7f, 0xe3, 0x9e, 0x1e, 0x7,
    0x0, 0xc0, 0xc0, 0xc, 0x18, 0x1, 0x86, 0x0,
    0x18, 0xc0, 0x3, 0x18, 0x0, 0x63, 0x0, 0xc,
    0x60, 0x1, 0x8c, 0x0, 0x30, 0xc0, 0x4, 0x18,
    0x1, 0x83, 0x80, 0x30, 0x30, 0xc, 0x3, 0x83,
    0x3, 0xf8, 0xfc, 0x7f, 0x1f, 0x80,

    /* U+0390 "ΐ" */
    0x7, 0x1, 0x8c, 0xcf, 0x23, 0x0, 0x0, 0x0,
    0xc0, 0x30, 0xc, 0x3, 0x0, 0xc0, 0x30, 0xc,
    0x3, 0x0, 0xc0, 0x30, 0xc, 0x3, 0x0, 0xc0,
    0x30,

    /* U+0391 "Α" */
    0x1, 0xc0, 0x0, 0x78, 0x0, 0x3e, 0x0, 0xd,
    0xc0, 0x3, 0x30, 0x1, 0xcc, 0x0, 0x63, 0x80,
    0x38, 0x60, 0xe, 0x1c, 0x3, 0x3, 0x1, 0xc0,
    0xe0, 0x7f, 0xf8, 0x3f, 0xfe, 0xe, 0x1, 0xc3,
    0x0, 0x71, 0xc0, 0xe, 0x70, 0x3, 0x98, 0x0,
    0x6e, 0x0, 0x1c,

    /* U+0392 "Β" */
    0xff, 0xc3, 0xff, 0xcc, 0x3, 0x30, 0x6, 0xc0,
    0x1b, 0x0, 0x6c, 0x1, 0xb0, 0xc, 0xff, 0xe3,
    0xff, 0xcc, 0x3, 0xb0, 0x7, 0xc0, 0xf, 0x0,
    0x3c, 0x0, 0xf0, 0x7, 0xc0, 0x3b, 0xff, 0xcf,
    0xfe, 0x0,

    /* U+0393 "Γ" */
    0xff, 0xff, 0xff, 0xc0, 0xc, 0x0, 0xc0, 0xc,
    0x0, 0xc0, 0xc, 0x0, 0xc0, 0xc, 0x0, 0xc0,
    0xc, 0x0, 0xc0, 0xc, 0x0, 0xc0, 0xc, 0x0,
    0xc0, 0xc, 0x0, 0xc0, 0x0,

    /* U+0394 "Δ" */
    0x1, 0xc0, 0x0, 0x78, 0x0, 0x3e, 0x0, 0xd,
    0xc0, 0x3, 0x70, 0x1, 0xcc, 0x0, 0x63, 0x80,
    0x38, 0x60, 0xe, 0x1c, 0x3, 0x7, 0x1, 0xc0,
    0xe0, 0x70, 0x38, 0x18, 0x6, 0xe, 0x1, 0xc3,
    0x0, 0x71, 0xc0, 0xe, 0x70, 0x3, 0x9f, 0xff,
    0xef, 0xff, 0xfc,

    /* U+0395 "Ε" */
    0xff, 0xfd, 0xff, 0xfb, 0x0, 0x6, 0x0, 0xc,
    0x0, 0x18, 0x0, 0x30, 0x0, 0x60, 0x0, 0xff,
    0xfd, 0xff, 0xfb, 0x0, 0x6, 0x0, 0xc, 0x0,
    0x18, 0x0, 0x30, 0x0, 0x60, 0x0, 0xc0, 0x1,
    0xff, 0xff, 0xff, 0xf8,

    /* U+0396 "Ζ" */
    0x7f, 0xfe, 0xff, 0xfc, 0x0, 0x78, 0x0, 0xe0,
    0x3, 0x80, 0xe, 0x0, 0x38, 0x0, 0xf0, 0x1,
    0xc0, 0x7, 0x0, 0x1c, 0x0, 0x70, 0x1, 0xe0,
    0x3, 0x80, 0xe, 0x0, 0x38, 0x0, 0xe0, 0x1,
    0xff, 0xff, 0xff, 0xf8,

    /* U+0397 "Η" */
    0xc0, 0x7, 0x80, 0xf, 0x0, 0x1e, 0x0, 0x3c,
    0x0, 0x78, 0x0, 0xf0, 0x1, 0xe0, 0x3, 0xff,
    0xff, 0xff, 0xff, 0x0, 0x1e, 0x0, 0x3c, 0x0,
    0x78, 0x0, 0xf0, 0x1, 0xe0, 0x3, 0xc0, 0x7,
    0x80, 0xf, 0x0, 0x18,

    /* U+0398 "Θ" */
    0x3, 0xf0, 0x3, 0xff, 0x1, 0xc0, 0xe0, 0xc0,
    0x1c, 0x60, 0x3, 0x98, 0x0, 0x6c, 0x0, 0xf,
    0x0, 0x3, 0xc7, 0xf8, 0xf1, 0xfe, 0x3c, 0x0,
    0xf, 0x0, 0x3, 0xc0, 0x0, 0xd8, 0x0, 0x66,
    0x0, 0x18, 0xc0, 0xc, 0x1c, 0xe, 0x3, 0xff,
    0x0, 0x3f, 0x0,

    /* U+0399 "Ι" */
    0xff, 0xff, 0xff, 0xff, 0xfc,

    /* U+039A "Κ" */
    0xc0, 0x1f, 0x80, 0x73, 0x1, 0xc6, 0x7, 0xc,
    0x1c, 0x18, 0x70, 0x31, 0xc0, 0x67, 0x0, 0xdf,
    0x1, 0xfe, 0x3, 0xce, 0x7, 0xe, 0xc, 0x1e,
    0x18, 0x1c, 0x30, 0x1c, 0x60, 0x1c, 0xc0, 0x3d,
    0x80, 0x3b, 0x0, 0x38,

    /* U+039B "Λ" */
    0x1, 0xe0, 0x0, 0x78, 0x0, 0x1e, 0x0, 0xf,
    0xc0, 0x3, 0x30, 0x0, 0xce, 0x0, 0x63, 0x80,
    0x18, 0x60, 0xe, 0x1c, 0x3, 0x3, 0x0, 0xc0,
    0xc0, 0x70, 0x38, 0x18, 0x6, 0xe, 0x1, 0xc3,
    0x0, 0x70, 0xc0, 0xc, 0x70, 0x3, 0x98, 0x0,
    0xee, 0x0, 0x1c,

    /* U+039C "Μ" */
    0xf0, 0x1, 0xfc, 0x0, 0xff, 0x0, 0x3f, 0xe0,
    0xf, 0xd8, 0x6, 0xf6, 0x1, 0xbd, 0xc0, 0x6f,
    0x30, 0x33, 0xcc, 0xc, 0xf3, 0x83, 0x3c, 0x61,
    0x8f, 0x18, 0x63, 0xc7, 0x38, 0xf0, 0xcc, 0x3c,
    0x3b, 0xf, 0x7, 0x83, 0xc1, 0xe0, 0xf0, 0x78,
    0x3c, 0xc, 0xc,

    /* U+039D "Ν" */
    0xe0, 0x7, 0xc0, 0xf, 0xc0, 0x1f, 0xc0, 0x3f,
    0x80, 0x7b, 0x80, 0xf3, 0x81, 0xe7, 0x83, 0xc7,
    0x7, 0x87, 0xf, 0x7, 0x1e, 0xf, 0x3c, 0xe,
    0x78, 0xe, 0xf0, 0xf, 0xe0, 0x1f, 0xc0, 0x1f,
    0x80, 0x1f, 0x0, 0x38,

    /* U+039E "Ξ" */
    0xff, 0xfd, 0xff, 0xf8, 0x0, 0x0, 0x0, 0x0,
    0x0, 0x0, 0x0, 0x0, 0x0, 0x0, 0x0, 0x0,
    0x0, 0x7f, 0xf0, 0xff, 0xe0, 0x0, 0x0, 0x0,
    0x0, 0x0, 0x0, 0x0, 0x0, 0x0, 0x0, 0x1,
    0xff, 0xff, 0xff, 0xf8,

    /* U+039F "Ο" */
    0x3, 0xf0, 0x3, 0xff, 0x1, 0xc0, 0xe0, 0xc0,
    0x1c, 0x60, 0x3, 0x98, 0x0, 0x6c, 0x0, 0xf,
    0x0, 0x3, 0xc0, 0x0, 0xf0, 0x0, 0x3c, 0x0,
    0xf, 0x0, 0x3, 0xc0, 0x0, 0xd8, 0x0, 0x66,
    0x0, 0x38, 0xc0, 0xc, 0x1c, 0xe, 0x3, 0xff,
    0x0, 0x3f, 0x0,

    /* U+03A0 "Π" */
    0xff, 0xff, 0xff, 0xff, 0x0, 0x1e, 0x0, 0x3c,
    0x0, 0x78, 0x0, 0xf0, 0x1, 0xe0, 0x3, 0xc0,
    0x7, 0x80, 0xf, 0x0, 0x1e, 0x0, 0x3c, 0x0,
    0x78, 0x0, 0xf0, 0x1, 0xe0, 0x3, 0xc0, 0x7,
    0x80, 0xf, 0x0, 0x18,

    /* U+03A1 "Ρ" */
    0xff, 0xe3, 0xff, 0xcc, 0x3, 0xb0, 0x7, 0xc0,
    0xf, 0x0, 0x3c, 0x0, 0xf0, 0x7, 0xc0, 0x3b,
    0xff, 0xcf, 0xfe, 0x30, 0x0, 0xc0, 0x3, 0x0,
    0xc, 0x0, 0x30, 0x0, 0xc0, 0x3, 0x0, 0xc,
    0x0, 0x0,

    /* U+03A3 "Σ" */
    0xff, 0xfb, 0xff, 0xee, 0x0, 0x1c, 0x0, 0x38,
    0x0, 0x70, 0x0, 0xe0, 0x1, 0xc0, 0x3, 0x80,
    0xe, 0x0, 0x70, 0x3, 0x80, 0x1c, 0x0, 0x70,
    0x3, 0x80, 0x1c, 0x0, 0xe0, 0x3, 0xff, 0xff,
    0xff, 0xc0,

    /* U+03A4 "Τ" */
    0xff, 0xff, 0xff, 0xfc, 0x6, 0x0, 0xc, 0x0,
    0x18, 0x0, 0x30, 0x0, 0x60, 0x0, 0xc0, 0x1,
    0x80, 0x3, 0x0, 0x6, 0x0, 0xc, 0x0, 0x18,
    0x0, 0x30, 0x0, 0x60, 0x0, 0xc0, 0x1, 0x80,
    0x3, 0x0, 0x6, 0x0,

    /* U+03A5 "Υ" */
    0xe0, 0x7, 0x38, 0x3, 0x9c, 0x3, 0x87, 0x3,
    0x81, 0xc1, 0xc0, 0xe1, 0xc0, 0x38, 0xc0, 0xc,
    0xc0, 0x7, 0xe0, 0x1, 0xe0, 0x0, 0x60, 0x0,
    0x30, 0x0, 0x18, 0x0, 0xc, 0x0, 0x6, 0x0,
    0x3, 0x0, 0x1, 0x80, 0x0, 0xc0, 0x0, 0x60,
    0x0,

    /* U+03A6 "Φ" */
    0x0, 0x60, 0x0, 0x6, 0x0, 0x7, 0xfe, 0x1,
    0xff, 0xf8, 0x3c, 0x63, 0xc7, 0x6, 0xe, 0x60,
    0x60, 0x6c, 0x6, 0x3, 0xc0, 0x60, 0x3c, 0x6,
    0x3, 0xc0, 0x60, 0x3c, 0x6, 0x3, 0x60, 0x60,
    0x67, 0x6, 0xe, 0x3c, 0x63, 0xc1, 0xff, 0xf8,
    0x7, 0xfe, 0x0, 0x6, 0x0, 0x0, 0x60, 0x0,
    0x6, 0x0,

    /* U+03A7 "Χ" */
    0x70, 0x3, 0x8e, 0x1, 0xc1, 0xc0, 0x60, 0x38,
    0x38, 0xe, 0x1c, 0x1, 0xce, 0x0, 0x3b, 0x0,
    0xf, 0xc0, 0x1, 0xe0, 0x0, 0x78, 0x0, 0x1f,
    0x0, 0xf, 0xc0, 0x7, 0x38, 0x3, 0x87, 0x0,
    0xe1, 0xe0, 0x70, 0x38, 0x38, 0x7, 0x1c, 0x0,
    0xef, 0x0, 0x38,

    /* U+03A8 "Ψ" */
    0xc0, 0x60, 0x3c, 0x6, 0x3, 0xc0, 0x60, 0x3c,
    0x6, 0x3, 0xc0, 0x60, 0x3c, 0x6, 0x3, 0xc0,
    0x60, 0x3c, 0x6, 0x3, 0xe0, 0x60, 0x77, 0x6,
    0xe, 0x3c, 0x63, 0xc1, 0xff, 0xf8, 0x7, 0xfe,
    0x0, 0x6, 0x0, 0x0, 0x60, 0x0, 0x6, 0x0,
    0x0, 0x60, 0x0, 0x6, 0x0, 0x0, 0x60, 0x0,

    /* U+03A9 "Ω" */
    0x7, 0xe0, 0x1f, 0xf8, 0x3c, 0x3c, 0x70, 0xe,
    0x60, 0x6, 0x60, 0x6, 0xc0, 0x3, 0xc0, 0x3,
    0xc0, 0x3, 0xc0, 0x3, 0xc0, 0x3, 0xc0, 0x3,
    0x60, 0x2, 0x60, 0x6, 0x70, 0x6, 0x30, 0xc,
    0x1c, 0x18, 0xfe, 0x3f, 0xfe, 0x3f,

    /* U+03AA "Ϊ" */
    0xe7, 0xcc, 0x0, 0x60, 0xc1, 0x83, 0x6, 0xc,
    0x18, 0x30, 0x60, 0xc1, 0x83, 0x6, 0xc, 0x18,
    0x30, 0x60, 0xc1, 0x80,

    /* U+03AB "Ϋ" */
    0x7, 0x18, 0x1, 0xc6, 0x0, 0x0, 0x3, 0x80,
    0x7, 0x70, 0x3, 0x8e, 0x1, 0xc3, 0x80, 0x70,
    0x70, 0x38, 0xe, 0x1c, 0x1, 0xc6, 0x0, 0x73,
    0x80, 0xf, 0xc0, 0x1, 0xe0, 0x0, 0x30, 0x0,
    0xc, 0x0, 0x3, 0x0, 0x0, 0xc0, 0x0, 0x30,
    0x0, 0xc, 0x0, 0x3, 0x0, 0x0, 0xc0, 0x0,
    0x30, 0x0,

    /* U+03AC "ά" */
    0x3, 0xc0, 0xe, 0x0, 0x60, 0x0, 0x0, 0x0,
    0x0, 0x7c, 0x73, 0xfd, 0x9c, 0x36, 0x60, 0x7b,
    0x0, 0xcc, 0x3, 0x30, 0xc, 0xc0, 0x33, 0x0,
    0xcc, 0x3, 0x18, 0x1e, 0x70, 0xd8, 0xff, 0x61,
    0xf1, 0x80,

    /* U+03AD "έ" */
    0x7, 0x1, 0x80, 0xc0, 0x0, 0x0, 0x7, 0xc3,
    0xf9, 0xc6, 0x60, 0x18, 0x7, 0x0, 0xf8, 0x3e,
    0x3c, 0xe, 0x3, 0x82, 0xf1, 0xdf, 0xe3, 0xf0,

    /* U+03AE "ή" */
    0x3, 0x80, 0xe0, 0x18, 0x0, 0x0, 0x1, 0x9f,
    0x37, 0xf7, 0x87, 0xe0, 0x78, 0xf, 0x1, 0xe0,
    0x3c, 0x7, 0x80, 0xf0, 0x1e, 0x3, 0xc0, 0x78,
    0xf, 0x1, 0x80, 0x30, 0x6, 0x0, 0xc0, 0x18,
    0x3,

    /* U+03AF "ί" */
    0x3b, 0x98, 0x0, 0x31, 0x8c, 0x63, 0x18, 0xc6,
    0x31, 0x8c, 0x63, 0x18,

    /* U+03B0 "ΰ" */
    0x7, 0x0, 0xc1, 0xb3, 0x36, 0x60, 0x0, 0x0,
    0x30, 0x1e, 0x3, 0xc0, 0x78, 0xf, 0x1, 0xe0,
    0x3c, 0x7, 0x80, 0xf0, 0x1e, 0x3, 0xe0, 0xee,
    0x39, 0xff, 0xf, 0x80,

    /* U+03B1 "α" */
    0x1f, 0x1c, 0xff, 0x67, 0xd, 0x98, 0x1e, 0xc0,
    0x33, 0x0, 0xcc, 0x3, 0x30, 0xc, 0xc0, 0x33,
    0x0, 0xc6, 0x7, 0x9c, 0x36, 0x3f, 0xd8, 0x7c,
    0x60,

    /* U+03B2 "β" */
    0x1f, 0x3, 0xfc, 0x70, 0xec, 0x6, 0xc0, 0x6c,
    0x6, 0xc1, 0xcc, 0xf8, 0xcf, 0xcc, 0xe, 0xc0,
    0x6c, 0x3, 0xc0, 0x3c, 0x3, 0xc0, 0x3e, 0x7,
    0xf0, 0xed, 0xfc, 0xcf, 0x8c, 0x0, 0xc0, 0xc,
    0x0, 0xc0, 0xc, 0x0,

    /* U+03B3 "γ" */
    0xc0, 0x3e, 0x7, 0x60, 0x66, 0x6, 0x70, 0xe3,
    0xc, 0x38, 0xc1, 0x98, 0x19, 0x81, 0xf8, 0xf,
    0x0, 0xf0, 0x6, 0x0, 0x60, 0x6, 0x0, 0x60,
    0x6, 0x0, 0x60, 0x6, 0x0,

    /* U+03B4 "δ" */
    0x7f, 0xf3, 0xff, 0x8e, 0x0, 0x38, 0x0, 0x70,
    0xf, 0xc0, 0xff, 0xe, 0xc, 0x60, 0x37, 0x1,
    0xf0, 0x7, 0x80, 0x3c, 0x1, 0xe0, 0xf, 0x80,
    0x6c, 0x6, 0x70, 0x71, 0xff, 0x3, 0xe0,

    /* U+03B5 "ε" */
    0x1f, 0xf, 0xe7, 0x19, 0x80, 0x60, 0x1c, 0x3,
    0xe0, 0xf8, 0xf0, 0x38, 0xe, 0xb, 0xc7, 0x7f,
    0x8f, 0xc0,

    /* U+03B6 "ζ" */
    0x3f, 0xe7, 0xfc, 0x7, 0x3, 0x80, 0xe0, 0x18,
    0x6, 0x1, 0x80, 0x70, 0xc, 0x1, 0x80, 0x60,
    0xc, 0x1, 0x80, 0x30, 0x7, 0x0, 0x78, 0xf,
    0xf0, 0xff, 0x0, 0xe0, 0xc, 0x3, 0x80, 0xe0,
    0x38,

    /* U+03B7 "η" */
    0xcf, 0x9b, 0xfb, 0xc3, 0xf0, 0x3c, 0x7, 0x80,
    0xf0, 0x1e, 0x3, 0xc0, 0x78, 0xf, 0x1, 0xe0,
    0x3c, 0x7, 0x80, 0xc0, 0x18, 0x3, 0x0, 0x60,
    0xc, 0x1, 0x80,

    /* U+03B8 "θ" */
    0xf, 0x3, 0xfc, 0x70, 0xe6, 0x6, 0x60, 0x2c,
    0x3, 0xc0, 0x3c, 0x3, 0xff, 0xff, 0xff, 0xc0,
    0x3c, 0x3, 0xc0, 0x3c, 0x3, 0x60, 0x66, 0x6,
    0x70, 0xe3, 0xfc, 0xf, 0x0,

    /* U+03B9 "ι" */
    0xff, 0xff, 0xff, 0xf0,

    /* U+03BA "κ" */
    0xc1, 0xd8, 0x73, 0x1c, 0x67, 0xd, 0xc1, 0xf0,
    0x3e, 0x7, 0xe0, 0xce, 0x18, 0xe3, 0x1c, 0x61,
    0xcc, 0x1d, 0x81, 0xc0,

    /* U+03BB "λ" */
    0xc, 0x0, 0x70, 0x3, 0x80, 0xc, 0x0, 0x70,
    0x1, 0x80, 0x1c, 0x0, 0xf0, 0xf, 0x80, 0x6e,
    0x3, 0x70, 0x39, 0x81, 0x8e, 0x1c, 0x30, 0xe1,
    0x86, 0xe, 0x70, 0x33, 0x1, 0xf8, 0xe,

    /* U+03BC "μ" */
    0xc0, 0x78, 0xf, 0x1, 0xe0, 0x3c, 0x7, 0x80,
    0xf0, 0x1e, 0x3, 0xc0, 0x78, 0xf, 0x83, 0xf8,
    0xff, 0xff, 0xbe, 0xf0, 0x6, 0x0, 0xc0, 0x18,
    0x3, 0x0, 0x0,

    /* U+03BD "ν" */
    0x60, 0x1b, 0x1, 0xdc, 0xc, 0x60, 0xe3, 0x7,
    0x1c, 0x30, 0x63, 0x83, 0x98, 0xc, 0xc0, 0x6e,
    0x3, 0xe0, 0xf, 0x0, 0x70, 0x3, 0x80,

    /* U+03BE "ξ" */
    0xf, 0x8f, 0xe7, 0x1, 0x80, 0x60, 0x1c, 0x3,
    0xf8, 0x3e, 0x3c, 0x1c, 0x6, 0x3, 0x0, 0xc0,
    0x30, 0xc, 0x3, 0x80, 0x7c, 0xf, 0xe0, 0xfc,
    0x3, 0x0, 0xc0, 0x70, 0x38, 0x1c,

    /* U+03BF "ο" */
    0xf, 0x81, 0xff, 0x1c, 0x1c, 0xc0, 0x6c, 0x1,
    0xe0, 0xf, 0x0, 0x78, 0x3, 0xc0, 0x1e, 0x0,
    0xd8, 0xc, 0xe0, 0xe3, 0xfe, 0x7, 0xc0,

    /* U+03C0 "π" */
    0xff, 0xff, 0xff, 0xff, 0xc3, 0x3, 0x1, 0x81,
    0x80, 0xc0, 0xc0, 0x60, 0x60, 0x30, 0x30, 0x18,
    0x18, 0xc, 0xc, 0x6, 0x6, 0x3, 0x3, 0x1,
    0x81, 0x80, 0xc0, 0xc0, 0x60, 0x60,

    /* U+03C1 "ρ" */
    0x1f, 0x3, 0xfc, 0x70, 0xe6, 0x6, 0xc0, 0x3c,
    0x3, 0xc0, 0x3c, 0x3, 0xc0, 0x3c, 0x3, 0xe0,
    0x6f, 0xe, 0xff, 0xcc, 0xf0, 0xc0, 0xc, 0x0,
    0xc0, 0xc, 0x0, 0xc0, 0x0,

    /* U+03C2 "ς" */
    0x7, 0xf1, 0xfe, 0x38, 0x7, 0x0, 0x60, 0xc,
    0x0, 0xc0, 0xc, 0x0, 0xc0, 0xe, 0x0, 0x70,
    0x3, 0xe0, 0x1f, 0x80, 0x3e, 0x0, 0x60, 0x6,
    0x0, 0xe0, 0xfc, 0xf, 0x0,

    /* U+03C3 "σ" */
    0xf, 0xfe, 0x7f, 0xfd, 0xc1, 0xc3, 0x1, 0x8c,
    0x3, 0x98, 0x3, 0x30, 0x6, 0x60, 0xc, 0xc0,
    0x19, 0x80, 0x31, 0x80, 0xc3, 0x83, 0x83, 0xfe,
    0x1, 0xf0, 0x0,

    /* U+03C4 "τ" */
    0xff, 0xff, 0xc3, 0x1, 0x80, 0xc0, 0x60, 0x30,
    0x18, 0xc, 0x6, 0x3, 0x1, 0x80, 0xc0, 0x60,

    /* U+03C5 "υ" */
    0xc0, 0x78, 0xf, 0x1, 0xe0, 0x3c, 0x7, 0x80,
    0xf0, 0x1e, 0x3, 0xc0, 0x78, 0xf, 0x83, 0xb8,
    0xe7, 0xfc, 0x3e, 0x0,

    /* U+03C6 "φ" */
    0xc, 0xf0, 0x73, 0xf1, 0xc6, 0x33, 0xc, 0x6c,
    0x18, 0x78, 0x30, 0xf0, 0x61, 0xe0, 0xc3, 0xc1,
    0x87, 0xc3, 0x19, 0xc6, 0x31, 0xcd, 0xc1, 0xff,
    0x1, 0xfc, 0x0, 0x60, 0x0, 0xc0, 0x1, 0x80,
    0x3, 0x0, 0x6, 0x0,

    /* U+03C7 "χ" */
    0x60, 0x19, 0xc0, 0xe3, 0x3, 0xe, 0x1c, 0x18,
    0x60, 0x33, 0x80, 0xec, 0x1, 0xf0, 0x7, 0x80,
    0xe, 0x0, 0x78, 0x3, 0xf0, 0xc, 0xc0, 0x73,
    0x81, 0x86, 0xe, 0x1c, 0x30, 0x39, 0xc0, 0xee,
    0x1, 0xc0,

    /* U+03C8 "ψ" */
    0xc1, 0x83, 0xc1, 0x83, 0xc1, 0x83, 0xc1, 0x83,
    0xc1, 0x83, 0xc1, 0x83, 0xc1, 0x83, 0xc1, 0x83,
    0xc1, 0x83, 0xc1, 0x83, 0xe1, 0x87, 0x71, 0x8e,
    0x3f, 0xfc, 0xf, 0xf0, 0x1, 0x80, 0x1, 0x80,
    0x1, 0x80, 0x1, 0x80, 0x1, 0x80,

    /* U+03C9 "ω" */
    0x70, 0x3, 0x18, 0x0, 0x66, 0x0, 0x1b, 0x83,
    0x7, 0xc0, 0xc0, 0xf0, 0x30, 0x3c, 0xc, 0xf,
    0x3, 0x3, 0xc0, 0xc0, 0xf0, 0x30, 0x3e, 0x1e,
    0x19, 0xc7, 0x8e, 0x3f, 0x3f, 0x7, 0x87, 0x80,

    /* U+03CA "ϊ" */
    0xe3, 0xe3, 0x0, 0x0, 0x0, 0x18, 0x18, 0x18,
    0x18, 0x18, 0x18, 0x18, 0x18, 0x18, 0x18, 0x18,
    0x18, 0x18, 0x18,

    /* U+03CB "ϋ" */
    0x31, 0x86, 0x30, 0x0, 0x0, 0x0, 0x1, 0x80,
    0xf0, 0x1e, 0x3, 0xc0, 0x78, 0xf, 0x1, 0xe0,
    0x3c, 0x7, 0x80, 0xf0, 0x1f, 0x7, 0x71, 0xcf,
    0xf8, 0x7c, 0x0,

    /* U+03CC "ό" */
    0x1, 0xc0, 0x1c, 0x1, 0xc0, 0x0, 0x0, 0x0,
    0x7, 0xc0, 0xff, 0x8e, 0xe, 0x60, 0x36, 0x0,
    0xf0, 0x7, 0x80, 0x3c, 0x1, 0xe0, 0xf, 0x0,
    0x6c, 0x6, 0x70, 0x71, 0xff, 0x3, 0xe0,

    /* U+03CD "ύ" */
    0x7, 0x80, 0xe0, 0x30, 0x0, 0x0, 0x1, 0x80,
    0xf0, 0x1e, 0x3, 0xc0, 0x78, 0xf, 0x1, 0xe0,
    0x3c, 0x7, 0x80, 0xf0, 0x1f, 0x7, 0x71, 0xcf,
    0xf8, 0x7c, 0x0,

    /* U+03CE "ώ" */
    0x0, 0x70, 0x0, 0x18, 0x0, 0xc, 0x0, 0x0,
    0x0, 0x0, 0x0, 0x1c, 0x0, 0xc6, 0x0, 0x19,
    0x80, 0x6, 0xe0, 0xc1, 0xf0, 0x30, 0x3c, 0xc,
    0xf, 0x3, 0x3, 0xc0, 0xc0, 0xf0, 0x30, 0x3c,
    0xc, 0xf, 0x87, 0x86, 0x71, 0xe3, 0x8f, 0xcf,
    0xc1, 0xe1, 0xe0,

    /* U+0401 "Ё" */
    0xc, 0xc0, 0x19, 0x80, 0x0, 0x7, 0xff, 0xef,
    0xff, 0xd8, 0x0, 0x30, 0x0, 0x60, 0x0, 0xc0,
    0x1, 0x80, 0x3, 0x0, 0x7, 0xff, 0xef, 0xff,
    0xd8, 0x0, 0x30, 0x0, 0x60, 0x0, 0xc0, 0x1,
    0x80, 0x3, 0x0, 0x6, 0x0, 0xf, 0xff, 0xff,
    0xff, 0xc0,

    /* U+0402 "Ђ" */
    0xff, 0xfe, 0x7, 0xff, 0xf0, 0x0, 0x60, 0x0,
    0x3, 0x0, 0x0, 0x18, 0x0, 0x0, 0xc0, 0x0,
    0x6, 0x0, 0x0, 0x33, 0xf0, 0x1, 0xff, 0xe0,
    0xf, 0x3, 0x80, 0x60, 0xc, 0x3, 0x0, 0x30,
    0x18, 0x1, 0x80, 0xc0, 0xc, 0x6, 0x0, 0x60,
    0x30, 0x7, 0x1, 0x80, 0x70, 0xc, 0x7f, 0x0,
    0x63, 0xf0,

    /* U+0403 "Ѓ" */
    0x7, 0x0, 0x30, 0x3, 0x0, 0x0, 0xf, 0xff,
    0xff, 0xff, 0x0, 0x18, 0x0, 0xc0, 0x6, 0x0,
    0x30, 0x1, 0x80, 0xc, 0x0, 0x60, 0x3, 0x0,
    0x18, 0x0, 0xc0, 0x6, 0x0, 0x30, 0x1, 0x80,
    0xc, 0x0, 0x60, 0x3, 0x0, 0x0,

    /* U+0404 "Є" */
    0x3, 0xf0, 0x7, 0xfe, 0x7, 0x3, 0x87, 0x0,
    0xe7, 0x0, 0x3b, 0x0, 0x1b, 0x80, 0x1, 0xc0,
    0x0, 0xff, 0xc0, 0x7f, 0xe0, 0x38, 0x0, 0x1c,
    0x0, 0xe, 0x0, 0x13, 0x80, 0x1d, 0xc0, 0xe,
    0x70, 0xe, 0x3c, 0x1e, 0x7, 0xfe, 0x0, 0xfc,
    0x0,

    /* U+0405 "Ѕ" */
    0xf, 0xe0, 0x3f, 0xf0, 0xe0, 0xf3, 0x0, 0x66,
    0x0, 0xcc, 0x1, 0x9c, 0x0, 0x1f, 0x0, 0x1f,
    0xe0, 0x1f, 0xf0, 0x3, 0xf0, 0x0, 0xf0, 0x0,
    0x6c, 0x0, 0xd8, 0x1, 0xb8, 0x7, 0x3c, 0x1c,
    0x3f, 0xf0, 0x1f, 0x80,

    /* U+0406 "І" */
    0xff, 0xff, 0xff, 0xff, 0xfc,

    /* U+0407 "Ї" */
    0xe7, 0xcc, 0x0, 0x60, 0xc1, 0x83, 0x6, 0xc,
    0x18, 0x30, 0x60, 0xc1, 0x83, 0x6, 0xc, 0x18,
    0x30, 0x60, 0xc1, 0x80,

    /* U+0408 "Ј" */
    0x0, 0xc0, 0x30, 0xc, 0x3, 0x0, 0xc0, 0x30,
    0xc, 0x3, 0x0, 0xc0, 0x30, 0xc, 0x3, 0x0,
    0xf0, 0x3c, 0xf, 0x3, 0x61, 0x9f, 0xe3, 0xe0,

    /* U+0409 "Љ" */
    0x1f, 0xfe, 0x0, 0x3, 0xff, 0xc0, 0x0, 0x60,
    0x18, 0x0, 0xc, 0x3, 0x0, 0x1, 0x80, 0x60,
    0x0, 0x30, 0xc, 0x0, 0x6, 0x1, 0x80, 0x0,
    0xc0, 0x30, 0x0, 0x18, 0x7, 0xff, 0x3, 0x0,
    0xff, 0xf0, 0x60, 0x18, 0xf, 0xc, 0x3, 0x0,
    0xf1, 0x80, 0x60, 0xe, 0x30, 0xc, 0x1, 0xc6,
    0x1, 0x80, 0x38, 0xc0, 0x30, 0xf, 0x38, 0x6,
    0x3, 0xde, 0x0, 0xff, 0xf3, 0x80, 0x1f, 0xfc,
    0x0,

    /* U+040A "Њ" */
    0xc0, 0x30, 0x0, 0xc0, 0x30, 0x0, 0xc0, 0x30,
    0x0, 0xc0, 0x30, 0x0, 0xc0, 0x30, 0x0, 0xc0,
    0x30, 0x0, 0xc0, 0x30, 0x0, 0xc0, 0x30, 0x0,
    0xff, 0xff, 0xf8, 0xff, 0xff, 0xfc, 0xc0, 0x30,
    0x1e, 0xc0, 0x30, 0xf, 0xc0, 0x30, 0x7, 0xc0,
    0x30, 0x7, 0xc0, 0x30, 0x7, 0xc0, 0x30, 0xf,
    0xc0, 0x30, 0x1e, 0xc0, 0x3f, 0xfc, 0xc0, 0x3f,
    0xf8,

    /* U+040B "Ћ" */
    0xff, 0xfe, 0x7, 0xff, 0xf0, 0x0, 0x60, 0x0,
    0x3, 0x0, 0x0, 0x18, 0x0, 0x0, 0xc0, 0x0,
    0x6, 0x0, 0x0, 0x33, 0xf8, 0x1, 0xff, 0xe0,
    0xf, 0x3, 0x80, 0x60, 0xe, 0x3, 0x0, 0x30,
    0x18, 0x1, 0x80, 0xc0, 0xc, 0x6, 0x0, 0x60,
    0x30, 0x3, 0x1, 0x80, 0x18, 0xc, 0x0, 0xc0,
    0x60, 0x6,

    /* U+040C "Ќ" */
    0x3, 0x80, 0x1c, 0x0, 0x60, 0x0, 0x0, 0xc0,
    0x3f, 0x3, 0xfc, 0xe, 0x30, 0x70, 0xc3, 0x83,
    0xe, 0xc, 0x70, 0x33, 0xc0, 0xfe, 0x3, 0xf8,
    0xc, 0xf0, 0x31, 0xe0, 0xc3, 0x83, 0x7, 0xc,
    0x1e, 0x30, 0x38, 0xc0, 0x73, 0x1, 0xec, 0x3,
    0x80,

    /* U+040E "Ў" */
    0x2, 0x8, 0x1, 0x8c, 0x0, 0xfe, 0x0, 0x3e,
    0x0, 0x0, 0x3, 0x0, 0xd, 0xc0, 0xe, 0x60,
    0x6, 0x38, 0x7, 0xe, 0x3, 0x3, 0x3, 0x81,
    0xc1, 0x80, 0x61, 0xc0, 0x38, 0xc0, 0xc, 0xe0,
    0x7, 0x60, 0x1, 0xf0, 0x0, 0x70, 0x0, 0x38,
    0x0, 0x18, 0x0, 0x1c, 0x0, 0xc, 0x0, 0x7c,
    0x0, 0x3c, 0x0,

    /* U+040F "Џ" */
    0xc0, 0x7, 0x80, 0xf, 0x0, 0x1e, 0x0, 0x3c,
    0x0, 0x78, 0x0, 0xf0, 0x1, 0xe0, 0x3, 0xc0,
    0x7, 0x80, 0xf, 0x0, 0x1e, 0x0, 0x3c, 0x0,
    0x78, 0x0, 0xf0, 0x1, 0xe0, 0x3, 0xc0, 0x7,
    0xff, 0xff, 0xff, 0xf8, 0xc, 0x0, 0x18, 0x0,
    0x30, 0x0, 0x60, 0x0, 0xc0,

    /* U+0410 "А" */
    0x1, 0xc0, 0x0, 0x78, 0x0, 0x3e, 0x0, 0xd,
    0xc0, 0x3, 0x30, 0x1, 0xcc, 0x0, 0x63, 0x80,
    0x38, 0x60, 0xe, 0x1c, 0x3, 0x3, 0x1, 0xc0,
    0xe0, 0x7f, 0xf8, 0x3f, 0xfe, 0xe, 0x1, 0xc3,
    0x0, 0x71, 0xc0, 0xe, 0x70, 0x3, 0x98, 0x0,
    0x6e, 0x0, 0x1c,

    /* U+0411 "Б" */
    0xff, 0xf9, 0xff, 0xf3, 0x0, 0x6, 0x0, 0xc,
    0x0, 0x18, 0x0, 0x30, 0x0, 0x60, 0x0, 0xff,
    0xe1, 0xff, 0xf3, 0x0, 0xf6, 0x0, 0xfc, 0x0,
    0xf8, 0x1, 0xf0, 0x3, 0xe0, 0xf, 0xc0, 0x3d,
    0xff, 0xf3, 0xff, 0xc0,

    /* U+0412 "В" */
    0xff, 0xc3, 0xff, 0xcc, 0x3, 0x30, 0x6, 0xc0,
    0x1b, 0x0, 0x6c, 0x1, 0xb0, 0xc, 0xff, 0xe3,
    0xff, 0xcc, 0x3, 0xb0, 0x7, 0xc0, 0xf, 0x0,
    0x3c, 0x0, 0xf0, 0x7, 0xc0, 0x3b, 0xff, 0xcf,
    0xfe, 0x0,

    /* U+0413 "Г" */
    0xff, 0xff, 0xff, 0xf0, 0x1, 0x80, 0xc, 0x0,
    0x60, 0x3, 0x0, 0x18, 0x0, 0xc0, 0x6, 0x0,
    0x30, 0x1, 0x80, 0xc, 0x0, 0x60, 0x3, 0x0,
    0x18, 0x0, 0xc0, 0x6, 0x0, 0x30, 0x0,

    /* U+0414 "Д" */
    0xf, 0xfe, 0x7, 0xff, 0x3, 0x1, 0x81, 0x80,
    0xc0, 0xc0, 0x60, 0x60, 0x30, 0x30, 0x18, 0x18,
    0xc, 0xc, 0x6, 0x6, 0x3, 0x7, 0x1, 0x83,
    0x0, 0xc1, 0x80, 0x60, 0xc0, 0x30, 0x60, 0x18,
    0x70, 0xc, 0x30, 0x6, 0x7f, 0xff, 0xff, 0xff,
    0xf8, 0x0, 0x3c, 0x0, 0x1e, 0x0, 0xf, 0x0,
    0x6,

    /* U+0415 "Е" */
    0xff, 0xfd, 0xff, 0xfb, 0x0, 0x6, 0x0, 0xc,
    0x0, 0x18, 0x0, 0x30, 0x0, 0x60, 0x0, 0xff,
    0xfd, 0xff, 0xfb, 0x0, 0x6, 0x0, 0xc, 0x0,
    0x18, 0x0, 0x30, 0x0, 0x60, 0x0, 0xc0, 0x1,
    0xff, 0xff, 0xff, 0xf8,

    /* U+0416 "Ж" */
    0xf0, 0x18, 0x7, 0xfc, 0xc, 0xf, 0xc7, 0x6,
    0x7, 0x1, 0x83, 0x7, 0x0, 0xe1, 0x83, 0x0,
    0x70, 0xc3, 0x80, 0x1c, 0x63, 0x80, 0xf, 0x33,
    0xc0, 0x3, 0xff, 0xc0, 0x0, 0xff, 0xe0, 0x1,
    0xe6, 0x78, 0x0, 0xe3, 0x1e, 0x0, 0xe1, 0x87,
    0x0, 0xe0, 0xc1, 0xc0, 0x70, 0x60, 0xf0, 0x70,
    0x30, 0x38, 0x78, 0x18, 0xe, 0x38, 0xc, 0x7,
    0xb8, 0x6, 0x1, 0xc0,

    /* U+0417 "З" */
    0xf, 0xc0, 0x7f, 0x83, 0x87, 0x1c, 0x6, 0x60,
    0x19, 0x80, 0x60, 0x1, 0x80, 0x1c, 0x3, 0xe0,
    0xf, 0xc0, 0x3, 0x80, 0x7, 0x0, 0xf, 0x80,
    0x36, 0x0, 0xdc, 0x7, 0x38, 0x38, 0x7f, 0xc0,
    0xfc, 0x0,

    /* U+0418 "И" */
    0xc0, 0xf, 0x80, 0x1f, 0x0, 0x7e, 0x1, 0xfc,
    0x3, 0xf8, 0xe, 0xf0, 0x39, 0xe0, 0xe3, 0xc1,
    0xc7, 0x87, 0xf, 0x1c, 0x1e, 0x38, 0x3c, 0xe0,
    0x7b, 0x80, 0xfe, 0x1, 0xfc, 0x3, 0xf0, 0x7,
    0xc0, 0xf, 0x80, 0x18,

    /* U+0419 "Й" */
    0x18, 0x20, 0x38, 0xc0, 0x3f, 0x80, 0x3c, 0x0,
    0x0, 0x18, 0x1, 0xf0, 0x3, 0xe0, 0xf, 0xc0,
    0x3f, 0x80, 0x7f, 0x1, 0xde, 0x7, 0x3c, 0x1c,
    0x78, 0x38, 0xf0, 0xe1, 0xe3, 0x83, 0xc7, 0x7,
    0x9c, 0xf, 0x70, 0x1f, 0xc0, 0x3f, 0x80, 0x7e,
    0x0, 0xf8, 0x1, 0xf0, 0x3,

    /* U+041A "К" */
    0xc0, 0x3f, 0x3, 0xfc, 0xe, 0x30, 0x70, 0xc3,
    0x83, 0xe, 0xc, 0x70, 0x33, 0xc0, 0xfe, 0x3,
    0xf8, 0xc, 0xf0, 0x31, 0xe0, 0xc3, 0x83, 0x7,
    0xc, 0x1e, 0x30, 0x38, 0xc0, 0x73, 0x1, 0xec,
    0x3, 0x80,

    /* U+041B "Л" */
    0x1f, 0xfe, 0x3f, 0xfc, 0x60, 0x18, 0xc0, 0x31,
    0x80, 0x63, 0x0, 0xc6, 0x1, 0x8c, 0x3, 0x18,
    0x6, 0x30, 0xc, 0x60, 0x18, 0xc0, 0x31, 0x80,
    0x63, 0x0, 0xc6, 0x1, 0x8c, 0x3, 0x38, 0x7,
    0xe0, 0xf, 0x80, 0x18,

    /* U+041C "М" */
    0xf0, 0x1, 0xfc, 0x0, 0xff, 0x0, 0x3f, 0xe0,
    0xf, 0xd8, 0x6, 0xf6, 0x1, 0xbd, 0xc0, 0x6f,
    0x30, 0x33, 0xcc, 0xc, 0xf3, 0x83, 0x3c, 0x61,
    0x8f, 0x18, 0x63, 0xc7, 0x38, 0xf0, 0xcc, 0x3c,
    0x3b, 0xf, 0x7, 0x83, 0xc1, 0xe0, 0xf0, 0x78,
    0x3c, 0xc, 0xc,

    /* U+041D "Н" */
    0xc0, 0x7, 0x80, 0xf, 0x0, 0x1e, 0x0, 0x3c,
    0x0, 0x78, 0x0, 0xf0, 0x1, 0xe0, 0x3, 0xff,
    0xff, 0xff, 0xff, 0x0, 0x1e, 0x0, 0x3c, 0x0,
    0x78, 0x0, 0xf0, 0x1, 0xe0, 0x3, 0xc0, 0x7,
    0x80, 0xf, 0x0, 0x18,

    /* U+041E "О" */
    0x3, 0xf0, 0x3, 0xff, 0x1, 0xc0, 0xe0, 0xc0,
    0x1c, 0x60, 0x3, 0x98, 0x0, 0x6c, 0x0, 0xf,
    0x0, 0x3, 0xc0, 0x0, 0xf0, 0x0, 0x3c, 0x0,
    0xf, 0x0, 0x3, 0xc0, 0x0, 0xd8, 0x0, 0x66,
    0x0, 0x38, 0xc0, 0xc, 0x1c, 0xe, 0x3, 0xff,
    0x0, 0x3f, 0x0,

    /* U+041F "П" */
    0xff, 0xff, 0xff, 0xff, 0x0, 0x1e, 0x0, 0x3c,
    0x0, 0x78, 0x0, 0xf0, 0x1, 0xe0, 0x3, 0xc0,
    0x7, 0x80, 0xf, 0x0, 0x1e, 0x0, 0x3c, 0x0,
    0x78, 0x0, 0xf0, 0x1, 0xe0, 0x3, 0xc0, 0x7,
    0x80, 0xf, 0x0, 0x18,

    /* U+0420 "Р" */
    0xff, 0xe3, 0xff, 0xcc, 0x3, 0xb0, 0x7, 0xc0,
    0xf, 0x0, 0x3c, 0x0, 0xf0, 0x7, 0xc0, 0x3b,
    0xff, 0xcf, 0xfe, 0x30, 0x0, 0xc0, 0x3, 0x0,
    0xc, 0x0, 0x30, 0x0, 0xc0, 0x3, 0x0, 0xc,
    0x0, 0x0,

    /* U+0421 "С" */
    0x3, 0xf0, 0xf, 0xfc, 0x3c, 0x1e, 0x30, 0xe,
    0x60, 0x7, 0x60, 0x6, 0xc0, 0x0, 0xc0, 0x0,
    0xc0, 0x0, 0xc0, 0x0, 0xc0, 0x0, 0xc0, 0x0,
    0xc0, 0x2, 0x60, 0x7, 0x60, 0x7, 0x30, 0xe,
    0x3c, 0x1e, 0x1f, 0xfc, 0x7, 0xf0,

    /* U+0422 "Т" */
    0xff, 0xff, 0xff, 0xfc, 0x6, 0x0, 0xc, 0x0,
    0x18, 0x0, 0x30, 0x0, 0x60, 0x0, 0xc0, 0x1,
    0x80, 0x3, 0x0, 0x6, 0x0, 0xc, 0x0, 0x18,
    0x0, 0x30, 0x0, 0x60, 0x0, 0xc0, 0x1, 0x80,
    0x3, 0x0, 0x6, 0x0,

    /* U+0423 "У" */
    0x60, 0x1, 0xb8, 0x1, 0xcc, 0x0, 0xc7, 0x0,
    0xe1, 0xc0, 0x60, 0x60, 0x70, 0x38, 0x30, 0xc,
    0x38, 0x7, 0x18, 0x1, 0x9c, 0x0, 0xec, 0x0,
    0x3e, 0x0, 0xe, 0x0, 0x7, 0x0, 0x3, 0x0,
    0x3, 0x80, 0x1, 0x80, 0xf, 0x80, 0x7, 0x80,
    0x0,

    /* U+0424 "Ф" */
    0x0, 0xc0, 0x0, 0x30, 0x0, 0xc, 0x0, 0x1f,
    0xe0, 0x1f, 0xfe, 0x1e, 0x31, 0xe6, 0xc, 0x1b,
    0x3, 0x3, 0xc0, 0xc0, 0xf0, 0x30, 0x3c, 0xc,
    0xf, 0x3, 0x3, 0x60, 0xc1, 0x9e, 0x31, 0xc1,
    0xff, 0xe0, 0x1f, 0xf0, 0x0, 0xc0, 0x0, 0x30,
    0x0, 0xc, 0x0,

    /* U+0425 "Х" */
    0x70, 0x3, 0x8e, 0x1, 0xc1, 0xc0, 0x60, 0x38,
    0x38, 0xe, 0x1c, 0x1, 0xce, 0x0, 0x3b, 0x0,
    0xf, 0xc0, 0x1, 0xe0, 0x0, 0x78, 0x0, 0x1f,
    0x0, 0xf, 0xc0, 0x7, 0x38, 0x3, 0x87, 0x0,
    0xe1, 0xe0, 0x70, 0x38, 0x38, 0x7, 0x1c, 0x0,
    0xef, 0x0, 0x38,

    /* U+0426 "Ц" */
    0xc0, 0x6, 0x60, 0x3, 0x30, 0x1, 0x98, 0x0,
    0xcc, 0x0, 0x66, 0x0, 0x33, 0x0, 0x19, 0x80,
    0xc, 0xc0, 0x6, 0x60, 0x3, 0x30, 0x1, 0x98,
    0x0, 0xcc, 0x0, 0x66, 0x0, 0x33, 0x0, 0x19,
    0x80, 0xc, 0xc0, 0x6, 0x7f, 0xff, 0xff, 0xff,
    0xe0, 0x0, 0x30, 0x0, 0x18, 0x0, 0xc, 0x0,
    0x6, 0x0, 0x3,

    /* U+0427 "Ч" */
    0xc0, 0xf, 0x0, 0x3c, 0x0, 0xf0, 0x3, 0xc0,
    0xf, 0x0, 0x3c, 0x0, 0xf0, 0x3, 0xc0, 0xf,
    0x80, 0x37, 0x3, 0xcf, 0xff, 0x1f, 0xcc, 0x0,
    0x30, 0x0, 0xc0, 0x3, 0x0, 0xc, 0x0, 0x30,
    0x0, 0xc0,

    /* U+0428 "Ш" */
    0xc0, 0x60, 0x3c, 0x6, 0x3, 0xc0, 0x60, 0x3c,
    0x6, 0x3, 0xc0, 0x60, 0x3c, 0x6, 0x3, 0xc0,
    0x60, 0x3c, 0x6, 0x3, 0xc0, 0x60, 0x3c, 0x6,
    0x3, 0xc0, 0x60, 0x3c, 0x6, 0x3, 0xc0, 0x60,
    0x3c, 0x6, 0x3, 0xc0, 0x60, 0x3c, 0x6, 0x3,
    0xc0, 0x60, 0x3f, 0xff, 0xff, 0xff, 0xff, 0xf0,

    /* U+0429 "Щ" */
    0xc0, 0x60, 0x33, 0x1, 0x80, 0xcc, 0x6, 0x3,
    0x30, 0x18, 0xc, 0xc0, 0x60, 0x33, 0x1, 0x80,
    0xcc, 0x6, 0x3, 0x30, 0x18, 0xc, 0xc0, 0x60,
    0x33, 0x1, 0x80, 0xcc, 0x6, 0x3, 0x30, 0x18,
    0xc, 0xc0, 0x60, 0x33, 0x1, 0x80, 0xcc, 0x6,
    0x3, 0x30, 0x18, 0xc, 0xc0, 0x60, 0x33, 0xff,
    0xff, 0xff, 0xff, 0xff, 0xc0, 0x0, 0x3, 0x0,
    0x0, 0xc, 0x0, 0x0, 0x30, 0x0, 0x0, 0xc0,
    0x0, 0x3,

    /* U+042A "Ъ" */
    0xff, 0x0, 0x7, 0xf8, 0x0, 0x0, 0xc0, 0x0,
    0x6, 0x0, 0x0, 0x30, 0x0, 0x1, 0x80, 0x0,
    0xc, 0x0, 0x0, 0x60, 0x0, 0x3, 0xff, 0x80,
    0x1f, 0xff, 0x0, 0xc0, 0x3c, 0x6, 0x0, 0xf0,
    0x30, 0x3, 0x81, 0x80, 0x1c, 0xc, 0x0, 0xe0,
    0x60, 0xf, 0x3, 0x0, 0xf0, 0x1f, 0xff, 0x0,
    0xff, 0xe0,

    /* U+042B "Ы" */
    0xc0, 0x0, 0x78, 0x0, 0xf, 0x0, 0x1, 0xe0,
    0x0, 0x3c, 0x0, 0x7, 0x80, 0x0, 0xf0, 0x0,
    0x1e, 0x0, 0x3, 0xff, 0xe0, 0x7f, 0xfe, 0xf,
    0x0, 0xe1, 0xe0, 0xe, 0x3c, 0x0, 0xc7, 0x80,
    0x18, 0xf0, 0x3, 0x1e, 0x0, 0xe3, 0xc0, 0x38,
    0x7f, 0xfe, 0xf, 0xff, 0x81, 0x80,

    /* U+042C "Ь" */
    0xc0, 0x1, 0x80, 0x3, 0x0, 0x6, 0x0, 0xc,
    0x0, 0x18, 0x0, 0x30, 0x0, 0x60, 0x0, 0xff,
    0xe1, 0xff, 0xf3, 0x0, 0xf6, 0x0, 0xfc, 0x0,
    0xf8, 0x1, 0xf0, 0x3, 0xe0, 0xf, 0xc0, 0x3d,
    0xff, 0xf3, 0xff, 0xc0,

    /* U+042D "Э" */
    0x7, 0xe0, 0xf, 0xfc, 0xe, 0x7, 0xe, 0x1,
    0xce, 0x0, 0x73, 0x0, 0x18, 0x0, 0xe, 0x0,
    0x7, 0x1, 0xff, 0x80, 0xff, 0xc0, 0x0, 0xe0,
    0x0, 0x74, 0x0, 0x3f, 0x0, 0x3b, 0x80, 0x1c,
    0xe0, 0x1c, 0x3c, 0x1e, 0xf, 0xfc, 0x1, 0xf8,
    0x0,

    /* U+042E "Ю" */
    0xc0, 0xf, 0xc1, 0x80, 0x7f, 0xe3, 0x1, 0xe1,
    0xe6, 0x7, 0x0, 0xcc, 0xc, 0x0, 0xd8, 0x38,
    0x1, 0xb0, 0x60, 0x1, 0xe0, 0xc0, 0x3, 0xff,
    0x80, 0x7, 0xff, 0x0, 0xf, 0x6, 0x0, 0x1e,
    0xc, 0x0, 0x3c, 0x18, 0x0, 0x78, 0x18, 0x1,
    0xb0, 0x30, 0x3, 0x60, 0x30, 0xc, 0xc0, 0x78,
    0x79, 0x80, 0x7f, 0xe3, 0x0, 0x3f, 0x0,

    /* U+042F "Я" */
    0x7, 0xff, 0x8f, 0xff, 0xc7, 0x0, 0x67, 0x0,
    0x33, 0x0, 0x19, 0x80, 0xc, 0xc0, 0x6, 0x70,
    0x3, 0x1c, 0x1, 0x87, 0xff, 0xc0, 0xff, 0xe0,
    0x70, 0x30, 0x70, 0x18, 0x70, 0xc, 0x70, 0x6,
    0x38, 0x3, 0x38, 0x1, 0xb8, 0x0, 0xdc, 0x0,
    0x60,

    /* U+0430 "а" */
    0x1f, 0xc1, 0xff, 0x1c, 0x1d, 0xc0, 0x60, 0x3,
    0x0, 0x38, 0x7f, 0xcf, 0xe6, 0xe0, 0x36, 0x1,
    0xb0, 0x1d, 0xc1, 0xe7, 0xff, 0x1f, 0x98,

    /* U+0431 "б" */
    0xf, 0xf9, 0xff, 0x9c, 0x0, 0xc0, 0xc, 0x0,
    0x67, 0xc3, 0x7f, 0x9f, 0xe, 0xe0, 0x37, 0x0,
    0xf0, 0x7, 0x80, 0x3c, 0x1, 0xe0, 0xf, 0x80,
    0xec, 0x6, 0x78, 0x71, 0xff, 0x3, 0xe0,

    /* U+0432 "в" */
    0xff, 0x9f, 0xfb, 0x3, 0xe0, 0x3c, 0x7, 0x81,
    0xff, 0xf7, 0xfe, 0xc0, 0xf8, 0xf, 0x1, 0xe0,
    0x7f, 0xfd, 0xff, 0x0,

    /* U+0433 "г" */
    0xff, 0xff, 0xc0, 0xc0, 0xc0, 0xc0, 0xc0, 0xc0,
    0xc0, 0xc0, 0xc0, 0xc0, 0xc0, 0xc0,

    /* U+0434 "д" */
    0xf, 0xf8, 0x1f, 0xf0, 0x30, 0x60, 0x60, 0xc0,
    0xc1, 0x81, 0x83, 0x7, 0x6, 0xe, 0xc, 0x18,
    0x18, 0x30, 0x30, 0xe0, 0x61, 0x80, 0xcf, 0xff,
    0xff, 0xff, 0xf0, 0x1, 0xe0, 0x3, 0xc0, 0x7,
    0x80, 0xc,

    /* U+0435 "е" */
    0xf, 0x81, 0xff, 0x1c, 0x1c, 0x80, 0x6c, 0x3,
    0xff, 0xff, 0xff, 0xf8, 0x0, 0xc0, 0x6, 0x1,
    0xd8, 0xe, 0xe1, 0xe3, 0xfe, 0x7, 0xc0,

    /* U+0436 "ж" */
    0xe0, 0xc1, 0xde, 0x18, 0x78, 0x63, 0x1c, 0xc,
    0x63, 0x1, 0xcc, 0xe0, 0x19, 0x98, 0x1, 0xfe,
    0x0, 0x3f, 0xe0, 0xc, 0xce, 0x3, 0x98, 0xe0,
    0xe3, 0x1c, 0x18, 0x61, 0xc7, 0xc, 0x1d, 0xc1,
    0x83, 0x80,

    /* U+0437 "з" */
    0x1f, 0x7, 0xf1, 0xc7, 0x30, 0x60, 0xc, 0x3,
    0x83, 0xe0, 0x7e, 0x0, 0xe0, 0xf, 0x81, 0xb8,
    0x77, 0xfc, 0x3f, 0x0,

    /* U+0438 "и" */
    0xc0, 0xf8, 0x1f, 0x7, 0xe0, 0xfc, 0x37, 0x8e,
    0xf1, 0x9e, 0x63, 0xdc, 0x7b, 0xf, 0xc1, 0xf8,
    0x3e, 0x7, 0xc0, 0xc0,

    /* U+0439 "й" */
    0x20, 0xc6, 0x30, 0x7e, 0x7, 0x80, 0x1, 0x81,
    0xf0, 0x3e, 0xf, 0xc1, 0xf8, 0x6f, 0x1d, 0xe3,
    0x3c, 0xc7, 0xb8, 0xf6, 0x1f, 0x83, 0xf0, 0x7c,
    0xf, 0x81, 0x80,

    /* U+043A "к" */
    0xc1, 0xf0, 0xfc, 0x63, 0x18, 0xce, 0x33, 0xf,
    0x83, 0xe0, 0xcc, 0x33, 0x8c, 0x73, 0xc, 0xc3,
    0xb0, 0x70,

    /* U+043B "л" */
    0x1f, 0xfc, 0x7f, 0xf1, 0x80, 0xc6, 0x3, 0x18,
    0xc, 0x60, 0x31, 0x80, 0xc6, 0x3, 0x18, 0xc,
    0x60, 0x31, 0x80, 0xc6, 0x3, 0xf8, 0xf, 0xc0,
    0x30,

    /* U+043C "м" */
    0xf0, 0xf, 0xe0, 0x3f, 0xc0, 0x7f, 0xc1, 0xfd,
    0x83, 0x7b, 0x6, 0xf3, 0x1d, 0xe6, 0x33, 0xce,
    0x67, 0x8d, 0x8f, 0x1b, 0x1e, 0x3e, 0x3c, 0x38,
    0x78, 0x70, 0xc0,

    /* U+043D "н" */
    0xc0, 0x78, 0xf, 0x1, 0xe0, 0x3c, 0x7, 0x80,
    0xff, 0xff, 0xff, 0xc0, 0x78, 0xf, 0x1, 0xe0,
    0x3c, 0x7, 0x80, 0xc0,

    /* U+043E "о" */
    0xf, 0x81, 0xff, 0x1c, 0x1c, 0xc0, 0x6c, 0x1,
    0xe0, 0xf, 0x0, 0x78, 0x3, 0xc0, 0x1e, 0x0,
    0xd8, 0xc, 0xe0, 0xe3, 0xfe, 0x7, 0xc0,

    /* U+043F "п" */
    0xff, 0xff, 0xff, 0x1, 0xe0, 0x3c, 0x7, 0x80,
    0xf0, 0x1e, 0x3, 0xc0, 0x78, 0xf, 0x1, 0xe0,
    0x3c, 0x7, 0x80, 0xc0,

    /* U+0440 "р" */
    0xcf, 0x8d, 0xfc, 0xf0, 0xee, 0x6, 0xe0, 0x3c,
    0x3, 0xc0, 0x3c, 0x3, 0xc0, 0x3c, 0x3, 0xe0,
    0x6f, 0xe, 0xff, 0xcc, 0xf0, 0xc0, 0xc, 0x0,
    0xc0, 0xc, 0x0, 0xc0, 0x0,

    /* U+0441 "с" */
    0xf, 0x83, 0xfc, 0x70, 0xe6, 0x6, 0xc0, 0x4c,
    0x0, 0xc0, 0xc, 0x0, 0xc0, 0xc, 0x7, 0x60,
    0x67, 0xe, 0x3f, 0xc1, 0xf8,

    /* U+0442 "т" */
    0xff, 0xff, 0xfc, 0x18, 0x3, 0x0, 0x60, 0xc,
    0x1, 0x80, 0x30, 0x6, 0x0, 0xc0, 0x18, 0x3,
    0x0, 0x60, 0xc, 0x0,

    /* U+0443 "у" */
    0x60, 0x1b, 0x81, 0xdc, 0xc, 0x60, 0x63, 0x87,
    0xc, 0x30, 0x63, 0x83, 0x98, 0xc, 0xc0, 0x6e,
    0x3, 0xe0, 0xf, 0x0, 0x70, 0x1, 0x80, 0x1c,
    0x0, 0xc0, 0xe, 0x1, 0xe0, 0xe, 0x0,

    /* U+0444 "ф" */
    0x0, 0x60, 0x0, 0x6, 0x0, 0x0, 0x60, 0x0,
    0x6, 0x0, 0x0, 0x60, 0x1, 0xf6, 0xf8, 0x3f,
    0xff, 0xc7, 0x1f, 0x8e, 0x60, 0xf0, 0x6c, 0x6,
    0x3, 0xc0, 0x60, 0x3c, 0x6, 0x3, 0xc0, 0x60,
    0x3c, 0x6, 0x3, 0xc0, 0x60, 0x36, 0xf, 0x6,
    0x71, 0xf8, 0xe3, 0xff, 0xfc, 0x1f, 0x6f, 0x80,
    0x6, 0x0, 0x0, 0x60, 0x0, 0x6, 0x0, 0x0,
    0x60, 0x0, 0x6, 0x0,

    /* U+0445 "х" */
    0x70, 0x39, 0xc3, 0x8e, 0x38, 0x39, 0x80, 0xdc,
    0x7, 0xc0, 0x1c, 0x0, 0xf0, 0xf, 0x80, 0xee,
    0x6, 0x38, 0x70, 0xe7, 0x7, 0x30, 0x1c,

    /* U+0446 "ц" */
    0xc0, 0x66, 0x3, 0x30, 0x19, 0x80, 0xcc, 0x6,
    0x60, 0x33, 0x1, 0x98, 0xc, 0xc0, 0x66, 0x3,
    0x30, 0x19, 0x80, 0xcf, 0xff, 0xff, 0xfc, 0x0,
    0x60, 0x3, 0x0, 0x18, 0x0, 0xc0,

    /* U+0447 "ч" */
    0xc0, 0x78, 0xf, 0x1, 0xe0, 0x3c, 0x7, 0x80,
    0xd8, 0x3b, 0xff, 0x1f, 0x60, 0xc, 0x1, 0x80,
    0x30, 0x6, 0x0, 0xc0,

    /* U+0448 "ш" */
    0xc0, 0xc0, 0xf0, 0x30, 0x3c, 0xc, 0xf, 0x3,
    0x3, 0xc0, 0xc0, 0xf0, 0x30, 0x3c, 0xc, 0xf,
    0x3, 0x3, 0xc0, 0xc0, 0xf0, 0x30, 0x3c, 0xc,
    0xf, 0x3, 0x3, 0xff, 0xff, 0xff, 0xff, 0xf0,

    /* U+0449 "щ" */
    0xc0, 0xc0, 0xcc, 0xc, 0xc, 0xc0, 0xc0, 0xcc,
    0xc, 0xc, 0xc0, 0xc0, 0xcc, 0xc, 0xc, 0xc0,
    0xc0, 0xcc, 0xc, 0xc, 0xc0, 0xc0, 0xcc, 0xc,
    0xc, 0xc0, 0xc0, 0xcc, 0xc, 0xc, 0xff, 0xff,
    0xff, 0xff, 0xff, 0x0, 0x0, 0x30, 0x0, 0x3,
    0x0, 0x0, 0x30, 0x0, 0x3,

    /* U+044A "ъ" */
    0xfc, 0x1, 0xf8, 0x0, 0x30, 0x0, 0x60, 0x0,
    0xc0, 0x1, 0x80, 0x3, 0xfc, 0x7, 0xfe, 0xc,
    0xe, 0x18, 0xc, 0x30, 0x18, 0x60, 0x70, 0xff,
    0xc1, 0xff, 0x0,

    /* U+044B "ы" */
    0xc0, 0x7, 0x80, 0xf, 0x0, 0x1e, 0x0, 0x3c,
    0x0, 0x78, 0x0, 0xff, 0xc1, 0xff, 0xe3, 0xc0,
    0xe7, 0x80, 0xcf, 0x1, 0x9e, 0x7, 0x3f, 0xfc,
    0x7f, 0xf0, 0xc0,

    /* U+044C "ь" */
    0xc0, 0x18, 0x3, 0x0, 0x60, 0xc, 0x1, 0x80,
    0x3f, 0xc7, 0xfe, 0xc0, 0xf8, 0xf, 0x1, 0xe0,
    0x7f, 0xfd, 0xff, 0x0,

    /* U+044D "э" */
    0x1f, 0x3, 0xfc, 0x70, 0xe6, 0x6, 0x60, 0x70,
    0x3, 0x7, 0xf0, 0x7f, 0x0, 0x3e, 0x7, 0x60,
    0x67, 0xe, 0x3f, 0xc1, 0xf8,

    /* U+044E "ю" */
    0xc0, 0xfc, 0x60, 0xff, 0x30, 0xe1, 0xd8, 0xe0,
    0x6c, 0x60, 0x1e, 0x30, 0xf, 0xf8, 0x7, 0xfc,
    0x3, 0xc6, 0x1, 0xe3, 0x0, 0xf1, 0xc0, 0xd8,
    0x70, 0xec, 0x1f, 0xe6, 0x7, 0xe0,

    /* U+044F "я" */
    0x1f, 0xf3, 0xff, 0x70, 0x36, 0x3, 0x60, 0x36,
    0x3, 0x70, 0x33, 0xff, 0xf, 0xf1, 0xc3, 0x38,
    0x33, 0x83, 0x70, 0x3e, 0x3,

    /* U+0451 "ё" */
    0x18, 0xc0, 0xc6, 0x0, 0x0, 0x0, 0x0, 0x0,
    0x7, 0xc0, 0xff, 0x8e, 0x1e, 0x40, 0x36, 0x1,
    0xff, 0xff, 0xff, 0xfc, 0x0, 0x60, 0x3, 0x0,
    0xec, 0x7, 0x70, 0xf1, 0xff, 0x3, 0xf0,

    /* U+0452 "ђ" */
    0x30, 0x7, 0xfc, 0x3f, 0xe0, 0x60, 0x3, 0x0,
    0x19, 0xf0, 0xff, 0xc7, 0x87, 0x38, 0x19, 0x80,
    0xcc, 0x6, 0x60, 0x33, 0x1, 0x98, 0xc, 0xc0,
    0x66, 0x3, 0x30, 0x19, 0x80, 0xcc, 0x6, 0x0,
    0x30, 0x1, 0x80, 0xc, 0x3, 0xe0, 0x1e,

    /* U+0453 "ѓ" */
    0xe, 0x1c, 0x18, 0x0, 0x0, 0xff, 0xff, 0xc0,
    0xc0, 0xc0, 0xc0, 0xc0, 0xc0, 0xc0, 0xc0, 0xc0,
    0xc0, 0xc0, 0xc0,

    /* U+0454 "є" */
    0xf, 0x83, 0xfc, 0x70, 0xe6, 0x6, 0xe0, 0x6c,
    0x0, 0xfe, 0xf, 0xe0, 0xc0, 0xe, 0x7, 0x60,
    0x67, 0xe, 0x3f, 0xc1, 0xf8,

    /* U+0455 "ѕ" */
    0x1f, 0x83, 0xfe, 0x70, 0xe6, 0x6, 0x60, 0x7,
    0xc0, 0x3f, 0x80, 0x7e, 0x0, 0x76, 0x3, 0x60,
    0x37, 0x7, 0x3f, 0xe1, 0xf8,

    /* U+0456 "і" */
    0xf0, 0x3f, 0xff, 0xff, 0xfc,

    /* U+0457 "ї" */
    0xc3, 0xc3, 0x0, 0x0, 0x0, 0x18, 0x18, 0x18,
    0x18, 0x18, 0x18, 0x18, 0x18, 0x18, 0x18, 0x18,
    0x18, 0x18, 0x18,

    /* U+0458 "ј" */
    0x18, 0xc0, 0x0, 0xc, 0x63, 0x18, 0xc6, 0x31,
    0x8c, 0x63, 0x18, 0xc6, 0x31, 0x8f, 0xde,

    /* U+0459 "љ" */
    0x1f, 0xfc, 0x0, 0x3f, 0xf8, 0x0, 0x60, 0x30,
    0x0, 0xc0, 0x60, 0x1, 0x80, 0xc0, 0x3, 0x1,
    0x80, 0x6, 0x3, 0xfc, 0xc, 0x7, 0xfe, 0x18,
    0xc, 0xe, 0x30, 0x18, 0xc, 0x60, 0x30, 0x18,
    0xc0, 0x60, 0x7f, 0x80, 0xff, 0xde, 0x1, 0xff,
    0x0,

    /* U+045A "њ" */
    0xc0, 0xc0, 0x18, 0x18, 0x3, 0x3, 0x0, 0x60,
    0x60, 0xc, 0xc, 0x1, 0x81, 0x80, 0x3f, 0xff,
    0xc7, 0xff, 0xfe, 0xc0, 0xc0, 0xf8, 0x18, 0xf,
    0x3, 0x1, 0xe0, 0x60, 0x7c, 0xf, 0xfd, 0x81,
    0xff, 0x0,

    /* U+045B "ћ" */
    0x30, 0x1, 0x80, 0x3f, 0xe1, 0xff, 0x3, 0x0,
    0x19, 0xf0, 0xff, 0xc7, 0x87, 0x38, 0x19, 0x80,
    0xcc, 0x6, 0x60, 0x33, 0x1, 0x98, 0xc, 0xc0,
    0x66, 0x3, 0x30, 0x19, 0x80, 0xcc, 0x6,

    /* U+045C "ќ" */
    0xe, 0x7, 0x1, 0x80, 0x0, 0x0, 0x30, 0x7c,
    0x3f, 0x18, 0xc6, 0x33, 0x8c, 0xc3, 0xe0, 0xf8,
    0x33, 0xc, 0xe3, 0x1c, 0xc3, 0x30, 0xec, 0x1c,

    /* U+045E "ў" */
    0x18, 0x60, 0x7e, 0x1, 0xe0, 0x0, 0x0, 0x0,
    0x30, 0xd, 0xc0, 0xee, 0x6, 0x30, 0x31, 0xc3,
    0x86, 0x18, 0x31, 0xc1, 0xcc, 0x6, 0x60, 0x37,
    0x1, 0xf0, 0x7, 0x80, 0x38, 0x0, 0xc0, 0xe,
    0x0, 0x60, 0x7, 0x0, 0xf0, 0x7, 0x0,

    /* U+045F "џ" */
    0xc0, 0x78, 0xf, 0x1, 0xe0, 0x3c, 0x7, 0x80,
    0xf0, 0x1e, 0x3, 0xc0, 0x78, 0xf, 0x1, 0xe0,
    0x3f, 0xff, 0xff, 0xc1, 0x80, 0x30, 0x6, 0x0,
    0xc0,

    /* U+0490 "Ґ" */
    0x0, 0xc0, 0x30, 0xc, 0x3, 0x0, 0xff, 0xff,
    0xff, 0x0, 0xc0, 0x30, 0xc, 0x3, 0x0, 0xc0,
    0x30, 0xc, 0x3, 0x0, 0xc0, 0x30, 0xc, 0x3,
    0x0, 0xc0, 0x30, 0xc, 0x3, 0x0,

    /* U+0491 "ґ" */
    0x3, 0x3, 0x3, 0x3, 0x3, 0xff, 0xff, 0xc0,
    0xc0, 0xc0, 0xc0, 0xc0, 0xc0, 0xc0, 0xc0, 0xc0,
    0xc0, 0xc0, 0xc0,

    /* U+0492 "Ғ" */
    0x3f, 0xfe, 0x7f, 0xfc, 0xc0, 0x1, 0x80, 0x3,
    0x0, 0x6, 0x0, 0xc, 0x0, 0x18, 0x0, 0x30,
    0x1, 0xff, 0x83, 0xff, 0x1, 0x80, 0x3, 0x0,
    0x6, 0x0, 0xc, 0x0, 0x18, 0x0, 0x30, 0x0,
    0x60, 0x0, 0xc0, 0x0,

    /* U+0493 "ғ" */
    0x3f, 0xcf, 0xf3, 0x0, 0xc0, 0x30, 0xc, 0xf,
    0xe3, 0xf8, 0x30, 0xc, 0x3, 0x0, 0xc0, 0x30,
    0xc, 0x0,

    /* U+0496 "Җ" */
    0xf0, 0x18, 0xf, 0xf8, 0x18, 0x1f, 0x1c, 0x18,
    0x38, 0xc, 0x18, 0x30, 0xe, 0x18, 0x70, 0xe,
    0x18, 0x70, 0x7, 0x18, 0xe0, 0x7, 0x99, 0xe0,
    0x3, 0xff, 0xc0, 0x1, 0xff, 0x80, 0x7, 0x99,
    0xe0, 0x7, 0x18, 0xe0, 0xe, 0x18, 0x70, 0x1c,
    0x18, 0x38, 0x1c, 0x18, 0x38, 0x38, 0x18, 0x1c,
    0x78, 0x18, 0x1e, 0x70, 0x18, 0xf, 0xe0, 0x18,
    0x7, 0x0, 0x0, 0x3, 0x0, 0x0, 0x3, 0x0,
    0x0, 0x3, 0x0, 0x0, 0x3, 0x0, 0x0, 0x3,

    /* U+0497 "җ" */
    0xe0, 0xc1, 0xfc, 0x30, 0xf1, 0x8c, 0x70, 0x63,
    0x18, 0x1c, 0xce, 0x3, 0x33, 0x0, 0x7f, 0x80,
    0x1f, 0xe0, 0xc, 0xce, 0x7, 0x31, 0x83, 0x8c,
    0x70, 0xc3, 0xe, 0x70, 0xc1, 0xf8, 0x30, 0x70,
    0x0, 0xc, 0x0, 0x3, 0x0, 0x0, 0xc0, 0x0,
    0x30,

    /* U+049A "Қ" */
    0xc0, 0x7e, 0x7, 0xf0, 0x71, 0x83, 0xc, 0x38,
    0x61, 0xc3, 0x1c, 0x19, 0xe0, 0xfe, 0x7, 0xe0,
    0x33, 0xc1, 0x8e, 0xc, 0x38, 0x60, 0xe3, 0x7,
    0x18, 0x1c, 0xc0, 0xf6, 0x3, 0xf0, 0xe, 0x0,
    0x30, 0x1, 0x80, 0xc, 0x0, 0x60, 0x3,

    /* U+049B "қ" */
    0xc1, 0xf0, 0xfc, 0x73, 0x18, 0xce, 0x33, 0xf,
    0x83, 0xf0, 0xce, 0x31, 0xcc, 0x73, 0xe, 0xc1,
    0xf0, 0x70, 0xc, 0x3, 0x0, 0xc0, 0x30,

    /* U+049C "Ҝ" */
    0xc0, 0x3f, 0x1, 0xfc, 0xe, 0x33, 0x70, 0xcd,
    0xc3, 0x36, 0xc, 0xf8, 0x33, 0xc0, 0xfe, 0x3,
    0xf8, 0xc, 0xf0, 0x33, 0xe0, 0xcd, 0xc3, 0x37,
    0xc, 0xce, 0x33, 0x3c, 0xc0, 0x73, 0x0, 0xec,
    0x3, 0x80,

    /* U+049D "ҝ" */
    0xc1, 0xf0, 0xfd, 0xb3, 0x78, 0xde, 0x37, 0x8f,
    0xc3, 0xf0, 0xde, 0x37, 0xcd, 0xb3, 0x6e, 0xc1,
    0xb0, 0x70,

    /* U+04A2 "Ң" */
    0xc0, 0x6, 0x60, 0x3, 0x30, 0x1, 0x98, 0x0,
    0xcc, 0x0, 0x66, 0x0, 0x33, 0x0, 0x19, 0x80,
    0xc, 0xff, 0xfe, 0x7f, 0xff, 0x30, 0x1, 0x98,
    0x0, 0xcc, 0x0, 0x66, 0x0, 0x33, 0x0, 0x19,
    0x80, 0xc, 0xc0, 0x6, 0x60, 0x3, 0xf0, 0x1,
    0xe0, 0x0, 0x30, 0x0, 0x18, 0x0, 0xc, 0x0,
    0x6, 0x0, 0x3,

    /* U+04A3 "ң" */
    0xc0, 0x66, 0x3, 0x30, 0x19, 0x80, 0xcc, 0x6,
    0x60, 0x33, 0xff, 0x9f, 0xfc, 0xc0, 0x66, 0x3,
    0x30, 0x19, 0x80, 0xcc, 0x7, 0xe0, 0x3c, 0x0,
    0x60, 0x3, 0x0, 0x18, 0x0, 0xc0,

    /* U+04AE "Ү" */
    0xe0, 0x1d, 0x80, 0x67, 0x3, 0x8c, 0xc, 0x38,
    0x70, 0x61, 0x81, 0xce, 0x3, 0x70, 0x7, 0x80,
    0x1e, 0x0, 0x30, 0x0, 0xc0, 0x3, 0x0, 0xc,
    0x0, 0x30, 0x0, 0xc0, 0x3, 0x0, 0xc, 0x0,
    0x30, 0x0,

    /* U+04AF "ү" */
    0xc0, 0x3e, 0x7, 0x60, 0x66, 0x6, 0x70, 0xe3,
    0xc, 0x39, 0xc1, 0x98, 0x19, 0x81, 0xf8, 0xf,
    0x0, 0xf0, 0x6, 0x0, 0x60, 0x6, 0x0, 0x60,
    0x6, 0x0, 0x60, 0x6, 0x0,

    /* U+04B0 "Ұ" */
    0xe0, 0xe, 0xe0, 0x38, 0xc0, 0x61, 0xc1, 0xc1,
    0xc3, 0x1, 0x8e, 0x3, 0x98, 0x3, 0x70, 0x3,
    0xc0, 0xff, 0xf9, 0xff, 0xf0, 0xc, 0x0, 0x18,
    0x0, 0x30, 0x0, 0x60, 0x0, 0xc0, 0x1, 0x80,
    0x3, 0x0, 0x6, 0x0,

    /* U+04B1 "ұ" */
    0xe0, 0x3f, 0x1, 0x98, 0x1c, 0xe0, 0xe3, 0xe,
    0x18, 0x70, 0xe3, 0x3, 0x38, 0x19, 0x80, 0xcc,
    0x3, 0xe0, 0x1e, 0x0, 0xf0, 0x3, 0x1, 0xff,
    0xcf, 0xfe, 0x6, 0x0, 0x30, 0x1, 0x80,

    /* U+04B2 "Ҳ" */
    0x70, 0x3, 0x1c, 0x3, 0xe, 0x3, 0x83, 0x83,
    0x80, 0xe1, 0x80, 0x71, 0xc0, 0x1d, 0xc0, 0x7,
    0xc0, 0x3, 0xc0, 0x0, 0xe0, 0x0, 0xf8, 0x0,
    0xee, 0x0, 0x77, 0x0, 0x71, 0xc0, 0x70, 0x70,
    0x70, 0x18, 0x78, 0xe, 0x38, 0x3, 0xf8, 0x0,
    0xe0, 0x0, 0x30, 0x0, 0x18, 0x0, 0xc, 0x0,
    0x6, 0x0, 0x3,

    /* U+04B3 "ҳ" */
    0x70, 0x73, 0x83, 0x8e, 0x38, 0x3b, 0x81, 0xd8,
    0x7, 0xc0, 0x1c, 0x1, 0xe0, 0xf, 0x80, 0xee,
    0xe, 0x38, 0x61, 0xc7, 0x7, 0xf0, 0x1c, 0x0,
    0x60, 0x3, 0x0, 0x18, 0x0, 0xc0,

    /* U+04B8 "Ҹ" */
    0xc0, 0xf, 0x0, 0x3c, 0x0, 0xf0, 0x3, 0xc0,
    0xf, 0xc, 0x3c, 0x30, 0xf0, 0xc3, 0xc3, 0xf,
    0x8c, 0x37, 0x33, 0xcf, 0xff, 0x1f, 0xcc, 0xc,
    0x30, 0x30, 0xc0, 0xc3, 0x0, 0xc, 0x0, 0x30,
    0x0, 0xc0,

    /* U+04B9 "ҹ" */
    0xc0, 0x78, 0xf, 0x1, 0xe0, 0x3c, 0x67, 0x8c,
    0xf9, 0x9b, 0xff, 0x3f, 0xe0, 0xcc, 0x19, 0x83,
    0x30, 0x6, 0x0, 0xc0,

    /* U+04BA "Һ" */
    0xc0, 0x3, 0x0, 0xc, 0x0, 0x30, 0x0, 0xc0,
    0x3, 0x0, 0xc, 0x0, 0x33, 0xf8, 0xff, 0xf3,
    0xc0, 0xec, 0x1, 0xf0, 0x3, 0xc0, 0xf, 0x0,
    0x3c, 0x0, 0xf0, 0x3, 0xc0, 0xf, 0x0, 0x3c,
    0x0, 0xc0,

    /* U+04BB "һ" */
    0xc0, 0x18, 0x3, 0x0, 0x60, 0xc, 0x1, 0xbe,
    0x3f, 0xf7, 0x6, 0xc0, 0x78, 0xf, 0x1, 0xe0,
    0x3c, 0x7, 0x80, 0xc0,

    /* U+04D8 "Ә" */
    0x3, 0xf0, 0x7, 0xff, 0x3, 0xc1, 0xe0, 0xc0,
    0x1c, 0x60, 0x3, 0x88, 0x0, 0x60, 0x0, 0x1c,
    0x0, 0x7, 0xff, 0xff, 0xff, 0xff, 0xfc, 0x0,
    0x1f, 0x0, 0x7, 0xc0, 0x1, 0xd8, 0x0, 0xe6,
    0x0, 0x38, 0xc0, 0x1c, 0x3c, 0x1f, 0x7, 0xff,
    0x0, 0x7f, 0x0,

    /* U+04D9 "ә" */
    0xf, 0x81, 0xff, 0x1e, 0x1c, 0xe0, 0x60, 0x1,
    0x80, 0xf, 0xff, 0xef, 0xff, 0x60, 0x1b, 0x0,
    0xdc, 0xc, 0x70, 0xe1, 0xfe, 0x7, 0xc0,

    /* U+04E8 "Ө" */
    0x3, 0xf0, 0x3, 0xff, 0x1, 0xc0, 0xe0, 0xe0,
    0x1c, 0x70, 0x3, 0x98, 0x0, 0x6e, 0x0, 0x1f,
    0x80, 0x7, 0xff, 0xff, 0xff, 0xff, 0xfe, 0x0,
    0x1f, 0x80, 0x7, 0xe0, 0x1, 0xdc, 0x0, 0xe7,
    0x0, 0x38, 0xe0, 0x1c, 0x1e, 0x1e, 0x3, 0xff,
    0x0, 0x3f, 0x0,

    /* U+04E9 "ө" */
    0xf, 0x81, 0xff, 0x1c, 0x1c, 0xc0, 0x6c, 0x1,
    0xff, 0xff, 0xff, 0xf8, 0x3, 0xc0, 0x1e, 0x1,
    0xd8, 0xc, 0xe0, 0xe3, 0xfe, 0x7, 0xc0
};


/*---------------------
 *  GLYPH DESCRIPTION
 *--------------------*/

static const lv_font_fmt_txt_glyph_dsc_t glyph_dsc[] = {
    {.bitmap_index = 0, .adv_w = 0, .box_w = 0, .box_h = 0, .ofs_x = 0, .ofs_y = 0} /* id = 0 reserved */,
    {.bitmap_index = 0, .adv_w = 120, .box_w = 1, .box_h = 1, .ofs_x = 0, .ofs_y = 0},
    {.bitmap_index = 1, .adv_w = 120, .box_w = 2, .box_h = 19, .ofs_x = 2, .ofs_y = 0},
    {.bitmap_index = 6, .adv_w = 153, .box_w = 7, .box_h = 6, .ofs_x = 1, .ofs_y = 13},
    {.bitmap_index = 12, .adv_w = 240, .box_w = 14, .box_h = 19, .ofs_x = 1, .ofs_y = 0},
    {.bitmap_index = 46, .adv_w = 240, .box_w = 12, .box_h = 24, .ofs_x = 1, .ofs_y = -3},
    {.bitmap_index = 82, .adv_w = 384, .box_w = 21, .box_h = 19, .ofs_x = 2, .ofs_y = 0},
    {.bitmap_index = 132, .adv_w = 288, .box_w = 17, .box_h = 19, .ofs_x = 1, .ofs_y = 0},
    {.bitmap_index = 173, .adv_w = 82, .box_w = 2, .box_h = 6, .ofs_x = 1, .ofs_y = 13},
    {.bitmap_index = 175, .adv_w = 144, .box_w = 6, .box_h = 24, .ofs_x = 2, .ofs_y = -5},
    {.bitmap_index = 193, .adv_w = 144, .box_w = 6, .box_h = 24, .ofs_x = 2, .ofs_y = -5},
    {.bitmap_index = 211, .adv_w = 168, .box_w = 8, .box_h = 8, .ofs_x = 1, .ofs_y = 11},
    {.bitmap_index = 219, .adv_w = 252, .box_w = 13, .box_h = 12, .ofs_x = 1, .ofs_y = 3},
    {.bitmap_index = 239, .adv_w = 120, .box_w = 2, .box_h = 6, .ofs_x = 2, .ofs_y = -4},
    {.bitmap_index = 241, .adv_w = 144, .box_w = 7, .box_h = 2, .ofs_x = 1, .ofs_y = 6},
    {.bitmap_index = 243, .adv_w = 120, .box_w = 2, .box_h = 2, .ofs_x = 2, .ofs_y = 0},
    {.bitmap_index = 244, .adv_w = 120, .box_w = 8, .box_h = 19, .ofs_x = 0, .ofs_y = 0},
    {.bitmap_index = 263, .adv_w = 240, .box_w = 12, .box_h = 19, .ofs_x = 1, .ofs_y = 0},
    {.bitmap_index = 292, .adv_w = 240, .box_w = 7, .box_h = 19, .ofs_x = 2, .ofs_y = 0},
    {.bitmap_index = 309, .adv_w = 240, .box_w = 13, .box_h = 19, .ofs_x = 1, .ofs_y = 0},
    {.bitmap_index = 340, .adv_w = 240, .box_w = 12, .box_h = 19, .ofs_x = 1, .ofs_y = 0},
    {.bitmap_index = 369, .adv_w = 240, .box_w = 13, .box_h = 19, .ofs_x = 1, .ofs_y = 0},
    {.bitmap_index = 400, .adv_w = 240, .box_w = 12, .box_h = 19, .ofs_x = 1, .ofs_y = 0},
    {.bitmap_index = 429, .adv_w = 240, .box_w = 13, .box_h = 19, .ofs_x = 1, .ofs_y = 0},
    {.bitmap_index = 460, .adv_w = 240, .box_w = 13, .box_h = 19, .ofs_x = 1, .ofs_y = 0},
    {.bitmap_index = 491, .adv_w = 240, .box_w = 13, .box_h = 19, .ofs_x = 1, .ofs_y = 0},
    {.bitmap_index = 522, .adv_w = 240, .box_w = 12, .box_h = 19, .ofs_x = 1, .ofs_y = 0},
    {.bitmap_index = 551, .adv_w = 120, .box_w = 2, .box_h = 14, .ofs_x = 2, .ofs_y = 0},
    {.bitmap_index = 555, .adv_w = 120, .box_w = 2, .box_h = 18, .ofs_x = 2, .ofs_y = -4},
    {.bitmap_index = 560, .adv_w = 252, .box_w = 13, .box_h = 13, .ofs_x = 1, .ofs_y = 3},
    {.bitmap_index = 582, .adv_w = 252, .box_w = 13, .box_h = 8, .ofs_x = 1, .ofs_y = 6},
    {.bitmap_index = 595, .adv_w = 252, .box_w = 13, .box_h = 13, .ofs_x = 1, .ofs_y = 3},
    {.bitmap_index = 617, .adv_w = 240, .box_w = 12, .box_h = 19, .ofs_x = 1, .ofs_y = 0},
    {.bitmap_index = 646, .adv_w = 439, .box_w = 25, .box_h = 24, .ofs_x = 1, .ofs_y = -5},
    {.bitmap_index = 721, .adv_w = 288, .box_w = 18, .box_h = 19, .ofs_x = 0, .ofs_y = 0},
    {.bitmap_index = 764, .adv_w = 288, .box_w = 14, .box_h = 19, .ofs_x = 2, .ofs_y = 0},
    {.bitmap_index = 798, .adv_w = 312, .box_w = 16, .box_h = 19, .ofs_x = 1, .ofs_y = 0},
    {.bitmap_index = 836, .adv_w = 312, .box_w = 16, .box_h = 19, .ofs_x = 2, .ofs_y = 0},
    {.bitmap_index = 874, .adv_w = 288, .box_w = 15, .box_h = 19, .ofs_x = 2, .ofs_y = 0},
    {.bitmap_index = 910, .adv_w = 264, .box_w = 13, .box_h = 19, .ofs_x = 2, .ofs_y = 0},
    {.bitmap_index = 941, .adv_w = 336, .box_w = 18, .box_h = 19, .ofs_x = 1, .ofs_y = 0},
    {.bitmap_index = 984, .adv_w = 312, .box_w = 15, .box_h = 19, .ofs_x = 2, .ofs_y = 0},
    {.bitmap_index = 1020, .adv_w = 120, .box_w = 2, .box_h = 19, .ofs_x = 3, .ofs_y = 0},
    {.bitmap_index = 1025, .adv_w = 216, .box_w = 10, .box_h = 19, .ofs_x = 1, .ofs_y = 0},
    {.bitmap_index = 1049, .adv_w = 288, .box_w = 15, .box_h = 19, .ofs_x = 2, .ofs_y = 0},
    {.bitmap_index = 1085, .adv_w = 240, .box_w = 12, .box_h = 19, .ofs_x = 2, .ofs_y = 0},
    {.bitmap_index = 1114, .adv_w = 360, .box_w = 18, .box_h = 19, .ofs_x = 2, .ofs_y = 0},
    {.bitmap_index = 1157, .adv_w = 312, .box_w = 15, .box_h = 19, .ofs_x = 2, .ofs_y = 0},
    {.bitmap_index = 1193, .adv_w = 336, .box_w = 18, .box_h = 19, .ofs_x = 1, .ofs_y = 0},
    {.bitmap_index = 1236, .adv_w = 288, .box_w = 14, .box_h = 19, .ofs_x = 2, .ofs_y = 0},
    {.bitmap_index = 1270, .adv_w = 336, .box_w = 18, .box_h = 20, .ofs_x = 1, .ofs_y = -1},
    {.bitmap_index = 1315, .adv_w = 312, .box_w = 17, .box_h = 19, .ofs_x = 2, .ofs_y = 0},
    {.bitmap_index = 1356, .adv_w = 288, .box_w = 15, .box_h = 19, .ofs_x = 1, .ofs_y = 0},
    {.bitmap_index = 1392, .adv_w = 264, .box_w = 15, .box_h = 19, .ofs_x = 1, .ofs_y = 0},
    {.bitmap_index = 1428, .adv_w = 312, .box_w = 15, .box_h = 19, .ofs_x = 2, .ofs_y = 0},
    {.bitmap_index = 1464, .adv_w = 288, .box_w = 18, .box_h = 19, .ofs_x = 0, .ofs_y = 0},
    {.bitmap_index = 1507, .adv_w = 408, .box_w = 25, .box_h = 19, .ofs_x = 0, .ofs_y = 0},
    {.bitmap_index = 1567, .adv_w = 288, .box_w = 18, .box_h = 19, .ofs_x = 0, .ofs_y = 0},
    {.bitmap_index = 1610, .adv_w = 288, .box_w = 17, .box_h = 19, .ofs_x = 1, .ofs_y = 0},
    {.bitmap_index = 1651, .adv_w = 264, .box_w = 15, .box_h = 19, .ofs_x = 1, .ofs_y = 0},
    {.bitmap_index = 1687, .adv_w = 120, .box_w = 5, .box_h = 24, .ofs_x = 2, .ofs_y = -5},
    {.bitmap_index = 1702, .adv_w = 120, .box_w = 8, .box_h = 19, .ofs_x = 0, .ofs_y = 0},
    {.bitmap_index = 1721, .adv_w = 120, .box_w = 5, .box_h = 24, .ofs_x = 1, .ofs_y = -5},
    {.bitmap_index = 1736, .adv_w = 203, .box_w = 11, .box_h = 11, .ofs_x = 1, .ofs_y = 9},
    {.bitmap_index = 1752, .adv_w = 240, .box_w = 16, .box_h = 2, .ofs_x = 0, .ofs_y = -5},
    {.bitmap_index = 1756, .adv_w = 144, .box_w = 5, .box_h = 3, .ofs_x = 1, .ofs_y = 15},
    {.bitmap_index = 1758, .adv_w = 240, .box_w = 13, .box_h = 14, .ofs_x = 1, .ofs_y = 0},
    {.bitmap_index = 1781, .adv_w = 240, .box_w = 12, .box_h = 19, .ofs_x = 2, .ofs_y = 0},
    {.bitmap_index = 1810, .adv_w = 216, .box_w = 12, .box_h = 14, .ofs_x = 1, .ofs_y = 0},
    {.bitmap_index = 1831, .adv_w = 240, .box_w = 12, .box_h = 19, .ofs_x = 1, .ofs_y = 0},
    {.bitmap_index = 1860, .adv_w = 240, .box_w = 13, .box_h = 14, .ofs_x = 1, .ofs_y = 0},
    {.bitmap_index = 1883, .adv_w = 120, .box_w = 8, .box_h = 19, .ofs_x = 1, .ofs_y = 0},
    {.bitmap_index = 1902, .adv_w = 240, .box_w = 12, .box_h = 19, .ofs_x = 1, .ofs_y = -5},
    {.bitmap_index = 1931, .adv_w = 240, .box_w = 11, .box_h = 19, .ofs_x = 2, .ofs_y = 0},
    {.bitmap_index = 1958, .adv_w = 96, .box_w = 2, .box_h = 19, .ofs_x = 2, .ofs_y = 0},
    {.bitmap_index = 1963, .adv_w = 96, .box_w = 5, .box_h = 24, .ofs_x = -1, .ofs_y = -5},
    {.bitmap_index = 1978, .adv_w = 216, .box_w = 11, .box_h = 19, .ofs_x = 2, .ofs_y = 0},
    {.bitmap_index = 2005, .adv_w = 96, .box_w = 2, .box_h = 19, .ofs_x = 2, .ofs_y = 0},
    {.bitmap_index = 2010, .adv_w = 360, .box_w = 19, .box_h = 14, .ofs_x = 2, .ofs_y = 0},
    {.bitmap_index = 2044, .adv_w = 240, .box_w = 11, .box_h = 14, .ofs_x = 2, .ofs_y = 0},
    {.bitmap_index = 2064, .adv_w = 240, .box_w = 13, .box_h = 14, .ofs_x = 1, .ofs_y = 0},
    {.bitmap_index = 2087, .adv_w = 240, .box_w = 12, .box_h = 19, .ofs_x = 2, .ofs_y = -5},
    {.bitmap_index = 2116, .adv_w = 240, .box_w = 12, .box_h = 19, .ofs_x = 1, .ofs_y = -5},
    {.bitmap_index = 2145, .adv_w = 144, .box_w = 7, .box_h = 14, .ofs_x = 2, .ofs_y = 0},
    {.bitmap_index = 2158, .adv_w = 216, .box_w = 12, .box_h = 14, .ofs_x = 0, .ofs_y = 0},
    {.bitmap_index = 2179, .adv_w = 120, .box_w = 7, .box_h = 19, .ofs_x = 1, .ofs_y = 0},
    {.bitmap_index = 2196, .adv_w = 240, .box_w = 11, .box_h = 14, .ofs_x = 2, .ofs_y = 0},
    {.bitmap_index = 2216, .adv_w = 216, .box_w = 13, .box_h = 14, .ofs_x = 0, .ofs_y = 0},
    {.bitmap_index = 2239, .adv_w = 312, .box_w = 19, .box_h = 14, .ofs_x = 0, .ofs_y = 0},
    {.bitmap_index = 2273, .adv_w = 216, .box_w = 13, .box_h = 14, .ofs_x = 0, .ofs_y = 0},
    {.bitmap_index = 2296, .adv_w = 216, .box_w = 13, .box_h = 19, .ofs_x = 0, .ofs_y = -5},
    {.bitmap_index = 2327, .adv_w = 216, .box_w = 12, .box_h = 14, .ofs_x = 1, .ofs_y = 0},
    {.bitmap_index = 2348, .adv_w = 144, .box_w = 8, .box_h = 24, .ofs_x = 0, .ofs_y = -5},
    {.bitmap_index = 2372, .adv_w = 112, .box_w = 2, .box_h = 24, .ofs_x = 2, .ofs_y = -5},
    {.bitmap_index = 2378, .adv_w = 144, .box_w = 8, .box_h = 24, .ofs_x = 0, .ofs_y = -5},
    {.bitmap_index = 2402, .adv_w = 252, .box_w = 14, .box_h = 4, .ofs_x = 1, .ofs_y = 7},
    {.bitmap_index = 2409, .adv_w = 120, .box_w = 1, .box_h = 1, .ofs_x = 0, .ofs_y = 0},
    {.bitmap_index = 2410, .adv_w = 144, .box_w = 2, .box_h = 19, .ofs_x = 3, .ofs_y = -5},
    {.bitmap_index = 2415, .adv_w = 240, .box_w = 12, .box_h = 24, .ofs_x = 1, .ofs_y = -5},
    {.bitmap_index = 2451, .adv_w = 240, .box_w = 14, .box_h = 19, .ofs_x = 1, .ofs_y = 0},
    {.bitmap_index = 2485, .adv_w = 240, .box_w = 13, .box_h = 13, .ofs_x = 1, .ofs_y = 3},
    {.bitmap_index = 2507, .adv_w = 240, .box_w = 15, .box_h = 19, .ofs_x = 0, .ofs_y = 0},
    {.bitmap_index = 2543, .adv_w = 112, .box_w = 2, .box_h = 24, .ofs_x = 2, .ofs_y = -5},
    {.bitmap_index = 2549, .adv_w = 240, .box_w = 13, .box_h = 24, .ofs_x = 1, .ofs_y = -5},
    {.bitmap_index = 2588, .adv_w = 144, .box_w = 7, .box_h = 2, .ofs_x = 1, .ofs_y = 16},
    {.bitmap_index = 2590, .adv_w = 318, .box_w = 20, .box_h = 20, .ofs_x = 1, .ofs_y = 0},
    {.bitmap_index = 2640, .adv_w = 160, .box_w = 9, .box_h = 10, .ofs_x = 1, .ofs_y = 10},
    {.bitmap_index = 2652, .adv_w = 240, .box_w = 11, .box_h = 12, .ofs_x = 2, .ofs_y = 1},
    {.bitmap_index = 2669, .adv_w = 252, .box_w = 13, .box_h = 8, .ofs_x = 1, .ofs_y = 6},
    {.bitmap_index = 2682, .adv_w = 144, .box_w = 7, .box_h = 2, .ofs_x = 1, .ofs_y = 6},
    {.bitmap_index = 2684, .adv_w = 318, .box_w = 20, .box_h = 20, .ofs_x = 1, .ofs_y = 0},
    {.bitmap_index = 2734, .adv_w = 239, .box_w = 16, .box_h = 2, .ofs_x = 0, .ofs_y = 20},
    {.bitmap_index = 2738, .adv_w = 173, .box_w = 8, .box_h = 7, .ofs_x = 2, .ofs_y = 12},
    {.bitmap_index = 2745, .adv_w = 237, .box_w = 13, .box_h = 16, .ofs_x = 1, .ofs_y = 0},
    {.bitmap_index = 2771, .adv_w = 144, .box_w = 8, .box_h = 10, .ofs_x = 0, .ofs_y = 10},
    {.bitmap_index = 2781, .adv_w = 144, .box_w = 9, .box_h = 10, .ofs_x = 0, .ofs_y = 10},
    {.bitmap_index = 2793, .adv_w = 144, .box_w = 5, .box_h = 3, .ofs_x = 3, .ofs_y = 15},
    {.bitmap_index = 2795, .adv_w = 249, .box_w = 11, .box_h = 19, .ofs_x = 2, .ofs_y = -5},
    {.bitmap_index = 2822, .adv_w = 232, .box_w = 16, .box_h = 24, .ofs_x = 0, .ofs_y = -5},
    {.bitmap_index = 2870, .adv_w = 120, .box_w = 2, .box_h = 2, .ofs_x = 2, .ofs_y = 8},
    {.bitmap_index = 2871, .adv_w = 144, .box_w = 6, .box_h = 6, .ofs_x = 1, .ofs_y = -5},
    {.bitmap_index = 2876, .adv_w = 144, .box_w = 5, .box_h = 10, .ofs_x = 1, .ofs_y = 10},
    {.bitmap_index = 2883, .adv_w = 158, .box_w = 9, .box_h = 10, .ofs_x = 1, .ofs_y = 10},
    {.bitmap_index = 2895, .adv_w = 240, .box_w = 11, .box_h = 12, .ofs_x = 2, .ofs_y = 1},
    {.bitmap_index = 2912, .adv_w = 360, .box_w = 21, .box_h = 21, .ofs_x = 1, .ofs_y = -1},
    {.bitmap_index = 2968, .adv_w = 360, .box_w = 21, .box_h = 21, .ofs_x = 1, .ofs_y = -1},
    {.bitmap_index = 3024, .adv_w = 360, .box_w = 22, .box_h = 21, .ofs_x = 0, .ofs_y = -1},
    {.bitmap_index = 3082, .adv_w = 264, .box_w = 12, .box_h = 19, .ofs_x = 2, .ofs_y = -5},
    {.bitmap_index = 3111, .adv_w = 288, .box_w = 18, .box_h = 23, .ofs_x = 0, .ofs_y = 0},
    {.bitmap_index = 3163, .adv_w = 288, .box_w = 18, .box_h = 23, .ofs_x = 0, .ofs_y = 0},
    {.bitmap_index = 3215, .adv_w = 288, .box_w = 18, .box_h = 24, .ofs_x = 0, .ofs_y = 0},
    {.bitmap_index = 3269, .adv_w = 288, .box_w = 19, .box_h = 23, .ofs_x = 0, .ofs_y = 0},
    {.bitmap_index = 3324, .adv_w = 288, .box_w = 18, .box_h = 22, .ofs_x = 0, .ofs_y = 0},
    {.bitmap_index = 3374, .adv_w = 288, .box_w = 18, .box_h = 23, .ofs_x = 0, .ofs_y = 0},
    {.bitmap_index = 3426, .adv_w = 432, .box_w = 26, .box_h = 19, .ofs_x = 0, .ofs_y = 0},
    {.bitmap_index = 3488, .adv_w = 312, .box_w = 17, .box_h = 24, .ofs_x = 1, .ofs_y = -5},
    {.bitmap_index = 3539, .adv_w = 288, .box_w = 15, .box_h = 23, .ofs_x = 2, .ofs_y = 0},
    {.bitmap_index = 3583, .adv_w = 288, .box_w = 15, .box_h = 23, .ofs_x = 2, .ofs_y = 0},
    {.bitmap_index = 3627, .adv_w = 288, .box_w = 15, .box_h = 24, .ofs_x = 2, .ofs_y = 0},
    {.bitmap_index = 3672, .adv_w = 288, .box_w = 15, .box_h = 22, .ofs_x = 2, .ofs_y = 0},
    {.bitmap_index = 3714, .adv_w = 120, .box_w = 5, .box_h = 23, .ofs_x = 1, .ofs_y = 0},
    {.bitmap_index = 3729, .adv_w = 120, .box_w = 5, .box_h = 23, .ofs_x = 2, .ofs_y = 0},
    {.bitmap_index = 3744, .adv_w = 120, .box_w = 8, .box_h = 24, .ofs_x = 0, .ofs_y = 0},
    {.bitmap_index = 3768, .adv_w = 120, .box_w = 7, .box_h = 22, .ofs_x = 1, .ofs_y = 0},
    {.bitmap_index = 3788, .adv_w = 312, .box_w = 18, .box_h = 19, .ofs_x = 0, .ofs_y = 0},
    {.bitmap_index = 3831, .adv_w = 312, .box_w = 15, .box_h = 23, .ofs_x = 2, .ofs_y = 0},
    {.bitmap_index = 3875, .adv_w = 336, .box_w = 18, .box_h = 24, .ofs_x = 1, .ofs_y = 0},
    {.bitmap_index = 3929, .adv_w = 336, .box_w = 18, .box_h = 24, .ofs_x = 1, .ofs_y = 0},
    {.bitmap_index = 3983, .adv_w = 336, .box_w = 18, .box_h = 24, .ofs_x = 1, .ofs_y = 0},
    {.bitmap_index = 4037, .adv_w = 336, .box_w = 18, .box_h = 23, .ofs_x = 1, .ofs_y = 0},
    {.bitmap_index = 4089, .adv_w = 336, .box_w = 18, .box_h = 23, .ofs_x = 1, .ofs_y = 0},
    {.bitmap_index = 4141, .adv_w = 252, .box_w = 12, .box_h = 11, .ofs_x = 2, .ofs_y = 4},
    {.bitmap_index = 4158, .adv_w = 336, .box_w = 18, .box_h = 19, .ofs_x = 1, .ofs_y = 0},
    {.bitmap_index = 4201, .adv_w = 312, .box_w = 15, .box_h = 24, .ofs_x = 2, .ofs_y = 0},
    {.bitmap_index = 4246, .adv_w = 312, .box_w = 15, .box_h = 24, .ofs_x = 2, .ofs_y = 0},
    {.bitmap_index = 4291, .adv_w = 312, .box_w = 15, .box_h = 24, .ofs_x = 2, .ofs_y = 0},
    {.bitmap_index = 4336, .adv_w = 312, .box_w = 15, .box_h = 23, .ofs_x = 2, .ofs_y = 0},
    {.bitmap_index = 4380, .adv_w = 288, .box_w = 17, .box_h = 23, .ofs_x = 1, .ofs_y = 0},
    {.bitmap_index = 4429, .adv_w = 288, .box_w = 14, .box_h = 19, .ofs_x = 2, .ofs_y = 0},
    {.bitmap_index = 4463, .adv_w = 264, .box_w = 13, .box_h = 19, .ofs_x = 2, .ofs_y = 0},
    {.bitmap_index = 4494, .adv_w = 240, .box_w = 13, .box_h = 19, .ofs_x = 1, .ofs_y = 0},
    {.bitmap_index = 4525, .adv_w = 240, .box_w = 13, .box_h = 19, .ofs_x = 1, .ofs_y = 0},
    {.bitmap_index = 4556, .adv_w = 240, .box_w = 13, .box_h = 19, .ofs_x = 1, .ofs_y = 0},
    {.bitmap_index = 4587, .adv_w = 240, .box_w = 13, .box_h = 19, .ofs_x = 1, .ofs_y = 0},
    {.bitmap_index = 4618, .adv_w = 240, .box_w = 13, .box_h = 19, .ofs_x = 1, .ofs_y = 0},
    {.bitmap_index = 4649, .adv_w = 240, .box_w = 13, .box_h = 19, .ofs_x = 1, .ofs_y = 0},
    {.bitmap_index = 4680, .adv_w = 384, .box_w = 22, .box_h = 14, .ofs_x = 1, .ofs_y = 0},
    {.bitmap_index = 4719, .adv_w = 216, .box_w = 12, .box_h = 19, .ofs_x = 1, .ofs_y = -5},
    {.bitmap_index = 4748, .adv_w = 240, .box_w = 13, .box_h = 19, .ofs_x = 1, .ofs_y = 0},
    {.bitmap_index = 4779, .adv_w = 240, .box_w = 13, .box_h = 19, .ofs_x = 1, .ofs_y = 0},
    {.bitmap_index = 4810, .adv_w = 240, .box_w = 13, .box_h = 19, .ofs_x = 1, .ofs_y = 0},
    {.bitmap_index = 4841, .adv_w = 240, .box_w = 13, .box_h = 19, .ofs_x = 1, .ofs_y = 0},
    {.bitmap_index = 4872, .adv_w = 120, .box_w = 4, .box_h = 19, .ofs_x = 1, .ofs_y = 0},
    {.bitmap_index = 4882, .adv_w = 120, .box_w = 4, .box_h = 19, .ofs_x = 3, .ofs_y = 0},
    {.bitmap_index = 4892, .adv_w = 120, .box_w = 8, .box_h = 19, .ofs_x = 0, .ofs_y = 0},
    {.bitmap_index = 4911, .adv_w = 120, .box_w = 8, .box_h = 19, .ofs_x = 1, .ofs_y = 0},
    {.bitmap_index = 4930, .adv_w = 240, .box_w = 13, .box_h = 19, .ofs_x = 1, .ofs_y = 0},
    {.bitmap_index = 4961, .adv_w = 240, .box_w = 11, .box_h = 19, .ofs_x = 2, .ofs_y = 0},
    {.bitmap_index = 4988, .adv_w = 240, .box_w = 13, .box_h = 19, .ofs_x = 1, .ofs_y = 0},
    {.bitmap_index = 5019, .adv_w = 240, .box_w = 13, .box_h = 19, .ofs_x = 1, .ofs_y = 0},
    {.bitmap_index = 5050, .adv_w = 240, .box_w = 13, .box_h = 19, .ofs_x = 1, .ofs_y = 0},
    {.bitmap_index = 5081, .adv_w = 240, .box_w = 13, .box_h = 19, .ofs_x = 1, .ofs_y = 0},
    {.bitmap_index = 5112, .adv_w = 240, .box_w = 13, .box_h = 19, .ofs_x = 1, .ofs_y = 0},
    {.bitmap_index = 5143, .adv_w = 237, .box_w = 13, .box_h = 10, .ofs_x = 1, .ofs_y = 4},
    {.bitmap_index = 5160, .adv_w = 264, .box_w = 13, .box_h = 16, .ofs_x = 2, .ofs_y = -1},
    {.bitmap_index = 5186, .adv_w = 240, .box_w = 11, .box_h = 19, .ofs_x = 2, .ofs_y = 0},
    {.bitmap_index = 5213, .adv_w = 240, .box_w = 11, .box_h = 19, .ofs_x = 2, .ofs_y = 0},
    {.bitmap_index = 5240, .adv_w = 240, .box_w = 11, .box_h = 19, .ofs_x = 2, .ofs_y = 0},
    {.bitmap_index = 5267, .adv_w = 240, .box_w = 11, .box_h = 19, .ofs_x = 2, .ofs_y = 0},
    {.bitmap_index = 5294, .adv_w = 216, .box_w = 13, .box_h = 24, .ofs_x = 0, .ofs_y = -5},
    {.bitmap_index = 5333, .adv_w = 240, .box_w = 12, .box_h = 24, .ofs_x = 2, .ofs_y = -5},
    {.bitmap_index = 5369, .adv_w = 216, .box_w = 13, .box_h = 24, .ofs_x = 0, .ofs_y = -5},
    {.bitmap_index = 5408, .adv_w = 288, .box_w = 18, .box_h = 22, .ofs_x = 0, .ofs_y = 0},
    {.bitmap_index = 5458, .adv_w = 240, .box_w = 13, .box_h = 18, .ofs_x = 1, .ofs_y = 0},
    {.bitmap_index = 5488, .adv_w = 288, .box_w = 18, .box_h = 24, .ofs_x = 0, .ofs_y = 0},
    {.bitmap_index = 5542, .adv_w = 240, .box_w = 13, .box_h = 19, .ofs_x = 1, .ofs_y = 0},
    {.bitmap_index = 5573, .adv_w = 288, .box_w = 21, .box_h = 24, .ofs_x = 0, .ofs_y = -5},
    {.bitmap_index = 5636, .adv_w = 240, .box_w = 16, .box_h = 19, .ofs_x = 1, .ofs_y = -5},
    {.bitmap_index = 5674, .adv_w = 312, .box_w = 16, .box_h = 24, .ofs_x = 1, .ofs_y = 0},
    {.bitmap_index = 5722, .adv_w = 216, .box_w = 12, .box_h = 19, .ofs_x = 1, .ofs_y = 0},
    {.bitmap_index = 5751, .adv_w = 312, .box_w = 16, .box_h = 24, .ofs_x = 1, .ofs_y = 0},
    {.bitmap_index = 5799, .adv_w = 216, .box_w = 12, .box_h = 19, .ofs_x = 1, .ofs_y = 0},
    {.bitmap_index = 5828, .adv_w = 312, .box_w = 17, .box_h = 24, .ofs_x = 1, .ofs_y = 0},
    {.bitmap_index = 5879, .adv_w = 216, .box_w = 12, .box_h = 19, .ofs_x = 1, .ofs_y = 0},
    {.bitmap_index = 5908, .adv_w = 312, .box_w = 16, .box_h = 24, .ofs_x = 1, .ofs_y = 0},
    {.bitmap_index = 5956, .adv_w = 216, .box_w = 12, .box_h = 19, .ofs_x = 1, .ofs_y = 0},
    {.bitmap_index = 5985, .adv_w = 312, .box_w = 16, .box_h = 24, .ofs_x = 2, .ofs_y = 0},
    {.bitmap_index = 6033, .adv_w = 266, .box_w = 15, .box_h = 19, .ofs_x = 1, .ofs_y = 0},
    {.bitmap_index = 6069, .adv_w = 312, .box_w = 18, .box_h = 19, .ofs_x = 0, .ofs_y = 0},
    {.bitmap_index = 6112, .adv_w = 240, .box_w = 14, .box_h = 19, .ofs_x = 1, .ofs_y = 0},
    {.bitmap_index = 6146, .adv_w = 288, .box_w = 15, .box_h = 22, .ofs_x = 2, .ofs_y = 0},
    {.bitmap_index = 6188, .adv_w = 240, .box_w = 13, .box_h = 18, .ofs_x = 1, .ofs_y = 0},
    {.bitmap_index = 6218, .adv_w = 288, .box_w = 15, .box_h = 24, .ofs_x = 2, .ofs_y = 0},
    {.bitmap_index = 6263, .adv_w = 240, .box_w = 13, .box_h = 19, .ofs_x = 1, .ofs_y = 0},
    {.bitmap_index = 6294, .adv_w = 288, .box_w = 15, .box_h = 23, .ofs_x = 2, .ofs_y = 0},
    {.bitmap_index = 6338, .adv_w = 240, .box_w = 13, .box_h = 19, .ofs_x = 1, .ofs_y = 0},
    {.bitmap_index = 6369, .adv_w = 288, .box_w = 15, .box_h = 24, .ofs_x = 2, .ofs_y = -5},
    {.bitmap_index = 6414, .adv_w = 240, .box_w = 13, .box_h = 19, .ofs_x = 1, .ofs_y = -5},
    {.bitmap_index = 6445, .adv_w = 288, .box_w = 15, .box_h = 24, .ofs_x = 2, .ofs_y = 0},
    {.bitmap_index = 6490, .adv_w = 240, .box_w = 13, .box_h = 19, .ofs_x = 1, .ofs_y = 0},
    {.bitmap_index = 6521, .adv_w = 336, .box_w = 18, .box_h = 24, .ofs_x = 1, .ofs_y = 0},
    {.bitmap_index = 6575, .adv_w = 240, .box_w = 12, .box_h = 24, .ofs_x = 1, .ofs_y = -5},
    {.bitmap_index = 6611, .adv_w = 336, .box_w = 18, .box_h = 24, .ofs_x = 1, .ofs_y = 0},
    {.bitmap_index = 6665, .adv_w = 240, .box_w = 12, .box_h = 24, .ofs_x = 1, .ofs_y = -5},
    {.bitmap_index = 6701, .adv_w = 336, .box_w = 18, .box_h = 23, .ofs_x = 1, .ofs_y = 0},
    {.bitmap_index = 6753, .adv_w = 240, .box_w = 12, .box_h = 24, .ofs_x = 1, .ofs_y = -5},
    {.bitmap_index = 6789, .adv_w = 336, .box_w = 18, .box_h = 24, .ofs_x = 1, .ofs_y = -5},
    {.bitmap_index = 6843, .adv_w = 240, .box_w = 12, .box_h = 26, .ofs_x = 1, .ofs_y = -5},
    {.bitmap_index = 6882, .adv_w = 312, .box_w = 15, .box_h = 24, .ofs_x = 2, .ofs_y = 0},
    {.bitmap_index = 6927, .adv_w = 240, .box_w = 11, .box_h = 24, .ofs_x = 2, .ofs_y = 0},
    {.bitmap_index = 6960, .adv_w = 312, .box_w = 19, .box_h = 19, .ofs_x = 1, .ofs_y = 0},
    {.bitmap_index = 7006, .adv_w = 240, .box_w = 13, .box_h = 19, .ofs_x = 1, .ofs_y = 0},
    {.bitmap_index = 7037, .adv_w = 120, .box_w = 10, .box_h = 23, .ofs_x = -1, .ofs_y = 0},
    {.bitmap_index = 7066, .adv_w = 120, .box_w = 9, .box_h = 19, .ofs_x = 0, .ofs_y = 0},
    {.bitmap_index = 7088, .adv_w = 120, .box_w = 8, .box_h = 22, .ofs_x = 0, .ofs_y = 0},
    {.bitmap_index = 7110, .adv_w = 120, .box_w = 8, .box_h = 18, .ofs_x = 0, .ofs_y = 0},
    {.bitmap_index = 7128, .adv_w = 120, .box_w = 8, .box_h = 23, .ofs_x = 0, .ofs_y = 0},
    {.bitmap_index = 7151, .adv_w = 120, .box_w = 8, .box_h = 19, .ofs_x = 0, .ofs_y = 0},
    {.bitmap_index = 7170, .adv_w = 120, .box_w = 6, .box_h = 24, .ofs_x = 2, .ofs_y = -5},
    {.bitmap_index = 7188, .adv_w = 96, .box_w = 6, .box_h = 24, .ofs_x = 1, .ofs_y = -5},
    {.bitmap_index = 7206, .adv_w = 120, .box_w = 2, .box_h = 23, .ofs_x = 3, .ofs_y = 0},
    {.bitmap_index = 7212, .adv_w = 120, .box_w = 2, .box_h = 14, .ofs_x = 3, .ofs_y = 0},
    {.bitmap_index = 7216, .adv_w = 317, .box_w = 16, .box_h = 19, .ofs_x = 3, .ofs_y = 0},
    {.bitmap_index = 7254, .adv_w = 192, .box_w = 8, .box_h = 24, .ofs_x = 2, .ofs_y = -5},
    {.bitmap_index = 7278, .adv_w = 216, .box_w = 13, .box_h = 24, .ofs_x = 1, .ofs_y = 0},
    {.bitmap_index = 7317, .adv_w = 96, .box_w = 8, .box_h = 24, .ofs_x = -1, .ofs_y = -5},
    {.bitmap_index = 7341, .adv_w = 288, .box_w = 16, .box_h = 24, .ofs_x = 2, .ofs_y = -5},
    {.bitmap_index = 7389, .adv_w = 216, .box_w = 11, .box_h = 24, .ofs_x = 2, .ofs_y = -5},
    {.bitmap_index = 7422, .adv_w = 216, .box_w = 11, .box_h = 14, .ofs_x = 2, .ofs_y = 0},
    {.bitmap_index = 7442, .adv_w = 240, .box_w = 12, .box_h = 23, .ofs_x = 2, .ofs_y = 0},
    {.bitmap_index = 7477, .adv_w = 96, .box_w = 5, .box_h = 23, .ofs_x = 1, .ofs_y = 0},
    {.bitmap_index = 7492, .adv_w = 240, .box_w = 12, .box_h = 24, .ofs_x = 2, .ofs_y = -5},
    {.bitmap_index = 7528, .adv_w = 96, .box_w = 6, .box_h = 24, .ofs_x = 0, .ofs_y = -5},
    {.bitmap_index = 7546, .adv_w = 240, .box_w = 12, .box_h = 19, .ofs_x = 2, .ofs_y = 0},
    {.bitmap_index = 7575, .adv_w = 126, .box_w = 6, .box_h = 19, .ofs_x = 2, .ofs_y = 0},
    {.bitmap_index = 7590, .adv_w = 240, .box_w = 12, .box_h = 19, .ofs_x = 2, .ofs_y = 0},
    {.bitmap_index = 7619, .adv_w = 144, .box_w = 7, .box_h = 19, .ofs_x = 2, .ofs_y = 0},
    {.bitmap_index = 7636, .adv_w = 240, .box_w = 14, .box_h = 19, .ofs_x = 0, .ofs_y = 0},
    {.bitmap_index = 7670, .adv_w = 96, .box_w = 6, .box_h = 19, .ofs_x = 0, .ofs_y = 0},
    {.bitmap_index = 7685, .adv_w = 312, .box_w = 15, .box_h = 23, .ofs_x = 2, .ofs_y = 0},
    {.bitmap_index = 7729, .adv_w = 240, .box_w = 11, .box_h = 19, .ofs_x = 2, .ofs_y = 0},
    {.bitmap_index = 7756, .adv_w = 312, .box_w = 15, .box_h = 24, .ofs_x = 2, .ofs_y = -5},
    {.bitmap_index = 7801, .adv_w = 240, .box_w = 11, .box_h = 19, .ofs_x = 2, .ofs_y = -5},
    {.bitmap_index = 7828, .adv_w = 312, .box_w = 15, .box_h = 24, .ofs_x = 2, .ofs_y = 0},
    {.bitmap_index = 7873, .adv_w = 240, .box_w = 11, .box_h = 19, .ofs_x = 2, .ofs_y = 0},
    {.bitmap_index = 7900, .adv_w = 261, .box_w = 15, .box_h = 19, .ofs_x = 0, .ofs_y = 0},
    {.bitmap_index = 7936, .adv_w = 312, .box_w = 16, .box_h = 19, .ofs_x = 2, .ofs_y = 0},
    {.bitmap_index = 7974, .adv_w = 240, .box_w = 11, .box_h = 19, .ofs_x = 2, .ofs_y = -5},
    {.bitmap_index = 8001, .adv_w = 336, .box_w = 18, .box_h = 23, .ofs_x = 1, .ofs_y = 0},
    {.bitmap_index = 8053, .adv_w = 240, .box_w = 13, .box_h = 18, .ofs_x = 1, .ofs_y = 0},
    {.bitmap_index = 8083, .adv_w = 336, .box_w = 18, .box_h = 24, .ofs_x = 1, .ofs_y = 0},
    {.bitmap_index = 8137, .adv_w = 240, .box_w = 13, .box_h = 19, .ofs_x = 1, .ofs_y = 0},
    {.bitmap_index = 8168, .adv_w = 336, .box_w = 18, .box_h = 24, .ofs_x = 1, .ofs_y = 0},
    {.bitmap_index = 8222, .adv_w = 240, .box_w = 13, .box_h = 19, .ofs_x = 1, .ofs_y = 0},
    {.bitmap_index = 8253, .adv_w = 432, .box_w = 25, .box_h = 19, .ofs_x = 2, .ofs_y = 0},
    {.bitmap_index = 8313, .adv_w = 408, .box_w = 24, .box_h = 14, .ofs_x = 1, .ofs_y = 0},
    {.bitmap_index = 8355, .adv_w = 312, .box_w = 17, .box_h = 23, .ofs_x = 2, .ofs_y = 0},
    {.bitmap_index = 8404, .adv_w = 144, .box_w = 7, .box_h = 19, .ofs_x = 2, .ofs_y = 0},
    {.bitmap_index = 8421, .adv_w = 312, .box_w = 17, .box_h = 24, .ofs_x = 2, .ofs_y = -5},
    {.bitmap_index = 8472, .adv_w = 144, .box_w = 8, .box_h = 19, .ofs_x = 2, .ofs_y = -5},
    {.bitmap_index = 8491, .adv_w = 312, .box_w = 17, .box_h = 24, .ofs_x = 2, .ofs_y = 0},
    {.bitmap_index = 8542, .adv_w = 144, .box_w = 8, .box_h = 19, .ofs_x = 1, .ofs_y = 0},
    {.bitmap_index = 8561, .adv_w = 288, .box_w = 15, .box_h = 24, .ofs_x = 1, .ofs_y = 0},
    {.bitmap_index = 8606, .adv_w = 216, .box_w = 12, .box_h = 19, .ofs_x = 0, .ofs_y = 0},
    {.bitmap_index = 8635, .adv_w = 288, .box_w = 15, .box_h = 24, .ofs_x = 1, .ofs_y = 0},
    {.bitmap_index = 8680, .adv_w = 216, .box_w = 12, .box_h = 19, .ofs_x = 0, .ofs_y = 0},
    {.bitmap_index = 8709, .adv_w = 288, .box_w = 15, .box_h = 24, .ofs_x = 1, .ofs_y = -5},
    {.bitmap_index = 8754, .adv_w = 216, .box_w = 12, .box_h = 19, .ofs_x = 0, .ofs_y = -5},
    {.bitmap_index = 8783, .adv_w = 288, .box_w = 15, .box_h = 24, .ofs_x = 1, .ofs_y = 0},
    {.bitmap_index = 8828, .adv_w = 216, .box_w = 12, .box_h = 19, .ofs_x = 0, .ofs_y = 0},
    {.bitmap_index = 8857, .adv_w = 264, .box_w = 15, .box_h = 26, .ofs_x = 1, .ofs_y = -7},
    {.bitmap_index = 8906, .adv_w = 120, .box_w = 7, .box_h = 26, .ofs_x = 1, .ofs_y = -7},
    {.bitmap_index = 8929, .adv_w = 264, .box_w = 15, .box_h = 24, .ofs_x = 1, .ofs_y = 0},
    {.bitmap_index = 8974, .adv_w = 162, .box_w = 9, .box_h = 19, .ofs_x = 1, .ofs_y = 0},
    {.bitmap_index = 8996, .adv_w = 264, .box_w = 15, .box_h = 19, .ofs_x = 1, .ofs_y = 0},
    {.bitmap_index = 9032, .adv_w = 120, .box_w = 7, .box_h = 19, .ofs_x = 1, .ofs_y = 0},
    {.bitmap_index = 9049, .adv_w = 312, .box_w = 15, .box_h = 24, .ofs_x = 2, .ofs_y = 0},
    {.bitmap_index = 9094, .adv_w = 240, .box_w = 11, .box_h = 19, .ofs_x = 2, .ofs_y = 0},
    {.bitmap_index = 9121, .adv_w = 312, .box_w = 15, .box_h = 23, .ofs_x = 2, .ofs_y = 0},
    {.bitmap_index = 9165, .adv_w = 240, .box_w = 11, .box_h = 18, .ofs_x = 2, .ofs_y = 0},
    {.bitmap_index = 9190, .adv_w = 312, .box_w = 15, .box_h = 24, .ofs_x = 2, .ofs_y = 0},
    {.bitmap_index = 9235, .adv_w = 240, .box_w = 11, .box_h = 19, .ofs_x = 2, .ofs_y = 0},
    {.bitmap_index = 9262, .adv_w = 312, .box_w = 15, .box_h = 24, .ofs_x = 2, .ofs_y = 0},
    {.bitmap_index = 9307, .adv_w = 240, .box_w = 11, .box_h = 19, .ofs_x = 2, .ofs_y = 0},
    {.bitmap_index = 9334, .adv_w = 312, .box_w = 15, .box_h = 24, .ofs_x = 2, .ofs_y = 0},
    {.bitmap_index = 9379, .adv_w = 240, .box_w = 11, .box_h = 19, .ofs_x = 2, .ofs_y = 0},
    {.bitmap_index = 9406, .adv_w = 312, .box_w = 15, .box_h = 24, .ofs_x = 2, .ofs_y = -5},
    {.bitmap_index = 9451, .adv_w = 240, .box_w = 15, .box_h = 19, .ofs_x = 2, .ofs_y = -5},
    {.bitmap_index = 9487, .adv_w = 408, .box_w = 25, .box_h = 24, .ofs_x = 0, .ofs_y = 0},
    {.bitmap_index = 9562, .adv_w = 312, .box_w = 19, .box_h = 19, .ofs_x = 0, .ofs_y = 0},
    {.bitmap_index = 9608, .adv_w = 288, .box_w = 17, .box_h = 24, .ofs_x = 1, .ofs_y = 0},
    {.bitmap_index = 9659, .adv_w = 216, .box_w = 13, .box_h = 24, .ofs_x = 0, .ofs_y = -5},
    {.bitmap_index = 9698, .adv_w = 288, .box_w = 18, .box_h = 22, .ofs_x = 0, .ofs_y = 0},
    {.bitmap_index = 9748, .adv_w = 264, .box_w = 15, .box_h = 23, .ofs_x = 1, .ofs_y = 0},
    {.bitmap_index = 9792, .adv_w = 216, .box_w = 12, .box_h = 19, .ofs_x = 1, .ofs_y = 0},
    {.bitmap_index = 9821, .adv_w = 264, .box_w = 15, .box_h = 23, .ofs_x = 1, .ofs_y = 0},
    {.bitmap_index = 9865, .adv_w = 216, .box_w = 12, .box_h = 18, .ofs_x = 1, .ofs_y = 0},
    {.bitmap_index = 9892, .adv_w = 264, .box_w = 15, .box_h = 24, .ofs_x = 1, .ofs_y = 0},
    {.bitmap_index = 9937, .adv_w = 216, .box_w = 12, .box_h = 19, .ofs_x = 1, .ofs_y = 0},
    {.bitmap_index = 9966, .adv_w = 96, .box_w = 6, .box_h = 19, .ofs_x = 2, .ofs_y = 0},
    {.bitmap_index = 9981, .adv_w = 325, .box_w = 18, .box_h = 19, .ofs_x = 1, .ofs_y = 0},
    {.bitmap_index = 10024, .adv_w = 240, .box_w = 13, .box_h = 24, .ofs_x = 1, .ofs_y = -5},
    {.bitmap_index = 10063, .adv_w = 370, .box_w = 21, .box_h = 19, .ofs_x = 1, .ofs_y = 0},
    {.bitmap_index = 10113, .adv_w = 283, .box_w = 16, .box_h = 14, .ofs_x = 1, .ofs_y = 0},
    {.bitmap_index = 10141, .adv_w = 369, .box_w = 20, .box_h = 19, .ofs_x = 2, .ofs_y = 0},
    {.bitmap_index = 10189, .adv_w = 289, .box_w = 15, .box_h = 14, .ofs_x = 2, .ofs_y = 0},
    {.bitmap_index = 10216, .adv_w = 288, .box_w = 18, .box_h = 24, .ofs_x = 0, .ofs_y = 0},
    {.bitmap_index = 10270, .adv_w = 240, .box_w = 13, .box_h = 19, .ofs_x = 1, .ofs_y = 0},
    {.bitmap_index = 10301, .adv_w = 120, .box_w = 8, .box_h = 24, .ofs_x = 0, .ofs_y = 0},
    {.bitmap_index = 10325, .adv_w = 96, .box_w = 8, .box_h = 19, .ofs_x = -1, .ofs_y = 0},
    {.bitmap_index = 10344, .adv_w = 336, .box_w = 18, .box_h = 24, .ofs_x = 1, .ofs_y = 0},
    {.bitmap_index = 10398, .adv_w = 240, .box_w = 13, .box_h = 19, .ofs_x = 1, .ofs_y = 0},
    {.bitmap_index = 10429, .adv_w = 312, .box_w = 15, .box_h = 24, .ofs_x = 2, .ofs_y = 0},
    {.bitmap_index = 10474, .adv_w = 240, .box_w = 11, .box_h = 19, .ofs_x = 2, .ofs_y = 0},
    {.bitmap_index = 10501, .adv_w = 312, .box_w = 15, .box_h = 24, .ofs_x = 2, .ofs_y = 0},
    {.bitmap_index = 10546, .adv_w = 240, .box_w = 11, .box_h = 23, .ofs_x = 2, .ofs_y = 0},
    {.bitmap_index = 10578, .adv_w = 312, .box_w = 15, .box_h = 24, .ofs_x = 2, .ofs_y = 0},
    {.bitmap_index = 10623, .adv_w = 240, .box_w = 11, .box_h = 24, .ofs_x = 2, .ofs_y = 0},
    {.bitmap_index = 10656, .adv_w = 312, .box_w = 15, .box_h = 24, .ofs_x = 2, .ofs_y = 0},
    {.bitmap_index = 10701, .adv_w = 240, .box_w = 11, .box_h = 24, .ofs_x = 2, .ofs_y = 0},
    {.bitmap_index = 10734, .adv_w = 312, .box_w = 15, .box_h = 24, .ofs_x = 2, .ofs_y = 0},
    {.bitmap_index = 10779, .adv_w = 240, .box_w = 11, .box_h = 24, .ofs_x = 2, .ofs_y = 0},
    {.bitmap_index = 10812, .adv_w = 288, .box_w = 18, .box_h = 26, .ofs_x = 0, .ofs_y = 0},
    {.bitmap_index = 10871, .adv_w = 240, .box_w = 13, .box_h = 25, .ofs_x = 1, .ofs_y = 0},
    {.bitmap_index = 10912, .adv_w = 432, .box_w = 26, .box_h = 23, .ofs_x = 0, .ofs_y = 0},
    {.bitmap_index = 10987, .adv_w = 384, .box_w = 22, .box_h = 19, .ofs_x = 1, .ofs_y = 0},
    {.bitmap_index = 11040, .adv_w = 336, .box_w = 18, .box_h = 24, .ofs_x = 1, .ofs_y = 0},
    {.bitmap_index = 11094, .adv_w = 264, .box_w = 13, .box_h = 20, .ofs_x = 2, .ofs_y = -1},
    {.bitmap_index = 11127, .adv_w = 240, .box_w = 13, .box_h = 14, .ofs_x = 1, .ofs_y = 0},
    {.bitmap_index = 11150, .adv_w = 144, .box_w = 9, .box_h = 4, .ofs_x = 0, .ofs_y = 15},
    {.bitmap_index = 11155, .adv_w = 144, .box_w = 8, .box_h = 4, .ofs_x = 1, .ofs_y = 15},
    {.bitmap_index = 11159, .adv_w = 144, .box_w = 8, .box_h = 2, .ofs_x = 1, .ofs_y = 16},
    {.bitmap_index = 11161, .adv_w = 144, .box_w = 7, .box_h = 4, .ofs_x = 1, .ofs_y = 16},
    {.bitmap_index = 11165, .adv_w = 144, .box_w = 3, .box_h = 3, .ofs_x = 3, .ofs_y = 15},
    {.bitmap_index = 11167, .adv_w = 144, .box_w = 5, .box_h = 5, .ofs_x = 2, .ofs_y = 15},
    {.bitmap_index = 11171, .adv_w = 144, .box_w = 6, .box_h = 6, .ofs_x = 2, .ofs_y = -5},
    {.bitmap_index = 11176, .adv_w = 144, .box_w = 9, .box_h = 3, .ofs_x = 1, .ofs_y = 16},
    {.bitmap_index = 11180, .adv_w = 144, .box_w = 9, .box_h = 3, .ofs_x = 1, .ofs_y = 15},
    {.bitmap_index = 11184, .adv_w = 0, .box_w = 5, .box_h = 3, .ofs_x = -7, .ofs_y = 20},
    {.bitmap_index = 11186, .adv_w = 0, .box_w = 5, .box_h = 3, .ofs_x = -5, .ofs_y = 20},
    {.bitmap_index = 11188, .adv_w = 0, .box_w = 9, .box_h = 3, .ofs_x = -12, .ofs_y = 20},
    {.bitmap_index = 11192, .adv_w = 0, .box_w = 6, .box_h = 5, .ofs_x = -6, .ofs_y = 19},
    {.bitmap_index = 11196, .adv_w = 0, .box_w = 2, .box_h = 2, .ofs_x = -10, .ofs_y = -4},
    {.bitmap_index = 11197, .adv_w = 120, .box_w = 2, .box_h = 18, .ofs_x = 2, .ofs_y = -4},
    {.bitmap_index = 11202, .adv_w = 144, .box_w = 5, .box_h = 3, .ofs_x = 3, .ofs_y = 15},
    {.bitmap_index = 11204, .adv_w = 144, .box_w = 9, .box_h = 4, .ofs_x = 0, .ofs_y = 16},
    {.bitmap_index = 11209, .adv_w = 288, .box_w = 18, .box_h = 19, .ofs_x = 0, .ofs_y = 0},
    {.bitmap_index = 11252, .adv_w = 120, .box_w = 2, .box_h = 2, .ofs_x = 2, .ofs_y = 12},
    {.bitmap_index = 11253, .adv_w = 339, .box_w = 21, .box_h = 19, .ofs_x = -1, .ofs_y = 0},
    {.bitmap_index = 11303, .adv_w = 362, .box_w = 21, .box_h = 19, .ofs_x = -1, .ofs_y = 0},
    {.bitmap_index = 11353, .adv_w = 166, .box_w = 8, .box_h = 19, .ofs_x = -1, .ofs_y = 0},
    {.bitmap_index = 11372, .adv_w = 335, .box_w = 20, .box_h = 19, .ofs_x = -1, .ofs_y = 0},
    {.bitmap_index = 11420, .adv_w = 370, .box_w = 24, .box_h = 19, .ofs_x = -2, .ofs_y = 0},
    {.bitmap_index = 11477, .adv_w = 325, .box_w = 19, .box_h = 19, .ofs_x = -1, .ofs_y = 0},
    {.bitmap_index = 11523, .adv_w = 96, .box_w = 10, .box_h = 20, .ofs_x = -2, .ofs_y = 0},
    {.bitmap_index = 11548, .adv_w = 288, .box_w = 18, .box_h = 19, .ofs_x = 0, .ofs_y = 0},
    {.bitmap_index = 11591, .adv_w = 288, .box_w = 14, .box_h = 19, .ofs_x = 2, .ofs_y = 0},
    {.bitmap_index = 11625, .adv_w = 238, .box_w = 12, .box_h = 19, .ofs_x = 2, .ofs_y = 0},
    {.bitmap_index = 11654, .adv_w = 289, .box_w = 18, .box_h = 19, .ofs_x = 0, .ofs_y = 0},
    {.bitmap_index = 11697, .adv_w = 288, .box_w = 15, .box_h = 19, .ofs_x = 2, .ofs_y = 0},
    {.bitmap_index = 11733, .adv_w = 264, .box_w = 15, .box_h = 19, .ofs_x = 1, .ofs_y = 0},
    {.bitmap_index = 11769, .adv_w = 312, .box_w = 15, .box_h = 19, .ofs_x = 2, .ofs_y = 0},
    {.bitmap_index = 11805, .adv_w = 336, .box_w = 18, .box_h = 19, .ofs_x = 1, .ofs_y = 0},
    {.bitmap_index = 11848, .adv_w = 120, .box_w = 2, .box_h = 19, .ofs_x = 3, .ofs_y = 0},
    {.bitmap_index = 11853, .adv_w = 288, .box_w = 15, .box_h = 19, .ofs_x = 2, .ofs_y = 0},
    {.bitmap_index = 11889, .adv_w = 289, .box_w = 18, .box_h = 19, .ofs_x = 0, .ofs_y = 0},
    {.bitmap_index = 11932, .adv_w = 360, .box_w = 18, .box_h = 19, .ofs_x = 2, .ofs_y = 0},
    {.bitmap_index = 11975, .adv_w = 312, .box_w = 15, .box_h = 19, .ofs_x = 2, .ofs_y = 0},
    {.bitmap_index = 12011, .adv_w = 281, .box_w = 15, .box_h = 19, .ofs_x = 1, .ofs_y = 0},
    {.bitmap_index = 12047, .adv_w = 336, .box_w = 18, .box_h = 19, .ofs_x = 1, .ofs_y = 0},
    {.bitmap_index = 12090, .adv_w = 312, .box_w = 15, .box_h = 19, .ofs_x = 2, .ofs_y = 0},
    {.bitmap_index = 12126, .adv_w = 288, .box_w = 14, .box_h = 19, .ofs_x = 2, .ofs_y = 0},
    {.bitmap_index = 12160, .adv_w = 267, .box_w = 14, .box_h = 19, .ofs_x = 2, .ofs_y = 0},
    {.bitmap_index = 12194, .adv_w = 264, .box_w = 15, .box_h = 19, .ofs_x = 1, .ofs_y = 0},
    {.bitmap_index = 12230, .adv_w = 288, .box_w = 17, .box_h = 19, .ofs_x = 1, .ofs_y = 0},
    {.bitmap_index = 12271, .adv_w = 345, .box_w = 20, .box_h = 20, .ofs_x = 1, .ofs_y = -1},
    {.bitmap_index = 12321, .adv_w = 288, .box_w = 18, .box_h = 19, .ofs_x = 0, .ofs_y = 0},
    {.bitmap_index = 12364, .adv_w = 361, .box_w = 20, .box_h = 19, .ofs_x = 2, .ofs_y = 0},
    {.bitmap_index = 12412, .adv_w = 323, .box_w = 16, .box_h = 19, .ofs_x = 1, .ofs_y = 0},
    {.bitmap_index = 12450, .adv_w = 120, .box_w = 7, .box_h = 22, .ofs_x = 1, .ofs_y = 0},
    {.bitmap_index = 12470, .adv_w = 288, .box_w = 18, .box_h = 22, .ofs_x = 0, .ofs_y = 0},
    {.bitmap_index = 12520, .adv_w = 250, .box_w = 14, .box_h = 19, .ofs_x = 1, .ofs_y = 0},
    {.bitmap_index = 12554, .adv_w = 193, .box_w = 10, .box_h = 19, .ofs_x = 1, .ofs_y = 0},
    {.bitmap_index = 12578, .adv_w = 240, .box_w = 11, .box_h = 24, .ofs_x = 2, .ofs_y = -5},
    {.bitmap_index = 12611, .adv_w = 96, .box_w = 5, .box_h = 19, .ofs_x = 1, .ofs_y = 0},
    {.bitmap_index = 12623, .adv_w = 236, .box_w = 11, .box_h = 20, .ofs_x = 2, .ofs_y = 0},
    {.bitmap_index = 12651, .adv_w = 250, .box_w = 14, .box_h = 14, .ofs_x = 1, .ofs_y = 0},
    {.bitmap_index = 12676, .adv_w = 248, .box_w = 12, .box_h = 24, .ofs_x = 2, .ofs_y = -5},
    {.bitmap_index = 12712, .adv_w = 216, .box_w = 12, .box_h = 19, .ofs_x = 1, .ofs_y = -5},
    {.bitmap_index = 12741, .adv_w = 240, .box_w = 13, .box_h = 19, .ofs_x = 1, .ofs_y = 0},
    {.bitmap_index = 12772, .adv_w = 193, .box_w = 10, .box_h = 14, .ofs_x = 1, .ofs_y = 0},
    {.bitmap_index = 12790, .adv_w = 190, .box_w = 11, .box_h = 24, .ofs_x = 1, .ofs_y = -5},
    {.bitmap_index = 12823, .adv_w = 240, .box_w = 11, .box_h = 19, .ofs_x = 2, .ofs_y = -5},
    {.bitmap_index = 12850, .adv_w = 240, .box_w = 12, .box_h = 19, .ofs_x = 1, .ofs_y = 0},
    {.bitmap_index = 12879, .adv_w = 96, .box_w = 2, .box_h = 14, .ofs_x = 2, .ofs_y = 0},
    {.bitmap_index = 12883, .adv_w = 216, .box_w = 11, .box_h = 14, .ofs_x = 2, .ofs_y = 0},
    {.bitmap_index = 12903, .adv_w = 216, .box_w = 13, .box_h = 19, .ofs_x = 0, .ofs_y = 0},
    {.bitmap_index = 12934, .adv_w = 249, .box_w = 11, .box_h = 19, .ofs_x = 2, .ofs_y = -5},
    {.bitmap_index = 12961, .adv_w = 216, .box_w = 13, .box_h = 14, .ofs_x = 0, .ofs_y = 0},
    {.bitmap_index = 12984, .adv_w = 193, .box_w = 10, .box_h = 24, .ofs_x = 1, .ofs_y = -5},
    {.bitmap_index = 13014, .adv_w = 240, .box_w = 13, .box_h = 14, .ofs_x = 1, .ofs_y = 0},
    {.bitmap_index = 13037, .adv_w = 298, .box_w = 17, .box_h = 14, .ofs_x = 1, .ofs_y = 0},
    {.bitmap_index = 13067, .adv_w = 246, .box_w = 12, .box_h = 19, .ofs_x = 2, .ofs_y = -5},
    {.bitmap_index = 13096, .adv_w = 208, .box_w = 12, .box_h = 19, .ofs_x = 1, .ofs_y = -5},
    {.bitmap_index = 13125, .adv_w = 267, .box_w = 15, .box_h = 14, .ofs_x = 1, .ofs_y = 0},
    {.bitmap_index = 13152, .adv_w = 171, .box_w = 9, .box_h = 14, .ofs_x = 1, .ofs_y = 0},
    {.bitmap_index = 13168, .adv_w = 236, .box_w = 11, .box_h = 14, .ofs_x = 2, .ofs_y = 0},
    {.bitmap_index = 13188, .adv_w = 280, .box_w = 15, .box_h = 19, .ofs_x = 1, .ofs_y = -5},
    {.bitmap_index = 13224, .adv_w = 227, .box_w = 14, .box_h = 19, .ofs_x = 0, .ofs_y = -5},
    {.bitmap_index = 13258, .adv_w = 308, .box_w = 16, .box_h = 19, .ofs_x = 2, .ofs_y = -5},
    {.bitmap_index = 13296, .adv_w = 337, .box_w = 18, .box_h = 14, .ofs_x = 1, .ofs_y = 0},
    {.bitmap_index = 13328, .adv_w = 96, .box_w = 8, .box_h = 19, .ofs_x = -1, .ofs_y = 0},
    {.bitmap_index = 13347, .adv_w = 236, .box_w = 11, .box_h = 19, .ofs_x = 2, .ofs_y = 0},
    {.bitmap_index = 13374, .adv_w = 240, .box_w = 13, .box_h = 19, .ofs_x = 1, .ofs_y = 0},
    {.bitmap_index = 13405, .adv_w = 236, .box_w = 11, .box_h = 19, .ofs_x = 2, .ofs_y = 0},
    {.bitmap_index = 13432, .adv_w = 337, .box_w = 18, .box_h = 19, .ofs_x = 1, .ofs_y = 0},
    {.bitmap_index = 13475, .adv_w = 288, .box_w = 15, .box_h = 22, .ofs_x = 2, .ofs_y = 0},
    {.bitmap_index = 13517, .adv_w = 374, .box_w = 21, .box_h = 19, .ofs_x = 1, .ofs_y = 0},
    {.bitmap_index = 13567, .adv_w = 234, .box_w = 13, .box_h = 23, .ofs_x = 2, .ofs_y = 0},
    {.bitmap_index = 13605, .adv_w = 311, .box_w = 17, .box_h = 19, .ofs_x = 1, .ofs_y = 0},
    {.bitmap_index = 13646, .adv_w = 288, .box_w = 15, .box_h = 19, .ofs_x = 1, .ofs_y = 0},
    {.bitmap_index = 13682, .adv_w = 120, .box_w = 2, .box_h = 19, .ofs_x = 3, .ofs_y = 0},
    {.bitmap_index = 13687, .adv_w = 120, .box_w = 7, .box_h = 22, .ofs_x = 1, .ofs_y = 0},
    {.bitmap_index = 13707, .adv_w = 216, .box_w = 10, .box_h = 19, .ofs_x = 1, .ofs_y = 0},
    {.bitmap_index = 13731, .adv_w = 457, .box_w = 27, .box_h = 19, .ofs_x = 0, .ofs_y = 0},
    {.bitmap_index = 13796, .adv_w = 436, .box_w = 24, .box_h = 19, .ofs_x = 2, .ofs_y = 0},
    {.bitmap_index = 13853, .adv_w = 369, .box_w = 21, .box_h = 19, .ofs_x = 1, .ofs_y = 0},
    {.bitmap_index = 13903, .adv_w = 252, .box_w = 14, .box_h = 23, .ofs_x = 2, .ofs_y = 0},
    {.bitmap_index = 13944, .adv_w = 274, .box_w = 17, .box_h = 24, .ofs_x = 0, .ofs_y = 0},
    {.bitmap_index = 13995, .adv_w = 311, .box_w = 15, .box_h = 24, .ofs_x = 2, .ofs_y = -5},
    {.bitmap_index = 14040, .adv_w = 288, .box_w = 18, .box_h = 19, .ofs_x = 0, .ofs_y = 0},
    {.bitmap_index = 14083, .adv_w = 284, .box_w = 15, .box_h = 19, .ofs_x = 2, .ofs_y = 0},
    {.bitmap_index = 14119, .adv_w = 288, .box_w = 14, .box_h = 19, .ofs_x = 2, .ofs_y = 0},
    {.bitmap_index = 14153, .adv_w = 234, .box_w = 13, .box_h = 19, .ofs_x = 2, .ofs_y = 0},
    {.bitmap_index = 14184, .adv_w = 293, .box_w = 17, .box_h = 23, .ofs_x = 0, .ofs_y = -4},
    {.bitmap_index = 14233, .adv_w = 288, .box_w = 15, .box_h = 19, .ofs_x = 2, .ofs_y = 0},
    {.bitmap_index = 14269, .adv_w = 399, .box_w = 25, .box_h = 19, .ofs_x = 1, .ofs_y = 0},
    {.bitmap_index = 14329, .adv_w = 261, .box_w = 14, .box_h = 19, .ofs_x = 1, .ofs_y = 0},
    {.bitmap_index = 14363, .adv_w = 311, .box_w = 15, .box_h = 19, .ofs_x = 2, .ofs_y = 0},
    {.bitmap_index = 14399, .adv_w = 311, .box_w = 15, .box_h = 24, .ofs_x = 2, .ofs_y = 0},
    {.bitmap_index = 14444, .adv_w = 252, .box_w = 14, .box_h = 19, .ofs_x = 2, .ofs_y = 0},
    {.bitmap_index = 14478, .adv_w = 284, .box_w = 15, .box_h = 19, .ofs_x = 0, .ofs_y = 0},
    {.bitmap_index = 14514, .adv_w = 360, .box_w = 18, .box_h = 19, .ofs_x = 2, .ofs_y = 0},
    {.bitmap_index = 14557, .adv_w = 312, .box_w = 15, .box_h = 19, .ofs_x = 2, .ofs_y = 0},
    {.bitmap_index = 14593, .adv_w = 336, .box_w = 18, .box_h = 19, .ofs_x = 1, .ofs_y = 0},
    {.bitmap_index = 14636, .adv_w = 311, .box_w = 15, .box_h = 19, .ofs_x = 2, .ofs_y = 0},
    {.bitmap_index = 14672, .adv_w = 288, .box_w = 14, .box_h = 19, .ofs_x = 2, .ofs_y = 0},
    {.bitmap_index = 14706, .adv_w = 312, .box_w = 16, .box_h = 19, .ofs_x = 1, .ofs_y = 0},
    {.bitmap_index = 14744, .adv_w = 264, .box_w = 15, .box_h = 19, .ofs_x = 1, .ofs_y = 0},
    {.bitmap_index = 14780, .adv_w = 274, .box_w = 17, .box_h = 19, .ofs_x = 0, .ofs_y = 0},
    {.bitmap_index = 14821, .adv_w = 328, .box_w = 18, .box_h = 19, .ofs_x = 1, .ofs_y = 0},
    {.bitmap_index = 14864, .adv_w = 288, .box_w = 18, .box_h = 19, .ofs_x = 0, .ofs_y = 0},
    {.bitmap_index = 14907, .adv_w = 320, .box_w = 17, .box_h = 24, .ofs_x = 2, .ofs_y = -5},
    {.bitmap_index = 14958, .adv_w = 288, .box_w = 14, .box_h = 19, .ofs_x = 1, .ofs_y = 0},
    {.bitmap_index = 14992, .adv_w = 396, .box_w = 20, .box_h = 19, .ofs_x = 2, .ofs_y = 0},
    {.bitmap_index = 15040, .adv_w = 405, .box_w = 22, .box_h = 24, .ofs_x = 2, .ofs_y = -5},
    {.bitmap_index = 15106, .adv_w = 342, .box_w = 21, .box_h = 19, .ofs_x = 0, .ofs_y = 0},
    {.bitmap_index = 15156, .adv_w = 382, .box_w = 19, .box_h = 19, .ofs_x = 2, .ofs_y = 0},
    {.bitmap_index = 15202, .adv_w = 284, .box_w = 15, .box_h = 19, .ofs_x = 2, .ofs_y = 0},
    {.bitmap_index = 15238, .adv_w = 311, .box_w = 17, .box_h = 19, .ofs_x = 1, .ofs_y = 0},
    {.bitmap_index = 15279, .adv_w = 436, .box_w = 23, .box_h = 19, .ofs_x = 2, .ofs_y = 0},
    {.bitmap_index = 15334, .adv_w = 312, .box_w = 17, .box_h = 19, .ofs_x = 0, .ofs_y = 0},
    {.bitmap_index = 15375, .adv_w = 240, .box_w = 13, .box_h = 14, .ofs_x = 1, .ofs_y = 0},
    {.bitmap_index = 15398, .adv_w = 247, .box_w = 13, .box_h = 19, .ofs_x = 1, .ofs_y = 0},
    {.bitmap_index = 15429, .adv_w = 230, .box_w = 11, .box_h = 14, .ofs_x = 2, .ofs_y = 0},
    {.bitmap_index = 15449, .adv_w = 158, .box_w = 8, .box_h = 14, .ofs_x = 2, .ofs_y = 0},
    {.bitmap_index = 15463, .adv_w = 252, .box_w = 15, .box_h = 18, .ofs_x = 0, .ofs_y = -4},
    {.bitmap_index = 15497, .adv_w = 240, .box_w = 13, .box_h = 14, .ofs_x = 1, .ofs_y = 0},
    {.bitmap_index = 15520, .adv_w = 289, .box_w = 19, .box_h = 14, .ofs_x = 0, .ofs_y = 0},
    {.bitmap_index = 15554, .adv_w = 198, .box_w = 11, .box_h = 14, .ofs_x = 0, .ofs_y = 0},
    {.bitmap_index = 15574, .adv_w = 241, .box_w = 11, .box_h = 14, .ofs_x = 2, .ofs_y = 0},
    {.bitmap_index = 15594, .adv_w = 241, .box_w = 11, .box_h = 19, .ofs_x = 2, .ofs_y = 0},
    {.bitmap_index = 15621, .adv_w = 189, .box_w = 10, .box_h = 14, .ofs_x = 2, .ofs_y = 0},
    {.bitmap_index = 15639, .adv_w = 252, .box_w = 14, .box_h = 14, .ofs_x = 0, .ofs_y = 0},
    {.bitmap_index = 15664, .adv_w = 297, .box_w = 15, .box_h = 14, .ofs_x = 2, .ofs_y = 0},
    {.bitmap_index = 15691, .adv_w = 239, .box_w = 11, .box_h = 14, .ofs_x = 2, .ofs_y = 0},
    {.bitmap_index = 15711, .adv_w = 240, .box_w = 13, .box_h = 14, .ofs_x = 1, .ofs_y = 0},
    {.bitmap_index = 15734, .adv_w = 234, .box_w = 11, .box_h = 14, .ofs_x = 2, .ofs_y = 0},
    {.bitmap_index = 15754, .adv_w = 240, .box_w = 12, .box_h = 19, .ofs_x = 2, .ofs_y = -5},
    {.bitmap_index = 15783, .adv_w = 216, .box_w = 12, .box_h = 14, .ofs_x = 1, .ofs_y = 0},
    {.bitmap_index = 15804, .adv_w = 198, .box_w = 11, .box_h = 14, .ofs_x = 1, .ofs_y = 0},
    {.bitmap_index = 15824, .adv_w = 216, .box_w = 13, .box_h = 19, .ofs_x = 0, .ofs_y = -5},
    {.bitmap_index = 15855, .adv_w = 355, .box_w = 20, .box_h = 24, .ofs_x = 1, .ofs_y = -5},
    {.bitmap_index = 15915, .adv_w = 216, .box_w = 13, .box_h = 14, .ofs_x = 0, .ofs_y = 0},
    {.bitmap_index = 15938, .adv_w = 247, .box_w = 13, .box_h = 18, .ofs_x = 2, .ofs_y = -4},
    {.bitmap_index = 15968, .adv_w = 225, .box_w = 11, .box_h = 14, .ofs_x = 1, .ofs_y = 0},
    {.bitmap_index = 15988, .adv_w = 347, .box_w = 18, .box_h = 14, .ofs_x = 2, .ofs_y = 0},
    {.bitmap_index = 16020, .adv_w = 355, .box_w = 20, .box_h = 18, .ofs_x = 2, .ofs_y = -4},
    {.bitmap_index = 16065, .adv_w = 270, .box_w = 15, .box_h = 14, .ofs_x = 1, .ofs_y = 0},
    {.bitmap_index = 16092, .adv_w = 311, .box_w = 15, .box_h = 14, .ofs_x = 2, .ofs_y = 0},
    {.bitmap_index = 16119, .adv_w = 225, .box_w = 11, .box_h = 14, .ofs_x = 2, .ofs_y = 0},
    {.bitmap_index = 16139, .adv_w = 220, .box_w = 12, .box_h = 14, .ofs_x = 0, .ofs_y = 0},
    {.bitmap_index = 16160, .adv_w = 324, .box_w = 17, .box_h = 14, .ofs_x = 2, .ofs_y = 0},
    {.bitmap_index = 16190, .adv_w = 234, .box_w = 12, .box_h = 14, .ofs_x = 0, .ofs_y = 0},
    {.bitmap_index = 16211, .adv_w = 240, .box_w = 13, .box_h = 19, .ofs_x = 1, .ofs_y = 0},
    {.bitmap_index = 16242, .adv_w = 240, .box_w = 13, .box_h = 24, .ofs_x = 0, .ofs_y = -5},
    {.bitmap_index = 16281, .adv_w = 158, .box_w = 8, .box_h = 19, .ofs_x = 2, .ofs_y = 0},
    {.bitmap_index = 16300, .adv_w = 220, .box_w = 12, .box_h = 14, .ofs_x = 1, .ofs_y = 0},
    {.bitmap_index = 16321, .adv_w = 216, .box_w = 12, .box_h = 14, .ofs_x = 0, .ofs_y = 0},
    {.bitmap_index = 16342, .adv_w = 96, .box_w = 2, .box_h = 19, .ofs_x = 2, .ofs_y = 0},
    {.bitmap_index = 16347, .adv_w = 120, .box_w = 8, .box_h = 19, .ofs_x = 1, .ofs_y = 0},
    {.bitmap_index = 16366, .adv_w = 96, .box_w = 5, .box_h = 24, .ofs_x = -1, .ofs_y = -5},
    {.bitmap_index = 16381, .adv_w = 392, .box_w = 23, .box_h = 14, .ofs_x = 1, .ofs_y = 0},
    {.bitmap_index = 16422, .adv_w = 351, .box_w = 19, .box_h = 14, .ofs_x = 2, .ofs_y = 0},
    {.bitmap_index = 16456, .adv_w = 240, .box_w = 13, .box_h = 19, .ofs_x = 0, .ofs_y = 0},
    {.bitmap_index = 16487, .adv_w = 189, .box_w = 10, .box_h = 19, .ofs_x = 2, .ofs_y = 0},
    {.bitmap_index = 16511, .adv_w = 216, .box_w = 13, .box_h = 24, .ofs_x = 0, .ofs_y = -5},
    {.bitmap_index = 16550, .adv_w = 239, .box_w = 11, .box_h = 18, .ofs_x = 2, .ofs_y = -4},
    {.bitmap_index = 16575, .adv_w = 211, .box_w = 10, .box_h = 24, .ofs_x = 2, .ofs_y = 0},
    {.bitmap_index = 16605, .adv_w = 178, .box_w = 8, .box_h = 19, .ofs_x = 2, .ofs_y = 0},
    {.bitmap_index = 16624, .adv_w = 234, .box_w = 15, .box_h = 19, .ofs_x = 0, .ofs_y = 0},
    {.bitmap_index = 16660, .adv_w = 158, .box_w = 10, .box_h = 14, .ofs_x = 1, .ofs_y = 0},
    {.bitmap_index = 16678, .adv_w = 399, .box_w = 24, .box_h = 24, .ofs_x = 1, .ofs_y = -5},
    {.bitmap_index = 16750, .adv_w = 289, .box_w = 18, .box_h = 18, .ofs_x = 0, .ofs_y = -4},
    {.bitmap_index = 16791, .adv_w = 252, .box_w = 13, .box_h = 24, .ofs_x = 2, .ofs_y = -5},
    {.bitmap_index = 16830, .adv_w = 189, .box_w = 10, .box_h = 18, .ofs_x = 2, .ofs_y = -4},
    {.bitmap_index = 16853, .adv_w = 252, .box_w = 14, .box_h = 19, .ofs_x = 2, .ofs_y = 0},
    {.bitmap_index = 16887, .adv_w = 189, .box_w = 10, .box_h = 14, .ofs_x = 2, .ofs_y = 0},
    {.bitmap_index = 16905, .adv_w = 312, .box_w = 17, .box_h = 24, .ofs_x = 2, .ofs_y = -5},
    {.bitmap_index = 16956, .adv_w = 239, .box_w = 13, .box_h = 18, .ofs_x = 2, .ofs_y = -4},
    {.bitmap_index = 16986, .adv_w = 240, .box_w = 14, .box_h = 19, .ofs_x = 0, .ofs_y = 0},
    {.bitmap_index = 17020, .adv_w = 216, .box_w = 12, .box_h = 19, .ofs_x = 1, .ofs_y = -5},
    {.bitmap_index = 17049, .adv_w = 240, .box_w = 15, .box_h = 19, .ofs_x = 0, .ofs_y = 0},
    {.bitmap_index = 17085, .adv_w = 216, .box_w = 13, .box_h = 19, .ofs_x = 0, .ofs_y = -5},
    {.bitmap_index = 17116, .adv_w = 288, .box_w = 17, .box_h = 24, .ofs_x = 1, .ofs_y = -5},
    {.bitmap_index = 17167, .adv_w = 216, .box_w = 13, .box_h = 18, .ofs_x = 0, .ofs_y = -4},
    {.bitmap_index = 17197, .adv_w = 288, .box_w = 14, .box_h = 19, .ofs_x = 1, .ofs_y = 0},
    {.bitmap_index = 17231, .adv_w = 225, .box_w = 11, .box_h = 14, .ofs_x = 1, .ofs_y = 0},
    {.bitmap_index = 17251, .adv_w = 288, .box_w = 14, .box_h = 19, .ofs_x = 2, .ofs_y = 0},
    {.bitmap_index = 17285, .adv_w = 225, .box_w = 11, .box_h = 14, .ofs_x = 2, .ofs_y = 0},
    {.bitmap_index = 17305, .adv_w = 325, .box_w = 18, .box_h = 19, .ofs_x = 1, .ofs_y = 0},
    {.bitmap_index = 17348, .adv_w = 240, .box_w = 13, .box_h = 14, .ofs_x = 1, .ofs_y = 0},
    {.bitmap_index = 17371, .adv_w = 336, .box_w = 18, .box_h = 19, .ofs_x = 1, .ofs_y = 0},
    {.bitmap_index = 17414, .adv_w = 240, .box_w = 13, .box_h = 14, .ofs_x = 1, .ofs_y = 0}
};

/*---------------------
 *  CHARACTER MAPPING
 *--------------------*/

static const uint16_t unicode_list_2[] = {
    0x0, 0x3, 0x11, 0x12, 0x20, 0x21, 0x3e, 0x3f,
    0x40, 0x41, 0x42, 0x43, 0x44, 0x45, 0x46, 0x47,
    0x48, 0x49, 0x4a, 0x4b, 0x4c, 0x4d, 0x6b, 0x6c,
    0x6d, 0x6e, 0x6f, 0x70, 0xca, 0x137, 0x138, 0x13a,
    0x149, 0x14a, 0x14b, 0x14c, 0x14d, 0x14e, 0x171, 0x172,
    0x174, 0x17a, 0x194, 0x1ef, 0x1f5, 0x1f6, 0x1f7, 0x1f8,
    0x1f9, 0x1fa, 0x1fb, 0x1fd
};

static const uint16_t unicode_list_8[] = {
    0x0, 0x1, 0x32, 0x33, 0x34, 0x35, 0x38, 0x39,
    0x3c, 0x3d, 0x3e, 0x3f, 0x44, 0x45, 0x50, 0x51,
    0x52, 0x53, 0x54, 0x55, 0x5a, 0x5b, 0x5c, 0x5d,
    0x7a, 0x7b, 0x8a, 0x8b
};

/*Collect the unicode lists and glyph_id offsets*/
static const lv_font_fmt_txt_cmap_t cmaps[] =
{
    {
        .range_start = 32, .range_length = 95, .glyph_id_start = 1,
        .unicode_list = NULL, .glyph_id_ofs_list = NULL, .list_length = 0, .type = LV_FONT_FMT_TXT_CMAP_FORMAT0_TINY
    },
    {
        .range_start = 160, .range_length = 224, .glyph_id_start = 96,
        .unicode_list = NULL, .glyph_id_ofs_list = NULL, .list_length = 0, .type = LV_FONT_FMT_TXT_CMAP_FORMAT0_TINY
    },
    {
        .range_start = 399, .range_length = 510, .glyph_id_start = 320,
        .unicode_list = unicode_list_2, .glyph_id_ofs_list = NULL, .list_length = 52, .type = LV_FONT_FMT_TXT_CMAP_SPARSE_TINY
    },
    {
        .range_start = 910, .range_length = 20, .glyph_id_start = 372,
        .unicode_list = NULL, .glyph_id_ofs_list = NULL, .list_length = 0, .type = LV_FONT_FMT_TXT_CMAP_FORMAT0_TINY
    },
    {
        .range_start = 931, .range_length = 44, .glyph_id_start = 392,
        .unicode_list = NULL, .glyph_id_ofs_list = NULL, .list_length = 0, .type = LV_FONT_FMT_TXT_CMAP_FORMAT0_TINY
    },
    {
        .range_start = 1025, .range_length = 12, .glyph_id_start = 436,
        .unicode_list = NULL, .glyph_id_ofs_list = NULL, .list_length = 0, .type = LV_FONT_FMT_TXT_CMAP_FORMAT0_TINY
    },
    {
        .range_start = 1038, .range_length = 66, .glyph_id_start = 448,
        .unicode_list = NULL, .glyph_id_ofs_list = NULL, .list_length = 0, .type = LV_FONT_FMT_TXT_CMAP_FORMAT0_TINY
    },
    {
        .range_start = 1105, .range_length = 12, .glyph_id_start = 514,
        .unicode_list = NULL, .glyph_id_ofs_list = NULL, .list_length = 0, .type = LV_FONT_FMT_TXT_CMAP_FORMAT0_TINY
    },
    {
        .range_start = 1118, .range_length = 140, .glyph_id_start = 526,
        .unicode_list = unicode_list_8, .glyph_id_ofs_list = NULL, .list_length = 28, .type = LV_FONT_FMT_TXT_CMAP_SPARSE_TINY
    }
};

/*-----------------
 *    KERNING
 *----------------*/


/*Pair left and right glyphs for kerning*/
static const uint16_t kern_pair_glyph_ids[] =
{
    1, 34,
    1, 53,
    1, 58,
    1, 366,
    1, 375,
    1, 378,
    1, 385,
    1, 393,
    1, 394,
    1, 400,
    18, 18,
    34, 1,
    34, 53,
    34, 55,
    34, 56,
    34, 58,
    34, 87,
    34, 88,
    34, 90,
    34, 96,
    39, 13,
    39, 15,
    39, 34,
    45, 1,
    45, 53,
    45, 55,
    45, 56,
    45, 58,
    45, 90,
    45, 96,
    49, 1,
    49, 13,
    49, 15,
    49, 34,
    49, 96,
    51, 53,
    51, 55,
    51, 56,
    51, 58,
    53, 1,
    53, 13,
    53, 14,
    53, 15,
    53, 27,
    53, 28,
    53, 34,
    53, 48,
    53, 66,
    53, 68,
    53, 70,
    53, 74,
    53, 80,
    53, 83,
    53, 84,
    53, 86,
    53, 88,
    53, 90,
    53, 96,
    53, 109,
    53, 363,
    55, 13,
    55, 14,
    55, 15,
    55, 27,
    55, 28,
    55, 34,
    55, 66,
    55, 70,
    55, 74,
    55, 80,
    55, 83,
    55, 86,
    55, 90,
    55, 109,
    55, 363,
    56, 13,
    56, 14,
    56, 15,
    56, 27,
    56, 28,
    56, 34,
    56, 66,
    56, 70,
    56, 80,
    56, 83,
    56, 86,
    56, 90,
    56, 109,
    56, 363,
    58, 1,
    58, 13,
    58, 14,
    58, 15,
    58, 27,
    58, 28,
    58, 34,
    58, 66,
    58, 70,
    58, 74,
    58, 80,
    58, 81,
    58, 82,
    58, 86,
    58, 87,
    58, 96,
    58, 109,
    58, 363,
    71, 71,
    83, 13,
    83, 15,
    87, 13,
    87, 15,
    88, 13,
    88, 15,
    90, 13,
    90, 15,
    96, 34,
    96, 53,
    96, 58,
    96, 366,
    96, 375,
    96, 378,
    96, 385,
    96, 393,
    96, 394,
    96, 400,
    366, 382,
    366, 389,
    366, 393,
    366, 394,
    366, 395,
    366, 400,
    366, 408,
    366, 418,
    366, 428,
    371, 394,
    372, 374,
    372, 375,
    372, 378,
    372, 382,
    372, 385,
    372, 389,
    372, 395,
    372, 398,
    372, 403,
    372, 404,
    372, 406,
    372, 412,
    372, 414,
    372, 415,
    372, 417,
    372, 420,
    372, 424,
    372, 427,
    372, 431,
    372, 433,
    373, 394,
    373, 400,
    375, 1,
    375, 96,
    375, 382,
    375, 389,
    375, 393,
    375, 394,
    375, 395,
    375, 400,
    375, 408,
    375, 418,
    375, 428,
    377, 13,
    377, 15,
    377, 374,
    377, 375,
    377, 378,
    377, 385,
    377, 414,
    377, 431,
    378, 1,
    378, 96,
    378, 382,
    378, 389,
    378, 393,
    378, 394,
    378, 400,
    382, 375,
    382, 378,
    382, 385,
    382, 394,
    382, 400,
    384, 382,
    384, 389,
    384, 395,
    384, 401,
    384, 406,
    384, 409,
    384, 411,
    384, 413,
    384, 419,
    384, 420,
    384, 424,
    384, 427,
    384, 430,
    384, 433,
    384, 435,
    385, 1,
    385, 96,
    385, 382,
    385, 389,
    385, 393,
    385, 394,
    385, 400,
    389, 375,
    389, 378,
    389, 385,
    389, 394,
    389, 400,
    391, 1,
    391, 13,
    391, 15,
    391, 96,
    391, 375,
    391, 378,
    391, 385,
    392, 421,
    392, 425,
    393, 1,
    393, 13,
    393, 15,
    393, 27,
    393, 28,
    393, 96,
    393, 363,
    393, 374,
    393, 375,
    393, 378,
    393, 382,
    393, 385,
    393, 389,
    393, 395,
    393, 398,
    393, 401,
    393, 402,
    393, 405,
    393, 406,
    393, 408,
    393, 410,
    393, 412,
    393, 414,
    393, 417,
    393, 418,
    393, 420,
    393, 424,
    393, 426,
    393, 427,
    393, 428,
    393, 429,
    393, 431,
    393, 432,
    393, 433,
    393, 434,
    394, 1,
    394, 13,
    394, 14,
    394, 15,
    394, 27,
    394, 28,
    394, 96,
    394, 109,
    394, 363,
    394, 374,
    394, 375,
    394, 378,
    394, 382,
    394, 385,
    394, 389,
    394, 395,
    394, 398,
    394, 403,
    394, 404,
    394, 406,
    394, 408,
    394, 412,
    394, 414,
    394, 415,
    394, 417,
    394, 420,
    394, 424,
    394, 427,
    394, 431,
    394, 433,
    395, 375,
    395, 394,
    395, 400,
    397, 401,
    397, 406,
    397, 409,
    397, 413,
    397, 420,
    397, 424,
    397, 427,
    397, 430,
    397, 433,
    397, 435,
    398, 394,
    398, 400,
    400, 1,
    400, 96,
    400, 374,
    400, 375,
    400, 378,
    400, 382,
    400, 385,
    400, 389,
    400, 395,
    400, 398,
    400, 403,
    400, 404,
    400, 406,
    400, 412,
    400, 414,
    400, 415,
    400, 417,
    400, 420,
    400, 424,
    400, 427,
    400, 431,
    400, 433,
    409, 416,
    409, 421,
    409, 425,
    409, 428,
    411, 401,
    411, 403,
    411, 406,
    411, 408,
    411, 409,
    411, 412,
    411, 413,
    411, 414,
    411, 415,
    411, 418,
    411, 420,
    411, 421,
    411, 424,
    411, 425,
    411, 427,
    411, 430,
    411, 433,
    411, 435,
    413, 416,
    415, 401,
    415, 406,
    415, 409,
    415, 411,
    415, 413,
    415, 419,
    415, 420,
    415, 423,
    415, 424,
    415, 427,
    415, 430,
    415, 433,
    415, 435,
    416, 401,
    416, 406,
    416, 409,
    416, 419,
    416, 420,
    416, 423,
    416, 424,
    416, 426,
    416, 427,
    416, 430,
    416, 433,
    416, 434,
    416, 435,
    419, 401,
    419, 406,
    419, 409,
    419, 411,
    419, 419,
    419, 420,
    419, 423,
    419, 424,
    419, 427,
    419, 433,
    420, 416,
    420, 421,
    420, 425,
    420, 428,
    421, 401,
    421, 406,
    421, 411,
    421, 420,
    421, 423,
    421, 424,
    421, 427,
    421, 430,
    421, 435,
    422, 416,
    422, 421,
    422, 425,
    425, 401,
    425, 406,
    425, 409,
    425, 411,
    425, 420,
    425, 423,
    425, 424,
    425, 427,
    425, 430,
    425, 435,
    427, 416,
    427, 421,
    427, 425,
    427, 428,
    428, 401,
    428, 406,
    428, 409,
    428, 411,
    428, 420,
    428, 423,
    428, 424,
    428, 427,
    428, 430,
    428, 433,
    428, 435,
    430, 416,
    430, 421,
    430, 425,
    430, 428,
    433, 416,
    433, 421,
    433, 425,
    433, 428,
    435, 416,
    435, 421,
    435, 425,
    435, 428,
    438, 13,
    438, 15,
    438, 107,
    438, 123,
    450, 454,
    450, 457,
    450, 461,
    450, 464,
    450, 465,
    450, 467,
    450, 468,
    450, 469,
    450, 470,
    450, 473,
    450, 479,
    450, 482,
    450, 500,
    450, 501,
    450, 502,
    450, 511,
    451, 450,
    451, 457,
    451, 464,
    451, 467,
    451, 468,
    451, 469,
    451, 470,
    451, 471,
    451, 473,
    451, 476,
    451, 479,
    451, 481,
    451, 493,
    451, 501,
    452, 450,
    452, 454,
    452, 456,
    452, 457,
    452, 461,
    452, 464,
    452, 467,
    452, 468,
    452, 469,
    452, 470,
    452, 471,
    452, 473,
    452, 476,
    452, 481,
    452, 486,
    452, 494,
    452, 500,
    452, 501,
    452, 503,
    452, 505,
    452, 513,
    453, 13,
    453, 15,
    453, 107,
    453, 123,
    453, 450,
    453, 454,
    453, 457,
    453, 461,
    453, 462,
    453, 464,
    453, 467,
    453, 481,
    453, 482,
    453, 484,
    453, 486,
    453, 487,
    453, 490,
    453, 493,
    453, 494,
    453, 495,
    453, 496,
    453, 498,
    453, 501,
    453, 509,
    453, 510,
    453, 512,
    453, 513,
    454, 469,
    454, 470,
    454, 473,
    454, 489,
    454, 496,
    454, 501,
    455, 457,
    455, 499,
    456, 457,
    456, 464,
    456, 467,
    456, 468,
    456, 469,
    456, 476,
    456, 482,
    456, 487,
    456, 496,
    456, 501,
    457, 461,
    457, 464,
    457, 467,
    457, 468,
    457, 469,
    457, 470,
    457, 473,
    457, 481,
    460, 457,
    460, 464,
    460, 467,
    460, 469,
    460, 470,
    461, 470,
    461, 483,
    461, 501,
    462, 470,
    462, 473,
    462, 482,
    462, 487,
    462, 496,
    462, 499,
    462, 501,
    462, 505,
    462, 511,
    464, 450,
    464, 454,
    464, 456,
    464, 461,
    464, 469,
    464, 471,
    464, 473,
    464, 481,
    464, 486,
    464, 493,
    464, 503,
    466, 13,
    466, 15,
    466, 27,
    466, 28,
    466, 123,
    466, 363,
    466, 450,
    466, 454,
    466, 456,
    466, 457,
    466, 461,
    466, 462,
    466, 464,
    466, 467,
    466, 468,
    466, 469,
    466, 470,
    466, 471,
    466, 481,
    466, 482,
    466, 486,
    466, 487,
    466, 496,
    466, 511,
    466, 513,
    467, 450,
    467, 454,
    467, 457,
    467, 461,
    467, 462,
    467, 464,
    467, 468,
    467, 469,
    467, 471,
    467, 473,
    467, 476,
    467, 479,
    467, 482,
    467, 488,
    467, 505,
    468, 13,
    468, 15,
    468, 107,
    468, 123,
    468, 450,
    468, 454,
    468, 456,
    468, 457,
    468, 461,
    468, 464,
    468, 470,
    468, 481,
    468, 482,
    468, 484,
    468, 487,
    468, 490,
    468, 492,
    468, 493,
    468, 494,
    468, 496,
    468, 497,
    468, 498,
    468, 499,
    468, 501,
    468, 503,
    468, 507,
    468, 509,
    468, 510,
    468, 512,
    468, 513,
    469, 13,
    469, 15,
    469, 27,
    469, 28,
    469, 107,
    469, 123,
    469, 363,
    469, 450,
    469, 454,
    469, 457,
    469, 461,
    469, 464,
    469, 470,
    469, 479,
    469, 481,
    469, 483,
    469, 484,
    469, 485,
    469, 486,
    469, 487,
    469, 488,
    469, 489,
    469, 490,
    469, 491,
    469, 492,
    469, 493,
    469, 494,
    469, 495,
    469, 496,
    469, 497,
    469, 498,
    469, 499,
    469, 503,
    469, 504,
    469, 506,
    469, 507,
    469, 512,
    469, 513,
    470, 450,
    470, 454,
    470, 461,
    470, 468,
    470, 469,
    470, 473,
    470, 481,
    470, 493,
    471, 457,
    471, 464,
    471, 467,
    471, 470,
    471, 479,
    471, 496,
    471, 501,
    472, 464,
    472, 482,
    475, 482,
    475, 501,
    476, 481,
    478, 450,
    478, 454,
    478, 456,
    478, 457,
    478, 461,
    478, 462,
    478, 464,
    478, 467,
    478, 468,
    478, 471,
    478, 473,
    478, 479,
    478, 481,
    479, 454,
    479, 456,
    479, 457,
    479, 461,
    479, 471,
    479, 481,
    479, 486,
    479, 488,
    479, 493,
    479, 494,
    479, 513,
    480, 450,
    480, 454,
    480, 456,
    480, 461,
    480, 464,
    480, 467,
    480, 468,
    480, 471,
    480, 473,
    480, 486,
    480, 493,
    480, 494,
    482, 489,
    482, 500,
    482, 501,
    482, 505,
    483, 482,
    483, 486,
    483, 487,
    483, 488,
    483, 489,
    483, 493,
    483, 494,
    483, 499,
    483, 501,
    483, 502,
    483, 503,
    483, 505,
    483, 508,
    483, 511,
    483, 513,
    484, 482,
    484, 483,
    484, 486,
    484, 487,
    484, 488,
    484, 489,
    484, 493,
    484, 494,
    484, 496,
    484, 499,
    484, 500,
    484, 501,
    484, 502,
    484, 505,
    484, 508,
    484, 513,
    485, 13,
    485, 15,
    485, 482,
    485, 486,
    485, 487,
    485, 489,
    485, 493,
    485, 496,
    485, 499,
    485, 513,
    486, 508,
    486, 511,
    487, 483,
    487, 486,
    487, 488,
    487, 489,
    487, 493,
    487, 500,
    487, 501,
    487, 503,
    487, 505,
    488, 483,
    488, 501,
    488, 505,
    488, 508,
    489, 483,
    489, 486,
    489, 487,
    489, 489,
    489, 493,
    489, 496,
    489, 499,
    489, 501,
    489, 502,
    489, 505,
    489, 508,
    492, 482,
    492, 483,
    492, 487,
    492, 489,
    492, 493,
    492, 496,
    492, 499,
    492, 500,
    492, 501,
    492, 511,
    493, 496,
    493, 505,
    494, 483,
    494, 489,
    494, 501,
    496, 486,
    496, 488,
    496, 489,
    496, 493,
    496, 500,
    496, 501,
    496, 503,
    496, 505,
    498, 486,
    498, 489,
    498, 493,
    498, 500,
    498, 501,
    498, 503,
    498, 505,
    498, 513,
    499, 488,
    499, 496,
    499, 505,
    499, 511,
    500, 13,
    500, 15,
    500, 482,
    500, 486,
    500, 487,
    500, 488,
    500, 493,
    500, 496,
    500, 499,
    500, 501,
    501, 13,
    501, 15,
    501, 123,
    501, 482,
    501, 483,
    501, 486,
    501, 487,
    501, 488,
    501, 493,
    501, 494,
    501, 496,
    501, 498,
    501, 499,
    501, 502,
    501, 511,
    501, 513,
    502, 483,
    502, 486,
    502, 493,
    502, 500,
    502, 501,
    502, 505,
    502, 513,
    503, 482,
    503, 483,
    503, 487,
    503, 489,
    503, 496,
    503, 499,
    503, 500,
    503, 502,
    503, 505,
    504, 487,
    504, 489,
    504, 496,
    504, 499,
    507, 487,
    507, 496,
    507, 501,
    510, 500,
    510, 505,
    511, 486,
    511, 487,
    511, 489,
    511, 493,
    511, 496,
    511, 500,
    511, 503,
    511, 513,
    512, 486,
    512, 488,
    512, 493,
    512, 494,
    512, 500,
    512, 503,
    512, 505,
    526, 13,
    526, 15,
    528, 13,
    528, 15,
    528, 27,
    528, 28,
    528, 107,
    528, 123,
    528, 363
};

/* Kerning between the respective left and right glyphs
 * 4.4 format which needs to scaled with `kern_scale`*/
static const int8_t kern_pair_values[] =
{
    -24, -8, -8, -24, -24, -24, -24, -8,
    -8, -8, -32, -24, -32, -32, -16, -32,
    -8, -8, -8, -24, -48, -48, -24, -16,
    -32, -32, -32, -32, -16, -16, -8, -56,
    -56, -32, -8, -8, -8, -8, -8, -8,
    -48, -24, -48, -48, -48, -32, -8, -48,
    -48, -48, -16, -48, -16, -48, -16, -24,
    -24, -8, -24, -48, -40, -24, -40, -16,
    -16, -32, -32, -24, -8, -24, -16, -16,
    -16, -24, -16, -24, -8, -24, -8, -8,
    -16, -16, -8, -8, -8, -8, -4, -8,
    -8, -8, -56, -40, -56, -24, -28, -32,
    -32, -40, -16, -40, -32, -40, -24, -24,
    -8, -40, -28, -8, -24, -24, -32, -32,
    -24, -24, -32, -32, -24, -8, -8, -24,
    -24, -24, -24, -8, -8, -8, -9, -9,
    -32, -32, -12, -32, -8, -8, -8, -14,
    36, -32, -32, -24, -32, -24, -24, -21,
    -32, -16, -39, -32, -16, -32, -32, -39,
    -39, -39, 21, -39, -10, -10, -24, -24,
    -9, -9, -32, -32, -12, -32, -8, -8,
    -8, -47, -47, 35, -40, -40, -40, -19,
    19, -24, -24, -9, -9, -25, -32, -32,
    -8, -8, -8, -14, -14, -13, -13, -24,
    -5, -5, -5, -5, -5, -5, -5, -5,
    -5, -5, -5, -5, -24, -24, -9, -9,
    -32, -32, -32, -8, -9, -8, -14, -14,
    -8, -55, -55, -8, -32, -32, -32, -21,
    -21, -8, -47, -47, -47, -47, -8, -47,
    40, -32, -32, -8, -32, -8, -8, -8,
    -47, -47, -38, -47, -38, -47, -32, -16,
    -32, -24, -47, -47, -37, -47, -24, -32,
    40, -38, -47, -38, -8, -55, -39, -55,
    -24, -24, -8, -39, -24, 40, -32, -32,
    -24, -32, -24, -24, -21, -32, -16, -39,
    -21, -32, -16, -32, -32, -39, -39, -39,
    26, -39, -12, -14, -14, -16, -16, -16,
    -8, -16, -16, -16, -16, -16, -16, -10,
    -10, -8, -8, 36, -32, -32, -24, -32,
    -24, -24, -21, -32, -16, -39, -32, -16,
    -32, -32, -39, -39, -39, 21, -39, -8,
    -6, -6, -12, -29, -8, -29, -18, -16,
    -8, -21, -8, -8, -18, -29, -18, -29,
    -18, -29, -29, -29, -29, -8, -5, -5,
    -5, -5, -5, -5, -5, -5, -5, -5,
    -5, -5, -5, -7, -7, -7, -7, -7,
    -10, -7, -10, -8, -7, -7, -10, -7,
    -12, -12, -12, -12, -12, -12, -12, -12,
    -12, -12, -8, -6, -6, -12, -6, -6,
    -6, -6, -6, -6, -6, -6, -6, -8,
    -6, -6, -6, -6, -6, -6, -6, -6,
    -6, -6, -6, -6, -8, -6, -6, -12,
    -12, -12, -12, -12, -12, -12, -12, -12,
    -12, -12, -12, -8, -6, -6, -12, -8,
    -6, -6, -12, -8, -6, -6, -12, -53,
    -53, -29, -29, 14, -5, 9, -9, -5,
    -9, -34, -19, -14, -34, -9, 5, -9,
    -5, 5, 9, -9, -5, -5, -5, -19,
    -10, -5, -9, -19, -14, -5, -5, -5,
    -9, -14, -9, -9, -14, -5, -14, -14,
    -29, -14, -14, -19, -19, -24, -14, -5,
    -5, -14, -5, -5, -14, -5, -53, -53,
    -29, -29, -29, -29, -9, -24, -10, -24,
    -19, -14, -24, -24, -29, -29, -24, -24,
    -24, -24, -29, -24, -29, -24, -24, -24,
    -29, 5, -9, -15, 14, 5, 9, -9,
    -5, -5, -9, -5, 5, 9, 9, 5,
    -5, -5, -5, -5, -5, -5, -9, -5,
    -5, -9, -5, -5, -5, -5, 5, -15,
    -5, 5, 5, -5, -5, 5, 5, 5,
    5, 5, -5, 5, -9, -9, -9, -5,
    -9, -19, -9, -9, -9, -5, -5, -82,
    -82, -9, -9, -24, -9, -29, -29, -5,
    -9, -24, -5, -9, -5, -19, -9, -5,
    -19, -9, -14, -34, -19, -19, -9, -14,
    -9, -9, -5, -14, -5, -9, -14, -14,
    -24, -14, -15, -5, 5, 9, -5, -48,
    -48, -19, -19, -14, -14, 5, -5, -9,
    -19, -14, -9, -19, -19, -24, -19, -19,
    -19, -19, -34, -19, -24, -24, -24, -19,
    -19, -19, -19, -19, -24, -57, -57, -9,
    -9, -19, -19, -9, -29, -19, -9, -14,
    -14, -14, -9, -9, -9, -24, -19, -34,
    -29, -14, -24, -19, -14, -19, -29, -19,
    -19, -29, -19, -19, -29, -19, -19, -19,
    -19, -19, -29, -9, -14, -14, -24, -19,
    -9, -15, -14, -9, -14, -14, -14, -15,
    -5, -9, -9, 9, 5, 9, -14, -9,
    -9, -14, -5, -15, -9, -9, -9, -43,
    -19, -34, -5, -19, -14, -5, -5, -14,
    -15, -9, -14, 5, -14, -5, -5, -14,
    -19, -9, -19, -5, -5, -24, -19, -14,
    -19, -19, -5, -5, -9, -5, -9, -10,
    -19, -5, -5, -9, -19, -9, -5, -9,
    -5, -14, -14, -14, -5, -9, -5, -5,
    -5, -5, -5, -5, -10, -5, -5, -5,
    -9, -9, -5, -19, -14, -5, -53, -53,
    -9, -19, -9, -5, -9, -9, -9, -5,
    -9, 5, -5, -9, -5, -9, -14, -14,
    -5, -9, -14, 5, 5, -5, 9, -5,
    -9, -5, -5, -5, -5, -5, -5, -5,
    -14, -9, 9, 9, 5, 5, 5, 5,
    5, 5, 5, 5, 5, -9, -5, -5,
    5, -9, -5, -5, -9, -9, -5, -5,
    -9, -10, -5, -15, -9, -5, -5, -9,
    -5, 5, 5, -5, 5, -48, -48, -5,
    -14, -5, 14, -9, -5, -5, 5, -43,
    -43, 5, -5, 5, -14, -5, 5, -9,
    -5, -5, -5, -5, -5, -5, -5, -5,
    -9, -9, -9, -5, -9, -5, -5, -5,
    -5, -5, -5, -5, -5, -5, -9, -5,
    -5, -5, -5, -5, -5, 5, -34, -29,
    -9, 5, -5, -9, 5, -9, -5, -5,
    -9, -5, -9, -5, -9, -5, -9, -43,
    -43, -53, -53, -9, -9, -34, -34, -9
};

/*Collect the kern pair's data in one place*/
static const lv_font_fmt_txt_kern_pair_t kern_pairs =
{
    .glyph_ids = kern_pair_glyph_ids,
    .values = kern_pair_values,
    .pair_cnt = 920,
    .glyph_ids_size = 1
};

/*--------------------
 *  ALL CUSTOM DATA
 *--------------------*/

static lv_font_fmt_txt_dsc_t font_dsc = {
    .glyph_bitmap = glyph_bitmap,
    .glyph_dsc = glyph_dsc,
    .cmaps = cmaps,
    .kern_dsc = &kern_pairs,
    .kern_scale = 16,
    .cmap_num = 9,
    .bpp = 1,
    .kern_classes = 0,
    .bitmap_format = 0,
};

/*-----------------
 *  PUBLIC FONT
 *----------------*/

/*Initialize a public general font descriptor*/
lv_font_t Arial_27 = {
    .name = "Arial_27",
    .line_height = 33,          /*The maximum line height required by the font*/
    .base_line = 7,             /*Baseline measured from the bottom of the line*/
    .dsc = &font_dsc,          /*The custom font data. Will be accessed by `get_glyph_bitmap/dsc` */
};

REGISTER_FONT(Arial_27);

#endif /*#if ARIAL_27*/
